timestamp,vins_x,vins_y,vins_z,gps_x,gps_y,gps_z,time_diff,error_x,error_y,error_z,error_2d,error_3d
1517155422.3179295,33.74698405268512,20.565471356177255,18.02256488635294,5.278955836263706,-1.9109845918722594,14.0,0.0652010440826416,28.468028216421416,22.476455948049516,4.022564886352939,36.271472295945976,36.49384510818908
1517155422.4183006,33.855578201317776,20.52665671926322,18.051031772413943,5.956066560994662,-1.9295378402909622,14.5,0.05260920524597168,27.899511640323112,22.45619455955418,3.5510317724139426,35.81429077707774,35.98990484168816
1517155422.5179296,33.97981515348417,20.481510066489793,18.152246533414747,5.956066560994662,-1.9295378402909622,14.5,0.04701972007751465,28.023748592489504,22.411047906780755,3.652246533414747,35.88294237454726,36.068330404884556
1517155422.6178963,34.1819929775574,20.39148316294279,18.28237131211162,6.670794548121576,-1.9480910887096656,15.100000000000001,0.031629085540771484,27.511198429435822,22.339574251652458,3.18237131211162,35.438998529429206,35.58159782720608
1517155422.7181954,34.39410395729804,20.28966395235476,18.4573116148048,6.670794548121576,-1.9480910887096656,15.100000000000001,0.06867003440856934,27.723309409176466,22.23775504106443,3.3573116148048,35.54011302547192,35.6983357475138
1517155422.818547,34.90423672991722,20.094077371917777,18.84961733166307,7.460757060574977,-1.9295378402909622,15.600000000000001,0.036607980728149414,27.443479669342246,22.02361521220874,3.2496173316630674,35.187841698192194,35.33757513156892
1517155422.91794,35.186160735870075,19.967326513413582,19.062290677227306,7.460757060574977,-1.9295378402909622,15.600000000000001,0.06278491020202637,27.725403675295098,21.896864353704544,3.4622906772273048,35.32945906014701,35.49870609214114
1517155423.0179625,35.50385868972621,19.844167010473836,19.315371610487418,8.300875922889656,-1.9109845918722594,16.1,0.04362845420837402,27.202982766836552,21.755151602346096,3.2153716104874164,34.832296689335145,34.98038746565562
1517155423.1182275,35.76583185950272,19.742327354449447,19.51294460839914,8.300875922889656,-1.9109845918722594,16.1,0.05663657188415527,27.464955936613062,21.653311946321708,3.412944608399137,34.97412933647978,35.14026058162939
1517155423.2181852,35.887680778573085,19.71480325716184,19.63783168777658,9.19115113506561,-1.85532484661615,16.6,0.03768634796142578,26.696529643507475,21.57012810377799,3.0378316877765776,34.321642172542774,34.455820158332116
1517155423.3188477,36.3213689500477,19.574818246572526,19.961125973898575,9.19115113506561,-1.85532484661615,16.6,0.06297612190246582,27.13021781498209,21.430143093188676,3.3611259738985737,34.57310734780595,34.736103976919026
1517155423.418542,36.57224811548808,19.530946033707576,20.157054219178814,10.144121785102733,-1.7811118529413372,17.200000000000003,0.03502202033996582,26.428126330385346,21.312057886648912,2.9570542191788114,33.9506947307221,34.07922889905
1517155423.5186431,36.84536703201408,19.47046577396619,20.36085358737789,10.144121785102733,-1.7811118529413372,17.200000000000003,0.0650792121887207,26.70124524691135,21.251577626907526,3.1608535873778862,34.12603184327446,34.27210301059773
1517155423.6182694,37.259113699354835,19.371006499899515,20.626072915129694,11.147248785001135,-1.6883456108478216,17.700000000000003,0.04521536827087402,26.1118649143537,21.059352110747337,2.9260729151296907,33.545876059955475,33.67324907600319
1517155423.7182145,37.60444686176389,19.29345036337798,20.829198511525913,11.147248785001135,-1.6883456108478216,17.700000000000003,0.05472970008850098,26.457198076762754,20.9817959742258,3.12919851152591,33.76713035448966,33.911811743132105
1517155423.8179493,37.963738116753134,19.196300599777693,21.02287206709464,12.21307122222613,-1.5770261195446302,18.200000000000003,0.04326796531677246,25.750666894527004,20.773326719322323,2.822872067094636,33.08516205945801,33.20536937315685
1517155423.9181037,38.36229702752091,19.06998381531165,21.221463742297345,12.21307122222613,-1.5770261195446302,18.200000000000003,0.05688643455505371,26.14922580529478,20.647009934856282,3.0214637422973425,33.3178785258958,33.454600171162795
1517155424.018113,38.65948718659596,18.976830760383105,21.378109694343905,13.316510921847087,-1.447153380613708,18.799999999999997,0.04416203498840332,25.342976264748874,20.423984140996815,2.578109694343908,32.54851108956159,32.650455184321466
1517155424.1181192,39.12431155328474,18.856151595611752,21.59428852895715,13.316510921847087,-1.447153380613708,18.799999999999997,0.05584430694580078,25.807800631437654,20.303304976225462,2.7942885289571535,32.83697255213482,32.95564920878842
1517155424.2182703,39.41531775342101,18.79183156825357,21.73555362208764,14.470106971329317,-1.2987273924731104,19.299999999999997,0.03936505317687988,24.945210782091692,20.090558960726682,2.4355536220876424,32.0295816444333,32.122048841309656
1517155424.3181736,39.79613716618039,18.695966187598003,21.904001736902757,14.470106971329317,-1.2987273924731104,19.299999999999997,0.060538291931152344,25.32603019485107,19.994693580071115,2.6040017369027595,32.26756230010946,32.37246363558446
1517155424.4179168,40.21855096732824,18.594103708818718,22.07540604201531,15.66132028374208,-1.1688546535421884,19.799999999999997,0.04700589179992676,24.557230683586162,19.762958362360905,2.2754060420153124,31.521930494169872,31.60394872061585
1517155424.5177574,40.52239264971041,18.533983554804916,22.19433107177711,15.66132028374208,-1.1688546535421884,19.799999999999997,0.05283474922180176,24.861072365968333,19.702838208347103,2.3943310717771134,31.721834005148832,31.812066483199327
1517155424.617818,40.940243919522466,18.452650684205658,22.363676977979082,16.877611771085476,-1.0204286654015908,20.200000000000003,0.03412890434265137,24.06263214843699,19.47307934960725,2.1636769779790797,30.954984820979863,31.030510523227463
1517155424.7178917,41.2657020287928,18.415275998290042,22.507941016842604,16.877611771085476,-1.0204286654015908,20.200000000000003,0.06594467163085938,24.388090257707326,19.435704663691634,2.3079410168426016,31.185342104782553,31.27062765487044
1517155424.820493,41.674030871629,18.359363693976036,22.688077824608047,18.093903257894308,-0.8905559264706686,20.700000000000003,0.04181623458862305,23.580127613734692,19.249919620446704,1.9880778246080446,30.439806564327444,30.50465992451597
1517155424.9197948,42.03093072317617,18.300380713871146,22.858046474851864,18.093903257894308,-0.8905559264706686,20.700000000000003,0.05748558044433594,23.93702746528186,19.190936640341814,2.1580464748518615,30.680178177567225,30.755983118653397
1517155425.0181656,42.371092723860215,18.24317110171559,23.025120395545947,19.34781200763366,-0.7235766899113678,21.200000000000003,0.04130363464355469,23.023280716226555,18.966747791626958,1.8251203955459445,29.82966605125434,29.885448652941342
1517155425.1182754,42.86990724843232,18.14128283951564,23.238622302589505,19.34781200763366,-0.7235766899113678,21.200000000000003,0.05880618095397949,23.52209524079866,18.864859529427008,2.038622302589502,30.152477337396608,30.221314836962854
1517155425.2179148,43.29332804089738,18.070351040485043,23.42412279915316,20.60172075737302,-0.5565974541430395,21.700000000000003,0.0368657112121582,22.69160728352436,18.62694849462808,1.7241227991531574,29.35766086273263,29.40824460517463
1517155425.3178823,43.73339471750463,18.00287343879529,23.62674341627569,20.60172075737302,-0.5565974541430395,21.700000000000003,0.06310176849365234,23.13167396013161,18.55947089293833,1.9267434162756878,29.65684238120532,29.719364734391913
1517155425.418749,44.16489179976003,17.946134166844452,23.825102451833445,21.880707682043017,-0.3525117207463323,22.200000000000003,0.039583444595336914,22.28418411771701,18.298645887590784,1.6251024518334418,28.83444646792711,28.880205350563372
1517155425.5178163,44.57088504431531,17.89169114027158,24.015827264657137,21.880707682043017,-0.3525117207463323,22.200000000000003,0.05948376655578613,22.690177362272294,18.24420286101791,1.815827264657134,29.115203704685772,29.17177257933464
1517155425.6185417,45.06327777919259,17.81441088713982,24.234292687613554,23.17223369417833,-0.1484259881405977,22.700000000000003,0.03619384765625,21.891044085014258,17.96283687528042,1.5342926876135508,28.317509066652946,28.35904395058543
1517155425.7183526,45.41914992636532,17.772846234895574,24.407462987387074,23.17223369417833,-0.1484259881405977,22.700000000000003,0.06361699104309082,22.24691623218699,17.921272223036173,1.7074629873870713,28.56741640285507,28.61839809960386
1517155425.817843,45.95245068343833,17.695149192141876,24.637362832291014,24.476298794313536,0.07421299367481259,23.200000000000003,0.04043841361999512,21.476151889124793,17.620936198467064,1.4373628322910115,27.77989367285637,27.817054200379612
1517155425.9181828,46.56214936549912,17.598088516501317,24.888055943450066,24.476298794313536,0.07421299367481259,23.200000000000003,0.05990147590637207,22.08585057118558,17.523875522826504,1.6880559434500633,28.193456843605688,28.24394699153207
1517155426.0184398,47.017635425419705,17.549866992710264,25.112127461655092,25.81798115631013,0.33395847232762915,23.700000000000003,0.049791574478149414,21.199654269109576,17.215908520382634,1.4121274616550892,27.30957427921496,27.34605915447269
1517155426.117844,47.42481079474416,17.51438599878077,25.329716964125424,25.81798115631013,0.33395847232762915,23.700000000000003,0.04961276054382324,21.606829638434032,17.18042752645314,1.6297169641254214,27.60474917502458,27.652814583676257
1517155426.2186074,47.93392760031103,17.45883030550092,25.59140307277193,27.159663518306726,0.5937039509804458,24.299999999999997,0.029772520065307617,20.774264082004304,16.865126354520477,1.2914030727719314,26.758223691097196,26.789368357599624
1517155426.3188472,48.443547936282904,17.410037197452578,25.864915355453093,27.159663518306726,0.5937039509804458,24.299999999999997,0.07046723365783691,21.28388441797618,16.816333246472134,1.5649153554530955,27.125500912871143,27.17060470147667
1517155426.4178493,48.91374986728604,17.370216534659814,26.134465387370373,28.526424055768526,0.8720026780519655,25.0,0.04989123344421387,20.387325811517517,16.498213856607848,1.1344653873703727,26.226591738221256,26.251116660410407
1517155426.5179973,49.506864989622905,17.308343069456573,26.458044130530126,28.526424055768526,0.8720026780519655,25.0,0.05025672912597656,20.98044093385438,16.436340391404606,1.4580441305301264,26.652057842520733,26.6919103836283
1517155426.6183217,49.99477321895519,17.273413534795303,26.75306308038267,29.90572368016108,1.1503014051234852,25.700000000000003,0.03757882118225098,20.089049538794107,16.123112129671817,1.0530630803826675,25.758972342042185,25.780488706953545
1517155426.7184465,50.51636968594402,17.23606043476876,27.06397391771842,29.90572368016108,1.1503014051234852,25.700000000000003,0.0625460147857666,20.61064600578294,16.085759029645274,1.3639739177184182,26.144796276420106,26.18035135714811
1517155426.817803,51.110829595474925,17.18885195580337,27.405597523130442,31.25994513015756,1.4471533798227356,26.400000000000006,0.04553508758544922,19.850884465317364,15.741698575980633,1.0055975231304366,25.334930197504175,25.3548795006195
1517155426.917743,51.48218963991991,17.201965876968128,27.669342931192197,31.25994513015756,1.4471533798227356,26.400000000000006,0.05440497398376465,20.222244509762348,15.754812497145393,1.2693429311921918,25.635001264537166,25.666408422484626
1517155427.0187678,52.125253408821735,17.154586703456147,28.024711649313545,32.58908840468883,1.762558604522634,27.200000000000003,0.04151558876037598,19.536165004132904,15.392028098933512,0.8247116493135422,24.87119361966904,24.884863298229696
1517155427.1177752,52.45652643940377,17.18902591574586,28.242652225455714,32.58908840468883,1.762558604522634,27.200000000000003,0.05749177932739258,19.867438034714937,15.426467311223224,1.0426522254557113,25.1533494343691,25.174950078018508
1517155427.2178388,52.91839455274929,17.18832939686589,28.516519104462226,33.893153504289465,2.0779638284315602,27.900000000000006,0.03800487518310547,19.025241048459826,15.110365568434329,0.6165191044622205,24.295739226533662,24.303560240629217
1517155427.319054,53.51773078963156,17.171750106158107,28.83600093617516,33.893153504289465,2.0779638284315602,27.900000000000006,0.06321024894714355,19.62457728534209,15.093786277726547,0.9360009361751551,24.757754700821536,24.77544178372147
1517155427.4195971,53.80184151136722,17.228949184802115,29.02034242904832,35.172140428959466,2.3748158031308106,28.5,0.03485822677612305,18.629701082407756,14.854133381671303,0.5203424290483198,23.826687578015257,23.832368685966035
1517155427.5176606,54.271133850918254,17.25477971848858,29.244999279611676,35.172140428959466,2.3748158031308106,28.5,0.06320524215698242,19.098993421958788,14.87996391535777,0.744999279611676,24.21125514826471,24.222714541954137
1517155427.617823,54.658592277693096,17.28268476895221,29.44087622619613,36.4135100912335,2.708774276249412,29.10000000000001,0.03857278823852539,18.245082186459598,14.573910492702797,0.3408762261961229,23.35127172211351,23.35375960400303
1517155427.717751,55.29384150042422,17.2762614034563,29.716070239854872,36.4135100912335,2.708774276249412,29.10000000000001,0.0613553524017334,18.880331409190724,14.567487127206888,0.6160702398548636,23.846982939613394,23.854939485621152
1517155427.8184228,55.74139906770175,17.294858394354847,29.905125639682275,37.61726249111158,3.024179500158338,29.60000000000001,0.043796539306640625,18.124136576590168,14.270678894196509,0.3051256396822666,23.068086239394876,23.070104126426276
1517155427.9176776,56.278232668554224,17.290530063445356,30.103425306562446,37.61726249111158,3.024179500158338,29.60000000000001,0.05545830726623535,18.660970177442643,14.266350563287018,0.5034253065624377,23.489584209985573,23.494978259136378
1517155428.0192127,56.83045157597546,17.2813451276884,30.280056815455403,38.79593671552445,3.3395847240672647,30.0,0.036123037338256836,18.03451486045101,13.941760403621135,0.28005681545540284,22.795096170093395,22.796816471246363
1517155428.1179228,57.402709288627335,17.26413132505421,30.42934128454411,38.79593671552445,3.3395847240672647,30.0,0.06258702278137207,18.606772573102887,13.924546600986943,0.42934128454410825,23.24015885552917,23.244124366575846
1517155428.2176502,57.82176089822599,17.27321369467223,30.488073543271106,39.93699367807594,3.6549899479761905,30.299999999999997,0.03671622276306152,17.884767220150046,13.618223746696039,0.18807354327110914,22.4793442193946,22.48013096473657
1517155428.3175063,58.252507580911114,17.29113931224894,30.51885021320384,39.93699367807594,3.6549899479761905,30.299999999999997,0.0631399154663086,18.31551390283517,13.63614936427275,0.21885021320384368,22.834242247328998,22.835290986224017
1517155428.417695,58.85390006207659,17.29389245365975,30.58740601043884,40.99027702783561,3.9518419226754404,30.5,0.05704092979431152,17.86362303424098,13.342050530984311,0.08740601043884055,22.296173220550735,22.296344545495895
1517155428.517717,59.25181414204736,17.329810303281334,30.578859308394502,40.99027702783561,3.9518419226754404,30.5,0.04298090934753418,18.261537114211748,13.377968380605894,0.07885930839450239,22.637441899786825,22.63757925567009
1517155428.6176524,59.620834032691505,17.38045008198003,30.560856086728947,41.968325852268805,4.248693898165664,30.5,0.0414128303527832,17.6525081804227,13.131756183814366,0.060856086728946934,22.00122872775603,22.0013128925146
1517155428.7182274,59.972194457702216,17.44485332338689,30.544095915850676,41.968325852268805,4.248693898165664,30.5,0.059162139892578125,18.00386860543341,13.196159425221227,0.04409591585067574,22.322139421156876,22.322182975402754
1517155428.817599,60.30570758955856,17.504104692210326,30.542159532049627,42.84606197697944,4.5084393768184805,30.60000000000001,0.04457545280456543,17.459645612579116,12.995665315391847,-0.057840467950381225,21.765259977921968,21.76533683236408
1517155428.917531,60.60075656219733,17.567572316852544,30.550224027990765,42.84606197697944,4.5084393768184805,30.60000000000001,0.055356502532958984,17.75469458521789,13.059132940034065,-0.04977597200924322,22.040193578093824,22.04024978550011
1517155429.0175648,60.888369567231905,17.61948792716448,30.57903764717729,43.585868139571566,4.749631607052594,30.60000000000001,0.04577231407165527,17.30250142766034,12.869856320111888,-0.020962352822717634,21.564084894901335,21.56409508360478
1517155429.1174312,61.1499889973474,17.662969507722774,30.618949500855578,43.585868139571566,4.749631607052594,30.60000000000001,0.05409407615661621,17.564120857775833,12.91333790067018,0.018949500855569568,21.80028984310624,21.80029807885717
1517155429.2177458,61.396969644383915,17.68674658063297,30.670192808254143,44.1877443395106,4.953717340449301,30.700000000000003,0.03640294075012207,17.209225304873314,12.733029240183669,-0.029807191745859996,21.40764978285249,21.40767053403859
1517155429.3178554,61.634140204350565,17.714440628139318,30.744410196123013,44.1877443395106,4.953717340449301,30.700000000000003,0.06370663642883301,17.446395864839964,12.760723287690016,0.04441019612301034,21.615105539823286,21.615151162164445
1517155429.4182706,61.83559790857836,17.74434359463272,30.822454898544713,44.68930783919252,5.139249824636332,30.799999999999997,0.03610348701477051,17.146290069385834,12.605093769996389,0.022454898544715718,21.281063227525102,21.281075074262336
1517155429.51785,62.019114587652254,17.77590121067312,30.911200973444878,44.68930783919252,5.139249824636332,30.799999999999997,0.0634758472442627,17.32980674845973,12.636651386036787,0.11120097344488045,21.447777511695378,21.448065783367994
1517155429.6176674,62.159370405089064,17.811868711053286,30.98485687510736,45.1030977266172,5.287675812776929,30.799999999999997,0.0372316837310791,17.056272678471863,12.524192898276358,0.18485687510736426,21.16062015716037,21.16142758652866
1517155429.717744,62.28259462991805,17.85352548081047,31.04352453946597,45.1030977266172,5.287675812776929,30.799999999999997,0.06284499168395996,17.17949690330085,12.565849668033543,0.24352453946597308,21.28463510916131,21.28602818591257
1517155429.818634,62.437098274378044,17.89800134280656,31.092639924285344,45.45419217671528,5.417548551707852,30.900000000000006,0.03563117980957031,16.982906097662763,12.480452791098706,0.19263992428533783,21.07559729623041,21.076477683268216
1517155429.917899,62.55170287551157,17.965120661427278,31.127169234758714,45.45419217671528,5.417548551707852,30.900000000000006,0.06363368034362793,17.09751069879629,12.547572109719425,0.22716923475870843,21.207697610633325,21.208914253334218
1517155430.0184777,62.66661625708885,18.032246193348954,31.156946411060893,45.76766936388283,5.565974539848449,30.900000000000006,0.043114423751831055,16.898946893206016,12.466271653500504,0.25694641106088767,20.999579401461055,21.001151313592896
1517155430.1177747,62.77040316590589,18.102803248568506,31.18026438894276,45.76766936388283,5.565974539848449,30.900000000000006,0.0561826229095459,17.00273380202306,12.536828708720057,0.2802643889427543,21.12498593642715,21.126844983147727
1517155430.2176013,62.94410792712079,18.119205720899647,31.20825271698062,46.04352928865443,5.695847278779372,30.900000000000006,0.03764820098876953,16.900578638466357,12.423358442120275,0.30825271698061485,20.97544739204355,20.977712292667004
1517155430.318204,63.06711087035355,18.149547286659324,31.1991274390111,46.04352928865443,5.695847278779372,30.900000000000006,0.06295442581176758,17.02358158169912,12.453700007879952,0.2991274390110945,21.0925810121719,21.094701964706775
1517155430.417673,63.17377151655166,18.234930733721182,31.198899325369375,46.28177195156465,5.80716676929159,30.900000000000006,0.05335068702697754,16.89199956498701,12.427763964429591,0.29889932536936925,20.971146045438147,20.9732760260719
1517155430.5174222,63.35100942659494,18.240677844002416,31.19742988456967,46.28177195156465,5.80716676929159,30.900000000000006,0.04639840126037598,17.06923747503029,12.433511074710825,0.297429884569663,21.117553495230815,21.119647964873145
1517155430.6186357,63.40798089246466,18.23074518083856,31.176279887820037,46.494936439009635,5.918486260594782,30.900000000000006,0.03632831573486328,16.913044453455022,12.312258920243778,0.27627988782003143,20.919913776200612,20.92173804873969
1517155430.717853,63.502042092100055,18.307733792583328,31.164681324471907,46.494936439009635,5.918486260594782,30.900000000000006,0.06288909912109375,17.00710565309042,12.389247531988545,0.2646813244719013,21.041271280610978,21.042935947908706
1517155430.817681,63.59101994392367,18.356464074856344,31.1572518995904,46.69556183845474,6.029805751107,30.900000000000006,0.0474553108215332,16.895458105468926,12.326658323749344,0.2572518995903934,20.914182030959626,20.915764116186562
1517155430.9176557,63.670265096753795,18.40433053963536,31.14938591507921,46.69556183845474,6.029805751107,30.900000000000006,0.05251932144165039,16.97470325829905,12.37452478852836,0.2493859150792055,21.00641365034049,21.00789393975158
1517155431.017362,63.74164667198126,18.450211599547316,31.138116649413625,46.87110906350379,6.104018744781813,30.799999999999997,0.043298959732055664,16.87053760847747,12.346192854765503,0.33811664941362807,20.905585789594976,20.90831987689891
1517155431.1175616,63.81979391970761,18.49601430091154,31.127586975242426,46.87110906350379,6.104018744781813,30.799999999999997,0.0569005012512207,16.94868485620382,12.391995556129727,0.3275869752424292,20.995701279501276,20.998256723937825
1517155431.2179227,64.00841871107117,18.408978149111864,31.12488345380381,47.0215781136222,6.196784987666302,30.799999999999997,0.03762221336364746,16.986840597448975,12.212193161445562,0.3248834538038139,20.921051964363514,20.923574373279386
1517155431.317695,64.08557915017386,18.47254791321619,31.116434352786783,47.0215781136222,6.196784987666302,30.799999999999997,0.062150001525878906,17.06400103655166,12.275762925549888,0.31643435278678567,21.020810802148933,21.023192371268568
1517155431.418825,64.16007806522578,18.34294088624239,31.096346981373514,47.15950807627527,6.270997981341114,30.700000000000003,0.03613734245300293,17.000569988950502,12.071942904901274,0.39634698137351165,20.85068788909375,20.85445459315694
1517155431.517671,64.2489161996545,18.413098289715137,31.082206256582747,47.15950807627527,6.270997981341114,30.700000000000003,0.06270885467529297,17.08940812337923,12.142100308374022,0.38220625658274443,20.96374179162767,20.967225651683332
1517155431.617816,64.30025308922586,18.45740525905439,31.058775079996302,47.27235986346315,6.326657726597223,30.700000000000003,0.03136920928955078,17.02789322576271,12.130747532457168,0.358775079996299,20.90703669591153,20.910114848135525
1517155431.7174451,64.3529158389449,18.493512101782674,31.03819605240915,47.27235986346315,6.326657726597223,30.700000000000003,0.06825995445251465,17.080555975481744,12.166854375185451,0.3381960524091454,20.970878327302707,20.97360518338227
1517155431.817658,64.39400800442003,18.52680078973915,31.02582546451142,47.3852116511856,6.400870720272037,30.60000000000001,0.04488015174865723,17.00879635323443,12.125930069467111,0.4258254645114121,20.888689126783603,20.893028999205306
1517155431.9182217,64.43639399251579,18.562445328459834,31.013364995140357,47.3852116511856,6.400870720272037,30.60000000000001,0.05568361282348633,17.05118234133019,12.161574608187797,0.4133649951403484,20.94389448473728,20.947973334120324
1517155432.0176473,64.48127728497897,18.590468415799954,30.997620224209612,47.47298526344282,6.456530465528146,30.60000000000001,0.04172205924987793,17.00829202153615,12.133937950271807,0.39762022420960363,20.892928173688258,20.896711452130383
1517155432.1178026,64.54175990130265,18.437957024804554,30.974802433776937,47.47298526344282,6.456530465528146,30.60000000000001,0.05843329429626465,17.068774637859832,11.981426559276407,0.374802433776928,20.854199817623815,20.85756761700046
1517155432.2182105,64.60833809214179,18.501326608058932,30.947628751476636,47.53568070076943,6.493636963156525,30.5,0.03454899787902832,17.07265739137236,12.007689644902406,0.4476287514766355,20.8724756799829,20.877275025985224
1517155432.3176253,64.62598022242237,18.373620671958907,30.933532043222385,47.53568070076943,6.493636963156525,30.5,0.0648658275604248,17.090299521652938,11.879983708802381,0.43353204322238525,20.81375388201803,20.81826843648917
1517155432.4174094,64.67933374663663,18.412409616606574,30.920243485912366,47.58583705116527,6.53074345999393,30.5,0.04822063446044922,17.09349669547136,11.881666156612644,0.4202434859123656,20.817339405776245,20.821580740249676
1517155432.5178542,64.7085849386555,18.422339357972756,30.908716241215593,47.58583705116527,6.53074345999393,30.5,0.052224159240722656,17.122747887490235,11.891595897978826,0.40871624121559336,20.847027323323058,20.851033480027112
1517155432.6177711,64.73811303623934,18.427529818117627,30.90390766144374,47.62345431356123,6.549296708412635,30.5,0.03645491600036621,17.114658722678108,11.878233109704992,0.40390766144373913,20.83276181888119,20.83667695198077
1517155432.7174878,64.73844478309913,18.41231755094817,30.890797940514616,47.62345431356123,6.549296708412635,30.5,0.06326174736022949,17.114990469537894,11.863020842535535,0.39079794051461647,20.82436463095106,20.82803123948867
1517155432.8189616,64.74171582319131,18.396019771453947,30.88760898555092,47.648532488491874,6.549296708412635,30.400000000000006,0.04095292091369629,17.09318333469944,11.846723063041312,0.4876089855509136,20.797157590546878,20.802873031599063
1517155432.9179916,64.76616635227045,18.39866505244739,30.882223733478327,47.648532488491874,6.549296708412635,30.400000000000006,0.058077096939086914,17.117633863778572,11.849368344034756,0.48222373347832104,20.818763633967123,20.824347744314146
1517155433.0187836,64.77128433265658,18.38109786824398,30.869937151224953,47.661071575957195,6.549296708412635,30.400000000000006,0.04108428955078125,17.110212756699383,11.831801159831345,0.46993715122494706,20.802665676910365,20.80797299573906
1517155433.1175103,64.74417980569154,18.272739589093977,30.854574419458118,47.661071575957195,6.549296708412635,30.400000000000006,0.057642459869384766,17.08310822973435,11.723442880681342,0.45457441945811183,20.718873033189222,20.723859140330045
1517155433.2175975,64.70265001180577,18.22380073812712,30.849297241059872,47.661071575957195,6.549296708412635,30.400000000000006,0.0388951301574707,17.041578435848578,11.674504029714486,0.4492972410598668,20.656946529557533,20.661832153413286
1517155433.317727,64.68084769194746,18.20923184162341,30.8408816740801,47.661071575957195,6.549296708412635,30.400000000000006,0.061234474182128906,17.01977611599027,11.659935133210775,0.4408816740800958,20.63072626809623,20.63543658369397
1517155433.4175642,64.68794802459686,18.21223583149354,30.83382478406586,47.648532488491874,6.53074345999393,30.299999999999997,0.03173327445983887,17.03941553610499,11.68149237149961,0.5338247840658639,20.659112900544873,20.666008679412254
1517155433.517549,64.68914234076907,18.211689901387565,30.825440888976196,47.648532488491874,6.53074345999393,30.299999999999997,0.0682516098022461,17.040609852277193,11.680946441393635,0.525440888976199,20.65978929960887,20.666469994463043
1517155433.6175356,64.68806818111177,18.20638342109032,30.8158636066781,47.62345431356123,6.512190211575228,30.299999999999997,0.037708282470703125,17.06461386755054,11.694193209515092,0.5158636066781028,20.68707812307159,20.693509043435867
1517155433.7175128,64.68834257871518,18.205562414206238,30.808574723506553,47.62345431356123,6.512190211575228,30.299999999999997,0.062268972396850586,17.064888265153947,11.69337220263101,0.5085747235065554,20.686840381543348,20.69309095376624
1517155433.817821,64.61293494996164,18.200582274571083,30.80142405468469,47.61091522609592,6.512190211575228,30.299999999999997,0.04429149627685547,17.002019723865722,11.688392062995856,0.5014240546846942,20.632188049478017,20.63828020431063
1517155433.9175549,64.61267570429607,18.213770786956808,30.79784487989616,47.61091522609592,6.512190211575228,30.299999999999997,0.05544233322143555,17.001760478200147,11.70158057538158,0.49784487989616366,20.639448813382494,20.64545220731856
1517155434.0176885,64.6010120935255,18.210556168185345,30.781516165304605,47.573297963699964,6.512190211575228,30.200000000000003,0.04620194435119629,17.027714129825533,11.698365956610118,0.5815161653046026,20.659012913056486,20.667195639281715
1517155434.1174572,64.5595273208873,18.19541985710171,30.755572699696422,47.573297963699964,6.512190211575228,30.200000000000003,0.053566694259643555,16.986229357187334,11.683229645526485,0.5555726996964196,20.616251907780953,20.623736415832358
1517155434.2174633,64.5642064465453,18.20200740487084,30.748559699495537,47.53568070076943,6.493636963156525,30.200000000000003,0.03708934783935547,17.028525745775866,11.708370441714315,0.5485596994955344,20.665348472139563,20.67262792242127
1517155434.3175347,64.55691535726334,18.205817033656395,30.73604355974271,47.53568070076943,6.493636963156525,30.200000000000003,0.06298208236694336,17.021234656493903,11.712180070499869,0.5360435597427085,20.66150021743928,20.668452625515656
1517155434.417621,64.54567701241629,18.20558342676945,30.721233978298315,47.51060252583879,6.4750837147378215,30.200000000000003,0.0505831241607666,17.0350744865775,11.73049971203163,0.5212339782983122,20.683287607564175,20.68985430391791
1517155434.5173793,64.53510949844069,18.205922954720357,30.707014198275182,47.51060252583879,6.4750837147378215,30.200000000000003,0.049175262451171875,17.0245069726019,11.730839239982537,0.5070141982751792,20.67477755465545,20.680993456111757
1517155434.6180708,64.49070871408135,18.176923125853612,30.672471291874565,47.47298526344282,6.456530465528146,30.10000000000001,0.03754925727844238,17.017723450638528,11.720392660325466,0.5724712918745567,20.663264881296556,20.671193456949794
1517155434.717849,64.48610554901192,18.181046507225826,30.657780390097148,47.47298526344282,6.456530465528146,30.10000000000001,0.06222891807556152,17.0131202855691,11.72451604169768,0.5577803900971396,20.661813527937692,20.669340996433487
1517155434.8174992,64.4755952614959,18.174128176870248,30.637556186877845,47.44790708851219,6.437977217109443,30.10000000000001,0.04153704643249512,17.02768817298371,11.736150959760804,0.5375561868778362,20.68041111454663,20.687396417159757
1517155434.9177296,64.46797672445089,18.175147189521287,30.6246232068301,47.44790708851219,6.437977217109443,30.10000000000001,0.05869340896606445,17.020069635938704,11.737169972411843,0.5246232068300927,20.674717153409592,20.681372267879944
1517155435.017505,64.42569819576724,18.145160439708864,30.618709835873503,47.422828913581554,6.400870720272037,30.0,0.04578423500061035,17.002869282185685,11.744289719436827,0.6187098358735028,20.66460512183001,20.673865306279076
1517155435.1172917,64.42046529723649,18.145781047025125,30.61447242663985,47.422828913581554,6.400870720272037,30.0,0.05400252342224121,16.997636383654935,11.744910326753088,0.6144724266398498,20.660652487625395,20.669788039008093
1517155435.2177858,64.39584690306309,18.133272312691116,30.613277051410837,47.3852116511856,6.382317471853332,30.0,0.031615257263183594,17.01063525187749,11.750954840837784,0.6132770514108365,20.67478298178305,20.683876814698284
1517155435.3191028,64.39533607548302,18.128738546349062,30.60828020806282,47.3852116511856,6.382317471853332,30.0,0.0697016716003418,17.010124424297416,11.74642107449573,0.6082802080628191,20.671786110286572,20.680733686234586
1517155435.417981,64.38867877610201,18.105174361950425,30.602693300671294,47.36013347625495,6.3637642234346306,30.0,0.03697061538696289,17.02854529984706,11.741410138515795,0.6026933006712945,20.684101795093373,20.692880570004238
1517155435.5183263,64.38139270635823,18.09780114000664,30.59489012070211,47.36013347625495,6.3637642234346306,30.0,0.06337475776672363,17.021259230103276,11.73403691657201,0.5948901207021109,20.673918064504626,20.6824752482279
1517155435.6175091,64.3640366462629,18.08374522395821,30.58145990832793,47.335055301324324,6.3452109750159265,30.0,0.04247546195983887,17.02898134493858,11.738534248942283,0.581459908327929,20.68282843229758,20.691000159123526
1517155435.71797,64.37001450557881,18.101232056796135,30.58597994267945,47.335055301324324,6.3452109750159265,30.0,0.05798530578613281,17.034959204254484,11.756021081780208,0.585979942679451,20.697677810949596,20.70597110157111
1517155435.8174193,64.377356297537,18.124072846092815,30.58908450668224,47.3099771258591,6.3452109750159265,30.0,0.04503202438354492,17.067379171677906,11.778861871076888,0.5890845066822408,20.73733393586875,20.745699297053033
1517155435.9174578,64.33987217538875,18.11218640521526,30.575639892043235,47.3099771258591,6.3452109750159265,30.0,0.05500650405883789,17.02989504952965,11.766975430199334,0.5756398920432346,20.69973517156462,20.70773762288437
1517155436.0177937,64.33368743555124,18.122719421066286,30.589164967529406,47.27235986346315,6.3452109750159265,30.0,0.04405474662780762,17.06132757208809,11.777508446050359,0.5891649675294062,20.73158468904104,20.739954654671855
1517155436.1181035,64.30696533011577,18.11233888828897,30.603769610758206,47.27235986346315,6.3452109750159265,30.0,0.05625510215759277,17.03460546665262,11.767127913273043,0.6037696107582065,20.703697320330033,20.7124991363842
1517155436.2174976,64.29787259651587,18.116018771105843,30.619919791559045,47.2347426010672,6.3452109750159265,30.0,0.03860783576965332,17.063129995448676,11.770807796089915,0.6199197915590453,20.729262442597214,20.738529889122763
1517155436.3179812,64.28128897310278,18.114663033530235,30.6428600926586,47.2347426010672,6.3452109750159265,30.0,0.06187582015991211,17.04654637203558,11.769452058514307,0.6428600926586014,20.714843590324936,20.724816382066187
1517155436.4176688,64.27206718052253,18.1208934658566,30.67093602047602,47.19712533867124,6.3452109750159265,30.10000000000001,0.05218243598937988,17.074941841851285,11.775682490840673,0.5709360204760117,20.741753470420367,20.74960975457544
1517155436.5185916,64.26511823110269,18.132651999173554,30.69997661866394,47.19712533867124,6.3452109750159265,30.10000000000001,0.048740386962890625,17.067992892431448,11.787441024157626,0.5999766186639306,20.742713112659217,20.75138836842075
1517155436.618749,64.23477297774119,18.13539135292965,30.725400480699502,47.15950807627527,6.326657726597223,30.10000000000001,0.03962349891662598,17.075264901465914,11.808733626332426,0.6254004806994935,20.7608010758956,20.770218753642606
1517155436.717826,64.2253179422454,18.148635249688592,30.77927316961936,47.15950807627527,6.326657726597223,30.10000000000001,0.059453487396240234,17.065809865970124,11.82197752309137,0.6792731696193499,20.760564032268505,20.771673764453492
1517155436.8175907,64.19863163604413,18.15220315336223,30.846626727436117,47.13442990134464,6.326657726597223,30.299999999999997,0.0429229736328125,17.064201734699488,11.825545426765007,0.5466267274361201,20.761274177733018,20.76846903992086
1517155436.9188452,64.15486488577962,18.154422190427546,30.915703234230946,47.13442990134464,6.326657726597223,30.299999999999997,0.05833148956298828,17.020434984434978,11.827764463830324,0.6157032342309492,20.726582431052776,20.73572544532426
1517155437.0188303,64.13691438674718,18.16966651665246,31.01946090857063,47.12189081334475,6.326657726597223,30.5,0.0382838249206543,17.01502357340243,11.843008790055237,0.519460908570629,20.730843793844137,20.73735094076143
1517155437.1172876,64.13699786997987,18.18651296858308,31.1420598955592,47.12189081334475,6.326657726597223,30.5,0.06017351150512695,17.015107056635117,11.859855241985858,0.6420598955591998,20.74054084419241,20.750476510651485
1517155437.2184124,64.15948677574367,18.201726444624505,31.282762312661973,47.13442990134464,6.326657726597223,30.700000000000003,0.035173892974853516,17.025056874399034,11.875068718027283,0.5827623126619699,20.757403947372413,20.765582836690403
1517155437.3174298,64.19703898048337,18.197339385183213,31.423894239297148,47.13442990134464,6.326657726597223,30.700000000000003,0.0638434886932373,17.06260907913873,11.87068165858599,0.7238942392971452,20.78570931257813,20.798310856814428
1517155437.4172685,64.24147665348363,18.186624894831628,31.567324355532207,47.19712533867124,6.3452109750159265,31.0,0.041150808334350586,17.04435131481239,11.8414139198157,0.5673243555322074,20.754011548689853,20.7617641901533
1517155437.5175378,64.27346700687184,18.188684805960154,31.717976813316795,47.19712533867124,6.3452109750159265,31.0,0.05911850929260254,17.076341668200598,11.843473830944227,0.7179768133167954,20.781465712345334,20.793864668643135
1517155437.6172397,64.31865826856279,18.195001777593586,31.861712501986997,47.28489895092848,6.3452109750159265,31.299999999999997,0.03978323936462402,17.033759317634306,11.849790802577658,0.5617125019869995,20.75009635052203,20.757697836967278
1517155437.7174406,64.3825156497591,18.199904294956635,31.997041754267148,47.28489895092848,6.3452109750159265,31.299999999999997,0.06041765213012695,17.09761669883062,11.854693319940708,0.6970417542671505,20.805341873902925,20.81701510056546
1517155437.8175783,64.43765181992038,18.204278307427224,32.12906972975928,47.422828913581554,6.3452109750159265,31.599999999999994,0.04307842254638672,17.01482290633882,11.859067332411296,0.5290697297592857,20.739857196440312,20.746604331978876
1517155437.917508,64.49971441269653,18.20716484348368,32.25402307740026,47.422828913581554,6.3452109750159265,31.599999999999994,0.05685114860534668,17.07688549911498,11.861953868467754,0.654023077400268,20.792449781772724,20.80273333274531
1517155438.0172174,64.57088179132047,18.20173142034673,32.374489961581176,47.5983761386306,6.3637642234346306,31.799999999999997,0.052765607833862305,16.972505652689875,11.837967196912098,0.5744899615811789,20.693076510895054,20.70104959178916
1517155438.1176176,64.6588088570424,18.209049684248697,32.49771489383889,47.5983761386306,6.3637642234346306,31.799999999999997,0.04763460159301758,17.060432718411803,11.845285460814067,0.6977148938388922,20.769428306711504,20.781144296229545
1517155438.2174077,64.78779369601422,18.205256227822645,32.62480688959269,47.874236063402186,6.400870720272037,32.0,0.03856706619262695,16.913557632612033,11.804385507550608,0.6248068895926906,20.62551693903839,20.634978377789547
1517155438.3174567,64.94123886392623,18.201923303574418,32.757891211544305,47.874236063402186,6.400870720272037,32.0,0.06148195266723633,17.067002800524044,11.801052583302381,0.7578912115443046,20.749636783976808,20.763473354800237
1517155438.418642,65.15295128879924,18.197042088648352,32.89481165567936,48.27548686336156,6.437977217109443,32.3,0.06671357154846191,16.877464425437687,11.759064871538909,0.594811655679365,20.569988140127233,20.57858627288831
1517155438.5172172,65.39547298152648,18.185318232738794,33.027834274144716,48.27548686336156,6.437977217109443,32.3,0.03186154365539551,17.119986118164924,11.74734101562935,0.727834274144719,20.762801969475298,20.775555067296448
1517155438.6201255,65.71189097338811,18.147275288041616,33.168540556722235,48.81466762543943,6.493636963156525,32.5,0.03602480888366699,16.89722334794868,11.65363832488509,0.6685405567222347,20.52616484094612,20.537049192950654
1517155438.7184875,66.06260478973235,18.094534504097773,33.291864445646716,48.81466762543943,6.493636963156525,32.5,0.06233716011047363,17.24793716429292,11.600897540941247,0.7918644456467163,20.78634552245328,20.801423256092193
1517155438.817608,66.44918089049439,18.02137018994754,33.42475380610988,49.516856525635575,6.549296708412635,32.8,0.037441253662109375,16.932324364858815,11.472073481534904,0.6247538061098794,20.45267900208987,20.462218737976013
1517155438.917375,66.86019603330477,17.94152770518337,33.55490921555446,49.516856525635575,6.549296708412635,32.8,0.06232571601867676,17.3433395076692,11.392230996770733,0.7549092155544628,20.75028559712042,20.764013106473236
1517155439.0176084,67.31904718816985,17.857001054402552,33.683778196447875,50.34443630048496,6.586403205250041,33.099999999999994,0.04551887512207031,16.97461088768489,11.270597849152512,0.5837781964478808,20.375568474661794,20.383929641957646
1517155439.1174886,67.78262256083866,17.78163989697001,33.808340367968924,50.34443630048496,6.586403205250041,33.099999999999994,0.05436134338378906,17.438186260353703,11.19523669171997,0.7083403679689297,20.722540014062506,20.734642767873193
1517155439.2171786,68.29458155017004,17.69510164489084,33.929212243972685,51.28486786252219,6.6420629505061495,33.3,0.04171276092529297,17.009713687647846,11.053038694384691,0.6292122439726882,20.285463369499837,20.295219441121716
1517155439.3184772,68.79626327743159,17.611472303206355,34.04808238061848,51.28486786252219,6.6420629505061495,33.3,0.0595858097076416,17.5113954149094,10.969409352700206,0.7480823806184844,20.663419632878213,20.676956695137914
1517155439.4181936,69.33925058768536,17.52435183705233,34.16993434088382,52.3005339498859,6.69772269576226,33.599999999999994,0.037455081939697266,17.038716637799453,10.82662914129007,0.569934340883826,20.187465497834424,20.195509114136588
1517155439.5173676,69.8687559213756,17.454962957776466,34.29478631950372,52.3005339498859,6.69772269576226,33.599999999999994,0.06171894073486328,17.56822197148969,10.757240262014207,0.6947863195037272,20.600015565388116,20.611728926123646
1517155439.6175,70.39623172163499,17.387773820557115,34.41939732379376,53.36635638711089,6.7719356902280445,33.8,0.03770637512207031,17.0298753345241,10.61583813032907,0.6193973237937627,20.067702238143283,20.07725893052893
1517155439.7173684,70.96040555765106,17.30973697210079,34.54504945866161,53.36635638711089,6.7719356902280445,33.8,0.062161922454833984,17.594049170540167,10.537801281872746,0.7450494586616117,20.508432950170132,20.521961913215705
1517155439.8173602,71.52505269228237,17.233205697360937,34.66852636751676,54.494874261662495,6.827595435484154,34.099999999999994,0.04387831687927246,17.030178430619877,10.405610261876783,0.5685263675167676,19.957547502156316,19.965643604236444
1517155439.9172766,72.1184398506642,17.13844801387353,34.797547164144106,54.494874261662495,6.827595435484154,34.099999999999994,0.05603814125061035,17.623565589001707,10.310852578389374,0.6975471641441118,20.418220905924294,20.430132574443306
1517155440.0174367,72.70550816791668,17.039116146827737,34.920723719139325,55.6484703116793,6.901808429158967,34.3,0.04646801948547363,17.05703785623738,10.13730771766877,0.6207237191393276,19.842065119130666,19.85177186367313
1517155440.1172051,73.2614373900663,16.961142174016093,35.049250417894655,55.6484703116793,6.901808429158967,34.3,0.05330038070678711,17.61296707838701,10.059333744857126,0.7492504178946575,20.28316554916332,20.296999307372534
1517155440.2186022,73.88441105641508,16.872376424362425,35.16910384622766,56.83968362355749,6.97602142283378,34.5,0.035285234451293945,17.044727432857584,9.896355001528645,0.6691038462276566,19.709403227309775,19.720757478700598
1517155440.3174667,74.51594087615854,16.755853040508583,35.2926937785746,56.83968362355749,6.97602142283378,34.5,0.06357932090759277,17.676257252601047,9.779831617674803,0.792693778574602,20.201365719431024,20.21691223596704
1517155440.417365,75.15502662540823,16.63993822223812,35.41893439255803,58.08105328583152,7.0316811680898885,34.7,0.05162501335144043,17.073973339576703,9.608257054148229,0.718934392558026,19.591813831780996,19.605000277479416
1517155440.517389,75.75723798721208,16.534505241452052,35.53995240730394,58.08105328583152,7.0316811680898885,34.7,0.04839897155761719,17.676184701380556,9.502824073362163,0.8399524073039402,20.068661414419037,20.086231379059814
1517155440.617495,76.34671975674563,16.440739109718045,35.66021572731742,59.34750112303619,7.105894162555674,35.0,0.03168654441833496,16.99921863370944,9.33484494716237,0.6602157273174214,19.393626900201443,19.404861482391837
1517155440.7173617,77.00279364766115,16.331189526248558,35.7761928357576,59.34750112303619,7.105894162555674,35.0,0.06818008422851562,17.65529252462496,9.225295363692883,0.7761928357575982,19.92022662214091,19.935343086983302
1517155440.8172815,77.71831959956552,16.20609702960969,35.8905919546733,60.63902713517152,7.161553907811783,35.2,0.04242563247680664,17.079292464394,9.044543121797908,0.6905919546732946,19.3263030962046,19.338637713505754
1517155440.9171531,78.30638545742102,16.11119924803371,36.00155617565844,60.63902713517152,7.161553907811783,35.2,0.05744600296020508,17.6673583222495,8.949645340221927,0.8015561756584404,19.804840362964672,19.82105431366482
1517155441.0171492,78.963725682746,16.008476576890647,36.11448880769334,61.968170410237356,7.217213653067892,35.400000000000006,0.05059456825256348,16.995555272508646,8.791262923822755,0.7144888076933356,19.134659725656924,19.147994596641084
1517155441.117424,79.64622545323104,15.895124831620663,36.22559764033045,61.968170410237356,7.217213653067892,35.400000000000006,0.049680233001708984,17.678055042993684,8.67791117855277,0.825597640330443,19.693140240346775,19.710438452497314
1517155441.217435,80.35398894593564,15.777632349983634,36.34069452890172,63.32239185969927,7.291426646742706,35.599999999999994,0.04056692123413086,17.031597086236367,8.486205703240927,0.7406945289017273,19.028688513547483,19.043098879404027
1517155441.3174777,80.98062746544404,15.68810726843207,36.46219504227881,63.32239185969927,7.291426646742706,35.599999999999994,0.05947589874267578,17.65823560574477,8.396680621689363,0.8621950422788132,19.552941726774673,19.57194191851121
1517155441.4177349,81.58237647576689,15.609276358822175,36.58622883029618,64.68915239662651,7.347086391998815,35.8,0.03780841827392578,16.89322407914038,8.26218996682336,0.7862288302961815,18.805446095105665,18.82187447119744
1517155441.5173476,82.33595397482765,15.487716100261192,36.71053415915138,64.68915239662651,7.347086391998815,35.8,0.06180429458618164,17.646801578201135,8.140629708262377,0.910534159151382,19.433976895824646,19.455295691467338
1517155441.617382,82.94997647425959,15.397857842307332,36.83837389793442,66.06845202155363,7.402746138045897,36.0,0.040309906005859375,16.88152445270596,7.995111704261435,0.8383738979344173,18.6790706142176,18.697875542522613
1517155441.7175126,83.7519193756211,15.248279371073615,36.964642512478584,66.06845202155363,7.402746138045897,36.0,0.05982065200805664,17.683467354067474,7.845533233027718,0.9646425124785836,19.345733621987883,19.369768830571868
1517155441.8176556,84.37884044310128,15.152281776974352,37.09289805783496,67.46029073394607,7.458405883302006,36.2,0.04213070869445801,16.918549709155215,7.693875893672346,0.8928980578349552,18.58582929353405,18.607265179764433
1517155441.9171798,85.06954114037534,15.045041973475008,37.214819306302516,67.46029073394607,7.458405883302006,36.2,0.057393550872802734,17.60925040642927,7.586636090173003,1.0148193063025133,19.174012283323616,19.200849076681198
1517155442.0174549,85.78177198705609,14.938385737482239,37.33426235799705,68.83959035833861,7.5326188769768185,36.400000000000006,0.043120384216308594,16.942181628717478,7.4057668605054205,0.9342623579970422,18.490075747076112,18.513663799642213
1517155442.1171124,86.37155539841805,14.863875207177236,37.45326180251615,68.83959035833861,7.5326188769768185,36.400000000000006,0.05653715133666992,17.53196504007944,7.331256330200417,1.0532618025161469,19.003081790743085,19.032248368763767
1517155442.2172954,87.1213296875359,14.745941132134954,37.57050021170282,70.24396815819638,7.588278622232927,36.599999999999994,0.03857707977294922,16.877361529339524,7.157662509902027,0.9705002117028272,18.332415683637734,18.358086377904478
1517155442.3171842,87.82386119993765,14.645758113036248,37.685974348784356,70.24396815819638,7.588278622232927,36.599999999999994,0.06131172180175781,17.579893041741272,7.0574794908033205,1.0859743487843616,18.94361782031544,18.974719929642973
1517155442.4173863,88.52041040639071,14.546183494563447,37.79957529490062,71.64834595751957,7.66249161590774,36.8,0.04616665840148926,16.872064448871143,6.883691878655707,0.9995752949006231,18.222287799481492,18.24968283059483
1517155442.5173512,89.22371760814869,14.452121878243874,37.91283533232492,71.64834595751957,7.66249161590774,36.8,0.05379819869995117,17.575371650629123,6.789630262336134,1.11283533232492,18.84125175663678,18.874087268894336
1517155442.6172316,89.91162147399862,14.361433398654079,38.02470750480744,73.02764558244667,7.755257858792229,37.0,0.03657817840576172,16.883975891551955,6.60617553986185,1.0247075048074379,18.130366713609977,18.159301270709324
1517155442.718926,90.60030475251247,14.287671069312786,38.14981889376448,73.02764558244667,7.755257858792229,37.0,0.06511616706848145,17.572659170065805,6.5324132105205575,1.1498188937644827,18.747553778034117,18.782780841737445
1517155442.8171115,91.22173195985066,14.240035204935797,38.29183698728694,74.40694520683923,7.848024100885745,37.3,0.04175829887390137,16.814786753011433,6.392011104050052,0.9918369872869448,17.988742577054904,18.016065056301787
1517155442.9177318,91.67182062820675,14.247743335869854,38.459639339299315,74.40694520683923,7.848024100885745,37.3,0.05886197090148926,17.26487542136752,6.39971923498411,1.1596393392993178,18.41283057006624,18.449311450545153
1517155443.0171149,92.59253526859601,14.133712336137705,38.64547687979095,75.76116665683571,7.959343591397963,37.599999999999994,0.05393409729003906,16.831368611760297,6.174368744739742,1.0454768797909537,17.928128701595398,17.958586265270053
1517155443.119146,93.16244232744386,14.113998850136486,38.85287381244528,75.76116665683571,7.959343591397963,37.599999999999994,0.04809713363647461,17.401275670608143,6.154655258738523,1.2528738124452872,18.45763192607374,18.50010457019981
1517155443.2170384,93.82039146986875,14.062691503756646,39.060618887625516,77.10284901883232,8.089216331119857,38.0,0.03828787803649902,16.717542451036437,5.973475172636789,1.060618887625516,17.7527077157349,17.784362335071265
1517155443.3170075,94.44566622544451,14.028230157290093,39.28608437623718,77.10284901883232,8.089216331119857,38.0,0.061681270599365234,17.342817206612196,5.939013826170235,1.2860843762371772,18.331535502772407,18.376593996500183
1517155443.417116,95.07854662051102,13.99083142701394,39.51382110553997,78.41945320589826,8.200535821632077,38.400000000000006,0.03741002082824707,16.659093414612755,5.790295605381864,1.1138211055399623,17.63669233712769,17.671828259963508
1517155443.517592,95.64165356169457,13.958755336428812,39.73949621579308,78.41945320589826,8.200535821632077,38.400000000000006,0.06306600570678711,17.222200355796303,5.758219514796735,1.3394962157930763,18.15933030361462,18.208666266036627
1517155443.617064,96.28525905369804,13.902029316132984,39.954633186960955,79.7235183054989,8.311855312144296,38.8,0.03657174110412598,16.561740748199142,5.590174003988688,1.1546331869609574,17.479739757943502,17.51783319368758
1517155443.7170355,96.92358683719502,13.833641364044066,40.16593332825174,79.7235183054989,8.311855312144296,38.8,0.0633997917175293,17.200068531696118,5.52178605189977,1.3659333282517423,18.064674884923836,18.11624278252052
1517155443.8174818,97.52943937170691,13.76786838052197,40.36655024977256,81.04012249309942,8.423174803447486,39.2,0.0421297550201416,16.489316878607497,5.344693577074484,1.1665502497725555,17.333877827997732,17.373087234029413
1517155443.9170337,98.08627762100903,13.697712428144307,40.54811834775025,81.04012249309942,8.423174803447486,39.2,0.05742216110229492,17.046155127909614,5.274537624696821,1.348118347750244,17.843546502842468,17.894400657150896
1517155444.0171332,98.79452270531033,13.581989218771943,40.731792496498315,82.36926576763071,8.515941045541002,39.5,0.041997671127319336,16.42525693767962,5.066048173230941,1.231792496498315,17.188772776504116,17.232852994113266
1517155444.117093,99.44686692627863,13.475346497167326,40.89564728906727,82.36926576763071,8.515941045541002,39.5,0.05796217918395996,17.077601158647923,4.959405451626324,1.39564728906727,17.78314268534878,17.837824842815184
1517155444.21705,100.06337005208452,13.378433437085706,41.04754485708642,83.73602630455792,8.608707287634518,39.8,0.03282046318054199,16.327343747526598,4.769726149451188,1.2475448570864245,17.009774877718232,17.05546274837177
1517155444.3178182,100.75347567386189,13.317267972044204,41.195536561301836,83.73602630455792,8.608707287634518,39.8,0.0679476261138916,17.01744936930396,4.708560684409687,1.3955365613018387,17.65684362380752,17.71190698511943
1517155444.4169588,101.40024761611215,13.21359886828492,41.33616298037886,85.16548227934634,8.682920282100303,40.0,0.04940056800842285,16.23476533676582,4.530678586184617,1.3361629803788588,16.855107652909393,16.907985849926057
1517155444.517725,102.12124113286994,13.097935478587187,41.481756276457645,85.16548227934634,8.682920282100303,40.0,0.05136561393737793,16.955758853523605,4.415015196486884,1.481756276457645,17.52113345317746,17.583677634296983
1517155444.6168926,102.75537197332649,13.014219835195522,41.61656420117771,86.65763369146131,8.775686524193818,40.3,0.04119420051574707,16.097738281865176,4.238533311001705,1.3165642011777123,16.646391273182864,16.698373684755094
1517155444.7171144,103.48038941397505,12.904366643623382,41.76511628804612,86.65763369146131,8.775686524193818,40.3,0.059027671813964844,16.822755722513733,4.128680119429564,1.4651162880461257,17.321983420727012,17.383833736130807
1517155444.8169413,104.25780107567412,12.785804237211872,41.925760921914915,88.21248054143749,8.831346269449929,40.599999999999994,0.042276859283447266,16.045320534236637,3.954457967761943,1.3257609219149202,16.525436419810273,16.578531023201922
1517155444.9182258,104.98249001779106,12.690933425889638,42.089242342225035,88.21248054143749,8.831346269449929,40.599999999999994,0.05900764465332031,16.77000947635358,3.8595871564397086,1.4892423422250403,17.208417441913223,17.272737872410936
1517155445.0171363,105.70698120621383,12.585999876749021,42.25458497452895,89.83002282820567,8.887006014706037,40.900000000000006,0.04548072814941406,15.876958378008155,3.6989938620429843,1.3545849745289473,16.302158229155886,16.358339261112498
1517155445.1174834,106.54922206246425,12.44898775442427,42.43618941178202,89.83002282820567,8.887006014706037,40.900000000000006,0.05486631393432617,16.719199234258582,3.5619817397182327,1.5361894117820114,17.09442414791791,17.163310136969212
1517155445.2172382,107.35840584057344,12.326508740517006,42.61523498808401,91.49772146536972,8.96121900838085,41.2,0.03722071647644043,15.860684375203718,3.365289732136157,1.4152349880840092,16.2137745090726,16.275422387838343
1517155445.3170807,108.20541499100847,12.196555333176354,42.797424557483666,91.49772146536972,8.96121900838085,41.2,0.0626218318939209,16.707693525638746,3.2353363247955045,1.597424557483663,17.01806170165134,17.09286954545854
1517155445.4170933,108.91889747642642,12.111093661336731,42.96809063844716,93.20303736492971,9.016878754427932,41.599999999999994,0.03714609146118164,15.71586011149671,3.0942149069087996,1.368090638447164,16.01756613641005,16.075885572162946
1517155445.5169506,109.763005218157,12.00279721225445,43.1457332827371,93.20303736492971,9.016878754427932,41.599999999999994,0.06271123886108398,16.559967853227292,2.985918457826518,1.5457332827371033,16.82700936995967,16.897855950329074
1517155445.6168942,110.71743360434832,11.870681511327628,43.328071212736674,94.93343143942035,9.072538499684043,41.900000000000006,0.03729128837585449,15.78400216492797,2.7981430116435853,1.4280712127366684,16.030106944623316,16.093592390908498
1517155445.7172549,111.25985667909939,11.869189720816703,43.484573116106006,94.93343143942035,9.072538499684043,41.900000000000006,0.06306934356689453,16.32642523967904,2.7966512211326595,1.5845731161060002,16.564221055017697,16.639840477594053
1517155445.81699,112.32089838494356,11.715590168956682,43.6714113676116,96.7014427768415,9.165304741777557,42.2,0.04775714874267578,15.619455608102058,2.5502854271791247,1.4714113676115943,15.826286653967603,15.89453996397158
1517155445.917034,113.30640924931515,11.579866517168991,43.848915486612455,96.7014427768415,9.165304741777557,42.2,0.05228686332702637,16.60496647247365,2.4145617753914337,1.6489154866124522,16.779601309898734,16.860425332747266
1517155446.0169525,114.17443814763567,11.470643697279472,44.01814002906072,98.48199320119342,9.258070983871075,42.5,0.041709184646606445,15.69244494644225,2.212572713408397,1.5181400290607172,15.847659335347927,15.920209029942942
1517155446.117355,114.71090870924442,11.46498410682607,44.156736589680534,98.48199320119342,9.258070983871075,42.5,0.05869340896606445,16.228915508051003,2.206913122954994,1.6567365896805342,16.378283307469353,16.46186320643309
1517155446.2179615,115.60292930312062,11.366036237494741,44.31827812963243,100.30016088847586,9.350837226755562,42.8,0.03420901298522949,15.30276841464476,2.0151990107391793,1.518278129632435,15.434887372609282,15.509381570006383
1517155446.3169606,116.54447135952032,11.25358770256322,44.484732254619615,100.30016088847586,9.350837226755562,42.8,0.06479001045227051,16.244310471044457,1.9027504758076574,1.6847322546196182,16.35536860033643,16.441910011389385
1517155446.4182868,117.48187973721397,11.147075305154553,44.65655760058034,102.14340675015436,9.425050220430375,43.099999999999994,0.05505800247192383,15.338472987059617,1.7220250847241783,1.5565576005803479,15.434834756717576,15.513123332556257
1517155446.5186417,118.31297108364953,11.058888502206958,44.82378561464321,102.14340675015436,9.425050220430375,43.099999999999994,0.04529690742492676,16.169564333495174,1.6338382817765833,1.7237856146432122,16.251899527933276,16.343061987011147
1517155446.6171386,119.13274343952983,10.974824397982122,44.989587310918935,104.02426987476339,9.51781646252389,43.400000000000006,0.038194894790649414,15.108473564766442,1.4570079354582326,1.5895873109189296,15.178565333431044,15.261573752410632
1517155446.7179887,120.0585812693499,10.854571163579854,45.15591097579794,104.02426987476339,9.51781646252389,43.400000000000006,0.06265521049499512,16.03431139458651,1.3367547010559644,1.7559109757979314,16.08993645199887,16.18546503453916
1517155446.8169594,121.04464691611926,10.712575547931316,45.33142405934622,105.93021117430308,9.610582705408378,43.7,0.04192185401916504,15.11443574181618,1.1019928425229377,1.631424059346216,15.154555619300165,15.242116010576611
1517155446.9186764,121.84003010580028,10.624787994689662,45.499871491763166,105.93021117430308,9.610582705408378,43.7,0.05979514122009277,15.909818931497199,1.0142052892812838,1.799871491763163,15.94211249495602,16.04339391116152
1517155447.0169263,123.02712678656164,10.433872845679662,45.68277221866616,107.8737697362387,9.68479569908319,44.0,0.0483243465423584,15.153357050322938,0.7490771465964716,1.682772218666159,15.171860349545964,15.26489661956607
1517155447.1174035,123.70571763388841,10.397422305509805,45.8421733350867,107.8737697362387,9.68479569908319,44.0,0.05215287208557129,15.831947897649712,0.712626606426614,1.8421733350866987,15.847978133316637,15.954686255473241
1517155447.2170758,124.54145845275033,10.321023987893595,46.003812999355645,109.84240647363953,9.759008692758004,44.400000000000006,0.03857564926147461,14.699051979110806,0.5620152951355912,1.6038129993556396,14.709792326085628,14.796966121927486
1517155447.3183672,125.49591930796967,10.215227464457092,46.16959702396676,109.84240647363953,9.759008692758004,44.400000000000006,0.06271576881408691,15.653512834330144,0.4562187716990884,1.7695970239667531,15.660159629524507,15.75982465795293
1517155447.4172175,126.6582338605075,10.041788774151685,46.335832605041176,111.83612138543647,9.833221686432815,44.7,0.03467059135437012,14.822112475071023,0.20856708771887078,1.6358326050411733,14.823579812371086,14.913566534047158
1517155447.5168831,127.49189475076841,9.969515472248874,46.482079078220764,111.83612138543647,9.833221686432815,44.7,0.06499505043029785,15.655773365331939,0.13629378581605955,1.782079078220761,15.656366617535788,15.757462406863649
1517155447.6168425,128.5085108152553,9.85930694134213,46.63241233904871,113.84237538523327,9.925987929317303,45.0,0.03701305389404297,14.666135430022038,-0.06668098797517352,1.632412339048713,14.666287014984572,14.756854165118781
1517155447.716984,129.2299505384718,9.834976052497659,46.769091960618276,113.84237538523327,9.925987929317303,45.0,0.06312847137451172,15.38757515323853,-0.0910118768196444,1.769091960618276,15.387844301860023,15.489203937691899
1517155447.8173952,130.195930754463,9.7511633876552,46.91626228321922,115.86116847196081,10.000200922992116,45.2,0.038125038146972656,14.334762282502197,-0.24903753533691564,1.7162622832192156,14.336925381331044,14.439286187850671
1517155447.917057,131.14728609604336,9.662842477232726,47.069416206758966,115.86116847196081,10.000200922992116,45.2,0.06153678894042969,15.28611762408255,-0.33735844575939034,1.869416206758963,15.289839853255897,15.403698247249112
1517155448.0169432,131.97082296939544,9.61969964675221,47.24064422008893,117.82980520882708,10.092967165085632,45.5,0.04279136657714844,14.14101776056836,-0.4732675183334223,1.7406442200889316,14.148935134794394,14.255602679281864
1517155448.1167245,133.13469973731603,9.47940306332686,47.45800855404309,117.82980520882708,10.092967165085632,45.5,0.05698990821838379,15.304894528488944,-0.6135641017587723,1.95800855404309,15.317188300570633,15.44182809556057
1517155448.2172742,133.9078884432778,9.445099682777101,47.69716422671622,119.73574650836676,10.167180158760445,46.0,0.03630995750427246,14.172141934911053,-0.7220804759833435,1.6971642267162181,14.19052526290203,14.291653985788559
1517155448.3168733,134.78313972319035,9.381977855637977,47.968363386598,119.73574650836676,10.167180158760445,46.0,0.06328916549682617,15.047393214823586,-0.7852023031224675,1.968363386598,15.067865980899477,15.195888905886594
1517155448.4174025,135.34873967214347,9.39472268229272,48.253138150645995,121.54137510818386,10.222839904807527,46.5,0.04952836036682129,13.80736456395961,-0.8281172225148072,1.753138150645995,13.832176052100884,13.942832843850766
1517155448.5170574,136.27759347279152,9.298752170354177,48.57271788908915,121.54137510818386,10.222839904807527,46.5,0.05012655258178711,14.736218364607666,-0.9240877344533498,2.072717889089148,14.765164063780915,14.909937266069148
1517155448.6175203,137.05869667112154,9.229634355445196,48.9089357916521,123.1965346578826,10.278499650063639,47.099999999999994,0.035447120666503906,13.862162013238944,-1.0488652946184427,1.8089357916521038,13.901786003515513,14.018983657379012
1517155448.7178934,137.69603035566166,9.184513651608423,49.25710653948494,123.1965346578826,10.278499650063639,47.099999999999994,0.0649259090423584,14.499495697779068,-1.0939859984552154,2.1571065394849427,14.5407077150574,14.699839777270311
1517155448.8168478,138.4673830987362,9.099023502450962,49.62257878127096,124.67614698253227,10.315606146901043,47.8,0.042848825454711914,13.791236116203933,-1.2165826444500816,1.8225787812709626,13.844792051297299,13.964242204917674
1517155448.9167123,138.9604116775175,9.080832666433647,49.977744872173375,124.67614698253227,10.315606146901043,47.8,0.05701565742492676,14.284264694985225,-1.2347734804673962,2.1777448721733776,14.337534077534634,14.501981111308357
1517155449.0167418,139.84641806266885,8.955457868888747,50.381891033546566,126.00529025706354,10.352712643738451,48.599999999999994,0.04567599296569824,13.84112780560531,-1.3972547748497046,1.7818910335465716,13.911475113622595,14.02513014172683
1517155449.1171875,140.4039447277178,8.910165656993232,50.75925852768178,126.00529025706354,10.352712643738451,48.599999999999994,0.05476975440979004,14.398654470654265,-1.442546986745219,2.1592585276817857,14.470735723323115,14.63094630444751
1517155449.2175713,140.8199205820992,8.897918172426767,51.10204802007384,127.18396448201098,10.389819140575856,49.3,0.03312110900878906,13.635956100088222,-1.4919009681490891,1.8020480200738405,13.717327263803885,13.835188626431858
1517155449.3174374,141.33063526548437,8.860130920269022,51.47159842732371,127.18396448201098,10.389819140575856,49.3,0.06674504280090332,14.146670783473397,-1.5296882203068343,2.1715984273237154,14.229133505147995,14.393890371851528
1517155449.4177527,141.98433127434294,8.771007412818474,51.83536536369445,128.24978691923602,10.408372388994557,50.0,0.03707456588745117,13.73454435510692,-1.6373649761760838,1.83536536369445,13.831799330080214,13.953036899752567
1517155449.5189686,142.65270432793943,8.682373261664388,52.204194143106676,128.24978691923602,10.408372388994557,50.0,0.06414127349853516,14.402917408703416,-1.7259991273301694,2.204194143106676,14.505967836358815,14.672476774218529
1517155449.6198308,143.044214444633,8.682145740967865,52.53842113667463,129.20275756873855,10.426925637413262,50.7,0.03126668930053711,13.841456875894465,-1.7447798964453973,1.8384211366746257,13.950992270598038,14.071601813939242
1517155449.716808,143.26198316190096,8.685956295413504,52.799468265445256,129.20275756873855,10.426925637413262,50.7,0.06571054458618164,14.05922559316241,-1.740969341999758,2.0994682654452532,14.166608575421852,14.321332533211693
1517155449.8171372,143.85371712785133,8.599839000196912,53.145225695363564,130.05541551851852,10.445478885831966,51.3,0.04096794128417969,13.79830160933281,-1.8456398856350535,1.8452256953635668,13.921189384875252,14.042947402749657
1517155449.91713,144.24032168402516,8.559303796645406,53.44923422934619,130.05541551851852,10.445478885831966,51.3,0.059024810791015625,14.184906165506646,-1.88617508918656,2.1492342293461917,14.309759585377261,14.470260093166594
1517155450.0169516,144.56008736324466,8.528442289421779,53.74444055942017,130.85791711843726,10.445478885831966,52.0,0.04287528991699219,13.702170244807405,-1.9170365964101865,1.7444405594201697,13.835624262376504,13.94516301787152
1517155450.1173117,144.98971658822262,8.477481473170151,54.08874911284458,130.85791711843726,10.445478885831966,52.0,0.05748486518859863,14.131799469785363,-1.9679974126618145,2.0887491128445816,14.268173326339621,14.420251139521756
1517155450.216963,145.32419349467872,8.445741502140176,54.412529614297895,131.59772328049482,10.445478885831966,52.599999999999994,0.040705204010009766,13.726470214183905,-1.999737383691789,1.812529614297901,13.871371026131932,13.989288679104428
1517155450.3172052,145.67160523809181,8.410695307132347,54.73759806897165,131.59772328049482,10.445478885831966,52.599999999999994,0.05953693389892578,14.073881957596996,-2.034783578699619,2.1375980689716556,14.22021439952717,14.379979939937025
1517155450.416934,145.91869823348765,8.3971030312653,55.00761481125373,132.35006853055225,10.464032134250669,53.2,0.05276751518249512,13.568629702935397,-2.0669291029853696,1.8076148112537282,13.72515602578523,13.843676507272644
1517155450.5179198,146.3082851010877,8.343619586843378,55.28524145804279,132.35006853055225,10.464032134250669,53.2,0.0482182502746582,13.958216570535456,-2.120412547407291,2.0852414580427876,14.118355400016421,14.27151677781704
1517155450.6172905,146.62030811040435,8.304195788463584,55.48514594342191,133.1024137806097,10.482585382669372,53.599999999999994,0.03990006446838379,13.517894329794643,-2.178389594205788,1.885145943421918,13.692291566265972,13.821455189799602
1517155450.717044,146.935063906194,8.272647390513736,55.63105304560855,133.1024137806097,10.482585382669372,53.599999999999994,0.059853553771972656,13.83265012558428,-2.209937992155636,2.0310530456085587,14.008070367684468,14.154547392978536
1517155450.817129,147.3451713033678,8.215369843301449,55.76043967711297,133.90491537999384,10.501138631088075,53.900000000000006,0.04455971717834473,13.440255923373968,-2.285768787786626,1.8604396771129643,13.633239462321807,13.759594980564826
1517155450.91754,147.77575829856426,8.187919778301403,55.84375654972209,133.90491537999384,10.501138631088075,53.900000000000006,0.05585145950317383,13.870842918570418,-2.3132188527866724,1.9437565497220817,14.062406079065658,14.196107010625493
1517155451.0173109,148.19600236580024,8.138284635118456,55.88821596396619,134.75757332977383,10.538245128716454,54.0,0.04328179359436035,13.438429036026406,-2.399960493597998,1.8882159639661893,13.651050704145405,13.781021183269603
1517155451.117025,148.65967785007817,8.112153287340341,55.919115417498205,134.75757332977383,10.538245128716454,54.0,0.056432247161865234,13.902104520304334,-2.4260918413761132,1.9191154174982046,14.112208605185012,14.242100817714261
1517155451.21704,149.10895404329563,8.072801075505076,55.91774880152708,135.69800489234564,10.575351625553859,54.099999999999994,0.03760790824890137,13.410949150949989,-2.502550550048783,1.8177488015270882,13.642445396076017,13.763013009162233
1517155451.3167572,149.67008317424092,7.995352439454892,55.9402851822357,135.69800489234564,10.575351625553859,54.099999999999994,0.06210923194885254,13.972078281895278,-2.5799991860989673,1.8402851822357036,14.208285164497546,14.326968167328262
1517155451.4173112,150.1366848205676,7.970375589187282,55.92154978149429,136.72621006717466,10.612458122391265,54.099999999999994,0.034703969955444336,13.410474753392947,-2.6420825332039835,1.8215497814942978,13.668263723811126,13.789107180311317
1517155451.5170903,150.69576101083916,7.9301103004277005,55.92577644428101,136.72621006717466,10.612458122391265,54.099999999999994,0.06507515907287598,13.969550943664501,-2.682347821963565,1.8257764442810185,14.224744054134346,14.341436574838724
1517155451.6168802,151.22565776897412,7.909889527813285,55.92403137482036,137.8171106793303,10.649564619228672,54.099999999999994,0.03702712059020996,13.408547089643804,-2.7396750914153865,1.8240313748203647,13.685574692416727,13.806594262092528
1517155451.7178824,151.8406005850914,7.8704157383828255,55.9523576917403,137.8171106793303,10.649564619228672,54.099999999999994,0.06397509574890137,14.023489905761096,-2.779148880845846,1.852357691740309,14.296221096460775,14.41572636591856
1517155451.8170326,152.38687682078776,7.867927747017164,55.97621925790273,138.97070672881253,10.668117867647377,54.2,0.042180776596069336,13.416170091975232,-2.800190120630213,1.7762192579027243,13.70527944437784,13.819900126289996
1517155451.9197974,153.0249589719915,7.8331732366717945,56.01823268271431,138.97070672881253,10.668117867647377,54.2,0.060584068298339844,14.05425224317898,-2.834944630975582,1.81823268271431,14.337326012042784,14.45215856763581
1517155452.016944,153.62408792007605,7.80351432646743,56.054556531194066,140.14938095376,10.705224364484783,54.3,0.04714536666870117,13.474706966316063,-2.9017100380173533,1.7545565311940692,13.783600725964797,13.894823409960022
1517155452.116998,154.19261239381814,7.7790420081866225,56.086583781170106,140.14938095376,10.705224364484783,54.3,0.05290865898132324,14.04323144005815,-2.9261823562981606,1.7865837811701084,14.344855958194504,14.45568310625577
1517155452.2169745,154.84798758445476,7.734317087781204,56.11680669567609,141.34059426563815,10.705224364484783,54.3,0.03519272804260254,13.50739331881661,-2.9709072767035787,1.8168066956760924,13.830255395905814,13.949077062136956
1517155452.3167791,155.39785956502638,7.7040169174505175,56.13931395764526,141.34059426563815,10.705224364484783,54.3,0.06461191177368164,14.057265299388234,-3.0012074470342656,1.8393139576452597,14.374072277455632,14.491274259784996
1517155452.4180017,156.05690800316722,7.637874525006077,56.162067888368924,142.49419031565498,10.723777612903485,54.400000000000006,0.04813337326049805,13.562717687512247,-3.0859030878974076,1.762067888368918,13.909353289749037,14.020520396271788
1517155452.5166974,156.65297930477655,7.58093866946689,56.17962102512875,142.49419031565498,10.723777612903485,54.400000000000006,0.050562381744384766,14.158788989121575,-3.142838943436595,1.7796210251287476,14.503404505937633,14.612179620300742
1517155452.6175106,157.18285992492744,7.5506962497336945,56.19401813636415,143.58509092781063,10.723777612903485,54.400000000000006,0.038125038146972656,13.597768997116816,-3.17308136316979,1.7940181363641443,13.963085870832662,14.077864472633987
1517155452.7167065,157.66138902158877,7.536370019653728,56.19959459579373,143.58509092781063,10.723777612903485,54.400000000000006,0.061070919036865234,14.07629809377815,-3.1874075932497563,1.799594595793721,14.432662096453605,14.544424220285192
1517155452.816684,158.20649759220294,7.49850670428522,56.196486863478356,144.56313975277837,10.705224364484783,54.400000000000006,0.03876352310180664,13.643357839424567,-3.206717660199563,1.79648686347835,14.015143641319682,14.129813032643915
1517155452.9166048,158.5445292641654,7.50043913760662,56.186871178974286,144.56313975277837,10.705224364484783,54.400000000000006,0.0611572265625,13.981389511387022,-3.2047852268781627,1.7868711789742804,14.34398483753868,14.454854189156958
1517155453.017411,158.98696210648887,7.45927095935225,56.16601700953139,145.4283367900237,10.649564619228672,54.400000000000006,0.04230451583862305,13.558625316465168,-3.1902936598764216,1.7660170095313816,13.92890139632476,14.040409900942779
1517155453.1199083,159.2633060886741,7.446861703657949,56.141283249630874,145.4283367900237,10.649564619228672,54.400000000000006,0.06019282341003418,13.834969298650407,-3.2027029155707227,1.7412832496308681,14.200833829744102,14.307192205860995
1517155453.2198863,159.58003420060203,7.399107666077861,56.112912248434995,146.1305256896853,10.556798377135157,54.3,0.03542351722717285,13.44950851091673,-3.1576907110572963,1.8129122484349978,13.815219499230516,13.933662140027822
1517155453.3178947,159.71670985742395,7.363726406706758,56.083447850571815,146.1305256896853,10.556798377135157,54.3,0.06258487701416016,13.58618416773865,-3.1930719704283996,1.783447850571818,13.95636445669315,14.069854124466149
1517155453.416757,159.83268155798913,7.310510102126931,56.05611985868438,146.66970645229773,10.445478885831966,54.2,0.03477048873901367,13.162975105691402,-3.134968783705035,1.8561198586843801,13.531147139391273,13.65785941638217
1517155453.516821,159.88569822990553,7.270824784100264,56.026867704396324,146.66970645229773,10.445478885831966,54.2,0.0652933120727539,13.215991777607798,-3.1746541017317016,1.8268677043963208,13.591941264272695,13.714164682575644
1517155453.6166432,159.870916656646,7.245491724395166,56.00435341084838,147.09603542718773,10.315606146901043,54.2,0.03722500801086426,12.77488122945826,-3.0701144225058767,1.8043534108483783,13.138614576660796,13.261933653328377
1517155453.7167437,159.7640300970089,7.23261248113472,55.98293604487675,147.09603542718773,10.315606146901043,54.2,0.06287550926208496,12.667994669821184,-3.082993665766323,1.7829360448767488,13.037750530585145,13.159095707452467
1517155453.8176818,159.44851942935972,7.411515663008733,55.89367175975518,147.4095126143553,10.167180158760445,54.099999999999994,0.04146289825439453,12.039006815004427,-2.755664495751712,1.7936717597551848,12.350359181208844,12.47992909781994
1517155453.916613,159.09772637622208,7.410823311630538,55.88427511847833,147.4095126143553,10.167180158760445,54.099999999999994,0.057468414306640625,11.688213761866791,-2.756356847129907,1.7842751184783339,12.00882358983644,12.140654089060979
1517155454.0188644,158.93000502427307,7.459433436464043,55.83554936446437,147.66029436419626,10.037307419829524,54.099999999999994,0.0418093204498291,11.26971066007681,-2.577873983365481,1.7355493644643758,11.560787716931815,11.690335505555613
1517155454.1165442,158.77979535281986,7.540337643181204,55.78693033905276,147.66029436419626,10.037307419829524,54.099999999999994,0.05587053298950195,11.1195009886236,-2.49696977664832,1.6869303390527648,11.396409974263666,11.520585673927913
1517155454.2167628,158.69615089514085,7.612857216072794,55.754002992334776,147.84838067671058,9.888881431688926,54.099999999999994,0.03755307197570801,10.84777021843027,-2.2760242156161317,1.6540029923347817,11.08397063068708,11.206700265492342
1517155454.317005,158.6112080533119,7.668268013788141,55.70803359431524,147.84838067671058,9.888881431688926,54.099999999999994,0.06268906593322754,10.762827376601336,-2.2206134179007853,1.6080335943152448,10.989521240267031,11.106545328351505
1517155454.4165816,158.492730353877,7.703335959560509,55.66058927428632,148.01138881429432,9.777561941176707,54.099999999999994,0.04942011833190918,10.481341539582672,-2.0742259816161974,1.560589274286329,10.684612014116047,10.797980032173168
1517155454.5181806,158.41434544028868,7.739204310993029,55.61333658944933,148.01138881429432,9.777561941176707,54.099999999999994,0.05217885971069336,10.402956625994364,-2.038357630183678,1.513336589449338,10.60077395244555,10.708248970948247
1517155454.6169572,158.31171666090177,7.784029235260882,55.56503311699656,148.1493187769474,9.647689202245784,54.099999999999994,0.03877401351928711,10.162397883954355,-1.863659966984902,1.4650331169965654,10.331871041797905,10.435223105340814
1517155454.7166295,158.18779097484367,7.8460634448371325,55.51446192029917,148.1493187769474,9.647689202245784,54.099999999999994,0.0608983039855957,10.038472197896255,-1.8016257574086518,1.4144619202991748,10.198861673622913,10.296479105095624
1517155454.8169668,158.07716279826283,7.907731040322919,55.46057172783911,148.24963147666998,9.536369710942592,54.099999999999994,0.0427091121673584,9.827531321592858,-1.6286386706196732,1.3605717278391154,9.961567938649342,10.05405347225295
1517155454.9169812,157.98643070362618,7.965267291052432,55.40722264932252,148.24963147666998,9.536369710942592,54.099999999999994,0.057305335998535156,9.736799226956208,-1.5711024198901606,1.3072226493225259,9.862739071872465,9.94899256481487
1517155455.0170922,157.86745588213483,8.041766826694996,55.35037240537706,148.3499441769271,9.40649697201167,54.0,0.041703224182128906,9.517511705207738,-1.364730145316674,1.3503724053770583,9.614859199608821,9.709223607555147
1517155455.118168,157.85238986363328,8.041954415791082,55.237169011424214,148.3499441769271,9.40649697201167,54.0,0.059372663497924805,9.502445686706182,-1.364542556220588,1.2371690114242142,9.59991929218876,9.679309767714138
1517155455.217186,157.6848752909694,8.171474178995123,55.24410609802095,148.45025687664966,9.276624232289777,54.0,0.037164926528930664,9.234618414319726,-1.105150053294654,1.24410609802095,9.300512561057598,9.383354084842107
1517155455.3186762,157.60450746750334,8.245530998914994,55.19563875753235,148.45025687664966,9.276624232289777,54.0,0.06432533264160156,9.154250590853678,-1.0310932333747829,1.1956387575323504,9.212136404551128,9.289403058031754
1517155455.417657,157.53789682413029,8.314444758775373,55.14980902881469,148.53803048890688,9.146751493358856,54.0,0.038802385330200195,8.999866335223402,-0.8323067345834829,1.149809028814687,9.038270219036413,9.111113507967305
1517155455.5172546,157.4784702248169,8.380823047353214,55.104512705237966,148.53803048890688,9.146751493358856,54.0,0.06079530715942383,8.940439735910019,-0.7659284460056419,1.1045127052379655,8.973188343941045,9.040910207046164
1517155455.6164253,157.3985324857551,8.44867106228671,55.057418084775435,148.6258041016987,9.016878754427932,53.900000000000006,0.03798055648803711,8.772728384056421,-0.5682076921412218,1.1574180847754292,8.79111046920909,8.866974675998735
1517155455.717069,157.33580371997942,8.504702019340211,55.012543961358304,148.6258041016987,9.016878754427932,53.900000000000006,0.06266307830810547,8.709999618280733,-0.5121767350877207,1.1125439613582984,8.725045464547199,8.795690559834995
1517155455.8166003,157.2624051363667,8.554585626041664,54.96863653679213,148.7135777139559,8.905559263124742,53.900000000000006,0.04103517532348633,8.548827422410795,-0.3509736370830776,1.068636536792127,8.556029031746569,8.62250641286263
1517155455.9165573,157.188089572776,8.604119109116699,54.9279784621401,148.7135777139559,8.905559263124742,53.900000000000006,0.05892181396484375,8.47451185882008,-0.30144015400804314,1.0279784621400978,8.479871308677422,8.54195277031865
1517155456.0182676,157.10512450790296,8.650789848686234,54.890013844433355,148.7888122392824,8.775686524193818,53.900000000000006,0.04169774055480957,8.31631226862055,-0.12489667550758377,0.9900138444333493,8.31725008213421,8.37596420365627
1517155456.1166785,157.01325268691554,8.697130258582423,54.857359551685775,148.7888122392824,8.775686524193818,53.900000000000006,0.056713104248046875,8.224440447633128,-0.07855626561139495,0.9573595516857694,8.224815606658343,8.280345951392043
1517155456.2177217,156.91075172195787,8.743181935353388,54.82424239838443,148.851507676609,8.682920282100303,53.900000000000006,0.03840208053588867,8.059244045348862,0.06026165325308419,0.9242423983844219,8.05946934043079,8.112291295331751
1517155456.3170264,156.8087253120489,8.783897729294484,54.78878731963937,148.851507676609,8.682920282100303,53.900000000000006,0.06090259552001953,7.957217635439889,0.10097744719418067,0.8887873196393627,7.95785831380513,8.007337375317038
1517155456.4165478,156.69963147245255,8.82010834637839,54.75417657373315,148.9016640264703,8.590154039215815,53.900000000000006,0.0528409481048584,7.797967445982238,0.2299543071625756,0.8541765737331417,7.8013572711407955,7.847980179071291
1517155456.51764,156.58417922957779,8.881875377435112,54.71270591194828,148.9016640264703,8.590154039215815,53.900000000000006,0.04825139045715332,7.682515203107471,0.2917213382192969,0.8127059119482709,7.688051845893724,7.73088818212148
1517155456.617033,156.46464907105099,8.935929760245436,54.66974051254661,148.9267422014009,8.497387797122299,53.8,0.038280487060546875,7.537906869650072,0.43854196312313753,0.8697405125466133,7.550652887594399,7.600579424498009
1517155456.7164257,156.33781111360378,8.989134295565599,54.62608568335756,148.9267422014009,8.497387797122299,53.8,0.061112165451049805,7.411068912202865,0.4917464984433,0.8260856833575616,7.427365417168526,7.473163627032352
1517155456.8184962,156.2027276699901,9.034928641601393,54.58073244259293,148.9267422014009,8.441728051866189,53.8,0.035387277603149414,7.275985468589198,0.5932005897352042,0.7807324425929352,7.300126812513832,7.341756916821783
1517155456.9165664,156.06901085720577,9.087755548640803,54.5344317535931,148.9267422014009,8.441728051866189,53.8,0.0626828670501709,7.142268655804855,0.6460274967746145,0.7344317535930998,7.171426153721543,7.208934947616548
1517155457.0173428,155.92684926179086,9.138172551163454,54.484717449345624,148.91420311393557,8.386068306610081,53.8,0.0436098575592041,7.012646147855293,0.7521042445533723,0.6847174493456265,7.052862311835165,7.086021787656545
1517155457.11738,155.77529120463194,9.185849509267111,54.435139307723006,148.91420311393557,8.386068306610081,53.8,0.0564272403717041,6.86108809069637,0.7997812026570301,0.6351393077230085,6.9075451327095285,6.936683768245022
1517155457.21648,155.61327451573908,9.286427783414457,54.38145537657854,148.88912493900497,8.330408560562999,53.7,0.04116559028625488,6.724149576734106,0.9560192228514577,0.6814553765785405,6.791771512996809,6.825872963586619
1517155457.3166003,155.44412408840367,9.360905058831257,54.327509894527026,148.88912493900497,8.330408560562999,53.7,0.058954715728759766,6.5549991493986965,1.030496498268258,0.627509894527023,6.6355057743596895,6.665111068038558
1517155457.4171855,155.2752880179521,9.438802688224477,54.277108712098624,148.8765858515396,8.293302063725593,53.7,0.037267208099365234,6.398702166412505,1.1455006244988848,0.5771087120986209,6.500427762476821,6.525995369348613
1517155457.5165312,155.1119174181961,9.517901665071921,54.230515645651934,148.8765858515396,8.293302063725593,53.7,0.06207847595214844,6.235331566656498,1.2245996013463287,0.5305156456519313,6.354447570777539,6.376554773546767
1517155457.617447,154.95018391221075,9.611278632210585,54.18676595759152,148.82642950167835,8.27474881530689,53.599999999999994,0.038897037506103516,6.123754410532399,1.3365298169036954,0.5867659575915241,6.267908744708049,6.295313679315427
1517155457.7165534,154.7825398381184,9.697985735726885,54.14841960443465,148.82642950167835,8.27474881530689,53.599999999999994,0.06020951271057129,5.956110336440048,1.4232369204199955,0.5484196044346561,6.123794058546921,6.1483020203974075
1517155457.816526,154.59884149343588,9.780284513165267,54.112504905084535,148.76373406435178,8.256195566888186,53.599999999999994,0.04365062713623047,5.835107429084104,1.5240889462770806,0.5125049050845405,6.030864434317562,6.0526016805050205
1517155457.9170787,154.39555249899553,9.853107431013537,54.07742530349138,148.76373406435178,8.256195566888186,53.599999999999994,0.056902170181274414,5.631818434643748,1.5969118641253512,0.4774253034913869,5.853845435487467,5.873281987355222
1517155458.0164623,154.17743027188266,9.928228821082556,54.041609027023725,148.65088227662935,8.21908907005078,53.5,0.044000864028930664,5.52654799525331,1.7091397510317758,0.5416090270237248,5.784798305247586,5.810097397681809
1517155458.116403,153.93747446973506,9.995805646917109,54.00598464691278,148.65088227662935,8.21908907005078,53.5,0.05593991279602051,5.286592193105719,1.7767165768663293,0.5059846469127791,5.577165840345609,5.600071363262203
1517155458.2163782,153.68233597662825,10.057213273028704,53.97020527999446,148.51295231397623,8.200535821632077,53.5,0.03831315040588379,5.169383662652024,1.856677451396628,0.4702052799944596,5.492702304896774,5.512791635419663
1517155458.316476,153.41028843808422,10.075108464221408,53.93992287590265,148.51295231397623,8.200535821632077,53.5,0.06178474426269531,4.897336124107994,1.8745726425893317,0.4399228759026528,5.2438462701377375,5.262267176947587
1517155458.417072,153.1336861190336,9.943131875734924,53.926013740544164,148.29978782653123,8.181982573213373,53.5,0.05366230010986328,4.833898292502369,1.7611493025215506,0.42601374054416397,5.144727356044192,5.162335447756363
1517155458.516423,152.91201049878225,9.595064413494114,53.94159741160185,148.29978782653123,8.181982573213373,53.5,0.045688629150390625,4.612222672251022,1.413081840280741,0.4415974116018475,4.823836467559567,4.844007281135219
1517155458.618186,152.69762785967959,9.327482111212216,53.9513262345919,148.0490060766903,8.181982573213373,53.5,0.032495975494384766,4.648621782989295,1.1454995379988429,0.45132623459190313,4.787677273254551,4.808903101838198
1517155458.7165337,152.50318739826622,9.049929733799512,53.96933742764031,148.0490060766903,8.181982573213373,53.5,0.06585168838500977,4.4541813215759305,0.8679471605861391,0.46933742764031194,4.537958078149846,4.562164085171583
1517155458.8170698,152.25127224892526,8.909005875712616,53.966930316844994,147.74806797698807,8.181982573213373,53.5,0.043395280838012695,4.503204271937193,0.7270233024992425,0.4669303168449943,4.561514178117863,4.5853500976435
1517155458.9165344,151.95380122117575,8.984432971287028,53.94469930160443,147.74806797698807,8.181982573213373,53.5,0.056069374084472656,4.205733244187684,0.8024503980736544,0.4446993016044303,4.281602359238189,4.304634273835757
1517155459.016518,151.64135249432044,9.057468820158473,53.91339002070586,147.4095126143553,8.200535821632077,53.5,0.048044443130493164,4.23183987996515,0.8569329985263963,0.4133900207058616,4.317731225264826,4.337475561066148
1517155459.1166663,151.38260726537789,9.167171605436359,53.884702947767664,147.4095126143553,8.200535821632077,53.5,0.05210375785827637,3.973094651022592,0.9666357838042821,0.3847029477676642,4.08899325562115,4.1070503043591255
1517155459.2163482,151.070895095299,9.267465550697779,53.85126706724469,147.02080090186126,8.237642318469483,53.5,0.03739476203918457,4.0500941934377295,1.0298232322282956,0.3512670672446916,4.1789710294945985,4.193708074948211
1517155459.3163362,150.79939076684687,9.37025086309821,53.828428241793134,147.02080090186126,8.237642318469483,53.5,0.06259322166442871,3.778589864985605,1.1326085446287273,0.3284282417931337,3.9446854732840153,3.9583340679060006
1517155459.4163475,150.50179940679405,9.40804155349472,53.80381166642523,146.59447192697124,8.27474881530689,53.5,0.04374051094055176,3.9073274798228113,1.13329273818783,0.30381166642523283,4.068360906434894,4.079688957955475
1517155459.51631,150.20459594898608,9.461799266224432,53.78416850146833,146.59447192697124,8.27474881530689,53.5,0.056221961975097656,3.610124022014844,1.1870504509175426,0.2841685014683293,3.800274230546024,3.8108838823268982
1517155459.6164863,149.9509136522112,9.502433757376664,53.76902648147015,146.15560386461595,8.293302063725593,53.5,0.03770875930786133,3.7953097875952437,1.2091316936510719,0.2690264814701493,3.9832619593001617,3.992336544448623
1517155459.7164924,149.8066420186087,9.505186430542771,53.782233797869324,146.15560386461595,8.293302063725593,53.5,0.06229734420776367,3.6510381539927437,1.2118843668171788,0.2822337978693241,3.846913479719373,3.857252809592127
1517155459.816415,149.48483697747196,9.545477116517777,53.75552422723861,145.69165762733,8.311855312144296,53.5,0.04521512985229492,3.793179350141969,1.233621804373481,0.25552422723860957,3.988738188772125,3.9969144310674234
1517155459.916268,149.09554984110272,9.578342643619738,53.72948368565267,145.69165762733,8.311855312144296,53.5,0.054637908935546875,3.4038922137727354,1.2664873314754423,0.2294836856526672,3.63186899044699,3.6391118594721945
1517155460.0163083,148.25203868714885,9.743855115376796,53.610667463756755,145.19009412764805,8.311855312144296,53.400000000000006,0.04332423210144043,3.0619445595008017,1.4319998032325003,0.21066746375674938,3.3802556000862536,3.386813945613219
1517155460.11638,147.8206266603337,9.736388718008836,53.58865081894123,145.19009412764805,8.311855312144296,53.400000000000006,0.0567474365234375,2.630532532685635,1.4245334058645405,0.18865081894122682,2.991487394247472,2.9974298926628333
1517155460.2163484,147.96124512073544,9.631828251180345,53.57956369422,144.66345245250093,8.311855312144296,53.400000000000006,0.0402836799621582,3.297792668234507,1.3199729390360488,0.1795636942199934,3.552149355312743,3.5566849962754175
1517155460.31742,147.58293855100692,9.601584304403406,53.56359555646557,144.66345245250093,8.311855312144296,53.400000000000006,0.06078791618347168,2.9194860985059847,1.2897289922591106,0.163595556465566,3.19167666796676,3.19586662095568
1517155460.4170115,147.1307685346082,9.596831074889472,53.52824292802518,144.12427169042306,8.27474881530689,53.400000000000006,0.04368448257446289,3.0064968441851363,1.322082259582583,0.12824292802517334,3.2843454104582506,3.286848189951377
1517155460.5162935,146.36584386845067,9.672303895713064,53.40686989717044,144.12427169042306,8.27474881530689,53.400000000000006,0.055597543716430664,2.24157217802761,1.3975550804061747,0.006869897170432182,2.6415537155387456,2.6415626488053783
1517155460.6167047,145.99403770322047,9.585390888934981,53.392776636749204,143.56001275288,8.21908907005078,53.400000000000006,0.035515546798706055,2.434024950340472,1.3663018188842013,-0.00722336325080164,2.7912825222764917,2.7912918686770944
1517155460.716297,145.83034080997282,9.539518175652855,53.37083859057208,143.56001275288,8.21908907005078,53.400000000000006,0.06407666206359863,2.2703280570928257,1.3204291056020754,-0.02916140942792822,2.626389634030713,2.6265515219663604
1517155460.8163288,145.46464500181946,9.471786053606671,53.34875057934862,142.95813655294094,8.144876076375967,53.400000000000006,0.04368710517883301,2.5065084488785203,1.326909977230704,-0.05124942065138782,2.8360667643717052,2.8365297803990877
1517155460.9163206,144.9517959394895,9.479867162173527,53.31059962702183,142.95813655294094,8.144876076375967,53.400000000000006,0.0563046932220459,1.9936593865485577,1.3349910857975598,-0.08940037297817582,2.3993496928818274,2.4010146553948304
1517155461.0163105,144.44880696050674,9.45344746635065,53.26714674603788,142.3562603530019,8.070663082701154,53.400000000000006,0.04341411590576172,2.0925466075048575,1.3827843836494953,-0.132853253962125,2.5081554888493263,2.5116715436802894
1517155461.1168337,144.24540502000696,9.386837054450101,53.297154344398024,142.3562603530019,8.070663082701154,53.400000000000006,0.05710911750793457,1.8891446670050698,1.3161739717489471,-0.10284565560198189,2.3024294770487748,2.304725303731292
1517155461.2164662,143.81381673769877,9.305125687034064,53.269003216594726,141.71676689066692,7.977896839816666,53.3,0.037102460861206055,2.0970498470318546,1.3272288472173974,-0.030996783405271344,2.4817643872499957,2.481957951779969
1517155461.31623,143.4979568526185,9.180720964234837,53.25744040814507,141.71676689066692,7.977896839816666,53.3,0.06266140937805176,1.7811899619515827,1.2028241244181705,-0.04255959185492486,2.1492844285574253,2.149705764447376
1517155461.416479,142.73723142266272,9.187104056665529,53.21215166242564,141.05219525340127,7.848024100885745,53.3,0.037004709243774414,1.6850361692614513,1.3390799557797841,-0.08784833757435706,2.1523201480473335,2.1541121953382727
1517155461.5162125,142.33546974512913,9.15092817352457,53.209823326113465,141.05219525340127,7.848024100885745,53.3,0.0627286434173584,1.283274491727866,1.3029040726388246,-0.09017667388653194,1.8287570761635479,1.830979048523354
1517155461.6165483,141.8828145105204,9.031522268047421,53.18855080052714,140.3500063537397,7.718151361954823,53.3,0.039137840270996094,1.5328081567807033,1.3133709060925982,-0.11144919947285814,2.0185251998585376,2.0215995910484077
1517155461.716373,141.16305601965058,9.023721564451705,53.16356764274559,140.3500063537397,7.718151361954823,53.3,0.06068682670593262,0.8130496659108815,1.3055702024968818,-0.1364323572544066,1.5380387878351913,1.5440780747719782
1517155461.8162768,140.5701202891453,8.939882698105766,53.1302310782299,139.5976611036822,7.588278622232927,53.3,0.04055166244506836,0.9724591854630944,1.3516040758728387,-0.16976892177009972,1.6650857171051632,1.6737179965892097
1517155461.9162958,140.2238167056275,8.896904088801659,53.17124227654037,139.5976611036822,7.588278622232927,53.3,0.059467315673828125,0.6261556019452996,1.3086254665687314,-0.12875772345962844,1.450714117116019,1.4564168362629624
1517155462.01624,139.6439015970217,8.7903860630502,53.147448869814596,138.7951595037635,7.4398526348833025,53.3,0.04188990592956543,0.8487420932582097,1.350533428166897,-0.152551130185401,1.595087358568351,1.6023656039697687
1517155462.1162004,138.66834190219203,8.780685759019565,53.10502478766067,138.7951595037635,7.4398526348833025,53.3,0.05807065963745117,-0.12681760157147437,1.340833124136263,-0.19497521233932957,1.3468170517369285,1.3608569007342832
1517155462.2166462,138.12002938783613,8.653792625728912,53.08790533513471,137.95504064144885,7.254320149905299,53.3,0.03076481819152832,0.16498874638728012,1.3994724758236128,-0.21209466486529038,1.4091644676979045,1.4250363658119882
1517155462.316262,137.6231316876443,8.59064569242057,53.0833521765025,137.95504064144885,7.254320149905299,53.3,0.06885099411010742,-0.3319089538045432,1.3363255425152705,-0.216647823497496,1.376927561346042,1.3938672062361468
1517155462.4165258,136.9250813137791,8.512563452238926,53.0389210907436,137.0773045167382,7.068787664927294,53.3,0.051560163497924805,-0.15222320295910663,1.4437757873116315,-0.26107890925639765,1.451778367226365,1.475066989802484
1517155462.51657,136.5630942360173,8.416866075971935,53.03848685064992,137.0773045167382,7.068787664927294,53.3,0.048484086990356445,-0.5142102807209028,1.348078411044641,-0.26151314935007974,1.442819328649195,1.4663276381514165
1517155462.6167386,135.9654023620461,8.321816656459081,53.0110951670401,136.1619511296316,6.864701932321561,53.2,0.037093162536621094,-0.19654876758551154,1.4571147241375204,-0.18890483295990634,1.470311102228962,1.4823966315576125
1517155462.716442,135.2862011391114,8.22022526724443,52.97735759344229,136.1619511296316,6.864701932321561,53.2,0.06261038780212402,-0.8757499905202053,1.3555233349228697,-0.22264240655771061,1.6138096410099174,1.6290952085787889
1517155462.8162746,134.9228294650754,8.088979638733363,52.973533280149155,135.22151956759436,6.623509702087446,53.2,0.04230475425720215,-0.2986901025189468,1.465469936645917,-0.22646671985084765,1.495599516099068,1.5126483688404815
1517155462.917233,133.82776207705695,7.941369652895976,52.89501600817796,135.22151956759436,6.623509702087446,53.2,0.05865359306335449,-1.3937574905374106,1.31785995080853,-0.3049839918220414,1.9181540064275866,1.9422487038589853
1517155463.01657,133.72014944089375,7.764103114863979,52.927170706895495,134.25600983009193,6.3637642234346306,53.3,0.04057574272155762,-0.5358603891981772,1.4003388914293486,-0.37282929310450186,1.4993649881070317,1.5450233167683916
1517155463.1170268,132.92730393718446,7.597609665163248,52.876883867541636,134.25600983009193,6.3637642234346306,53.3,0.059880971908569336,-1.3287058929074647,1.2338454417286178,-0.423116132458361,1.8132385182103072,1.8619509084473822
1517155463.2165723,132.35305644179454,7.438848255314476,52.846892090076835,133.27796100512418,6.085465496363109,53.2,0.036699533462524414,-0.9249045633296475,1.3533827589513674,-0.35310790992316754,1.6392355973119974,1.6768358713795244
1517155463.3162928,131.71940438573037,7.271130979903732,52.811063293543796,133.27796100512418,6.085465496363109,53.2,0.06302094459533691,-1.558556619393812,1.1856654835406228,-0.3889367064562066,1.9582904214431238,1.996540291690826
1517155463.4162743,131.1684736430436,7.075734488597019,52.79450489434848,132.2748340057603,5.788613520872888,53.2,0.03510618209838867,-1.106360362716714,1.2871209677241309,-0.405495105651525,1.6972665193615768,1.7450329276128584
1517155463.516394,130.4413296059468,6.882933651334288,52.75409493030949,132.2748340057603,5.788613520872888,53.2,0.06501340866088867,-1.8335043998135063,1.0943201304614005,-0.4459050696905109,2.1352458715727662,2.1813083833434104
1517155463.616215,129.68644593323165,6.724276160060033,52.70264955203736,131.28424609332725,5.491761545382665,53.2,0.036720991134643555,-1.597800160095602,1.2325146146773687,-0.4973504479626456,2.017933999662733,2.0783202580650264
1517155463.7161698,129.31931949139343,6.561683735922654,52.704372137192905,131.28424609332725,5.491761545382665,53.2,0.06323385238647461,-1.9649266019338256,1.0699221905399892,-0.4956278628070976,2.23733547882232,2.2915752274773418
1517155463.816858,128.22263362776346,6.3658866789994635,52.64088056443404,130.28111909342883,5.1763563214737385,53.2,0.04305887222290039,-2.0584854656653704,1.189530357525725,-0.559119435565961,2.3774660636549276,2.4423266421710372
1517155463.916359,127.79281832844134,6.20597222239513,52.65504698951099,130.28111909342883,5.1763563214737385,53.2,0.0564420223236084,-2.4883007649874855,1.0296159009213914,-0.5449530104890101,2.692907276618984,2.7474940189395336
1517155464.016373,127.1417184336305,6.021953787009283,52.63978212063029,129.2529139185998,4.84239784914611,53.099999999999994,0.03931069374084473,-2.1111954849693007,1.1795559378631735,-0.4602178793697078,2.418366925489809,2.4617674713088933
1517155464.1164663,126.38831735704179,5.839744336008937,52.626544600179116,129.2529139185998,4.84239784914611,53.099999999999994,0.060782670974731445,-2.8645965615580167,0.9973464868628268,-0.47345539982087814,3.0332513043510976,3.069979395853852
1517155464.2161689,125.45669418976871,5.648655227960435,52.59126638769223,128.21216965630546,4.5084393768184805,53.099999999999994,0.03689742088317871,-2.755475466536751,1.1402158511419547,-0.5087336123077648,2.982069287236851,3.0251524130484744
1517155464.3166668,124.8919650194895,5.468538955775778,52.59777431444381,128.21216965630546,4.5084393768184805,53.099999999999994,0.06360054016113281,-3.3202046368159586,0.9600995789572977,-0.5022256855561835,3.4562335036638037,3.4925321288544433
1517155464.416222,124.47789964088227,5.296578468312963,52.618598435613606,127.18396448201098,4.193034152909554,53.099999999999994,0.05261635780334473,-2.7060648411287076,1.1035443154034086,-0.48140156438638826,2.9224299787081494,2.9618143842323708
1517155464.5162623,123.97857045154336,5.111989726111356,52.62967970977273,127.18396448201098,4.193034152909554,53.099999999999994,0.0474238395690918,-3.205394030467616,0.918955573201802,-0.4703202902272636,3.3345209904986475,3.3675260075425606
1517155464.6165562,123.02281086329134,4.886086832140603,52.59358377409583,126.13068113225133,3.8961821774193313,53.099999999999994,0.03681588172912598,-3.107870268959985,0.989904654721272,-0.5064162259041609,3.2617125615425175,3.30079175774287
1517155464.716113,122.92028586747372,4.749430864125844,52.642375478526006,126.13068113225133,3.8961821774193313,53.099999999999994,0.06274104118347168,-3.2103952647776026,0.8532486867065128,-0.45762452147398847,3.321847539769524,3.3532210306102903
1517155464.8160424,122.11425656524796,4.577845885292878,52.62191445356004,125.08993686995694,3.6364366987665147,53.099999999999994,0.04028725624084473,-2.9756803047089875,0.9414091865263634,-0.4780855464399565,3.121045422980768,3.157449971420607
1517155464.91613,121.55727613454562,4.446569609402519,52.629085182154455,125.08993686995694,3.6364366987665147,53.099999999999994,0.05980038642883301,-3.5326607354113264,0.8101329106360042,-0.47091481784553935,3.6243630067106216,3.6548280356371015
1517155465.0161316,120.73970172933716,4.316734412580504,52.61056492499836,124.04919260766259,3.395244469323374,53.099999999999994,0.0454103946685791,-3.309490878325434,0.9214899432571304,-0.4894350750016372,3.4353855080970583,3.4700749677615237
1517155465.1162028,119.9553149999787,4.206453029401501,52.577776912083735,124.04919260766259,3.395244469323374,53.099999999999994,0.054660797119140625,-4.093877607683893,0.8112085600781267,-0.5222230879162595,4.173474954356337,4.20602070230193
1517155465.2161613,119.18117929475324,4.114086440692675,52.55809858045201,123.00844834536824,3.228265232764073,53.0,0.03661942481994629,-3.8272690506150013,0.8858212079286019,-0.4419014195479889,3.9284434065175917,3.953219506024181
1517155465.3163638,118.72604312082422,4.069157986071633,52.56723089326398,123.00844834536824,3.228265232764073,53.0,0.0635831356048584,-4.282405224544021,0.8408927533075601,-0.43276910673601776,4.3641832145049895,4.385588242130375
1517155465.4160771,117.4776228415434,3.952406693337585,52.50594501681016,121.96770408307385,3.079839245414447,53.0,0.035947561264038086,-4.490081241530461,0.8725674479231378,-0.49405498318984087,4.574079525622486,4.600684061434076
1517155465.5168726,116.59418785171124,3.8798666272794518,52.47506825201519,121.96770408307385,3.079839245414447,53.0,0.06484794616699219,-5.373516231362615,0.8000273818650045,-0.5249317479848088,5.432745208497381,5.4580467055984085
1517155465.6160278,115.7669578988168,3.8179210522255063,52.44513561397304,120.9269598207795,2.949966505692553,53.0,0.03831005096435547,-5.160001921962703,0.8679545465329532,-0.5548643860269635,5.232491273715228,5.261828524038681
1517155465.716019,114.7462369749671,3.7362210197618038,52.3982107794767,120.9269598207795,2.949966505692553,53.0,0.06168103218078613,-6.180722845812397,0.7862545140692507,-0.6017892205233011,6.2305321648829946,6.259527244415477
1517155465.8161142,114.06443625436344,3.6681553715998327,52.372454700107696,119.87367647101985,2.820093766761631,52.900000000000006,0.03755307197570801,-5.809240216656406,0.8480616048382017,-0.52754529989231,5.8708159893168945,5.894470665280927
1517155465.9162526,113.70945100025207,3.5910620031519778,52.37016651103211,119.87367647101985,2.820093766761631,52.900000000000006,0.06258535385131836,-6.164225470767775,0.7709682363903467,-0.5298334889678955,6.212251417641196,6.234804824693146
1517155466.0160532,113.06862383184009,3.473798212559736,52.34855648896534,118.80785403379484,2.6902210270397364,53.0,0.04469871520996094,-5.739230201954754,0.7835771855199996,-0.6514435110346568,5.792474127408516,5.828990921657557
1517155466.1164982,112.33837485505256,3.3416561238921347,52.31906919707832,118.80785403379484,2.6902210270397364,53.0,0.05574631690979004,-6.469479178742276,0.6514350968523983,-0.6809308029216794,6.502194131951992,6.537751546820855
1517155466.2161732,111.36437233819669,3.2031080904832927,52.26506504248806,117.75457068403517,2.5046885428527053,53.0,0.03721284866333008,-6.390198345838485,0.6984195476305874,-0.734934957511939,6.4282520768611295,6.4701278314607125
1517155466.3159811,111.07151734200198,3.059167505543235,52.26952917007769,117.75457068403517,2.5046885428527053,53.0,0.06259512901306152,-6.68305334203319,0.5544789626905295,-0.7304708299223108,6.706015873268372,6.745682806498891
1517155466.416216,110.11522866401874,2.9038438097114327,52.21987044561695,116.70128733427549,2.319156057874701,53.0,0.05280256271362305,-6.586058670256747,0.5846877518367317,-0.780129554383052,6.611961023418996,6.657824772163493
1517155466.5172074,109.38301709705334,2.761283046101188,52.19647280707821,116.70128733427549,2.319156057874701,53.0,0.04818892478942871,-7.318270237222151,0.4421269882264869,-0.8035271929217913,7.331613433530833,7.375514320269099
1517155466.616258,108.77530245938635,2.6169243550090475,52.18201510765171,115.66054307198114,2.1150703252689667,52.900000000000006,0.03639936447143555,-6.885240612594785,0.5018540297400809,-0.7179848923482979,6.903506048414166,6.940741895945373
1517155466.7164526,108.02011687828676,2.4707187534766626,52.15345810924808,115.66054307198114,2.1150703252689667,52.900000000000006,0.06379532814025879,-7.640426193694381,0.35564842820769593,-0.7465418907519279,7.648699119835857,7.685045414337203
1517155466.8163395,107.60460474850865,2.3631868861371648,52.16196089528627,114.63233789715208,1.9109845918722594,52.900000000000006,0.04263567924499512,-7.027733148643435,0.4522022942649053,-0.7380391047137351,7.042266689318164,7.08083482673949
1517155466.916446,106.70385185088597,2.2459509365926658,52.12956149837474,114.63233789715208,1.9109845918722594,52.900000000000006,0.05747079849243164,-7.928486046266116,0.3349663447204063,-0.7704385016252644,7.93555879808926,7.972870808104095
1517155467.0162735,105.99102350992709,2.0783442148104254,52.09512808134015,113.60413272232304,1.688345610056849,52.900000000000006,0.04362607002258301,-7.613109212395955,0.3899986047535764,-0.8048719186598561,7.623091944321405,7.6654647345757905
1517155467.1164868,105.28100742871862,1.9370547617714498,52.05102138946825,113.60413272232304,1.688345610056849,52.900000000000006,0.05658721923828125,-8.32312529360442,0.24870915171460073,-0.8489786105317592,8.32684039087962,8.37000809894021
1517155467.216387,104.59681819136523,1.7738904460397156,52.00968031761265,112.57592754802859,1.465706629032411,52.900000000000006,0.03751254081726074,-7.979109356663358,0.3081838170073046,-0.8903196823873571,7.985058759374156,8.034539969874084
1517155467.3163352,104.03863728461403,1.5782561448094712,51.98811466351279,112.57592754802859,1.465706629032411,52.900000000000006,0.06243562698364258,-8.537290263414562,0.11254951577706018,-0.9118853364872166,8.538032117255986,8.586589969376384
1517155467.4165156,103.58468515569949,1.4655262316976825,51.98992314716092,111.54772237319953,1.2245143987982978,52.8,0.039641618728637695,-7.963037217500045,0.24101183289938466,-0.8100768528390745,7.966683653245456,8.007763291855849
1517155467.5162716,102.85129045063707,1.311816058025491,51.939360517686666,111.54772237319953,1.2245143987982978,52.8,0.060114383697509766,-8.696431922562468,0.08730165922719313,-0.8606394823133314,8.696870113061788,8.739350667068116
1517155467.6160295,101.56009184173348,1.171083101841941,51.87906630206682,110.53205628583582,0.9647689201454811,52.7,0.03213334083557129,-8.97196444410234,0.20631418169645988,-0.8209336979331852,8.974336272271376,9.011805793746776
1517155467.7161503,100.73394628129739,1.0084026469232126,51.82269618972175,110.53205628583582,0.9647689201454811,52.7,0.06798744201660156,-9.79811000453843,0.043633726777731474,-0.8773038102782493,9.798207160656922,9.837404410650063
1517155467.8160148,99.96224138717116,0.867555157458146,51.80282088502106,109.51639019847211,0.7050234414926646,52.7,0.03947257995605469,-9.554148811300948,0.16253171596548144,-0.8971791149789397,9.555531176610645,9.597557315876388
1517155467.9164276,99.3160055978124,0.6514282229700671,51.78579569969156,109.51639019847211,0.7050234414926646,52.7,0.06094026565551758,-10.200384600659703,-0.05359521852259752,-0.914204300308441,10.200525400626386,10.241410447371326
1517155468.0159397,98.68545969369546,0.4531455287233387,51.76396588629875,108.50072411110838,0.4267247144211449,52.7,0.04293680191040039,-9.81526441741292,0.026420814302193785,-0.936034113701254,9.815299977237606,9.859831312206769
1517155468.1169052,97.8801399839414,0.2837490268757593,51.70675623024657,108.50072411110838,0.4267247144211449,52.7,0.0580286979675293,-10.620584127166978,-0.1429756875453856,-0.993243769753434,10.621546462237044,10.667885565359907
1517155468.2161405,97.82586058428274,0.1353909116065145,51.7366948618955,107.49759711174455,0.12987273893092202,52.599999999999994,0.03921031951904297,-9.671736527461817,0.0055181726755924865,-0.8633051381044936,9.671738101647959,9.710191227177067
1517155468.316084,97.10797507804037,-0.088222570246001,51.68829624424632,107.49759711174455,0.12987273893092202,52.599999999999994,0.06073307991027832,-10.389622033704185,-0.21809530917692302,-0.9117037557536776,10.391910871784672,10.431827035825117
1517155468.4161098,96.35537698054637,-0.28539716385087155,51.631478439071486,106.48193102438084,-0.16697923655930086,52.5,0.052060604095458984,-10.126554043834474,-0.11841792729157069,-0.8685215609285137,10.127246398118512,10.16442075624588
1517155468.515984,95.7874055489357,-0.4819879201948657,51.60039927768405,106.48193102438084,-0.16697923655930086,52.5,0.04781365394592285,-10.694525475445147,-0.31500868363556483,-0.8996007223159523,10.699163781142481,10.736917019112258
1517155468.615942,95.20112854641786,-0.7150010685073654,51.5664918445069,105.46626493701713,-0.4823844604682269,52.400000000000006,0.03937530517578125,-10.265136390599267,-0.23261660803913853,-0.8335081554931065,10.267771696134512,10.301547041547424
1517155468.718743,94.39855010689294,-0.9296248935178001,51.48788578950621,105.46626493701713,-0.4823844604682269,52.400000000000006,0.06342577934265137,-11.067714830124189,-0.44724043304957317,-0.9121142104937974,11.076747517475754,11.114238071001088
1517155468.8159006,93.66538293946819,-1.101052542475713,51.415299623063504,104.45059884965342,-0.7977896843771529,52.3,0.04356884956359863,-10.78521591018523,-0.30326285809856,-0.8847003769364932,10.789478698733072,10.825689139605213
1517155468.9159372,92.8681118833787,-1.3261030452942726,51.318937175561686,104.45059884965342,-0.7977896843771529,52.3,0.05646777153015137,-11.582486966274715,-0.5283133609171197,-0.981062824438311,11.594529715829237,11.635961653285992
1517155469.0185328,92.13601670321529,-1.5676200343596682,51.26632333829657,103.42239367482436,-1.131748156704782,52.2,0.047273874282836914,-11.286376971609073,-0.4358718776548862,-0.93367666170343,11.29479036720018,11.333315558458947
1517155469.116611,91.9359864175957,-1.716445415466986,51.22537097065492,103.42239367482436,-1.131748156704782,52.2,0.05080437660217285,-11.486407257228663,-0.5846972587622039,-0.9746290293450812,11.501279170740938,11.542500782246517
1517155469.2159324,91.25749518797409,-1.936616492411503,51.17623408225708,102.3941885005299,-1.465706629032411,52.099999999999994,0.03921651840209961,-11.13669331255582,-0.470909863379092,-0.9237659177429123,11.146644967762867,11.18485750951422
1517155469.316214,90.55152761839642,-2.160524942537118,51.118300109050224,102.3941885005299,-1.465706629032411,52.099999999999994,0.0610651969909668,-11.842660882133487,-0.6948183135047068,-0.9816998909497698,11.86302614251508,11.903576098546479
1517155469.416495,89.97231073513356,-2.3395134075858572,51.0678045010186,101.36598332570085,-1.7996651013600404,52.0,0.03275275230407715,-11.393672590567292,-0.5398483062258168,-0.9321954989814003,11.406454808343355,11.44448337598078
1517155469.5159998,89.27526743937935,-2.556542547353532,50.998659137745264,101.36598332570085,-1.7996651013600404,52.0,0.06675195693969727,-12.090715886321505,-0.7568774459934917,-1.001340862254736,12.11438294392252,12.155696509637854
1517155469.6160383,88.5471385119836,-2.7609925545601377,50.93141635880744,100.3252390634065,-2.152176822106373,51.900000000000006,0.038176536560058594,-11.778100551422895,-0.6088157324537646,-0.9685836411925663,11.793825045145935,11.833531318482128
1517155469.7162218,87.8766179413798,-3.0207297811943152,50.87429483595618,100.3252390634065,-2.152176822106373,51.900000000000006,0.06200695037841797,-12.448621122026694,-0.8685529590879422,-1.0257051640438277,12.478884248301592,12.520967341465903
1517155469.815923,87.15813027322295,-3.250215919924685,50.797200441280836,99.2594166261815,-2.523241791271408,51.8,0.04507780075073242,-12.101286352958553,-0.7269741286532772,-1.0027995587191612,12.123102852819162,12.164506966375557
1517155469.915976,86.8422667497841,-3.3483734825520526,50.74496809773173,99.2594166261815,-2.523241791271408,51.8,0.054975271224975586,-12.417149876397403,-0.8251316912806446,-1.0550319022682686,12.444535080141472,12.48917714165651
1517155470.0161674,86.13952775741411,-3.5933988146896785,50.65897365058582,98.18105510149118,-2.87575351201774,51.7,0.044968366622924805,-12.041527344077068,-0.7176453026719383,-1.0410263494141816,12.062893332803819,12.107730233977689
1517155470.1160626,85.5517360047075,-3.8420917502733762,50.58779617679272,98.18105510149118,-2.87575351201774,51.7,0.05492687225341797,-12.62931909678369,-0.966338238255636,-1.112203823207281,12.666235053839014,12.714971796408244
1517155470.2161918,84.9003319046484,-4.073467043116576,50.491893604162726,97.07761540133565,-3.2468184811827756,51.5,0.037003517150878906,-12.177283496687252,-0.8266485619338004,-1.0081063958372738,12.205309549685289,12.24687142534643
1517155470.3163383,83.85749664922493,-4.316186629864558,50.34588066027358,97.07761540133565,-3.2468184811827756,51.5,0.06314301490783691,-13.220118752110722,-1.0693681486817823,-1.154119339726421,13.263298536085383,13.313417273850288
1517155470.4159975,83.1596675586041,-4.591232279101578,50.24306612090871,95.93655843931876,-3.636436699557487,51.3,0.058374881744384766,-12.77689088071466,-0.9547955795440912,-1.0569338790912894,12.812516348337136,12.856036885493808
1517155470.5165894,82.46242765889221,-4.848303519635645,50.129604251748816,95.93655843931876,-3.636436699557487,51.3,0.04221701622009277,-13.474130780426549,-1.2118668200781584,-1.170395748251181,13.528518820537766,13.579051796247372
1517155470.615832,81.68414257720349,-5.0978557685938535,49.99841963257694,94.75788421437132,-4.044608165559929,51.099999999999994,0.041094303131103516,-13.073741637167828,-1.0532476030339248,-1.101580367423054,13.116098921124086,13.16227678688624
1517155470.7167125,80.87134308845374,-5.346805756843412,49.860994927148084,94.75788421437132,-4.044608165559929,51.099999999999994,0.059786081314086914,-13.886541125917574,-1.3021975912834831,-1.23900507285191,13.94746367654509,14.002388245549309
1517155470.8159206,80.11968154014244,-5.619147574034093,49.73955188124043,93.51651455263183,-4.452779631562371,50.8,0.048517704010009766,-13.396833012489395,-1.1663679424717222,-1.0604481187595667,13.447510882752667,13.489258658441246
1517155470.9159508,79.6994176860104,-5.752511394501202,49.61946733540414,93.51651455263183,-4.452779631562371,50.8,0.05151247978210449,-13.817096866621426,-1.2997317629388307,-1.1805326645958587,13.878093113868047,13.928213304274513
1517155471.015893,78.9118690839062,-5.996437830057347,49.468447428620365,92.23752762796184,-4.879504346774488,50.599999999999994,0.04906439781188965,-13.325658544055642,-1.1169334832828586,-1.131552571379629,13.372386325515784,13.42017612628975
1517155471.1166935,77.66951226046217,-6.308802514347961,49.23348398102897,92.23752762796184,-4.879504346774488,50.599999999999994,0.05173611640930176,-14.568015367499669,-1.4292981675734726,-1.3665160189710264,14.637963143809845,14.701609810821394
1517155471.21602,76.81059259052576,-6.607583055171357,49.04880040796432,90.90838435289601,-5.306229061195633,50.2,0.03236746788024902,-14.09779176237025,-1.3013539939757246,-1.151199592035681,14.15772774115928,14.204454065309731
1517155471.3158362,75.87480923262976,-6.858611200246406,48.822137132465,90.90838435289601,-5.306229061195633,50.2,0.06744861602783203,-15.03357512026625,-1.5523821390507733,-1.3778628675350006,15.113512867706575,15.176191132298776
1517155471.4158187,75.07393909312309,-7.137490806990833,48.604551833057045,89.54162381596876,-5.75150702403548,49.900000000000006,0.03640007972717285,-14.467684722845675,-1.3859837829553525,-1.2954481669429612,14.533920747213307,14.591539954354142
1517155471.5156972,74.71892153401481,-7.245560904611088,48.395982176938844,89.54162381596876,-5.75150702403548,49.900000000000006,0.06347846984863281,-14.822702281953951,-1.4940538805756072,-1.5040178230611616,14.897808561580657,14.97353563957396
1517155471.6160555,73.99494375715939,-7.5293168146607705,48.184529224960016,88.1247069286457,-6.196784987666302,49.5,0.038608551025390625,-14.129763171486303,-1.3325318269944688,-1.3154707750399837,14.192457445849323,14.253291258941852
1517155471.7161033,73.3678188742937,-7.689180326879471,47.933192744543064,88.1247069286457,-6.196784987666302,49.5,0.06143927574157715,-14.75688805435199,-1.4923953392131697,-1.5668072554569363,14.83216062808051,14.914686516079852
1517155471.8157642,72.8483861137202,-7.845622041252146,47.709795076842724,86.65763369146131,-6.660616198924854,49.0,0.04391598701477051,-13.809247577741118,-1.1850058423272927,-1.290204923157276,13.859998467160764,13.919920483014192
1517155471.9159153,72.15818899154206,-8.032456811455951,47.46171138755227,86.65763369146131,-6.660616198924854,49.0,0.05623507499694824,-14.499444699919252,-1.3718406125310976,-1.5382886124477295,14.564197309574125,14.64520997211691
1517155472.0158224,71.5743952799072,-8.215812010594416,47.242121410439026,85.16548227934634,-7.1430006593930795,48.599999999999994,0.052344322204589844,-13.591086999439142,-1.0728113512013362,-1.3578785895609684,13.633362388698911,13.700817650256433
1517155472.1161826,71.12701503666834,-8.384021561500925,47.059480881098864,85.16548227934634,-7.1430006593930795,48.599999999999994,0.04801583290100098,-14.038467242677996,-1.241020902107845,-1.5405191189011305,14.093214516327057,14.177161019009116
1517155472.2160158,70.78361928000383,-8.55246795781087,46.927682396787674,83.66079177976601,-7.6439383682800095,48.2,0.04102969169616699,-12.877172499762182,-0.9085295895308612,-1.2723176032123291,12.909182685347842,12.971730404503807
1517155472.31583,70.0658339653568,-8.809223383653306,46.71563023872008,83.66079177976601,-7.6439383682800095,48.2,0.05878448486328125,-13.594957814409213,-1.1652850153732963,-1.4843697612799218,13.644807332557674,13.725309494901085
1517155472.4158406,69.61721525512274,-9.018041372796336,46.582855166404926,82.14356219272038,-8.144876076375967,47.8,0.05002140998840332,-12.526346937597637,-0.8731652964203693,-1.2171448335950714,12.556742620438413,12.61559458693413
1517155472.515828,68.74974231847267,-9.310057316833028,46.35591005981537,82.14356219272038,-8.144876076375967,47.8,0.049965858459472656,-13.393819874247711,-1.165181240457061,-1.4440899401846252,13.444406202837893,13.5217400471333
1517155472.6159923,67.96795836406713,-9.594149997081512,46.179137485412,80.62633260567475,-8.645813785262899,47.400000000000006,0.03773951530456543,-12.658374241607618,-0.9483362118186136,-1.2208625145880063,12.693848116754891,12.752422722399373
1517155472.715741,67.28146568956598,-9.85559734528579,46.06257817657463,80.62633260567475,-8.645813785262899,47.400000000000006,0.06200909614562988,-13.34486691610877,-1.209783560022892,-1.3374218234253732,13.399591384469755,13.466170443170936
1517155472.8162425,66.3305973449526,-10.174041332165178,45.918049472012896,79.14672028102507,-9.18385799019626,47.099999999999994,0.043580055236816406,-12.816122936072475,-0.9901833419689172,-1.181950527987098,12.854317179968591,12.908542799783586
1517155472.915879,65.796146906596,-10.410485755738115,45.91244816726885,79.14672028102507,-9.18385799019626,47.099999999999994,0.05605649948120117,-13.350573374429075,-1.2266277655418545,-1.1875518327311454,13.406805178759507,13.459298067010621
1517155473.015808,64.9053729224008,-10.740686152937917,45.839261476915595,77.6796470438407,-9.7404554443393,47.099999999999994,0.04125690460205078,-12.774274121439902,-1.0002307085986164,-1.2607385230843988,12.81337351364241,12.875247664557833
1517155473.1165636,64.20265966191343,-11.027711731571834,45.839992397154525,77.6796470438407,-9.7404554443393,47.099999999999994,0.05949854850769043,-13.476987381927273,-1.287256287232534,-1.2600076028454694,13.538324033706928,13.596831866316322
1517155473.2172062,63.74013508412927,-11.28352374005997,45.8985714354469,76.22511289412168,-10.278499650063639,47.0,0.03742051124572754,-12.484977809992408,-1.005024089996331,-1.1014285645531032,12.525364040117788,12.573698311168807
1517155473.315806,63.06901126165211,-11.590338482109159,45.90093297488215,76.22511289412168,-10.278499650063639,47.0,0.061179161071777344,-13.156101632469571,-1.3118388320455203,-1.0990670251178472,13.22134377758672,13.266946883546058
1517155473.416425,62.298188719007676,-11.907592672767635,45.877465793526575,74.77057874440263,-10.85365035262538,47.0,0.03723311424255371,-12.472390025394951,-1.053942320142255,-1.122534206473425,12.516840949686879,12.567075650463048
1517155473.5157592,61.82848971962256,-12.15552567218561,45.91562376542845,74.77057874440263,-10.85365035262538,47.0,0.062101125717163086,-12.942089024780067,-1.3018753195602297,-1.0843762345715504,13.007403571543888,13.052525406645119
1517155473.6158664,61.155307024392,-12.437628092702331,45.90547987688774,73.32858368214893,-11.41024780676842,47.0,0.040366172790527344,-12.17327665775693,-1.027380285933912,-1.094520123112261,12.216553312543411,12.265486094652468
1517155473.7157342,60.33980996356469,-12.753049490702919,45.86768104720634,73.32858368214893,-11.41024780676842,47.0,0.05950164794921875,-12.988773718584241,-1.3428016839344998,-1.1323189527936606,13.057999811416833,13.107002147166138
1517155473.8162432,59.61680390470869,-13.048162667428011,45.8296727149627,71.84897135749925,-11.966845260120486,46.900000000000006,0.042732954025268555,-12.232167452790563,-1.081317407307525,-1.0703272850373082,12.279868400290576,12.326425614327551
1517155473.916026,59.155636620206664,-13.23654027478904,45.8641705698105,71.84897135749925,-11.966845260120486,46.900000000000006,0.05704998970031738,-12.693334737292588,-1.269695014668553,-1.0358294301895086,12.756679512444956,12.798664570637031
1517155474.0174472,58.57262260502289,-13.444889556259888,45.880738861878335,70.34428085791893,-12.541995962682227,46.8,0.04354095458984375,-11.771658252896039,-0.9028935935776605,-0.9192611381216622,11.806233729022097,11.841967568962504
1517155474.1161177,57.902501319895975,-13.675612753790816,45.876042287060386,70.34428085791893,-12.541995962682227,46.8,0.0551295280456543,-12.441779538022956,-1.1336167911085884,-0.923957712939611,12.493316817476858,12.527436408026611
1517155474.2157943,57.31471969534813,-13.88784576309415,45.888253588518644,68.82705127087328,-13.080040168406564,46.7,0.03899097442626953,-11.512331575525153,-0.8078055946875864,-0.8117464114813586,11.54063811856355,11.569151240268011
1517155474.3158915,56.560051811688176,-14.151093008832717,45.879281550441675,68.82705127087328,-13.080040168406564,46.7,0.061106204986572266,-12.266999459185108,-1.0710528404261535,-0.8207184495583277,12.313668418413444,12.340988967342856
1517155474.4169254,55.79867041983054,-14.420627821502446,45.876195936422505,67.30982168382766,-13.636637622549605,46.7,0.05097842216491699,-11.511151263997121,-0.783990198952841,-0.8238040635774979,11.537817993653594,11.567190548696058
1517155474.5159016,55.3339216297922,-14.625036692248926,45.916926894964995,67.30982168382766,-13.636637622549605,46.7,0.04799771308898926,-11.975900054035463,-0.9883990696993212,-0.7830731050350082,12.016618277420195,12.042106058038945
1517155474.6158843,54.46978848748775,-14.942832523145,45.91278703692659,65.81767027171266,-14.193235075901672,46.7,0.04678845405578613,-11.34788178422491,-0.7495974472433282,-0.787212963073415,11.372612598768026,11.399825506159647
1517155474.7159111,53.71690994852672,-15.230426429906096,45.92956662545549,65.81767027171266,-14.193235075901672,46.7,0.0532383918762207,-12.100760323185938,-1.037191354004424,-0.7704333745445098,12.14512932430168,12.169541235750204
1517155474.8159194,53.128628357962484,-15.470220177996598,45.966576655646165,64.38821429692428,-14.712726033207304,46.8,0.0385441780090332,-11.259585938961791,-0.7574941447892947,-0.8334233443538324,11.28503756733916,11.315770736771317
1517155474.9172003,52.46947375324583,-15.72803284758028,45.99632332724615,64.38821429692428,-14.712726033207304,46.8,0.06273674964904785,-11.918740543678446,-1.0153068143729769,-0.8036766727538449,11.961907208921017,11.98887485417899
1517155475.0159688,51.79307807120846,-15.98379933367371,46.005703165042405,63.07161010985831,-15.213663742094235,46.8,0.044716596603393555,-11.27853203864985,-0.770135591579475,-0.7942968349575921,11.304795167373383,11.332665231016588
1517155475.1160908,51.29867334935255,-16.20235734298002,46.0055869266495,63.07161010985831,-15.213663742094235,46.8,0.055405378341674805,-11.772936760505765,-0.9886936008857834,-0.7944130733504977,11.814379162837989,11.841057686474239
1517155475.2159052,50.764171899507396,-16.43545091857273,45.9718728006994,61.81770136011896,-15.714601450190193,46.8,0.03802156448364258,-11.053529460611564,-0.7208494683825375,-0.8281271993005959,11.077009411058347,11.107922044689394
1517155475.3160875,50.24038400916707,-16.66226633877361,45.91490378413702,61.81770136011896,-15.714601450190193,46.8,0.06216073036193848,-11.577317350951887,-0.9476648885834162,-0.8850962158629798,11.616038299941398,11.649709914716349
1517155475.4160008,49.82345091645989,-16.866998985286912,45.849995815719524,60.68918348556736,-16.159879413821013,46.7,0.03772687911987305,-10.865732569107472,-0.7071195714658991,-0.8500041842804791,10.888717204139015,10.921843684333123
1517155475.5169744,49.39626648792235,-17.056481176643967,45.77399942426123,60.68918348556736,-16.159879413821013,46.7,0.0632467269897461,-11.292916997645015,-0.8966017628229537,-0.9260005757387759,11.328453956158224,11.366237112741644
1517155475.6162426,48.9450820867308,-17.26172634172294,45.68218846018006,59.69859557313429,-16.586604128242158,46.5,0.03524041175842285,-10.753513486403492,-0.6751222134807833,-0.8178115398199424,10.774685253194034,10.805677119924491
1517155475.7172968,48.533847375067204,-17.447136941603464,45.58533835975527,59.69859557313429,-16.586604128242158,46.5,0.06581377983093262,-11.164748198067088,-0.8605328133613064,-0.9146616402447307,11.197862253533653,11.235155760613601
1517155475.816332,48.17598742278383,-17.622843415006766,45.487262324571795,58.845937623354274,-16.957669097407194,46.3,0.04111504554748535,-10.669950200570447,-0.6651743175995719,-0.8127376754282025,10.690663878143742,10.72151279831852
1517155475.9163775,47.88120126360237,-17.785294166816946,45.383893963392836,58.845937623354274,-16.957669097407194,46.3,0.058930397033691406,-10.964736359751903,-0.827625069409752,-0.916106036607161,10.995926822891326,11.034022700932285
1517155476.016149,47.58015114707115,-17.93850281373446,45.26722048975795,58.131209635692805,-17.273074321316116,46.099999999999994,0.04227042198181152,-10.551058488621656,-0.6654284924183429,-0.832779510242041,10.572021108039714,10.604770248407847
1517155476.116155,47.36293493724688,-18.082526884065153,45.15966013730168,58.131209635692805,-17.273074321316116,46.099999999999994,0.057735443115234375,-10.768274698445929,-0.809452562749037,-0.9403398626983162,10.798655167775834,10.8395199381666
1517155476.216476,47.019802369690176,-18.242452885495965,45.030794254913026,57.56695069868429,-17.569926296806344,45.8,0.035661935806274414,-10.547148328994112,-0.672526588689621,-0.7692057450869711,10.568568014934558,10.596523362149144
1517155476.3159378,46.83016016358346,-18.334043414711633,44.89036467879483,57.56695069868429,-17.569926296806344,45.8,0.06379985809326172,-10.73679053510083,-0.7641171179052897,-0.9096353212051653,10.763946579415315,10.80231375132618
1517155476.4159882,46.7129422119233,-18.46405065850899,44.756724693827124,57.16569989872493,-17.829671775459158,45.599999999999994,0.05194807052612305,-10.452757686801633,-0.634378883049834,-0.8432753061728704,10.471990251439799,10.50588849494659
1517155476.5159943,46.572200288423026,-18.59897367303677,44.59690370443346,57.16569989872493,-17.829671775459158,45.599999999999994,0.04805803298950195,-10.593499610301905,-0.7693018975776127,-1.003096295566536,10.621396301950282,10.66865790909346
1517155476.6160338,46.60122329144918,-18.67547817227508,44.45861123500373,56.8647617990227,-18.05231075727457,45.3,0.03310751914978027,-10.263538507573521,-0.6231674150005126,-0.8413887649962675,10.282439415020296,10.316806452455376
1517155476.7160215,46.57814980940155,-18.78862713158764,44.31112887470269,56.8647617990227,-18.05231075727457,45.3,0.0668802261352539,-10.28661198962115,-0.7363163743130698,-0.9888711252973081,10.312931107502811,10.36023233960252
1517155476.8160124,46.72739975189001,-18.83735174602202,44.188570732809836,56.67667548650833,-18.256396489880302,45.0,0.04018902778625488,-9.949275734618318,-0.5809552561417171,-0.8114292671901637,9.966222787651477,9.999200673491673
1517155476.9166093,46.73049900869613,-18.97902023961145,44.067767102746664,56.67667548650833,-18.256396489880302,45.0,0.06040787696838379,-9.946176477812202,-0.7226237497311487,-0.9322328972533356,9.972392471792325,10.015870895043605
1517155477.016444,46.793584012993946,-19.073984354464987,43.96620629606258,56.56382369878589,-18.44192897485831,44.8,0.04715895652770996,-9.770239685791942,-0.6320553796066761,-0.8337937039374168,9.790662772290423,9.826102455268785
1517155477.115987,46.83096352935087,-19.17217351028015,43.868191523064844,56.56382369878589,-18.44192897485831,44.8,0.052384138107299805,-9.732860169435021,-0.7302445354218392,-0.9318084769351529,9.76021639920387,9.804595412202197
1517155477.2159877,46.87325341746408,-19.256215682703882,43.77462348304941,56.513667348924606,-18.608908211417607,44.599999999999994,0.038520097732543945,-9.640413931460529,-0.6473074712862754,-0.825376516950584,9.662121285322456,9.697310664664444
1517155477.316372,46.91805903608867,-19.340400810328298,43.68421562688437,56.513667348924606,-18.608908211417607,44.599999999999994,0.06186413764953613,-9.595608312835935,-0.7314925989106911,-0.9157843731156277,9.623449501900408,9.66692512299904
1517155477.4158573,46.96700987782624,-19.42288619226093,43.59595734417093,56.47605008652865,-18.757334198767232,44.400000000000006,0.03687405586242676,-9.509040208702409,-0.6655519934936969,-0.804042655829079,9.532303244586934,9.566153340771582
1517155477.515879,47.01118431965448,-19.4888278917034,43.50309521069081,56.47605008652865,-18.757334198767232,44.400000000000006,0.06314754486083984,-9.46486576687417,-0.7314936929361693,-0.8969047893091968,9.493090487704832,9.535366023852347
1517155477.6160698,47.01070426867804,-19.583643869060186,43.40427002060365,56.41335464866748,-18.868653689279455,44.2,0.03845500946044922,-9.402650379989439,-0.714990179780731,-0.7957299793963557,9.429795603590696,9.46330974477791
1517155477.71585,47.043477046680486,-19.61296103614966,43.33792747783771,56.41335464866748,-18.868653689279455,44.2,0.0613253116607666,-9.369877601986992,-0.7443073468702046,-0.8620725221622934,9.399393581653152,9.438843612238193
1517155477.8160093,47.02936772227532,-19.653491777711757,43.28049756322821,56.31304194894493,-18.942866683745237,44.0,0.045203208923339844,-9.28367422666961,-0.7106250939665202,-0.7195024367717906,9.310832141710241,9.338590842714176
1517155477.9168632,46.98074685014802,-19.693747123648922,43.24460143463304,56.31304194894493,-18.942866683745237,44.0,0.05565071105957031,-9.332295098796905,-0.7508804399036855,-0.7553985653669599,9.362454445606595,9.392879230492488
1517155478.0163448,46.91849250826666,-19.708160520343828,43.211177223649194,56.12495563643058,-18.979973180582643,43.900000000000006,0.04285788536071777,-9.206463128163918,-0.7281873397611847,-0.6888227763508112,9.235216301312613,9.260869124939077
1517155478.116674,46.82718245094744,-19.717966207897643,43.197597414384376,56.12495563643058,-18.979973180582643,43.900000000000006,0.057471275329589844,-9.297773185483138,-0.7379930273149995,-0.70240258561563,9.327015595411792,9.353426607898001
1517155478.216102,46.712797510546324,-19.740604451990713,43.18408254676699,55.849095711658975,-18.979973180582643,43.900000000000006,0.039258480072021484,-9.136298201112652,-0.7606312714080694,-0.7159174532330184,9.167906235924217,9.195816578778732
1517155478.3162465,46.56559593102078,-19.726063776519528,43.192085188791566,55.849095711658975,-18.979973180582643,43.900000000000006,0.06088614463806152,-9.283499780638195,-0.7460905959368844,-0.7079148112084397,9.313432200561449,9.340297786172727
1517155478.4158864,46.39119045371726,-19.706961134840377,43.203751738445966,55.47292308663025,-18.924313435326535,43.900000000000006,0.04511761665344238,-9.081732632912995,-0.7826476995138414,-0.6962482615540395,9.115393849816424,9.14194545373074
1517155478.5161386,46.184467252642776,-19.673723225102773,43.22026235281867,55.47292308663025,-18.924313435326535,43.900000000000006,0.05513453483581543,-9.288455833987477,-0.7494097897762373,-0.6797376471813337,9.318638678098237,9.343397138190374
1517155478.6160867,45.95382511067602,-19.629722949938277,43.23016002475519,54.99643776187898,-18.831547192442045,43.900000000000006,0.04339027404785156,-9.042612651202958,-0.7981757574962316,-0.6698399752448125,9.077771097552002,9.102450971688144
1517155478.7160594,45.70172721522421,-19.56032891135634,43.22599006376083,54.99643776187898,-18.831547192442045,43.900000000000006,0.05658245086669922,-9.29471054665477,-0.7287817189142949,-0.6740099362391732,9.323238007254727,9.347569541547589
1517155478.815992,45.45216411479971,-19.503261167756442,43.18727936787984,54.45725699926653,-18.701674453511124,43.8,0.04414486885070801,-9.00509288446682,-0.8015867142453175,-0.6127206321201584,9.040699039251862,9.061438389756631
1517155478.9157522,45.217030237392336,-19.452114365681382,43.09518271407147,54.45725699926653,-18.701674453511124,43.8,0.05561518669128418,-9.24022676187419,-0.7504399121702576,-0.7048172859285273,9.270649959556994,9.297403835435876
1517155479.0157475,44.951548286570535,-19.391313647712927,42.95082021490074,53.88045897425813,-18.57180171378923,43.5,0.044378042221069336,-8.928910687687598,-0.819511933923696,-0.5491797850992626,8.966439977970364,8.983242416572473
1517155479.1162443,44.67027076279993,-19.332501634800842,42.75994316860516,53.88045897425813,-18.57180171378923,43.5,0.05611872673034668,-9.210188211458203,-0.7606999210116108,-0.7400568313948384,9.241549180754854,9.27113344602508
1517155479.2158763,44.36926249059833,-19.27795488817068,42.54370596325617,53.25350459938844,-18.423375726439605,43.099999999999994,0.0373530387878418,-8.884242108790112,-0.8545791617310741,-0.5562940367438216,8.925248645906978,8.942568224317949
1517155479.315921,44.02691702194295,-19.179730410762716,42.31362768034424,53.25350459938844,-18.423375726439605,43.099999999999994,0.06269168853759766,-9.226587577445493,-0.7563546843231101,-0.7863723196557544,9.257536969019837,9.290875747629487
1517155479.4157634,43.702313849014615,-19.10355723293411,42.08878905374451,52.58893296212282,-18.2378432414616,42.7,0.039092302322387695,-8.886619113108203,-0.8657139914725107,-0.6112109462554898,8.928687472215124,8.94958316332743
1517155479.5168424,43.33021788849466,-19.013657543503292,41.848471683345196,52.58893296212282,-18.2378432414616,42.7,0.061986684799194336,-9.25871507362816,-0.7758143020416917,-0.8515283166548073,9.291162071876787,9.33010145282176
1517155479.615682,43.00107945371735,-18.936339793341613,41.634523541185615,51.86166588753058,-18.015204260437166,42.2,0.03829050064086914,-8.860586433813225,-0.9211355329044473,-0.5654764588143877,8.908337814713478,8.926267206762711
1517155479.7164068,42.60376970490456,-18.836445657765285,41.41803034927607,51.86166588753058,-18.015204260437166,42.2,0.06243443489074707,-9.25789618262602,-0.8212413973281194,-0.78196965072393,9.294249790110381,9.327087203174429
1517155479.8190355,42.23072068849167,-18.755278841007712,41.217751367723395,51.09678155000782,-17.79256527862175,41.8,0.038091421127319336,-8.866060861516146,-0.9627135623859608,-0.5822486322766025,8.918175407745146,8.937162081617311
1517155479.9177873,41.88972798062798,-18.689151368999912,41.029342892801424,51.09678155000782,-17.79256527862175,41.8,0.060660362243652344,-9.207053569379838,-0.8965860903781611,-0.7706571071985735,9.250605496230481,9.282651260484004
1517155480.015736,41.53056265521761,-18.622319157720504,40.84070497286432,50.29427995008909,-17.588479545225045,41.400000000000006,0.045854806900024414,-8.763717294871483,-1.0338396124954592,-0.5592950271356827,8.824486680186803,8.842192946106357
1517155480.115878,41.151378888314525,-18.546165200398068,40.65394299673997,50.29427995008909,-17.588479545225045,41.400000000000006,0.05428719520568848,-9.142901061774566,-0.9576856551730231,-0.7460570032600344,9.192921278871188,9.22314494582168
1517155480.215911,40.768891914374485,-18.481386077152216,40.467876426086505,49.479239263239634,-17.365840564200607,40.900000000000006,0.03312420845031738,-8.710347348865149,-1.1155455129516092,-0.43212357391350054,8.781491486606852,8.792117123451005
1517155480.3161182,40.379157816449315,-18.42320372896983,40.27866965254039,49.479239263239634,-17.365840564200607,40.900000000000006,0.06708312034606934,-9.10008144679032,-1.0573631647692245,-0.6213303474596188,9.161304448626746,9.182349949827794
1517155480.415791,39.9997968226376,-18.367973965321895,40.079750231624374,48.62658131345964,-17.143201582385196,40.5,0.06317472457885742,-8.62678449082204,-1.224772382936699,-0.42024976837562633,8.713293180026259,8.723421800469808
1517155480.51584,39.59737702243727,-18.30930849566813,39.866815569775206,48.62658131345964,-17.143201582385196,40.5,0.03687429428100586,-9.029204291022367,-1.1661069132829347,-0.6331844302247944,9.104193290029764,9.126185292053963
1517155480.6157784,39.16007633238929,-18.234826350492106,39.62825159724206,47.74884518821443,-16.93911584898849,40.099999999999994,0.040621042251586914,-8.588768855825144,-1.295710501503617,-0.47174840275793173,8.685955109399236,8.698756389162957
1517155480.7157004,38.743102467987796,-18.15822099753882,39.388377684112356,47.74884518821443,-16.93911584898849,40.099999999999994,0.059300899505615234,-9.005742720226635,-1.2191051485503301,-0.711622315887638,9.087883103679149,9.115702146659151
1517155480.8158424,38.35906593498703,-18.105915843410486,39.17165206371844,46.83349180110783,-16.71647686717308,39.5,0.04363512992858887,-8.474425866120804,-1.3894389762374075,-0.3283479362815598,8.587574420583788,8.593849358484553
1517155480.9157631,37.916748716018574,-18.049559611426528,38.92116925966537,46.83349180110783,-16.71647686717308,39.5,0.05628561973571777,-8.916743085089259,-1.3330827442534492,-0.5788307403346309,9.015842547899414,9.034404345305214
1517155481.016658,37.377333902013504,-17.917895266751835,38.62528123628961,45.89306023907059,-16.49383788614864,39.0,0.050833702087402344,-8.515726337057089,-1.4240573806031946,-0.3747187637103906,8.633975588968164,8.642103252263006
1517155481.115847,36.98749906102324,-17.848214221672272,38.412965332777596,45.89306023907059,-16.49383788614864,39.0,0.0483553409576416,-8.90556117804735,-1.3543763355236322,-0.5870346672224045,9.007960654563858,9.027068452974722
1517155481.2156696,36.5549978871519,-17.77371366476465,38.189397377630996,44.915011414102835,-16.271198904333232,38.400000000000006,0.03796529769897461,-8.360013526950937,-1.502514760431417,-0.2106026223690094,8.493961194643928,8.496571675721073
1517155481.3156433,36.045662118476756,-17.67335968687751,37.92394093824424,44.915011414102835,-16.271198904333232,38.400000000000006,0.06200838088989258,-8.86934929562608,-1.4021607825442786,-0.4760590617557625,8.979499528811616,8.992110098203192
1517155481.4157543,35.57356459432944,-17.604751423885684,37.674026824804756,43.886806239273795,-16.03000667409912,37.900000000000006,0.03690528869628906,-8.313241644944355,-1.5747447497865643,-0.22597317519525006,8.461076035246196,8.46409307310153
1517155481.5158749,35.05587698437694,-17.52738794613253,37.41790113329533,43.886806239273795,-16.03000667409912,37.900000000000006,0.06321525573730469,-8.830929254896859,-1.4973812720334116,-0.48209886670467483,8.956978406741282,8.969943227028113
1517155481.61586,34.55731601594995,-17.450908509245323,37.154647592171095,42.82098380204881,-15.807367693074681,37.3,0.03751015663146973,-8.263667786098857,-1.643540816170642,-0.14535240782890213,8.425522636218291,8.426776312201985
1517155481.715976,34.03206064295789,-17.380324499387932,36.88814808562676,42.82098380204881,-15.807367693074681,37.3,0.0626058578491211,-8.78892315909092,-1.5729568063132504,-0.4118519143732371,8.928570065297796,8.938063851321761
1517155481.8159657,33.56113394458395,-17.330352276838973,36.66759250909166,41.717544102427844,-15.566175462840569,36.7,0.0442051887512207,-8.156410157843894,-1.7641768139984038,-0.03240749090834072,8.345019262651741,8.345082188899974
1517155481.916414,33.052442505010795,-17.269937684338522,36.419386680179684,41.717544102427844,-15.566175462840569,36.7,0.056243181228637695,-8.665101597417049,-1.7037622214979535,-0.28061331982031845,8.831013045000168,8.8354702894766
1517155482.0157273,32.47515466725724,-17.190560075642118,36.13080426223873,40.56394805294562,-15.324983232606453,36.099999999999994,0.03900861740112305,-8.088793385688376,-1.8655768430356652,0.030804262238739,8.301141812644026,8.301198967390134
1517155482.1156394,31.963926218723316,-17.127162618166754,35.892145763758094,40.56394805294562,-15.324983232606453,36.099999999999994,0.06090354919433594,-8.600021834222304,-1.8021793855603008,-0.20785423624190003,8.786821159374922,8.789279234974991
1517155482.215701,31.33111985065021,-17.02087855504972,35.5942821084313,39.38527382799817,-15.065237753953637,35.599999999999994,0.036683082580566406,-8.054153977347958,-1.9556408010960826,-0.00571789156869329,8.288179971124038,8.288181943467798
1517155482.3159254,30.79375960646838,-16.93510399301083,35.360337098086326,39.38527382799817,-15.065237753953637,35.599999999999994,0.06354117393493652,-8.591514221529788,-1.8698662390571936,-0.23966290191366824,8.79263989770504,8.795905563230438
1517155482.415845,30.1886642902075,-16.824845195393408,35.096017094714014,38.19406051558541,-14.786939026882116,35.0,0.05550241470336914,-8.005396225377911,-2.0379061685112916,0.0960170947140142,8.260716087419498,8.261274088143342
1517155482.5156832,29.621181000153822,-16.720282520777857,34.85478871832025,38.19406051558541,-14.786939026882116,35.0,0.04433584213256836,-8.572879515431591,-1.933343493895741,-0.1452112816797495,8.788178437622644,8.789378053527033
1517155482.6157548,29.044265146094226,-16.614413981146246,34.6001127862952,36.990308116241906,-14.508640299810597,34.400000000000006,0.03946256637573242,-7.94604297014768,-2.1057736813356485,0.20011278629519325,8.220333428787377,8.222768804221488
1517155482.7156725,28.461298676998076,-16.50766680473993,34.333034000010386,36.990308116241906,-14.508640299810597,34.400000000000006,0.0604550838470459,-8.52900943924383,-1.9990265049293328,-0.06696599998961972,8.760143205571488,8.76039915912939
1517155482.8157165,27.918538050943816,-16.416365712965042,34.08108043827315,35.79909480382915,-14.230341573530048,33.900000000000006,0.043447256088256836,-7.880556752885333,-2.186024139434995,0.1810804382731419,8.178134033729156,8.180138531758757
1517155482.9157927,27.39359637246154,-16.330244259474494,33.829416785149796,35.79909480382915,-14.230341573530048,33.900000000000006,0.05662894248962402,-8.405498431367608,-2.0999026859444463,-0.07058321485020969,8.663832591305075,8.664120103067512
1517155483.0157094,26.85264370795622,-16.23465950421401,33.55848048281413,34.65803784181223,-13.952042846458529,33.3,0.0448756217956543,-7.805394133856012,-2.282616657755483,0.2584804828141358,8.132313102131317,8.136419885372959
1517155483.117381,26.35947995038455,-16.149901206818935,33.31016848449856,34.65803784181223,-13.952042846458529,33.3,0.05679607391357422,-8.29855789142768,-2.1978583603604065,0.010168484498564112,8.584674976350751,8.584680998596266
1517155483.2157469,25.86583286072758,-16.05549751541604,33.04760092608349,33.61729357951788,-13.692297367805713,32.7,0.03983187675476074,-7.751460718790298,-2.3632001476103266,0.34760092608348714,8.103694109023024,8.111145703069855
1517155483.3156607,25.420401500828266,-15.973005417640186,32.788910077094684,33.61729357951788,-13.692297367805713,32.7,0.06008195877075195,-8.196892078689611,-2.280708049834473,0.08891007709468113,8.508270620887904,8.508735156301038
1517155483.4168584,25.004156721326282,-15.899162132609131,32.51970604151802,32.664322929480754,-13.4511051375716,32.099999999999994,0.035904645919799805,-7.660166208154472,-2.448056995037531,0.41970604151802604,8.04183619501814,8.05278104438402
1517155483.518931,24.65212110198685,-15.841865087312819,32.25570611954814,32.664322929480754,-13.4511051375716,32.099999999999994,0.06616783142089844,-8.012201827493904,-2.390759949741218,0.1557061195481424,8.36128645973712,8.362736134630103
1517155483.6162028,24.322195771317787,-15.786707870629463,31.986038952284968,31.83674315463139,-13.265572652593596,31.5,0.03867292404174805,-7.514547383313602,-2.5211352180358677,0.48603895228496796,7.926193611291996,7.941081729010496
1517155483.7156708,24.011717757260968,-15.740860271018256,31.702208473236627,31.83674315463139,-13.265572652593596,31.5,0.06079506874084473,-7.825025397370421,-2.4752876184246606,0.20220847323662738,8.207196309545578,8.209686932524725
1517155483.8161662,23.736004270224775,-15.712020913979622,31.41337659436099,31.147093342435113,-13.11714666524397,30.900000000000006,0.037647247314453125,-7.411089072210338,-2.5948742487356515,0.5133765943609845,7.85223621670839,7.869000516623733
1517155483.9156425,23.50479949913222,-15.710863280650681,31.132649622327676,31.147093342435113,-13.11714666524397,30.900000000000006,0.0618290901184082,-7.642293843302895,-2.593716615406711,0.2326496223276706,8.070441194161702,8.073793836554868
1517155484.0155897,23.27676377765826,-15.700843989910805,30.839903274122044,30.582834404892033,-13.024380423150456,30.299999999999997,0.049210309982299805,-7.3060706272337725,-2.676463566760349,0.5399032741220466,7.780882034469076,7.799591064904065
1517155484.116433,23.05490383155264,-15.710945856979713,30.531588192350817,30.582834404892033,-13.024380423150456,30.299999999999997,0.05163288116455078,-7.527930573339393,-2.686565433829257,0.23158819235082007,7.992957684566092,7.996312002298339
1517155484.2155564,22.866390948123595,-15.718456533923273,30.23635961880112,30.169044517467356,-12.98727392631305,29.700000000000003,0.0411372184753418,-7.302653569343761,-2.731182607610224,0.5363596188011179,7.7966728538500165,7.815100078095113
1517155484.3158338,22.72313805716151,-15.722309069782671,29.945723924286256,30.169044517467356,-12.98727392631305,29.700000000000003,0.05914020538330078,-7.445906460305846,-2.735035143469622,0.24572392428625278,7.932335107119354,7.936140151144311
1517155484.4159608,22.590100369294262,-15.74685147037842,29.655231621891335,29.88064550523044,-12.98727392631305,29.10000000000001,0.051422834396362305,-7.290545135936178,-2.7595775440653707,0.5552316218913269,7.795339415370733,7.815087891686222
1517155484.5158296,22.521907931971374,-15.782353518411746,29.389450664718634,29.88064550523044,-12.98727392631305,29.10000000000001,0.048445940017700195,-7.3587375732590665,-2.7950795920986966,0.28945066471862546,7.871689056248433,7.877008968229464
1517155484.6157134,22.459130295409285,-15.827948681492742,29.130354614157394,29.69255919271608,-13.024380423150456,28.5,0.038559913635253906,-7.233428897306794,-2.8035682583422865,0.6303546141573939,7.757737337109151,7.783304923434961
1517155484.7161553,22.402913242832653,-15.859899089900992,28.881902963911145,29.69255919271608,-13.024380423150456,28.5,0.06188201904296875,-7.289645949883425,-2.835518666750536,0.38190296391114487,7.821707242293242,7.831025096242936
1517155484.8156366,22.363381207999392,-15.945731299540347,28.672500685274247,29.52955105513236,-13.080040168406564,28.10000000000001,0.04674100875854492,-7.1661698471329665,-2.865691131133783,0.5725006852742389,7.717912667102197,7.739117066672142
1517155484.91564,22.343782754921143,-15.91501608297611,28.476371216769643,29.52955105513236,-13.080040168406564,28.10000000000001,0.05326247215270996,-7.185768300211215,-2.8349759145695455,0.37637121676963403,7.724788314284723,7.733951757886938
1517155485.0156465,22.265347015548354,-15.943163453848458,28.277899533900104,29.391621093013843,-13.154253162081377,27.60000000000001,0.043915510177612305,-7.126274077465489,-2.788910291767081,0.6778995339000957,7.6525683820976695,7.682535429188915
1517155485.115827,22.18484970932954,-15.977922132998902,28.09916647588193,29.391621093013843,-13.154253162081377,27.60000000000001,0.05626511573791504,-7.206771383684302,-2.8236689709175256,0.4991664758819212,7.74019768701119,7.75627664570171
1517155485.2159677,22.069822818620157,-16.02936330033228,27.931191768581314,29.24115204289544,-13.228466155756191,27.299999999999997,0.0352015495300293,-7.171329224275283,-2.8008971445760906,0.6311917685813171,7.698895223175805,7.724725930812306
1517155485.3166466,21.953150113483204,-16.090120804718524,27.776485691785687,29.24115204289544,-13.228466155756191,27.299999999999997,0.06547737121582031,-7.288001929412236,-2.8616546489623325,0.47648569178569034,7.829689614093537,7.844174785630461
1517155485.4158285,21.850510330284777,-16.147160111107702,27.62938567362473,29.05306573038108,-13.302679150221977,27.0,0.036911964416503906,-7.202555400096301,-2.8444809608857256,0.6293856736247285,7.743892834246725,7.769427427710604
1517155485.515725,21.756207932492146,-16.206351102316972,27.486518417777223,29.05306573038108,-13.302679150221977,27.0,0.06298446655273438,-7.296857797888933,-2.903671952094996,0.4865184177772228,7.853371538899435,7.868427079082079
1517155485.6162107,21.670551073426157,-16.260094963406644,27.334410805468508,28.852440330401397,-13.358338895478083,26.700000000000003,0.03220415115356445,-7.181889256975239,-2.9017560679285612,0.6344108054685051,7.745948720280595,7.77188514115538
1517155485.7156963,21.602069512648264,-16.320882093148413,27.182964806049448,28.852440330401397,-13.358338895478083,26.700000000000003,0.06728148460388184,-7.250370817753133,-2.96254319767033,0.4829648060494449,7.832275479896566,7.847151979977918
1517155485.8158348,21.503662182674915,-16.341768683549837,27.010313584431763,28.65181493042172,-13.413998640734194,26.400000000000006,0.04224038124084473,-7.148152747746803,-2.9277700428156432,0.6103135844317578,7.724501610377778,7.748574565690829
1517155485.916387,21.412762943150696,-16.375189889427656,26.83817048187418,28.65181493042172,-13.413998640734194,26.400000000000006,0.05831193923950195,-7.239051987271022,-2.9611912486934617,0.43817048187417384,7.82128680497981,7.833550960894882
1517155486.0157008,21.323408468804992,-16.399919388018755,26.66109721250315,28.426111355511402,-13.4511051375716,26.0,0.04098224639892578,-7.10270288670641,-2.948814250447155,0.6610972125031509,7.69050673105926,7.718869302226022
1517155486.1159933,21.20914087075962,-16.415156354619274,26.466012042428012,28.426111355511402,-13.4511051375716,26.0,0.059310197830200195,-7.2169704847517835,-2.9640512170476736,0.4660120424280123,7.801939668765723,7.815844792391167
1517155486.2155592,21.089068073509825,-16.425484259531547,26.276958178447188,28.175329605670445,-13.4511051375716,25.60000000000001,0.03671145439147949,-7.08626153216062,-2.974379121959947,0.6769581784471796,7.685182734543831,7.714940442977971
1517155486.3155725,20.944470850476186,-16.431471877842135,26.08504452568844,28.175329605670445,-13.4511051375716,25.60000000000001,0.06330180168151855,-7.230858755194259,-2.9803667402705347,0.48504452568842993,7.820991257128489,7.836017638825259
1517155486.415638,20.78294681592003,-16.441328499712146,25.895438908183518,27.861852418502895,-13.413998640734194,25.200000000000003,0.0494842529296875,-7.078905602582864,-3.027329858977952,0.6954389081835153,7.6990668658830685,7.730411753610154
1517155486.5159166,20.58983467198264,-16.43955402807757,25.697389068132903,27.861852418502895,-13.413998640734194,25.200000000000003,0.050794363021850586,-7.272017746520255,-3.025555387343376,0.4973890681329003,7.876307987095734,7.891997427311172
1517155486.6157975,20.37763847910295,-16.41390324438609,25.508506442360154,27.473140706008852,-13.339785647059383,24.799999999999997,0.0386807918548584,-7.095502226905904,-3.0741175973267083,0.7085064423601573,7.732810023155901,7.765200076822633
1517155486.7156537,20.145044714101623,-16.39652047229419,25.323198440613897,27.473140706008852,-13.339785647059383,24.799999999999997,0.06117534637451172,-7.3280959919072295,-3.0567348252348054,0.5231984406138999,7.940064146995921,7.957283158633409
1517155486.8156354,19.882806452909314,-16.365868012966178,25.14522894743154,26.996655380723002,-13.209912907337488,24.400000000000006,0.04095315933227539,-7.113848927813688,-3.1559551056286903,0.745228947431535,7.7824738481089515,7.818072996627088
1517155486.9156885,19.621440818881076,-16.326582016955708,24.969539957202915,26.996655380723002,-13.209912907337488,24.400000000000006,0.05909991264343262,-7.375214561841926,-3.11666910961822,0.5695399572029096,8.006710696163164,8.0269416302166
1517155487.0160208,19.333035143149054,-16.276521499302586,24.791383711477412,26.45747461864513,-13.06148691998786,24.10000000000001,0.044751882553100586,-7.124439475496075,-3.2150345793147252,0.6913837114774033,7.816270542029377,7.846788937055238
1517155487.1157334,19.01643493480327,-16.20598302129253,24.603204129987027,26.45747461864513,-13.06148691998786,24.10000000000001,0.05496072769165039,-7.441039683841858,-3.144496101304668,0.5032041299870187,8.078175988899325,8.093833560437576
1517155487.2156065,18.708812983888187,-16.14136286465601,24.441051244927653,25.84305933124077,-12.857401186591154,23.700000000000003,0.03982067108154297,-7.134246347352583,-3.2839616780648555,0.7410512449276503,7.853780952363786,7.888664791669186
1517155487.3159528,18.346866599499542,-16.045586852051375,24.244826527089657,25.84305933124077,-12.857401186591154,23.700000000000003,0.06052565574645996,-7.496192731741228,-3.188185665460221,0.5448265270896542,8.146007200393088,8.164206590568162
1517155487.4156744,17.993786748705595,-15.933182370386858,24.06792699371346,25.17848769397513,-12.634762204775743,23.299999999999997,0.030771255493164062,-7.184700945269533,-3.2984201656111143,0.7679269937134627,7.905662733880504,7.942871969857047
1517155487.5163074,17.630102783417357,-15.816371685511964,23.891440284425407,25.17848769397513,-12.634762204775743,23.299999999999997,0.06986165046691895,-7.548384910557772,-3.1816094807362205,0.5914402844254099,8.191504968309966,8.212828700020966
1517155487.6156564,17.23610162917314,-15.706538627528559,23.702842191415264,24.46375970631365,-12.356463478495197,23.0,0.0395965576171875,-7.227658077140507,-3.350075149033362,0.7028421914152645,7.966306847230109,7.997251523508481
1517155487.7157528,16.8245577254728,-15.59347244280179,23.504396623162165,24.46375970631365,-12.356463478495197,23.0,0.06049990653991699,-7.6392019808408484,-3.237008964306593,0.5043966231621653,8.296724289687104,8.3120424621474
1517155487.8154578,16.41915949717525,-15.482124352281602,23.316753946906267,23.711414456790777,-12.078164751423676,22.6,0.04513907432556152,-7.292254959615526,-3.4039596008579256,0.716753946906266,8.047603578725166,8.079459114366244
1517155487.9156604,16.0140926430386,-15.376430708501818,23.13273016202819,23.711414456790777,-12.078164751423676,22.6,0.055063486099243164,-7.6973218137521755,-3.298265957078142,0.5327301620281872,8.374205719236045,8.391133585733233
1517155488.0156643,15.575192120270003,-15.262803211468363,22.920859381271697,22.94653011926801,-11.799866024352157,22.299999999999997,0.04242682456970215,-7.371337998998008,-3.4629371871162054,0.6208593812716998,8.144234639141008,8.167865340999283
1517155488.1155784,15.181179776330865,-15.173718521942398,22.735753307490448,22.94653011926801,-11.799866024352157,22.299999999999997,0.05748724937438965,-7.765350342937147,-3.3738524975902404,0.43575330749045094,8.466613645611211,8.477819741480639
1517155488.2155774,14.734454636292412,-15.06299555804641,22.512644604664654,22.181645782279823,-11.503014048861935,21.9,0.03654360771179199,-7.447191145987411,-3.5599815091844746,0.6126446046646556,8.254339725902287,8.277044020798328
1517155488.3157182,14.35847647815146,-14.991546653969413,22.325483889517944,22.181645782279823,-11.503014048861935,21.9,0.06359720230102539,-7.823169304128363,-3.488532605107478,0.42548388951794536,8.56573626128859,8.576297233549777
1517155488.4156148,13.951672889269574,-14.911447685007246,22.114212935115326,21.4418396196877,-11.243268570209118,21.5,0.04820704460144043,-7.4901667304181245,-3.6681791147981286,0.6142129351153258,8.340152017062023,8.362738379105657
1517155488.515818,13.556498116306265,-14.839769050572404,21.90808828746174,21.4418396196877,-11.243268570209118,21.5,0.05199623107910156,-7.885341503381433,-3.596500480363286,0.40808828746174086,8.666800235969623,8.676402617477278
1517155488.6165287,13.172251851691726,-14.766371863900805,21.697574316617672,20.789807069887384,-11.03918283681241,21.1,0.035414695739746094,-7.617555218195658,-3.7271890270883947,0.5975743166176706,8.480512103989241,8.501539896382837
1517155488.7183356,12.873322485679338,-14.73816738940806,21.527262005495388,20.789807069887384,-11.03918283681241,21.1,0.06639218330383301,-7.916484584208046,-3.6989845525956504,0.4272620054953862,8.738032667159404,8.74847230741944
1517155488.8161063,12.584645206825044,-14.70151312603377,21.346251802632388,20.20046995741366,-10.85365035262538,20.700000000000003,0.03915524482727051,-7.615824750588615,-3.847862773408391,0.6462518026323849,8.53269210476156,8.557130123298691
1517155488.9165406,12.308395741028463,-14.664824343539442,21.156387777837093,20.20046995741366,-10.85365035262538,20.700000000000003,0.0612790584564209,-7.892074216385197,-3.811173990914062,0.45638777783709017,8.764124749565802,8.775999796587904
1517155489.015344,12.127050645431112,-14.66899574424897,21.003665269180168,19.723984632662386,-10.742330861322188,20.4,0.042471885681152344,-7.596933987231274,-3.926664882926783,0.6036652691801692,8.551731000748333,8.57301084021095
1517155489.115579,11.933656563846888,-14.687813462200847,20.836468256217753,19.723984632662386,-10.742330861322188,20.4,0.057763099670410156,-7.790328068815498,-3.945482600878659,0.4364682562177542,8.732470691254042,8.743371713034772
1517155489.2153423,11.772372280577862,-14.7111325927671,20.6755158011905,19.34781200763366,-10.686671116066078,20.0,0.031137704849243164,-7.575439727055798,-4.024461476701022,0.6755158011904996,8.578087038244938,8.604644027114885
1517155489.3155954,11.598629014247756,-14.72885430352665,20.49574240495992,19.34781200763366,-10.686671116066078,20.0,0.06911540031433105,-7.749182993385904,-4.042183187460571,0.4957424049599197,8.74008478139487,8.754132882133197
1517155489.4153264,11.49295731434433,-14.782747583453839,20.34713098173293,19.071952082862065,-10.705224364484783,19.700000000000003,0.03397655487060547,-7.578994768517735,-4.077523218969056,0.6471309817329285,8.606239440223062,8.630535082482984
1517155489.5156844,11.400990381655546,-14.843749125175437,20.202257808570312,19.071952082862065,-10.705224364484783,19.700000000000003,0.06638145446777344,-7.670961701206519,-4.138524760690654,0.5022578085703095,8.7161367942585,8.730595828607386
1517155489.6155868,11.335941172317263,-14.917682788197304,20.06919301946044,18.896404857813025,-10.79799060736927,19.5,0.035970449447631836,-7.560463685495762,-4.119692180828034,0.5691930194604389,8.61002176562149,8.628815416838993
1517155489.7185955,11.242324520144408,-14.988704965153948,19.913461845533764,18.896404857813025,-10.79799060736927,19.5,0.06703829765319824,-7.654080337668617,-4.190714357784678,0.41346184553376375,8.72622671284834,8.736016445825875
1517155489.8157637,11.223873616555743,-15.077436734519319,19.8026007788643,18.796092158090474,-10.90931009788149,19.200000000000003,0.04281473159790039,-7.572218541534731,-4.16812663663783,0.6026007788642964,8.643597243035574,8.664577369872118
1517155489.9154265,11.195944012339325,-15.160696646304954,19.68927512968838,18.796092158090474,-10.90931009788149,19.200000000000003,0.05684804916381836,-7.600148145751149,-4.251386548423465,0.4892751296883766,8.708417733519713,8.722151659654411
1517155490.015524,11.222958938048357,-15.24664829001559,19.61212031387285,18.74593580769462,-11.020629588393708,19.0,0.041632652282714844,-7.522976869646264,-4.226018701621882,0.6121203138728504,8.62869718136467,8.650381860146199
1517155490.115944,11.18445709262651,-15.30224447345393,19.499602601603378,18.74593580769462,-11.020629588393708,19.0,0.05878734588623047,-7.561478715068112,-4.281614885060222,0.4996026016033781,8.689544659094478,8.703895055773952
1517155490.2153888,11.205329421696547,-15.345418374381511,19.423964744875096,18.720857632763984,-11.113395831278197,18.9,0.036514997482299805,-7.515528211067437,-4.232022543103314,0.5239647448750979,8.625148062305083,8.641048440470472
1517155490.3158903,11.187028363039353,-15.3648178732826,19.30883168879179,18.720857632763984,-11.113395831278197,18.9,0.06398653984069824,-7.533829269724631,-4.251422042004403,0.40883168879179266,8.650616905435152,8.660272293315078
1517155490.41552,11.18195161361313,-15.386421245061303,19.209876167582145,18.695779457833346,-11.18760882495301,18.700000000000003,0.04889392852783203,-7.513827844220216,-4.198812420108293,0.5098761675821422,8.607417418240775,8.622505918705011
1517155490.5156686,11.17686282040831,-15.392341180652345,19.083731184403845,18.695779457833346,-11.18760882495301,18.700000000000003,0.0512547492980957,-7.518916637425036,-4.204732355699335,0.38373118440384246,8.614747911785457,8.623290045307293
1517155490.6161652,11.165925842105466,-15.405660558313462,18.940057505095556,18.695779457833346,-11.243268570209118,18.5,0.03604555130004883,-7.52985361572788,-4.1623919881043445,0.44005750509555597,8.603731895923156,8.614978418122497
1517155490.7162583,11.153214436431824,-15.424092159739569,18.79061534672099,18.695779457833346,-11.243268570209118,18.5,0.06404757499694824,-7.542565021401522,-4.180823589530451,0.29061534672099043,8.623779507202398,8.628674884858844
1517155490.815559,11.156272424978624,-15.440422872896745,18.653410655138234,18.683240370368026,-11.261821818627821,18.200000000000003,0.04567861557006836,-7.526967945389401,-4.178601054268924,0.45341065513823153,8.609062273073468,8.620993819963553
1517155490.915495,11.117836220749652,-15.444989322632892,18.498189784575967,18.683240370368026,-11.261821818627821,18.200000000000003,0.05425739288330078,-7.565404149618374,-4.1831675040050715,0.298189784575964,8.644896200280657,8.650037425424957
1517155491.0157623,11.132147009104337,-15.495508609765968,18.319544983945672,18.670701282902705,-11.280375067046524,17.9,0.037667036056518555,-7.538554273798368,-4.215133542719444,0.4195449839456735,8.636964242253306,8.647148045194797
1517155491.1157353,11.121884754511328,-15.508698843008421,18.142008285733127,18.670701282902705,-11.280375067046524,17.9,0.06230592727661133,-7.548816528391377,-4.228323775961897,0.24200828573312805,8.652361119005581,8.655744967594817
1517155491.2156208,11.119515034582385,-15.51571223366188,17.965223396585237,18.658162195437388,-11.29892831546523,17.6,0.03691244125366211,-7.538647160855003,-4.216783918196651,0.36522339658523606,8.637850868626357,8.645568561872745
1517155491.315534,11.122237342999753,-15.538828488363091,17.78841723990773,18.658162195437388,-11.29892831546523,17.6,0.06300091743469238,-7.535924852437635,-4.239900172897862,0.18841723990772863,8.646786504692162,8.648839107881528
1517155491.4163938,11.12390042091566,-15.56377095917614,17.617986883341267,18.63308402050675,-11.31748156388393,17.299999999999997,0.03527045249938965,-7.50918359959109,-4.246289395292209,0.3179868833412698,8.626633871965291,8.632492549600952
1517155491.5155475,11.127337671591498,-15.577636541495187,17.464543386829572,18.63308402050675,-11.31748156388393,17.299999999999997,0.06388330459594727,-7.5057463489152525,-4.260154977611256,0.1645433868295747,8.630477894503908,8.632046293531445
1517155491.6158552,11.120290632469292,-15.615104715809498,17.322255129063873,18.595466758110792,-11.354588060721337,17.0,0.0394284725189209,-7.4751761256415,-4.260516655088161,0.32225512906387266,8.604083930183636,8.61011664531046
1517155491.7153652,11.097498563509191,-15.65423307929826,17.1924677323062,18.595466758110792,-11.354588060721337,17.0,0.06008148193359375,-7.497968194601601,-4.299645018576923,0.1924677323061985,8.6432907120512,8.645433370341225
1517155491.8153136,11.06618429815149,-15.683722565179712,17.066956887284213,18.532771320249623,-11.391694557558743,16.700000000000003,0.04080367088317871,-7.466587022098132,-4.292028007620969,0.3669568872842106,8.612283447307519,8.620097652224851
1517155491.915379,11.019576696188814,-15.726055839128124,16.954574775162424,18.532771320249623,-11.391694557558743,16.700000000000003,0.05926179885864258,-7.513194624060809,-4.334361281569381,0.2545747751624212,8.673798543785992,8.677533606638063
1517155492.0154283,10.960171265981494,-15.7661318525748,16.845691006159445,18.43245862052707,-11.42880105518712,16.5,0.040451765060424805,-7.472287354545575,-4.337330797387679,0.3456910061594449,8.639879440991601,8.646792412600691
1517155492.1153965,10.895092940955813,-15.79086569402337,16.728988182866892,18.43245862052707,-11.42880105518712,16.5,0.05951642990112305,-7.537365679571256,-4.36206463883625,0.2289881828668925,8.708587101302042,8.71159714913729
1517155492.215543,10.81748089804757,-15.80175564156069,16.606683351886154,18.294528657873983,-11.42880105518712,16.299999999999997,0.03689742088317871,-7.477047759826412,-4.37295458637357,0.30668335188615714,8.661926749702447,8.66735425003126
1517155492.3154378,10.722301541202285,-15.804885872241316,16.47546367428905,18.294528657873983,-11.42880105518712,16.299999999999997,0.06299734115600586,-7.572227116671698,-4.3760848170541955,0.17546367428905185,8.745784231989171,8.747544188714079
1517155492.415964,10.608287817672519,-15.78927091714117,16.334099556172212,18.10644234535962,-11.391694557558743,16.0,0.04744577407836914,-7.4981545276871024,-4.397576359582427,0.33409955617221243,8.692582996982704,8.69900118823232
1517155492.5154583,10.473292418897842,-15.759158602338994,16.186520263126255,18.10644234535962,-11.391694557558743,16.0,0.052048683166503906,-7.63314992646178,-4.367464044780251,0.1865202631262548,8.7943004259743,8.796278178346137
1517155492.6156151,10.321999332676917,-15.714597865285466,16.043043311375232,17.85566059551867,-11.31748156388393,15.700000000000003,0.03661823272705078,-7.533661262841754,-4.397116301401535,0.34304331137522937,8.72299740864879,8.729740116680038
1517155492.7164612,10.137220547585876,-15.652201176662393,15.888482386620217,17.85566059551867,-11.31748156388393,15.700000000000003,0.06422781944274902,-7.718440047932795,-4.334719612778462,0.18848238662021366,8.852350585857922,8.854356922160136
1517155492.815429,9.938807766941473,-15.581571113984465,15.739867202378607,17.542183408351114,-11.169055576534305,15.5,0.03563690185546875,-7.603375641409642,-4.41251553745016,0.2398672023786066,8.790996218439668,8.794268064335855
1517155492.9162045,9.730871905677304,-15.506034614278025,15.596206861551014,17.542183408351114,-11.169055576534305,15.5,0.06513857841491699,-7.81131150267381,-4.3369790377437205,0.0962068615510141,8.934538296164645,8.935056257564478
1517155493.015395,9.485083681017514,-15.408383023270842,15.442703347862606,17.178549870787712,-10.964969843137599,15.200000000000003,0.04375457763671875,-7.693466189770199,-4.443413180133243,0.24270334786260328,8.884443860057814,8.887758301033097
1517155493.1159987,9.250164685891676,-15.298675065301063,15.313859395231379,17.178549870787712,-10.964969843137599,15.200000000000003,0.05684924125671387,-7.928385184896037,-4.333705222163465,0.11385939523137623,9.03550178975611,9.036219151535022
1517155493.2155218,8.998806579251266,-15.18587381704249,15.194190262088384,16.752220895897715,-10.705224364484783,15.0,0.038167715072631836,-7.753414316646449,-4.4806494525577065,0.19419026208838375,8.954979234050953,8.957084511166217
1517155493.3156598,8.740899384255485,-15.072068816893182,15.08170534964014,16.752220895897715,-10.705224364484783,15.0,0.06197023391723633,-8.01132151164223,-4.366844452408399,0.08170534964014031,9.124176830510878,9.124542651475272
1517155493.416026,8.416014681749111,-14.927584379316423,14.938125525641547,16.2506573962158,-10.389819140575856,14.700000000000003,0.033960819244384766,-7.834642714466689,-4.537765238740567,0.23812552564154466,9.053890866653308,9.057021783744933
1517155493.515447,8.100748157055378,-14.790557850012071,14.806126789684402,16.2506573962158,-10.389819140575856,14.700000000000003,0.0654599666595459,-8.149909239160422,-4.400738709436215,0.10612678968439937,9.262155353657308,9.262763339887911
1517155493.6159835,7.762308689814731,-14.63489446480676,14.673571437586215,15.698937546138039,-10.037307419829524,14.5,0.034540414810180664,-7.936628856323308,-4.597587044977235,0.17357143758621518,9.17212539377686,9.173767562082226
1517155493.7154531,7.408078658760736,-14.493750748025224,14.530799541331355,15.698937546138039,-10.037307419829524,14.5,0.06492924690246582,-8.290858887377302,-4.4564433281957,0.030799541331354874,9.412663184658376,9.412713574712098
1517155493.8157537,7.049450859503068,-14.354709831034134,14.392332426086291,15.097061346198995,-9.647689202245784,14.299999999999997,0.04064583778381348,-8.047610486695927,-4.707020628788349,0.0923324260862941,9.32309378615368,9.323550987811688
1517155493.9152503,6.627705638915934,-14.175789757930596,14.213244056137862,15.097061346198995,-9.647689202245784,14.299999999999997,0.058850765228271484,-8.46935570728306,-4.528100555684812,-0.08675594386213525,9.603836771774146,9.604228617264202
1517155494.0153875,6.225246614190411,-14.012394654118694,14.05283681469374,14.41995062146804,-9.239517736243345,14.0,0.042197227478027344,-8.194704007277629,-4.772876917875349,0.05283681469373924,9.483328942943997,9.483476133204865
1517155494.1153817,5.810141951026836,-13.842719875253422,13.89179663679547,14.41995062146804,-9.239517736243345,14.0,0.05779695510864258,-8.609808670441204,-4.603202139010078,-0.10820336320452917,9.763107869638207,9.763707453728848
1517155494.2152526,5.387732559671647,-13.672070533083538,13.735805065980257,13.70522263434113,-8.812793021031226,13.700000000000003,0.03492426872253418,-8.317490074669482,-4.859277512052312,0.035805065980254014,9.632923703702977,9.632990246237796
1517155494.315818,4.945566361008112,-13.498374348483756,13.588798089485962,13.70522263434113,-8.812793021031226,13.700000000000003,0.06564116477966309,-8.759656273333018,-4.68558132745253,-0.11120191051404049,9.934095349004574,9.93471772462692
1517155494.415515,4.527972449231733,-13.347725901550046,13.464995615263378,12.952877384283683,-8.367515058191378,13.399999999999999,0.05107617378234863,-8.42490493505195,-4.980210843358668,0.06499561526337949,9.786803523570399,9.78701934395623
1517155494.515551,4.059179155337134,-13.17006772738612,13.314030204547633,12.952877384283683,-8.367515058191378,13.399999999999999,0.048959970474243164,-8.89369822894655,-4.802552669194743,-0.08596979545236572,10.1075407655847,10.107906367477225
1517155494.6159055,3.5960033622006122,-13.002910165682854,13.166970715898511,12.1754539592956,-7.9036838461418535,13.200000000000003,0.030594587326049805,-8.579450597094988,-5.099226319541001,-0.03302928410149164,9.980434940717425,9.980489594178307
1517155494.7154129,3.1345910603066542,-12.84394753849756,13.019254335087183,12.1754539592956,-7.9036838461418535,13.200000000000003,0.06891274452209473,-9.040862898988946,-4.940263692355706,-0.18074566491281985,10.302592261577804,10.30417761413824
1517155494.8154087,2.6552091583265494,-12.67975588512206,12.863592379814444,11.385491447376772,-7.476959131720709,12.899999999999999,0.03982806205749512,-8.730282289050223,-5.20279675340135,-0.03640762018555499,10.163017411364974,10.163082623816221
1517155494.9150624,2.208726163372532,-12.536089636745132,12.719520417843011,11.385491447376772,-7.476959131720709,12.899999999999999,0.05982565879821777,-9.17676528400424,-5.059130505024423,-0.18047958215698756,10.47892277596195,10.480476870073693
1517155495.014975,1.7319700234996134,-12.376490730099519,12.558217312128622,10.60806802238869,-7.068787665718267,12.600000000000001,0.04755830764770508,-8.876097998889076,-5.307703064381252,-0.041782687871378954,10.34199340096119,10.342077803736082
1517155495.115098,1.3239412021362966,-12.259316772601325,12.427148937228251,10.60806802238869,-7.068787665718267,12.600000000000001,0.05256462097167969,-9.284126820252393,-5.190529106883059,-0.1728510627717501,10.636569147235873,10.637973524775825
1517155495.2150118,0.9059071428137742,-12.139586167817342,12.28591329188167,9.855722772331246,-6.679169447343557,12.399999999999999,0.03977227210998535,-8.949815629517472,-5.460416720473785,-0.11408670811832877,10.48405220149084,10.4846729248248
1517155495.3150098,0.47398876260515976,-12.013001179989013,12.1353472831538,9.855722772331246,-6.679169447343557,12.399999999999999,0.060225725173950195,-9.381734009726086,-5.333831732645456,-0.2646527168461983,10.791973590656472,10.79521815629313
1517155495.4160376,0.0718553419639889,-11.910466482981224,11.997712606691897,9.128455697739014,-6.326657726597223,12.100000000000001,0.037367820739746094,-9.056600355775025,-5.583808756384001,-0.10228739330810477,10.639592578294291,10.640084254503098
1517155495.514992,-0.27984939749840976,-11.834467547513396,11.878807972386042,9.128455697739014,-6.326657726597223,12.100000000000001,0.061586618423461914,-9.408305095237424,-5.507809820916173,-0.2211920276139594,10.901934405803914,10.904178084639442
1517155495.616123,-0.7003364259714715,-11.720727552051883,11.734980662698725,8.45134497300806,-6.011252502688298,11.799999999999997,0.035895586013793945,-9.151681398979532,-5.7094750493635855,-0.06501933730127263,10.78662958331903,10.786825542389957
1517155495.7155335,-1.0547681275599103,-11.63601307846994,11.617252432066792,8.45134497300806,-6.011252502688298,11.799999999999997,0.06351494789123535,-9.50611310056797,-5.624760575781642,-0.18274756793320535,11.045547420370683,11.0470590877954
1517155495.8151562,-1.3840709035152798,-11.55944595688608,11.509189209156279,7.836929685603699,-5.732953775616777,11.600000000000001,0.04306912422180176,-9.22100058911898,-5.826492181269303,-0.09081079084372234,10.907559901413554,10.907937917070235
1517155495.9150538,-1.681723963391569,-11.492012307689468,11.416396127236428,7.836929685603699,-5.732953775616777,11.600000000000001,0.05682849884033203,-9.518653648995269,-5.75905853207269,-0.18360387276357315,11.125265051465973,11.126779985578217
1517155496.0153344,-1.9654465792527773,-11.427934296016142,11.330952595541934,7.310288010456573,-5.51031479459234,11.399999999999999,0.04540419578552246,-9.275734589709351,-5.917619501423802,-0.06904740445806468,11.002612087243728,11.0028287402115
1517155496.114931,-2.2088822158982495,-11.373286879783844,11.250954297892706,7.310288010456573,-5.51031479459234,11.399999999999999,0.054192543029785156,-9.519170226354824,-5.862972085191505,-0.1490457021072924,11.179849885846187,11.180843353315153
1517155496.2150812,-2.383364203828556,-11.348050271372419,11.170692481908201,6.871419948101256,-5.324782309614336,11.200000000000003,0.03656959533691406,-9.254784151929812,-6.023267961758083,-0.029307518091801654,11.042227431001074,11.042266323928674
1517155496.3156395,-2.55883101279921,-11.324740926928488,11.063210534444183,6.871419948101256,-5.324782309614336,11.200000000000003,0.06398868560791016,-9.430250960900466,-5.999958617314152,-0.13678946555581994,11.177170330412189,11.178007333730532
1517155496.4150465,-2.755953762526566,-11.301933702409096,10.929107879082611,6.507786411072426,-5.176356322264711,11.0,0.04293203353881836,-9.263740173598993,-6.125577380144385,-0.07089212091738872,11.105835414055463,11.10606167535984
1517155496.5150747,-2.9335198709239805,-11.27576970828732,10.77959967497987,6.507786411072426,-5.176356322264711,11.0,0.057096242904663086,-9.441306281996408,-6.09941338602261,-0.22040032502012963,11.240156047139942,11.242316677061076
1517155496.6151185,-3.103998310043245,-11.262915656718544,10.612860825629737,6.219387398300937,-5.0835900793802224,10.700000000000003,0.03632068634033203,-9.323385708344183,-6.1793255773383216,-0.0871391743702663,11.185239633432275,11.185579059352005
1517155496.7153642,-3.216189582022942,-11.270226322747241,10.447665447475323,6.219387398300937,-5.0835900793802224,10.700000000000003,0.06392502784729004,-9.43557698032388,-6.186636243367019,-0.2523345525246796,11.282933171802458,11.285754457977461
1517155496.8148532,-3.3210494844475633,-11.293198221584278,10.276993624923621,5.9936838233906204,-5.065036830961519,10.399999999999999,0.041428565979003906,-9.314733307838184,-6.228161390622759,-0.12300637507637724,11.205099325922733,11.20577446998214
1517155496.914948,-3.4283537382045495,-11.328895699359562,10.105382475452824,5.9936838233906204,-5.065036830961519,10.399999999999999,0.058666229248046875,-9.42203756159517,-6.263858868398042,-0.29461752454717427,11.314182238912323,11.318017459833209
1517155497.0154984,-3.5173585985578626,-11.389265815756998,9.938537123718525,5.830675685806897,-5.0835900793802224,10.100000000000001,0.04588127136230469,-9.34803428436476,-6.3056757363767755,-0.16146287628147604,11.275960778310191,11.277116729661303
1517155497.1149683,-3.579583404383172,-11.466914351715982,9.790686300152107,5.830675685806897,-5.0835900793802224,10.100000000000001,0.0535886287689209,-9.410259090190069,-6.383324272335759,-0.3093136998478947,11.371007207380341,11.375213399106379
1517155497.2152412,-3.6481225851039127,-11.538554461996572,9.641069629686175,5.717823898619025,-5.139249825427305,9.799999999999997,0.03662586212158203,-9.365946483722936,-6.399304636569267,-0.15893037031382207,11.343370458888264,11.344483779801841
1517155497.3150115,-3.6951092482129724,-11.597385879712196,9.50390692580978,5.717823898619025,-5.139249825427305,9.799999999999997,0.06314444541931152,-9.412933146831996,-6.458136054284891,-0.29609307419021746,11.415376985556934,11.41921638427814
1517155497.4154856,-3.715312146662214,-11.637986355038933,9.369066473188884,5.6676675487577475,-5.194909570683413,9.600000000000001,0.0349574089050293,-9.382979695419962,-6.44307678435552,-0.23093352681111767,11.382159127940724,11.384501601193168
1517155497.5153198,-3.716091410434977,-11.663474924502669,9.248913705761773,5.6676675487577475,-5.194909570683413,9.600000000000001,0.06487679481506348,-9.383758959192726,-6.468565353819256,-0.3510862942382289,11.397248349529837,11.402654582458531
1517155497.6148574,-3.705409015536432,-11.680554437034628,9.124261395684123,5.642589373827109,-5.250569315939523,9.399999999999999,0.03839445114135742,-9.347998389363541,-6.429985121095105,-0.27573860431587605,11.34591479542517,11.349264924344565
1517155497.7162173,-3.692616085525181,-11.695007696542886,9.001826683779361,5.642589373827109,-5.250569315939523,9.399999999999999,0.06296539306640625,-9.33520545935229,-6.444438380603363,-0.3981733162206371,11.343581754001445,11.350567783131584
1517155497.8148146,-3.679414172097424,-11.709866658023557,8.885968487056363,5.655128461292429,-5.306229061195633,9.100000000000001,0.039758920669555664,-9.334542633389852,-6.403637596827925,-0.2140315129436381,11.31990550517454,11.321928728560952
1517155497.914872,-3.670376336908781,-11.722344413946349,8.764989045120245,5.655128461292429,-5.306229061195633,9.100000000000001,0.06029844284057617,-9.325504798201209,-6.416115352750716,-0.3350109548797562,11.319521896311576,11.324478279416084
1517155498.0148675,-3.660551757957485,-11.738383658883237,8.639595340011782,5.680206636223067,-5.324782309614336,8.899999999999999,0.04339265823364258,-9.340758394180552,-6.413601349268901,-0.2604046599882164,11.330668543638469,11.33366049574196
1517155498.1149037,-3.6434898775385705,-11.751622165982113,8.517251063775225,5.680206636223067,-5.324782309614336,8.899999999999999,0.05664348602294922,-9.323696513761638,-6.426839856367777,-0.3827489362247736,11.324115295250587,11.330581801845371
1517155498.2147858,-3.6294697961276867,-11.757730732641475,8.400598306669558,5.705284811153705,-5.324782309614336,8.700000000000003,0.030336856842041016,-9.334754607281392,-6.432948423027139,-0.2994016933304451,11.336686861313959,11.34063976878984
1517155498.3147898,-3.5988600447421177,-11.762455720307546,8.291494574729512,5.705284811153705,-5.324782309614336,8.700000000000003,0.06966710090637207,-9.304144855895823,-6.43767341069321,-0.4085054252704907,11.314183595922378,11.32155586148452
1517155498.4151237,-3.592195335519328,-11.763789563272304,8.173058780919778,5.7303629860843435,-5.306229061195633,8.5,0.046013832092285156,-9.322558321603672,-6.457560502076672,-0.3269412190802221,11.340642896136119,11.345354637842586
1517155498.5150075,-3.576067143913363,-11.753317626403112,8.06154068135217,5.7303629860843435,-5.306229061195633,8.5,0.05386996269226074,-9.306430129997707,-6.447088565207479,-0.43845931864782983,11.321421851170381,11.329909059929268
1517155498.6167846,-3.5708305154441646,-11.735776108024615,7.9527547407718195,5.742902073549663,-5.287675812776929,8.299999999999997,0.034035444259643555,-9.313732588993828,-6.448100295247685,-0.3472452592281776,11.328001242799145,11.33332217078979
1517155498.7149076,-3.562649728087351,-11.708207007387243,7.863149343179958,5.742902073549663,-5.287675812776929,8.299999999999997,0.0640876293182373,-9.305551801637014,-6.420531194610313,-0.436850656820039,11.305596629719018,11.31403348281585
1517155498.814793,-3.5642674635714187,-11.681374957967359,7.774958960139761,5.755441161014981,-5.250569315939523,8.200000000000003,0.04007244110107422,-9.3197086245864,-6.430805642027836,-0.42504103986024155,11.323083946201546,11.331058641552106
1517155498.915095,-3.571468644310734,-11.650851359026579,7.696194456325294,5.755441161014981,-5.250569315939523,8.200000000000003,0.06022953987121582,-9.326909805325716,-6.4002820430870555,-0.5038055436747086,11.31171325431049,11.322927040901615
1517155499.0147238,-3.5914110879386385,-11.613173296101646,7.615889376084516,5.7303629860843435,-5.176356322264711,8.0,0.041224002838134766,-9.321774074022983,-6.436816973836935,-0.38411062391548434,11.328198649467723,11.33470888965425
1517155499.1156125,-3.619005889163134,-11.568064862897694,7.532099684545653,5.7303629860843435,-5.176356322264711,8.0,0.05966472625732422,-9.349368875247478,-6.391708540632983,-0.4679003154543473,11.32539784881074,11.335059203155897
1517155499.2152803,-3.662662885422968,-11.51714740706473,7.449244864959486,5.680206636223067,-5.0835900793802224,7.899999999999999,0.035625457763671875,-9.342869521646035,-6.4335573276845075,-0.450755135040513,11.343715034639466,11.352667130629298
1517155499.3146544,-3.720134924827555,-11.472637259225278,7.365647627283273,5.680206636223067,-5.0835900793802224,7.899999999999999,0.06374859809875488,-9.400341561050622,-6.389047179845056,-0.5343523727167252,11.366017126975558,11.378570990635412
1517155499.4148445,-3.789891582823657,-11.426813206740567,7.284010183036129,5.592433023431259,-4.972270588868004,7.700000000000003,0.037320613861083984,-9.382324606254915,-6.454542617872563,-0.41598981696387405,11.388113778105206,11.39570897096303
1517155499.514779,-3.8750759114229183,-11.379329074183564,7.198454542807223,5.592433023431259,-4.972270588868004,7.700000000000003,0.06261396408081055,-9.467508934854177,-6.40705848531556,-0.5015454571927798,11.431715700882252,11.442712602850275
1517155499.615152,-3.977086703168503,-11.330702734537855,7.112507828992541,5.4545030613127485,-4.842397849937082,7.600000000000001,0.037470340728759766,-9.431589764481252,-6.488304884600773,-0.48749217100746023,11.447837601966661,11.458212529788202
1517155499.7148168,-4.092001278679568,-11.282647333370937,7.021185628332619,5.4545030613127485,-4.842397849937082,7.600000000000001,0.0621945858001709,-9.546504339992318,-6.440249483433855,-0.5788143716673826,11.515752625094123,11.530289874899543
1517155499.8150554,-4.219630832684707,-11.22927705656523,6.923742977504347,5.266416748798387,-4.7125251102151875,7.399999999999999,0.045186758041381836,-9.486047581483096,-6.516751946350043,-0.47625702249565194,11.508829421292956,11.518679412150282
1517155499.914697,-4.3571002375739525,-11.183889539065152,6.82888156485132,5.266416748798387,-4.7125251102151875,7.399999999999999,0.054454803466796875,-9.62351698637234,-6.471364428849965,-0.5711184351486782,11.597009819689799,11.611064250315227
1517155500.0161295,-4.504033049031186,-11.146455512168009,6.741518735517861,5.0407131738880695,-4.582652371284265,7.200000000000003,0.03801918029785156,-9.544746222919255,-6.563803140883744,-0.4584812644821419,11.583854804520241,11.592924445630093
1517155500.1145618,-4.669960503180889,-11.101443938669956,6.646990812289424,5.0407131738880695,-4.582652371284265,7.200000000000003,0.06041312217712402,-9.710673677068957,-6.518791567385691,-0.5530091877105789,11.695803809979832,11.708870394843007
1517155500.214692,-4.826729456860818,-11.071937989358098,6.572463814197636,4.777392336581793,-4.452779631562371,7.100000000000001,0.03440523147583008,-9.604121793442612,-6.619158357795727,-0.527536185802365,11.664150753006254,11.676074135435561
1517155500.3146784,-4.995747194697046,-11.03677847072338,6.4963671678995745,4.777392336581793,-4.452779631562371,7.100000000000001,0.06558108329772949,-9.77313953127884,-6.583998839161009,-0.603632832100427,11.78402719836978,11.799477514191391
1517155500.414664,-5.174639133453418,-10.998744175391453,6.417791434138994,4.4889933238103055,-4.322906892631449,6.899999999999999,0.049161434173583984,-9.663632457263724,-6.675837282760003,-0.48220856586100425,11.745322289957368,11.755216748148845
1517155500.514561,-5.345624813657686,-10.96948408075752,6.34534340453423,4.4889933238103055,-4.322906892631449,6.899999999999999,0.0507354736328125,-9.834618137467992,-6.64657718812607,-0.5546565954657687,11.869991669227584,11.882943497569359
1517155500.6146889,-5.527515156367592,-10.934610730660417,6.263071134302484,4.200594311573392,-4.193034153700527,6.799999999999997,0.03660440444946289,-9.728109467940984,-6.74157657695989,-0.5369288656975133,11.835749598705492,11.84792223008222
1517155500.7145236,-5.709189318570495,-10.904724602031969,6.179861706320493,4.200594311573392,-4.193034153700527,6.799999999999997,0.06323027610778809,-9.909783630143886,-6.711690448331442,-0.6201382936795046,11.968734280219076,11.98478918353506
1517155500.81524,-5.860540055475724,-10.8889659409167,6.108696491911614,3.8871171238712647,-4.081714662397335,6.600000000000001,0.03756070137023926,-9.747657179346989,-6.807251278519365,-0.49130350808838763,11.889301512493423,11.899448289397219
1517155500.914545,-6.05691995366179,-10.854450765214128,6.007749042072666,3.8871171238712647,-4.081714662397335,6.600000000000001,0.06174445152282715,-9.944037077533055,-6.772736102816793,-0.5922509579273356,12.031368488985372,12.045936614266074
1517155501.0149496,-6.214560308127645,-10.836918200159921,5.9268998396544195,3.59871811163435,-3.9889484203038195,6.399999999999999,0.04134964942932129,-9.813278419761994,-6.847969779856102,-0.4731001603455791,11.966416483207865,11.975764994826338
1517155501.1154802,-6.3883916624791155,-10.822236188644451,5.839037494227094,3.59871811163435,-3.9889484203038195,6.399999999999999,0.05918097496032715,-9.987109774113465,-6.833287768340632,-0.5609625057729044,12.10108190886858,12.114077030382028
1517155501.214581,-6.526041853473082,-10.821632003868935,5.770332262910539,3.3103190993974363,-3.8961821782103034,6.299999999999997,0.03565406799316406,-9.836360952870518,-6.925449825658632,-0.5296677370894578,12.029790192803487,12.041445095775856
1517155501.3150337,-6.687485248466459,-10.814233318667771,5.692815677733767,3.3103190993974363,-3.8961821782103034,6.299999999999997,0.06479859352111816,-9.997804347863894,-6.918051140457468,-0.6071843222662299,12.157940753275247,12.173093122183735
1517155501.4148529,-6.830160487132616,-10.813625041004354,5.629677577669062,3.046998261556587,-3.821969183744519,6.100000000000001,0.0373380184173584,-9.877158748689203,-6.991655857259834,-0.47032242233093946,12.10130226765547,12.110438462504595
1517155501.5152829,-6.967054492309906,-10.814850355683898,5.575412986339913,3.046998261556587,-3.821969183744519,6.100000000000001,0.06309199333190918,-10.014052753866492,-6.992881171939379,-0.5245870136600885,12.213993599232207,12.225253828734443
1517155501.6151214,-7.082947306455992,-10.822457364901087,5.533159137056991,2.808755599180949,-3.7663094384884093,6.0,0.038297414779663086,-9.89170290563694,-7.056147926412677,-0.46684086294300897,12.150514801143375,12.15947985417623
1517155501.714881,-7.228676653086488,-10.822321711484367,5.47418491161887,2.808755599180949,-3.7663094384884093,6.0,0.0614621639251709,-10.037432252267436,-7.056012272995957,-0.5258150883811297,12.269366544998487,12.280628523113032
1517155501.8162458,-7.316928809330953,-10.83810540806164,5.438381356286833,2.5830520242706303,-3.729202941651003,5.899999999999999,0.03771233558654785,-9.899980833601584,-7.108902466410637,-0.46161864371316597,12.187949572533435,12.19668834376125
1517155501.9153357,-7.431322898101229,-10.847380016103303,5.382843321385501,2.5830520242706303,-3.729202941651003,5.899999999999999,0.061377525329589844,-10.014374922371859,-7.1181770744523,-0.5171566786144979,12.286421364623983,12.297300556598763
1517155502.0146089,-7.541264885250463,-10.861227783429637,5.3264330309441394,2.38242662429095,-3.6920964448135964,5.799999999999997,0.0472407341003418,-9.923691509541413,-7.16913133861604,-0.4735669690558577,12.242389363472759,12.251545331142994
1517155502.1147137,-7.640915418667163,-10.877871877547609,5.260170998723783,2.38242662429095,-3.6920964448135964,5.799999999999997,0.05286407470703125,-10.023342042958113,-7.185775432734012,-0.5398290012762139,12.332994538222069,12.344803345150309
1517155502.2147446,-7.75042825421783,-10.8922144509139,5.169698576139783,2.1943403117765894,-3.6735431963948932,5.700000000000003,0.035721778869628906,-9.94476856599442,-7.2186712545190055,-0.5303014238602195,12.288516448782973,12.299953500406328
1517155502.315699,-7.840253568514335,-10.919400109725858,5.081549920292407,2.1943403117765894,-3.6735431963948932,5.700000000000003,0.06523275375366211,-10.034593880290924,-7.2458569133309645,-0.6184500797075962,12.377217649812827,12.392659006521905
1517155502.4147403,-7.936694943677104,-10.944537281436046,4.980106563557213,2.0313321747274395,-3.6735431963948932,5.5,0.050229787826538086,-9.968027118404542,-7.270994085041153,-0.5198934364427874,12.338108429494037,12.349057000565189
1517155502.5146492,-8.013001603278994,-10.96936043032396,4.8883964199169085,2.0313321747274395,-3.6735431963948932,5.5,0.04967904090881348,-10.044333778006433,-7.295817233929066,-0.6116035800830915,12.414410584272511,12.429466967415289
1517155502.6158214,-8.117713079665272,-11.001745642180452,4.78408683228375,1.868324037143717,-3.6920964448135964,5.299999999999997,0.03334498405456543,-9.986037116808989,-7.309649197366856,-0.5159131677162474,12.375455898141801,12.386205031545204
1517155502.7153962,-8.162596700959135,-11.039575060425173,4.720261127552252,1.868324037143717,-3.6920964448135964,5.299999999999997,0.06622982025146484,-10.030920738102852,-7.347478615611577,-0.579738872447745,12.434018371426482,12.447526261117035
1517155502.814414,-8.23082951751406,-11.080397554469023,4.648738104311338,1.742933161955952,-3.729202941651003,5.200000000000003,0.04171013832092285,-9.973762679470012,-7.35119461281802,-0.5512618956886648,12.390157554361991,12.402414841455343
1517155502.9146934,-8.281476132822043,-11.133561018095351,4.592774641922329,1.742933161955952,-3.729202941651003,5.200000000000003,0.05856919288635254,-10.024409294777994,-7.404358076444348,-0.6072253580776739,12.462475686372997,12.47726023087323
1517155503.0144782,-8.326728078028744,-11.196830847895672,4.543910856482487,1.6300813747680798,-3.8034159353258152,5.100000000000001,0.04493212699890137,-9.956809452796824,-7.393414912569857,-0.5560891435175144,12.401638542898858,12.414099793551387
1517155503.1167402,-8.376931970637933,-11.26633304044091,4.493972276065811,1.6300813747680798,-3.8034159353258152,5.100000000000001,0.05732989311218262,-10.007013345406014,-7.462917105115095,-0.60602772393419,12.48340689927848,12.498108553502421
1517155503.214609,-8.410660450145677,-11.33277813781834,4.459901451066466,1.5423077619762722,-3.877628929000628,5.0,0.03622126579284668,-9.952968212121949,-7.455149208817711,-0.5400985489335337,12.435466455153394,12.447189739045735
1517155503.3147228,-8.437751038018675,-11.3961157701437,4.433575608669001,1.5423077619762722,-3.877628929000628,5.0,0.06389260292053223,-9.980058799994946,-7.518486841143072,-0.5664243913309992,12.495167787260726,12.507999625155607
1517155503.414808,-8.464187751607724,-11.446018340389877,4.404259938717091,1.4921514121149955,-3.93328867504771,5.0,0.03450155258178711,-9.95633916372272,-7.512729665342167,-0.5957400612829087,12.47276218676485,12.486981332099782
1517155503.5181444,-8.474183765508464,-11.485613848475099,4.389927890167947,1.4921514121149955,-3.93328867504771,5.0,0.06883478164672852,-9.96633517762346,-7.5523251734273895,-0.6100721098320534,12.50461724315942,12.519490420025681
1517155503.6150367,-8.483548333130933,-11.512509417987397,4.373012957098291,1.4670732371843571,-3.9889484203038195,5.0,0.0325016975402832,-9.95062157031529,-7.523560997683578,-0.6269870429017086,12.474728041985102,12.490474469508998
1517155503.7145684,-8.48094184147547,-11.52486752990012,4.365209058937024,1.4670732371843571,-3.9889484203038195,5.0,0.06702995300292969,-9.948015078659827,-7.535919109596302,-0.6347909410629757,12.48010740465089,12.49624104963079
1517155503.8154063,-8.476585622974746,-11.527319407749491,4.362276231297926,1.454534149719038,-4.007501668722522,5.0,0.037751197814941406,-9.931119772693783,-7.519817739026969,-0.6377237687020738,12.456917707353377,12.473230951639662
1517155503.9149446,-8.469067558780402,-11.522733372402891,4.342032227873325,1.454534149719038,-4.007501668722522,5.0,0.06178712844848633,-9.92360170849944,-7.515231703680369,-0.6579677721266748,12.448155623582778,12.46553248032722
1517155504.0146968,-8.462899962644634,-11.51363939477222,4.304562183460755,1.454534149719038,-4.007501668722522,5.0,0.04457354545593262,-9.917434112363672,-7.5061377260496975,-0.6954378165392452,12.437749110490255,12.457176112272558
1517155504.1173823,-8.457885680430074,-11.498007144963523,4.252436694799215,1.454534149719038,-4.007501668722522,5.0,0.05811190605163574,-9.912419830149112,-7.490505476241001,-0.7475633052007851,12.424320471507878,12.446790352296148
1517155504.2146077,-8.452393638517812,-11.48026922940247,4.192968427475744,1.4796123246496762,-3.9703951718851163,4.899999999999999,0.03508472442626953,-9.932005963167487,-7.509874057517354,-0.7070315725242544,12.451624424634991,12.471681701226695
1517155504.3144176,-8.447207661467601,-11.448838265669881,4.132676357422451,1.4796123246496762,-3.9703951718851163,4.899999999999999,0.06472516059875488,-9.926819986117277,-7.478443093784765,-0.7673236425775478,12.428550444189156,12.452214731372607
1517155504.4153569,-8.438893155583159,-11.410405652128649,4.073371678278974,1.5046904995803145,-3.914735426629007,4.799999999999997,0.045160531997680664,-9.943583655163474,-7.495670225499642,-0.726628321721023,12.452306133270096,12.473488555917433
1517155504.5145562,-8.430049959394132,-11.367574571329714,4.018420960448738,1.5046904995803145,-3.914735426629007,4.799999999999997,0.05403876304626465,-9.934740458974447,-7.4528391447007065,-0.781579039551259,12.419495935985767,12.44406465344153
1517155504.6178708,-8.41766799332408,-11.314891326777676,3.96297532008127,1.5423077619762722,-3.8405224321632216,4.600000000000001,0.034117698669433594,-9.959975755300352,-7.474368894614455,-0.6370246799187314,12.45260243559357,12.4688855902112
1517155504.7147832,-8.403885298382981,-11.259560852620561,3.918009537473454,1.5423077619762722,-3.8405224321632216,4.600000000000001,0.06279468536376953,-9.946193060359253,-7.41903842045734,-0.6819904625265476,12.408420023442174,12.427147640111864
1517155504.8175986,-8.377258800962188,-11.200536730254983,3.8709485155949075,1.5924641118375487,-3.7663094384884093,4.600000000000001,0.03715801239013672,-9.969722912799737,-7.4342272917665735,-0.7290514844050939,12.43636242571159,12.45771353220824
1517155504.915058,-8.358347006553373,-11.145345320376492,3.838977763346774,1.5924641118375487,-3.7663094384884093,4.600000000000001,0.06030130386352539,-9.950811118390922,-7.379035881888083,-0.7610222366532273,12.388253002747572,12.411606153305257
1517155505.0144427,-8.329604335339546,-11.085525996527327,3.802119603018628,1.6551595496987181,-3.6920964448135964,4.5,0.041692256927490234,-9.984763885038264,-7.39342955171373,-0.6978803969813718,12.424101994756734,12.443687051055614
1517155505.1145124,-8.297670574085593,-11.019603382307997,3.7564770104638807,1.6551595496987181,-3.6920964448135964,4.5,0.05837750434875488,-9.952830123784311,-7.3275069374944,-0.7435229895361193,12.35925505003991,12.381599728141179
1517155505.214655,-8.264075734838954,-10.953804584068891,3.7022847036532394,1.730394074490633,-3.599330202720081,4.399999999999999,0.03450822830200195,-9.994469809329587,-7.35447438134881,-0.6977152963467592,12.408775934616457,12.428375872585798
1517155505.3148627,-8.232388704052148,-10.892064571913945,3.6526344897223595,1.730394074490633,-3.599330202720081,4.399999999999999,0.06569957733154297,-9.962782778542781,-7.292734369193864,-0.7473655102776391,12.346700582424846,12.369299514443112
1517155505.4161932,-8.199730182196546,-10.826059197673024,3.6040427637441432,1.805628599282548,-3.5065639598355927,4.399999999999999,0.034995317459106445,-10.005358781479094,-7.319495237837431,-0.7959572362558553,12.396863106562307,12.422389577081928
1517155505.5147402,-8.166255724976622,-10.75889588588412,3.546146682495383,1.805628599282548,-3.5065639598355927,4.399999999999999,0.06355166435241699,-9.97188432425917,-7.252331926048528,-0.8538533175046155,12.33023906264548,12.359767830740275
1517155505.6147597,-8.132031677282974,-10.687016231441362,3.496371009980818,1.8934022120743554,-3.395244469323374,4.299999999999997,0.03482532501220703,-10.02543388935733,-7.291771762117988,-0.8036289900191793,12.396743931399717,12.422764573728948
1517155505.7145145,-8.096674539509557,-10.611906083849705,3.4411940373730303,1.8934022120743554,-3.395244469323374,4.299999999999997,0.06492948532104492,-9.990076751583914,-7.216661614526331,-0.8588059626269668,12.324034987012784,12.35392188912326
1517155505.8147173,-8.052755050421489,-10.528078700733655,3.3858781707944434,1.9686367368662707,-3.302478227229858,4.200000000000003,0.03910708427429199,-10.02139178728776,-7.225600473503797,-0.8141218292055594,12.354658860406339,12.381453465155287
1517155505.9149556,-8.018471986462785,-10.460867746559781,3.340736325920968,1.9686367368662707,-3.302478227229858,4.200000000000003,0.06113123893737793,-9.987108723329056,-7.158389519329924,-0.8592636740790347,12.287590535253354,12.317597786242237
1517155506.0148485,-7.976636404001546,-10.38636482897912,3.2880141608081566,2.056410349658078,-3.191158735926666,4.100000000000001,0.04561257362365723,-10.033046753659624,-7.195206093052454,-0.8119858391918449,12.3463767107042,12.373048892074547
1517155506.114769,-7.9434537953903614,-10.321891526093724,3.23347155049167,2.056410349658078,-3.191158735926666,4.100000000000001,0.05430793762207031,-9.99986414504844,-7.130732790167058,-0.8665284495083316,12.281882308676837,12.312412622958847
1517155506.2144158,-7.904680115324929,-10.247910580761019,3.160376310589122,2.1316448744499934,-3.098392493833151,4.0,0.04192996025085449,-10.036324989774922,-7.149518086927868,-0.8396236894108782,12.322476543929362,12.351048381231015
1517155506.3146398,-7.875327811492234,-10.18520240866771,3.089129930732101,2.1316448744499934,-3.098392493833151,4.0,0.058294057846069336,-10.006972685942227,-7.086809914834559,-0.910870069267899,12.262233773101507,12.29601811113172
1517155506.4149468,-7.851994549999603,-10.12164061243641,3.015640344291203,2.2068793992419082,-3.005626251739635,3.8999999999999986,0.04687070846557617,-10.05887394924151,-7.116014360696775,-0.8843596557087956,12.321469291783842,12.353165485373278
1517155506.515142,-7.831589679842331,-10.06243720318727,2.939046299407174,2.2068793992419082,-3.005626251739635,3.8999999999999986,0.05332446098327637,-10.038469079084239,-7.056810951447636,-0.9609537005928246,12.270674075053972,12.308244158728925
1517155506.6149771,-7.815264922728879,-10.002007411502486,2.8554745694197123,2.2570357496377587,-2.9128600088551466,3.799999999999997,0.041008710861206055,-10.072300672366637,-7.08914740264734,-0.9445254305802848,12.316949773828703,12.353112159291351
1517155506.714392,-7.810263040365825,-9.956918878613864,2.7804594996190026,2.2570357496377587,-2.9128600088551466,3.799999999999997,0.05840611457824707,-10.067298790003584,-7.044058869758718,-1.0195405003809945,12.286955289567635,12.329182175625082
1517155506.8146334,-7.809605292522633,-9.913471704090561,2.705256857467738,2.294653012033716,-2.820093766761631,3.6000000000000014,0.03783869743347168,-10.10425830455635,-7.09337793732893,-0.8947431425322634,12.345527386344449,12.377908213348865
1517155506.9148557,-7.813521290436391,-9.871876044862155,2.641913396091722,2.294653012033716,-2.820093766761631,3.6000000000000014,0.06238365173339844,-10.108174302470108,-7.051782278100524,-0.9580866039082796,12.32488624802881,12.36206904071637
1517155507.0144484,-7.826027995662045,-9.844374803449579,2.5873464119155223,2.3071920994990354,-2.745880773086818,3.5,0.04747724533081055,-10.13322009516108,-7.098494030362761,-0.9126535880844777,12.372177132423868,12.40579314545892
1517155507.1145928,-7.839798855481,-9.809660556992723,2.526513678820466,2.3071920994990354,-2.745880773086818,3.5,0.05266714096069336,-10.146990954980035,-7.063779783905905,-0.9734863211795339,12.363592126722896,12.4018581629322
1517155507.2149367,-7.86251113321363,-9.778754602209798,2.472741981693506,2.3071920994990354,-2.671667779412006,3.3999999999999986,0.028784513473510742,-10.169703232712665,-7.1070868227977915,-0.9272580183064925,12.406995887330359,12.441597742281582
1517155507.3148122,-7.891021824635288,-9.745565640895038,2.4177981528502723,2.3071920994990354,-2.671667779412006,3.3999999999999986,0.0710909366607666,-10.198213924134324,-7.073897861483031,-0.9822018471497262,12.411430143102018,12.450233679158224
1517155507.4143145,-7.9273557380981785,-9.715717066163963,2.366584393040755,2.269574837103078,-2.597454784946221,3.3999999999999986,0.033503055572509766,-10.196930575201257,-7.118262281217742,-1.0334156069592435,12.435716748932547,12.47858160515002
1517155507.5144804,-7.970517448371311,-9.681086102932568,2.3141146861992166,2.269574837103078,-2.597454784946221,3.3999999999999986,0.06666278839111328,-10.24009228547439,-7.083631317986347,-1.085885313800782,12.451398422032327,12.498658711194466
1517155507.614252,-8.021401431412592,-9.644784475862842,2.26604573181495,2.2068793992419082,-2.5046885428527053,3.299999999999997,0.036576271057128906,-10.2282808306545,-7.140095933010137,-1.033954268185047,12.473920742225445,12.516699249882944
1517155507.714823,-8.07839030113221,-9.608754209552437,2.220008136603381,2.2068793992419082,-2.5046885428527053,3.299999999999997,0.0639946460723877,-10.285269700374117,-7.104065666699732,-1.0799918633966161,12.50018087094006,12.54674875141838
1517155507.8146656,-8.142356199329633,-9.56870599351506,2.1713481056668194,2.1316448744499934,-2.4119223007591892,3.200000000000003,0.041016578674316406,-10.274001073779626,-7.156783692755871,-1.0286518943331835,12.520968448523512,12.563151499868036
1517155507.9143257,-8.212173033828506,-9.527828245643773,2.130463118927466,2.1316448744499934,-2.4119223007591892,3.200000000000003,0.05864357948303223,-10.3438179082785,-7.1159059448845845,-1.069536881072537,12.555105986652075,12.600579172246057
1517155508.0145955,-8.285459819746855,-9.49798457458386,2.099293109154159,2.0313321747274395,-2.3191560586656736,3.1000000000000014,0.03818202018737793,-10.316791994474293,-7.178828515918187,-1.0007068908458425,12.5686823461415,12.60845709036579
1517155508.1148117,-8.364718830790807,-9.465642556396983,2.0649061878322925,2.0313321747274395,-2.3191560586656736,3.1000000000000014,0.06203413009643555,-10.396051005518245,-7.146486497731309,-1.035093812167709,12.615472475162903,12.657865735248604
1517155508.2144637,-8.447531972718615,-9.434728888224699,2.030785321223842,1.918480387004994,-2.2263898157811854,3.1000000000000014,0.03927803039550781,-10.366012359723609,-7.208339072443513,-1.0692146787761594,12.625940140253256,12.671131932647882
1517155510.2142572,-10.107132216299341,-9.190472872465588,1.1077477317276063,0.5767980250084022,-1.5770261195446302,2.200000000000003,0.03381848335266113,-10.683930241307744,-7.613446752920957,-1.0922522682723965,13.11910579501106,13.164495883938702
1517155510.3142836,-10.160591647699235,-9.195859507587576,1.086130707692778,0.5767980250084022,-1.5770261195446302,2.200000000000003,0.0662078857421875,-10.737389672707637,-7.618833388042946,-1.1138692923072249,13.165795045432182,13.212829522046803
1517155510.414245,-10.231358159449492,-9.201833599828186,1.0527284308002862,0.47648532475127536,-1.5584728711259268,2.200000000000003,0.0498504638671875,-10.707843484200767,-7.643360728702259,-1.1472715691997166,13.155944485714766,13.205873972013467
1517155510.513978,-10.28367993986857,-9.204262714685564,1.0202060528764019,0.47648532475127536,-1.5584728711259268,2.200000000000003,0.04988265037536621,-10.760165264619845,-7.645789843559637,-1.179793947123601,13.199971926250871,13.252591165937348
1517155510.614297,-10.344824765282205,-9.198921216242196,0.9733000119299913,0.40125079995936036,-1.5213663742885204,2.1000000000000014,0.03737330436706543,-10.746075565241565,-7.677554841953675,-1.1266999880700101,13.206929560086559,13.254902537106982
1517155510.7154102,-10.38727777094261,-9.190555931038736,0.928256796970647,0.40125079995936036,-1.5213663742885204,2.1000000000000014,0.06374001502990723,-10.78852857090197,-7.669189556750215,-1.1717432030293544,13.236646749933863,13.288408456861196
1517155510.8164022,-10.430091453781678,-9.178901056464918,0.8788614952982243,0.32601627463287186,-1.4842598774511142,2.0,0.032204389572143555,-10.75610772841455,-7.694641179013804,-1.1211385047017757,13.225027649840062,13.272464273289986
1517155510.9144251,-10.471390266845624,-9.162483397372869,0.8267795179040114,0.32601627463287186,-1.4842598774511142,2.0,0.06581854820251465,-10.797406541478496,-7.678223519921755,-1.1732204820959886,13.249117119409966,13.300960519580974
1517155511.014155,-10.52740107142796,-9.138892899090354,0.7670290340706902,0.26332083730627603,-1.4286001321950048,1.8999999999999986,0.040259361267089844,-10.790721908734236,-7.71029276689535,-1.1329709659293083,13.262288409730646,13.310594166772368
1517155511.1144395,-10.56869959221649,-9.115355866008205,0.7195997717680438,0.26332083730627603,-1.4286001321950048,1.8999999999999986,0.06002521514892578,-10.832020429522766,-7.6867557338132,-1.1804002282319548,13.282276924417314,13.334625041437
1517155511.214709,-10.617728314296485,-9.087984849376475,0.6691536308565098,0.20062539997968018,-1.372940386147923,1.8999999999999986,0.034700632095336914,-10.818353714276165,-7.715044463228552,-1.2308463691434888,13.28753882992582,13.34442471376043
1517155511.314245,-10.662802266512962,-9.065085010818398,0.6234329027674619,0.20062539997968018,-1.372940386147923,1.8999999999999986,0.0648353099822998,-10.863427666492642,-7.692144624670475,-1.2765670972325367,13.31101609915504,13.372089333597101
1517155511.4143069,-10.706808491193932,-9.045539629591428,0.5794089048192852,0.13792996265308433,-1.3172806408918136,1.7999999999999972,0.0339968204498291,-10.844738453847016,-7.728258988699614,-1.220591095180712,13.316694001469154,13.372515909521251
1517155511.5141993,-10.747267612404023,-9.03160434978247,0.5346236986426067,0.13792996265308433,-1.3172806408918136,1.7999999999999972,0.06589555740356445,-10.885197575057107,-7.714323708890656,-1.2653763013573904,13.341600973405763,13.401473565157621
1517155511.6144884,-10.79980495549109,-9.009777596730563,0.47423624811211695,0.07523452479191502,-1.243067647217001,1.7000000000000028,0.03374910354614258,-10.875039480283005,-7.7667099495135625,-1.2257637518878859,13.36369212222382,13.419790010019877
1517155511.715054,-10.842094912791381,-8.990942029981563,0.4144745609766698,0.07523452479191502,-1.243067647217001,1.7000000000000028,0.06681656837463379,-10.917329437583296,-7.747874382764562,-1.285525439023333,13.387219259421359,13.448799766306221
1517155511.8142953,-10.883935878642227,-8.971239327238465,0.3484522606644589,0.02507817493063834,-1.1874079019608916,1.6000000000000014,0.03940534591674805,-10.909014053572864,-7.783831425277572,-1.2515477393355425,13.4012917018543,13.459605901438007
1517155511.9144697,-10.924927151616593,-8.954518685634476,0.2842452013382193,0.02507817493063834,-1.1874079019608916,1.6000000000000014,0.060769081115722656,-10.950005326547231,-7.7671107836735835,-1.3157547986617821,13.425000058743807,13.48932308410888
1517155512.0144727,-10.963305124677127,-8.935993484434604,0.22387758415109005,-0.02507817493063834,-1.1503014051234852,1.5,0.04210948944091797,-10.93822694974649,-7.785692079311119,-1.27612241584891,13.42616140071347,13.486671137765626
1517155512.1142871,-10.997391199405307,-8.918510307004421,0.16943396395831023,-0.02507817493063834,-1.1503014051234852,1.5,0.057704925537109375,-10.97231302447467,-7.768208901880936,-1.3305660360416898,13.443835860732555,13.509519925836978
1517155512.214463,-11.023224952772246,-8.906288236953129,0.12795824792314292,-0.06269543732659584,-1.0946416598673758,1.3999999999999986,0.03450727462768555,-10.96052951544565,-7.811646577085753,-1.2720417520768557,13.459384440019939,13.5193609214074
1517155512.3143487,-11.051430739684498,-8.888216844955373,0.08289930678877866,-0.06269543732659584,-1.0946416598673758,1.3999999999999986,0.06537842750549316,-10.988735302357902,-7.793575185087997,-1.31710069321122,13.471901042945136,13.536132089595007
1517155512.4141972,-11.074285371617528,-8.869859685957483,0.040307341944359365,-0.10031270025712681,-1.0575351622389968,1.2999999999999972,0.047739267349243164,-10.9739726713604,-7.812324523718486,-1.2596926580556378,13.470727176201668,13.52949800430221
1517155512.5141263,-11.097199433033772,-8.849889686738695,-0.010469136923616063,-0.10031270025712681,-1.0575351622389968,1.2999999999999972,0.05218982696533203,-10.996886732776645,-7.792354524499698,-1.3104691369236132,13.477845037282849,13.541404513854507
1517155512.6143818,-11.11414910274653,-8.835004574614294,-0.058861045770548515,-0.12539087518776515,-1.0204286654015908,1.2000000000000028,0.03403782844543457,-10.988758227558765,-7.814575909212703,-1.2588610457705514,13.484079650632001,13.542715206233444
1517155512.7141807,-11.131811058395108,-8.81848245679967,-0.11593790315306052,-0.12539087518776515,-1.0204286654015908,1.2000000000000028,0.06576108932495117,-11.006420183207343,-7.798053791398079,-1.3159379031530634,13.488918718075661,13.552956162690366
1517155512.813981,-11.149161969304323,-8.802372843591998,-0.1765714163534824,-0.13792996265308433,-0.9833221685641844,1.1000000000000014,0.03690981864929199,-11.01123200665124,-7.819050675027814,-1.2765714163534838,13.50499106859955,13.565191423050555
1517155512.914245,-11.168820443950857,-8.783015252580565,-0.24290798751976794,-0.13792996265308433,-0.9833221685641844,1.1000000000000014,0.0633540153503418,-11.030890481297773,-7.799693084016381,-1.3429079875197694,13.509839266817306,13.576419221509887
1517155513.0138943,-11.184136717648883,-8.767772969411508,-0.3022023194486678,-0.16300813758372265,-0.927662423308075,1.0,0.045426368713378906,-11.021128580065161,-7.840110546103434,-1.3022023194486678,13.525258169567463,13.587801125797688
1517155513.1143055,-11.201224537045242,-8.74815466505117,-0.3655355178361219,-0.16300813758372265,-0.927662423308075,1.0,0.05498480796813965,-11.03821639946152,-7.820492241743095,-1.365535517836122,13.527835014683806,13.596580725865499
1517155513.2138934,-11.217828191487975,-8.726079423823126,-0.4284136211320053,-0.17554722504904183,-0.8905559264706686,0.8999999999999986,0.03442025184631348,-11.042280966438932,-7.835523497352458,-1.328413621132004,13.539844807801233,13.60485502194533
1517155513.3139584,-11.232499832367928,-8.70920174275821,-0.48474328081813667,-0.17554722504904183,-0.8905559264706686,0.8999999999999986,0.06564474105834961,-11.056952607318886,-7.8186458162875425,-1.3847432808181352,13.542061267068858,13.612675611900018
1517155513.4138746,-11.249696924253833,-8.690963306629428,-0.5456818551537062,-0.18808631251436098,-0.8534494296332623,0.7999999999999972,0.03311729431152344,-11.061610611739471,-7.837513876996165,-1.3456818551537033,13.556764108660103,13.623388446093161
1517155513.5153885,-11.26740622232986,-8.676148770205254,-0.6049256247473309,-0.18808631251436098,-0.8534494296332623,0.7999999999999972,0.06839656829833984,-11.0793199098155,-7.822699340571991,-1.404925624747328,13.562667681434194,13.635240028987068
1517155513.6140993,-11.285040614997321,-8.662957000844479,-0.6600670218115319,-0.20062539997968018,-0.8163429327958561,0.7000000000000028,0.0346989631652832,-11.084415215017641,-7.8466140680486225,-1.3600670218115347,13.58063374779738,13.648567518081611
1517155513.7141552,-11.302689116928747,-8.651905634772593,-0.7141770271863699,-0.20062539997968018,-0.8163429327958561,0.7000000000000028,0.06535696983337402,-11.102063716949067,-7.835562701976737,-1.4141770271863727,13.588666661295578,13.662055419885677
1517155513.814401,-11.321313028174721,-8.641474650928801,-0.7693915030806515,-0.2257035749103185,-0.7977896843771529,0.6000000000000014,0.03861594200134277,-11.095609453264403,-7.843684966551648,-1.369391503080653,13.5880809165194,13.65690946307356
1517155513.9141152,-11.338105249690393,-8.633006934507359,-0.8220876688115375,-0.2257035749103185,-0.7977896843771529,0.6000000000000014,0.061098337173461914,-11.112401674780076,-7.8352172501302055,-1.422087668811539,13.596915103742944,13.671080194197486
1517155514.014702,-11.354448437165104,-8.62542179030084,-0.8747904950840066,-0.23824266237563768,-0.7606831875397465,0.5,0.037540435791015625,-11.116205774789465,-7.864738602761093,-1.3747904950840066,13.6170534300642,13.686277544409089
1517155514.1142406,-11.366773604553288,-8.618725245741247,-0.9242440969445163,-0.23824266237563768,-0.7606831875397465,0.5,0.06199812889099121,-11.12853094217765,-7.858042058201501,-1.4242440969445163,13.62325313276785,13.69749966844863
1517155514.213872,-11.378886741610039,-8.61106285950784,-0.9796547328802454,-0.25078174984095686,-0.7421299383300709,0.5,0.03545498847961426,-11.128104991769082,-7.868932921177769,-1.4796547328802454,13.629190219005356,13.70927438467719
1517155514.313958,-11.39008021180075,-8.603313016495129,-1.0370523875144748,-0.25078174984095686,-0.7421299383300709,0.5,0.06463098526000977,-11.139298461959793,-7.861183078165058,-1.5370523875144748,13.63386114103589,13.720229577343536
1517155514.413818,-11.39952381571836,-8.597097812228576,-1.0917544719651637,-0.26332083730627603,-0.7235766899113678,0.3999999999999986,0.04276585578918457,-11.136202978412085,-7.873521122317208,-1.4917544719651623,13.638451218520723,13.719791654562306
1517155514.5139768,-11.40893552165955,-8.591565315110506,-1.149791671585426,-0.26332083730627603,-0.7235766899113678,0.3999999999999986,0.05739307403564453,-11.145614684353275,-7.867988625199138,-1.5497916715854245,13.642945858513636,13.730689200606426
1517155514.6145673,-11.416849700382343,-8.586364825028179,-1.203667746596583,-0.2758599247715952,-0.7050234414926646,0.29999999999999716,0.03262639045715332,-11.140989775610748,-7.881341383535514,-1.5036677465965802,13.646874923735938,13.72946509796531
1517155514.7153392,-11.425525818179324,-8.582055446447905,-1.2598801520465734,-0.2758599247715952,-0.7050234414926646,0.29999999999999716,0.0681455135345459,-11.149665893407729,-7.8770320049552405,-1.5598801520465706,13.651471815951156,13.740302355860207
1517155514.8143687,-11.436064631657352,-8.578335066929982,-1.3123406964237176,-0.28839901223691433,-0.6864701930739615,0.20000000000000284,0.039078712463378906,-11.147665619420438,-7.891864873856021,-1.5123406964237205,13.658403272330592,13.741875939320307
1517155514.913976,-11.44929198921401,-8.57518173957265,-1.3645861280458682,-0.28839901223691433,-0.6864701930739615,0.20000000000000284,0.06052851676940918,-11.160892976977097,-7.88871154649869,-1.564586128045871,13.667380945426173,13.7566431828216
1517155515.0139248,-11.464151339295107,-8.572648736696877,-1.4095782716334924,-0.3009380997022335,-0.6864701930739615,0.10000000000000142,0.04156780242919922,-11.163213239592874,-7.886178543622916,-1.5095782716334938,13.667814084721817,13.750926092911271
1517155515.114149,-11.475664317300193,-8.572083433666247,-1.4378663835387222,-0.3009380997022335,-0.6864701930739615,0.10000000000000142,0.05865645408630371,-11.17472621759796,-7.885613240592286,-1.5378663835387236,13.676893003108404,13.763082330353694
1517155515.2138925,-11.490334732157201,-8.571235662052441,-1.467256067088595,-0.3134771877021261,-0.6679169446552583,0.10000000000000142,0.03351616859436035,-11.176857544455075,-7.903318717397183,-1.5672560670885964,13.68884915972862,13.778275759238854
1517155515.313933,-11.498478369993897,-8.572892650261101,-1.4700259552876922,-0.3134771877021261,-0.6679169446552583,0.10000000000000142,0.06652426719665527,-11.18500118229177,-7.904975705605843,-1.5700259552876936,13.696455466801872,13.786147897595033
1517155515.413786,-11.505255357216463,-8.577020288753962,-1.474635812239928,-0.3385553626327645,-0.6679169446552583,0.0,0.03322720527648926,-11.166699994583698,-7.909103344098704,-1.474635812239928,13.683899461654521,13.763126652596402
1517155515.5154228,-11.510232230445375,-8.587575935033959,-1.4779864466165868,-0.3385553626327645,-0.6679169446552583,0.0,0.06840968132019043,-11.17167686781261,-7.919658990378701,-1.4779864466165868,13.694063040701455,13.773590907932757
1517155515.615092,-11.514092261303738,-8.595986958310068,-1.4811243299665087,-0.35109445009808365,-0.6864701930739615,0.0,0.03440141677856445,-11.162997811205654,-7.9095167652361065,-1.4811243299665087,13.681117483324718,13.761057549234797
1517155515.713816,-11.516171048557972,-8.599660152470385,-1.4803600635843281,-0.35109445009808365,-0.6864701930739615,0.0,0.06432247161865234,-11.165076598459889,-7.913189959396424,-1.4803600635843281,13.684937368616964,13.764773034846032
1517155515.81378,-11.515917707498609,-8.596473402690762,-1.4777084793935806,-0.35109445009808365,-0.6864701930739615,0.0,0.03577756881713867,-11.164823257400526,-7.910003209616801,-1.4777084793935806,13.682888187262943,13.762450780846102
1517155515.9137695,-11.51475747813037,-8.595562666252919,-1.4775343441831446,-0.35109445009808365,-0.6864701930739615,0.0,0.06421184539794922,-11.163663028032287,-7.909092473178958,-1.4775343441831446,13.681414983573557,13.760967396625565
1517155516.0149035,-11.515848395255667,-8.595242416803364,-1.4806413116295971,-0.35109445009808365,-0.6864701930739615,0.0,0.03756427764892578,-11.164753945157583,-7.908772223729403,-1.4806413116295971,13.682120038310785,13.762002304768362
1517155516.1142426,-11.517077685657647,-8.59496805547217,-1.4801808999057258,-0.35109445009808365,-0.6864701930739615,0.0,0.06177473068237305,-11.165983235559564,-7.908497862398209,-1.4801808999057258,13.682964593111913,13.762792432962142
1517155516.2144735,-11.518325473378134,-8.595161694070736,-1.4807017901888742,-0.35109445009808365,-0.6864701930739615,0.0,0.027157068252563477,-11.167231023280051,-7.908691500996775,-1.4807017901888742,13.684094781360113,13.763972092993926
1517155516.315026,-11.52015380484638,-8.59621437252741,-1.482027050898047,-0.35109445009808365,-0.6864701930739615,0.0,0.0733954906463623,-11.169059354748297,-7.909744179453448,-1.482027050898047,13.686195229291746,13.766202963558314
1517155516.4136856,-11.519445270293964,-8.59575751802694,-1.4815680124032227,-0.35109445009808365,-0.6864701930739615,0.0,0.04780697822570801,-11.168350820195881,-7.909287324952978,-1.4815680124032227,13.68535297431644,13.765316189866773
1517155516.5142708,-11.519033425364817,-8.596048566128296,-1.4812762129876162,-0.35109445009808365,-0.6864701930739615,0.0,0.05277824401855469,-11.167938975266734,-7.909578373054335,-1.4812762129876162,13.685185091724943,13.765117878679195
1517155516.6137457,-11.518475729675352,-8.596314319446998,-1.481663526422949,-0.35109445009808365,-0.6864701930739615,0.0,0.035956621170043945,-11.167381279577269,-7.909844126373037,-1.481663526422949,13.684883585437285,13.764859808675967
1517155516.71391,-11.518884590869298,-8.5950778448408,-1.4807261520639763,-0.35109445009808365,-0.6864701930739615,0.0,0.06420779228210449,-11.167790140771215,-7.908607651766839,-1.4807261520639763,13.684502607617558,13.76438017330595
1517155516.8142006,-11.518504264329557,-8.595538727045541,-1.480977684060452,-0.35109445009808365,-0.6864701930739615,0.0,0.034330129623413086,-11.167409814231474,-7.90906853397158,-1.480977684060452,13.684458594845935,13.764363477282117
1517155516.9139996,-11.517537484681363,-8.59637707471175,-1.481523299563964,-0.35109445009808365,-0.6864701930739615,0.0,0.06546878814697266,-11.16644303458328,-7.909906881637789,-1.481523299563964,13.684154227454991,13.764119594362917
1517155517.0138462,-11.517056067424626,-8.595357086789914,-1.4798835249401705,-0.35109445009808365,-0.6864701930739615,0.0,0.04247403144836426,-11.165961617326543,-7.908886893715953,-1.4798835249401705,13.68317180836379,13.762966467465905
1517155517.1138878,-11.51667263193476,-8.596101042922921,-1.4801085263456635,-0.35109445009808365,-0.6864701930739615,0.0,0.057567596435546875,-11.165578181836677,-7.90963084984896,-1.4801085263456635,13.683288943656406,13.763107118864939
1517155517.213847,-11.516209155247829,-8.596609483255985,-1.4801228513204485,-0.35109445009808365,-0.6864701930739615,0.0,0.03199315071105957,-11.165114705149746,-7.910139290182024,-1.4801228513204485,13.68320466737352,13.763024871888936
1517155517.3138485,-11.515933274222824,-8.595132446480353,-1.4793959636830358,-0.35109445009808365,-0.6864701930739615,0.0,0.0680084228515625,-11.164838824124741,-7.9086622534063915,-1.4793959636830358,13.682125734224861,13.76187403751756
1517155517.4139366,-11.515532341107694,-8.596253059575174,-1.4794415755926238,-0.35109445009808365,-0.6864701930739615,0.0,0.03155016899108887,-11.16443789100961,-7.909782866501213,-1.4794415755926238,13.682446360845244,13.762197709413975
1517155517.5138383,-11.515409769974163,-8.595726883352988,-1.4803941343653229,-0.35109445009808365,-0.6864701930739615,0.0,0.06835150718688965,-11.16431531987608,-7.909256690279027,-1.4803941343653229,13.682042170463562,13.761898297379128
1517155517.6137547,-11.517687267981039,-8.594956742641603,-1.4799259287963658,-0.35109445009808365,-0.6864701930739615,0.0,0.03311800956726074,-11.166592817882956,-7.908486549567642,-1.4799259287963658,13.683455508938067,13.763253082749417
1517155517.714976,-11.518341387557506,-8.595543130020028,-1.4813904355593266,-0.35109445009808365,-0.6864701930739615,0.0,0.06810331344604492,-11.167246937459423,-7.909072936946067,-1.4813904355593266,13.684328221879564,13.764278277726595
1517155517.8139832,-11.517927441006172,-8.595742005405643,-1.4806308018484344,-0.35109445009808365,-0.6864701930739615,0.0,0.03779292106628418,-11.16683299090809,-7.909271812331682,-1.4806308018484344,13.684105365283395,13.763974978891822
1517155517.9136982,-11.517325083707924,-8.595192699687882,-1.4799352451969554,-0.35109445009808365,-0.6864701930739615,0.0,0.06192207336425781,-11.16623063360984,-7.908722506613921,-1.4799352451969554,13.683296322509003,13.763095821055835
1517155518.013664,-11.517675456564128,-8.595878528610669,-1.4803496395848974,-0.35109445009808365,-0.6864701930739615,0.0,0.03488302230834961,-11.166581006466044,-7.909408335536708,-1.4803496395848974,13.68397864629384,13.763818752353757
1517155518.1138046,-11.51806149245676,-8.595268757093452,-1.479751772002814,-0.35109445009808365,-0.6864701930739615,0.0,0.06525754928588867,-11.166967042358676,-7.908798564019491,-1.479751772002814,13.683941232384829,13.7637172652633
1517155518.2137332,-11.518219195964654,-8.594763020587532,-1.4802229804155793,-0.35109445009808365,-0.6864701930739615,0.0,0.03390693664550781,-11.167124745866571,-7.908292827513571,-1.4802229804155793,13.683777641260038,13.763605291027439
1517155518.313713,-11.518330601845399,-8.595547229637784,-1.4803422724018098,-0.35109445009808365,-0.6864701930739615,0.0,0.06607294082641602,-11.167236151747316,-7.909077036563823,-1.4803422724018098,13.684321789522249,13.76415911280646
1517155518.4139297,-11.518174478111867,-8.59463081327397,-1.4797046692243256,-0.35109445009808365,-0.6864701930739615,0.0,0.059479475021362305,-11.167080028013784,-7.908160620200008,-1.4797046692243256,13.6836647411045,13.763437312498311
1517155518.513855,-11.518599024131213,-8.594961326406029,-1.4801957538328487,-0.35109445009808365,-0.6864701930739615,0.0,0.040445804595947266,-11.16750457403313,-7.908491133332068,-1.4801957538328487,13.684202220701168,13.764024480024279
1517155518.6136134,-11.518782690119231,-8.595352145194555,-1.480654871933691,-0.35109445009808365,-0.6864701930739615,0.0,0.0329740047454834,-11.167688240021148,-7.908881952120594,-1.480654871933691,13.684577975183798,13.764447435646172
1517155518.7135956,-11.518547332545317,-8.594200085738057,-1.480292399519893,-0.35109445009808365,-0.6864701930739615,0.0,0.06700825691223145,-11.167452882447234,-7.907729892664096,-1.480292399519893,13.683720105914633,13.763555555345745
1517155518.8136406,-11.520396553010066,-8.5938847837443,-1.482335893113369,-0.35109445009808365,-0.6864701930739615,0.0,0.039083242416381836,-11.169302102911983,-7.9074145906703395,-1.482335893113369,13.685047130896562,13.765094793530206
1517155518.9138136,-11.524417014695295,-8.593602257562186,-1.4851351381539821,-0.35109445009808365,-0.6864701930739615,0.0,0.06108975410461426,-11.173322564597212,-7.907132064488224,-1.4851351381539821,13.688165494973935,13.768496686144594
1517155519.0137594,-11.527920482380416,-8.593456426489485,-1.487686090864294,-0.36363353756340283,-0.6679169446552583,0.0,0.03815746307373047,-11.164286944817013,-7.925539481834227,-1.487686090864294,13.691438166398909,13.772025594271737
1517155519.1136427,-11.532576566246497,-8.594108794670078,-1.4898785314577623,-0.36363353756340283,-0.6679169446552583,0.0,0.06172585487365723,-11.168943028683094,-7.92619185001482,-1.4898785314577623,13.695612641324594,13.776412583096834
1517155519.2139952,-11.534880838813699,-8.594144638773507,-1.491843739245553,-0.37617262502872195,-0.6679169446552583,0.0,0.03251528739929199,-11.158708213784976,-7.926227694118249,-1.491843739245553,13.687288060802965,13.768349654251432
1517155519.314583,-11.53567839775463,-8.593557444753326,-1.4922157142930494,-0.37617262502872195,-0.6679169446552583,0.0,0.06807255744934082,-11.159505772725907,-7.925640500098068,-1.4922157142930494,13.687598271000564,13.768698346840225
1517155519.4142165,-11.535344228854335,-8.594036786746674,-1.4923444397245795,-0.37617262502872195,-0.6679169446552583,0.0,0.030727386474609375,-11.159171603825612,-7.926119842091416,-1.4923444397245795,13.687603392662396,13.768717389851533
1517155519.5137377,-11.534977572567705,-8.594136298257894,-1.4919759978657794,-0.37617262502872195,-0.6679169446552583,0.0,0.06879377365112305,-11.158804947538982,-7.926219353602636,-1.4919759978657794,13.687362094232967,13.768437582995865
1517155519.6136649,-11.535043392331211,-8.593804069696958,-1.4917929540657369,-0.37617262502872195,-0.6679169446552583,0.0,0.03494381904602051,-11.158870767302489,-7.9258871250417,-1.4917929540657369,13.68722336780765,13.768279839473774
1517155519.7142982,-11.535445511123676,-8.593830190899634,-1.492402868944776,-0.37617262502872195,-0.6679169446552583,0.0,0.0656895637512207,-11.159272886094953,-7.925913246244376,-1.492402868944776,13.687566333476747,13.768686882072693
1517155519.8137035,-11.536190285850829,-8.593583048334253,-1.4926499263431587,-0.37617262502872195,-0.6679169446552583,0.0,0.03451108932495117,-11.160017660822106,-7.925666103678995,-1.4926499263431587,13.68803044184471,13.769175036271408
1517155519.9137273,-11.53616257473508,-8.593117877746215,-1.4925992045487497,-0.37617262502872195,-0.6679169446552583,0.0,0.06551265716552734,-11.159989949706357,-7.925200933090957,-1.4925992045487497,13.68773850960825,13.768879325959404
1517155520.0138462,-11.536715686862884,-8.593043977766875,-1.4935973751001157,-0.37617262502872195,-0.6679169446552583,0.0,0.03919696807861328,-11.160543061834161,-7.925127033111617,-1.4935973751001157,13.688146694348772,13.769393343387252
1517155520.1139674,-11.538327865073363,-8.592542372998702,-1.4950977554690752,-0.37617262502872195,-0.6679169446552583,0.0,0.06092429161071777,-11.16215524004464,-7.924625428343444,-1.4950977554690752,13.68917082158023,13.77057424658871
1517155520.2136936,-11.540564227090904,-8.592358937491557,-1.496483339298063,-0.38871171249404113,-0.6679169446552583,0.0,0.03528594970703125,-11.151852514596863,-7.924441992836299,-1.496483339298063,13.680665020573661,13.762269354650213
1517155520.3139389,-11.540964606734796,-8.593451165873788,-1.49672635395601,-0.38871171249404113,-0.6679169446552583,0.0,0.06495928764343262,-11.152252894240755,-7.92553422121853,-1.49672635395601,13.681624074239407,13.763249147183005
1517155520.4135458,-11.539405355821806,-8.593568675748807,-1.4960394388613203,-0.37617262502872195,-0.6679169446552583,0.0,0.044759273529052734,-11.163232730793084,-7.9256517310935495,-1.4960394388613203,13.69064353361215,13.772140515078426
1517155520.51378,-11.538762946256234,-8.593157461459745,-1.4955699771783877,-0.37617262502872195,-0.6679169446552583,0.0,0.05547499656677246,-11.162590321227512,-7.925240516804487,-1.4955699771783877,13.68988166233593,13.771332160884034
1517155520.614244,-11.540379963463018,-8.593167675815511,-1.4961759153661482,-0.37617262502872195,-0.6679169446552583,0.0,0.03126668930053711,-11.164207338434295,-7.925250731160253,-1.4961759153661482,13.691206106377418,13.77271458417069
1517155520.7137518,-11.541026152785399,-8.592874275241538,-1.4968612681103082,-0.37617262502872195,-0.6679169446552583,0.0,0.06824111938476562,-11.164853527756676,-7.92495733058628,-1.4968612681103082,13.691563204684625,13.773144036270104
1517155520.8134935,-11.540436711886748,-8.592745688769753,-1.496444351944941,-0.38871171249404113,-0.6679169446552583,0.0,0.03624582290649414,-11.151724999392707,-7.924828744114495,-1.496444351944941,13.680785104869662,13.762384487583954
1517155520.9135246,-11.53992528833377,-8.593059611017386,-1.4960813074591783,-0.38871171249404113,-0.6679169446552583,0.0,0.06378531455993652,-11.151213575839728,-7.925142666362128,-1.4960813074591783,13.680550080175346,13.762111385056961
1517155521.0136013,-11.540424802512042,-8.592580987136959,-1.4963932928624608,-0.38871171249404113,-0.6679169446552583,0.0,0.04188799858093262,-11.151713090018001,-7.924664042481701,-1.4963932928624608,13.680679991443453,13.76227444557058
1517155521.1143272,-11.5413027879763,-8.592486403848675,-1.4966903020010882,-0.38871171249404113,-0.6679169446552583,0.0,0.058837890625,-11.152591075482258,-7.924569459193417,-1.4966903020010882,13.681340899579528,13.762963731355672
1517155521.2134888,-11.540913062676246,-8.59252001003845,-1.4967922227903543,-0.38871171249404113,-0.6679169446552583,0.0,0.03284096717834473,-11.152201350182205,-7.9246030653831925,-1.4967922227903543,13.681042675866722,13.76267836059145
1517155521.31346,-11.540410237456506,-8.5922805615145,-1.4964452364206657,-0.38871171249404113,-0.6679169446552583,0.0,0.06713032722473145,-11.151698524962464,-7.9243636168592415,-1.4964452364206657,13.680494096481036,13.762095300842041
1517155521.4134912,-11.5407598480813,-8.592260908308976,-1.4964412899345056,-0.37617262502872195,-0.6679169446552583,0.0,0.03239917755126953,-11.164587223052578,-7.924343963653718,-1.4964412899345056,13.690991020209019,13.772529602424706
1517155521.5134714,-11.541199953341128,-8.592085385877384,-1.4969753291688157,-0.37617262502872195,-0.6679169446552583,0.0,0.0675809383392334,-11.165027328312405,-7.924168441222126,-1.4969753291688157,13.691248326095891,13.772843419677855
1517155521.6134768,-11.54123557488878,-8.591998175036512,-1.4967517470225644,-0.37617262502872195,-0.6679169446552583,0.0,0.029001951217651367,-11.165062949860058,-7.924081230381254,-1.4967517470225644,13.691226899734673,13.772797820785485
1517155521.7135022,-11.540805040178647,-8.592193772546164,-1.4965309338993293,-0.37617262502872195,-0.6679169446552583,0.0,0.07102346420288086,-11.164632415149924,-7.924276827890906,-1.4965309338993293,13.690989015058962,13.772537349616547
1517155521.813487,-11.541023353316014,-8.592180057545088,-1.4966260706631438,-0.37617262502872195,-0.6679169446552583,0.0,0.029500484466552734,-11.164850728287291,-7.92426311288983,-1.4966260706631438,13.691159106052478,13.77271677130668
1517155521.9135332,-11.541435294567357,-8.59183604048763,-1.4967584780456527,-0.37617262502872195,-0.6679169446552583,0.0,0.07054567337036133,-11.165262669538635,-7.923919095832372,-1.4967584780456527,13.691295932711773,13.77286717639764
1517155522.0135546,-11.541361700718802,-8.591901015534733,-1.496855500977567,-0.38871171249404113,-0.6679169446552583,0.0,0.037935495376586914,-11.152649988224761,-7.923984070879475,-1.496855500977567,13.681049861593277,13.76269238580185
1517155522.1135056,-11.541159879835924,-8.591904481490356,-1.496675029939535,-0.38871171249404113,-0.6679169446552583,0.0,0.062015533447265625,-11.152448167341882,-7.9239875368350985,-1.496675029939535,13.680887347287284,13.76251120814838
1517155522.213839,-11.541582075933725,-8.591904034535755,-1.4965411095612744,-0.37617262502872195,-0.6679169446552583,0.0,0.03145313262939453,-11.165409450905003,-7.923987089880497,-1.4965411095612744,13.691454985024475,13.773001666287506
1517155522.314538,-11.541983535403851,-8.591709582700393,-1.4968691945559947,-0.37617262502872195,-0.6679169446552583,0.0,0.06924581527709961,-11.165810910375129,-7.923792638045135,-1.4968691945559947,13.691669841804927,13.773250903203689
1517155522.413972,-11.541948256059008,-8.591756517699011,-1.4968004359163452,-0.38871171249404113,-0.6679169446552583,0.0,0.042944908142089844,-11.153236543564967,-7.923839573043753,-1.4968004359163452,13.68144433077324,13.7630785262966
1517155522.513401,-11.54172565199277,-8.591524741648287,-1.4967501131795657,-0.38871171249404113,-0.6679169446552583,0.0,0.056484222412109375,-11.153013939498729,-7.923607796993029,-1.4967501131795657,13.681128625052162,13.762759220320783
1517155522.6135669,-11.542004142505796,-8.591539641687799,-1.4968384482247963,-0.37617262502872195,-0.6679169446552583,0.0,0.03206992149353027,-11.165831517477073,-7.923622697032541,-1.4968384482247963,13.691588297988426,13.773166500906667
1517155522.7146742,-11.542264584050649,-8.591335456020007,-1.4969503321723217,-0.37617262502872195,-0.6679169446552583,0.0,0.06903743743896484,-11.166091959021927,-7.923418511364749,-1.4969503321723217,13.691682531506919,13.773272335961506
1517155522.814134,-11.542095036045957,-8.591493523151621,-1.4968890356861664,-0.38871171249404113,-0.6679169446552583,0.0,0.03312182426452637,-11.153383323551916,-7.923576578496363,-1.4968890356861664,13.681411672681373,13.763055697865193
1517155522.9136822,-11.542293453998873,-8.591525801325052,-1.4967755292905345,-0.38871171249404113,-0.6679169446552583,0.0,0.06642651557922363,-11.153581741504832,-7.9236088566697935,-1.4967755292905345,13.681592121457427,13.763222731722717
1517155523.013464,-11.54253110361504,-8.59128782818269,-1.4967900068460374,-0.38871171249404113,-0.6679169446552583,0.0,0.042694807052612305,-11.153819391120999,-7.923370883527432,-1.4967900068460374,13.681648042822804,13.763279895877698
1517155523.1145554,-11.542617069612923,-8.591265403680332,-1.496962748074619,-0.38871171249404113,-0.6679169446552583,0.0,0.05839657783508301,-11.153905357118882,-7.923348459025074,-1.496962748074619,13.681705139298256,13.763355440728233
1517155523.2133987,-11.542647003198034,-8.591264208373177,-1.4969420856233597,-0.37617262502872195,-0.6679169446552583,0.0,0.0309295654296875,-11.166474378169312,-7.923347263717919,-1.4969420856233597,13.691953180601296,13.773540485564645
1517155523.3136144,-11.54264970560272,-8.590988536946442,-1.496924159848696,-0.37617262502872195,-0.6679169446552583,0.0,0.06928610801696777,-11.166477080573998,-7.923071592291184,-1.496924159848696,13.691795859110519,13.773382147747688
1517155523.4134257,-11.542980082007311,-8.59107225545116,-1.4969416763003558,-0.37617262502872195,-0.6679169446552583,0.0,0.027821063995361328,-11.166807456978589,-7.923155310795901,-1.4969416763003558,13.692113746979533,13.773700056356347
1517155523.5135093,-11.543375859318552,-8.590747851486787,-1.4970628744644472,-0.37617262502872195,-0.6679169446552583,0.0,0.07226252555847168,-11.167203234289829,-7.922830906831529,-1.4970628744644472,13.692248816545007,13.773847498222052
1517155523.6132977,-11.543382511046836,-8.590645004125522,-1.497042054521554,-0.37617262502872195,-0.6679169446552583,0.0,0.03246760368347168,-11.167209886018114,-7.922728059470264,-1.497042054521554,13.692194730674048,13.773791469878736
1517155523.713588,-11.543603405448543,-8.590751675999867,-1.496952446747219,-0.37617262502872195,-0.6679169446552583,0.0,0.06782269477844238,-11.16743078041982,-7.922834731344609,-1.496952446747219,13.692436613534804,13.774022181029437
1517155523.815155,-11.543815509209274,-8.5905263629376,-1.4969886584052716,-0.37617262502872195,-0.6679169446552583,0.0,0.03480195999145508,-11.167642884180552,-7.9226094182823426,-1.4969886584052716,13.692479234355062,13.774068484897212
1517155523.9134276,-11.544221565558537,-8.59035170917612,-1.4970629392011645,-0.37617262502872195,-0.6679169446552583,0.0,0.06347060203552246,-11.168048940529815,-7.922434764520863,-1.4970629392011645,13.692709364335382,13.774305324773641
1517155524.0134337,-11.544104611607303,-8.59037178885174,-1.4970872274637301,-0.37617262502872195,-0.6679169446552583,0.0,0.04053831100463867,-11.16793198657858,-7.922454844196483,-1.4970872274637301,13.692625592455864,13.774224688954813
1517155524.1136734,-11.543982144539576,-8.590216619052752,-1.4971074189587164,-0.37617262502872195,-0.6679169446552583,0.0,0.05970144271850586,-11.167809519510854,-7.922299674397494,-1.4971074189587164,13.692435926270967,13.774038340985447
1517155524.2133958,-11.544094428195528,-8.590317833441327,-1.4970906096149825,-0.37617262502872195,-0.6679169446552583,0.0,0.03187680244445801,-11.167921803166806,-7.922400888786069,-1.4970906096149825,13.692586068536755,13.774185766777075
1517155524.313412,-11.544091007359604,-8.590326660001912,-1.4971179355371405,-0.37617262502872195,-0.6679169446552583,0.0,0.06813931465148926,-11.167918382330882,-7.922409715346654,-1.4971179355371405,13.692588385408476,13.77419103995331
1517155524.4147365,-11.544026573576893,-8.590247258704727,-1.4971205921396766,-0.37617262502872195,-0.6679169446552583,0.0,0.04607224464416504,-11.16785394854817,-7.922330314049469,-1.4971205921396766,13.692489891214457,13.774093418022792
1517155524.5134804,-11.544269104437355,-8.590398114366414,-1.497012705288416,-0.37617262502872195,-0.6679169446552583,0.0,0.05267167091369629,-11.168096479408632,-7.922481169711156,-1.497012705288416,13.692774987481805,13.774365099619011
1517155524.6152077,-11.544536656631657,-8.590168378306092,-1.4970320226125509,-0.37617262502872195,-0.6679169446552583,0.0,0.03399205207824707,-11.168364031602934,-7.9222514336508345,-1.4970320226125509,13.69286028996078,13.774451996254234
1517155524.7134476,-11.544906353395156,-8.590199427978956,-1.4969851850803124,-0.37617262502872195,-0.6679169446552583,0.0,0.06424784660339355,-11.168733728366433,-7.9222824833236976,-1.4969851850803124,13.693179792901555,13.774764516501811
1517155524.8134587,-11.545260189914124,-8.589645250806438,-1.4970200334000054,-0.37617262502872195,-0.6679169446552583,0.0,0.03721332550048828,-11.169087564885402,-7.92172830615118,-1.4970200334000054,13.693147789626552,13.774736490000652
1517155524.9133675,-11.545788679056223,-8.589290261377885,-1.4969219938378764,-0.37617262502872195,-0.6679169446552583,0.0,0.06269550323486328,-11.1696160540275,-7.921373316722627,-1.4969219938378764,13.69337350755007,13.77495021671257
1517155525.013391,-11.54633468201957,-8.588941301105262,-1.496908958555892,-0.37617262502872195,-0.6679169446552583,0.0,0.03767204284667969,-11.170162056990847,-7.921024356450004,-1.496908958555892,13.693617025275397,13.775190875814284
1517155525.1143625,-11.547350305557309,-8.588373450787884,-1.4969734672773107,-0.37617262502872195,-0.6679169446552583,0.0,0.06329941749572754,-11.171177680528587,-7.920456506132626,-1.4969734672773107,13.694117059360881,13.77569495877471
1517155525.2133803,-11.548632009116282,-8.587652371287907,-1.4966468405521205,-0.37617262502872195,-0.6679169446552583,0.0,0.02727651596069336,-11.17245938408756,-7.919735426632649,-1.4966468405521205,13.694745631699277,13.776284320609859
1517155525.3135166,-11.549572965437399,-8.586345441686323,-1.4958170373273916,-0.37617262502872195,-0.6679169446552583,0.0,0.0728597640991211,-11.173400340408676,-7.918428497031065,-1.4958170373273916,13.694757574693988,13.77620606839188
1517155525.4136548,-11.550224099820788,-8.585783791393244,-1.4955701390398914,-0.37617262502872195,-0.6679169446552583,0.0,0.032151222229003906,-11.174051474792066,-7.917866846737986,-1.4955701390398914,13.694964102325178,13.776384569427606
1517155525.5137675,-11.550391593392654,-8.585659511776592,-1.4954166612045583,-0.37617262502872195,-0.6679169446552583,0.0,0.06796145439147949,-11.174218968363931,-7.917742567121334,-1.4954166612045583,13.695028912424736,13.776432335795707
1517155525.6144168,-11.550549088034622,-8.585458308311043,-1.49527405362576,-0.37617262502872195,-0.6679169446552583,0.0,0.03230142593383789,-11.174376463005899,-7.917541363655785,-1.49527405362576,13.695041094578013,13.77642896681237
1517155525.7144992,-11.550687389992198,-8.585141480519344,-1.4953263269365813,-0.37617262502872195,-0.6679169446552583,0.0,0.06778097152709961,-11.174514764963476,-7.917224535864086,-1.4953263269365813,13.69497077702888,13.776364738482524
1517155525.8148477,-11.550978514318906,-8.58512649289615,-1.4951093964173268,-0.37617262502872195,-0.6679169446552583,0.0,0.02872180938720703,-11.174805889290184,-7.9172095482408915,-1.4951093964173268,13.69519965878816,13.77656872379065
1517155525.9175766,-11.551355193585913,-8.584798387482143,-1.4951774096481003,-0.37617262502872195,-0.6679169446552583,0.0,0.07400703430175781,-11.17518256855719,-7.916881442826885,-1.4951774096481003,13.695317346464126,13.776693097644412
1517155526.015576,-11.551472493559693,-8.58468129255887,-1.4951607636625752,-0.37617262502872195,-0.6679169446552583,0.0,0.038327932357788086,-11.17529986853097,-7.916764347903611,-1.4951607636625752,13.695345373221736,13.776719152288111
1517155526.1161592,-11.551438582223177,-8.584361315334432,-1.495305513523494,-0.37617262502872195,-0.6679169446552583,0.0,0.0622553825378418,-11.175265957194455,-7.916444370679174,-1.495305513523494,13.69513273714743,13.776523482608413
1517155526.2152245,-11.551778905712077,-8.58399979626508,-1.4955132224877623,-0.37617262502872195,-0.6679169446552583,0.0,0.030760526657104492,-11.175606280683354,-7.916082851609821,-1.4955132224877623,13.695201475494995,13.776614361048075
1517155526.314654,-11.551791458747623,-8.583858104928785,-1.495535778971945,-0.37617262502872195,-0.6679169446552583,0.0,0.06866908073425293,-11.1756188337189,-7.915941160273527,-1.495535778971945,13.695129819373205,13.776545577018588
1517155526.4142714,-11.55207834635258,-8.583436797624348,-1.4954035128172585,-0.37617262502872195,-0.6679169446552583,0.0,0.04459190368652344,-11.175905721323858,-7.91551985296909,-1.4954035128172585,13.695120416946583,13.776521872403547
1517155526.5142975,-11.5521684874276,-8.58322030041352,-1.4953308398754785,-0.37617262502872195,-0.6679169446552583,0.0,0.055434226989746094,-11.175995862398878,-7.915303355758263,-1.4953308398754785,13.695068847217778,13.776462719098744
1517155526.6151006,-11.552550502770195,-8.583136164155738,-1.4951976888037315,-0.37617262502872195,-0.6679169446552583,0.0,0.02914142608642578,-11.176377877741473,-7.91521921950048,-1.4951976888037315,13.695331969646402,13.77670983534976
1517155526.7137818,-11.55308650909668,-8.582830822284807,-1.4955347599880682,-0.37617262502872195,-0.6679169446552583,0.0,0.06953978538513184,-11.176913884067957,-7.914913877629549,-1.4955347599880682,13.695592928462933,13.777005838733482
1517155526.8135571,-11.553343148742705,-8.582555234384337,-1.4955557658445642,-0.37617262502872195,-0.6679169446552583,0.0,0.03386688232421875,-11.177170523713983,-7.914638289729079,-1.4955557658445642,13.695643109157976,13.777058003150646
1517155526.91422,-11.553603282492183,-8.582436174692953,-1.495557435139041,-0.37617262502872195,-0.6679169446552583,0.0,0.06679606437683105,-11.17743065746346,-7.914519230037695,-1.495557435139041,13.695786605560139,13.77720083278313
1517155527.0136027,-11.553840651886567,-8.582602026516357,-1.4954179673672918,-0.37617262502872195,-0.6679169446552583,0.0,0.03595685958862305,-11.177668026857845,-7.914685081861099,-1.4954179673672918,13.696076170337063,13.777473547817092
1517155527.113978,-11.554064277802233,-8.58250378717155,-1.4954157303293272,-0.37617262502872195,-0.6679169446552583,0.0,0.06441831588745117,-11.17789165277351,-7.914586842516292,-1.4954157303293272,13.696201907422209,13.777598299246213
1517155527.2141392,-11.554219368095822,-8.58238275053682,-1.4957500784530033,-0.37617262502872195,-0.6679169446552583,0.0,0.0426788330078125,-11.1780467430671,-7.914465805881561,-1.4957500784530033,13.696258539566982,13.777690890706383
1517155527.3134477,-11.554520168275552,-8.58239102231784,-1.4957081820517146,-0.37617262502872195,-0.6679169446552583,0.0,0.05662965774536133,-11.17834754324683,-7.9144740776625815,-1.4957081820517146,13.696508815154518,13.777935138817494
