timestamp,vins_x,vins_y,vins_z,gps_x,gps_y,gps_z,error_2d,error_3d,error_x,error_y,error_z
1645814038.5846663,-0.002053082820351616,0.00720419784040735,0.0073489587173912446,-0.02253825944299947,0.018553248418703146,0.0,0.023418868680826453,0.024544869209668137,0.02048517662264785,0.011349050578295796,0.0073489587173912446
1645814038.6845334,-0.006522293104486114,0.024283680200416907,0.036453924739227414,-0.034551878598361244,0.018553248418703146,0.0,0.02860936055495352,0.04633987635133036,0.02802958549387513,0.005730431781713761,0.036453924739227414
1645814038.784884,-0.017830634608782377,0.0473881528546254,0.08610183407938447,-0.05133628413996498,0.03240416083942267,0.037327459073840476,0.036703522545092265,0.06104169250929672,0.0335056495311826,0.01498399201520273,0.048774375005544
1645814038.8850458,-0.026931786856636906,0.07555372239453806,0.15420010063754797,-0.06952981956641034,0.050463423143180336,0.08599619323888154,0.049437996594376775,0.08423709688558524,0.042598032709773435,0.025090299251357723,0.06820390739866643
1645814038.985461,-0.032698890980740164,0.10802836460431645,0.23142531270406283,-0.08370360507117669,0.0689690310817525,0.17173560944845306,0.0642426057587491,0.08769249152246054,0.051004714090436526,0.03905933352256395,0.059689703255609766
1645814039.0841737,-0.03024126998719943,0.141717466204746,0.3106980001905192,-0.09602815659639694,0.08731942093585007,0.2706422237510956,0.08536428866222844,0.09429489384358701,0.0657868866091975,0.05439804526889594,0.040055776439423596
1645814039.183313,-0.019453290524575933,0.17922368595128557,0.3910159845546949,-0.11747013454287825,0.119245017072612,0.37135886498561316,0.11491188986247582,0.11658106527871044,0.09801684401830231,0.05997866887867358,0.019657119569081727
1645814039.283019,-0.0006103749568412073,0.2176049845341649,0.46634344369062664,-0.1428592604179305,0.15704763868594812,0.4732348835679672,0.15460251469850883,0.15475603217543943,0.1422488854610893,0.06055734584821679,0.006891439877340588
1645814039.3819046,0.024500712618515278,0.2558092602931054,0.5337115453766784,-0.1585604613388897,0.1938720082208996,0.536237282495006,0.19325531455802,0.19327181882755218,0.18306117395740498,0.06193725207220582,0.002525737118327598
1645814039.4828284,0.0555219372840554,0.29524804498779944,0.5934798165867925,-0.1710990115142822,0.2312100461860265,0.586549277360459,0.23549505244228514,0.23559701207520095,0.2266209487983376,0.06403799880177294,0.006930539226333465
1645814039.581191,0.09043828142753854,0.3331037431490163,0.6410031144179907,-0.17895064473086966,0.2813888541120575,0.6361092416907254,0.274307898692118,0.27435155052442467,0.2693889261584082,0.05171488903695881,0.00489387272726538
1645814039.683275,0.13129726870012837,0.37182629009046425,0.6796148190615717,-0.18538549304434548,0.3388750717464896,0.6877499897483417,0.3183924533911875,0.318496366350642,0.31668276174447385,0.03295121834397463,0.008135170686769944
1645814039.7808366,0.17677598450479148,0.40899860832773505,0.7084066989566078,-0.19112743678730099,0.39644774783408526,0.7000000000000028,0.3681174425337082,0.36821342192389583,0.36790342129209247,0.012550860493649785,0.008406698956604952
1645814039.8808322,0.23030407707012696,0.4483883412405762,0.7343384116401561,-0.19687462066747025,0.45634781412366526,0.7000000000000028,0.42725284435491595,0.4286305163230153,0.4271786977375972,0.00795947288308907,0.03433841164015328
1645814039.9813354,0.2919039977488084,0.4888610855314322,0.761152899271311,-0.19571836294337047,0.5259133172725637,0.7293269784763555,0.48902805085599316,0.49006257126866837,0.48762236069217885,0.037052231741131536,0.0318259207949555
1645814040.0812793,0.36139548688612794,0.5298255304721141,0.7908431746196549,-0.1893150803166658,0.6021856151694761,0.7807144065490315,0.5554440662084997,0.5555364098138489,0.5507105672027938,0.07236008469736199,0.010128768070623462
1645814040.1807466,0.43929821871961394,0.5703481190043854,0.823704113658773,-0.17852689751430387,0.6932341522631147,0.7999999999999972,0.6299276557030336,0.6303734896264814,0.6178251162339178,0.12288603325872927,0.023704113658775894
1645814040.2809315,0.5272949176989241,0.6130252781345699,0.8596939682548397,-0.16496855964553395,0.7941712067094251,0.7999999999999972,0.7155714985270777,0.7180570585617119,0.692263477344458,0.18114592857485523,0.05969396825484252
1645814040.380712,0.6241839339221094,0.6562787326554425,0.8937435279325047,-0.14778202805153676,0.8939119657707273,0.83800806282478,0.8077134392386449,0.8096341408299766,0.7719659619736461,0.23763323311528484,0.05573546510772465
1645814040.4805305,0.7260214469877387,0.6995233038321615,0.9222446479312004,-0.12954647342779976,0.993467310206523,0.8867892014074912,0.9046543789357236,0.9053489018139778,0.8555679204155385,0.29394400637436147,0.035455446523709244
1645814040.5806434,0.8303468093713811,0.7450769117310345,0.9415546127928214,-0.10656308572828666,1.0943144280122212,0.8999999999999915,0.9998834903697142,1.000746611364877,0.9369098950996677,0.3492375162811867,0.041554612792829904
1645814040.6807032,0.936181882862305,0.7896679147624927,0.9523489251979739,-0.08185648660767329,1.1954769935075444,0.8999999999999915,1.0959393824956742,1.0971889263360177,1.0180383694699782,0.4058090787450518,0.0523489251979824
1645814040.7806635,1.0411238916667205,0.8333117737523454,0.9550684270708386,-0.05741238267163103,1.3020238800492032,0.9348139759238231,1.1943504446461362,1.1945221753561923,1.0985362743383515,0.4687121062968578,0.020254451147015518
1645814040.8822649,1.1487113315997435,0.8776969670276362,0.9550598176039091,-0.03266448839584716,1.4125674975412699,0.9844654866266782,1.2968173782311023,1.2971507259578074,1.1813758199955906,0.5348705305136336,0.029405669022769088
1645814040.9813905,1.2530308031913344,0.9192092614200831,0.9592520016304871,-0.008233061333764526,1.527909535863058,1.0,1.4004651227587712,1.4010578001763032,1.2612638645250989,0.608700274442975,0.04074799836951293
1645814041.0807836,1.361494431877531,0.961527118788347,0.9717028718802283,0.016399943827368167,1.6471091722767683,1.0,1.5097357165571497,1.5100008812276096,1.345094488050163,0.6855820534884214,0.028297128119771697
1645814041.180738,1.4740681377753648,1.0056880773934007,0.9961288306776451,0.04178736062128892,1.7574034515171053,1.0,1.6175611976982587,1.6175658299589997,1.432280777154076,0.7517153741237046,0.0038711693223548727
1645814041.2829168,1.5857858993511642,1.049864330913902,1.0369096002775153,0.06806961470218714,1.865017625238219,1.0,1.722770331163293,1.7231656718171726,1.5177162846489771,0.8151532943243169,0.03690960027751533
1645814041.3807428,1.6907822401875525,1.0937654660506149,1.0882921433011696,0.08814246461120304,1.9721050880461313,1.035786071218484,1.827548834320615,1.8283029369970916,1.6026397755763495,0.8783396219955164,0.05250607208268554
1645814041.4807742,1.7883491584146083,1.1386662607314642,1.1526784176074076,0.10678099435182742,2.083110924668378,1.0856451909993474,1.928638694423707,1.9298032716051314,1.6815681640627809,0.9444446639369137,0.06703322660806021
1645814041.5808687,1.882658846187309,1.188534236170585,1.2232833053766035,0.12557545810703463,2.195045458967362,1.1718428851321516,2.024946141082157,2.0255994152641446,1.7570833880802743,1.0065112227967767,0.051440420244451834
1645814041.6813216,1.973410363692358,1.240506502706245,1.2971609487016607,0.1444956500083488,2.307728794132644,1.2730680476322582,2.117520353915701,2.117657412597518,1.8289147136840092,1.0672222914263991,0.024092901069402428
1645814041.7807665,2.0603852172432617,1.2918569630735734,1.3689082815638627,0.15786787127221916,2.412200315855386,1.3334582061751128,2.207881672518501,2.2081662500111174,1.9025173459710425,1.1203433527818127,0.03545007538874989
1645814041.8806608,2.1448836104968905,1.3421424061029703,1.4429842578831615,0.169322337998149,2.51452968515125,1.3794202243542557,2.2972449311013996,2.2981241610995564,1.9755612724987415,1.1723872790482797,0.06356403352890583
1645814041.9809117,2.2304447801244676,1.3969103573136883,1.5188309462546443,0.18203846560829365,2.6224817074303566,1.460889527442624,2.3870470384088636,2.387750148485071,2.048406314516174,1.2255713501166683,0.05794141881202042
1645814042.0806575,2.3169084854741024,1.4518282143871273,1.595174185931267,0.19566898395933338,2.7341035618742415,1.5702767468098036,2.4786865654131875,2.4788116047885995,2.121239501514769,1.2822753474871142,0.02489743912146336
1645814042.180757,2.4035040527695366,1.5020667645808112,1.6627704635959324,0.21293331651111114,2.831736512013447,1.6362753136211308,2.562542055808909,2.562679024138906,2.1905707362584255,1.3296697474326358,0.026495149974801624
1645814042.280625,2.4868766691846993,1.5386236150191108,1.7157436145918898,0.2314859231661434,2.923814930778596,1.6859045842950118,2.646798518679054,2.6469667104462595,2.255390746018556,1.3851913157594853,0.029839030296878066
1645814042.380538,2.5747761264725995,1.5715139497087312,1.7618137543249848,0.2501151277554893,3.016273512937922,1.7357387587695123,2.737038354590347,2.737162556351349,2.32466099871711,1.4447595632291907,0.026074995555472436
1645814042.4808486,2.660222613460144,1.5998171214178565,1.803191997142405,0.2688456542426493,3.109234965794541,1.785843975043436,2.8279013402166404,2.827954551238371,2.391376959217495,1.5094178443766846,0.017348022098969018
1645814042.5806682,2.7418924323643785,1.6237226474433655,1.8467901154839628,0.2918545636933476,3.194852729413112,1.7999999999999972,2.91052148117693,2.910897560426913,2.450037868671031,1.5711300819697467,0.04679011548396561
1645814042.6810107,2.818337980386122,1.6432262477198532,1.8895909212075774,0.31672571824676854,3.278173376642864,1.7999999999999972,2.9884972853358205,2.9898398882920794,2.5016122621393535,1.6349471289230106,0.08959092120758028
1645814042.7806828,2.8953395394193175,1.660587463578293,1.9286822985659737,0.3453019526930528,3.3532715806946314,1.8342213347487535,3.0606978312232376,3.0621551377648895,2.5500375867262646,1.6926841171163385,0.09446096381722024
1645814042.8809733,2.9724828869726094,1.6736244783714633,1.9611149724253065,0.3756749935893406,3.4256288929851335,1.8829710942733162,3.132559768617901,3.1335342936779984,2.596807893383269,1.7520044146136702,0.07814387815199031
1645814042.9806356,3.0471842329236205,1.6850243422330187,1.989092129629715,0.41078941649245,3.499551985782594,1.932775777390323,3.2004824944546595,3.200977933201082,2.6363948164311704,1.8145276435495754,0.05631635223939213
1645814043.0816154,3.127195453759489,1.6959374718371385,2.0175208339349946,0.44907659864951666,3.575561212034145,1.9839859647765208,3.271896393042991,3.2720682441320212,2.6781188551099726,1.8796237401970064,0.03353486915847381
1645814043.180603,3.201984314902406,1.700082015415388,2.0440460918673136,0.4914139909469332,3.6445408573285856,2.0,3.3358824423235434,3.336173216008316,2.710570323955473,1.9444588419131976,0.044046091867313564
1645814043.2805173,3.2867799856417497,1.7049428836324965,2.0741509076432982,0.5364199537121859,3.711551568902248,2.0,3.4045497089975925,3.405357114626881,2.7503600319295636,2.0066086852697516,0.07415090764329824
1645814043.3806539,3.365973766166001,1.700843222135249,2.10283041737325,0.5800225494560683,3.776472765157571,2.036397032892105,3.4741563266143642,3.474791443573014,2.785951216709933,2.0756295430223224,0.06643338448114511
1645814043.4805987,3.4485520186014176,1.6960105964137666,2.1343915292000895,0.6230066712391987,3.840473097002378,2.0856762984035875,3.5471715389068854,3.547506039479369,2.825545347362219,2.1444625005886113,0.048715230796501974
1645814043.5805967,3.5296511218511872,1.6895258004747578,2.1680623105815418,0.6663185196360144,3.9049613909869825,2.0999999999999943,3.620335405265175,3.6209751345097994,2.8633326022151726,2.2154355905122247,0.06806231058154744
1645814043.6811585,3.6083397826082226,1.6836500897605073,2.202550934842222,0.7100001236767197,3.9700002252162827,2.0999999999999943,3.691580924269956,3.6930050656167315,2.898339658931503,2.286350135455775,0.10255093484222755
1645814043.7805803,3.679919260009471,1.6738423028731333,2.2321443092716446,0.756581642539605,4.026754726341395,2.1339619831046255,3.7526123831573224,3.7538965712173327,2.9233376174698655,2.352912423468262,0.09818232616701916
1645814043.8806176,3.7506210055166918,1.6606021851273471,2.258753537188448,0.8048788318092754,4.080688063289781,2.1824111237870034,3.8123762421408167,3.8131405397288587,2.9457421737074165,2.4200858781624337,0.07634241340144454
1645814043.9806037,3.809481116834551,1.6468099855724192,2.28006693654334,0.8540490024061369,4.129708198465858,2.200000000000003,3.859969238036002,3.8607995587587385,2.955432114428414,2.4828982128934385,0.08006693654333707
1645814044.08045,3.8728234090031837,1.6335943886721653,2.2992076590293284,0.9036618253440039,4.175876949556373,2.200000000000003,3.90885163817373,3.9101103934369337,2.96916158365918,2.5422825608842077,0.0992076590293256
1645814044.1805673,3.936714940690854,1.615549754301576,2.3122885311408194,0.9627634784423031,4.217252823482976,2.232634002988135,3.9513600392773895,3.9521628260806057,2.973951462248551,2.6017030691814003,0.07965452815268437
1645814044.2805488,4.004743798214805,1.5881626956943182,2.3177256670188418,1.027285836893958,4.255680523652773,2.2844142887130015,3.9976126968365864,3.997751483250769,2.977457961320847,2.6675178279584544,0.0333113783058403
1645814044.3805935,4.080678722161377,1.546411061727708,2.31979861654551,1.103587830122107,4.286791394616491,2.299999999999997,4.046326055614749,4.0463744925011484,2.9770908920392696,2.7403803328887824,0.019798616545512626
1645814044.4805658,4.1409117296817834,1.4901268396869434,2.3157229240273103,1.1848811804827601,4.314723720496851,2.299999999999997,4.08857727661823,4.088607508335682,2.9560305491990233,2.8245968808099082,0.015722924027313123
1645814044.582446,4.217630271641311,1.4207573091987504,2.312478416064784,1.2673355433924474,4.336338943596506,2.263801349871658,4.147873581773018,4.148159195009721,2.9502947282488634,2.915581634397756,0.04867706619312617
1645814044.6806684,4.2800360867806475,1.3451163068211958,2.308252496741674,1.346677432921643,4.354513480466042,2.2148219569929055,4.202506911465,4.203545361557175,2.9333586538590044,3.009397173644846,0.09343053974876847
1645814044.7804306,4.347043141674961,1.2603189709848304,2.3071067216001198,1.435107276997581,4.366407816508638,2.200000000000003,4.257600074723062,4.258947081861167,2.91193586467738,3.106088845523808,0.10710672160011692
1645814044.880586,4.4109040664733925,1.1726993284813199,2.3051443159549443,1.5272276535505942,4.375551866983769,2.200000000000003,4.309739439669047,4.311021846965811,2.8836764129227985,3.202852538502449,0.10514431595494145
1645814044.9805381,4.466443600865534,1.0859661356152561,2.302541083132774,1.6243802174360562,4.378566637887558,2.200000000000003,4.34954507310758,4.350753614803356,2.842063383429478,3.292600502272302,0.10254108313277133
1645814045.0805647,4.519282137320642,0.9958128769858834,2.3006607770121152,1.7241818403834919,4.378566637887558,2.200000000000003,4.388121315190884,4.3892757111921386,2.7951002969371506,3.3827537609016747,0.1006607770121124
1645814045.180824,4.5764972999603035,0.9024468879741477,2.3000203450174133,1.825183154294401,4.372219060893879,2.200000000000003,4.428210525721356,4.429339965449345,2.7513141456659023,3.469772172919731,0.10002034501741042
1645814045.2818093,4.624261219544042,0.8161968411522385,2.3020961055917417,1.9273910402577092,4.362707789100569,2.200000000000003,4.455429122749151,4.45659873475482,2.696870179286333,3.546510947948331,0.10209610559173887
1645814045.3806536,4.679459020878469,0.7224244032758281,2.3040647689991762,2.030490527888311,4.353519419661001,2.200000000000003,4.494650720008374,4.495855265799673,2.648968492990158,3.6310950163851734,0.10406476899917338
1645814045.4804535,4.725388233114265,0.6355012810992156,2.3085067402245594,2.135844522330026,4.344292085377752,2.200000000000003,4.523368861806788,4.524670106498086,2.5895437107842394,3.7087908042785367,0.10850674022455653
1645814045.5806327,4.763603968010462,0.5545122169836,2.3157873810708742,2.2354580132950534,4.3281035509577706,2.2359952863947097,4.542192589949137,4.542893384459034,2.5281459547154084,3.7735913339741707,0.07979209467616455
1645814045.6805027,4.808511809796343,0.4610188667675894,2.324253830491838,2.33206793007733,4.3089241683425055,2.2876826830532293,4.575931544427441,4.576077681608025,2.476443879719013,3.847905301574916,0.036571147438608786
1645814045.7805924,4.845513183566201,0.3736603424111187,2.3404154036759386,2.4153206436023704,4.2915424298783735,2.299999999999997,4.610383479993028,4.6105606207322465,2.4301925399638304,3.917882087467255,0.04041540367594143
1645814045.880882,4.87044015423566,0.29924227406872606,2.3632476176902184,2.4944978641090603,4.2747011000630275,2.299999999999997,4.631346957763802,4.631778805635208,2.3759422901266,3.9754588259943016,0.06324761769022125
1645814045.9805133,4.898953785982407,0.21345703570690233,2.386352262757599,2.580214362496551,4.251079683968117,2.299999999999997,4.656065846160192,4.656866529874222,2.318739423485856,4.037622648261214,0.08635226275760166
1645814046.0806563,4.928376461028158,0.12322350561757978,2.406930149639998,2.672072076507999,4.2217718973121094,2.299999999999997,4.678569054173157,4.679790855537108,2.256304384520159,4.098548391694529,0.10693014964000103
1645814046.1805878,4.947738541384888,0.0511923159219112,2.4213761221280956,2.7542184820341156,4.199123639906899,2.3335891622320757,4.69221317922258,4.693034313703434,2.1935200593507727,4.147931323984988,0.08778695989601992
1645814046.280776,4.967357759282766,-0.024830157032619593,2.428306583723835,2.831477795626884,4.179951359798827,2.385257419120026,4.716160601955155,4.716357074481014,2.1358799636558823,4.204781516831447,0.04304916460380914
1645814046.380637,4.9918816847118785,-0.10863269045241186,2.432480714782717,2.906761688497961,4.154663482968638,2.3999999999999915,4.745884497216267,4.745995644514488,2.0851199962139177,4.2632961734210495,0.03248071478272552
1645814046.4806979,5.010222869925938,-0.18150786780251948,2.4315917950458923,2.9815039367919938,4.12684199617685,2.3999999999999915,4.762098178335594,4.762202967285351,2.0287189331339444,4.30834986397937,0.03159179504590082
1645814046.5805352,5.029327136451205,-0.25089364842281103,2.428815976613842,3.0467983348881256,4.105794076160617,2.3999999999999915,4.786559137685763,4.786645875670278,1.9825288015630798,4.356687724583428,0.02881597661385049
1645814046.6813416,5.0462040851067975,-0.31568987817136274,2.423252847473597,3.1089186636903374,4.087295516692667,2.3999999999999915,4.810338365584974,4.810394566595795,1.93728542141646,4.4029853948640305,0.023252847473605343
1645814046.7804809,5.066763850749983,-0.3850470502413348,2.419571245235143,3.1658052703889434,4.062782701643774,2.3999999999999915,4.83702729225323,4.8370668860005095,1.9009585803610398,4.447829751885108,0.019571245235151746
1645814046.8818593,5.079117243501054,-0.43956725382035655,2.416117990037098,3.22207337720076,4.034856284626059,2.3999999999999915,4.844489438812607,4.844516251636454,1.8570438663002942,4.474423538446416,0.016117990037106456
1645814046.9805212,5.091842612363271,-0.4931663243832924,2.4130841706066968,3.2726353115394167,4.013835152103282,2.3999999999999915,4.860306318785162,4.860323930351088,1.8192073008238543,4.5070014764865745,0.013084170606705303
1645814047.0804381,5.099855224878329,-0.5400981646564064,2.409810924967326,3.3218040541201477,3.9955329524741408,2.3999999999999915,4.8716953513656245,4.87170523028294,1.7780511707581814,4.5356311171305475,0.0098109249673346
1645814047.1804738,5.106180532099062,-0.5854527558298283,2.4066260609719614,3.3680642527022178,3.976794119911954,2.3999999999999915,4.882125024609671,4.882129521080323,1.738116279396844,4.562246875741782,0.006626060971969938
1645814047.280565,5.109418655364521,-0.6245023295386002,2.40543480949899,3.4126850683342203,3.9578120472863265,2.3999999999999915,4.88635957676194,4.886362599170003,1.6967335870303004,4.582314376824927,0.005434809498998661
1645814047.380563,5.112244769266832,-0.6632027250236602,2.4032912832317193,3.448898469181899,3.93863241502435,2.3999999999999915,4.893220572402896,4.893221679295986,1.6633463000849331,4.60183514004801,0.003291283231727782
1645814047.4804754,5.1184742314464415,-0.7026029757732498,2.400923951942305,3.4812405300548814,3.919370394025381,2.3999999999999915,4.903383732087467,4.90338381913829,1.63723370139156,4.6219733697986305,0.00092395194231365
1645814047.581317,5.120218394127569,-0.7319624341937423,2.3982650251196698,3.507611339831614,3.9008969962923037,2.3999999999999915,4.905495695055553,4.905496001868354,1.612607054295955,4.632859430486046,0.0017349748803217047
1645814047.681982,5.120000079655813,-0.7539547084223667,2.399082318936908,3.5319760388796104,3.882758335403577,2.3999999999999915,4.901114996086995,4.901115081999948,1.5880240407762023,4.636713043825943,0.0009176810630835419
1645814047.7809818,5.119663922761608,-0.7820819122854881,2.407915155513431,3.5510856444072543,3.871564247388753,2.3999999999999915,4.9108920161999,4.910898394842101,1.5685782783543534,4.653646159674241,0.007915155513439576
1645814047.8818467,5.119519113003934,-0.801796332598385,2.425106890835844,3.5685601131137634,3.862891496021925,2.3999999999999915,4.9157691522099345,4.915833267492523,1.5509589998901703,4.66468782862031,0.025106890835852713
1645814047.9807293,5.11772100992649,-0.8142865651111695,2.447447428782453,3.58343393196777,3.853726368993695,2.3999999999999915,4.91369327396017,4.913922348700627,1.5342870779587203,4.668012934104865,0.047447428782461554
1645814048.0805163,5.11552282460067,-0.8264427267572432,2.4752295653186134,3.5965890925435344,3.84393281485647,2.3999999999999915,4.911167619017355,4.911743770758266,1.5189337320571354,4.670375541613713,0.0752295653186219
1645814048.1806805,5.112563182954995,-0.8339957596077884,2.50769079965791,3.6053634805323576,3.8342787513508827,2.4336527635022867,4.905551737842473,4.906110423079274,1.5071997024226373,4.668274510958671,0.07403803615562321
1645814048.2802424,5.106520312899338,-0.8412453869411813,2.5424710380181867,3.611745797380918,3.8247759307327205,2.4848719376528554,4.899602615440422,4.899941167564517,1.49477451551842,4.666021317673902,0.057599100365331335
1645814048.380521,5.101860708055514,-0.845497090302202,2.5775635103055126,3.618045759005375,3.821969183744519,2.5354301971754416,4.897647212936866,4.897828441101582,1.483814949050139,4.6674662740467205,0.04213331313007096
1645814048.4819014,5.098067086332678,-0.8498211765577401,2.617556266475908,3.62436111779876,3.821969183744519,2.586112021587625,4.898717633453229,4.898818550716305,1.4737059685339182,4.671790360302259,0.03144424488828301
1645814048.5802982,5.093511321988874,-0.85691100226852,2.6694671469404696,3.6216865580056323,3.815410281305296,2.635351773938469,4.898658419691171,4.898777211864841,1.4718247639832418,4.672321283573816,0.03411537300200074
1645814048.6803496,5.092636729262695,-0.8584482985556243,2.7360993891224124,3.6154452507697536,3.80611741407656,2.6854393220541297,4.892879310957501,4.893141566927255,1.4771914784929416,4.664565712632184,0.05066006706828263
1645814048.7804754,5.089486520367741,-0.8567231865002087,2.8126216807465125,3.613630874381973,3.8034159353258152,2.7347525224780767,4.8882559796477,4.888876162102179,1.4758556459857677,4.660139121826024,0.07786915826843588
1645814048.8804278,5.083894127036209,-0.8542492873439649,2.8927376256617436,3.613630874381973,3.8034159353258152,2.783648650382379,4.884211231977273,4.885429332525489,1.4702632526542359,4.65766522266978,0.10908897527936467
1645814048.9809809,5.076230254707648,-0.8474788703564786,2.9728243359064823,3.605573007102554,3.8094147339704287,2.8646657502690034,4.883594043525141,4.884791608820312,1.4706572476050939,4.656893604326907,0.10815858563747893
1645814049.080462,5.069678561962208,-0.8385636005252713,3.045741431366894,3.5936315485818144,3.8183047296361408,2.960497978298141,4.885195741233868,4.885939405729527,1.4760470133803936,4.656868330161412,0.08524345306875292
1645814049.1807764,5.061769877040423,-0.8345142120230178,3.1192518331309977,3.5846409938667385,3.821969183744519,3.0326487032759326,4.8851558166106335,4.885923398362422,1.4771288831736848,4.656483395767537,0.08660312985506513
1645814049.2803674,5.056715818903429,-0.8270417610375758,3.19528436718502,3.5778094873599464,3.821969183744519,3.087472700545984,4.878572199136046,4.879763319839047,1.4789063315434827,4.649010944782095,0.1078116666390363
1645814049.3803434,5.053620159379924,-0.819482333778711,3.2694640064446188,3.571573542319459,3.821969183744519,3.1750344322700697,4.872323302558961,4.873238277484269,1.482046617060465,4.64145151752323,0.09442957417454911
1645814049.4814844,5.0502788785157,-0.8141449614713591,3.3472759333938455,3.565450367956042,3.821969183744519,3.273313455864719,4.868086900748749,4.868648736695204,1.484828510559658,4.636114145215878,0.07396247752912677
1645814049.5804906,5.0486554047512096,-0.8101497768473986,3.4270112561524266,3.559339603820622,3.8285920710700316,3.371393291094365,4.871959306739121,4.87227676190086,1.4893158009305876,4.63874184791743,0.055617965058061714
1645814049.6839752,5.046684325969229,-0.8078007250834442,3.511429536049567,3.5529055464547454,3.8381719296771264,3.474662092232582,4.880208699524106,4.880347200336836,1.493778779514484,4.645972654760571,0.03676744381698516
1645814049.780361,5.045255966200211,-0.801826413507039,3.5933234951858104,3.54318466982887,3.8405224321632216,3.5326713640882033,4.879305379280814,4.879682332415233,1.5020712963713416,4.642348845670261,0.06065213109760714
1645814049.8802934,5.042998819489904,-0.7946418249075459,3.683873417050589,3.531723666478824,3.8405224321632216,3.578659611025404,4.875315402939083,4.876450576301719,1.5112751530110802,4.635164257070768,0.10521380602518482
1645814049.9805794,5.040668923658353,-0.7863176840752713,3.778148515241215,3.51937736979966,3.845754480100699,3.6564003436961756,4.875491824008697,4.87701170218508,1.5212915538586924,4.632072164175971,0.12174817154503925
1645814050.0809808,5.0367944549980885,-0.7734172000964733,3.8756771991268586,3.5062894397076327,3.8554979833008316,3.761433198107922,4.875377049717831,4.876715397548247,1.5305050152904558,4.628915183397305,0.11424400101893672
1645814050.1804388,5.031744051791895,-0.763021123805376,3.9733618382974445,3.4933732823573997,3.86511360787057,3.8650875485778373,4.877111411357717,4.878313134743397,1.5383707694344952,4.628134731675946,0.10827428971960718
1645814050.2804148,5.025795202082437,-0.7540058882890557,4.072723996791489,3.480418731694915,3.8747578149865367,3.9690500127061648,4.8799223206921,4.881023473715845,1.5453764703875215,4.628763703275593,0.10367398408532447
1645814050.3804743,5.017169975346792,-0.7422129191716675,4.171035184335474,3.4677162565967863,3.877628929000628,4.070989527718021,4.872755434933323,4.873782377382094,1.5494537187500055,4.619841848172296,0.10004565661745257
1645814050.4810855,5.008798150623918,-0.7304796230395012,4.268379229721287,3.4550556633060445,3.877628929000628,4.172592934129,4.863001145823647,4.863944403332074,1.5537424873178738,4.608108552040129,0.09578629559228702
1645814050.581319,5.000717098835648,-0.7223454321286846,4.36310290690884,3.438335531318772,3.8842323286000586,4.271183217627526,4.86431853687206,4.865186949895627,1.562381567516876,4.606577760728744,0.09191968928131367
1645814050.6803212,4.990934769197548,-0.7101758244097764,4.45647763281916,3.420314623224831,3.893176283230564,4.367597111611594,4.863917995798461,4.8647300045225785,1.5706201459727165,4.60335210764034,0.08888052120756651
1645814050.7803233,4.9821084922515775,-0.6957423530474875,4.547630131157613,3.4018389177663053,3.8961821774193313,4.466444222871108,4.85623545779514,4.856914038075111,1.5802695744852722,4.591924530466819,0.0811859082865043
1645814050.8803196,4.972910722852706,-0.6808612051480392,4.636271512059997,3.3832282604377535,3.8961821774193313,4.566013341879727,4.845246790124671,4.845756150250495,1.5896824624149528,4.57704338256737,0.07025817018026981
1645814050.9802873,4.962798404206424,-0.6665015422994376,4.72125532643191,3.364119276945419,3.9025133400588854,4.6682485621566,4.840627226625889,4.840917440342356,1.598679127261005,4.5690148823583225,0.05300676427531048
1645814051.0804303,4.950563354247743,-0.6495478369093359,4.809139344899538,3.34471521941958,3.912143765410045,4.772062461844935,4.8360912426051526,4.836233369271927,1.6058481348281628,4.561691602319381,0.03707688305460355
1645814051.1802285,4.93896799851665,-0.6334743658034615,4.8992677172196615,3.321666359336225,3.9147354258380345,4.835766174721638,4.827201767160688,4.827619428536067,1.617301639180425,4.548209791641496,0.06350154249802387
1645814051.2804685,4.926956304370397,-0.6207215662127041,4.98749188399824,3.2971363145721466,3.9147354258380345,4.884980615617998,4.8194069475287,4.820497057984045,1.6298199897982504,4.535456992050738,0.10251126838024227
1645814051.3802743,4.9184161810309535,-0.6011794783744389,5.073578683234219,3.27664315203593,3.9211909397932376,4.969589042409359,4.8111592031290735,4.812282901415134,1.6417730289950234,4.522370418167677,0.10398964082486017
1645814051.4806242,4.910509374771422,-0.5816982783521474,5.158627928212065,3.257785016237261,3.9305504188006197,5.070482199188818,4.805401763666489,4.806210126471172,1.652724358534161,4.512248697152767,0.08814572902324702
1645814051.5802329,4.903655332638717,-0.5605338660942121,5.245630485814941,3.2346920362426417,3.939830938163049,5.1705241880954524,4.799866858165417,4.800454438078949,1.6689632963960754,4.500364804257261,0.07510629771948896
1645814051.6806722,4.896677431758,-0.5411545268542042,5.331363683561219,3.209563190877546,3.9491847087260026,5.2713558090802115,4.79682195962834,4.7971972918958,1.6871142408804545,4.4903392355802065,0.060007874481007306
1645814051.7804856,4.892417842826582,-0.518987175620989,5.416279541583189,3.194233650355155,3.964037673865978,5.365733778340631,4.7938858301671585,4.794152294917136,1.6981841924714267,4.4830248494869664,0.05054576324255855
1645814051.8803864,4.889920589838996,-0.49778151510542096,5.504649511898463,3.1827539394960693,3.98113015542569,5.457860403144952,4.793231449081389,4.7934598094863405,1.707166650342927,4.478911670531111,0.04678910875351061
1645814051.9816647,4.8911646072067585,-0.47921735628521117,5.588734725243796,3.166825095661269,3.9995475286428093,5.528564024651725,4.799237610865005,4.799614792746495,1.7243395115454896,4.478764884928021,0.06017070059207086
1645814052.0803823,4.8956654007963065,-0.4598452017891432,5.665572037006481,3.1478605997538454,4.018372062203251,5.579295122339704,4.8072082840320745,4.807982445066852,1.7478048010424612,4.478217263992394,0.08627691466677678
1645814052.1806655,4.906437358844507,-0.43845032011616125,5.734831727151875,3.1321405787566574,4.037936639914272,5.664041199173874,4.815201893977097,4.815722228141073,1.77429678008785,4.476386960030434,0.07079052797800145
1645814052.2804723,4.919091535009228,-0.4182224041140494,5.793665752312695,3.118864767344133,4.057703388793594,5.770581835256747,4.824388885510145,4.824444111590523,1.800226767665095,4.475925792907643,0.023083917055947367
1645814052.3813396,4.935347996938872,-0.3948159506186289,5.835774580292709,3.110660684769535,4.083433243144109,5.836420988044765,4.835721210804896,4.835721254008687,1.824687312169337,4.478249193762737,0.000646407752055822
1645814052.481158,4.954690953631819,-0.3721137182409421,5.863870019883527,3.104481171486919,4.111035824287739,5.886012629214913,4.849938768543351,4.849989314809652,1.8502097821449,4.483149542528681,0.0221426093313859
1645814052.5804925,4.974057841561258,-0.35491529209611006,5.876855013331763,3.098328889228061,4.138516770197569,5.8999999999999915,4.869218705405398,4.869273712934784,1.8757289523331973,4.493432062293679,0.023144986668228285
1645814052.6804063,4.9977326256839705,-0.3350322466155765,5.882683247130242,3.092139637760664,4.166162849756579,5.8999999999999915,4.887948642449838,4.887979316768552,1.9055929879233067,4.501195096372156,0.017316752869749763
1645814052.7802644,5.024727345545424,-0.319011586555332,5.885589614353467,3.0902774376479827,4.200730970956045,5.8999999999999915,4.916316632637071,4.916337751981487,1.934449907897441,4.519742557511377,0.014410385646524304
1645814052.8804004,5.0527808996540005,-0.30570396294473373,5.888022790688682,3.0902774376479827,4.238391661468496,5.8999999999999915,4.949770184786065,4.9497846756944845,1.9625034620060178,4.54409562441323,0.011977209311309522
1645814052.9801824,5.086139952168073,-0.2885979824399614,5.884445593996477,3.094629641989219,4.268134276070601,5.8999999999999915,4.9729188804262074,4.972943206074806,1.9915103101788536,4.5567322585105625,0.01555440600351421
1645814053.0804102,5.117668392061172,-0.27503874499745395,5.8848289647058625,3.100655554960881,4.295050757055061,5.8999999999999915,4.9954037716482915,4.995426808803215,2.017012837100291,4.570089502052515,0.015171035294128998
1645814053.1802678,5.149031621773458,-0.25950807378866014,5.881229307202973,3.1068959414137476,4.329115780187271,5.8999999999999915,5.022527950173612,5.0225630259045255,2.042135680359711,4.588623853975931,0.018770692797018818
1645814053.2803004,5.182643981286127,-0.24129710699618057,5.886111448210347,3.1132732292501495,4.367097111684023,5.8999999999999915,5.051692051594898,5.051711143366957,2.069370752035977,4.608394218680203,0.013888551789644765
1645814053.3808956,5.2108657931030855,-0.22685258299128347,5.894895646899409,3.119399528852837,4.403583627633564,5.8999999999999915,5.080863178158086,5.08086574213325,2.0914662642502484,4.630436210624848,0.00510435310058277
1645814053.4803693,5.243203455677141,-0.20523291004818045,5.907448060231981,3.1253357908031414,4.438938332700505,5.8999999999999915,5.104281533956832,5.1042869679803395,2.1178676648739994,4.644171242748685,0.007448060231989295
1645814053.5804937,5.273136455904142,-0.18737116842485246,5.924927717602991,3.1276598259102344,4.476151701501244,5.8999999999999915,5.133372724454532,5.133433248740909,2.1454766299939076,4.663522869926097,0.024927717602999167
1645814053.6802638,5.300695597294204,-0.1668678875530223,5.9466778934701825,3.1276598259102344,4.5142656355608715,5.8999999999999915,5.160920026985016,5.161131111556248,2.173035771383969,4.6811335231138935,0.04667789347019102
1645814053.7801726,5.334103919076902,-0.14117436168766007,5.970280927191936,3.13143410574831,4.555090810755727,5.8999999999999915,5.18716308558481,5.18763918224665,2.2026698133285922,4.696265172443387,0.0702809271919449
1645814053.8802376,5.366949613175099,-0.1227457855363136,5.997070635309977,3.1371054167849213,4.597311726129426,5.8999999999999915,5.220263216889272,5.221165651638207,2.229844196390178,4.72005751166574,0.0970706353099855
1645814053.9805377,5.402676173482382,-0.09944243924719848,6.022248654402484,3.1433318950595672,4.643665666066219,5.925771010450592,5.253733060132742,5.254618825653699,2.2593442784228146,4.743108105313418,0.09647764395189196
1645814054.0801384,5.442771230597267,-0.07499899165756352,6.044807902277017,3.150122725680948,4.694221010445475,5.980268576847965,5.291662932911992,5.292056492525527,2.292648504916319,4.769220002103038,0.0645393254290525
1645814054.180344,5.487149864935165,-0.05170758976307088,6.065923310801508,3.1566647255309324,4.742923897291704,6.0,5.331008542634409,5.331416131249565,2.3304851394042325,4.794631487054775,0.06592331080150782
1645814054.2801318,5.5363558838332905,-0.02581416919717905,6.082037194612181,3.163017043024212,4.790214665738795,6.0,5.36906611918942,5.369692830463171,2.3733388408090783,4.816028834935975,0.08203719461218117
1645814054.3803735,5.586215050859156,-0.0035435169949141754,6.10124342773614,3.1693009419091402,4.843337027604957,6.03417701169956,5.416061744816282,5.416476966425906,2.416914108950016,4.8468805445998715,0.06706641603657992
1645814054.4802084,5.641061883462015,0.021119404527459418,6.117462906180468,3.175514283378049,4.898844396624165,6.084040129796667,5.465448386619767,5.4655505805715325,2.465547600083966,4.877724992096706,0.033422776383801533
1645814054.5808918,5.6992223388672185,0.04990198226672815,6.1332364521697675,3.186474245672877,4.963362226665075,6.099999999999994,5.51869500454001,5.518795087234866,2.5127480931943413,4.9134602443983475,0.03323645216977322
1645814054.680177,5.752650976152949,0.07438074507075287,6.149209581767795,3.1994340039047287,5.030898814853193,6.099999999999994,5.575480991220059,5.575698150581142,2.55321697224822,4.956518069782439,0.04920958176780044
1645814054.7801557,5.8154508749064355,0.10190355415931807,6.1660121356066355,3.215954481278139,5.093488669817313,6.099999999999994,5.62790400303212,5.628291132252516,2.5994963936282964,4.991585115657996,0.06601213560664121
1645814054.8809035,5.875238357242927,0.1257474828037506,6.183464337300983,3.2336416235795524,5.15493679342115,6.099999999999994,5.680737489563246,5.68135060711187,2.6415967336633748,5.0291893106174,0.08346433730098912
1645814054.9802513,5.935862634289712,0.15101230992889664,6.199402038681144,3.247812106022364,5.218073008425468,6.132121203449667,5.735914902155272,5.7363094821981475,2.6880505282673477,5.067060698496571,0.0672808352314771
1645814055.0810487,5.999328198686143,0.17045758022356883,6.220434586416881,3.2603748392067926,5.283540598361575,6.18253023468771,5.800472692442788,5.800596537913535,2.7389533594793507,5.113083018138006,0.03790435172917128
1645814055.1803625,6.066130728442356,0.19710467663509185,6.2409025784804255,3.2729591644963043,5.349120709974214,6.200000000000003,5.860467267498405,5.860610003604281,2.7931715639460513,5.152016033339122,0.04090257848042267
1645814055.2823513,6.131599085346906,0.2236372672476672,6.265161547460484,3.285997520126752,5.417066888733675,6.200000000000003,5.921921943196456,5.922280433125328,2.845601565220154,5.193429621486008,0.0651615474604812
1645814055.3801568,6.205457376758137,0.2560076016147588,6.2896690932713595,3.2982719447197675,5.49386923637294,6.200000000000003,5.990569392063476,5.991240454815336,2.907185432038369,5.237861634758181,0.08966909327135664
1645814055.4806502,6.27241502560579,0.28826459186712483,6.3153375954836255,3.3107865404737664,5.577719320494651,6.200000000000003,6.062142740825681,6.063239841130931,2.9616284851320236,5.289454728627526,0.11533759548362266
1645814055.5801425,6.345121529708042,0.3239002792173127,6.340722690321657,3.327414369481366,5.654072317080751,6.234354684988408,6.125135954254781,6.126059468423662,3.0177071602266756,5.330172037863439,0.1063680053332492
1645814055.6804502,6.413637620644144,0.35748586364389706,6.365464849458297,3.3460580151615833,5.728096520630022,6.284227490196634,6.184941670291279,6.185475161492873,3.0675796054825604,5.370610656986124,0.08123735926166287
1645814055.7803466,6.488065180753988,0.3920127546020851,6.39233080530275,3.3599247448948666,5.810845253762112,6.299999999999997,6.256916831827782,6.25759803902565,3.128140435859122,5.418832499160027,0.09233080530275295
1645814055.8807273,6.5663649011984075,0.43521195482415337,6.414699484955259,3.3716608482320334,5.898216413711594,6.299999999999997,6.328550521554192,6.329589850512656,3.194704052966374,5.463004458887441,0.11469948495526161
1645814055.9803467,6.6539690734401695,0.4870084005957782,6.436982612693074,3.3804833288469807,5.990753846085852,6.328951446054164,6.403664798286021,6.4045759876648285,3.273485744593189,5.503745445490074,0.10803116663890933
1645814056.0803556,6.734087192727798,0.5318858710219528,6.459083347460524,3.387041298628829,6.088397400824583,6.381580264757574,6.486720018471148,6.487183003882563,3.3470458940989687,5.55651152980263,0.07750308270295037
1645814056.180214,6.8187322347036385,0.5785981249878215,6.4796033862720535,3.3934733135468482,6.184165576546938,6.3999999999999915,6.569230177954123,6.569712461748165,3.4252589211567903,5.605567451559117,0.07960338627206198
1645814056.280116,6.90401915176434,0.6295159003310968,6.500030324162932,3.399845481764313,6.279042677158345,6.3999999999999915,6.64803624475751,6.648788760169905,3.5041736700000268,5.649526776827248,0.10003032416294033
1645814056.380991,6.994463563704559,0.6798376721200167,6.525996464756361,3.410955338289511,6.383100357648412,6.436747242554237,6.73563185319372,6.736223117253581,3.583508225415048,5.703262685528395,0.08924922220212395
1645814056.480973,7.08437376604325,0.7397084583176479,6.557043382930767,3.423984862360018,6.489800602042293,6.489029311769963,6.816304467050399,6.81664378572088,3.6603889036832324,5.750092143724645,0.06801407116080416
1645814056.5814748,7.16982670095172,0.7973846584667651,6.589978478710998,3.42671893253948,6.597115238327061,6.538144724864019,6.902733557433223,6.902928168752198,3.7431077684122402,5.799730579860296,0.05183375384697886
1645814056.680048,7.25740421372098,0.8548404409349454,6.624336206128741,3.42671893253948,6.702386024083564,6.585427902891564,6.990560712164762,6.99066898991236,3.8306852811814998,5.8475455831486185,0.03890830323717687
1645814056.7807457,7.347240416267153,0.9157241762226893,6.660845141558193,3.42671893253948,6.811090115003598,6.599999999999994,7.079959622519634,7.08022106913051,3.9205214837276734,5.895365938780909,0.060845141558198534
1645814056.8800356,7.438140091207063,0.9754091873525503,6.692122128511705,3.42671893253948,6.918770419531881,6.599999999999994,7.17042833088639,7.171020076316877,4.0114211586675825,5.94336123217933,0.09212212851171042
1645814056.980084,7.521675907209817,1.0296287159341768,6.718216580700708,3.42671893253948,7.029241576323401,6.6322375719306095,7.263885124294644,7.264393951934195,4.094956974670337,5.999612860389225,0.08597900877009845
1645814057.0801623,7.624337782707882,1.100014476126634,6.743728459748992,3.42671893253948,7.140837425534932,6.682361700374596,7.3560550512749066,7.356311018203566,4.197618850168402,6.040822949408298,0.06136675937439584
1645814057.1802316,7.721384196001406,1.1692754082961412,6.76243912453824,3.42671893253948,7.259586403587182,6.700000000000003,7.452250515418108,7.452512085788426,4.294665263461926,6.090310995291041,0.06243912453823697
1645814057.2801695,7.804093789675681,1.2308664123764743,6.773980349182846,3.42671893253948,7.3820642302725235,6.700000000000003,7.549744713218938,7.550107173202412,4.377374857136202,6.151197817896049,0.07398034918284324
1645814057.379995,7.893832292835457,1.2967500370930014,6.784169629191607,3.4224685971955493,7.497240788350327,6.700000000000003,7.644552233788072,7.645015590670332,4.471363695639908,6.200490751257325,0.08416962919160387
1645814057.480086,7.982076912384254,1.3633803648620157,6.788826711894701,3.4161949814814427,7.609332456097006,6.700000000000003,7.736872451640102,7.737382342736693,4.565881930902811,6.24595209123499,0.08882671189469793
1645814057.5806174,8.079510058893039,1.4329688124349733,6.791190464988368,3.414258136452063,7.728554243357808,6.700000000000003,7.835749576006565,7.836280183785663,4.665251922440976,6.295585430922834,0.09119046498836525
1645814057.6802554,8.166692686723424,1.4916311877672652,6.78962665180325,3.414258136452063,7.849635800743571,6.700000000000003,7.937874829779123,7.938380801520824,4.752434550271361,6.3580046129763055,0.08962665180324692
1645814057.7800174,8.257006636456559,1.5498220432046392,6.789647510506008,3.4182792436941107,7.962963491939222,6.700000000000003,8.033782796600068,8.034282961104067,4.838727392762449,6.413141448734583,0.08964751050600483
1645814057.880344,8.348731052320286,1.607907856602182,6.791534899005859,3.4239972434624737,8.073641582402665,6.700000000000003,8.12765130287102,8.128166726808512,4.9247338088578125,6.465733725800483,0.09153489900585576
1645814057.9800315,8.449092292186226,1.6697404552472974,6.796253104224134,3.4299786038762816,8.189417303740308,6.700000000000003,8.227860501063201,8.228423487219699,5.019113688309944,6.5196768484930105,0.09625310422413147
1645814058.080022,8.542419309753766,1.723361820063063,6.801930529427474,3.436254636570474,8.310896726640005,6.700000000000003,8.334778570246165,8.335401828818096,5.106164673183292,6.587534906576941,0.10193052942747105
1645814058.1804533,8.640716065804618,1.7821461669535323,6.809766902296129,3.442917894601174,8.439871316342105,6.700000000000003,8.446443629917088,8.447156845128818,5.197798171203444,6.657725149388572,0.10976690229612629
1645814058.280031,8.740963505224709,1.851105708800322,6.818150558453262,3.449833183754169,8.573724242096102,6.700000000000003,8.55509555896349,8.555911382048066,5.29113032147054,6.72261853329578,0.11815055845325872
1645814058.3803508,8.83928986168194,1.9309993794796312,6.828507526163385,3.451640524714315,8.693909244292108,6.700000000000003,8.64660136803505,8.647556267639214,5.387649336967626,6.762909864812476,0.12850752616338212
1645814058.479992,8.930292413097158,2.002854432170164,6.838826256325409,3.451640524714315,8.808178543703637,6.700000000000003,8.736593316453487,8.737696235653027,5.478651888382843,6.805324111533473,0.13882625632540613
1645814058.5800397,9.025725022045384,2.076635307129986,6.847424134130678,3.451640524714315,8.922123991627142,6.7324401742990325,8.827861196969804,8.828610005203748,5.574084497331069,6.845488684497156,0.11498395983164578
1645814058.6810553,9.120709791793526,2.1439396920544884,6.855324390637079,3.451640524714315,9.036715656184562,6.783909896098436,8.924612419967115,8.92489814376957,5.6690692670792115,6.892775964130074,0.07141449453864279
1645814058.7799268,9.215546289876974,2.2086182139584674,6.861437174580877,3.451640524714315,9.153169593002652,6.799999999999997,9.024932328048772,9.025141442231268,5.763905765162659,6.944551379044184,0.06143717458088016
1645814058.8800554,9.311662937551777,2.2648269140858295,6.865276798807147,3.451640524714315,9.273145218028395,6.799999999999997,9.135446794127466,9.135680006917728,5.860022412837462,7.008318303942565,0.0652767988071501
1645814058.9820113,9.404570450971306,2.3196673868976276,6.867495008559719,3.455838638119119,9.388739074295028,6.799999999999997,9.239003447493848,9.239249984656963,5.948731812852188,7.0690716873974,0.0674950085597219
1645814059.079979,9.497455678036177,2.371872616902862,6.868903397131832,3.4618793782167296,9.496669917180874,6.799999999999997,9.337607715094432,9.337861935107382,6.035576299819447,7.124797300278012,0.06890339713183469
1645814059.1800542,9.597340009179572,2.4290894130293044,6.8703205931968325,3.4722497088990316,9.609163969699924,6.799999999999997,9.437701087973679,9.437963064759636,6.12509030028054,7.18007455667062,0.07032059319683537
1645814059.2802904,9.693600491143844,2.4785627879084062,6.871257310134361,3.4850036272035045,9.723102090729455,6.799999999999997,9.540965607790897,9.541231698962996,6.20859686394034,7.244539302821049,0.07125731013436365
1645814059.3807085,9.786581350159341,2.524306508074878,6.873213283265737,3.497749324418463,9.836966766354683,6.799999999999997,9.644916189423784,9.645194061596456,6.288832025740879,7.312660258279806,0.07321328326573973
1645814059.4803033,9.886486588603095,2.573938602932871,6.87306201609938,3.5103762506167477,9.949770391122998,6.799999999999997,9.749752694804743,9.750026444479463,6.376110337986347,7.375831788190127,0.07306201609938245
1645814059.5799928,9.990763757984173,2.6240578183686747,6.8775020016096935,3.527123355193998,10.053596399158861,6.799999999999997,9.847674384342294,9.847979353160977,6.463640402790174,7.429538580790187,0.07750200160969634
1645814059.6799579,10.087397497076424,2.6672528302893665,6.879625496964235,3.5455373192187842,10.154125753030268,6.799999999999997,9.94229353559381,9.942612381445697,6.5418601778576395,7.486872922740901,0.07962549696423782
1645814059.780516,10.207283138822346,2.729743876043555,6.884905977623119,3.5632595720801845,10.250878773268242,6.799999999999997,10.035463083369708,10.03582225443996,6.644023566742161,7.521134897224687,0.08490597762312202
1645814059.8819377,10.304678247023485,2.7750758894219247,6.88649249676935,3.580766770676759,10.346457724517638,6.799999999999997,10.126046041499345,10.12641542632742,6.723911476346727,7.571381835095713,0.08649249676935256
1645814059.979896,10.369463743837185,2.7943251616155633,6.8887644125623675,3.606508902275469,10.448124380310839,6.799999999999997,10.213628183417658,10.214013892199336,6.762954841561717,7.6537992186952755,0.08876441256237033
1645814060.0802073,10.469059292968945,2.829538635460126,6.888534309620483,3.6408810782136958,10.560715432850047,6.799999999999997,10.314800647853476,10.315180596040888,6.828178214755249,7.731176797389921,0.08853430962048581
1645814060.1799715,10.597959942258683,2.8800669899279265,6.889736951767219,3.6768353300574677,10.664391482144987,6.799999999999997,10.4162216613198,10.416608201245753,6.921124612201215,7.784324492217061,0.08973695176722174
1645814060.2799356,10.689665114423413,2.906952652581454,6.890057596308546,3.713608602066301,10.764771640473255,6.799999999999997,10.507648819316003,10.508034739223403,6.976056512357111,7.8578189878918,0.09005759630854904
1645814060.3798993,10.785916474066429,2.928983697215866,6.889772817416628,3.746953937984978,10.867355335790029,6.799999999999997,10.609653050711737,10.610032847037928,7.038962536081451,7.9383716385741625,0.08977281741663123
1645814060.4803097,10.88711340325185,2.949466257554705,6.889237622691928,3.778745300303954,10.971492558629272,6.799999999999997,10.718292917351121,10.718664395130716,7.108368102947897,8.022026301074568,0.0892376226919307
1645814060.579998,10.974622157445426,2.963547177943235,6.88883995890262,3.8143117616825477,11.07367577876106,6.799999999999997,10.818698206599223,10.819062964220656,7.1603103957628775,8.110128600817825,0.0888399589026232
1645814060.6806762,11.091166118216805,2.990912575112021,6.888987825928754,3.851930001677406,11.176362450952583,6.799999999999997,10.927402674968407,10.927765007267965,7.239236116539399,8.185449875840561,0.08898782592875687
1645814060.7813125,11.20347997130681,3.024422866934268,6.889981529638351,3.8844870814576486,11.283492139962673,6.799999999999997,11.035392253034983,11.035759097317257,7.318992889849162,8.259069273028405,0.08998152963835349
1645814060.8804178,11.307515397529599,3.0687704453346116,6.892864460453742,3.9145162590827,11.390799337039663,6.799999999999997,11.131603709055144,11.131991059260944,7.392999138446899,8.322028891705052,0.09286446045374497
1645814060.9811182,11.412391077519494,3.1108900710754566,6.897120185892593,3.949760852900119,11.502086395898033,6.799999999999997,11.229560348968189,11.229980318844122,7.462630224619375,8.391196324822577,0.09712018589259586
1645814061.0803926,11.523218763475395,3.1490246318515616,6.899455846804158,3.9870021511729474,11.612985739886785,6.799999999999997,11.332837176359511,11.333273575244698,7.536216612302447,8.463961108035223,0.09945584680416086
1645814061.1804285,11.619624765725074,3.193915571576756,6.903832990851346,4.020961923589508,11.726647787451153,6.799999999999997,11.425725187324984,11.426196976521176,7.598662842135567,8.532732215874397,0.10383299085134912
1645814061.2799578,11.719932846025513,3.2319500930349694,6.908045470781426,4.052887668955271,11.84073223907153,6.799999999999997,11.527996867849762,11.528503181632484,7.667045177070242,8.60878214603656,0.10804547078142868
1645814061.3799605,11.822400266373846,3.266898219148053,6.910645472082551,4.08428484759646,11.95292789363579,6.799999999999997,11.632950689330796,11.633476873269412,7.738115418777386,8.686029674487738,0.11064547208255426
1645814061.4798293,11.956069727916994,3.313760424011994,6.910314926045235,4.11536116496427,12.063976972430165,6.799999999999997,11.749170201055536,11.749688072297056,7.840708562952724,8.750216548418171,0.11031492604523763
1645814061.5801775,12.021253318772933,3.339162489830553,6.909373844986973,4.142013494008023,12.168331705030436,6.799999999999997,11.83370817819988,11.83421361497087,7.87923982476491,8.829169215199883,0.10937384498697611
1645814061.681351,12.163234402193632,3.3985981405905,6.9069633514439825,4.166970226255801,12.270518453652999,6.799999999999997,11.94366823102173,11.944147184762496,7.9962641759378315,8.8719203130625,0.10696335144398539
1645814061.7799287,12.255252042164974,3.4390761153971323,6.904299001120157,4.1908609657212,12.37448013563211,6.799999999999997,12.03643836185179,12.036890242927866,8.064391076443775,8.935404020234978,0.1042990011201601
1645814061.8799133,12.345351527744278,3.4783261189713786,6.900435595124358,4.214903921297721,12.48187494234906,6.799999999999997,12.131284750434233,12.131700499307017,8.130447606446555,9.003548823377681,0.10043559512436051
1645814061.9798496,12.440700094514145,3.522855229536609,6.89502077306947,4.231804870847901,12.591293117366101,6.799999999999997,12.23202871638846,12.232397780724213,8.208895223666245,9.068437887829493,0.09502077306947321
1645814062.0811806,12.525164826358731,3.573451643496158,6.889974244773282,4.244372637536205,12.703568238056924,6.799999999999997,12.326011045944183,12.326339426993746,8.280792188822526,9.130116594560766,0.08997424477328497
1645814062.1823826,12.6198666934728,3.6330048773477324,6.885853639506206,4.2532146717379975,12.812957190431426,6.76723166581494,12.420643724191178,12.421210154245523,8.3666520217348,9.179952313083694,0.11862197369126637
1645814062.2799952,12.711288019918841,3.6868438307013456,6.883194813833478,4.259558057619387,12.91685059746094,6.716324919272516,12.514981592877323,12.516094032555404,8.451729962299455,9.230006766759594,0.16686989456096235
1645814062.379795,12.801644980859418,3.7479076364817185,6.88483850056347,4.257276507279417,13.014426136098233,6.700000000000003,12.604546708074945,12.605901910904015,8.54436847358,9.266518499616515,0.18483850056346718
1645814062.4797807,12.905956612470964,3.824316515511321,6.886161953388146,4.250976768090427,13.108224819444539,6.700000000000003,12.692502885659453,12.69386803836257,8.654979844380538,9.283908303933218,0.1861619533881429
1645814062.58007,12.976351648970956,3.8895487108216575,6.88912627562474,4.244763613830266,13.207237753872986,6.700000000000003,12.769493283541475,12.770893761461746,8.73158803514069,9.31768904305133,0.18912627562473716
1645814062.6799164,13.046765464735662,3.956973761761123,6.894268536966871,4.238621319877368,13.307837631478108,6.700000000000003,12.846091171503492,12.847560027142709,8.808144144858293,9.350863869716985,0.1942685369668684
1645814062.7803738,13.102921081075852,4.024727573563476,6.8990898744859015,4.2241096789894605,13.402127136577725,6.733601388089374,12.913903920900106,12.914964224393692,8.878811402086392,9.377399563014249,0.16548848639652736
1645814062.8799253,13.167958963339156,4.095858779678194,6.905126983183449,4.205920745440494,13.492400610192236,6.782257812663866,12.985111758921308,12.985693059083932,8.962038217898662,9.396541830514042,0.12286917051958302
1645814062.9807308,13.217999595631744,4.1671079471968575,6.91135952509903,4.183418413456715,13.578483679145151,6.799999999999997,13.045982151805068,13.046457421424662,9.034581182175028,9.411375731948294,0.11135952509903291
1645814063.0804188,13.272778080247061,4.2428932479402794,6.915604617891898,4.15889255201176,13.66064756281495,6.799999999999997,13.105609705661058,13.106119570063264,9.1138855282353,9.41775431487467,0.11560461789190057
1645814063.1797974,13.32278841425032,4.311891781760696,6.920371714647472,4.130039950988816,13.744304609704015,6.799999999999997,13.17106814444244,13.171618177552583,9.192748463261506,9.432412827943319,0.12037171464747498
1645814063.2804818,13.36389034144597,4.386751372949415,6.922290325899457,4.09799915877219,13.830176281785574,6.799999999999997,13.230079871942532,13.230645046322858,9.26589118267378,9.44342490883616,0.12229032589945987
1645814063.3798008,13.434001597887162,4.480990780502343,6.924293007249519,4.06226740877929,13.91482942714866,6.799999999999997,13.297620588746357,13.298201460118662,9.371734189107872,9.433838646646318,0.12429300724952164
1645814063.4802315,13.474418722402405,4.55696871253121,6.9262622024272,4.02395256534947,14.000401585619617,6.799999999999997,13.360005052923057,13.360601676492395,9.450466157052935,9.443432873088407,0.12626220242720265
1645814063.5799208,13.530146839096059,4.64708947888673,6.927683664642293,3.9865441777692983,14.077538889222096,6.799999999999997,13.416919461567096,13.417527005987145,9.54360266132676,9.430449410335367,0.12768366464229608
1645814063.67966,13.567418886843093,4.727176972755254,6.927456814509001,3.949389997070104,14.151298836229186,6.799999999999997,13.465532021502725,13.46613522365196,9.61802888977299,9.424121863473932,0.1274568145090038
1645814063.7811484,13.582973807271696,4.776514208023378,6.927727184253397,3.9094724212097742,14.216579044957802,6.799999999999997,13.51634022920656,13.51694371613883,9.673501386061922,9.440064836934425,0.12772718425340024
1645814063.87996,13.606515041037238,4.849623216762663,6.926914412784574,3.8696771643624706,14.275831381365343,6.799999999999997,13.552099918428532,13.552694177440996,9.736837876674766,9.42620816460268,0.1269144127845765
1645814063.9809523,13.637723683709803,4.928561374579314,6.927174187021678,3.825966046742785,14.340914159283171,6.799999999999997,13.596432358170398,13.597027106840219,9.811757636967018,9.412352784703856,0.12717418702168093
1645814064.0798764,13.682899682822592,5.026810599834606,6.927498972878445,3.7804655487128525,14.40866119906644,6.799999999999997,13.64101618086748,13.64161201745503,9.90243413410974,9.381850599231834,0.12749897287844814
1645814064.1805484,13.698278382946903,5.103849351250673,6.925336628925533,3.73453678170645,14.470957530048032,6.799999999999997,13.675483988860579,13.676058335651119,9.963741601240454,9.36710817879736,0.12533662892553554
1645814064.2797425,13.737688039030468,5.197188414867339,6.9264816697901725,3.6895031714724857,14.528430566527176,6.799999999999997,13.712698466222266,13.713281767626865,10.048184867557982,9.331242151659836,0.1264816697901754
1645814064.3802707,13.74989521428205,5.268080942216434,6.927483998321416,3.6409729953382097,14.584788608113321,6.799999999999997,13.74741248964467,13.748003576165752,10.10892221894384,9.316707665896887,0.1274839983214191
1645814064.4813669,13.758972601010216,5.340934540797655,6.92821256807138,3.5909387138940123,14.640661751360094,6.799999999999997,13.779471663326532,13.780068134194051,10.168033887116204,9.299727210562438,0.12821256807138326
1645814064.580169,13.761236450665224,5.390420418234015,6.927512463989735,3.537654308026868,14.688990740595273,6.799999999999997,13.819733784236636,13.82032204022917,10.223582142638357,9.298570322361257,0.1275124639897376
1645814064.6796856,13.771001580928317,5.464320227281503,6.926755846067371,3.4820876641770813,14.734954530416243,6.799999999999997,13.849419120265507,13.849999170154778,10.288913916751236,9.27063430313474,0.12675584606737367
1645814064.7800345,13.774342115986844,5.5387108845198725,6.924785902570463,3.426365498250197,14.774804078506556,6.799999999999997,13.870329396565587,13.870890710070201,10.347976617736647,9.236093193986683,0.12478590257046562
1645814064.8797832,13.777258032312773,5.614772692103455,6.923296129506725,3.3711220022800763,14.811361268559473,6.799999999999997,13.887581089597496,13.88812840002919,10.406136030032696,9.19658857645602,0.12329612950672786
1645814064.9797304,13.779734899403051,5.679448461807523,6.921494156002296,3.3155625888393807,14.854148013793184,6.799999999999997,13.916681142225444,13.917211460788975,10.46417231056367,9.174699551985661,0.1214941560022984
1645814065.0798268,13.777114427798631,5.753926714376572,6.917835899799532,3.259810965546976,14.90026481548661,6.799999999999997,13.938047667335185,13.93854576619058,10.517303462251656,9.146338101110038,0.1178358997995348
1645814065.180227,13.78202217879088,5.82511814600804,6.917084595705964,3.1990208680221697,14.941102832572438,6.799999999999997,13.967859304467844,13.968350022531672,10.583001310768712,9.1159846865644,0.11708459570596652
1645814065.2798066,13.776098515488108,5.899861489645819,6.91335465505101,3.1360378477270414,14.978613746833531,6.799999999999997,13.98694511181863,13.987404435378595,10.640060667761066,9.078752257187713,0.11335465505101272
1645814065.3823931,13.76516487305406,5.981123678121298,6.908745175081668,3.069468763605561,15.018260419375173,6.799999999999997,14.002419638969275,14.00284189937514,10.695696109448498,9.037136741253875,0.10874517508167081
1645814065.4798055,13.768203659808234,6.070446505658966,6.9097931850694545,3.005500593121846,15.056358060793544,6.799999999999997,14.020783992999881,14.021213867631054,10.762703066686388,8.985911555134578,0.10979318506945734
1645814065.5796463,13.761340706201544,6.142746366719924,6.909766291891715,2.944442871912654,15.085851178910705,6.799999999999997,14.03511319652512,14.035542421941136,10.81689783428889,8.943104812190782,0.1097662918917175
1645814065.6797378,13.74495082751091,6.223687528368006,6.905771553346751,2.8845613174268747,15.112599004897318,6.799999999999997,14.034272604888288,14.034671181392719,10.860389510084037,8.888911476529312,0.10577155334675403
1645814065.7800965,13.734985041205185,6.300830076598589,6.903714490814191,2.8262283402419217,15.144574319166948,6.799999999999997,14.043246953207506,14.043629932619869,10.908756700963263,8.84374424256836,0.10371449081419382
1645814065.8796713,13.72409270836702,6.355318722266436,6.902182299959159,2.7691105401358844,15.178592072994643,6.799999999999997,14.066335234450115,14.066706371797121,10.954982168231137,8.823273350728208,0.1021822999591615
1645814065.9796548,13.709157182840515,6.424696256341669,6.898558170048576,2.7079459180347163,15.210042623218305,6.773172478125731,14.078670394567895,14.079228730673478,11.0012112648058,8.785346366876636,0.12538569192284488
1645814066.0804267,13.692521493541243,6.504002428876581,6.892552166422547,2.6427005808107378,15.239186337697515,6.720811989688157,14.085523778842608,14.086570725788635,11.049820912730505,8.735183908820932,0.17174017673439046
1645814066.1796596,13.672702535934015,6.575779788171028,6.888649946196059,2.578163252869983,15.268013799698121,6.700000000000003,14.094102809849208,14.095365295613984,11.094539283064032,8.692234011527093,0.18864994619605646
1645814066.280177,13.654811453461146,6.644839046373378,6.884545770079318,2.5125927296615402,15.297302768431358,6.700000000000003,14.107238090800054,14.108445119564882,11.142218723799607,8.65246372205798,0.18454577007931494
1645814066.3796048,13.63511234074725,6.731889823006122,6.881049805565713,2.458101713443162,15.31910729315448,6.700000000000003,14.094888096132218,14.096050846765028,11.177010627304089,8.587217470148357,0.18104980556570993
1645814066.4801536,13.618556407686876,6.791313676246458,6.879237399020536,2.4078190509271375,15.33782412948856,6.700000000000003,14.096931333081852,14.09807075648411,11.210737356759738,8.546510453242103,0.1792373990205336
1645814066.5803494,13.610779482706688,6.8489375014492735,6.876138899204652,2.3708795907077147,15.362826991207678,6.700000000000003,14.10041360478398,14.101513703776279,11.239899891998974,8.513889489758405,0.1761388992046493
1645814066.6815534,13.616155655409173,6.89953464848329,6.871857348192367,2.339439964348563,15.390913825817945,6.700000000000003,14.116226022215894,14.117272118168328,11.27671569106061,8.491379177334654,0.17185734819236398
1645814066.7798328,13.634614121206981,6.933652943123782,6.8673403069987025,2.317708092573563,15.423933862112357,6.700000000000003,14.147693527365544,14.148683151537718,11.316906028633419,8.490280918988574,0.16734030699869962
1645814066.879527,13.667826536409944,6.94973292797329,6.8642083512890615,2.299555804532487,15.45997050129456,6.700000000000003,14.200764873330968,14.201714240550816,11.368270731877457,8.51023757332127,0.16420835128905864
1645814066.9796808,13.709859382252741,6.95090236857691,6.864422512394769,2.2927864859283438,15.497109987164967,6.700000000000003,14.261389069091331,14.262336868219736,11.417072896324397,8.546207618588056,0.1644225123947658
1645814067.079987,13.752306623966374,6.959973759639969,6.867008198472771,2.2927864859283438,15.534859923851146,6.700000000000003,14.312556533452694,14.313530880311696,11.45952013803803,8.574886164211176,0.16700819847276804
1645814067.180772,13.806945579293364,6.954824200029336,6.8684720845562826,2.31033000087459,15.573743273001465,6.700000000000003,14.36864418601783,14.369631818096758,11.496615578418774,8.61891907297213,0.1684720845562797
1645814067.279525,13.862055803598627,6.958025945504466,6.869377665886768,2.3362365354773758,15.612316280207754,6.700000000000003,14.413231802712875,14.414226992538833,11.525819268121252,8.654290334703287,0.16937766588676517
1645814067.3798885,13.923293736509867,6.952101526651892,6.869523140174005,2.3655699913982957,15.655991731770088,6.700000000000003,14.468541145224986,14.46953423459521,11.557723745111572,8.703890205118196,0.16952314017400205
1645814067.4797182,13.989675448372285,6.943157206247011,6.868131762365222,2.3957057744760406,15.700861791901975,6.700000000000003,14.529883771346135,14.530856502572165,11.593969673896245,8.757704585654963,0.16813176236521876
1645814067.579571,14.061238355154682,6.936567498135678,6.862768971991378,2.4348231810735643,15.75274722752654,6.700000000000003,14.591043650850544,14.591951499346107,11.626415174081117,8.81617972939086,0.1627689719913752
1645814067.6795175,14.13579054351349,6.932698943545066,6.859989193497372,2.47794071960945,15.807774924668504,6.700000000000003,14.651704207613994,14.65257768208207,11.65784982390404,8.875075981123437,0.15998919349736873
1645814067.7796092,14.218049269212655,6.922864879642443,6.853818058210807,2.523487121070214,15.860904716586077,6.700000000000003,14.719080812454196,14.71988450900988,11.69456214814244,8.938039836943634,0.1538180582108044
1645814067.8796442,14.30111293459861,6.922502579394464,6.84958454542754,2.5701687219413896,15.913033930740434,6.700000000000003,14.779875036684537,14.780631976889266,11.73094421265722,8.990531351345972,0.14958454542753685
1645814067.9796057,14.386299557803197,6.920887565084844,6.843201109260815,2.6198548190838338,15.97373122801289,6.700000000000003,14.845982627456932,14.846673254720956,11.766444738719363,9.052843662928044,0.1432011092608123
1645814068.0800085,14.46083966096105,6.908214588705377,6.836069693151839,2.6724098702999117,16.04220065366024,6.700000000000003,14.912973491699656,14.913594245705193,11.788429790661137,9.133986064954865,0.13606969315183637
1645814068.1796365,14.54825854567644,6.895977599036173,6.829584944858259,2.7199081992151806,16.10332764564205,6.700000000000003,14.989501886299074,14.990062009788266,11.82835034646126,9.207350046605878,0.129584944858256
1645814068.279939,14.643718554392635,6.891991651287163,6.820157072703146,2.7650169660558235,16.16089659924097,6.700000000000003,15.06705513227313,15.067534240249087,11.878701588336812,9.268904947953807,0.12015707270314291
1645814068.3796282,14.724743724956458,6.890943344360851,6.81230556995342,2.8092423153231043,16.223822355087204,6.700000000000003,15.13544860490864,15.135865254846632,11.915501409633354,9.332879010726353,0.112305569953417
1645814068.4796085,14.805648731960027,6.892774218101566,6.805413998119995,2.8533274938901236,16.28946208378353,6.700000000000003,15.20380629392099,15.20417172798542,11.952321238069903,9.396687865681963,0.10541399811999241
1645814068.5794585,14.887352288555286,6.900169869902486,6.799042839218328,2.896022229999927,16.359420989500244,6.700000000000003,15.273160390594498,15.27348152193288,11.99133005855536,9.459251119597758,0.09904283921832491
1645814068.6797643,14.968901807133815,6.912151748326784,6.791012396559851,2.9383717181327436,16.431484311796197,6.700000000000003,15.341165101656696,15.3414350675749,12.030530089001072,9.519332563469412,0.09101239655984816
1645814068.7796705,15.046672952083139,6.927583852171074,6.783610772915897,2.973302424156663,16.498616827723957,6.667748859927506,15.406847442735462,15.407283086469386,12.073370527926475,9.571032975552882,0.11586191298839132
1645814068.879702,15.13507082791044,6.949454273485119,6.772876565080819,3.004338094319977,16.563310728257086,6.617935557558074,15.47840148680618,15.479176958177586,12.130732733590463,9.613856454771966,0.1549410075227451
1645814068.979616,15.211158890748539,6.971958192820067,6.763576429481021,3.0319852370941462,16.635657142478465,6.599999999999994,15.547326081210816,15.548186567049543,12.179173653654393,9.663698949658396,0.16357642948102669
1645814069.0799139,15.280421654612857,6.997888150152091,6.753327481607017,3.057841975574015,16.712654870223783,6.599999999999994,15.613076136234836,15.61382899075309,12.22257967903884,9.714766720071692,0.1533274816070227
1645814069.1808777,15.352992556078393,7.022620597258516,6.744462228656956,3.083054475009458,16.781146140915784,6.599999999999994,15.677378648851885,15.678044222255068,12.269938081068934,9.758525543657267,0.14446222865696168
1645814069.2796252,15.427069307006256,7.047040067296881,6.737184550779859,3.1073896580304092,16.84455454666105,6.599999999999994,15.740578027084654,15.741175821002473,12.319679648975846,9.797514479364171,0.1371845507798648
1645814069.3795176,15.497553296192088,7.073824889562615,6.7296463375311575,3.1236761150358623,16.91538998846979,6.599999999999994,15.81041555716884,15.810947102030344,12.373877181156224,9.841565098907175,0.12964633753116317
1645814069.481465,15.568306816103787,7.100050098149661,6.724970517207435,3.1363472928759872,16.990855956639447,6.599999999999994,15.886524419063795,15.887015948493326,12.4319595232278,9.890805858489784,0.12497051720744068
1645814069.5795882,15.64144034583413,7.129172982725926,6.721695140895529,3.1485657266229974,17.057338425219566,6.599999999999994,15.95745547713841,15.957919507635456,12.492874619211133,9.92816544249364,0.12169514089553513
1645814069.6795278,15.713796946652899,7.159566597991915,6.720197749776694,3.1610206692792784,17.122244290970478,6.599999999999994,16.025827251158255,16.02627800155164,12.55277627737362,9.962677692978563,0.1201977497766995
1645814069.7794425,15.770567620274745,7.198451905544226,6.717680406879112,3.1689363725037056,17.18378847570905,6.599999999999994,16.078185734848024,16.078616395773416,12.601631247771039,9.985336570164826,0.11768040687911796
1645814069.8794315,15.857289387786164,7.239056459695236,6.717996941063368,3.174692445960423,17.243781194041006,6.599999999999994,16.15372347784986,16.15415443398193,12.682596941825741,10.00472473434577,0.11799694106337366
1645814069.9796195,15.92841662345325,7.275131613003022,6.719542973651787,3.1808914520732805,17.313435532445737,6.599999999999994,16.225502875845322,16.225943242123535,12.74752517137997,10.038303919442715,0.119542973651793
1645814070.079783,15.983574483341283,7.3095632749845425,6.723082482744524,3.1874989474241118,17.392140296930695,6.599999999999994,16.291037674880457,16.29150262627524,12.79607553591717,10.082577021946152,0.12308248274452982
1645814070.1798296,16.039287464243003,7.351613779811219,6.723391236183468,3.1899638063473192,17.463629815834288,6.599999999999994,16.35108518656011,16.35155075750653,12.849323657895685,10.11201603602307,0.12339123618347347
1645814070.2795079,16.09556576058043,7.395034927634471,6.726543478887275,3.1899638063473192,17.53062542067606,6.599999999999994,16.409898124112182,16.410386031284865,12.905601954233113,10.135590493041589,0.1265434788872808
1645814070.3795433,16.154049352818426,7.432365127915609,6.740126543051787,3.185642362962239,17.602847648943353,6.599999999999994,16.48084629395838,16.481441988283343,12.968406989856186,10.170482521027743,0.1401265430517924
1645814070.479403,16.215392780430058,7.478718102993244,6.752024509939426,3.1794032357831363,17.677164619164333,6.599999999999994,16.551294050657976,16.551992212509298,13.035989544646922,10.198446516171089,0.15202450993943195
1645814070.5798535,16.28808360029268,7.531498871851337,6.769208787757792,3.173205798131584,17.74458676104435,6.599999999999994,16.622490306750034,16.62335151561963,13.114877802161097,10.213087889193012,0.1692087877577979
1645814070.682418,16.34217540257694,7.5869576047972345,6.783416708456441,3.1669127825442924,17.810175762718124,6.599999999999994,16.676382539725843,16.677391171889383,13.17526262003265,10.22321815792089,0.18341670845644664
1645814070.7802835,16.396684471213327,7.641948120775238,6.798031033908931,3.1564517020732277,17.8808344472189,6.634470157600652,16.737340200487242,16.73813935738095,13.2402327691401,10.23888632644366,0.16356087630827876
1645814070.8795323,16.44325701382523,7.691676489586171,6.815753581136073,3.143797836349644,17.956197309295945,6.685244865872953,16.799881013614204,16.80038792993646,13.299459177475587,10.264520819709773,0.13050871526312058
1645814070.979559,16.498089744344327,7.752394463630499,6.835520603520672,3.127324476622532,18.02255373619624,6.700000000000003,16.859820145196792,16.8603647992077,13.370765267721795,10.270159272565742,0.13552060352066952
1645814071.0794687,16.550144309917112,7.811905527275909,6.84672068956361,3.109364760803733,18.08494882667711,6.700000000000003,16.917150277728112,16.917786512424797,13.44077954911338,10.273043299401202,0.1467206895636073
1645814071.1793594,16.5983923029827,7.872076389619013,6.85795978691855,3.0906017581189924,18.156158123344884,6.700000000000003,16.97712409419992,16.977858928738534,13.507790544863706,10.28408173372587,0.15795978691854717
1645814071.2794087,16.638832348656774,7.922990556183188,6.878718753612668,3.0713363954329096,18.232650840119277,6.700000000000003,17.040130328460375,17.041067513621556,13.567495953223863,10.30966028393609,0.17871875361266554
1645814071.3793392,16.69142725570107,7.986390710018063,6.894743286829665,3.0523415360438584,18.30806953025989,6.734814011364802,17.104435475524642,17.10518314165436,13.63908571965721,10.321678820241825,0.15992927546486335
1645814071.479437,16.743419240155237,8.053931381615207,6.908398256205237,3.0334267247195372,18.38317039170325,6.785412199986741,17.1655781522449,17.166018725110714,13.709992515435701,10.329239010088042,0.12298605621849568
1645814071.5797124,16.778912127345038,8.10957728095861,6.929177845511634,3.010412774481232,18.45711571786588,6.799999999999997,17.223330866388313,17.223815287236896,13.768499352863806,10.347538436907268,0.12917784551163702
1645814071.6794784,16.830018783245972,8.174984777390264,6.947522262079082,2.985881156526988,18.530167423202332,6.799999999999997,17.288434118093626,17.28906351059746,13.844137626718984,10.355182645812068,0.14752226207908503
1645814071.7794745,16.87837612328502,8.242261304744646,6.965694127054867,2.962311385207584,18.600354884644304,6.799999999999997,17.347822929818044,17.34861420828941,13.916064738077434,10.358093579899657,0.16569412705486997
1645814071.8793788,16.9474664114609,8.333816445703132,6.989038262003452,2.939231638644994,18.66908312133359,6.799999999999997,17.40828477210567,17.409311134310496,14.008234772815907,10.335266675630457,0.18903826200345453
1645814071.9803014,16.995045759686683,8.406294773674134,7.010888647738202,2.910516492115804,18.744009119141865,6.828522408341055,17.47118492196651,17.472136675942696,14.084529267570879,10.337714345467731,0.18236623939714747
1645814072.0814388,17.042753116890278,8.480381064359506,7.03826932386539,2.8769523517722266,18.823968547402448,6.882393990576933,17.540231279443887,17.54092387692021,14.165800765118052,10.343587483042942,0.15587533328845726
1645814072.1803648,17.0925394407737,8.557126455060413,7.069786033642427,2.840746110612758,18.90020192290115,6.8999999999999915,17.60945266778808,17.610271166461033,14.251793330160941,10.343075467840738,0.16978603364243572
1645814072.279551,17.138331987523962,8.633437680416185,7.103201932948293,2.8027462498463027,18.975640747379693,6.8999999999999915,17.67682614952742,17.67799405323382,14.33558573767766,10.342203066963508,0.2032019329483017
1645814072.3797963,17.18196730517224,8.712942282458927,7.137962373693934,2.769350425421223,19.057134017444668,6.935098728705392,17.74051374601737,17.74167358596954,14.412616879751017,10.34419173498574,0.20286364498854237
1645814072.4795907,17.212810651282595,8.776067066932999,7.1716553695124885,2.7382438426921385,19.140501940322668,6.985025848146018,17.80265695173292,17.80363516586795,14.474566808590456,10.36443487338967,0.18662952136647082
1645814072.5793564,17.258049790515884,8.856801385314904,7.209132289954843,2.697488321414543,19.218981258688693,7.036028457599577,17.871338003172326,17.872176335309796,14.56056146910134,10.362179873373789,0.17310383235526583
1645814072.6803741,17.303588557455246,8.943795058029048,7.2476205034596095,2.65203022353843,19.296334296532585,7.088144019857338,17.93998969612086,17.940698510530318,14.651558333916816,10.352539238503537,0.15947648360227173
1645814072.7800686,17.347190264049193,9.025466053640324,7.284041427799072,2.614690818904691,19.374228741544176,7.099999999999994,18.003983700051887,18.00492433527229,14.732499445144501,10.348762687903852,0.18404142779907762
1645814072.8794634,17.39128795473728,9.106809653208357,7.322414082131949,2.579710607854198,19.45235335058357,7.099999999999994,18.066906151773747,18.068275123014114,14.811577346883082,10.345543697375215,0.22241408213195513
1645814072.979864,17.453551813438533,9.210209611610418,7.364946566683193,2.5391552326227083,19.528163164001633,7.131835580929451,18.135583554966,18.137081672938244,14.914396580815826,10.317953552391215,0.23311098575374167
1645814073.0798411,17.51411579011,9.312738472267466,7.414805072596052,2.4958223350763427,19.601899889487576,7.181514701683596,18.204834000097826,18.20632871746191,15.018293455033659,10.289161417220111,0.23329037091245652
1645814073.1797698,17.55311570641528,9.398151043645198,7.454463479392107,2.451670257795933,19.688953979561557,7.232132973123494,18.27441598802793,18.275768398551904,15.101445448619348,10.290802935916359,0.22233050626861317
1645814073.2808592,17.60155719026564,9.49173883653072,7.496945422370544,2.406501161488616,19.785030558712872,7.283917208731992,18.353244459648455,18.354480739465846,15.195056028777024,10.293291722182152,0.21302821363855173
1645814073.3792171,17.63663814023843,9.546846103446025,7.528772381275696,2.362899081488965,19.87148356155555,7.333904934359434,18.435976878814078,18.437006720127727,15.273739058749463,10.324637458109525,0.19486744691626257
1645814073.4793248,17.686819434877176,9.63937963343203,7.57263689220103,2.318686680246245,19.956121045551317,7.384592364569179,18.509852990461518,18.5108081528838,15.368132754630931,10.316741412119287,0.18804452763185076
1645814073.5793247,17.735526384026354,9.737151817529575,7.6172840137651,2.2709172046976,20.04574243356671,7.3999999999999915,18.58550988158323,18.586779976667984,15.464609179328754,10.308590616037133,0.21728401376510842
1645814073.679278,17.796649919999062,9.861423932371505,7.666358127278178,2.2215940943352526,20.13754073321379,7.3999999999999915,18.659607189785568,18.661508168662692,15.57505582566381,10.276116800842285,0.26635812727818653
1645814073.7805893,17.84628008624321,9.960944143798825,7.71093157935672,2.173958068029523,20.226199096656657,7.43170227300683,18.734917578942206,18.736998310702877,15.672322018213684,10.265254952857832,0.2792293063498903
1645814073.8796108,17.8977728628399,10.058880253518328,7.751733880299593,2.1284865742255743,20.310828914666715,7.477316828333946,18.808850081892356,18.8108518180733,15.769286288614326,10.251948661148386,0.2744170519656466
1645814073.9792225,17.939753687489038,10.154632122864427,7.787629934906262,2.075885708353273,20.402526084136298,7.52674060966904,18.886016994086432,18.887818856102584,15.863867979135765,10.24789396127187,0.26088932523722175
1645814074.080363,17.985806758929108,10.25947094729458,7.82591737477149,2.015670135025147,20.50214469575823,7.580433962646248,18.972549362266133,18.974137435184073,15.970136623903961,10.242673748463648,0.2454834121252416
1645814074.180546,18.045294920998987,10.382774804650985,7.868756805642872,1.9575829492044736,20.598242175480877,7.632229463519753,19.057026265708682,19.058494045319595,16.087711971794512,10.215467370829892,0.23652734212311888
1645814074.281395,18.09554392694591,10.488864144252219,7.905255486463356,1.9000226324826006,20.693468021072576,7.683555162953464,19.142331370087387,19.143615157949558,16.195521294463312,10.204603876820357,0.221700323509892
1645814074.37919,18.138584091129786,10.58854326588018,7.937671863125386,1.839402109594109,20.79305878783149,7.700000000000003,19.23006683048612,19.231535513824266,16.29918198153568,10.204515521951311,0.23767186312538335
1645814074.479354,18.188174563278004,10.695584986652804,7.97071386443949,1.774885603945726,20.898725377854625,7.700000000000003,19.326151409556765,19.328047348387592,16.413288959332277,10.20314039120182,0.27071386443948686
1645814074.5792587,18.248934600477753,10.823507729958695,8.009738889681895,1.7126690654254821,21.00062502979983,7.735554058375898,19.41704906468754,19.41898482676686,16.53626553505227,10.177117299841136,0.27418483130599647
1645814074.6793764,18.29877052033576,10.932252362776296,8.042270724068517,1.6511445367288689,21.10139129243814,7.784928535146879,19.507814779232127,19.509512102126656,16.647625983606893,10.169138929661845,0.25734218892163874
1645814074.7793474,18.33662052501407,11.04081094751879,8.07468258330925,1.5908518322099594,21.200140045590956,7.833314452000788,19.586544790642225,19.58803194327203,16.74576869280411,10.159329098072167,0.24136813130846324
1645814074.8829775,18.386661596150635,11.153554653157768,8.110573887066732,1.5288734598350329,21.30164962361638,7.883053145801642,19.676606729269924,19.677922097265665,16.8577881363156,10.148094970458613,0.22752074126508948
1645814074.9792676,18.436360563764808,11.295856516593641,8.157178495026496,1.465676660022598,21.393193614700838,7.8999999999999915,19.747413213723632,19.749087812145927,16.97068390374221,10.097337098107197,0.2571784950265048
1645814075.079382,18.474606091425404,11.414844592592875,8.199062069041794,1.3965937772367296,21.486702296712014,7.8999999999999915,19.82677034253446,19.829025703164127,17.078012314188673,10.07185770411914,0.29906206904180266
1645814075.1798806,18.51299783284562,11.525098683496106,8.238093004902964,1.3268304137891507,21.587068442964558,7.931996466580951,19.915009063424897,19.917361298301252,17.18616741905647,10.061969759468452,0.3060965383220138
1645814075.2795582,18.55553902102181,11.65173112353036,8.282980604642075,1.2573914206766679,21.690458217190507,7.982656438008245,20.000048801548278,20.002303534077694,17.298147600345143,10.038727093660148,0.3003241666338301
1645814075.379267,18.6081308610921,11.79929692578413,8.33597872094656,1.183645131483044,21.794060643654174,8.03342060693831,20.087508673735552,20.08978711011526,17.424485729609057,9.994763717870043,0.3025581140082494
1645814075.4793077,18.643309085198847,11.914101768664223,8.37968010312581,1.1074160920777079,21.898102012337965,8.084399853234546,20.178895012657964,20.18105533310506,17.535892993121138,9.984000243673743,0.295280249891265
1645814075.5792158,18.677417145843915,12.031521308903462,8.423124727794182,1.0330930722845,21.9932144676409,8.134104422006182,20.26221860018356,20.26427978830687,17.644324073559414,9.961693158737438,0.2890203057880001
1645814075.67925,18.713712920387866,12.154445983464617,8.470628172753681,0.9594746627119437,22.0845583263154,8.183337772745142,20.34256884594374,20.34459739159018,17.754238257675922,9.930112342850782,0.2872904000085388
1645814075.7801676,18.754359381440953,12.30604243229289,8.526233091773694,0.8879991573346879,22.17324332417148,8.23113802616081,20.410009336063915,20.412142518510038,17.866360224106266,9.867200891878591,0.2950950656128839
1645814075.8792868,18.78486497568871,12.419735040364221,8.573686533778607,0.8191822184920188,22.258629640198755,8.277160325725974,20.48339825026325,20.485544456297706,17.96568275719669,9.838894599834534,0.29652620805263297
1645814075.9798555,18.809759068686727,12.51690181361599,8.612521931069363,0.7444205801661066,22.346353255190913,8.327158226914866,20.56634557589422,20.568325230576082,18.06533848852062,9.829451441574923,0.28536370415449674
1645814076.079203,18.829657941270394,12.628660471990662,8.658563526786445,0.6658963973250374,22.434040991335312,8.379672382786351,20.641407911149173,20.643291908623812,18.163761543945355,9.80538051934465,0.2788911440000934
1645814076.1794088,18.855746663728453,12.744055309862942,8.705112262292158,0.5859776315352746,22.523286054634006,8.399999999999991,20.722398858461357,20.724644941271286,18.269769032193178,9.779230744771064,0.30511226229216604
1645814076.2806127,18.89697631550708,12.90656169613935,8.765232690813972,0.5048125580983958,22.613922866376353,8.399999999999991,20.79674370108846,20.799950564537447,18.39216375740868,9.707361170237002,0.3652326908139809
1645814076.3791459,18.915179795457423,13.011096912513331,8.807814526806073,0.43154692792988514,22.6957383917936,8.436396898966626,20.86712640886953,20.870431610726456,18.483632867527536,9.68464147928027,0.3714176278394472
1645814076.4800723,18.93741520104411,13.12810602880747,8.853855132645,0.358348093935809,22.777479326108658,8.485349652613952,20.935427858085507,20.938670824336384,18.5790671071083,9.649373297301189,0.36850548003104855
1645814076.5793526,18.958529597809818,13.24300857508075,8.8979577199454,0.2807675209877167,22.852954443691143,8.534368698012306,21.004995972291827,21.00814253504736,18.677762076822102,9.609945868610392,0.36358902193309284
1645814076.6792815,18.971411553787537,13.302610993087898,8.921733778596673,0.20022623331310313,22.92675155697131,8.584088504225441,21.094584137379456,21.097286182357347,18.771185320474434,9.624140563883413,0.3376452743712317
1645814076.7793896,18.98525774011717,13.4183207929694,8.965417020119798,0.1238345917513687,23.000611342606366,8.6338505350894,21.155934755036736,21.158532834139674,18.8614231483658,9.582290549636966,0.33156648503039854
1645814076.879296,19.011129785220657,13.561257137868587,9.01808036856435,0.049608481149849656,23.07428964558639,8.683490294470941,21.21407734636665,21.216715772600352,18.961521304070807,9.513032507717803,0.33459007409340913
1645814076.979172,19.026186029614703,13.673649958538972,9.061712852212754,-0.027651632993098918,23.146965312860953,8.732454541443854,21.278919932069957,21.281467160669504,19.0538376626078,9.473315354321981,0.3292583107688998
1645814077.079338,19.03911527444854,13.786041802824299,9.104079661256494,-0.10666455902971686,23.219362042955833,8.781230858180448,21.34358021009826,21.346021819874206,19.145779833478258,9.433320240131534,0.32284880307604524
1645814077.1793802,19.06437327622069,13.946943474721172,9.160462836039034,-0.18895773095974794,23.288821343019432,8.799999999999997,21.40003357423199,21.403069182582712,19.253331007180435,9.34187786829826,0.36046283603903717
1645814077.2797103,19.075846949254853,14.05663278301684,9.193108228095895,-0.2736110963267047,23.356690598456453,8.799999999999997,21.468409396791376,21.47200819921688,19.349458045581557,9.300057815439613,0.3931082280958975
1645814077.379167,19.085232870498036,14.176024286661217,9.225354548568937,-0.35121950238346955,23.422396574965948,8.834883000824517,21.523732978673117,21.527274545720335,19.436452372881504,9.24637228830473,0.3904715477444203
1645814077.4832366,19.08920974888021,14.212317484340078,9.23129551707753,-0.42955440239839726,23.490433748041994,8.887270571319862,21.61170042814792,21.61443842803492,19.51876415127861,9.278116263701916,0.34402494575766873
1645814077.579775,19.101017054855145,14.322205979775855,9.26521902737839,-0.505269038020292,23.558900017068694,8.934989971888498,21.673093251639045,21.67560892624084,19.606286092875436,9.236694037292839,0.330229055489891
1645814077.6802952,19.109575156141396,14.437193890122078,9.296083040288922,-0.5852329242958652,23.63216807777179,8.984353336088672,21.73552427793729,21.737759568209466,19.694808080437262,9.194974187649713,0.3117297042002498
1645814077.779109,19.131265671727643,14.658009823012474,9.361931649902644,-0.6608384229816232,23.68992997591593,9.0,21.75552725502719,21.75853764993025,19.792104094709266,9.031920152903457,0.3619316499026439
1645814077.8792205,19.14065132360234,14.766627967373912,9.393687991672925,-0.735989952425153,23.741573978447402,9.0,21.80895514043632,21.812508213232867,19.876641276027495,8.97494601107349,0.393687991672925
1645814077.979275,19.14576155794625,14.878979824299554,9.424030103835234,-0.818220057609884,23.803310879473113,9.028181121998152,21.86788162416741,21.87146412897454,19.963981615556136,8.924331055173559,0.39584898183708184
1645814078.079494,19.147802666840732,14.973069347018063,9.449099721266325,-0.907357426120956,23.874775100726897,9.083207466897058,21.94196462671326,21.94501512466427,20.05516009296169,8.901705753708834,0.36589225436926753
1645814078.180616,19.14859581961663,15.085741621190522,9.483803271840394,-0.9914074253562376,23.942160618780502,9.099999999999994,22.001270148979817,22.004617540867773,20.140003244972867,8.85641899758998,0.3838032718403994
1645814078.2815995,19.14953858745134,15.194198941587457,9.51581764950065,-1.0727919836360573,24.007409169369048,9.099999999999994,22.05935919843117,22.063277919725486,20.222330571087397,8.81321022778159,0.41581764950065647
1645814078.3794205,19.1512147789962,15.30083682125403,9.545463163571748,-1.1521930273582324,24.064694515493414,9.134349557935705,22.114103423743252,22.117924510060885,20.303407806354432,8.763857694239384,0.41111360563604293
1645814078.4794693,19.151858386098944,15.405693323549691,9.577764763563449,-1.233651756100186,24.120672814598038,9.184635719370062,22.170247885107123,22.173733148310532,20.38551014219913,8.714979491048346,0.3931290441933868
1645814078.5797849,19.150532644443924,15.510238599504142,9.609408712334233,-1.3149204395823764,24.176520514649816,9.234804561926994,22.22474324187487,22.227900045590562,20.4654530840263,8.666281915145674,0.3746041504072384
1645814078.6792676,19.149401675943146,15.600420281267859,9.63210572325833,-1.3953374367492284,24.231782937204635,9.28444764087079,22.28422595709557,22.286937713583292,20.544739112692376,8.631362655936776,0.34765808238754126
1645814078.7794368,19.1435118483605,15.70946525136168,9.660309163846778,-1.4753306134588642,24.28047771658166,9.299999999999997,22.329328676524998,22.33223548679875,20.618842461819366,8.571012465219981,0.3603091638467806
1645814078.879581,19.138182421849418,15.816291440726294,9.685450879180616,-1.55486187236139,24.326022503863683,9.299999999999997,22.374485579094234,22.377805462318168,20.693044294210807,8.509731063137389,0.3854508791806186
1645814078.979614,19.139563466839373,15.9571243666968,9.716661284089493,-1.6345666656443547,24.377627605026245,9.299999999999997,22.415828281553306,22.41970035869668,20.774130132483727,8.420503238329445,0.4166612840894963
1645814079.0790877,19.135837121178177,16.054220149975492,9.73218456193084,-1.713964829992117,24.432189887981487,9.299999999999997,22.47008273981137,22.47423862624806,20.849801951170296,8.377969738005994,0.43218456193084265
1645814079.1791422,19.13257665693729,16.15681895665646,9.743827502494092,-1.795194584120116,24.48801083594429,9.331287745063708,22.525105266070142,22.52888271306417,20.927771241057403,8.331191879287832,0.41253975743038396
1645814079.279104,19.13426690847084,16.257711397748157,9.749777632532794,-1.8771956295785854,24.544361813768795,9.381908689846345,22.586503339498776,22.589498902458697,21.011462538049425,8.286650416020638,0.36786894268644943
1645814079.3803983,19.131312257643398,16.35148415671564,9.751981919517405,-1.9568643952658429,24.595745280784726,9.399999999999991,22.64241674437919,22.64515240173513,21.08817665290924,8.244261124069087,0.35198191951741364
1645814079.479473,19.130544470255312,16.444622719338973,9.752123799541911,-2.0329621416037766,24.642955359264413,9.399999999999991,22.695961539116823,22.69869294376383,21.163506611859088,8.19833263992544,0.3521237995419195
1645814079.5793228,19.126633116299537,16.542520143937566,9.754495981973726,-2.1080439174548973,24.689535142790742,9.399999999999991,22.7439082419754,22.746670734870897,21.234677033754433,8.147014998853177,0.35449598197373433
1645814079.679243,19.125124491076278,16.63378798181343,9.75308665350968,-2.1824851533114065,24.735717543531884,9.399999999999991,22.79595339924721,22.798687715865075,21.307609644387686,8.101929561718453,0.3530866535096884
1645814079.7790887,19.115767190298772,16.725049048386673,9.756096650783725,-2.259571594682526,24.78096349281978,9.399999999999991,22.843004743438453,22.84578014718366,21.3753387849813,8.055914444433107,0.35609665078373354
1645814079.879379,19.107881847290553,16.82057811116632,9.75751862949548,-2.3382213809014987,24.826003491485675,9.399999999999991,22.891530730690135,22.89432241330953,21.44610322819205,8.005425380319355,0.3575186294954893
1645814079.9809785,19.102556207486455,16.91368689608014,9.756408009640063,-2.416090557598038,24.86689022651588,9.399999999999991,22.94135135112436,22.944119692964275,21.518646765084494,7.953203330435741,0.3564080096400719
1645814080.0794566,19.08894127817667,17.008228106403383,9.757470409314521,-2.490546907466706,24.90384364802722,9.399999999999991,22.97857817915316,22.98135853749707,21.579488185643374,7.895615541623837,0.35747040931453
1645814080.1790903,19.078599836596638,17.09998472218268,9.75867997899755,-2.560473365791046,24.94050667178091,9.399999999999991,23.015717966216574,23.01851265455173,21.639073202387685,7.84052194959823,0.358679978997559
1645814080.2804184,19.07061321342826,17.20300208693906,9.759409623263846,-2.628600744519595,24.977392807418454,9.399999999999991,23.049881506582093,23.052683417441227,21.699213957947855,7.774390720479396,0.35940962326385417
1645814080.3789876,19.056845392155456,17.285616487333215,9.759040486667606,-2.701884240641263,25.014916869821562,9.399999999999991,23.090786033305157,23.093577239287704,21.75872963279672,7.729300382488347,0.3590404866676149
1645814080.4790921,19.05063549808992,17.38507702428084,9.759461356787751,-2.7807763627566815,25.054071808891198,9.399999999999991,23.139231293288347,23.142023189672038,21.831411860846604,7.6689947846103586,0.3594613567877598
1645814080.579071,19.03950365743748,17.47358872384653,9.759277005003513,-2.851936643218954,25.09809869752073,9.399999999999991,23.181205981912633,23.183989965969754,21.891440300656434,7.624509973674201,0.35927700500352167
1645814080.6822815,19.04177766293624,17.523821805305673,9.751771298747354,-2.9221680946637827,25.145630374116703,9.399999999999991,23.24880382089361,23.251464946300043,21.963945757600023,7.62180856881103,0.35177129874736224
1645814080.7789917,19.033575950890686,17.603091378102057,9.749962659999117,-2.982811614295795,25.183256892525918,9.399999999999991,23.284763916487506,23.287393682203945,22.01638756518648,7.580165514423861,0.34996265999912524
1645814080.8789818,19.02729065996095,17.685827574036644,9.746163970799092,-3.043411134601293,25.21934826073711,9.399999999999991,23.321016522472533,23.323585512011576,22.070701794562243,7.5335206867004665,0.34616397079910044
1645814080.978969,19.027353411681872,17.794438560366054,9.742207932223186,-3.101214289519235,25.256147112775484,9.399999999999991,23.352742944411066,23.355250144167098,22.128567701201106,7.46170855240943,0.3422079322231948
1645814081.0791428,19.040426536692234,17.832086610806048,9.73423183232997,-3.1575356591832016,25.293417582368942,9.399999999999991,23.41838990017714,23.420774889709804,22.197962195875434,7.461330971562894,0.3342318323299782
1645814081.1789482,19.049068765116953,17.891379874675515,9.728315336982146,-3.21026026489253,25.33711418625828,9.399999999999991,23.47161452275714,23.473910608703473,22.259329030009482,7.445734311582765,0.3283153369821541
1645814081.2800238,19.05915122289234,17.958258737455203,9.722317162586899,-3.2617596735615635,25.385038557956626,9.399999999999991,23.524032854713532,23.526240883382535,22.320910896453903,7.426779820501423,0.32231716258690746
1645814081.3792634,19.06804893521628,18.034396564731185,9.716399912116326,-3.3069223001002137,25.43101873946577,9.399999999999991,23.56585150969546,23.56797543874745,22.374971235316494,7.396622174734585,0.316399912116335
1645814081.4790647,19.084092661716372,18.10087262205011,9.710501578950758,-3.3499550752795724,25.476785006406836,9.399999999999991,23.615473346251598,23.617514530493057,22.434047736995943,7.375912384356724,0.3105015789507668
1645814081.5790963,19.10874281713376,18.165296112882263,9.705445571266027,-3.395172100616565,25.52487426940824,9.364738381869161,23.676772948764786,23.679224198783764,22.503914917750325,7.359578156525977,0.3407071893968663
1645814081.6793058,19.131594076217404,18.219934880315314,9.701141200226017,-3.4415228651567404,25.57416928794021,9.311599419441134,23.74090082897543,23.744096423537016,22.573116941374145,7.354234407624897,0.38954178078488333
1645814081.779011,19.151517557831937,18.289632774094095,9.698376789703104,-3.4774090243513918,25.61690253511201,9.299999999999997,23.785651145439992,23.788987041888625,22.62892658218333,7.3272697610179165,0.3983767897031072
1645814081.8790255,19.177058387717196,18.373713698100328,9.696952759862393,-3.510522067076271,25.657988360641813,9.299999999999997,23.828280765763825,23.831586933010414,22.687580454793466,7.284274662541485,0.39695275986239587
1645814081.9790218,19.202427303279016,18.437709198969447,9.694601094691317,-3.5434810034703697,25.708205298055727,9.299999999999997,23.87962433175781,23.882884420643396,22.745908306749385,7.27049609908628,0.39460109469131943
1645814082.0790296,19.23006330840056,18.502553521434663,9.692950420236558,-3.5763071166162588,25.766856224774397,9.299999999999997,23.9353426073,23.9385679555314,22.80637042501682,7.264302703339734,0.392950420236561
1645814082.1789458,19.262281444674617,18.56406688213539,9.69478268188689,-3.60888197750905,25.82505823487881,9.299999999999997,23.996085341339466,23.99933259644452,22.871163422183667,7.260991352743421,0.3947826818868929
1645814082.2792387,19.2994543847305,18.61970906772072,9.701702429671656,-3.6414446246042402,25.883238422212404,9.299999999999997,24.06332699441326,24.066679681295092,22.94089900933474,7.263529354491684,0.4017024296716585
1645814082.378963,19.33315091823754,18.68117048494105,9.712690790215518,-3.67285323581818,25.939356676322273,9.299999999999997,24.123795180799934,24.127324916233768,23.00600415405572,7.258186191381224,0.412690790215521
1645814082.4789624,19.37213742524975,18.73008937786383,9.726876955255523,-3.7039407056839613,25.99490114245565,9.299999999999997,24.19262019459465,24.196386007311858,23.076078130933713,7.264811764591819,0.42687695525552627
1645814082.5790682,19.411253874880753,18.793646817887144,9.740148163379535,-3.730604445879512,26.05669834688728,9.33468318184827,24.254845372647758,24.258234187638234,23.141858320760264,7.263051529000137,0.4054649815312654
1645814082.678965,19.45124101963062,18.85553385173112,9.754293249412067,-3.75529469111996,26.121031912571162,9.384219032261107,24.317293471240014,24.320109306757075,23.20653571075058,7.2654980608400415,0.37007421715095923
1645814082.7799244,19.494633241777173,18.918375451968046,9.768337731005028,-3.7802303204968277,26.19235882518125,9.399999999999991,24.38503860887352,24.38782033393583,23.274863562274,7.273983373213202,0.3683377310050364
1645814082.8790832,19.543763212000727,18.975796817009957,9.78302504692666,-3.804713466897437,26.265266189442084,9.399999999999991,24.4599208289127,24.46291959565028,23.348476678898162,7.2894693724321264,0.3830250469266687
1645814082.9792073,19.593314858344677,19.038562956893923,9.793969011499177,-3.8249729680139137,26.3374771511335,9.399999999999991,24.529377349069563,24.53254093474764,23.41828782635859,7.298914194239575,0.39396901149918584
1645814083.0791075,19.64625567380974,19.095272345534305,9.805081355190445,-3.8429409810526325,26.408818769471882,9.399999999999991,24.60142924274701,24.604764003952788,23.489196654862372,7.313546423937577,0.40508135519045396
1645814083.1788592,19.705632545944106,19.17828195044669,9.81668560913438,-3.861802155169534,26.483706664707068,9.399999999999991,24.673735198526018,24.67725340356664,23.56743470111364,7.305424714260379,0.41668560913438846
1645814083.2790332,19.756914649301716,19.23686634820609,9.828407064721532,-3.8813983978558033,26.561513133967782,9.399999999999991,24.74712698984645,24.750834872074314,23.63831304715752,7.3246467857616935,0.4284070647215401
1645814083.3793252,19.81620099614715,19.291672052214757,9.843239157753928,-3.901139677091589,26.64653177039741,9.435768949886674,24.83155673904901,24.834899678776836,23.717340673238738,7.354859718182652,0.4074702078672541
1645814083.479909,19.874524486465063,19.337709816613142,9.86405871135309,-3.920997199853727,26.73523113202761,9.488888944850162,24.918871843164954,24.92169589513878,23.79552168631879,7.397521315414469,0.3751697665029283
1645814083.5788112,19.930011934692033,19.391694737443633,9.888999426062302,-3.9344825448599288,26.816308838278964,9.5,24.992778783298363,24.99580588547538,23.86449447955196,7.424614100835331,0.388999426062302
1645814083.6789324,19.99338556933823,19.45458693194227,9.9200523827966,-3.946481898770502,26.89670670937548,9.5,25.06995016293956,25.073468949799633,23.93986746810873,7.442119777433209,0.42005238279659984
1645814083.7789166,20.0629324498464,19.526686691311063,9.956087097123175,-3.958068952452143,26.97434209309549,9.532086965356532,25.14907710738025,25.152651062357133,24.021001402298545,7.447655401784427,0.4240001317666433
1645814083.8789158,20.127393598847494,19.585941188530057,9.994359434171907,-3.9694883596547346,27.050854214561856,9.577908304227982,25.226665388200033,25.23010261873386,24.09688195850223,7.464913026031798,0.4164511299439244
1645814083.9788718,20.19472791959719,19.652235200547157,10.0335927292752,-3.98517269675756,27.133209018747625,9.627228690437354,25.310720319370482,25.313982199911855,24.17990061635475,7.480973818200468,0.40636403883784666
1645814084.0790691,20.26721364231542,19.721418304822517,10.073087299036333,-4.004882941565124,27.22125052126681,9.679954708553938,25.404372770293726,25.407414451016866,24.272096583880543,7.499832216444293,0.393132590482395
1645814084.1790748,20.34318569813423,19.794375444284825,10.11644714638464,-4.020304114632808,27.31374141211286,9.731810826272252,25.497460666014053,25.500361674174023,24.36348981276704,7.519365967828037,0.3846363201123886
1645814084.280135,20.414239413773238,19.85344766471678,10.158742375977207,-4.033244595402562,27.41007873787214,9.783735601699803,25.588711330480937,25.59145907593855,24.4474840091758,7.556631073155362,0.3750067742774039
1645814084.3788972,20.49006374720452,19.918807921562482,10.199458328049278,-4.041435483960124,27.50185956203757,9.799999999999997,25.676781860481338,25.67988889513721,24.531499231164645,7.583051640475087,0.39945832804928116
1645814084.479273,20.570257964492,19.987704476152533,10.238447231632133,-4.047624229936941,27.594005634561473,9.799999999999997,25.766178239141226,25.769908362780818,24.617882194428944,7.6063011584089395,0.4384472316321357
1645814084.5795684,20.64355367148536,20.035730063000155,10.276175520337086,-4.058155318572822,27.694547506227497,9.833691988179918,25.86178477325578,25.865569843605513,24.701708990058183,7.658817443227342,0.4424835321571674
1645814084.680577,20.72177516051582,20.100526762814173,10.315204596167115,-4.071069225371624,27.8003009454693,9.885510132193067,25.96096406543318,25.964519878847803,24.79284438588744,7.699774182655126,0.4296944639740481
1645814084.7790089,20.8097922883384,20.168068261213264,10.355310322887531,-4.083090200511879,27.898742067853057,9.933745313071352,26.06566546452201,26.069074267527736,24.89288248885028,7.730673806639793,0.42156500981617917
1645814084.8792143,20.892545478126195,20.232670844252695,10.391057696337857,-4.095096929076776,27.99706652393816,9.981923328667897,26.1661635197246,26.16936193856807,24.98764240720297,7.764395679685464,0.40913436766996014
1645814084.978983,20.973872773162135,20.300297062217485,10.427324760826323,-4.103512967851225,28.098014400888136,10.031386794542179,26.261753012649116,26.264737542388087,25.07738574101336,7.797717338670651,0.39593796628414424
1645814085.0792077,21.05313995178098,20.362635074123787,10.466894592854922,-4.109817892976713,28.201277888968622,10.081984887001564,26.35562119692441,26.358431746927423,25.162957844757692,7.838642814844835,0.3849097058533584
1645814085.1829374,21.139567131650438,20.435228746591395,10.506646359789997,-4.121092732144469,28.31199195823187,10.099999999999994,26.46024065360313,26.463365181105033,25.260659863794906,7.876763211640476,0.4066463597900025
1645814085.2788038,21.21859668161518,20.501229222757626,10.545199448346468,-4.133814759892475,28.416174080506828,10.099999999999994,26.559200251526754,26.56293132448877,25.352411441507655,7.914944857749202,0.4451994483464734
1645814085.3787913,21.295235481380583,20.569364894313164,10.585560735930192,-4.146191015407423,28.517524634615548,10.136942678845056,26.65406958512772,26.657844691759557,25.441426496788004,7.948159740302383,0.44861805708513636
1645814085.4792206,21.378484184231713,20.634436919020292,10.621548713104573,-4.158340567042985,28.6170186849547,10.185693784112848,26.755392541077484,26.758942422044093,25.536824751274697,7.982581765934409,0.4358549289917253
1645814085.5812397,21.460906036756167,20.70914423576557,10.660112946205933,-4.1708864282993705,28.719758159817307,10.236035115310191,26.854398530071187,26.857746785956316,25.63179246505554,8.010613924051736,0.424077830895742
1645814085.6789837,21.558892044193836,20.80877469162529,10.707504556590353,-4.182985951640574,28.818842523188508,10.284585477808381,26.959329914125604,26.962646939161324,25.74187799583441,8.01006783156322,0.42291907878197144
1645814085.779611,21.64668974982537,20.883182234525062,10.739625104336831,-4.1948558853657305,28.92202360463756,10.299999999999997,27.06304586312295,27.066616368173165,25.8415456351911,8.038841370112497,0.43962510433683377
1645814085.8787436,21.72532989186665,20.956157023758507,10.774260935166279,-4.206291827497969,29.02418748303505,10.299999999999997,27.157726717971755,27.161867460148276,25.93162171936462,8.068030459276542,0.4742609351662814
1645814085.9791033,21.811130222764415,21.03342550204161,10.806802426141946,-4.218781514385444,29.130529678073643,10.32821820598141,27.26021645331026,27.264417175819368,26.02991173714986,8.097104176032033,0.4785842201605366
1645814086.0789104,21.88301884380426,21.110368972876373,10.838568445074426,-4.232011313209934,29.238869994630505,10.381303894615096,27.350819529996148,27.354641650577793,26.115030157014193,8.128501021754133,0.45726455045933
1645814086.1789825,21.96057345443958,21.183973833437783,10.869202109603217,-4.2489238226725305,29.350002343824332,10.432777847327209,27.452172394027272,27.455641228863993,26.20949727711211,8.16602851038655,0.4364242622760077
1645814086.2792127,22.047549973221095,21.25911723267654,10.894472707400695,-4.267841090470104,29.46266826425141,10.483382606434713,27.56443462802478,27.567499912646483,26.315391063691198,8.203551031574868,0.411090100965982
1645814086.3792896,22.14862012416235,21.359621488496487,10.93038682945711,-4.286704114045295,29.57501112243437,10.5,27.68246727473154,27.685812742983597,26.435324238207645,8.215389633937882,0.4303868294571096
1645814086.4786444,22.22400869596568,21.436377532037675,10.954456347186541,-4.305418705682308,29.68646996230103,10.5,27.78263024566248,27.78634689804865,26.529427401647986,8.250092430263354,0.45445634718654127
1645814086.5790935,22.311137596273145,21.52068517912692,10.977842547237952,-4.3242251765352915,29.798476008644553,10.534213221058245,27.892012674892353,27.895540468601826,26.635362772808435,8.277790829517631,0.44362932617970685
1645814086.679036,22.383160784176905,21.593690033995856,10.99355598128311,-4.342883788456659,29.909601448687624,10.58412606180686,27.989923921929417,27.992918283279415,26.726044572633562,8.315911414691769,0.40942991947625096
1645814086.7795331,22.46452862729605,21.68147082117391,11.017378380995327,-4.361277532110657,30.01914940815659,10.599999999999994,28.09164929871318,28.094749777045795,26.82580615940671,8.33767858698268,0.4173783809953324
1645814086.8786283,22.552173576459747,21.77000345150205,11.040155309442884,-4.379246587544514,30.126168044256364,10.599999999999994,28.197994232770107,28.20142931568836,26.931420164004262,8.356164592754315,0.44015530944288983
1645814086.9787297,22.637448289299968,21.860878524334115,11.059107995524641,-4.402172108947525,30.238924998550125,10.599999999999994,28.307821074845116,28.311543832101417,27.039620398247493,8.37804647421601,0.4591079955246471
1645814087.078646,22.723702198439245,21.943508720418716,11.06714816087371,-4.428014254205387,30.35435640573658,10.599999999999994,28.424603165399336,28.428441612487973,27.15171645264463,8.410847685317865,0.467148160873716
1645814087.1789095,22.817642108037585,22.0406566938169,11.077822107665632,-4.4531432937043345,30.466602518960286,10.599999999999994,28.54281519885716,28.546814418472078,27.270785401741918,8.425945825143387,0.47782210766563793
1645814087.2787738,22.889862462939845,22.120906080755947,11.083096807943331,-4.477813566366981,30.57679941709853,10.599999999999994,28.644228447641915,28.648301972133417,27.36767602930683,8.455893336342584,0.48309680794333687
1645814087.378988,22.963248569988977,22.2030139935435,11.085333449671735,-4.507051856404475,30.68849254193607,10.633970948723727,28.751013055395852,28.75455580979829,27.47030042639345,8.485478548392571,0.451362500948008
1645814087.478786,23.038336279665348,22.293647685651294,11.0870905282593,-4.538328254932839,30.800256597368122,10.684170628277025,28.8588776987371,28.86169029139609,27.576664534598187,8.506608911716828,0.4029198999822743
1645814087.5786424,23.108500852652174,22.37844687306831,11.088827448747647,-4.565249739887308,30.90534862831964,10.700000000000003,28.957633283847418,28.96024364860709,27.673750592539484,8.52690175525133,0.3888274487476444
1645814087.6787565,23.21317208672383,22.5062516029017,11.101232696458675,-4.590223133346953,31.007603598304318,10.700000000000003,29.074073871977262,29.076842318069865,27.803395220070783,8.501351995402619,0.4012326964586723
1645814087.7788546,23.256227854168593,22.563872076321978,11.099956908138745,-4.616759244172834,31.089770332062322,10.700000000000003,29.147801818517014,29.150545730396058,27.872987098341426,8.525898255740344,0.3999569081387424
1645814087.8787124,23.322035139160256,22.653898810634693,11.107424368273923,-4.643943091329223,31.16262503559126,10.700000000000003,29.23173550029959,29.23457465015249,27.96597823048948,8.508726224956568,0.4074243682739205
1645814087.978614,23.36278642697321,22.714605182371287,11.11169952293294,-4.674189606835097,31.243687914714382,10.700000000000003,29.30558440597106,29.308476143816783,28.036976033808305,8.529082732343095,0.41169952293293655
1645814088.0786219,23.408868792658556,22.78267578409046,11.118097090133578,-4.709103751354627,31.33726038161592,10.700000000000003,29.3904967229562,29.393470410941223,28.117972544013185,8.554584597525459,0.41809709013357477
1645814088.1789477,23.443254420190208,22.840649149891515,11.123498775466695,-4.73863001188192,31.415202653215694,10.700000000000003,29.45745369043357,29.460497774763752,28.181884432072128,8.574553503324179,0.4234987754666921
1645814088.2790625,23.45793880980858,22.869401264091998,11.128296237146827,-4.764636874925688,31.482966833585884,10.700000000000003,29.507749661750296,29.510857794501312,28.22257568473427,8.613565569493886,0.4282962371468244
1645814088.3789008,23.48538283838573,22.925558317257682,11.133073245844791,-4.78966267346875,31.535386488546436,10.700000000000003,29.556849288050977,29.560021858463266,28.27504551185448,8.609828171288754,0.43307324584478835
1645814088.478714,23.503782526836623,22.97520850318314,11.136703632345675,-4.814287779942786,31.58121780205564,10.700000000000003,29.596900208501257,29.600121824318318,28.31807030677941,8.6060092988725,0.43670363234567233
1645814088.5793872,23.523217453158967,23.027076740293086,11.137343388803414,-4.839357694170954,31.627876974603655,10.700000000000003,29.637972833148584,29.641199417334377,28.36257514732992,8.600800234310569,0.43734338880341106
1645814088.6787348,23.546137653628982,23.07386811803889,11.136851662792,-4.864207395904745,31.67412629589133,10.700000000000003,29.68353325598695,29.68674764831216,28.410345049533728,8.600258177852439,0.4368516627919963
1645814088.7785535,23.563022607190316,23.11142430052286,11.136330570494406,-4.889239694433108,31.70800862704989,10.700000000000003,29.722592285389098,29.725794800647794,28.452262301623424,8.59658432652703,0.4363305704944036
1645814088.8786814,23.57611385945998,23.14723384960246,11.134949505493015,-4.914379964547588,31.736082696425374,10.700000000000003,29.75695822575595,29.76013682632715,28.49049382400757,8.588848846822913,0.43494950549301237
1645814088.978795,23.57545307871066,23.179408769573193,11.131250913575316,-4.938608335375974,31.756961675172526,10.700000000000003,29.77626759979598,29.779390348446007,28.514061414086633,8.577552905599333,0.43125091357531353
1645814089.0797439,23.569675584839658,23.21079523001676,11.126729178185986,-4.962639315291225,31.774851894103353,10.700000000000003,29.789865056859803,29.79292127162813,28.532314900130885,8.564056664086593,0.4267291781859832
1645814089.178616,23.585097636163546,23.254900961790963,11.12703979263184,-4.987487368682717,31.78753250830615,10.700000000000003,29.819430158333873,29.822487789455842,28.572585004846264,8.532631546515187,0.42703979263183633
1645814089.2815552,23.57114058071456,23.280680966079508,11.11985830249287,-5.0142365446967325,31.79748941844459,10.700000000000003,29.82716566514935,29.830120559770396,28.58537712541129,8.516808452365083,0.4198583024928677
1645814089.3790383,23.55376474426806,23.299011346903978,11.115003670822277,-5.034531218942679,31.793900023789636,10.700000000000003,29.823712037786503,29.826599332803724,28.58829596321074,8.494888676885658,0.41500367082227463
1645814089.478519,23.537570267411265,23.313253534062238,11.111462512571551,-5.053094439799156,31.784686913980142,10.700000000000003,29.819310721586355,29.82214937441241,28.590664707210422,8.471433379917904,0.4114625125715481
1645814089.5785794,23.524425524015356,23.325810003886335,11.108226645789122,-5.075445191801181,31.775624166579654,10.700000000000003,29.8220047003127,29.824798630331188,28.599870715816536,8.449814162693318,0.40822664578911905
1645814089.6792173,23.504852780609376,23.32619161545228,11.107162245324716,-5.099672350831018,31.76660603289047,10.700000000000003,29.82380682497296,29.826586037079764,28.604525131440393,8.440414417438188,0.407162245324713
1645814089.7785332,23.47427818564092,23.32706670754407,11.103268432322464,-5.115703050053746,31.753071430705376,10.700000000000003,29.805781027379734,29.808508987881588,28.589981235694665,8.426004723161306,0.4032684323224611
1645814089.878526,23.445157694126515,23.330019251017568,11.097074273300471,-5.126834270673459,31.73649782693962,10.700000000000003,29.783008694287936,29.78565552178679,28.571991964799974,8.406478575922051,0.3970742733004684
1645814089.9784842,23.41194788828601,23.318542937829942,11.091504719575294,-5.1389674529347715,31.718432372674062,10.679457766574025,29.760929241862762,29.763781547892055,28.550915341220783,8.39988943484412,0.41204695300126915
1645814090.0784407,23.3767321852432,23.30968994015976,11.082701540430431,-5.152815303226969,31.69781389816138,10.623892094063818,29.737109870188718,29.74064911093486,28.52954748847017,8.388123958001621,0.45880944636661347
1645814090.1785524,23.34634568254323,23.310768987924504,11.072046388266912,-5.166285912498597,31.666565838925152,10.599999999999994,29.71177378565221,29.71552337217781,28.512631595041828,8.355796851000648,0.4720463882669179
1645814090.2794693,23.316816357992924,23.29716689514924,11.065929997262291,-5.1795624812750845,31.627030085843227,10.599999999999994,29.688890644932492,29.69254651405145,28.496378839268008,8.329863190693988,0.4659299972622968
1645814090.3786616,23.280766687195456,23.27868295641294,11.059334223829584,-5.183691185646417,31.595867937937086,10.599999999999994,29.654694873015984,29.65825207157127,28.464457872841873,8.317184981524147,0.45933422382958966
1645814090.4786348,23.244246819658443,23.25631897077424,11.05527789049757,-5.183691185646417,31.56805123300061,10.599999999999994,29.618111898505468,29.621610867573814,28.42793800530486,8.311732262226368,0.45527789049757494
1645814090.5794203,23.214324063850576,23.223738532213005,11.05705248877638,-5.183691185646417,31.532796659328618,10.599999999999994,29.588641690190002,29.592171499366966,28.398015249496993,8.309058127115613,0.4570524887763856
1645814090.678642,23.18373775114088,23.197399877601274,11.056271254347859,-5.183691185646417,31.494746886228683,10.599999999999994,29.555997561666832,29.55951919979078,28.3674289367873,8.297347008627408,0.45627125434786464
1645814090.778746,23.15019057234281,23.169429199112884,11.056683527983722,-5.183691185646417,31.45939757408127,10.599999999999994,29.521728119026005,29.52526021864028,28.33388175798923,8.289968374968385,0.4566835279837278
1645814090.88111,23.12041761523754,23.14590796537393,11.056593018266618,-5.183691185646417,31.42432765891646,10.599999999999994,29.489910268339397,29.4934447770863,28.304108800883956,8.278419693542531,0.4565930182666236
1645814090.9788673,23.094060571074486,23.131155967942444,11.064271576121206,-5.179990904561967,31.38310236136435,10.599999999999994,29.453634854239105,29.457293735563063,28.274051475636455,8.251946393421907,0.4642715761212113
1645814091.0784714,23.0612430592365,23.09353987501903,11.066237529860826,-5.173618037230265,31.335658606601417,10.599999999999994,29.413260654376177,29.41695565072165,28.234861096466766,8.242118731582387,0.4662375298608321
1645814091.1785247,23.026074060088266,23.060150329241047,11.068582598728868,-5.163176174821798,31.2938990917907,10.599999999999994,29.367132095101912,29.37087021426155,28.189250234910062,8.233748762549652,0.4685825987288741
1645814091.2792919,22.993991176876488,23.02984881509087,11.070859547235587,-5.150239379550021,31.255375135970613,10.599999999999994,29.321613135514507,29.325393528169403,28.144230556426507,8.225526320879744,0.47085954723559276
1645814091.379001,22.973629413510597,23.002184286089598,11.078110870427512,-5.1377823159200755,31.21827975374145,10.599999999999994,29.287466502842843,29.291368765552125,28.11141172943067,8.21609546765185,0.47811087042751765
1645814091.478701,22.949455218801695,22.965803347885657,11.078761199591861,-5.125478722945398,31.181641385646763,10.599999999999994,29.25238298833422,29.256300565560572,28.074933941747094,8.215838037761106,0.478761199591867
1645814091.579714,22.925565853232808,22.931450957021116,11.081838673015499,-5.117168787485694,31.138052787515278,10.599999999999994,29.21888566893035,29.22285831743426,28.0427346407185,8.206601830494161,0.4818386730155044
1645814091.6786592,22.895369267669444,22.898557873778888,11.082822261786225,-5.111017824381538,31.09226103359368,10.599999999999994,29.180378500303227,29.184372646288548,28.006387092050982,8.193703159814792,0.48282226178623056
1645814091.7788038,22.8698249421885,22.86403735002032,11.080123594452282,-5.097994095852637,31.05498792059165,10.599999999999994,29.142590361773937,29.146545106755088,27.96781903804114,8.190950570571331,0.48012359445228725
1645814091.8789275,22.834389137423212,22.820805628153465,11.077945716477748,-5.081534660648597,31.02231199972434,10.599999999999994,29.09576443853417,29.099689695434368,27.91592379807181,8.201506371570876,0.47794571647775363
1645814091.9790776,22.793941103273053,22.77846366233032,11.076865697115302,-5.066043350249231,30.982002909218725,10.599999999999994,29.042671879938002,29.046586560538003,27.859984453522284,8.203539246888404,0.4768656971153078
1645814092.07846,22.758647669994417,22.734416134690576,11.074772081117501,-5.052160200786528,30.930325327544818,10.599999999999994,28.993343407116814,28.997230392780835,27.810807870780945,8.195909192854241,0.4747720811175071
1645814092.1785333,22.71900686188361,22.690588887144028,11.07259211195309,-5.038794024910869,30.88057208935572,10.599999999999994,28.940824710492233,28.94468307354078,27.757800886794477,8.189983202211693,0.47259211195309625
1645814092.2784553,22.682460447472486,22.651018576244162,11.071688075154839,-5.025849904831196,30.83238987978521,10.599999999999994,28.890920701597317,28.89477095645902,27.708310352303684,8.181371303541049,0.47168807515484446
1645814092.378465,22.649846507337454,22.61062767711599,11.069359673748046,-5.012864984667441,30.777477818699992,10.599999999999994,28.8430762632038,28.846894925248563,27.662711492004895,8.166850141584003,0.4693596737480519
1645814092.478447,22.614386032625646,22.567968287783472,11.06603885731655,-4.9998697914535475,30.719431034307974,10.599999999999994,28.79224669291489,28.79601815949902,27.614255824079194,8.151462746524501,0.4660388573165548
1645814092.5788577,22.579395967786603,22.52335286344184,11.064574705320398,-4.987567179270981,30.671335920750145,10.599999999999994,28.745905535456945,28.74965938424728,27.566963147057585,8.147983057308306,0.4645747053204037
1645814092.678635,22.53766685328805,22.482938310283284,11.061806892476044,-4.97557290335628,30.626689338584733,10.599999999999994,28.69318808911891,28.69690415922062,27.51323975664433,8.143751028301448,0.46180689247604967
1645814092.7783892,22.494501381060907,22.44296825960632,11.058811129607719,-4.963523276194279,30.581836721402667,10.599999999999994,28.638859926974348,28.642534901253224,27.458024657255187,8.138868461796346,0.4588111296077244
1645814092.878833,22.45673310098669,22.40647864795916,11.055532032932168,-4.951364098663089,30.536576322363818,10.599999999999994,28.58849909143203,28.592128107817324,27.408097199649777,8.130097674404656,0.45553203293217415
1645814092.9786303,22.442129445462488,22.381395949831482,11.053418192387758,-4.939144761741131,30.49689233756017,10.599999999999994,28.55863194954043,28.562231125850438,27.381274207203617,8.115496387728687,0.4534181923877636
1645814093.0802176,22.408163836234923,22.342411343835593,11.051509299454642,-4.926624713392456,30.459609395828743,10.599999999999994,28.514550132662475,28.518124586227888,27.33478854962738,8.11719805199315,0.45150929945464746
1645814093.1785748,22.3766706622818,22.305341444699305,11.050810362599394,-4.918102870355429,30.41676026915252,10.599999999999994,28.474546134111563,28.47811453602002,27.29477353263723,8.111418824453214,0.4508103625994
1645814093.2784357,22.346290799660263,22.27275240884683,11.050537175235982,-4.911694061799622,30.36904894462332,10.599999999999994,28.434974174470472,28.43854321249723,27.257984861459885,8.096296535776489,0.45053717523598813
1645814093.3790243,22.324445147436567,22.24322370744485,11.049814356665575,-4.901162907351044,30.3281279763069,10.599999999999994,28.40069384697458,28.404255736509665,27.22560805478761,8.084904268862047,0.44981435666558056
1645814093.4784226,22.297295840029122,22.20900873792987,11.047844498759376,-4.888758671459766,30.291189908166192,10.599999999999994,28.362002968234943,28.36553854706864,27.186054511488887,8.082181170236321,0.44784449875938215
1645814093.5788343,22.2637717710941,22.173814102392992,11.046609481753046,-4.876151187086832,30.247332869176404,10.599999999999994,28.31531605780872,28.318837961378147,27.139922958180932,8.073518766783412,0.44660948175305215
1645814093.6803,22.240160374497822,22.142940202672325,11.04506702212691,-4.86337325306439,30.199769257964686,10.599999999999994,28.275679116983184,28.279181639163177,27.103533627562214,8.056829055292361,0.4450670221269153
1645814093.778542,22.207932596881644,22.112763571758794,11.040316163575909,-4.856001871298025,30.164047786152704,10.599999999999994,28.236142201066915,28.239575151244363,27.063934468179667,8.05128421439391,0.44031616357591474
1645814093.8802214,22.16947389639847,22.073466373797835,11.039996458708954,-4.85054922300734,30.13157334790102,10.599999999999994,28.196005699022596,28.19943854517304,27.020023119405806,8.058106974103186,0.43999645870895954
1645814093.9785373,22.139839326605813,22.043636622525067,11.038609648004197,-4.844627735790809,30.096306636989212,10.599999999999994,28.16037920560407,28.163794762544704,26.98446706239662,8.052670014464145,0.43860964800420277
1645814094.0797312,22.117640515557582,22.019843835711196,11.035946913321077,-4.837415300710538,30.053351404013966,10.599999999999994,28.12671822143685,28.130096473694184,26.95505581626812,8.03350756830277,0.43594691332108226
1645814094.17854,22.090591681778765,21.992622301506298,11.027860024227712,-4.830641763820084,30.01918491001791,10.599999999999994,28.092321327024344,28.09557939856587,26.921233445598848,8.026562608511611,0.4278600242277175
1645814094.2784836,22.06646226173043,21.967082692802094,11.026802542534492,-4.823952193273624,29.9893040103412,10.599999999999994,28.061547078332474,28.064792620644532,26.890414455004052,8.022221317539106,0.4268025425344977
1645814094.3789814,22.04931609257333,21.950658461547707,11.023888078071149,-4.822328098048849,29.961443387236738,10.599999999999994,28.040291307920562,28.04349510556372,26.87164419062218,8.01078492568903,0.4238880780711547
1645814094.4788656,22.030108348393902,21.934145801878362,11.02144687125135,-4.822328098048849,29.93444434364353,10.599999999999994,28.018888626560777,28.022058049559895,26.852436446442752,8.000298541765169,0.42144687125135505
1645814094.5788684,22.008855131893874,21.92731279927075,11.018003052536457,-4.822328098048849,29.91356053571379,10.599999999999994,27.994509219248712,27.997629774295735,26.831183229942724,7.986247736443037,0.41800305253646286
1645814094.6788518,22.00516486190116,21.93686792436584,11.009302655127888,-4.822328098048849,29.895289460925596,10.599999999999994,27.983045793296796,27.98603902900945,26.82749295995001,7.958421536559758,0.40930265512789354
1645814094.7784405,21.993118176624968,21.935763625554998,11.008561473595396,-4.826416625100952,29.883195748631508,10.599999999999994,27.972292082199775,27.97527563420247,26.819534801725922,7.94743212307651,0.40856147359540174
1645814094.8814404,21.977292793989054,21.933129226223652,11.006725404678969,-4.832728209297344,29.87379824395446,10.599999999999994,27.961249089513288,27.964207054744445,26.810021003286398,7.940669017730809,0.40672540467897456
1645814094.978594,21.96410085187638,21.928515456291784,11.007134290926038,-4.842618450108777,29.864901200343887,10.599999999999994,27.956867106559294,27.95983148634242,26.806719301985158,7.936385744052103,0.40713429092604336
1645814095.0787504,21.9501594203056,21.93468693544893,11.001990012182164,-4.854962879687593,29.855711206905415,10.599999999999994,27.950978641661106,27.953869195452878,26.805122299993194,7.921024271456485,0.40199001218216956
1645814095.1785452,21.942143973084345,21.94452087654223,11.002903102886446,-4.867653292907979,29.85808992085104,10.599999999999994,27.953350505130008,27.956253958156974,26.809797265992323,7.913569044308808,0.4029031028864516
1645814095.2787356,21.938687378565234,21.97111055407234,11.002296599104811,-4.880640478756615,29.867758423714708,10.599999999999994,27.957707243185144,27.960601510863434,26.81932785732185,7.8966478696423685,0.4022965991048171
1645814095.3790078,21.94671242401764,22.00838531507272,10.998466725340847,-4.897680141696432,29.87720591177402,10.599999999999994,27.97391195033751,27.9767497314545,26.844392565714074,7.868820596701301,0.39846672534085315
1645814095.478726,21.9519609995991,22.040596436655512,10.998437646548755,-4.916407133586566,29.886500302632562,10.599999999999994,27.990487913120425,27.993323599971617,26.868368133185665,7.84590386597705,0.3984376465487607
1645814095.5788496,21.95090587950966,22.072264981941597,10.99950853582547,-4.9437561771579785,29.908706403206764,10.599999999999994,28.013080182144883,28.01592883274577,26.894662056667638,7.836441421265167,0.3995085358254755
1645814095.6784298,21.95565503813235,22.10900748051962,11.001279425911857,-4.974568521168215,29.936232850254324,10.599999999999994,28.044650077020496,28.04752080167133,26.930223559300565,7.827225369734705,0.40127942591186283
1645814095.7783582,21.966213848156542,22.158215890689224,11.001898999968779,-5.002841495201162,29.961490731627517,10.599999999999994,28.075274608742674,28.078151063816275,26.969055343357702,7.803274840938293,0.4018989999687843
1645814095.8792784,21.983620543564076,22.225626371748582,11.000345311150205,-5.030163872930239,29.9858993905147,10.599999999999994,28.106340669440062,28.109191774129336,27.013784416494314,7.760273018766117,0.4003453111502111
1645814095.9785182,21.993226682352265,22.279854834807853,10.999289479236277,-5.066113609811714,30.021332052960744,10.599999999999994,28.144952772500957,28.147784968884107,27.05934029216398,7.741477218152891,0.3992894792362822
1645814096.078528,22.00202345557159,22.34229026735424,10.997064659825746,-5.1168145657975135,30.075253592113402,10.599999999999994,28.199824421640017,28.202619696677242,27.1188380213691,7.732963324759162,0.3970646598257517
1645814096.1782212,22.01689378384263,22.41098402242998,10.993477513963654,-5.162323253291796,30.123653044079305,10.599999999999994,28.252346843920193,28.255086741030585,27.179217037134425,7.712669021649326,0.39347751396365993
1645814096.2783146,22.03763910563407,22.486628785148163,10.98993701468529,-5.205446333755493,30.169515352601046,10.599999999999994,28.305696427861083,28.30838217103989,27.243085439389564,7.682886567452883,0.3899370146852963
1645814096.3786733,22.054512886668704,22.567888560084125,10.986440899648377,-5.253802854848984,30.22268395010806,10.599999999999994,28.360888580958715,28.36352124949361,27.30831574151769,7.654795390023935,0.3864408996483828
1645814096.4785705,22.07426364456539,22.64942140187725,10.983078233155366,-5.304821043239152,30.279655819106313,10.599999999999994,28.42243401969367,28.425015471175342,27.379084687804543,7.630234417229062,0.3830782331553717
1645814096.5787227,22.097336536845695,22.741565408872635,10.980454729529475,-5.359139989916674,30.341901002129834,10.599999999999994,28.48900146363128,28.49154173076646,27.45647652676237,7.600335593257199,0.3804547295294807
1645814096.6805022,22.115606407856212,22.830090237957712,10.977324784209538,-5.415800023446734,30.407516515160577,10.599999999999994,28.555134898508776,28.557627756254764,27.531406431302948,7.577426277202864,0.3773247842095433
1645814096.7788105,22.141404524070936,22.92268353178647,10.975776157736215,-5.47837968783659,30.476567825938126,10.599999999999994,28.634134312770264,28.636599930202788,27.619784211907525,7.553884294151658,0.37577615773622064
1645814096.8783314,22.16773251726,23.030415877442756,10.974708870084857,-5.54534580041173,30.549082610194866,10.599999999999994,28.714892639179418,28.717337376869057,27.71307831767173,7.518666732752109,0.37470887008486287
1645814096.978709,22.194234776320112,23.134563600914696,10.97311714676552,-5.609476709370145,30.616923254678234,10.599999999999994,28.792917156269052,28.795334600816552,27.803711485690258,7.482359653763538,0.37311714676552654
1645814097.078826,22.222618798780623,23.23923934196235,10.97385586728548,-5.671488074007997,30.68155464550521,10.599999999999994,28.869867601149497,28.87228815867224,27.89410687278862,7.442315303542859,0.37385586728548503
1645814097.18153,22.25421823633042,23.358246835816317,10.97635414452307,-5.74501840895717,30.761946368377068,10.599999999999994,28.961561067857783,28.964006316967883,27.99923664528759,7.403699532560751,0.37635414452307536
1645814097.2782972,22.281245495463132,23.466742615274676,10.97435182729123,-5.8196240927858485,30.845258327594557,10.599999999999994,29.05342261649611,29.05583426823818,28.10086958824898,7.3785157123198815,0.3743518272912354
1645814097.378212,22.31103528116476,23.578192223222388,10.976531431093742,-5.89075795404133,30.929428573014654,10.599999999999994,29.14415580441168,29.14658802450854,28.20179323520609,7.351236349792266,0.3765314310937473
1645814097.4783573,22.34288695749277,23.69471405230105,10.97402330668263,-5.959300410236513,31.012928031364744,10.599999999999994,29.233030387584147,29.23542301858073,28.30218736772928,7.318213979063692,0.37402330668263595
1645814097.581419,22.381429522722463,23.82735275905941,10.974251238177828,-6.034257243357881,31.105438930752072,10.599999999999994,29.332947221692155,29.335334610327106,28.415686766080345,7.278086171692664,0.374251238177834
1645814097.6782806,22.413404116929524,23.939367533982622,10.970646728874783,-6.10657222434562,31.195165528558434,10.599999999999994,29.42848373676402,29.43081776034451,28.519976341275143,7.255797994575811,0.3706467288747888
1645814097.7783508,22.44745519159681,24.036809872962266,10.971323891202925,-6.175293658044946,31.280433343896775,10.57018517974377,29.525105125949032,29.527830007709216,28.622748849641756,7.243623470934509,0.40113871145915425
1645814097.8783488,22.483512745548246,24.159856799469924,10.963176652374472,-6.241108743196284,31.36209503554768,10.526170412378056,29.613782522346998,29.617006765280323,28.724621488744532,7.202238236077754,0.43700623999641586
1645814097.979781,22.52745873174923,24.31165501697205,10.957779851399268,-6.314340448928178,31.452959082274905,10.5,29.712751534175275,29.716277797260922,28.84179918067741,7.1413040653028546,0.4577798513992679
1645814098.0781937,22.56468207231786,24.43338576716707,10.949690199815795,-6.394287915176177,31.55215587465165,10.5,29.82111383868477,29.824504218102383,28.958969987494037,7.118770107484579,0.4496901998157945
1645814098.178484,22.600693877027133,24.558298177681685,10.942689869305203,-6.47819868387949,31.657194664384466,10.5,29.93286361004693,29.936136995578725,29.078892560906624,7.098896486702781,0.4426898693052035
1645814098.2782218,22.639401309261753,24.661925436715155,10.940015761953397,-6.563517937380957,31.764685279670775,10.5,30.054279061601832,30.057499958968737,29.20291924664271,7.102759842955621,0.4400157619533971
1645814098.3791416,22.68060336525942,24.791736265133416,10.938021496165561,-6.647580568745088,31.87059272306739,10.5,30.17039246709982,30.173571953779962,29.328183934004507,7.0788564579339734,0.4380214961655611
1645814098.479041,22.721991823681165,24.92554696317304,10.938401379202055,-6.729701997862541,31.97405451679997,10.5,30.283390293880434,30.286563414504094,29.451693821543707,7.04850755362693,0.43840137920205535
1645814098.5782866,22.76763318894274,25.056285220724575,10.943318531744683,-6.809958923558032,32.081604898362734,10.5,30.40047814996464,30.403710350334972,29.57759211250077,7.025319677638159,0.4433185317446835
1645814098.6780262,22.80958042829826,25.19280204577219,10.955311687322673,-6.890057925019278,32.191692691656286,10.5,30.513160907891763,30.51655775679011,29.69963835331754,6.998890645884096,0.45531168732267346
1645814098.7782748,22.859281760414596,25.31676890383096,10.973648240449176,-6.969658977165065,32.301096104852725,10.5,30.635706813732437,30.639368052109898,29.82894073757966,6.984327201021767,0.473648240449176
1645814098.8782065,22.90774701386713,25.46651135767749,10.997527401448709,-7.048584986151948,32.40957174092127,10.5,30.7504132391865,30.754437856932594,29.956332000019078,6.9430603832437825,0.4975274014487088
1645814098.9782,22.959825889030817,25.616533607408947,11.023525680013353,-7.129279104381737,32.52047746052109,10.531820974997924,30.871000632171437,30.8749162516834,30.089104993412555,6.903943853112146,0.4917047050154295
1645814099.0780802,23.013672670923192,25.766926738574075,11.051150073327328,-7.210886439420566,32.632638302318085,10.58219887417911,30.99454740258667,30.99809484336698,30.22455911034376,6.865711563744011,0.4689511991482185
1645814099.1786497,23.061995851115487,25.907550576974437,11.08110491208061,-7.292518237205598,32.75087961736868,10.599999999999994,31.11635707940739,31.120076153981604,30.354514088321086,6.843329040394245,0.4811049120806157
1645814099.278044,23.118972821732665,26.05069268429024,11.108093310294006,-7.3729083024530135,32.870574767289995,10.599999999999994,31.245249336779054,31.249380232725535,30.491881124185678,6.819882082999754,0.5080933102940115
1645814099.3783503,23.164892938554484,26.182942451213844,11.141147907069762,-7.455100585442997,32.98683863740076,10.632957328034356,31.36681378020497,31.370930244203418,30.61999352399748,6.803896186186915,0.5081905790354053
1645814099.478247,23.22017769210409,26.28975789393255,11.167488712012151,-7.5375409362000685,33.100144373148076,10.683849465082158,31.502676381764935,31.506388655880276,30.75771862830416,6.810386479215527,0.48363924692999305
1645814099.5782638,23.26882860697072,26.429530996538674,11.196693499200732,-7.616321370911862,33.21444644694795,10.735189115104893,31.62163131189634,31.62499886358959,30.885149977882584,6.7849154504092795,0.46150438409583927
1645814099.6780934,23.325014165625824,26.568086166266788,11.221349559327287,-7.693213217749264,33.32893299505217,10.78661162322877,31.74648767736452,31.74946419897729,31.018227383375088,6.7608468287853825,0.4347379360985162
1645814099.7779818,23.3940961844496,26.729019571782608,11.246293818114292,-7.763972855459512,33.43428911563437,10.799999999999997,31.871396360238894,31.874520923827795,31.158069039909115,6.705269543851763,0.44629381811429525
1645814099.8779726,23.44193638889239,26.84994427883735,11.274645026713904,-7.832630114895254,33.53651494303114,10.799999999999997,31.981381102871296,31.98490308174276,31.274566503787646,6.686570664193795,0.4746450267139064
1645814099.9790704,23.49959248890768,26.97833126807311,11.303430355607627,-7.905429009107041,33.64899595532793,10.822037014372956,32.1056559294551,32.10926474102982,31.405021498014722,6.670664687254824,0.48139334123467137
1645814100.078092,23.564248204843004,27.091202416171125,11.331558176370777,-7.981992027311069,33.77335626029835,10.87789439566188,32.2461850888033,32.249376173924475,31.546240232154073,6.682153844127225,0.45366378070889724
1645814100.1784723,23.62189745083855,27.213736082516018,11.359523153578852,-8.055906884559063,33.8934151916798,10.899999999999991,32.37439421075141,32.37765528944012,31.67780433539761,6.679679109163782,0.45952315357886064
1645814100.2782931,23.68335335452203,27.338073468123053,11.392566160568974,-8.12705450174615,34.008979331040145,10.899999999999991,32.502354268791514,32.50608642141603,31.810407856268178,6.670905862917092,0.49256616056898217
1645814100.3787432,23.73715977364107,27.456287424135482,11.425410053274737,-8.190983035244487,34.11957827528666,10.933402659738627,32.61603513904818,32.61974585227359,31.92814280888556,6.6632908511511815,0.49200739353610956
1645814100.4781828,23.79962427446112,27.587430163774897,11.46652299464691,-8.250833475090548,34.226513986602725,10.981433651635964,32.73086121632504,32.734455664223795,32.05045774955167,6.639083822827828,0.4850893430109462
1645814100.5780725,23.85220388039943,27.697357343686043,11.504293726074751,-8.313075186370149,34.33189952804092,11.03138367950282,32.842386141070044,32.84579077068017,32.16527906676958,6.634542184354878,0.4729100465719309
1645814100.6780014,23.923805547382447,27.84688535214364,11.550657756318149,-8.376668072370576,34.43605339338919,11.082418048057038,32.96570538508364,32.969030619060135,32.30047361975302,6.5891680412455464,0.4682397082611107
1645814100.7785237,23.974295234653034,27.94382428868283,11.587193576202385,-8.439512614264196,34.53898160330745,11.099999999999994,33.07795397649581,33.08154163354344,32.41380784891723,6.595157314624618,0.48719357620239023
1645814100.8779864,24.015829178813497,28.008050001117148,11.622724622267812,-8.50111445474468,34.63987448850134,11.099999999999994,33.18633332110476,33.19044983621333,32.51694363355818,6.631824487384193,0.5227246222678179
1645814100.978099,24.068028546325927,28.116411678703113,11.663360788125809,-8.55321186853493,34.73749566644667,11.13012179433631,33.28639480894417,33.290665706792396,32.62124041486086,6.621083987743557,0.5332389937894995
1645814101.077933,24.12789215238183,28.2435140997736,11.708545226096057,-8.599704305157822,34.83267862023848,11.17676050455267,33.384317560275434,33.38855273825719,32.72759645753965,6.589164520464884,0.5317847215433869
1645814101.1782656,24.180639051255557,28.34808638437626,11.746722686189315,-8.650396418645958,34.93133653846026,11.22761210442822,33.48456469206638,33.488588331150574,32.831035469901515,6.5832501540839985,0.5191105817610957
1645814101.278317,24.235642817306488,28.45415872957519,11.78452119429195,-8.704837176548457,35.03265960976577,11.282224142485875,33.5909496152792,33.594704915871475,32.94047999385494,6.578500880190582,0.5022970518060745
1645814101.3779104,24.302485450509074,28.59367714771145,11.831238234760042,-8.757588299269399,35.130837996302105,11.299999999999997,33.70019211074528,33.704378979046766,33.060073749778475,6.537160848590656,0.5312382347600444
1645814101.478014,24.352353000080768,28.683581240011474,11.869288629383256,-8.809906232185085,35.2282101464569,11.299999999999997,33.80188759390639,33.8066812102967,33.16225923226585,6.544628906445428,0.5692886293832586
1645814101.5800152,24.403484891712218,28.76946710314301,11.910878230796142,-8.855311805716166,35.3215094459078,11.337911076214617,33.89803558647987,33.90287757672621,33.25879669742838,6.552042342764789,0.5729671545815247
1645814101.6786385,24.448946264556525,28.835660363098782,11.943749183182105,-8.896912472689644,35.409995824869895,11.385604276126529,33.987765176431914,33.99234777748589,33.34585873724617,6.574335461771113,0.558144907055576
1645814101.7784224,24.50148974131985,28.928839217473065,11.983211267768192,-8.935947496065388,35.493024971438714,11.430356087012246,34.0756620422354,34.080146602788126,33.43743723738524,6.564185753965649,0.5528551807559463
1645814101.8784976,24.55644970022,29.027121541157943,12.021625934516182,-8.973793716673907,35.57352548426228,11.473744991751117,34.16332285042615,34.16771578127362,33.53024341689391,6.546403943104334,0.5478809427650653
1645814101.9780822,24.611677034984886,29.105447181983553,12.055739160393072,-9.012652686100292,35.66183734074635,11.521344126049465,34.25758019922267,34.261748045873325,33.624329721085175,6.556390158762799,0.534395034343607
1645814102.077944,24.66078205763591,29.195607111970574,12.098389403977576,-9.053484333826328,35.76316309092599,11.575957607991265,34.34799193331676,34.35196478853358,33.71426639146224,6.5675559789554185,0.5224317959863107
1645814102.1780686,24.71683869081665,29.28369605809279,12.138621265427188,-9.09386372763659,35.857806849107355,11.599999999999994,34.443904115557714,34.44811524001428,33.81070241845324,6.574110791014565,0.538621265427194
1645814102.2794435,24.791230375194505,29.403872991362938,12.182342594525108,-9.134303774284543,35.94812542399809,11.599999999999994,34.55096391172785,34.55587113830179,33.92553414947905,6.5442524326351545,0.5823425945251142
1645814102.3810532,24.840645052278738,29.485569357333063,12.21883479985662,-9.173076382102856,36.04138341439486,11.635915349195905,34.639745145807275,34.644649498190006,34.013721434381594,6.555814057061795,0.5829194506607145
1645814102.478729,24.898448665043375,29.56850473759351,12.253481894062773,-9.20964257738433,36.13212423330998,11.684823668034378,34.73388819418758,34.73854287767915,34.108091242427705,6.56361949571647,0.5686582260283952
1645814102.5779037,24.95847422555335,29.646683608856243,12.282513095497318,-9.246799900533334,36.21792689486637,11.73452263708945,34.83076250047748,34.83507298552961,34.205274126086685,6.57124328601013,0.5479904584078685
1645814102.6800218,25.006768874578103,29.719565492047636,12.316306962402018,-9.285073554131264,36.3034070601956,11.78571472964574,34.91815325801044,34.922184282592724,34.291842428709366,6.583841568147967,0.5305922327562786
1645814102.7780504,25.0640722336609,29.780967200433352,12.339668861049024,-9.317119882871081,36.384522883462424,11.799999999999997,35.00961752165748,35.01377673848299,34.381192116531984,6.603555683029072,0.5396688610490266
1645814102.8780305,25.118413736215306,29.85040659794739,12.365677839432735,-9.347841865093223,36.466860047685515,11.799999999999997,35.09558706486163,35.10014562427496,34.46625560130853,6.616453449738124,0.5656778394327375
1645814102.9779308,25.19256029884638,29.95459219629999,12.397268179189524,-9.374217959030979,36.54837745883311,11.832421831963506,35.19005773251391,35.19459070103865,34.56677825787736,6.5937852625331175,0.5648463472260179
1645814103.079785,25.245226217106516,30.018383632946843,12.422062850983895,-9.398912352015662,36.63110593899903,11.881966003963916,35.269596446422504,35.27373155901796,34.64413856912218,6.612722306052184,0.5400968470199796
1645814103.1778817,25.30040533947615,30.07854748704496,12.4392497491905,-9.428213520506246,36.715657824842516,11.899999999999991,35.3571520566635,35.361264002436705,34.7286188599824,6.637110337797555,0.5392497491905086
1645814103.2783263,25.355883132359384,30.16206926892241,12.463727475039779,-9.461648701154461,36.805266560484256,11.899999999999991,35.44562869004251,35.45011116905671,34.81753183351385,6.643197291561847,0.5637274750397872
1645814103.377842,25.422487257564903,30.2434071316509,12.490620506330849,-9.487988273927899,36.88777363281952,11.899999999999991,35.53714828228075,35.54205594249308,34.9104755314928,6.644366501168616,0.5906205063308576
1645814103.4784784,25.482292866112722,30.304204562839175,12.5175764875996,-9.512234521094587,36.969000783414856,11.899999999999991,35.62353794495716,35.628890755029666,34.99452738720731,6.664796220575681,0.6175764875996084
1645814103.5785444,25.539697066167403,30.375956284080182,12.541954598585669,-9.532751060768444,37.05191828153815,11.933980776740425,35.702172009670626,35.70734824060949,35.072448126935846,6.675961997457968,0.6079738218452437
1645814103.6786265,25.600544930032502,30.436861750738064,12.567210881116509,-9.551548112422312,37.135880741433375,11.98426395087815,35.78472440445918,35.78947230438821,35.152093042454815,6.699018990695311,0.582946930238359
1645814103.777826,25.658477934623694,30.504791937877282,12.592788878034739,-9.568465730949933,37.20597133861623,12.0,35.85865816477781,35.86355760423536,35.22694366557363,6.701179400738948,0.5927888780347388
1645814103.87844,25.716053976766762,30.580299110052014,12.616851305460314,-9.584822558281425,37.27091577829434,12.0,35.92932278159551,35.93461758634877,35.30087653504819,6.690616668242324,0.6168513054603135
1645814103.9780748,25.773148374863894,30.623230205185315,12.630378632017601,-9.602984850379858,37.347084541973715,12.021860129894593,36.00945735654097,36.01459862166964,35.37613322524375,6.723854336788399,0.6085185021230082
1645814104.078884,25.8350142860046,30.688900839405104,12.648592294985852,-9.624560471985548,37.4434582883933,12.079576136304688,36.09716731752194,36.10165186993545,35.45957475799015,6.754557448988198,0.5690161586811637
1645814104.178355,25.898833395674842,30.741348530451354,12.662935251503848,-9.64033061322782,37.52601293995509,12.099999999999994,36.18098740500691,36.18536645798484,35.53916400890266,6.784664409503733,0.5629352515038537
1645814104.277936,25.96161839175462,30.78375205169745,12.675907438895848,-9.653028712209123,37.60163924326609,12.099999999999994,36.26136613665884,36.26593916438679,35.61464710396374,6.817887191568641,0.5759074388958538
1645814104.3779695,26.028008039701884,30.856269746517434,12.689331772047609,-9.665695509479942,37.683465526388034,12.099999999999994,36.3407632731284,36.345541503891546,35.693703549181826,6.8271957798706,0.5893317720476148
1645814104.4785593,26.09354180381848,30.91392478479116,12.699471531186978,-9.678390524723024,37.76852445554818,12.099999999999994,36.42274947287883,36.42768240337009,35.7719323285415,6.854599670757022,0.5994715311869836
1645814104.577764,26.15540026831999,30.9553614151213,12.714370582663168,-9.68637502511049,37.84462036481958,12.099999999999994,36.49787315804527,36.503043657667824,35.84177529343048,6.889258949698284,0.6143705826631738
1645814104.6778922,26.219302884456813,31.009077880583924,12.725878992531216,-9.692551485311819,37.918190881675976,12.099999999999994,36.57044061448166,36.575795975626036,35.91185436976863,6.909113001092052,0.6258789925312218
1645814104.7783394,26.285075938786143,31.064194569598772,12.737690436720873,-9.698672230814712,37.997310836668134,12.099999999999994,36.645575906321284,36.65112389271358,35.98374816960086,6.933116267069362,0.6376904367208791
1645814104.8780425,26.364782900844293,31.141907395191144,12.748632646271515,-9.70471332155749,38.07826366731875,12.099999999999994,36.73039063325818,36.73611738305437,36.06949622240178,6.9363562721276075,0.6486326462715208
1645814104.978447,26.430164993751507,31.18906639657886,12.752952791292678,-9.711027620217099,38.162877584472604,12.132641924751704,36.80787749985553,36.81310407471122,36.141192613968606,6.9738111878937445,0.620310866540974
1645814105.0778213,26.49621075833002,31.22975284486358,12.756582562743244,-9.717410850628605,38.24841521251962,12.183868430399693,36.88750481488259,36.89195051695386,36.213621608958626,7.018662367656038,0.5727141323435507
1645814105.1789918,26.564809133844594,31.279110546339737,12.762278228685675,-9.7194209726222,38.327307735333754,12.200000000000003,36.9624463210158,36.966722803630134,36.284230106466794,7.048197188994017,0.5622782286856722
1645814105.2782493,26.634168621368687,31.33357674861584,12.768436567275925,-9.7194209726222,38.40110945490571,12.200000000000003,37.03422059288949,37.0385827894888,36.35358959399089,7.067532706289867,0.5684365672759224
1645814105.377855,26.706149641131887,31.394186582871036,12.775409860718256,-9.7194209726222,38.48131818199858,12.200000000000003,37.108619333531365,37.11308024603656,36.42557061375409,7.087131599127545,0.5754098607182527
1645814105.477855,26.776447565307983,31.440100836307995,12.782887238380342,-9.7194209726222,38.56456674603552,12.200000000000003,37.18476078767687,37.18932901208918,36.49586853793018,7.1244659097275225,0.582887238380339
1645814105.577895,26.83751149527137,31.47149547890172,12.793090535345799,-9.7194209726222,38.641044019345934,12.200000000000003,37.25334532274809,37.258066161826406,36.556932467893574,7.1695485404442145,0.5930905353457963
1645814105.67787,26.90850955126282,31.501787293777447,12.80079576980972,-9.7194209726222,38.71435221209833,12.200000000000003,37.33130572540346,37.336139901181035,36.62793052388502,7.212564918320886,0.6007957698097179
1645814105.777809,26.98542502596324,31.576710140049055,12.814091317033398,-9.7194209726222,38.782315067466236,12.200000000000003,37.4054335912564,37.410474072050306,36.70484599858544,7.2056049274171805,0.6140913170333953
1645814105.8778343,27.041259366196208,31.61963974529448,12.82854242792252,-9.7194209726222,38.84760861361359,12.200000000000003,37.46453193267173,37.46980408966503,36.7606803388184,7.227968868319106,0.6285424279225165
1645814105.97817,27.105044915179914,31.65800658448126,12.843822441891719,-9.7194209726222,38.92012516360071,12.200000000000003,37.53371356765932,37.53923496178068,36.82446588780211,7.2621185791194485,0.6438224418917162
1645814106.0787845,27.169315990142753,31.689038232116534,12.855845592335978,-9.7194209726222,39.00388837134924,12.200000000000003,37.60699332926649,37.612711690444236,36.88873696276495,7.314850139232707,0.6558455923359752
1645814106.1780345,27.233178300432847,31.740616410756918,12.87094624996474,-9.7194209726222,39.08323545013147,12.231800818502714,37.6750401113572,37.68046117386214,36.95259927305504,7.342619039374551,0.6391454314620262
1645814106.2779775,27.306345136855477,31.79750116425897,12.885051176427412,-9.7194209726222,39.16103301812389,12.284215876651915,37.75088021962705,37.75566130283093,37.02576610947767,7.363531853864917,0.6008352997754969
1645814106.3780427,27.382093056897283,31.836590274730455,12.89550524038695,-9.715088008781548,39.2425240631259,12.299999999999997,37.82920430431834,37.83389121923868,37.09718106567883,7.405933788395444,0.5955052403869523
1645814106.477937,27.451147342172113,31.885945251801246,12.907351397082333,-9.708901838063237,39.325421018635744,12.299999999999997,37.89742807583158,37.902294527935446,37.16004918023535,7.439475766834498,0.6073513970823363
1645814106.5779333,27.5218076066531,31.94791104108371,12.918210987718544,-9.70696017653478,39.402411624238404,12.299999999999997,37.96775908055124,37.97279176494819,37.22876778318788,7.454500583154694,0.6182109877185464
1645814106.6788182,27.594804244049918,31.995371401724743,12.92823026219817,-9.70696017653478,39.477325527562,12.299999999999997,38.04472718301356,38.04991379349332,37.301764420584696,7.481954125837259,0.6282302621981728
1645814106.778713,27.665925761320064,32.046869524617755,12.934995103318462,-9.70696017653478,39.552050315358414,12.299999999999997,38.1190286081061,38.124317184794926,37.372885937854846,7.50518079074066,0.6349951033184649
1645814106.8800383,27.73159685836305,32.08343747831062,12.937129765498646,-9.70696017653478,39.62808698391082,12.299999999999997,38.19119386740419,38.19650799949827,37.43855703489783,7.544649505600198,0.6371297654986492
1645814106.9784782,27.819114457563504,32.13271126435565,12.93987152898513,-9.702700384583016,39.705374744518565,12.299999999999997,38.2783466366054,38.2836943986043,37.52181484214652,7.572663480162916,0.6398715289851324
1645814107.0777051,27.89859714714607,32.18243701005535,12.935174233848082,-9.696789936741263,39.78457691277621,12.299999999999997,38.35629884501192,38.36155767686197,37.59538708388733,7.602139902720857,0.635174233848085
1645814107.1778355,27.980658619986496,32.23665970249344,12.93622203338814,-9.690518019189373,39.868622907436674,12.331951098710395,38.4364984323702,38.441248095035796,37.67117663917587,7.631963204943233,0.6042709346777446
1645814107.2776945,28.059920712360697,32.27948957760974,12.936309609520878,-9.684071789521218,39.95500474821348,12.383683184067797,38.51652246914675,38.520486745138555,37.74399250188191,7.675515170603745,0.5526264254530808
1645814107.3777623,28.14146781008762,32.31992130606015,12.93428039405796,-9.677901699536672,40.03768621625819,12.399999999999991,38.59881611286263,38.60251365978721,37.819369509624295,7.717764910198035,0.5342803940579692
1645814107.4779844,28.244472193093568,32.38695230679512,12.934342601185714,-9.67185533388719,40.118709732976214,12.399999999999991,38.696614400107215,38.70030346193718,37.91632752698076,7.73175742618109,0.5343426011857222
1645814107.5782242,28.328625289778216,32.43635794380441,12.928976161664773,-9.665557966856372,40.20908199142362,12.399999999999991,38.7810933375939,38.78470080120226,37.994183256634585,7.772724047619214,0.5289761616647812
1645814107.677773,28.41970583628467,32.499711389331615,12.928123858682898,-9.659154049962208,40.30443180748931,12.399999999999991,38.870467337582,38.87405491908632,38.078859886246875,7.804720418157693,0.5281238586829069
1645814107.777685,28.508100811781762,32.554510903161955,12.926615192129653,-9.657116992185113,40.389672031263196,12.399999999999991,38.96118067933182,38.96473948954517,38.165217803966875,7.835161128101241,0.5266151921296611
1645814107.8777452,28.598903437968403,32.60632839805335,12.920597389060624,-9.657116992185113,40.47017935263359,12.399999999999991,39.05589905492096,39.05936856414441,38.25602043015351,7.8638509545802435,0.520597389060633
1645814107.9778295,28.693193806947708,32.66173114153921,12.91360610154148,-9.654477111270253,40.5635312144946,12.399999999999991,39.15331798513247,39.15668653592178,38.34767091821796,7.901800072955396,0.5136061015414892
1645814108.0779402,28.789639711652878,32.72347487730949,12.90971377314521,-9.647485091913238,40.678048087123756,12.399999999999991,39.25159612188035,39.254905505500155,38.437124803566114,7.954573209814264,0.5097137731452186
1645814108.1780326,28.883920821619174,32.791559711486165,12.907411976156258,-9.644656196097698,40.78721917857347,12.369209608191941,39.34948306298017,39.35316352102644,38.52857701771687,7.995659467087307,0.5382023679643169
1645814108.278274,29.002361021181326,32.89620050491625,12.908562353536318,-9.644656196097698,40.89292803734069,12.317413307971671,39.46567611254742,39.47010322021679,38.64701721727902,7.996727532424437,0.5911490455646469
1645814108.377932,29.106748239059314,32.981758651528445,12.89557713930813,-9.648825725479997,41.00296374447744,12.299999999999997,39.576940817400576,39.581421861687765,38.75557396453931,8.021205092948996,0.5955771393081335
1645814108.4783347,29.15426524782346,33.02433208273425,12.893957195158519,-9.65517266470943,41.11636549487704,12.299999999999997,39.6440850043229,39.64853415928086,38.809437912532886,8.09203341214279,0.5939571951585219
1645814108.577747,29.260414433021367,33.10537987356806,12.887249416467554,-9.661492170774496,41.229277092661995,12.299999999999997,39.76069063410506,39.7650271165273,38.92190660379586,8.123897219093934,0.5872494164675572
1645814108.6782017,29.350883544000496,33.181591671660485,12.881177311788143,-9.66789383983032,41.343656709382245,12.299999999999997,39.86332016037986,39.867556499949735,39.018777383830816,8.16206503772176,0.5811773117881458
1645814108.7782226,29.444597743580154,33.252542539986656,12.877075001452246,-9.673921626733515,41.457823785290124,12.299999999999997,39.96980357770269,39.97396919993605,39.11851937031367,8.205281245303468,0.5770750014522488
1645814108.8777728,29.538995478249973,33.31574612361886,12.8716184034857,-9.679797318168674,41.57155416908515,12.299999999999997,40.07832425254336,40.08240040829901,39.21879279641865,8.255808045466289,0.5716184034857026
1645814108.9782066,29.683430046065244,33.44985963009245,12.875836776560545,-9.69374108404276,41.69044116825281,12.299999999999997,40.230197492640784,40.23431841463355,39.377171130108,8.240581538160363,0.5758367765605481
1645814109.077677,29.76980040914618,33.53537796137554,12.870265871200484,-9.712377647241206,41.8106848026471,12.299999999999997,40.34009280348117,40.34412337078759,39.48217805638738,8.275306841271565,0.5702658712004869
1645814109.1776447,29.866832956455664,33.634052894623956,12.866484039679074,-9.731176432600831,41.93780944897891,12.299999999999997,40.45929708348625,40.46326265462302,39.59800938905649,8.303756554354955,0.5664840396790769
1645814109.2777314,29.973225654880675,33.73226723748935,12.86745823298023,-9.750039250539398,42.06887468671053,12.299999999999997,40.58862893112538,40.592595474479886,39.72326490542007,8.336607449221177,0.5674582329802327
1645814109.3777258,30.021384460665267,33.78913112978953,12.883478900474275,-9.76909607646024,42.201287958722986,12.299999999999997,40.669973246732475,40.6741585225464,39.790480537125504,8.412156828933455,0.5834789004742778
1645814109.4776788,30.11007547118975,33.884894076616966,12.901005995432044,-9.788263304633876,42.33446834360054,12.299999999999997,40.78324094972912,40.78766909949878,39.898338775823625,8.449574266983575,0.6010059954320468
1645814109.577797,30.236234519673264,34.01468921098972,12.92569613318664,-9.811301637919765,42.45844364270035,12.334339475828333,40.92801169366469,40.93228363887063,40.04753615759303,8.44375443171063,0.5913566573583076
1645814109.6777897,30.33863284040792,34.11835426987381,12.948272487490733,-9.83602167982447,42.578064451769215,12.383935107061044,41.05568854838138,41.059566959000485,40.174654520232394,8.459710181895403,0.5643373804296896
1645814109.777644,30.438643071868725,34.2074875225885,12.975289823730643,-9.854817349344918,42.69177328425899,12.399999999999991,41.177008847190386,41.18102737891423,40.293460421213645,8.484285761670492,0.5752898237306514
1645814109.8778634,30.534250159147625,34.31062500534152,12.997749679479425,-9.870843617923155,42.803129219403374,12.399999999999991,41.28794292477821,41.29226968379263,40.40509377707078,8.492504214061853,0.597749679479433
1645814109.977964,30.623121138326827,34.38883336345992,13.024449651683987,-9.888745307618386,42.927516214695395,12.419618824985383,41.4019374880945,41.40635516556618,40.511866445945216,8.538682851235471,0.6048308266986044
1645814110.0779102,30.721490539384018,34.48250829391137,13.0445088963223,-9.9102941873619,43.07724511984452,12.477263295403759,41.53084915081408,41.53472280826532,40.63178472674592,8.594736825933147,0.5672456009185414
1645814110.1777723,30.826754199613394,34.56435657364713,13.071101522268714,-9.930379616764627,43.21105527655564,12.5,41.66424552761065,41.66815945459749,40.75713381637802,8.646698702908509,0.5711015222687141
1645814110.2775698,30.919692487550925,34.654856601997736,13.092797419533595,-9.949509970045007,43.33448485721596,12.5,41.780709139132,41.78491432262789,40.86920245759593,8.679628255218226,0.5927974195335945
1645814110.3777437,31.013578559392272,34.730736753613975,13.118455158995008,-9.964786332027927,43.4608251106071,12.534549288110998,41.89798123890083,41.90204980620088,40.9783648914202,8.730088356993122,0.5839058708840099
1645814110.4775503,31.113250135301058,34.79918322887745,13.13938722605908,-9.977926618993553,43.5879973673763,12.5872758028274,42.02056711913535,42.02419407957066,41.09117675429461,8.78881413849885,0.5521114232316808
1645814110.5776672,31.249637704910928,34.9020236853029,13.164901619391028,-9.990097330175113,43.705786028422594,12.599999999999994,42.16896936324429,42.17275294544839,41.23973503508604,8.803762343119693,0.5649016193910334
1645814110.6779268,31.332840555174464,34.97319372317581,13.190126549368944,-10.001964820869405,43.82064010868194,12.599999999999994,42.27107099447364,42.275190033447515,41.33480537604387,8.847446385506132,0.59012654936895
1645814110.7780569,31.424337883425792,35.04138998343548,13.216214755662904,-10.010079402921974,43.93846738606385,12.632583144754356,42.37887353584985,42.38289216210718,41.43441728634777,8.89707740262837,0.5836316109085473
1645814110.8775923,31.451959916307715,35.033349279310634,13.24819660757477,-10.016213958182787,44.05720836011317,12.681813990181709,42.43865545932339,42.44243473770613,41.4681738744905,9.023859080802538,0.5663826173930602
1645814110.9778514,31.541381518985137,35.11140837310144,13.277882414741526,-10.022445122860868,44.17781931401873,12.700000000000003,42.54117408420944,42.545098901615916,41.563826641846006,9.066410940917287,0.5778824147415236
1645814111.0778043,31.63690572541124,35.17521895283278,13.308691180775117,-10.028687291051378,44.298643252703414,12.700000000000003,42.65276676100823,42.65710980976702,41.665593016462616,9.123424299870635,0.6086911807751143
1645814111.1776488,31.72729128543028,35.223208167165524,13.338852480192395,-10.035019992373263,44.415146041245414,12.732735601116877,42.76192658364566,42.76622198436754,41.76231127780354,9.19193787407989,0.6061168790755183
1645814111.277549,31.88198091757408,35.36876248803033,13.383180801601334,-10.041411336322287,44.52934117767652,12.78402721927824,42.912550844750044,42.916733391749055,41.92339225389637,9.160578689646194,0.599153582323094
1645814111.3776298,31.963441803611985,35.44813034338969,13.418958471569525,-10.051967873331433,44.64142964019987,12.834372608755574,43.0094338753967,43.0134065485765,42.01540967694342,9.193299296810174,0.5845858628139506
1645814111.4777687,32.041440654235714,35.50818352155188,13.461609676979046,-10.064405187312376,44.75253935188321,12.884278384813896,43.108704094996796,43.11256986275472,42.10584584154809,9.24435583033133,0.5773312921651499
1645814111.5776494,32.12486807141422,35.562935285708015,13.50216696437218,-10.076840102665749,44.86362763497031,12.899999999999991,43.21443105012299,43.21862626274481,42.20170817407997,9.300692349262292,0.6021669643721879
1645814111.6791983,32.21902557569043,35.62333054998967,13.541183618442064,-10.089496633154432,44.976695733972065,12.899999999999991,43.330087603895436,43.33483135070231,42.30852220884486,9.353365183982397,0.6411836184420725
1645814111.778326,32.31582063258342,35.70328594187426,13.5788043460047,-10.100740983101177,45.0771480085616,12.930078843845148,43.44000448138153,43.44484818847454,42.41656161568459,9.373862066687337,0.6487255021595519
1645814111.8779728,32.408957805766846,35.79569338230413,13.621132088308393,-10.111558078806182,45.17378337427447,12.973483356803706,43.54242578207744,43.54724206958623,42.52051588457303,9.378089991970342,0.6476487315046864
1645814111.9779408,32.48325305948898,35.86853225601623,13.666798316247208,-10.123712559107506,45.28236636928531,13.022254238760429,43.63454814635316,43.639308301166224,42.60696561859649,9.413834113269083,0.6445440774867794
1645814112.0776649,32.5795833137329,35.955125388821294,13.711288352762393,-10.137860801879686,45.40876079638199,13.079025261546308,43.751014321836806,43.755582624461574,42.71744411561258,9.453635407560697,0.6322630912160854
1645814112.177643,32.671143439560886,36.03444267180031,13.754958708714986,-10.15560421690763,45.53621346383023,13.13348147792245,43.86814291732788,43.872544910951966,42.82674765646851,9.501770792029916,0.6214772307925358
1645814112.2777917,32.76843191802786,36.126233252242045,13.799874918993732,-10.175458485548255,45.664313766878124,13.18659276717234,43.9903705701377,43.99464533208308,42.94389040357611,9.538080514636079,0.6132821518213909
1645814112.37782,32.956666078070576,36.31645153168847,13.875308329939838,-10.189457989172194,45.77025111223576,13.200000000000003,44.16969943903922,44.17486151506927,43.146124067242766,9.45379958054729,0.6753083299398348
1645814112.4780884,33.04700743298916,36.39849885214673,13.92330982560894,-10.201514217215724,45.86898092514116,13.200000000000003,44.27329506173162,44.27920316273738,43.248521650204886,9.470482072994429,0.7233098256089363
1645814112.577827,33.13136432889587,36.47789115167344,13.969541698403624,-10.217850837083777,45.98112133435827,13.233328035039385,44.37866423644916,44.38477047332357,43.34921516597964,9.503230182684831,0.7362136633642393
1645814112.677905,33.2183365693053,36.56532128399322,14.016096246666537,-10.236326054646076,46.10032396252237,13.282750285519173,44.48847018993792,44.49451400048916,43.45466262395138,9.535002678529146,0.7333459611473643
1645814112.777727,33.16485719556022,36.529361670573316,14.021813845429632,-10.25482753927594,46.21371397942056,13.332242801888297,44.48657889874696,44.49192297865456,43.41968473483615,9.684352308847245,0.6895710435413349
1645814112.8776646,33.25288015665967,36.61854601447492,14.06805849903487,-10.273390153880658,46.324267686862505,13.38189884439284,44.59526028994649,44.60053873441146,43.526270310540326,9.705721672387583,0.6861596546420294
1645814112.9777057,33.34132708897499,36.7025764034348,14.116310621784763,-10.295999871183659,46.43533557767436,13.431785836400087,44.709539310660915,44.71477920725249,43.63732696015865,9.732759174239561,0.6845247853846761
1645814113.0776472,33.418422988487954,36.784585998302916,14.165353238347032,-10.320891564941785,46.546521518271646,13.481725851435051,44.8154328630205,44.82064668324224,43.739314553429736,9.76193551996873,0.6836273869119811
1645814113.1791189,33.490689829031695,36.876981071290665,14.216687397075724,-10.350681037128874,46.654950692825246,13.533193793250616,44.91853169176265,44.923731510754486,43.84137086616057,9.77796962153458,0.6834936038251076
1645814113.2785006,33.68203076532876,37.0923501961517,14.310879249780282,-10.382349609533705,46.75868569858921,13.584022924732489,45.11216753677713,45.118022784509414,44.064380374862466,9.666335502437512,0.7268563250477929
1645814113.377612,33.76942947925686,37.17314347730136,14.36692771304519,-10.409248989024482,46.86698248162703,13.633996675328643,45.22970424229602,45.23564229400992,44.17867846828134,9.693839004325675,0.732931037716547
1645814113.4780757,33.84849369768622,37.257621049975924,14.421357810346684,-10.434330519669425,46.97901638391521,13.684317558659433,45.33733613594822,45.34332670015031,44.282824217355646,9.721395333939284,0.737040251687251
1645814113.5776496,33.92777481786018,37.35198045134017,14.472487908613521,-10.463359885551496,47.089733868534296,13.73404716293461,45.446635539614114,45.452634429759904,44.39113470341168,9.737753417194128,0.7384407456789113
1645814113.6784208,34.00194222937707,37.458159530083826,14.521357431707425,-10.494673866993404,47.201632223918715,13.78430716433777,45.550895755882586,45.556858399805314,44.496616096370474,9.743472693834889,0.7370502673696553
1645814113.777725,33.991555923728136,37.46219747226849,14.53550481455394,-10.522652742449228,47.29619262308293,13.829214207610995,45.587522786418454,45.59299376245958,44.51420866617737,9.833995150814438,0.7062906069429449
1645814113.877797,34.08089720360861,37.554066963291206,14.589207221758839,-10.549502205548576,47.384141937207964,13.872308505777802,45.70014141568626,45.70576406956455,44.630399409157185,9.830074973916759,0.7168987159810367
1645814113.977529,34.15282392510797,37.65493188846391,14.637569161191562,-10.5798046058541,47.483401848216765,13.920944884997358,45.79963839419265,45.805244540249284,44.73262853096207,9.828469959752852,0.7166242761942048
1645814114.0774808,34.22809489604524,37.75818277525704,14.683932648531055,-10.616620634525669,47.60399809416148,13.980035858157306,45.912836879371774,45.91823233752906,44.84471553057091,9.845815318904442,0.703896790373749
1645814114.1781037,34.31076184970814,37.85696522644163,14.72377370007635,-10.654119896124241,47.71315065083882,14.0,46.03243401707963,46.03812365752662,44.964881745832386,9.85618542439719,0.7237737000763502
1645814114.2778807,34.415431807976816,38.00491416780464,14.76609259794215,-10.691522304074615,47.81524816497062,14.0,46.161455375699155,46.16781195022443,45.10695411205143,9.810333997165976,0.7660925979421496
1645814114.3776495,34.4853409267521,38.080459707809304,14.805332513984483,-10.72896467953589,47.917454778855095,14.033626547848128,46.27202074133553,46.278455393247036,45.214305606287994,9.836995071045791,0.7717059661363557
1645814114.4775345,34.55471142904116,38.166197464310244,14.842178251610292,-10.766471733802193,48.01983794688316,14.083793292149183,46.37999432988102,46.38619430160802,45.321183162843354,9.853640482572914,0.7583849594611092
1645814114.5776095,34.614144906713086,38.27631328292782,14.881935307189648,-10.808412360295248,48.1226934656416,14.134191483657512,46.4775204951511,46.48353506568558,45.42255726700834,9.84638018271378,0.7477438235321365
1645814114.678409,34.63096126357222,38.32478070579085,14.878594003565205,-10.85274761444715,48.22642672336489,14.18501975861667,46.549010377856135,46.554177174460015,45.48370887801937,9.901646017574038,0.6935742449485343
1645814114.7774956,34.7141338550319,38.43038052309936,14.918377271357011,-10.895171042053637,48.319442470519725,14.200000000000003,46.669071550602204,46.674600215740796,45.609304897085536,9.889061947420366,0.7183772713570082
1645814114.8777878,34.76827242950589,38.522984840755356,14.952723853796325,-10.937608627175992,48.409709009963144,14.200000000000003,46.76296481154237,46.769022559442305,45.70588105668188,9.886724169207788,0.7527238537963221
1645814114.9775271,34.815233461459485,38.625075658992756,14.987001682207001,-10.980513719101312,48.500969956053815,14.231497563899424,46.848519165418296,46.85461059986888,45.795747180560795,9.875894297061059,0.7555041183075772
1645814115.0777009,34.91479859148705,38.788162229176244,15.030898488493538,-11.024011745398445,48.59349209858306,14.281365996664825,46.97359672216105,46.97957628557889,45.938810336885496,9.805329869406819,0.7495324918287132
1645814115.1775103,34.97309641674666,38.891089506454094,15.070245007899857,-11.068074523617776,48.68130036601262,14.299999999999997,47.0705603348258,47.07686191332925,46.04117094036443,9.790210859558528,0.7702450078998595
1645814115.2780383,35.01419612101135,38.98126844614038,15.102765697308739,-11.11289147758003,48.76709516790377,14.299999999999997,47.15369142449508,47.16052425197663,46.12708759859138,9.785826721763385,0.8027656973087414
1645814115.3776135,35.05880515712431,39.08724177585897,15.131965099828486,-11.160873838298759,48.857174457199726,14.333487932540262,47.240981266670175,47.247728800700706,46.21967899542307,9.769932681340755,0.7984771672882243
1645814115.4784954,35.100583749928326,39.18111267145604,15.158451233116393,-11.211268154359948,48.95096644460749,14.384040797942173,47.3311490411282,47.33748389041815,46.311851904288275,9.769853773151446,0.7744104351742198
1645814115.5776393,35.13536083058194,39.25141535841808,15.17440404290921,-11.256416406470109,49.03654947756069,14.433521250872879,47.412507262766326,47.418295543528394,46.39177723705205,9.785134119142612,0.7408827920363308
1645814115.6776173,35.18329734890881,39.35118268487153,15.204769801389656,-11.299855163444796,49.119705944861735,14.483321734462658,47.49850012545338,47.50397879631734,46.483152512353605,9.768523259990204,0.7214480669269978
1645814115.7774637,35.23030412717509,39.42641755486648,15.236561110741118,-11.34471689200649,49.19269062165504,14.5,47.587946715027385,47.59364658042228,46.57502101918158,9.766273066788557,0.7365611107411176
1645814115.8777616,35.26445769268577,39.47759348742173,15.245298943538023,-11.390531679297796,49.260905615617105,14.5,47.66970976938703,47.67553565522712,46.65498937198356,9.783312128195377,0.7452989435380228
1645814115.9775445,35.31558098503733,39.595016905101524,15.291136291561019,-11.436720949303709,49.339305906587335,14.52594618037734,47.75697754573949,47.763107313181784,46.752301934341034,9.74428900148581,0.7651901111836779
1645814116.077645,35.36157930284766,39.6814703500467,15.320179115190518,-11.483711535405995,49.42926177514845,14.579818668007961,47.8487273747992,47.85445480809087,46.84529083825365,9.747791425101745,0.7403604471825567
1645814116.177504,35.40685593977681,39.74557844972021,15.34838074165237,-11.52943322378199,49.510807640617706,14.599999999999994,47.941369834371265,47.94721071481051,46.9362891635588,9.765229190897493,0.748380741652376
1645814116.2786305,35.43923101050514,39.81819818217914,15.382715646845424,-11.575031553955498,49.58839930295748,14.599999999999994,48.01872254048938,48.02510133465956,47.01426256446064,9.770201120778339,0.7827156468454302
1645814116.377562,35.4794974312003,39.877112889314354,15.41097176565409,-11.610257760579575,49.65665628634074,14.634857114627598,48.09453724775904,48.10079902691451,47.08975519177987,9.779543397026387,0.7761146510264911
1645814116.4776745,35.525748644615746,39.95732776814261,15.431331824908312,-11.641780340428456,49.72236515027606,14.685451923111682,48.16774590563117,48.173520552865476,47.1675289850442,9.76503738213345,0.7458799017966307
1645814116.5774996,35.56396410575274,40.021110308165945,15.450344797058193,-11.672696161162241,49.79331637944961,14.700000000000003,48.23689547091083,48.242731079262605,47.23666026691498,9.772206071283662,0.7503447970581902
1645814116.6774805,35.60269703013033,40.09189662294602,15.459708920604141,-11.703450656767265,49.86658242671644,14.700000000000003,48.30544577516077,48.31141944903962,47.306147686897596,9.774685803770424,0.7597089206041385
1645814116.777376,35.64146615549251,40.16550890832151,15.463543411571077,-11.733953637619774,49.92685825108308,14.700000000000003,48.37059376899406,48.37661976726361,47.375419793112286,9.76134934276157,0.7635434115710744
1645814116.8777218,35.67794852134032,40.220966030886785,15.466960348485477,-11.764489798346723,49.98141768421202,14.700000000000003,48.4360544449505,48.44212627837839,47.44243831968704,9.760451653325234,0.7669603484854743
1645814116.977528,35.71416650160177,40.28440245175465,15.467893524022077,-11.791234198283826,50.042126267860155,14.700000000000003,48.49717795633147,48.503256902937125,47.50540069988559,9.757723816105504,0.7678935240220746
1645814117.0775867,35.75049965979154,40.34584998175521,15.468482474323958,-11.815992143881095,50.10663623580373,14.700000000000003,48.5576367918176,48.56371748661156,47.56649180367263,9.760786254048519,0.7684824743239549
1645814117.1775181,35.78792767606909,40.384850642602004,15.471327826738252,-11.837320345471136,50.16668560089247,14.700000000000003,48.61942558550496,48.62554360498971,47.62524802154022,9.781834958290467,0.7713278267382488
1645814117.2778132,35.83196252380517,40.43113891702058,15.471370248155829,-11.856668802731345,50.22430258241558,14.700000000000003,48.68379209116245,48.689902694863456,47.68863132653651,9.793163665395,0.7713702481558258
1645814117.3774648,35.84516775322529,40.404749345989956,15.459615705457354,-11.871146935114197,50.27372131707118,14.700000000000003,48.7262074781388,48.73212812121596,47.71631468833949,9.868971971081223,0.7596157054573514
1645814117.4775476,35.880281118619294,40.45049779345046,15.466742344602654,-11.883520246890024,50.31977879316029,14.700000000000003,48.772773432880186,48.77879992535763,47.763801365509316,9.86928099970983,0.7667423446026511
1645814117.5773635,35.91909275412359,40.48465220844992,15.472386461925442,-11.89638854866408,50.37422192189289,14.700000000000003,48.82749063114226,48.83359931625818,47.81548130278767,9.889569713442967,0.7723864619254392
1645814117.6776516,35.987417237068584,40.53958524247206,15.487838209681689,-11.909579698534447,50.43314400371542,14.700000000000003,48.908126322844765,48.914471370505225,47.89699693560303,9.893558761243362,0.787838209681686
1645814117.7778792,36.03232264832118,40.58163105140735,15.48828868030058,-11.912521089851207,50.47623160622889,14.732284404059696,48.955195446624884,48.96103250221482,47.94484373817238,9.894600554821544,0.7560042762408834
1645814117.877799,36.081046312933786,40.62588743162982,15.494259772610027,-11.912521089851207,50.514663456929156,14.773713106821548,49.0017387785801,49.007036135862975,47.99356740278499,9.888776025299336,0.7205466657884791
1645814117.9776478,36.1290798252174,40.66816396170064,15.500997718003518,-11.912521089851207,50.561919318718765,14.799999999999997,49.0497891284687,49.054798046143176,48.041600915068614,9.893755357018122,0.7009977180035207
1645814118.0773973,36.18266633905922,40.670372161381586,15.503833770938453,-11.912521089851207,50.624509239363,14.799999999999997,49.11447748667665,49.119520363765574,48.09518742891042,9.954137077981414,0.7038337709384557
1645814118.1777072,36.23419884874028,40.6928051705016,15.506745952525653,-11.90862807168646,50.67935046099198,14.799999999999997,49.16770149934997,49.17278068780118,48.142826920426735,9.986545290490376,0.7067459525256563
1645814118.2777119,36.28261813324242,40.70935400410482,15.51064920084513,-11.902040396924873,50.7283933819009,14.799999999999997,49.21526661232927,49.220397093169765,48.1846585301673,10.019039377796084,0.7106492008451326
1645814118.3777878,36.336532892924765,40.73892148981942,15.511334621178918,-11.895706539677198,50.78202915387114,14.799999999999997,49.26675280790869,49.27188781829722,48.232239432601965,10.043107664051725,0.7113346211789207
1645814118.477572,36.399362411120265,40.767354323092675,15.507555198351804,-11.889501811514176,50.837459575252645,14.799999999999997,49.327694327847965,49.33276864377591,48.288864222634444,10.07010525215997,0.7075551983518071
1645814118.577522,36.44935612398559,40.80239805171429,15.512640522398105,-11.883349878820235,50.88609096080626,14.799999999999997,49.373386882393774,49.37852963336087,48.33270600280582,10.083692909091965,0.7126405223981074
1645814118.6776025,36.496992787340034,40.83211391636116,15.514633638714434,-11.877217794435287,50.93174217125872,14.799999999999997,49.417271680021635,49.422438644148784,48.37421058177532,10.09962825489756,0.714633638714437
1645814118.777557,36.57027853846467,40.84756508054569,15.511791916471438,-11.871027842079501,50.983944969151054,14.799999999999997,49.490467376050034,49.49558575097608,48.44130638054417,10.136379888605362,0.7117919164714408
1645814118.8778346,36.60571082747497,40.84770546241983,15.513525421932133,-11.864784046288074,51.039724404624245,14.799999999999997,49.53045652349414,49.5355957060525,48.470494873763045,10.192018942204413,0.7135254219321361
1645814118.9774125,36.66402607989369,40.894443946324664,15.516617655339418,-11.85867158551972,51.094330548196574,14.799999999999997,49.58316120841995,49.588339519327576,48.5226976654134,10.19988660187191,0.7166176553394212
1645814119.0773947,36.72151485753602,40.93234387706392,15.51838383718836,-11.852579636246386,51.14875345059994,14.799999999999997,49.636858084140876,49.64205632125521,48.57409449378241,10.21640957353602,0.7183838371883624
1645814119.1773918,36.774887752751724,40.9656981721426,15.520999826922532,-11.846264931013195,51.205166359181845,14.799999999999997,49.68765638517648,49.69288719526962,48.62115268376492,10.239468187039243,0.7209998269225348
1645814119.2773902,36.831195652761714,40.98000228049112,15.524210856420032,-11.839809625746067,51.2628353281434,14.799999999999997,49.74538581925385,49.750657198382605,48.67100527850778,10.282833047652282,0.7242108564200347
1645814119.3785923,36.89919931200921,41.036106753234066,15.535895729969733,-11.828690384605954,51.321674345631436,14.799999999999997,49.80160775500395,49.80704445666955,48.727889696615165,10.28556759239737,0.7358957299697355
1645814119.4773347,36.94863117021479,41.04840835003292,15.536969101400134,-11.815790310204862,51.37929625477868,14.799999999999997,49.8467255416084,49.852173179078704,48.76442148041965,10.330887904745758,0.7369691014001365
1645814119.5777874,37.007320981033494,41.09965671854883,15.546402607723069,-11.80816081782749,51.43425292346509,14.799999999999997,49.89744624701346,49.90302855365007,48.815481798860986,10.33459620491626,0.7464026077230717
1645814119.677446,37.056797389863185,41.1230260807196,15.548424162492394,-11.802176005856747,51.48771870644721,14.799999999999997,49.946232435584974,49.95183953806389,48.85897339571993,10.364692625727614,0.7484241624923964
1645814119.7774184,37.0976323533038,41.149401168944785,15.550721974186887,-11.796608825316843,51.53184757882034,14.799999999999997,49.98441771079324,49.99005498466258,48.894241178620646,10.382446409875556,0.7507219741868898
1645814119.8773108,37.15297743769026,41.164382907264255,15.552373599356036,-11.791233167612766,51.57186745880953,14.799999999999997,50.03850004213666,50.044156027451585,48.94421060530303,10.407484551545274,0.752373599356039
1645814119.9774528,37.206263798417105,41.19038295844016,15.553271088551526,-11.7852325247607,51.62053136370609,14.799999999999997,50.08946703389662,50.095130752126636,48.991496323177806,10.430148405265932,0.7532710885515286
1645814120.0774527,37.271666970591795,41.262256435692876,15.550393430741087,-11.77826048172737,51.682816652572825,14.799999999999997,50.14462541799863,50.150239766249314,49.04992745231917,10.420560216879949,0.7503934307410898
1645814120.1778717,37.33005460658369,41.29495834201895,15.54885494103827,-11.77545233235838,51.74304314707573,14.799999999999997,50.204713800838924,50.210298461041475,49.10550693894207,10.44808480505678,0.7488549410382728
1645814120.2774868,37.39338297114941,41.32194692410743,15.545923538970554,-11.77545233235838,51.80124629186054,14.799999999999997,50.27315466869435,50.27868815182488,49.16883530350779,10.479299367753107,0.7459235389705565
1645814120.377707,37.44934892093524,41.3540267496567,15.543361247585231,-11.77112688812531,51.8643049385768,14.799999999999997,50.33012205904934,50.33561137428666,49.22047580906055,10.510278188920104,0.7433612475852343
1645814120.4783425,37.50845267946971,41.39520079100742,15.538477769853168,-11.76485943588763,51.9296275060495,14.799999999999997,50.38683789475196,50.39224922990221,49.27331211535734,10.53442671504208,0.738477769853171
1645814120.5776746,37.56802737651151,41.46982831721862,15.526350298392536,-11.762991536270965,51.987373171381556,14.799999999999997,50.43974798442822,50.44497756455648,49.331018912782476,10.517544854162935,0.7263502983925392
1645814120.6790147,37.62623870216845,41.50645345453261,15.516491429684603,-11.762991536270965,52.04331588700733,14.799999999999997,50.500708247176846,50.505790692110615,49.38923023843942,10.53686243247472,0.7164914296846057
1645814120.777293,37.6832616659394,41.539297585201695,15.508210354966064,-11.762991536270965,52.10148102717331,14.768379943836647,50.56176099384749,50.56717338191042,49.446253202210364,10.562183441971612,0.7398304111294163
1645814120.8773844,37.74181471229532,41.564057747196614,15.503634790857236,-11.762991536270965,52.162553231939405,14.72135529088113,50.62661304342017,50.632656551521016,49.50480624856629,10.598495484742791,0.7822794999761058
1645814120.9789717,37.7934388202688,41.60687725958276,15.494778667259792,-11.762991536270965,52.22807820491958,14.700000000000003,50.681847827440144,50.688079193571056,49.556430356539764,10.621200945336824,0.7947786672597896
1645814121.078158,37.855301136705194,41.66144765947395,15.478986711750357,-11.762991536270965,52.2948533028477,14.700000000000003,50.74489416047345,50.75087293490365,49.61829267297616,10.633405643373749,0.7789867117503544
1645814121.1792467,37.90982957487574,41.705798776622096,15.466278330989525,-11.762991536270965,52.36417152472771,14.700000000000003,50.80344542230913,50.80922405683919,49.6728211111467,10.658372748105613,0.7662783309895218
1645814121.2774012,37.96548189109506,41.75370675897196,15.454338145429155,-11.762991536270965,52.432203273488035,14.700000000000003,50.86208172329148,50.86767522960363,49.728473427366026,10.678496514516077,0.754338145429152
1645814121.377468,38.03838704719733,41.78416002452393,15.449308781646751,-11.767507859701363,52.49710482624576,14.700000000000003,50.94501304153112,50.9505232304049,49.80589490689869,10.712944801721832,0.7493087816467483
1645814121.477335,38.08014976420617,41.87395301016705,15.440404627963387,-11.773574833906856,52.56033790993977,14.700000000000003,50.98620086386698,50.99157653518569,49.853724598113025,10.686384899772719,0.7404046279633842
1645814121.5777607,38.118925283010704,41.920890197091396,15.440077759716678,-11.779766232810287,52.624867810697836,14.700000000000003,51.03385691620469,51.03922282748906,49.89869151582099,10.70397761360644,0.7400777597166748
1645814121.6775267,38.178405415663114,41.97177003136952,15.440651322889485,-11.785956915410916,52.6893902456655,14.700000000000003,51.10092842805046,51.10629560622481,49.96436233107403,10.717620214295977,0.740651322889482
1645814121.7775273,38.2370080658711,42.00259279639348,15.449930254083638,-11.79156900609178,52.74788230209106,14.700000000000003,51.16951993527578,51.17501505415094,50.028577071962886,10.745289505697578,0.749930254083635
1645814121.879494,38.27080155505538,42.040529586869546,15.453535781185213,-11.79701298043687,52.8046221647697,14.700000000000003,51.2118320448122,51.21737554345771,50.067814535492246,10.76409257790015,0.7535357811852101
1645814121.9792166,38.319075159795155,42.07625791798722,15.457637753126702,-11.800373924533215,52.86726803854445,14.700000000000003,51.26797319905042,51.27357107617446,50.119449084328366,10.791010120557232,0.7576377531266996
1645814122.0772593,38.38096722805207,42.12812877544802,15.454981321912427,-11.800373924533215,52.94090075444056,14.700000000000003,51.333059890696525,51.33861153691511,50.18134115258529,10.812771978992544,0.7549813219124246
1645814122.177225,38.444119241081225,42.18067478582493,15.450675581153277,-11.804355470599361,53.016950304132465,14.700000000000003,51.40363876185298,51.40911973363495,50.248474711680586,10.836275518307538,0.7506755811532742
1645814122.277683,38.50345963451666,42.22224040948517,15.44834556500196,-11.81082203942312,53.09397643117099,14.700000000000003,51.475446423414084,51.4808858274062,50.31428167393978,10.87173602168582,0.7483455650019568
1645814122.3791506,38.570031115444564,42.266888601891594,15.442513358480129,-11.821566699568576,53.16345491412417,14.700000000000003,51.556263322189274,51.561609884044934,50.39159781501314,10.89656631223258,0.7425133584801262
1645814122.477341,38.64008776304628,42.31993104727395,15.430281457395115,-11.833780194913754,53.22710253707424,14.700000000000003,51.63891688005759,51.64408046961929,50.47386795796004,10.907171489800291,0.7302814573951117
1645814122.5782082,38.70315944270371,42.371667718458085,15.419306188814025,-11.842037938845149,53.298823412843376,14.700000000000003,51.712858264739836,51.71786066053329,50.54519738154886,10.927155694385291,0.7193061888140218
1645814122.6773086,38.75375252973974,42.42637277911884,15.409298123953484,-11.848196177414707,53.37217688036189,14.700000000000003,51.77226902874046,51.77712761647678,50.60194870715445,10.945804101243048,0.7092981239534808
1645814122.777506,38.83135546471726,42.471281790010934,15.39907256064681,-11.858449625005763,53.445279629093775,14.700000000000003,51.86410096209425,51.868812123002726,50.68980508972302,10.973997839082841,0.6990725606468065
1645814122.8782656,38.875642935714176,42.527722027254924,15.387890137749732,-11.870706605035206,53.51827875209229,14.700000000000003,51.922869035077234,51.927425525201954,50.74634954074938,10.990556724837369,0.6878901377497293
1645814122.977814,38.94256402378846,42.59698997635056,15.383437482538605,-11.87917366334398,53.592737264306194,14.700000000000003,51.9976487926164,52.00214002089549,50.82173768713244,10.995747287955638,0.6834374825386025
1645814123.0781722,39.0124989276132,42.66276646539561,15.376850553098535,-11.885589706606563,53.66916155930677,14.700000000000003,52.074525053812664,52.078923628003224,50.89808863421976,11.00639509391116,0.6768505530985323
1645814123.1772733,39.07274177981697,42.73459569709209,15.373642574471972,-11.900321070962407,53.74992564119644,14.700000000000003,52.149694439823776,52.15404514019146,50.97306285077938,11.015329944104352,0.6736425744719696
1645814123.2774346,39.14686793976286,42.78586773056022,15.37852736669957,-11.919152388199512,53.83404115980906,14.700000000000003,52.247493416035056,52.25189917740777,51.06602032796238,11.048173429248841,0.6785273666995675
1645814123.3774254,39.20512183193178,42.85490014535007,15.373580120949153,-11.933591162694391,53.917764027910444,14.700000000000003,52.32164871284931,52.325984311908975,51.13871299462617,11.062863882560372,0.6735801209491505
1645814123.4773028,39.26624273431141,42.94481892493927,15.368884001171939,-11.946055871521379,54.001279861866955,14.700000000000003,52.39222134003092,52.39649093927775,51.21229860583279,11.056460936927685,0.6688840011719357
1645814123.5774148,39.327986921599596,43.01764384416593,15.367810184091043,-11.958506605472735,54.08470206186814,14.700000000000003,52.466981959099215,52.471231797418454,51.28649352707233,11.067058217702211,0.6678101840910404
1645814123.6773627,39.3711647300439,43.060904253469616,15.379746503158907,-11.970917722984195,54.16785882458108,14.700000000000003,52.52974272217855,52.53414057321987,51.3420824530281,11.106954571111466,0.6797465031589045
1645814123.777279,39.45683373850633,43.14751077891834,15.37709571020577,-11.985977684072239,54.249390291320125,14.700000000000003,52.62712775524489,52.63148330008994,51.44281142257857,11.101879512401787,0.6770957102057675
1645814123.8773196,39.53410147484895,43.228875391932604,15.37354226230229,-12.002277398096476,54.33028738150172,14.700000000000003,52.71849481441902,52.722797295638934,51.53637887294543,11.101411989569115,0.6735422623022878
1645814123.9780152,39.532553734376314,43.2255918466926,15.390262451815346,-12.020562733520055,54.416892501461156,14.700000000000003,52.7538532042723,52.75836891101067,51.55311646789637,11.191300654768554,0.6902624518153431
1645814124.0776737,39.60002748409125,43.28902327955142,15.394147586821767,-12.041510959447994,54.510463804294446,14.700000000000003,52.84665760732543,52.85121626924188,51.64153844353925,11.221440524743024,0.6941475868217637
1645814124.1771276,39.67942829554883,43.37899702382502,15.389841179865599,-12.061360504970674,54.604969426491515,14.700000000000003,52.944609565898155,52.94910351402404,51.7407888005195,11.225972402666493,0.6898411798655957
1645814124.277389,39.749859931448306,43.47323676164629,15.387545793017155,-12.080700882657032,54.70095762930777,14.700000000000003,53.03271396210827,53.0371706391309,51.83056081410534,11.227720867661482,0.6875457930171525
1645814124.3779068,39.84197676665815,43.54144305208202,15.389220807421715,-12.099768350578595,54.795591355205985,14.700000000000003,53.146973007431896,53.151441797698,51.94174511723674,11.254148303123962,0.6892208074217123
1645814124.47737,39.88873202437108,43.58828087490281,15.400176358335859,-12.118483298457877,54.8884754898931,14.700000000000003,53.220718183539674,53.225323774539156,52.007215322828955,11.300194614990296,0.700176358335856
1645814124.5771534,39.949102126829374,43.662177639374335,15.405310245869968,-12.137024079419582,54.97420724107515,14.700000000000003,53.30034293400981,53.30500932769807,52.086126206248956,11.312029601700814,0.7053102458699652
1645814124.677195,40.01654710178095,43.741614013305025,15.407821376253798,-12.1555059020139,55.05676164090037,14.700000000000003,53.384976168066764,53.38966839722586,52.17205300379485,11.315147627595344,0.7078213762537953
1645814124.7771277,40.09057128486692,43.803259136072505,15.415266247654856,-12.17416498669402,55.14627595927109,14.700000000000003,53.48146116353949,53.486243969755606,52.264736271560935,11.343016823198582,0.7152662476548528
1645814124.8771245,40.16322454632576,43.87636410917617,15.415120464046623,-12.1929366756132,55.23944170494599,14.700000000000003,53.57506089912685,53.57983340421328,52.35616122193896,11.363077595769816,0.7151204640466204
1645814124.9772196,40.23631407813955,43.97979082432589,15.406344814591856,-12.215546674507731,55.331274816418166,14.700000000000003,53.66613350370816,53.67078169949575,52.45186075264728,11.351483992092277,0.7063448145918532
1645814125.0772498,40.42885831613041,44.15135480370886,15.411316856753778,-12.240014091812478,55.42235047285491,14.700000000000003,53.86135408711961,53.86605086479589,52.668872407942885,11.270995669146046,0.7113168567537755
1645814125.1777806,40.52464122120658,44.23486202490347,15.410970721965901,-12.26102219145987,55.521497983400444,14.700000000000003,53.97883301049542,53.98351500729128,52.78566341266645,11.286635958496973,0.7109707219658983
1645814125.27727,40.588732664499965,44.29616731485629,15.418039095890677,-12.279784742081764,55.62393041248825,14.700000000000003,54.0684598408916,54.073227476352244,52.86851740658173,11.327763097631959,0.7180390958906742
1645814125.3772392,40.65684467491903,44.364271750379025,15.423376123348678,-12.29878715627333,55.72149717787516,14.700000000000003,54.159814549643336,54.16464515777417,52.955631831192356,11.357225427496132,0.7233761233486753
1645814125.4774168,40.71629183613025,44.42793071973493,15.426810271823449,-12.317909074252164,55.816401145360324,14.700000000000003,54.24319058497713,54.24805967045623,53.03420091038242,11.388470425625393,0.7268102718234459
1645814125.5774472,40.64174038744162,44.35909720508919,15.444201322850192,-12.336517045059312,55.90875434227296,14.700000000000003,54.22259990604324,54.227706720640256,52.97825743250093,11.549657137183765,0.7442013228501896
1645814125.6771967,40.71461015288436,44.436920685467285,15.44314273819167,-12.35486042609761,55.99979435403086,14.700000000000003,54.31453539347081,54.31961907209881,53.06947057898197,11.562873668563576,0.7431427381916667
1645814125.7771456,40.791688811387885,44.50976792187668,15.441229575995,-12.371937919518498,56.08992576771266,14.700000000000003,54.41021285491926,54.41526150081381,53.16362673090639,11.580157845835977,0.7412295759949963
1645814125.877192,40.85648091757198,44.569020333815956,15.442663359949925,-12.388360395334354,56.17958277369542,14.700000000000003,54.49603918274168,54.5010993969216,53.24484131290633,11.610562439879466,0.7426633599499226
1645814125.977097,40.934632297665736,44.654466536322595,15.435084058228455,-12.40647700444957,56.2745257778767,14.700000000000003,54.59212139455142,54.59707013137336,53.341109302115306,11.620059241554102,0.7350840582284519
1645814126.077787,41.014888024287295,44.75950292385041,15.420245640564358,-12.427533912178472,56.37903329059869,14.700000000000003,54.691004272906,54.69574665512643,53.44242193646576,11.619530366748279,0.7202456405643556
1645814126.1773574,41.097614794677426,44.84434135841608,15.408302903602602,-12.451409496575437,56.48403739499292,14.700000000000003,54.799457354695505,54.80403469975859,53.54902429125286,11.639696036576836,0.7083029036025987
1645814126.2799256,41.276834425246335,45.017727697206674,15.397287333033365,-12.47810514365625,56.593344228535074,14.700000000000003,54.98716601295917,54.99158695438368,53.754939568902586,11.5756165313284,0.697287333033362
1645814126.3779604,41.33156957312829,45.07518355844679,15.38951134137645,-12.502859694791653,56.68832233396708,14.700000000000003,55.07277700300002,55.07709317594797,53.834429267919944,11.61313877552029,0.6895113413764467
1645814126.4772367,41.40242769342711,45.13689950181738,15.382249470097515,-12.527599951304728,56.780413585964425,14.700000000000003,55.17263182039869,55.17684991306335,53.93002764473184,11.643514084147043,0.6822494700975117
1645814126.5771394,41.47669360874583,45.210994151229514,15.372391383166192,-12.553083250113255,56.88179307054548,14.700000000000003,55.275892890420245,55.2799823173395,54.02977685885909,11.670798919315963,0.6723913831661896
1645814126.6770573,41.560787289267594,45.30393491200175,15.361789418311737,-12.578846398976609,56.98728173863498,14.700000000000003,55.385923563380864,55.38987718169139,54.1396336882442,11.683346826633226,0.6617894183117343
1645814126.7772236,41.641520543974565,45.39344236352923,15.354058087253945,-12.603156854506338,57.08682227154203,14.664382744456375,55.49072138419523,55.49500708907825,54.2446773984809,11.693379908012801,0.6896753427975693
1645814126.877442,41.724056081918626,45.494874310897025,15.340885671772774,-12.626963486026336,57.18429986848986,14.616619681500794,55.593848562063414,55.598566161064845,54.35101956794496,11.689425557592834,0.7242659902719808
1645814126.977766,41.80590748223095,45.5903047158678,15.332840359281906,-12.655461630891248,57.2844333585191,14.599999999999994,55.702723186453085,55.707543702615446,54.461369113122196,11.6941286426513,0.7328403592819122
1645814127.0778887,41.853686336913576,45.64554181774375,15.340905258598797,-12.686383736949793,57.38572320541248,14.599999999999994,55.78934578104757,55.794265326102376,54.54007007386337,11.740181387668734,0.7409052585988025
1645814127.177612,41.91821183959951,45.723840073305176,15.33858417586445,-12.717895699809345,57.48894521444644,14.599999999999994,55.888477757405035,55.89335785784206,54.636107539408854,11.765105141141262,0.7385841758644549
1645814127.277215,41.99792276537195,45.81215885819952,15.336139789626664,-12.749774836371651,57.59336995456303,14.599999999999994,56.000958273846,56.00579639089969,54.7476976017436,11.781211096363513,0.7361397896266695
1645814127.3775632,42.07737781970838,45.897324489235935,15.335273559366486,-12.781343690751262,57.696778320069726,14.599999999999994,56.11333563840369,56.11815271082299,54.858721510459645,11.79945383083379,0.7352735593664921
1645814127.477628,42.15359345617932,45.9836908068889,15.335966360930742,-12.812573028460521,57.79907454930699,14.599999999999994,56.22172845971335,56.226545309863766,54.96616648463984,11.815383742418085,0.7359663609307479
1645814127.5774174,42.20348669881975,46.07899183359716,15.343856104109593,-12.83928094248457,57.90058138222151,14.599999999999994,56.29792402096868,56.302838036589094,55.04276764130432,11.821589548624353,0.7438561041095983
1645814127.6771677,42.28297084174235,46.18519006845731,15.340267488165718,-12.864006770715802,58.001822682396295,14.599999999999994,56.398776104821344,56.40363412117877,55.14697761245815,11.816632613938985,0.7402674881657241
1645814127.7774136,42.3623196293584,46.25284661674008,15.346438213143783,-12.894100005856982,58.08939752286166,14.599999999999994,56.509962380594665,56.51489200434047,55.25641963521539,11.83655090612158,0.7464382131437883
1645814127.8771245,42.42093902604471,46.35986220680249,15.350375113032404,-12.92650752705559,58.169818386492025,14.599999999999994,56.59341750516999,56.59839191818739,55.3474465531003,11.809956179689536,0.7503751130324101
1645814127.9772007,42.47680145544595,46.446247475819895,15.354953497095563,-12.959906004168584,58.26313185102591,14.599999999999994,56.682160247293595,56.68718766249254,55.43670745961454,11.816884375206016,0.7549534970955687
1645814128.0772934,42.553226059387214,46.54279760516214,15.36001903410768,-12.994750812513196,58.377271079188034,14.599999999999994,56.79465201027827,56.799737023165974,55.54797687190041,11.834473474025891,0.7600190341076853
1645814128.177602,42.61899841476971,46.62256549111051,15.364564919796779,-13.028363644166706,58.487374789097025,14.630965109823268,56.898177508563,56.902906538041954,55.64736205893642,11.864809297986518,0.7335998099735104
1645814128.2774303,42.694939852508654,46.70801243061206,15.369551859554777,-13.060911131922783,58.593988810582005,14.683204930662558,57.008695420114,57.012826851596536,55.75585098443143,11.885976379969946,0.6863469288922186
1645814128.3771286,42.75885014056763,46.782570648402924,15.381170309166073,-13.097878445414949,58.70061136877895,14.700000000000003,57.114042257055004,57.118104099582595,55.85672858598258,11.918040720376027,0.6811703091660704
1645814128.477117,42.82353572298846,46.87700070957267,15.387118600759997,-13.13707793050363,58.80761437177236,14.700000000000003,57.21826476599995,57.2223903275945,55.96061365349209,11.93061366219969,0.6871186007599945
1645814128.577345,42.90514217687569,47.003067636928,15.378184505027672,-13.16929059719683,58.90818433522313,14.700000000000003,57.3242864284764,57.328297975405334,56.07443277407252,11.905116698295132,0.6781845050276694
1645814128.678291,42.98530291375885,47.119765079971835,15.369715376667015,-13.199596468954885,59.00745561767745,14.700000000000003,57.42873936424098,57.432644233499005,56.18489938271374,11.887690537705616,0.6697153766670123
1645814128.7772439,43.0623040792066,47.20596221578834,15.37787268814525,-13.22933438455636,59.10486647755577,14.700000000000003,57.53548890524616,57.5394820531697,56.29163846376296,11.898904261767427,0.6778726881452464
1645814128.8777442,43.16096796816994,47.266954449589576,15.389643271107301,-13.259550527296913,59.20384383997089,14.700000000000003,57.669439355827926,57.67356277755778,56.42051849546685,11.93688939038131,0.6896432711072986
1645814128.9790676,43.27803534957158,47.42803102099714,15.393844187362548,-13.294914766856325,59.30649084178774,14.700000000000003,57.806543683133114,57.810707592506716,56.572950116427904,11.878459820790603,0.6938441873625454
1645814129.0771556,43.31872129081701,47.49331184047611,15.398959888923324,-13.331907056315817,59.40746885299047,14.700000000000003,57.88990265533199,57.89412210553104,56.65062834713282,11.914157012514359,0.6989598889233211
1645814129.1770382,43.39540935859729,47.583727366458454,15.407371203467505,-13.365231417349204,59.515071762454426,14.700000000000003,58.00109757920021,58.00541090632321,56.7606407759465,11.931344395995971,0.7073712034675026
1645814129.2773328,43.473762979710656,47.67854466719339,15.413377174883818,-13.396226577213568,59.62583083089591,14.700000000000003,58.11138751468655,58.11576606976555,56.869989556924224,11.947286163702515,0.7133771748838154
1645814129.3770785,43.547387611513166,47.787535890868114,15.418282049751415,-13.423739995996405,59.73837340560193,14.700000000000003,58.21109772349864,58.21552909042143,56.97112760750957,11.95083751473382,0.7182820497514122
1645814129.4774415,43.553439321400376,47.80818534987075,15.430254977526001,-13.449415658618525,59.85306117000163,14.700000000000003,58.261518255152254,58.26609461537337,57.0028549800189,12.044875820130883,0.7302549775259983
1645814129.5778184,43.64188786679435,47.91358034145996,15.435109219944845,-13.478926165484863,59.95954708676183,14.700000000000003,58.37715915098254,58.38178736647579,57.12081403227921,12.045966745301868,0.7351092199448424
1645814129.6778224,43.715365460561536,48.006293473018154,15.445828985533911,-13.510131945046572,60.06176614826302,14.700000000000003,58.48155243102594,58.48630810385024,57.22549740560811,12.055472675244864,0.7458289855339082
1645814129.77704,43.786834823734964,48.098206128595095,15.460252056480838,-13.538015897700646,60.158479746601934,14.700000000000003,58.57976365585703,58.58469674894163,57.32485072143561,12.060273618006839,0.7602520564808355
1645814129.8779154,43.86404081855531,48.18131465101904,15.474997596913491,-13.56491023198823,60.25458479620002,14.700000000000003,58.68431026061603,58.68942742981453,57.42895105054354,12.073270145180977,0.7749975969134884
1645814129.977391,43.95763994969558,48.29491511547395,15.491891867474285,-13.59443251837363,60.356458161088455,14.719524833683664,58.80239677097441,58.80746905662569,57.55207246806921,12.061543045614506,0.772367033790621
1645814130.0786893,44.035359456358954,48.384925221110215,15.510969752747918,-13.630284613298796,60.47389690312837,14.777068661018049,58.919179749017985,58.92375033133526,57.66564406965775,12.088971682018155,0.7339010917298694
1645814130.1771474,44.1182617057713,48.48478688123825,15.530791222696262,-13.664366146293162,60.59143040503491,14.799999999999997,59.037300911393835,59.04182377530045,57.782627852064465,12.106643523796663,0.730791222696265
1645814130.2772315,44.195375586762886,48.570074110919975,15.551318096323278,-13.698469922435551,60.71329789958559,14.799999999999997,59.153657805959476,59.15842890667747,57.893845509198435,12.143223788665615,0.7513180963232813
1645814130.3770552,44.2759019810063,48.672932965368176,15.570080953250615,-13.724966633417916,60.824143718351706,14.799999999999997,59.26004288549851,59.2650462538053,58.00086861442421,12.15121075298353,0.7700809532506181
1645814130.477064,44.36252406954972,48.770294534542494,15.587499023394482,-13.749040107185532,60.93167484185731,14.799999999999997,59.3704729814911,59.37569550546597,58.11156417673526,12.161380307314815,0.787499023394485
1645814130.5771031,44.446893787331426,48.86052907305619,15.601824990361072,-13.777778913669408,61.034959538634055,14.833802010644584,59.48385720764804,59.48881514702772,58.224672701000834,12.174430465577863,0.7680229797164877
1645814130.6773229,44.529525257100865,48.957246389069695,15.618429870862421,-13.808754197861825,61.13642357908914,14.883518391484321,59.59603348202975,59.60056460868247,58.33827945496269,12.179177190019445,0.7349114793781002
1645814130.7771473,44.589877803421174,49.00570587684725,15.638933546556771,-13.835405806277347,61.24323919219272,14.899999999999991,59.69314019649073,59.69771360198081,58.425283609698525,12.237533315345466,0.7389335465567797
1645814130.8770869,44.66396314859977,49.07293821829417,15.658366916375925,-13.859989789990259,61.35305065737543,14.899999999999991,59.798446711221345,59.80325534161692,58.52395293859003,12.280112439081257,0.7583669163759339
1645814130.9777846,44.738629350559336,49.13469792536659,15.677729417845008,-13.883923181784635,61.45995606556921,14.899999999999991,59.90422066624404,59.90926903808326,58.622552532343974,12.325258140202621,0.7777294178450163
1645814131.0774138,44.822237409729865,49.22461178957448,15.69186958014987,-13.907140072216876,61.563661013313464,14.899999999999991,60.01159817204376,60.016822413343526,58.72937748194674,12.339049223738982,0.7918695801498785
1645814131.1770742,44.911514598777515,49.31310441721946,15.707815559583798,-13.935755600355252,61.68132821787907,14.927359946160472,60.13297073879638,60.13803522594886,58.847270199132765,12.368223800659607,0.7804556134233263
1645814131.2778423,44.999604875184694,49.39451338178145,15.72213045408424,-13.970100340455943,61.81428415958541,14.982484417449324,60.26339551828081,60.26793439012372,58.96970521564064,12.419770777803961,0.739646036634916
1645814131.37716,45.08162187368667,49.53036804186612,15.739289733707936,-13.997931433793479,61.93210035841029,15.0,60.36718134435801,60.37170804915968,59.079553307480154,12.40173231654417,0.7392897337079365
1645814131.4771137,45.16655231567791,49.63122478049842,15.7487094069964,-14.023058574944493,62.04433799319998,15.0,60.47723056667387,60.481864908340555,59.189610890622404,12.41311321270156,0.7487094069964009
1645814131.577318,45.25486695487897,49.73152101713855,15.758026819538028,-14.047781762903934,62.15477125436376,15.0,60.589943814146864,60.5946853780149,59.3026487177829,12.423250237225211,0.7580268195380278
1645814131.678394,45.343510096279495,49.838993793176115,15.767357256114998,-14.072508894824997,62.26522213237146,15.0,60.7015194495913,60.70636952287317,59.416018991104494,12.426228339195347,0.7673572561149982
1645814131.777396,45.43070191780383,49.92595093994301,15.775677261733858,-14.095033882601719,62.365836497165944,15.0,60.81170919532263,60.81665602835179,59.52573580040555,12.439885557222937,0.7756772617338576
1645814131.877252,45.51979393060809,50.01603330121168,15.781231650123729,-14.116879773688273,62.463417480294154,15.0,60.92183699967021,60.92684585882927,59.63667370429636,12.447384179082476,0.7812316501237291
1645814131.977226,45.60276971838971,50.097762807541024,15.791629288110478,-14.14156605390006,62.57778909434861,15.0,61.033898064858285,61.039031692199266,59.74433577228977,12.480026286807586,0.7916292881104781
1645814132.0772555,45.738703806904276,50.25103273296937,15.808046521187686,-14.170953509354968,62.71999561544093,15.0,61.193480658613204,61.198815464814935,59.90965731625924,12.468962882471558,0.8080465211876859
1645814132.1771727,45.82605037152473,50.356354356599546,15.822988676807883,-14.197106747637969,62.84032768158939,15.033546741147093,61.30765841663462,61.31274091981641,60.0231571191627,12.483973324989847,0.7894419356607898
1645814132.2769432,45.910765072732254,50.45132579157218,15.842933968104719,-14.221708144462607,62.950216927466016,15.082904335662022,61.417722318916894,61.42242473141037,60.13247321719486,12.498891135893835,0.7600296324426967
1645814132.3771954,45.98799092339725,50.51568921250449,15.859351799306594,-14.250933393546674,63.05609823704769,15.099999999999994,61.53039786451362,61.53508329823283,60.23892431694392,12.540409024543202,0.7593517993066001
1645814132.4773798,46.066464757493314,50.592490452509715,15.876952075698258,-14.2825070633179,63.1595223759407,15.099999999999994,61.64356163618063,61.648457772449845,60.348971820811215,12.567031923430989,0.7769520756982633
1645814132.5791295,46.1558691694689,50.68608189668917,15.891198562399452,-14.310068082112593,63.27068912012233,15.099999999999994,61.76165401509481,61.76672163750817,60.465937251581494,12.58460722343316,0.7911985623994582
1645814132.6770606,46.2410903681297,50.79490614794305,15.90078154750631,-14.334622010661022,63.38036633523041,15.099999999999994,61.8693036838445,61.87448577087814,60.57571237879072,12.58546018728736,0.8007815475063165
1645814132.7773426,46.33424685924358,50.8802316901818,15.91151483052572,-14.359188657560418,63.49010035972683,15.099999999999994,61.98953058941178,61.99484219687781,60.693435516803994,12.60986866954503,0.8115148305257254
1645814132.8772793,46.41053309299072,50.971144568958714,15.9171651035247,-14.383414451605239,63.59831186612827,15.099999999999994,62.091460056965914,62.09683704354202,60.79394754459596,12.627167297169557,0.8171651035247063
1645814132.9782743,46.495783223847404,51.07344077316995,15.920317785463032,-14.407792373100584,63.70720289446888,15.131243700982845,62.20014040041008,62.20514531565315,60.90357559694799,12.633762121298929,0.7890740844801876
1645814133.076955,46.58712956163368,51.152045744921296,15.919051840317483,-14.431554361502645,63.81334268013408,15.178917196791952,62.31844211622466,62.32283712319097,61.01868392313632,12.661296935212782,0.7401346435255309
1645814133.177197,46.63827565161209,51.18415311334639,15.908228658766712,-14.456654587910434,63.92546009221635,15.170724410711093,62.409385548184375,62.413743014001525,61.094930239522526,12.741306978869957,0.7375042480556182
1645814133.277117,46.71162133938846,51.27902664541652,15.900793030182077,-14.482413778653248,64.0405209586883,15.11904394310271,62.510524482968385,62.51541252180088,61.194035118041704,12.761494313271783,0.7817490870793673
1645814133.3770266,46.677613154974026,51.23727244676608,15.888651876498356,-14.508030323085253,64.1549446544629,15.099999999999994,62.534384326462195,62.53935716708307,61.185643478059276,12.917672207696818,0.7886518764983617
1645814133.477202,46.78557475707904,51.343021908001255,15.886713300614145,-14.533633138087048,64.26930702392185,15.099999999999994,62.66685011861271,62.6717880836827,61.31920789516609,12.9262851159206,0.7867133006141511
1645814133.5771444,46.885140635841076,51.4738336639296,15.889055740030432,-14.558660199826736,64.3748027540826,15.133928668876385,62.78356205726381,62.78810302511046,61.443800835667815,12.900969090152998,0.7551270711540479
1645814133.6769397,47.00872545298647,51.62316035251676,15.897115557892818,-14.583410374313202,64.47614374029438,15.183584754348463,62.918919076339975,62.92296483751084,61.59213582729967,12.852983387777613,0.713530803544355
1645814133.7780035,47.10200689574773,51.70639866354552,15.90639109722764,-14.606933054688183,64.57816902558702,15.200000000000003,63.037098141171086,63.04105591153972,61.70893995043591,12.871770362041495,0.7063910972276375
1645814133.8776898,47.186514958374275,51.81248603535077,15.918432795813175,-14.629398016042494,64.67851526489608,15.200000000000003,63.140650970639996,63.14473810760704,61.81591297441677,12.866029229545305,0.7184327958131718
1645814133.9771888,47.26680626830418,51.87993002115333,15.929911523274459,-14.653688811742246,64.78701712092955,15.200000000000003,63.25140795554881,63.25561934872721,61.92049508004642,12.90708709977622,0.7299115232744562
1645814134.0771751,47.33005422082094,51.942279649304595,15.946546300663334,-14.680274425632867,64.9057694455407,15.200000000000003,63.35087155310752,63.35527016687216,62.01032864645381,12.963489796236104,0.746546300663331
1645814134.1770577,47.41205750253063,52.05155517727777,15.956176588623117,-14.710296162636876,65.01721758561514,15.200000000000003,63.46097404379422,63.46547903876804,62.12235366516751,12.965662408337373,0.7561765886231147
1645814134.2770019,47.49914652639724,52.141253351666194,15.960832249378994,-14.742788433043534,65.12365073465548,15.200000000000003,63.58145255737009,63.58600455302093,62.241934959440776,12.98239738298929,0.760832249378991
1645814134.3771126,47.58117300533872,52.23568191813462,15.960518127176144,-14.770526106962068,65.2346916575509,15.200000000000003,63.6922965231772,63.69683684625237,62.351699112300786,12.99900973941628,0.760518127176141
1645814134.4769676,47.696912315318215,52.38695315713566,15.970759844422789,-14.795812730188938,65.34764166349918,15.200000000000003,63.82256756173588,63.82722147258265,62.49272504550716,12.960688506363518,0.7707598444227859
1645814134.5771265,47.79350856524809,52.496850073001646,15.970104742125782,-14.824871105148251,65.4582809498324,15.200000000000003,63.945759538227136,63.95039659169138,62.61837967039634,12.961430876830754,0.7701047421257794
1645814134.6774158,47.88207941531905,52.61000317607061,15.964833980357774,-14.855554036986815,65.56792429293384,15.200000000000003,64.06183240328626,64.06639791563317,62.737633452305865,12.957921116863226,0.7648339803577713
1645814134.777553,47.966487352852546,52.7070994251163,15.96015491630383,-14.882088971747965,65.6712702493246,15.200000000000003,64.17174823228981,64.17625033207511,62.848576324600515,12.96417082420831,0.7601549163038275
1645814134.8772783,48.04722383076569,52.77166271098575,15.954666943824165,-14.90648334252501,65.77115437823295,15.200000000000003,64.28184837469487,64.28627810554413,62.953707173290695,12.999491667247199,0.7546669438241622
1645814134.9771156,48.12130639910742,52.83635539630817,15.952672452076502,-14.931138894837497,65.87790207716189,15.200000000000003,64.38705457912174,64.39145372792042,63.05244529394491,13.04154668085372,0.7526724520764994
1645814135.0790212,48.1288676287641,52.86881456126419,15.95240218357881,-14.95644668537741,65.99094663463389,15.200000000000003,64.43560531464715,64.43999799279047,63.085314314141506,13.122132073369698,0.7524021835788073
1645814135.1769423,48.19940859596599,52.94398286311055,15.946570590730799,-14.984698617926433,66.09991589930462,15.200000000000003,64.53921271962864,64.54353062946292,63.184107213892425,13.155933036194071,0.746570590730796
1645814135.2786515,48.27579407333141,53.0178735117581,15.94027462526112,-15.016431107542004,66.21330976344584,15.200000000000003,64.65311520892665,64.65735312197329,63.292225180873416,13.195436251687738,0.740274625261117
1645814135.3770964,48.34601279410421,53.09594806960631,15.940394702348504,-15.047576851165905,66.32460693209065,15.200000000000003,64.7591277227611,64.76336007132544,63.39358964527012,13.228658862484338,0.7403947023485014
1645814135.4805598,48.41958357532611,53.19234738700267,15.944394140520904,-15.080573973922492,66.44251987700727,15.200000000000003,64.86784318747054,64.87211421273943,63.5001575492486,13.250172490004601,0.7443941405209014
1645814135.5772693,48.483916857765564,53.278010189993154,15.95449651659095,-15.107450518275177,66.54764270529333,15.200000000000003,64.9611049155238,64.96548635113292,63.59136737604074,13.269632515300174,0.7544965165909474
1645814135.6791809,48.555175554251264,53.36078688253798,15.960916548363056,-15.13392632072338,66.65604937373574,15.200000000000003,65.06201428138195,65.06646368402329,63.68910187497464,13.29526249119776,0.7609165483630527
1645814135.7772944,48.6666966585414,53.48719516386005,15.934283029682783,-15.159592561565898,66.7508619038575,15.200000000000003,65.18987690583945,65.19401216803718,63.8262892201073,13.263666739997447,0.7342830296827803
1645814135.8777692,48.77867078818163,53.61675531702568,15.919355455899774,-15.18593163967122,66.84498278456772,15.200000000000003,65.31811667283674,65.32207772230034,63.964602427852846,13.228227467542041,0.7193554558997715
1645814135.977207,48.865114516213524,53.722899696721875,15.907446976448558,-15.215526261520436,66.95471405626847,15.200000000000003,65.43247996011219,65.43630425807198,64.08064077773396,13.231814359546597,0.7074469764485549
1645814136.0771995,48.964227188452476,53.82900823383208,15.896215817676316,-15.251147428071638,67.0926113217481,15.200000000000003,65.57085864935966,65.57455467236578,64.21537461652412,13.263603087916017,0.6962158176763129
1645814136.178326,49.05031525045864,53.930146350114086,15.89088550187434,-15.284938500326493,67.21733022660412,15.200000000000003,65.69302954306163,65.69666242148278,64.33525375078513,13.287183876490033,0.6908855018743374
1645814136.2784867,49.18809574457275,54.11365890378719,15.89808776885242,-15.317107623065091,67.33228437049945,15.200000000000003,65.84567807175753,65.84937848805069,64.50520336763785,13.218625466712261,0.6980877688524174
1645814136.3769555,49.28945408908453,54.220787398193764,15.89024616171359,-15.348054291937437,67.44920557481173,15.200000000000003,65.97725772690285,65.98086826441376,64.63750838102197,13.228418176617964,0.6902461617135867
1645814136.4768517,49.37452038777659,54.295726304838716,15.890457533067288,-15.379146101348494,67.56956871696184,15.200000000000003,66.100168049459,66.10377408114978,64.75366648912508,13.273842412123123,0.6904575330672849
1645814136.5772421,49.45173417173266,54.386395325016764,15.906773108415607,-15.405971770192561,67.68976152556962,15.200000000000003,66.20801743229632,66.21178973975883,64.85770594192522,13.303366200552858,0.7067731084156037
1645814136.6773212,49.61494111328708,54.585743398538796,15.938819378171669,-15.430659402905992,67.80922550420689,15.200000000000003,66.37612993773516,66.38024163547962,65.04560051619308,13.223482105668097,0.7388193781716659
1645814136.7777858,49.71605172931914,54.74490025283751,15.948530299286281,-15.458959636830398,67.92678267810882,15.232154037460527,66.49469250136734,66.49855130602398,65.17501136614953,13.181882425271311,0.7163762618257543
1645814136.8769736,49.80492167896003,54.83120862781157,15.964157513417742,-15.488638539759316,68.04167615262055,15.279789682439718,66.61655543676484,66.62007068134679,65.29356021871935,13.210467524808983,0.6843678309780241
1645814136.9768186,49.88736178097475,54.88839877367606,15.991543278958394,-15.519735592822473,68.16757018836056,15.299999999999997,66.74147721114633,66.74505983541133,65.40709737379723,13.279171414684498,0.6915432789583971
1645814137.0773406,49.98371134091457,55.010371230203056,16.007605554398154,-15.55193950731008,68.30182840307486,15.299999999999997,66.86990627987073,66.87365005365947,65.53565084822465,13.291457172871809,0.7076055543981568
1645814137.1793156,49.95901239421722,54.96391723758128,16.04105947400293,-15.580039990681543,68.43003848152358,15.333115135803354,66.9081744547485,66.91191967096033,65.53905238489877,13.466121243942304,0.707944338199578
1645814137.276965,50.04239934306118,55.049588878779176,16.049735459464927,-15.604541392351365,68.54860128584099,15.38227211080305,67.02047570619575,67.02379928955521,65.64694073541254,13.499012407061812,0.667463348661876
1645814137.377705,50.1288556258764,55.136667343669785,16.05923390613566,-15.634789191081959,68.68062482622747,15.399999999999991,67.14384382726674,67.1470800053389,65.76364481695836,13.543957482557687,0.6592339061356682
1645814137.4772673,50.22951915396543,55.250108851435535,16.060512028026942,-15.66732364295508,68.81626105112277,15.399999999999991,67.27878102423627,67.2820232472709,65.89684279692051,13.566152199687231,0.6605120280269503
1645814137.5771856,50.40200583857061,55.42103300441213,16.080130678340364,-15.693821506696278,68.9456371396411,15.399999999999991,67.46534895388878,67.46877712845847,66.09582734526688,13.524604135228962,0.6801306783403724
1645814137.6774697,50.49657763243648,55.51556649085251,16.07810178398103,-15.718291709491833,69.07315757400816,15.399999999999991,67.58858777890465,67.59198931808515,66.2148693419283,13.557591083155657,0.6781017839810382
1645814137.7817867,50.60455206327619,55.63430207846439,16.078414129386765,-15.741563203815392,69.1944312346939,15.399999999999991,67.7176794771338,67.72107766049488,66.34611526709158,13.560129156229507,0.6784141293867734
1645814137.8769298,50.698518975236155,55.73217895324413,16.072412876314765,-15.761997893960173,69.30092158923348,15.399999999999991,67.83149032154937,67.83482305069188,66.46051686919633,13.568742635989352,0.6724128763147732
1645814137.9774382,50.78175430267988,55.81532182024507,16.086202367919594,-15.786047770213212,69.42625159574074,15.399999999999991,67.94504898938071,67.94851400773297,66.56780207289309,13.61092977549567,0.6862023679196021
1645814138.077128,50.86820620184113,55.875739125106385,16.076098258029603,-15.813876352362737,69.57127339731642,15.399999999999991,68.07398763673933,68.07734499539073,66.68208255420387,13.695534272210033,0.6760982580296115
1645814138.1768517,50.958673482953515,55.98212646185047,16.074222286940653,-15.844564242170263,69.71102491870364,15.399999999999991,68.1993784678276,68.20271108313946,66.80323772512378,13.728898456853173,0.6742222869406618
1645814138.2775667,51.063048673267055,56.10253871314625,16.080882336320528,-15.877533846077242,69.8484752936992,15.399999999999991,68.33734235764314,68.34073427511326,66.9405825193443,13.745936580552943,0.6808823363205363
1645814138.3768516,51.15661024287774,56.1929111610677,16.085577748216423,-15.904648251216726,69.97937241826273,15.399999999999991,68.46370501811815,68.46713753076541,67.06125849409446,13.786461257195029,0.6855777482164314
1645814138.477699,51.23970917679125,56.265552994107914,16.10744211191603,-15.929764216983857,70.11025808769038,15.399999999999991,68.58144074839294,68.58508941065136,67.1694733937751,13.84470509358247,0.7074421119160377
1645814138.5783718,51.35837987849024,56.39126156651744,16.112155653927346,-15.959042461777011,70.24023404891916,15.399999999999991,68.72720996342157,68.73089956512757,67.31742234026726,13.84897248240172,0.7121556539273541
1645814138.6774747,51.46034102781247,56.49611620609329,16.117744805994853,-15.989663026071923,70.36789127199873,15.399999999999991,68.86166706047783,68.86540748412536,67.45000405388438,13.871775065905439,0.7177448059948617
1645814138.777374,51.55261219191739,56.56838880406261,16.119375067893365,-16.020369609545902,70.49590710829116,15.399999999999991,68.9933593591116,68.99710962166327,67.5729818014633,13.927518304228556,0.7193750678933739
1645814138.8772893,51.691562070039005,56.746749372200306,16.138474742660605,-16.05100441046612,70.6236236824258,15.399999999999991,69.14928021308287,69.15322334449061,67.74256648050513,13.876874310225496,0.738474742660614
1645814138.976985,51.7775771989401,56.85501622426213,16.144302524260276,-16.081460336548055,70.75639960797436,15.399999999999991,69.2683003633245,69.2722990918546,67.85903753548816,13.90138338371223,0.7443025242602843
1645814139.076877,51.8763536923571,56.96535422154789,16.148054274471765,-16.111913786787117,70.89242874089669,15.399999999999991,69.4000570567716,69.40408853000454,67.98826747914421,13.9270745193488,0.7480542744717731
1645814139.177657,51.98009292943105,57.059294544942944,16.14652426201415,-16.144666858535476,71.03265595324321,15.399999999999991,69.5430638181488,69.54707056151892,68.12475978796652,13.973361408300264,0.7465242620141588
1645814139.2768245,52.08538383585204,57.1599452122379,16.143431996920913,-16.1782391092328,71.1726187656615,15.399999999999991,69.68699475299198,69.6909601658463,68.26362294508485,14.012673553423596,0.743431996920922
1645814139.3786566,52.19007393096719,57.277549789284166,16.146854702649883,-16.205098881258724,71.31080014281453,15.399999999999991,69.81999555642427,69.82398994218231,68.39517281222591,14.033250353530363,0.7468547026498911
1645814139.476987,52.28106176920655,57.35306682189219,16.148691552829526,-16.228690418826268,71.44252316493623,15.399999999999991,69.94354098062388,69.94754794808387,68.50975218803282,14.089456343044041,0.7486915528295341
1645814139.5767858,52.40345546076732,57.50312644061782,16.16320384567167,-16.257399047580126,71.57938718238339,15.399999999999991,70.08890110628519,70.09305627804136,68.66085450834744,14.076260741765566,0.7632038456716792
1645814139.6767738,52.51576999807619,57.61145149536753,16.156106433778405,-16.288436621332394,71.71802547053767,15.399999999999991,70.23542039343977,70.23949013754596,68.80420661940857,14.106573975170136,0.7561064337784131
1645814139.7768278,52.62490076478221,57.70970404629364,16.150928923070673,-16.313522105595244,71.84660502424467,15.399999999999991,70.37299281056174,70.37699916423603,68.93842287037745,14.13690097795103,0.7509289230706813
1645814139.8772962,52.731416027756296,57.807546949201196,16.14992715880141,-16.335742261118714,71.97067095378343,15.399999999999991,70.50437174863477,70.50835997534759,69.067158288875,14.16312400458223,0.7499271588014196
1645814139.977705,52.81530352471154,57.872780780492164,16.15383283386891,-16.363229662951795,72.10776994225772,15.399999999999991,70.6279291104604,70.63195193659622,69.17853318766333,14.234989161765554,0.7538328338689197
1645814140.0774422,52.921402255721276,57.98374711401927,16.150400948201565,-16.397699537639394,72.26173959524898,15.399999999999991,70.77428164758969,70.7782596869647,69.31910179336067,14.27799248122971,0.7504009482015732
1645814140.1770787,53.038008905019595,58.124703816901395,16.154687312263306,-16.430370937793686,72.40767584194417,15.399999999999991,70.92149947550136,70.9255147375952,69.46837984281328,14.282972025042774,0.7546873122633144
1645814140.2795062,53.15144080690977,58.21014176550798,16.14956793060669,-16.46283474347994,72.55268480781315,15.399999999999991,71.0764088944142,71.08036123577705,69.6142755503897,14.342543042305174,0.7495679306066982
1645814140.3770752,53.25360280376187,58.31843112346312,16.147365229036176,-16.489724970838154,72.69744328557682,15.399999999999991,71.21016612698998,71.21408789431402,69.74332777460003,14.379012162113703,0.7473652290361841
1645814140.4768777,53.382587895000036,58.437745565079254,16.15787499748781,-16.51515879166373,72.84891996136264,15.399999999999991,71.36789852134578,71.37192244759088,69.89774668666377,14.411174396283386,0.7578749974878178
1645814140.5769968,53.51574621491504,58.57609552790251,16.157142640317446,-16.544504864197393,72.99170098628983,15.399999999999991,71.5279558075034,71.53196297444903,70.06025107911243,14.415605458387319,0.7571426403174542
1645814140.6777916,53.62736194079945,58.69730123093819,16.164283874463408,-16.5757653659883,73.1313350481105,15.399999999999991,71.67161513380539,71.67569006105965,70.20312730678775,14.434033817172313,0.7642838744634162
1645814140.7768366,53.72761853469862,58.76992210270486,16.16060841520492,-16.605687082827252,73.26498904019346,15.399999999999991,71.81142558542179,71.81545355821302,70.33330561752587,14.495066937488595,0.7606084152049277
1645814140.8768563,53.830326191811295,58.8588974391584,16.15773317890887,-16.635540302535933,73.39833707005654,15.399999999999991,71.95021643872727,71.95420630616475,70.46586649434722,14.539439630898144,0.7577331789088788
1645814140.9769032,53.88504048717026,58.945594723718436,16.162121700778776,-16.666866866518188,73.5382662170061,15.399999999999991,72.04524753621469,72.0492784283177,70.55190735368845,14.59267149328766,0.7621217007787848
1645814141.0768774,54.00425443137182,59.066444020242976,16.157470667840755,-16.699165821851288,73.68253883033256,15.399999999999991,72.198364683706,72.20233808412333,70.7034202532231,14.616094810089585,0.7574706678407637
1645814141.1772373,54.10279731048144,59.16676889221185,16.160616339388547,-16.726685260172303,73.82417558833895,15.399999999999991,72.33018161377872,72.33418078265599,70.82948257065374,14.657406696127097,0.7606163393885552
1645814141.2771451,54.20632499630224,59.267209364382566,16.162060796933343,-16.7516552974754,73.96359544457503,15.399999999999991,72.46391330303803,72.46792026716673,70.95798029377764,14.696386080192468,0.7620607969333513
1645814141.376906,54.309404921278414,59.36965786194647,16.161713796995976,-16.780692118920857,74.10235933261356,15.399999999999991,72.60065006464298,72.60464584113939,71.09009704019927,14.732701470667088,0.7617137969959842
1645814141.476868,54.436716925616366,59.54706954621618,16.172376914018827,-16.811771686440316,74.24118519924232,15.399999999999991,72.74794955410688,72.75204966476332,71.24848861205669,14.694115653026145,0.7723769140188352
1645814141.5769835,54.53402189660504,59.6509199526085,16.17560803389445,-16.843192047730987,74.3815333196991,15.399999999999991,72.88139433782965,72.88552125387092,71.37721394433603,14.730613367090605,0.7756080338944571
1645814141.678804,54.631533582779255,59.74787606424131,16.178752301169823,-16.875294948812684,74.52493020130541,15.399999999999991,73.01772288709238,73.021875563168,71.50682853159194,14.777054137064098,0.7787523011698312
1645814141.776869,54.73175539083594,59.8437823165829,16.175153659267135,-16.899411738392608,74.64944211441492,15.43016058760985,73.14527781302503,73.14907163472022,71.63116712922854,14.805659797832021,0.7449930716572855
1645814141.8779767,54.84236459490187,59.96409848252712,16.170268770980712,-16.921359160094003,74.77198523714263,15.474193531639889,73.2755454249293,73.27885150614536,71.76372375499588,14.80788675461551,0.6960752393408232
1645814141.9784558,54.94857145657349,60.07069659432799,16.167752578796016,-16.9480785013642,74.90569870761891,15.5,73.41120870054904,73.41424559567479,71.89664995793768,14.83500211329092,0.6677525787960157
1645814142.07698,55.04869087302704,60.160911232076955,16.165884330540464,-16.98119632676916,75.05362904190764,15.5,73.55336629807375,73.55638038756578,72.0298871997962,14.892717809830685,0.6658843305404645
1645814142.176884,55.13899645704627,60.272729920444114,16.170501676030096,-17.01115421971368,75.20378002174814,15.5,73.67890132057356,73.68195214775716,72.15015067675995,14.93105010130403,0.6705016760300957
1645814142.2767446,55.222994054676604,60.37334405912715,16.18998247519635,-17.038057043797828,75.3539915656865,15.5,73.79755623035302,73.80078171258212,72.26105109847444,14.98064750655935,0.6899824751963486
1645814142.376937,55.341176428839866,60.46888412873194,16.179570940740756,-17.067845485828975,75.50272765499024,15.5,73.9532481085923,73.9563703981916,72.40902191466884,15.033843526258295,0.6795709407407564
1645814142.4773548,55.432021978464974,60.53452532296129,16.17933695102706,-17.098948036356035,75.6509180836269,15.5,74.08945229508427,74.09256669922158,72.53097001482101,15.116392760665619,0.6793369510270608
1645814142.57717,55.531859226938494,60.63459055848809,16.184361581404442,-17.134256078483446,75.79248198253545,15.5,74.23022286106978,74.23337751158968,72.66611530542194,15.157891424047357,0.6843615814044419
1645814142.677092,55.63658019119308,60.75426480167565,16.188996133134047,-17.17161983434502,75.93156198924952,15.5,74.37327706158109,74.37646843290005,72.8082000255381,15.177297187573863,0.6889961331340473
1645814142.7772493,55.74339681267387,60.88076115829195,16.192386811260473,-17.20498959649696,76.07823738339191,15.5,74.51463187397613,74.51784861904285,72.94838640917084,15.197476225099955,0.692386811260473
1645814142.8769436,55.848975830334965,61.012596593924386,16.19635006662479,-17.23633189756817,76.22757012143089,15.5,74.65224460875254,74.65549228650436,73.08530772790314,15.214973527506501,0.6963500666247917
1645814142.978239,55.96342612231881,61.1440592763625,16.220117913539564,-17.270809252461245,76.37193412114554,15.5,74.80067782591988,74.80414408992635,73.23423537478006,15.227874844783045,0.7201179135395641
1645814143.0768745,56.07277019550839,61.251566443842584,16.212374603215505,-17.30545600110884,76.50949830825847,15.5,74.9477722453515,74.95115771031418,73.37822619661723,15.257931864415887,0.7123746032155047
1645814143.177052,56.18190101039653,61.36521992625285,16.20622390945885,-17.346785003798036,76.6586888412561,15.5,75.1023159325209,75.10563634400864,73.52868601419456,15.293468915003245,0.7062239094588492
1645814143.277898,56.33089473939276,61.56062748488524,16.21367059075603,-17.393009783763127,76.81600414270203,15.5,75.28572650317764,75.2891090452223,73.72390452315588,15.25537665781679,0.7136705907560312
1645814143.3772156,56.432923974952296,61.68631557961477,16.216021086201305,-17.433026626980514,76.96653947024008,15.5,75.42986080110988,75.43325915450491,73.86595060193281,15.280223890625308,0.7160210862013052
1645814143.4769282,56.532939132840895,61.8055131760168,16.216968741633888,-17.470559830110023,77.11556426524926,15.5,75.57059959477883,75.57400060398328,74.00349896295091,15.31005108923246,0.7169687416338881
1645814143.5769641,56.61444249377157,61.924382125352885,16.22608307204727,-17.507809944091843,77.26974660326401,15.5,75.69404545551971,75.69752779351383,74.12225243786341,15.345364477911126,0.7260830720472704
1645814143.6772237,56.72652519055211,62.06336115188527,16.226048848997415,-17.54495502996939,77.42644812221042,15.5,75.84376846785166,75.84724360407714,74.2714802205215,15.36308697032515,0.7260488489974151
1645814143.7782242,56.83161442734819,62.18458428531846,16.225484132513557,-17.58316854305745,77.56653340633268,15.5,75.98792195667706,75.99138510726445,74.41478297040564,15.381949121014223,0.7254841325135573
1645814143.8769195,56.95930454624487,62.32042150039004,16.223971177630023,-17.62089002955875,77.69490972363309,15.5,76.14840977388411,76.15185122738256,74.58019457580363,15.374488223243048,0.7239711776300233
1645814143.97717,57.07582743868034,62.471374304069236,16.22543852930706,-17.660937985318338,77.83645233285274,15.5,76.29986716156463,76.30331572043389,74.73676542399868,15.365078028783508,0.7254385293070591
1645814144.0769906,57.16973431568404,62.60310335619149,16.234081249657716,-17.703579207824287,77.99517678166174,15.5,76.43905416947965,76.442578957056,74.87331352350833,15.392073425470251,0.7340812496577165
1645814144.1770244,57.27965317335479,62.6930641335887,16.236466979339305,-17.743586335364185,78.15013494007476,15.5,76.59900459078652,76.602544917979,75.02323950871897,15.457070806486065,0.7364669793393048
1645814144.2769156,57.420483470854464,62.83439429192675,16.24021332067795,-17.781960280234856,78.3024978814331,15.5,76.77675282786745,76.78032098494745,75.20244375108932,15.468103589506349,0.7402133206779489
1645814144.377552,57.49099042730352,62.94235001512688,16.248230437388838,-17.819795997531696,78.45272380225218,15.5,76.89139254132083,76.89503297177863,75.31078642483521,15.510373787125303,0.7482304373888375
1645814144.479786,57.598807006143794,63.078541266821055,16.25294843762131,-17.857852675939004,78.60382704486138,15.5,77.03727661896856,77.04095612216399,75.4566596820828,15.52528577804032,0.7529484376213098
1645814144.5768075,57.70565247202224,63.178884942469615,16.24953613801208,-17.895258750361663,78.74577665098958,15.5,77.18695417698227,77.19059333585761,75.6009112223839,15.566891708519968,0.7495361380120791
1645814144.6778855,57.81262823338509,63.27329395192318,16.244238830056563,-17.934811762617038,78.89300578045683,15.5,77.34112789166174,77.34470864248271,75.74743999600213,15.619711828533653,0.7442388300565632
1645814144.7768579,57.91426070712221,63.40766452619696,16.2477556874071,-17.970125924630384,79.0244565349459,15.5,77.47466893844617,77.47827737946866,75.88438663175259,15.616792008748938,0.7477556874070999
1645814144.8787742,58.01697685748761,63.542889507163736,16.246251880192748,-18.00546650795557,79.15600563788819,15.5,77.60915725971712,77.6127449742128,76.02244336544318,15.61311613072445,0.746251880192748
1645814144.9769573,58.12696782391389,63.651121765903724,16.2433836998732,-18.04153948347126,79.29028094225744,15.5,77.75747427211427,77.76102767134543,76.16850730738514,15.639159176353715,0.7433836998731991
1645814145.0768898,58.227460255449884,63.77899738602893,16.242825619755667,-18.07950501340387,79.43160094766598,15.5,77.89580827489903,77.89935004030004,76.30696526885376,15.652603561637058,0.7428256197556671
1645814145.177133,58.3332674425987,63.8970324586672,16.24543768416021,-18.11777592285451,79.58018709074956,15.5,78.04308663091314,78.04664661739913,76.4510433654532,15.683154632082363,0.7454376841602084
1645814145.2782986,58.436302942865034,63.98765719263855,16.24981445537666,-18.15650354070147,79.73395428322482,15.5,78.19465376286331,78.19824869401849,76.5928064835665,15.746297090586268,0.7498144553766615
1645814145.376893,58.52159730880232,64.0992020393351,16.253108983627993,-18.193440646968018,79.87425954494535,15.5,78.32017293048193,78.32379370920317,76.71503795577034,15.775057505610249,0.7531089836279925
1645814145.477071,58.625525550733634,64.23821630867576,16.258465585409283,-18.230619302388856,80.01265054882214,15.5,78.45826774330955,78.4619337470413,76.85614485312249,15.774434240146377,0.758465585409283
1645814145.5766788,58.72606857291525,64.34509140883115,16.261542846859815,-18.272041109701448,80.15744432674435,15.5,78.60495785570342,78.60864676996108,76.9981096826167,15.812352917913202,0.7615428468598147
1645814145.676746,58.83449122373712,64.46219385922666,16.261260806917967,-18.315801323152257,80.30637204853235,15.5,78.76043183328215,78.76411073948105,77.15029254688937,15.844178189305694,0.7612608069179672
1645814145.7768016,58.90191558931223,64.51277097006803,16.266748718010785,-18.352047231766115,80.43681477948361,15.5,78.8780701006607,78.8817966732586,77.25396282107835,15.92404380941558,0.7667487180107848
1645814145.8767564,59.001971480314175,64.61170694525613,16.265502395433312,-18.384715950860972,80.55841833796646,15.5,79.01263820309254,79.01634634510896,77.38668743117515,15.946711392710327,0.7655023954333124
1645814145.9770005,59.11254294644078,64.75269603664103,16.267567369673102,-18.423868394624034,80.69800739913904,15.5,79.15900478213337,79.16272606324773,77.53641134106482,15.945311362498018,0.7675673696731025
1645814146.076854,59.21095742338018,64.86881932726608,16.27055578831746,-18.472688911808127,80.8641566892679,15.5,79.31330106139114,79.317044079301,77.68364633518831,15.99533736200182,0.7705557883174592
1645814146.1769552,59.315730240624106,64.97397405130889,16.271011793232052,-18.515073553209184,81.015821705306,15.5,79.4668163156687,79.47055652588278,77.8308037938333,16.04184765399711,0.7710117932320522
1645814146.2770116,59.44180278572125,65.13626627785266,16.26931237624909,-18.553232594024834,81.15786202133349,15.5,79.62359621403299,79.6273126231673,77.99503537974608,16.02159574348083,0.7693123762490899
1645814146.3769453,59.53193683239873,65.23161410721518,16.266685157826615,-18.59231604690609,81.30972828223825,15.465585626120902,79.76154865205818,79.76557154458523,78.12425287930482,16.078114175023074,0.801099531705713
1645814146.476847,59.62993702473195,65.32613362595298,16.259093490563373,-18.631910678632746,81.46693793509527,15.412626688388581,79.9089630122346,79.91344615105683,78.2618477033647,16.140804309142297,0.8464668021747919
1645814146.5767286,59.73511362781559,65.45238480711923,16.252838406791586,-18.673468022447224,81.613723354951,15.399999999999991,80.05682069669994,80.06136317482775,78.40858165026282,16.161338547831775,0.8528384067915944
1645814146.6768765,59.821847709932186,65.57218533212415,16.24047866596009,-18.715754923029504,81.7576369986144,15.399999999999991,80.18805318113967,80.19245773368725,78.5376026329617,16.185451666490252,0.8404786659600987
1645814146.7769198,59.92042923112753,65.68712167503978,16.238603852662102,-18.75776057153017,81.89438590424457,15.399999999999991,80.33014978461257,80.33452695348365,78.6781898026577,16.207264229204796,0.8386038526621107
1645814146.8774257,60.01852302294797,65.84111183533308,16.238861411176316,-18.79985663865658,82.02869607812866,15.399999999999991,80.46350014819416,80.46787274785883,78.81837966160455,16.18758424279558,0.8388614111763246
1645814146.9769137,60.11665970813856,65.99504546098436,16.24212294786851,-18.83889963225788,82.16554756361523,15.399999999999991,80.59445073332316,80.59885024034388,78.95555934039645,16.170502102630877,0.8421229478685177
1645814147.0767927,60.248588608834,66.15425980654811,16.2451433985157,-18.876461435755864,82.30536476880107,15.399999999999991,80.75662038533164,80.76104260981664,79.12505004458987,16.15110496225296,0.8451433985157095
1645814147.1769958,60.353219263139735,66.28374833380624,16.245757592898048,-18.91870228230674,82.44763760999817,15.399999999999991,80.90308314298296,80.90750378022027,79.27192154544647,16.163889276191924,0.8457575928980567
1645814147.2768073,60.446487591339285,66.42203150455191,16.247244417273546,-18.963493754974845,82.59054764720311,15.399999999999991,81.03928708766588,81.0437158253478,79.40998134631413,16.1685161426512,0.8472444172735543
1645814147.376708,60.52233213745319,66.51447819318798,16.250753512740104,-19.00328727899557,82.72474187739599,15.399999999999991,81.16093144044987,81.16539024621791,79.52561941644876,16.210263684208,0.8507535127401127
1645814147.476715,60.60972016347931,66.62961133717815,16.255200581503956,-19.0407613291251,82.85493306423062,15.399999999999991,81.28628584915218,81.29078444193219,79.65048149260441,16.225321727052474,0.8552005815039649
1645814147.5767252,60.69638954783678,66.73991805029624,16.255367034260356,-19.082471558911138,82.98499469756736,15.399999999999991,81.41602541739242,81.42051859039456,79.77886110674791,16.24507664727112,0.8553670342603645
1645814147.6767375,60.78573195671734,66.86499249472935,16.254843814356384,-19.126128107711722,83.11499775544341,15.399999999999991,81.54733625281777,81.55181670494576,79.91186006442906,16.25000526071406,0.8548438143563928
1645814147.7767875,60.87152179776363,66.9807040761365,16.255453920393897,-19.16207741565096,83.22758224367746,15.399999999999991,81.66601528937478,81.67049561900744,80.03359921341459,16.246878167540956,0.8554539203939058
1645814147.876697,60.956945039969774,67.07959033439799,16.255566890404847,-19.194467841261606,83.33207421568508,15.399999999999991,81.78259117421703,81.78706629946497,80.15141288123138,16.25248388128709,0.8555668904048552
1645814147.979036,61.03470513050261,67.17976539799746,16.258362675262113,-19.23388233159742,83.45031533933015,15.399999999999991,81.90101909350214,81.9055169999951,80.26858746210003,16.27054994133269,0.8583626752621214
1645814148.0768392,61.10349275034575,67.31126013568945,16.26178540476887,-19.280686631330802,83.57973648383171,15.399999999999991,82.01389892911821,82.01842653720864,80.38417938167655,16.268476348142258,0.8617854047688773
1645814148.1768198,61.18629359119295,67.4513830631123,16.263107480559423,-19.32885842954804,83.71293897338913,15.399999999999991,82.1409027558505,82.14543724437218,80.51515202074098,16.261555910276826,0.8631074805594317
1645814148.278205,61.28400890965581,67.54656955326962,16.25950173132622,-19.377967001347788,83.84873178692385,15.399999999999991,82.29286026964736,82.29734864857956,80.6619759110036,16.30216223365423,0.8595017313262296
1645814148.3770459,61.393565502349865,67.63061418233613,16.25205950348916,-19.416575232069533,83.96819839892817,15.399999999999991,82.44510600121093,82.44950884601067,80.8101407344194,16.337584216592035,0.8520595034891691
1645814148.4769282,61.47703543931879,67.7281152350991,16.252369693007786,-19.452786037837278,84.08501497145917,15.399999999999991,82.56624112377702,82.57064071086796,80.92982147715607,16.356899736360077,0.8523696930077946
1645814148.5787504,61.60033965714021,67.89765596398348,16.25440769936224,-19.489571958616963,84.20368687375995,15.399999999999991,82.71312114702174,82.71753394775877,81.08991161575717,16.306030909776467,0.8544076993622483
1645814148.6768327,61.68116185373741,68.01278444873154,16.253984926803493,-19.524954531858963,84.3178315572375,15.399999999999991,82.82685494235322,82.83125732413356,81.20611638559637,16.30504710850596,0.853984926803502
1645814148.776788,61.7616860779177,68.10508361812471,16.25309720742631,-19.565831463377503,84.43711821194393,15.399999999999991,82.95119326087713,82.95557991026708,81.32751754129521,16.332034593819216,0.8530972074263197
1645814148.8769605,61.83969774310943,68.20847893648424,16.251840770584632,-19.60971255732866,84.5584562392938,15.399999999999991,83.0742330454606,83.07860030591469,81.44941030043809,16.349977302809563,0.8518407705846407
1645814148.9767077,61.920102330156425,68.33634216048448,16.25106105630465,-19.652644719159973,84.6771703217732,15.399999999999991,83.1933634743092,83.19771650165696,81.5727470493164,16.340828161288727,0.8510610563046583
1645814149.0768423,61.972998299649994,68.40877639233982,16.24921855510863,-19.695299538183278,84.7951175081285,15.399999999999991,83.29599658382166,83.30032544382027,81.66829783783328,16.38634111578868,0.8492185551086386
1645814149.1772954,62.059803229677186,68.50314046016703,16.247679408717485,-19.73607872592728,84.91279159500789,15.399999999999991,83.42567323829257,83.42997971737934,81.79588195560447,16.409651134840857,0.847679408717493
1645814149.2768295,62.141021263492235,68.60445179155464,16.247612778085056,-19.775081626036545,85.02893674170647,15.399999999999991,83.54646382992898,83.55076340708806,81.91610288952879,16.424484950151836,0.8476127780850646
1645814149.37679,62.31989610514749,68.86089010534442,16.245287886184904,-19.813315147786135,85.1491363354473,15.399999999999991,83.73273765960052,83.73700417128626,82.13321125293362,16.28824623010287,0.8452878861849129
1645814149.476818,62.409926522861085,68.91507412440086,16.246406497805733,-19.851126800430492,85.27111726268703,15.399999999999991,83.8713362299594,83.87560697222064,82.26105332329158,16.356043138286168,0.8464064978057415
1645814149.5784125,62.47489019864365,68.98954424764993,16.247835635476736,-19.88877788009651,85.38606143096338,15.399999999999991,83.97987613188992,83.98415576995674,82.36366807874016,16.39651718331345,0.8478356354767449
1645814149.677321,62.57965909353342,69.16401120335762,16.247805729585966,-19.925124842703138,85.49429756999832,15.399999999999991,84.10539593380183,84.10966888376561,82.50478393623656,16.330286366640706,0.8478057295859749
1645814149.776945,62.655101177839214,69.24081411268926,16.24647929351212,-19.959128811738857,85.59555660370958,15.399999999999991,84.21750767339583,84.22176159350285,82.61422998957806,16.354742491020318,0.8464792935121288
1645814149.8793788,62.73871673233152,69.33894013598831,16.24560280048211,-19.992760917781343,85.69570828163977,15.399999999999991,84.33291918546234,84.33715849160383,82.73147765011286,16.356768145651458,0.8456028004821192
1645814149.9765906,62.81351269115924,69.44076802699792,16.243670245879034,-20.028729026962,85.79867442788812,15.399999999999991,84.44180312323934,84.4460176336794,82.84224171812124,16.3579064008902,0.8436702458790428
1645814150.076841,62.896013640178744,69.52681753209798,16.238524750764107,-20.072192072056446,85.91731568896137,15.399999999999991,84.57169496313715,84.57585182955926,82.96820571223519,16.390498156863387,0.8385247507641154
1645814150.1766164,62.99512521614355,69.64369181502228,16.23457302987861,-20.107267620858018,86.02423385076878,15.399999999999991,84.70141588320816,84.70552735661579,83.10239283700156,16.3805420357465,0.8345730298786194
1645814150.2790434,63.05342371520314,69.73965871528728,16.23291109300452,-20.138991341025577,86.12814950192057,15.399999999999991,84.7912763977014,84.79536717321439,83.19241505622871,16.388490786633298,0.8329110930045296
1645814150.3771923,63.12441063475176,69.84633850730903,16.230272963811004,-20.173306311492862,86.22133685530241,15.399999999999991,84.89199149126775,84.89605157218979,83.29771694624462,16.374998347993383,0.8302729638110122
1645814150.4765472,63.18853731077943,69.91189639070656,16.22806544624416,-20.21002023283288,86.31244426372528,15.399999999999991,84.99586678709967,84.99990037213959,83.39855754361231,16.400547873018724,0.8280654462441674
1645814150.576684,63.25770003565857,69.99618420934384,16.224728800583765,-20.243977803090317,86.40669030913453,15.399999999999991,85.09897127661107,85.10296757418033,83.50167783874889,16.410506099790695,0.8247288005837738
1645814150.6768222,63.32034503442512,70.09057562469006,16.22289326735453,-20.27611378145515,86.50238672901912,15.399999999999991,85.19222658364637,85.19620075806668,83.59645881588027,16.41181110432906,0.8228932673545373
1645814150.7774775,63.38569358367519,70.17853575384447,16.21829293327656,-20.30709545270788,86.58841629088403,15.399999999999991,85.28638294551149,85.29030847202444,83.69278903638308,16.409880537039555,0.8182929332765703
1645814150.8767478,63.45388442052177,70.26852544969582,16.214349188856033,-20.33706169740095,86.66872802381975,15.399999999999991,85.38084853062149,85.38473200994613,83.79094611792272,16.400202574123938,0.8143491888560419
1645814150.9778717,63.513543960908585,70.327547970912,16.21431009661263,-20.367903895391553,86.75138737606532,15.399999999999991,85.47420543810551,85.47808430357405,83.88144785630014,16.42383940515333,0.8143100966126369
1645814151.0773523,63.57499176602509,70.40181121213323,16.21331660049557,-20.398430970658477,86.83320217644724,15.399999999999991,85.5659180698478,85.56978332933038,83.97342273668357,16.43139096431402,0.813316600495579
1645814151.176748,63.63840656961338,70.49525261701575,16.209963528237054,-20.43006181340934,86.91797515462959,15.399999999999991,85.65753435521442,85.66136371043724,84.06846838302272,16.422722537613836,0.8099635282370627
1645814151.2768452,63.771405780152534,70.67998875180437,16.21387995015873,-20.462690348230986,87.00542202072619,15.399999999999991,85.80153100023202,85.80539098772901,84.23409612838353,16.325433268921813,0.8138799501587393
1645814151.3767238,63.83247608592399,70.76353966485762,16.211277661017878,-20.49424454779152,87.08368947359043,15.399999999999991,85.89146117406656,85.89529250232198,84.32672063371551,16.320149808732808,0.8112776610178862
1645814151.4769258,63.89479508561778,70.84492756022583,16.209654848704254,-20.5254287777646,87.1579792709927,15.399999999999991,85.98191585014693,85.98572785198587,84.42022386338238,16.31305171076687,0.8096548487042625
1645814151.5765955,63.949820734127634,70.90999701635961,16.207869347768515,-20.552233570049328,87.23186635244457,15.399999999999991,86.06393321392129,86.06772480514033,84.50205430417697,16.32186933608496,0.8078693477685235
1645814151.6766887,64.0045773965154,71.00271610666621,16.205290320235665,-20.577149850419627,87.30606352870852,15.399999999999991,86.13865404821883,86.14241820229213,84.58172724693503,16.303347422042307,0.8052903202356738
1645814151.776796,64.05301726242212,71.08019261519374,16.205096272707006,-20.600330438230326,87.37509205656914,15.399999999999991,86.20738381793115,86.21114315876122,84.65334770065245,16.294899441375406,0.805096272707015
1645814151.8766625,63.99407698925649,70.99507919146646,16.201195843249963,-20.622621887399372,87.44147285457673,15.399999999999991,86.20017165472844,86.20389497049358,84.61669887665586,16.44639366311027,0.8011958432499711
1645814151.9767604,64.0449262257452,71.07040649574014,16.197546637591472,-20.64710294683794,87.50989806732301,15.399999999999991,86.2728038752759,86.27649024584248,84.69202917258315,16.439491571582863,0.7975466375914806
1645814152.076652,64.09786337630445,71.12171939621352,16.19361525394566,-20.674221670042904,87.58055933961838,15.399999999999991,86.35507984703486,86.35872648759396,84.77208504634734,16.458839943404854,0.7936152539456671
1645814152.1766272,64.14238342498676,71.17722269445046,16.189503180711114,-20.700545436370742,87.649149251642,15.399999999999991,86.42711925245966,86.43072519394498,84.8429288613575,16.471926557191537,0.7895031807111224
1645814152.27659,64.19078086545296,71.24850613506712,16.184222999530984,-20.726333976177997,87.7163445635366,15.399999999999991,86.49916817827162,86.50272308572667,84.91711484163096,16.467838428469477,0.7842229995309928
1645814152.3765783,64.23088425251385,71.30203428202981,16.178729681662446,-20.75166275358545,87.7760519184229,15.399999999999991,86.56458024346948,86.56808287495554,84.9825470060993,16.474017636393086,0.7787296816624547
1645814152.4770048,64.28560040762449,71.35321137101015,16.170629669409973,-20.77687515518044,87.83236115581941,15.399999999999991,86.64402533644756,86.64745233756351,85.06247556280493,16.479149784809266,0.7706296694099812
1645814152.576664,64.32388760348925,71.4070961541625,16.16273807415663,-20.801605417167774,87.89392060244738,15.399999999999991,86.70735229724463,86.71070701919263,85.12549302065703,16.486824448284878,0.762738074156637
1645814152.676593,64.37139576390136,71.4801178326526,16.153093643795277,-20.82627279235865,87.95819457770772,15.399999999999991,86.77655063805119,86.77981845264824,85.19766855626001,16.47807674505512,0.7530936437952853
1645814152.7765484,64.41677346361342,71.54179877279674,16.143664991479607,-20.850730070444705,88.01586156172286,15.399999999999991,86.84435447226318,86.84753848741856,85.26750353405814,16.47406278892612,0.7436649914796156
1645814152.8769445,64.45241371435831,71.60590335397255,16.135284592082876,-20.875187365933456,88.07048434934441,15.399999999999991,86.90156462038281,86.9046752304036,85.32760108029177,16.46458099537186,0.7352845920828841
1645814152.976722,64.47584184331613,71.66425994732437,16.130783889643062,-20.899847906346547,88.12556106267856,15.399999999999991,86.94816176688855,86.95123276719187,85.37568974966268,16.46130111535419,0.730783889643071
1645814153.0777469,64.51594643644063,71.71164099218268,16.123412566383728,-20.925031480370265,88.18180591613839,15.399999999999991,87.01394738777955,87.01695447293285,85.4409779168109,16.470164923955707,0.7234125663837361
1645814153.1767473,64.56354721657955,71.76504466718693,16.11397106300229,-20.946055408073455,88.2376331173797,15.368118869223892,87.08179092827324,87.08498496738949,85.50960262465301,16.472588450192774,0.7458521937783971
1645814153.2771811,64.61577564619643,71.81136308506025,16.103837134578907,-20.965215588849038,88.29468943925652,15.316864303461093,87.15392193396617,87.15747492159687,85.58099123504546,16.483326354196265,0.7869728311178132
1645814153.3767488,64.65918589322366,71.87023997446232,16.094916832338033,-20.98804620564563,88.35037252604691,15.299999999999997,87.21836466659637,87.2219870668269,85.6472320988693,16.48013255158459,0.7949168323380356
1645814153.476731,64.6834656191863,71.93510187059385,16.09020730945491,-21.01288525883065,88.40584792918254,15.299999999999997,87.26482698965667,87.26840468993704,85.69635087801694,16.470746058588688,0.7902073094549138
1645814153.5767283,64.71515226297305,71.99956831361922,16.08838934170972,-21.033923392850753,88.46218511194914,15.299999999999997,87.31507159521115,87.31863080368915,85.7490756558238,16.46261679832992,0.7883893417097241
1645814153.6770058,64.7587706265818,72.05217532507598,16.08566932195225,-21.05304396496545,88.51912348440352,15.299999999999997,87.37750228277336,87.38103444947033,85.81181459154726,16.466948159327544,0.7856693219522519
1645814153.7768898,64.81261794363203,72.12542007674413,16.083091998444182,-21.073788801318027,88.56969943450913,15.299999999999997,87.44649328106428,87.44999954392938,85.88640674495007,16.444279357764998,0.7830919984441849
1645814153.8767564,64.91476145846347,72.34307014926527,16.08672396130535,-21.09525593894,88.61764402002315,15.299999999999997,87.53619164309356,87.53972687853037,86.01001739740347,16.274573870757877,0.786723961305352
1645814153.9767063,64.95219050934058,72.39660755538378,16.083325917537355,-21.116509429247547,88.67100820636875,15.299999999999997,87.59381956318322,87.59732202048522,86.06869993858813,16.274400650984973,0.7833259175373577
1645814154.0766776,64.98778007654136,72.44279055573513,16.079598279028403,-21.137388740990783,88.7331838578867,15.299999999999997,87.65227674046577,87.65574362963251,86.12516881753214,16.29039330215157,0.7795982790284057
1645814154.1765099,65.01999684676554,72.48521224574755,16.077754519290135,-21.161116623639813,88.79256677919035,15.299999999999997,87.7103992174148,87.71384744138497,86.18111347040535,16.307354533442805,0.7777545192901378
1645814154.2766757,65.05331414643905,72.53502397139705,16.076883023558608,-21.186943578682925,88.85024855683746,15.299999999999997,87.76997553701847,87.77341370256208,86.24025772512198,16.315224585440404,0.7768830235586108
1645814154.376548,65.07572884543916,72.59583813403377,16.07745150285932,-21.20804637000971,88.90041488758179,15.299999999999997,87.81075724842854,87.81419884837386,86.28377521544887,16.30457675354802,0.7774515028593214
1645814154.4765122,65.11404606265438,72.63995429742566,16.077483315938615,-21.22672357672691,88.9467632985655,15.299999999999997,87.86717545090636,87.87061512261607,86.34076963938129,16.30680900113984,0.7774833159386176
1645814154.576563,65.14109295187468,72.69211900736437,16.07756206139147,-21.245418366297503,88.99922113194816,15.299999999999997,87.91217729886057,87.91561590630876,86.38651131817218,16.307102124583793,0.7775620613914711
1645814154.6775746,65.17851062546353,72.75651314764602,16.07660578492738,-21.264293489454136,89.05542859195343,15.299999999999997,87.9659765358784,87.96940459305094,86.44280411491766,16.29891544430741,0.7766057849273835
1645814154.7765596,65.23177832687328,72.80309173178328,16.072225527219924,-21.28272955771597,89.11032860828087,15.299999999999997,88.03798071888552,88.04136744351344,86.51450788458925,16.307236876497583,0.772225527219927
1645814154.876538,65.26265129628092,72.85787584759436,16.072121968266952,-21.301319300456193,89.16568624557459,15.299999999999997,88.08669414530912,88.09007808932354,86.56397059673711,16.307810397980234,0.7721219682669549
1645814154.9791536,65.29420656697359,72.91274589516428,16.07189463400191,-21.32009163487612,89.21556724137751,15.299999999999997,88.135229260753,88.1386093501111,86.6142982018497,16.302821346213236,0.7718946340019137
1645814155.0766814,65.32509388282196,72.965246590617,16.069514765290208,-21.337777010064787,89.2594543728104,15.299999999999997,88.18137217488992,88.18472969636211,86.66287089288674,16.294207782193396,0.7695147652902108
1645814155.1766922,65.39368974503897,73.06353715372609,16.073447076405035,-21.35661950632181,89.31180922568966,15.299999999999997,88.25883808736256,88.26222703348971,86.75030925136078,16.24827207196357,0.7734470764050378
1645814155.2764733,65.44283951601594,73.11480335019301,16.07028436721118,-21.375923593409848,89.36929407990412,15.299999999999997,88.32726700590739,88.33062568973021,86.81876310942579,16.254490729711108,0.7702843672111825
1645814155.3793132,65.48323070655172,73.16767919720105,16.06682660014629,-21.39619010642223,89.42296260366955,15.299999999999997,88.38703524512192,88.39036159252385,86.87942081297396,16.255283406468493,0.7668266001462918
1645814155.4766889,65.51593974472968,73.23703486442463,16.06262972949719,-21.415562104459674,89.47103517322208,15.299999999999997,88.43431901576247,88.43760729398981,86.93150184918935,16.234000308797448,0.762629729497192
1645814155.5772357,65.5430818191738,73.29224137765743,16.060463559436062,-21.43400287009747,89.52369274284585,15.299999999999997,88.47865999474192,88.48192798131365,86.97708468927128,16.23145136518842,0.7604635594360651
1645814155.676966,65.57944141323888,73.32419354010268,16.056518819644154,-21.45183811537629,89.57680359327567,15.299999999999997,88.5358173279518,88.53904941127912,87.03127952861517,16.252610053172987,0.7565188196441568
1645814155.776425,65.63007618560512,73.35567898921526,16.048282758650416,-21.464818367367716,89.62091198596502,15.299999999999997,88.60066851684593,88.60382829606691,87.09489455297283,16.26523299674976,0.7482827586504186
1645814155.8766813,65.66054629375498,73.41042610541268,16.043121455681614,-21.47564556703449,89.66121433175564,15.299999999999997,88.63861489203089,88.64172989893447,87.13619186078947,16.250788226342962,0.7431214556816172
1645814155.9780304,65.69123978356942,73.48961685804875,16.03733561945065,-21.49058037756486,89.71072584547065,15.299999999999997,88.67803642046987,88.68110174781259,87.18182016113428,16.2211089874219,0.7373356194506542
1645814156.0764709,65.71885244314699,73.54109131100535,16.03520653845662,-21.51136252594254,89.77261215816213,15.299999999999997,88.72751925172514,88.73056520286256,87.23021496908953,16.231520847156787,0.7352065384566231
1645814156.1799195,65.7561658970995,73.58201138360818,16.033409548868452,-21.528018071896085,89.82833189351278,15.267003815375467,88.7832850329611,88.78659290113764,87.28418396899559,16.246320509904606,0.7664057334929844
1645814156.2764988,65.78214304265985,73.65181944536178,16.02890003561289,-21.540523725016705,89.87488198637801,15.216823823799025,88.81686714598985,88.82057958267444,87.32266676767657,16.223062541016233,0.8120762118138636
1645814156.3765283,65.82880166847501,73.70761123489538,16.025901502714788,-21.55732295488996,89.9280290940662,15.233723005978204,88.87877548783163,88.88230576997354,87.38612462336496,16.220417859170823,0.7921784967365841
1645814156.4766243,65.88645082806543,73.73604288942248,16.023503440132956,-21.575975850944474,89.98357479304077,15.283620556460141,88.95874534603261,88.96182214985163,87.46242667900991,16.247531903618295,0.7398828836728146
1645814156.5764723,65.9006111017583,73.80492691439458,16.02292786962088,-21.59046985083674,90.03919967387117,15.299999999999997,88.98449785374204,88.9874344106363,87.49108095259504,16.234272759476582,0.7229278696208823
1645814156.676721,65.93928979233779,73.85575718820468,16.02564694984036,-21.602996726181175,90.09515458121696,15.299999999999997,89.03577908110111,89.03873606512198,87.54228651851896,16.239397393012283,0.7256469498403639
1645814156.778087,65.98557318518952,73.8865423322573,16.032090424556248,-21.619593970294503,90.1443295579275,15.299999999999997,89.10095935406903,89.10396688254227,87.60516715548403,16.2577872256702,0.732090424556251
1645814156.8779523,66.00907437448996,73.91810731841457,16.030919637795904,-21.637748502537963,90.18938092638841,15.299999999999997,89.14437674504573,89.14737320179191,87.64682287702792,16.27127360797384,0.7309196377959069
1645814156.978038,66.06174284283455,74.00424363162325,16.026781030364464,-21.652248961357234,90.24094092416702,15.299999999999997,89.20411816275927,89.20707879905954,87.71399180419178,16.236697292543766,0.7267810303644673
1645814157.0763984,66.12536258448175,74.06056843132781,16.022564744506376,-21.664406046176786,90.29524405531258,15.299999999999997,89.27826257740773,89.28118653249723,87.78976863065853,16.23467562398477,0.7225647445063785
1645814157.1772077,66.16280469140824,74.11111590828207,16.019009813755805,-21.681499563318745,90.35346930161971,15.26743088617647,89.33328513914122,89.33644667567371,87.84430425472698,16.242353393337638,0.7515789275793345
1645814157.2763827,66.27256741429343,74.22717762367283,16.01412339973103,-21.70128903330986,90.41239955779979,15.214492936219171,89.4503260324995,89.45390006142065,87.9738564476033,16.185221934126957,0.7996304635118587
1645814157.3764699,66.30719213721548,74.25925487337074,16.008216937641603,-21.715415654712118,90.46743346192581,15.200000000000003,89.50242754054221,89.5060766108553,88.0226077919276,16.20817858855507,0.8082169376415997
1645814157.4765348,66.32453918545178,74.22362273137601,16.006818475948542,-21.727363797437057,90.52080329322821,15.200000000000003,89.54739367046749,89.55102829798669,88.05190298288883,16.2971805618522,0.8068184759485391
1645814157.576568,66.40141223500524,74.32607053793217,15.99817316446046,-21.739745640928344,90.57006739636812,15.200000000000003,89.62550499521399,89.62905904921456,88.14115787593359,16.24399685843595,0.7981731644604579
1645814157.6764083,66.43022978537704,74.33783894278639,15.996781029264996,-21.752346129777777,90.61697049814374,15.200000000000003,89.67260908007904,89.6761488871889,88.18257591515481,16.279131555357353,0.7967810292649933
1645814157.7764478,66.46829201748318,74.3878625888118,15.990935136199543,-21.76387074926355,90.66531888861394,15.200000000000003,89.72106848499774,89.72455465745891,88.23216276674673,16.27745629980214,0.7909351361995398
1645814157.8780704,66.51340670250937,74.4326264647649,15.979947984884333,-21.77501945928763,90.7151178224478,15.200000000000003,89.77731182732138,89.7806996954202,88.288426161797,16.2824913576829,0.7799479848843305
1645814157.9765308,66.54340128557469,74.47445300956215,15.974036306070996,-21.784170229460916,90.76402847185278,15.200000000000003,89.81709279689133,89.82042802552493,88.3275715150356,16.289575462290628,0.7740363060709932
1645814158.0764925,66.57417230655054,74.51044089516273,15.967040246681188,-21.790974087924877,90.81468080436764,15.200000000000003,89.85670445956708,89.85997822765155,88.36514639447542,16.30423990920491,0.7670402466811854
1645814158.1790562,66.6031159506769,74.54598155883942,15.961079790891082,-21.793932412141068,90.86566246213779,15.200000000000003,89.89087909261907,89.89410095491229,88.39704836281797,16.319680903298377,0.7610797908910794
1645814158.2763095,66.62089100113353,74.5832633353121,15.954093974717006,-21.793932412141068,90.91331478134599,15.200000000000003,89.91024179386153,89.91340410168748,88.4148234132746,16.33005144603389,0.7540939747170032
1645814158.3764403,66.65445525434637,74.59653060256308,15.945585236920328,-21.79816112265904,90.96095199122924,15.200000000000003,89.95365268472159,89.95674254145175,88.45261637700541,16.36442138866616,0.7455852369203253
1645814158.4763374,66.68912088574844,74.62310148394366,15.93930919698749,-21.80445128489276,91.00778003564051,15.200000000000003,89.99761111697865,90.0006476912898,88.4935721706412,16.38467855169685,0.7393091969874863
1645814158.5762856,66.72336208641993,74.64807508894822,15.932960440416085,-21.80639320822848,91.06002879181499,15.200000000000003,90.03815744935794,90.04114075178404,88.52975529464841,16.411953702866768,0.7329604404160825
1645814158.6763668,66.76195874996787,74.67074893296072,15.927218515185386,-21.80639320822848,91.11475872919392,15.200000000000003,90.08195394622365,90.08488926306336,88.56835195819636,16.444009796233203,0.7272185151853829
1645814158.7763832,66.80604916719473,74.72230246370296,15.920390588730912,-21.80236951255428,91.16950246093852,15.200000000000003,90.1219298987475,90.12480907760687,88.60841867974901,16.447199997235558,0.7203905887309094
1645814158.8762257,66.83532509639832,74.75951848855314,15.916025655575524,-21.796249417111884,91.22417680933121,15.200000000000003,90.14788391506413,90.15072749070481,88.6315745135102,16.46465832077807,0.7160256555755211
1645814158.9763868,66.88138886749931,74.78648278547743,15.909032237704565,-21.789917403520718,91.28074434497981,15.200000000000003,90.1923567726352,90.19514369918382,88.67130627102003,16.494261559502377,0.7090322377045624
1645814159.0763235,66.92142088198031,74.8252131209361,15.902300440112482,-21.783483218815068,91.33822463422214,15.200000000000003,90.22881779547609,90.23155094908546,88.70490410079537,16.513011513286045,0.702300440112479
1645814159.1762087,66.96518170794198,74.86773722287344,15.897083454553691,-21.7772660183092,91.39376647851498,15.200000000000003,90.26810993592778,90.27080146286148,88.74244772625119,16.526029255641532,0.6970834545536881
1645814159.2762384,67.02913734166493,74.88465462895641,15.891420493975474,-21.771137225111307,91.44851852937153,15.200000000000003,90.33188999708975,90.33453610190186,88.80027456677624,16.563863900415114,0.6914204939754711
1645814159.376696,67.09788034304563,74.89350459099614,15.889266940259432,-21.76069632662057,91.51084386921482,15.200000000000003,90.39901886882609,90.40164656333042,88.8585766696662,16.61733927821868,0.6892669402594294
1645814159.476283,67.14744639960263,74.94009723811506,15.883860983210967,-21.74810332905185,91.57646917413624,15.200000000000003,90.43886129730579,90.44144679624311,88.89554972865449,16.636371936021177,0.6838609832109643
1645814159.5772393,67.19677178864353,75.00309225522506,15.883758187969706,-21.731050414934746,91.6491580061987,15.200000000000003,90.47236631622368,90.47495008076314,88.92782220357827,16.646065750973648,0.683758187969703
1645814159.6762288,67.25707235048412,75.03246808667771,15.883714155187521,-21.712401890190858,91.72320158131018,15.200000000000003,90.52153297006727,90.52411499869511,88.96947424067498,16.690733494632468,0.6837141551875181
1645814159.776666,67.33631475195173,75.04009293067028,15.882189071850345,-21.69916864403657,91.78509710847437,15.169752354069276,90.59642635596609,90.59922756044242,89.03548339598831,16.74500417780409,0.7124367177810687
1645814159.8763022,67.42110877228681,75.05952106522378,15.880275240137754,-21.68847057610643,91.84084745434349,15.126825450141595,90.67596179267004,90.67909204227732,89.10957934839324,16.781326389119712,0.753449789996159
1645814159.9762967,67.5009344721795,75.07633839557568,15.877289947036541,-21.67099577151001,91.91183213251328,15.121646841897922,90.74726989145124,90.75041591780302,89.1719302436895,16.835493736937607,0.7556431051386188
1645814160.0776947,67.5784058908044,75.10868024802723,15.878195533543876,-21.641999985534333,92.00897067349591,15.179820865797078,90.80694159150944,90.80962706883207,89.22040587633873,16.900290425468683,0.6983746677467977
1645814160.176464,67.69568405221334,75.13533662835819,15.891668181713415,-21.619700449293067,92.0912707057203,15.200000000000003,90.9106242915963,90.91325543594495,89.3153845015064,16.955934077362116,0.6916681817134123
1645814160.2767377,67.76535123901635,75.17595249697344,15.89661090897441,-21.60039904462509,92.16790652751375,15.200000000000003,90.96682816023738,90.969495394295,89.36575028364145,16.991954030540313,0.6966109089744066
1645814160.3762352,67.83744517225534,75.20606728073045,15.901502067845415,-21.577329198892336,92.24881529687028,15.200000000000003,91.02448646262656,91.02718956957904,89.41477437114767,17.042748016139825,0.7015020678454125
1645814160.4767003,67.91011703942618,75.20076420666757,15.908563051144029,-21.552299828262832,92.33266598285282,15.200000000000003,91.08801287917652,91.09076875224225,89.46241686768902,17.131901776185245,0.7085630511440257
1645814160.5770288,67.99434940307253,75.21275621412013,15.917899378061414,-21.5274264516475,92.42242998614722,15.200000000000003,91.16096326565628,91.16378997737728,89.52177585472003,17.209673772027088,0.7178993780614107
1645814160.6763632,68.08579869067137,75.24743715917218,15.920217215394528,-21.502852088524765,92.51390372821187,15.200000000000003,91.23736743361529,91.24021004498991,89.58865077919613,17.266466569039693,0.7202172153945252
1645814160.7761817,68.17680247784646,75.27261131102841,15.921678891552405,-21.473487807574983,92.60728634727235,15.200000000000003,91.31081812618103,91.31366999138203,89.65029028542145,17.334675036243937,0.7216788915524024
1645814160.8761566,68.2755114484278,75.30863702300881,15.921617115710996,-21.44184478741019,92.70151480783292,15.200000000000003,91.38772460011293,91.39057357762766,89.717356235838,17.39287778482411,0.721617115710993
1645814160.9762065,68.37361468892914,75.33676569123396,15.925556694848611,-21.411577540572424,92.79789746658585,15.200000000000003,91.4673267706275,91.4702044333683,89.78519222950156,17.461131775351888,0.7255566948486081
1645814161.0765414,68.47152500336863,75.33024884399539,15.926116779968364,-21.381805505255205,92.89542009028105,15.200000000000003,91.55411647983574,91.5569958549399,89.85333050862383,17.565171246285658,0.7261167799683612
1645814161.1760848,68.58430160425448,75.34796751333107,15.931806249246284,-21.347043060498937,92.9966115308246,15.200000000000003,91.64672055707656,91.64964227564293,89.93134466475341,17.648644017493524,0.7318062492462811
1645814161.276409,68.69016488124853,75.41186479222603,15.937682377034227,-21.308631063583977,93.10146492396422,15.200000000000003,91.72080039086222,91.72376681989124,89.99879594483251,17.68960013173819,0.7376823770342238
1645814161.3763764,68.79560695561736,75.4365818360901,15.952166898885961,-21.270544244611376,93.21781674721278,15.200000000000003,91.80459632821763,91.80767757671887,90.06615120022873,17.78123491112268,0.7521668988859584
1645814161.47628,68.91068095798457,75.45146350909485,15.95692363709849,-21.23258019991988,93.34028929422625,15.200000000000003,91.90112959127839,91.90424665675327,90.14326115790445,17.888825785131402,0.7569236370984864
1645814161.576192,69.04740758861645,75.49908491015488,15.953487188165285,-21.195587276849338,93.45338826127639,15.200000000000003,92.01171192360556,92.014797038603,90.24299486546579,17.95430335112151,0.7534871881652823
1645814161.6761453,69.23678930093938,75.52935247639662,15.95651589947879,-21.15902093377838,93.56227768445768,15.200000000000003,92.176943427034,92.18004781869443,90.39581023471776,18.03292520806106,0.7565158994787868
1645814161.7761123,69.35618502079717,75.5864484496032,15.957786046434808,-21.12105478052144,93.6753355446428,15.200000000000003,92.26775578934605,92.27086754818431,90.4772398013186,18.08888709503961,0.7577860464348056
1645814161.8761518,69.46600049389222,75.6013661328031,15.959241310210677,-21.08228666826973,93.7907815254459,15.200000000000003,92.35717156955086,92.36029226726485,90.54828716216196,18.1894153926428,0.7592413102106743
1645814161.9760263,69.60814401606933,75.61548059702878,15.960191083686288,-21.042080227039072,93.91878175812529,15.200000000000003,92.47958687580538,92.48271124487727,90.6502242431084,18.303301161096513,0.7601910836862853
1645814162.0760562,69.73738401376211,75.65938758304763,15.961064051362262,-20.99947523502613,94.06679870618336,15.200000000000003,92.58515221454545,92.58828019291008,90.73685924878824,18.40741112313573,0.7610640513622595
1645814162.1760964,69.87759565535713,75.69331006394253,15.963524701021408,-20.956140718921493,94.20945457813336,15.200000000000003,92.70175441372372,92.70489869123107,90.83373637427862,18.516144514190827,0.7635247010214048
1645814162.2760582,70.0259424333589,75.75141174573984,15.96553408803447,-20.912426118943568,94.34892878380387,15.200000000000003,92.82055006805054,92.8237068715499,90.93836855230248,18.597517038064026,0.7655340880344674
1645814162.3761587,70.17369081574383,75.78725857765592,15.964421938530375,-20.868087307931923,94.49039457495144,15.200000000000003,92.9430613873566,92.94620487655234,91.04177812367575,18.70313599729552,0.7644219385303721
1645814162.4761329,70.30878164860887,75.83335096865866,15.965361676153458,-20.823490638624932,94.63268307966536,15.200000000000003,93.05109316958317,93.05424073383101,91.1322722872338,18.79933211100669,0.7653616761534554
1645814162.576848,70.43516901346706,75.84855076625185,15.974164067957485,-20.77378725591138,94.78366234714545,15.200000000000003,93.15370177470285,93.15691860690968,91.20895626937843,18.935111580893604,0.7741640679574822
1645814162.6760454,70.61537852247571,75.90707825969582,15.981273339752718,-20.722712009399107,94.93575724260249,15.200000000000003,93.2991822356631,93.30245331112617,91.33809053187481,19.02867898290667,0.7812733397527154
1645814162.7784066,70.7833022403059,75.96222167389733,15.983025138483333,-20.67846588480848,95.08086412766433,15.200000000000003,93.43862968733633,93.44191054454456,91.46176812511439,19.118642453766995,0.78302513848333
1645814162.8760417,70.9288451641183,76.01428194776791,15.982793974421654,-20.638868915915946,95.21562321282256,15.200000000000003,93.55927408985168,93.56254878222582,91.56771408003425,19.20134126505465,0.7827939744216508
1645814162.9760983,71.03536414164364,76.0369278082208,15.98931420998743,-20.592224611848845,95.3670934654499,15.200000000000003,93.64438224002048,93.64770868546199,91.62758875349249,19.330165657229102,0.7893142099874275
1645814163.0759974,71.2122477752135,76.09784805743168,15.994941913109008,-20.541608487496582,95.5272416406019,15.200000000000003,93.78843998109681,93.79180884668457,91.75385626271009,19.429393583170224,0.794941913109005
1645814163.1765914,71.36773350545747,76.14154647280274,15.996187188368257,-20.49453500302077,95.69505596755063,15.200000000000003,93.92026463487497,93.92363932005546,91.86226850847824,19.553509494747885,0.7961871883682541
1645814163.2759879,71.52303012639581,76.1905167168451,15.993198580320344,-20.450247869122897,95.86461706124534,15.200000000000003,94.05399560679226,94.05734024301516,91.97327799551871,19.674100344400244,0.7931985803203414
1645814163.3795269,71.70081037309227,76.26565391554637,15.996530405898698,-20.400475394580052,96.04487601951719,15.200000000000003,94.20119143140732,94.20455895435299,92.10128576767232,19.779222103970824,0.7965304058986948
1645814163.4764335,71.87318314751322,76.32924442269575,16.000005022148628,-20.352323055629807,96.2151526990952,15.200000000000003,94.34507587788217,94.34846766343802,92.22550620314303,19.885908276399448,0.8000050221486248
1645814163.5760927,72.03719460476337,76.37647126514904,15.999855642977908,-20.303119497604968,96.38914670720968,15.200000000000003,94.48407689591565,94.48746242715436,92.34031410236834,20.01267544206064,0.7998556429779047
1645814163.6764045,72.23733159162532,76.44708070858444,15.99765146400297,-20.253750131612854,96.56372704645126,15.200000000000003,94.65347145360033,94.65683232643886,92.49108172323818,20.116646337866825,0.7976514640029677
1645814163.7761981,72.4290873771107,76.5266801764269,16.005789555579597,-20.207689220584612,96.73193905412363,15.228733794553014,94.81468696740001,94.81787110234967,92.63677659769532,20.205258877696735,0.7770557610265829
1645814163.8762228,72.49586979890044,76.54261255586577,16.01089000808008,-20.163203411380316,96.89752965227713,15.273359564138893,94.8684694626721,94.8713362894488,92.65907321028075,20.354917096411356,0.7375304439411856
1645814163.9776917,72.70063925206804,76.6181333149255,16.017737118154503,-20.116496575247105,97.08210258279595,15.299999999999997,95.04627684124516,95.0489867802566,92.81713582731516,20.463969267870453,0.7177371181545062
1645814164.077374,72.97388357002481,76.72434619538001,16.019904617354328,-20.06839417113181,97.28673428075635,15.299999999999997,95.28734045525752,95.29005988923632,93.04227774115662,20.56238808537634,0.7199046173543309
1645814164.1761496,73.14374727282424,76.77257522179151,16.023654310818145,-20.02230943592864,97.48854937973184,15.299999999999997,95.44142553404683,95.44416893416053,93.16605670875288,20.715974157940323,0.7236543108181479
1645814164.276436,73.29791841692463,76.81863859528234,16.025631128438256,-19.976580687212206,97.69281004588419,15.299999999999997,95.58170963566589,95.58446399604541,93.27449910413684,20.87417145060185,0.725631128438259
1645814164.3767655,73.36425505822395,76.83136160814985,16.02871658340275,-19.926235724786565,97.89091966424313,15.299999999999997,95.63796660350393,95.64074280301183,93.29049078301051,21.05955805609328,0.728716583402754
1645814164.477542,73.54296102296287,76.89773721405619,16.033971238123797,-19.873548699780542,98.08703784533789,15.299999999999997,95.78951273507059,95.79232466017642,93.41650972274341,21.189300631281696,0.7339712381238002
1645814164.5761032,73.73465284131376,76.9728937420001,16.03590390639374,-19.830864104982588,98.26948226001817,15.299999999999997,95.95858817184343,95.96140994427341,93.56551694629636,21.29658851801807,0.7359039063937445
1645814164.676603,73.95806909292666,77.05764049131031,16.037271033592752,-19.789798856856912,98.45291205248395,15.299999999999997,96.15830900294796,96.16113538682558,93.74786794978357,21.395271561173644,0.737271033592755
1645814164.7759714,74.19315374848684,77.16391513057569,16.03894594857715,-19.747854242726493,98.64610409468787,15.299999999999997,96.36595573694596,96.36878885930831,93.94100799121333,21.482188964112183,0.7389459485771539
1645814164.8764713,74.392380483356,77.24296429543021,16.04571565893638,-19.704676940506694,98.84815198330017,15.299999999999997,96.54553511611918,96.5484150191073,94.09705742386271,21.605187687869957,0.7457156589363834
1645814164.975979,74.57883778803212,77.31827422079746,16.04768111636411,-19.661589762431255,99.04414825756423,15.299999999999997,96.71231456001658,96.71520467127887,94.24042755046338,21.72587403676677,0.747681116364113
1645814165.0759723,74.59571118481499,77.33291876201817,16.052803114470457,-19.618077611494243,99.23850784822567,15.299999999999997,96.72689818540309,96.72982758745356,94.21378879630923,21.9055890862075,0.7528031144704599
1645814165.1758916,74.78117257337914,77.41048290148423,16.05741917512312,-19.57329384843566,99.43854746248292,15.299999999999997,96.89169707487274,96.89465746807585,94.3544664218148,22.028064560998686,0.7574191751231218
1645814165.2760377,75.09020181492345,77.53117972279085,16.055395222206272,-19.527549484068008,99.64287788045245,15.299999999999997,97.16710377639818,97.17004002384205,94.61775129899145,22.111698157661593,0.7553952222062748
1645814165.3762224,75.2747924207019,77.59372149457701,16.056865614362316,-19.483318418033758,99.84689116475042,15.299999999999997,97.33603202358127,97.33897459730015,94.75811083873566,22.253169670173406,0.7568656143623187
1645814165.4762218,75.44729900052683,77.65836539305386,16.057533852304708,-19.439838736601484,100.05035403441241,15.299999999999997,97.49343600088926,97.49637901377095,94.88713773712831,22.39198864135855,0.7575338523047108
1645814165.5777957,75.56035936103267,77.70925057026209,16.056059676355794,-19.400052428032275,100.2505343668421,15.299999999999997,97.59912541793983,97.60205381333407,94.96041178906495,22.541283796580018,0.7560596763557967
1645814165.6772459,75.73135161176023,77.78272243211697,16.05575672522467,-19.3629766018801,100.44374590172586,15.299999999999997,97.75711351658106,97.76003483694878,95.09432821364032,22.661023469608892,0.7557567252246713
1645814165.7773116,75.92225218923402,77.86337988802684,16.055737532089346,-19.32897290668785,100.62656687135521,15.299999999999997,97.9334394571739,97.93635536984903,95.25122509592187,22.763186983328367,0.7557375320893485
1645814165.8784578,76.1257287193782,77.96787366566208,16.053196876310817,-19.296063288893155,100.80623392267634,15.299999999999997,98.11681348932488,98.1197044167656,95.42179200827135,22.83836025701426,0.7531968763108203
1645814165.9758353,76.3032598108414,78.04408349639479,16.05565727413873,-19.261190132703355,100.99273426240582,15.299999999999997,98.28125286641705,98.28415784300424,95.56444994354476,22.948650766011028,0.7556572741387342
1645814166.075982,76.48173098604667,78.12537855676544,16.057769312879177,-19.220271974447574,101.20596916411016,15.299999999999997,98.44585838639581,98.44877473978963,95.70200296049424,23.080590607344718,0.75776931287918
1645814166.1759317,76.66896410632562,78.21374850546368,16.06328672707663,-19.179031945350495,101.42660259800006,15.33083654465841,98.61883665022368,98.62155659648263,95.84799605167612,23.212854092536375,0.7324501824182192
1645814166.2760918,76.85323300084536,78.29736360390983,16.066671760054675,-19.13738130372974,101.65399047021172,15.386545454063235,98.79134604377731,98.79368717146585,95.9906143045751,23.356626866301895,0.6801263059914398
1645814166.3765728,77.03851927165516,78.39178234744675,16.073350575850444,-19.10421932870789,101.86026067407938,15.399999999999991,98.9656286826157,98.96791935543237,96.14273860036306,23.468478326632635,0.6733505758504528
1645814166.4758782,77.21657571073852,78.47346583600377,16.077478875965127,-19.07414725374203,102.05727156908522,15.399999999999991,99.13677028165718,99.13908512542086,96.29072296448055,23.583805733081448,0.6774788759651358
1645814166.5758607,77.57676756438522,78.64350110922015,16.086348206735643,-19.039179742425645,102.25814149870004,15.399999999999991,99.46000459841589,99.46237272746815,96.61594730681087,23.614640389479888,0.6863482067356514
1645814166.6759639,77.67664450989635,78.68802193439117,16.094432994398915,-19.002142835745456,102.46034110513475,15.399999999999991,99.55858115390924,99.56100300099052,96.67878734564181,23.77231917074357,0.6944329943989231
1645814166.7760403,77.73573985517787,78.70967897636172,16.104280054188052,-18.965346347410282,102.66740895009852,15.399999999999991,99.62466009103807,99.62714945560573,96.70108620258816,23.957729973736804,0.7042800541880609
1645814166.8758016,77.92115732836457,78.77941146835403,16.11138591294269,-18.928774446090703,102.87614540156534,15.399999999999991,99.80261454974323,99.80514987154596,96.84993177445527,24.09673393321131,0.7113859129426992
1645814166.9757457,78.11026807629533,78.85974543998086,16.12096318164292,-18.88775124398812,103.0876719068238,15.399999999999991,99.97803845315644,99.98063792980176,96.99801932028345,24.227926466842945,0.7209631816429294
1645814167.0756485,78.46704526160917,79.02177005716561,16.136005958657194,-18.844251716344953,103.30048018069984,15.399999999999991,100.2942883956718,100.29698893568722,97.31129697795413,24.278710123534225,0.7360059586572021
1645814167.1759353,78.68467554452991,79.13617874376078,16.149143708693483,-18.804112375917324,103.51054822462184,15.4323020557704,100.48966940829028,100.49222616572307,97.48878792044724,24.374369480861063,0.7168416529230832
1645814167.2757998,78.91518220913692,79.24736898503916,16.16177141743231,-18.766171097618834,103.71768516523703,15.483049586616652,100.6997674168024,100.70205470158851,97.68135330675575,24.47031618019787,0.6787218308156575
1645814167.3759654,79.08966142646199,79.30385712420282,16.175020865906895,-18.727675903120712,103.91319948682576,15.5,100.86551052649345,100.86776921762258,97.8173373295827,24.60934236262294,0.6750208659068946
1645814167.4771855,79.25782794528672,79.36550979879247,16.179376655625862,-18.688553691485247,104.10459306657266,15.5,101.02235354943154,101.02463793207355,97.94638163677197,24.739083267780188,0.6793766556258625
1645814167.5765631,79.43924849908231,79.43982931589997,16.189816741272107,-18.648151555252063,104.30224828965791,15.5,101.18931725555674,101.19166849984367,98.08740005433438,24.86241897375794,0.6898167412721072
1645814167.67631,79.53672962943557,79.47406637717718,16.20253602262144,-18.604837146728013,104.51415092297935,15.5,101.28560096746772,101.28803739931078,98.14156677616359,25.040084545802173,0.702536022621441
1645814167.7764206,79.71628194305478,79.55366041585303,16.212181288372435,-18.564202219043437,104.72504895128434,15.5,101.45271000785579,101.45520967464209,98.28048416209822,25.171388535431305,0.7121812883724346
1645814167.8778129,79.90257414987667,79.63863250519877,16.220954144500773,-18.52723842980992,104.93602212793026,15.5,101.62866685240199,101.63122404593474,98.4298125796866,25.297389622731487,0.720954144500773
1645814167.9761605,80.0851869467347,79.72536782143798,16.22863184461547,-18.491699874628832,105.1419830659952,15.5,101.8008199666475,101.8034274975394,98.57688682136353,25.41661524455722,0.7286318446154709
1645814168.0758052,80.34726881509346,79.86947984977313,16.242351393563162,-18.45626121148331,105.35304576814967,15.5,102.03700151233815,102.03970189695981,98.80353002657677,25.48356591837654,0.7423513935631618
1645814168.175951,80.55197041569498,79.97281173051604,16.24793376451957,-18.41956090042007,105.56915172022855,15.5,102.22786622015397,102.23060225217205,98.97153131611505,25.596339989712504,0.7479337645195692
1645814168.2761261,80.72707038589232,80.05018059092141,16.250594737893145,-18.379583473408985,105.79732542442991,15.5,102.39650534205269,102.39925633873314,99.1066538593013,25.7471448335085,0.7505947378931452
1645814168.375708,80.95329289802486,80.15390928231896,16.26238034304704,-18.342975928281156,106.02321558118778,15.518902090394798,102.61076946992807,102.61346291361038,99.296268826306,25.86930629886882,0.7434782526522437
1645814168.4756594,81.11547413545252,80.23304931771946,16.268313718182984,-18.311469892911244,106.24838487451794,15.569470344860857,102.77409636164262,102.77647233201108,99.42694402836376,26.015335556798476,0.6988433733221271
1645814168.5755768,81.36129355359091,80.34113613978472,16.275795115087764,-18.277681687223254,106.47227488751481,15.599999999999994,103.0085520687127,103.01076884641854,99.63897524081416,26.13113874773009,0.6757951150877695
1645814168.676959,81.5434134574515,80.42737409564172,16.278517290123702,-18.239850640907985,106.69758595040236,15.599999999999994,103.18344743715906,103.18567832179988,99.7832640983595,26.270211854760632,0.6785172901237075
1645814168.7757132,81.73125757818622,80.51357723691119,16.275462798203755,-18.205567605182594,106.91619833930959,15.599999999999994,103.36569754424352,103.36790449070635,99.93682518336881,26.4026211023984,0.6754627982037604
1645814168.8757303,81.83947888971412,80.54728517128358,16.26920987844326,-18.174771402740298,107.1362945526428,15.599999999999994,103.48828765345249,103.4904513629404,100.01425029245442,26.58900938135922,0.6692098784432652
1645814168.9771452,82.03900470088863,80.65194915151564,16.274617491693828,-18.145963093830733,107.35900880018544,15.599999999999994,103.68362844300232,103.68582311901015,100.18496779471936,26.707059648669798,0.6746174916938337
1645814169.0758243,82.25570360059068,80.77135571438319,16.274710746077474,-18.121787352113714,107.57498466893209,15.599999999999994,103.89453890890216,103.8967297352725,100.37749095270439,26.8036289545489,0.6747107460774799
1645814169.1772106,82.45820989128606,80.87615108948468,16.27317484194184,-18.096431725583873,107.80150113026777,15.599999999999994,104.09712015956949,104.0992967790065,100.55464161686993,26.925350040783087,0.6731748419418473
1645814169.2755427,82.6667384623253,80.99922516975445,16.280910379777964,-18.07089181536241,108.02966390403327,15.599999999999994,104.3010775214317,104.30330009677064,100.73763027768771,27.030438734278817,0.6809103797779699
1645814169.3759067,82.99913927960667,81.18980201860802,16.286792892538553,-18.045291111306508,108.25836978424562,15.599999999999994,104.60728595039168,104.60954047496936,101.04443039091318,27.068567765637596,0.6867928925385591
1645814169.475605,83.19625304702343,81.29089879753145,16.2920842708811,-18.02050876113359,108.47976483641496,15.599999999999994,104.80490116120309,104.8071862423925,101.21676180815703,27.188866038883504,0.6920842708811072
1645814169.575599,83.10659380189921,81.23861234856231,16.293915402047592,-17.99817577216764,108.70213226763669,15.599999999999994,104.7684082009961,104.7707061900212,101.10476957406685,27.463519919074372,0.6939154020475975
1645814169.6756015,83.26404843256324,81.33563407344069,16.30305667940447,-17.979467651384528,108.92497287020132,15.599999999999994,104.9353189554548,104.93767413554338,101.24351608394777,27.58933879676063,0.7030566794044759
1645814169.7757037,83.44883352081202,81.43879005098968,16.30925108441329,-17.960689377045803,109.14478849176173,15.599999999999994,105.12617982201775,105.12857233441322,101.40952289785781,27.70599844077205,0.709251084413296
1645814169.8843086,83.63248515286483,81.54273819648014,16.310115975143816,-17.940236515245108,109.37826050606263,15.599999999999994,105.31777670134606,105.32017068924996,101.57272166810993,27.835522309582487,0.7101159751438217
1645814169.9755702,84.04667811983714,81.7920143420796,16.315624509097148,-17.926321125578312,109.56430007276649,15.599999999999994,105.68723872735258,105.6896615012577,101.97299924541545,27.77228573068689,0.7156245090971538
1645814170.075476,84.2305972126489,81.90781217073206,16.318432838971198,-17.915165817467862,109.75530896349626,15.599999999999994,105.87369825706374,105.87613578314942,102.14576303011677,27.847496792764204,0.7184328389712036
1645814170.1763992,84.4227526525137,82.03067218889811,16.320926256422045,-17.903320277201384,109.96025355438367,15.599999999999994,106.06925434106081,106.0717042907101,102.32607292971508,27.92958136548556,0.7209262564220502
1645814170.2756064,84.59998958289927,82.14616562017694,16.324098823778215,-17.889425620532204,110.2085115457916,15.599999999999994,106.2618251659091,106.26429224672242,102.48941520343148,28.06234592561465,0.7240988237782204
1645814170.3763468,84.68499745794675,82.17948344234908,16.31573785461521,-17.878603255121753,110.44510144362538,15.599999999999994,106.38720483321205,106.38961242950529,102.5636007130685,28.265618001276295,0.7157378546152167
1645814170.47555,84.8488888626914,82.28404258368064,16.31035793058303,-17.87241567027328,110.65699764663667,15.599999999999994,106.567776480316,106.57014400078539,102.72130453296468,28.372955062956024,0.7103579305830365
1645814170.5760062,85.04049313848911,82.41883897345696,16.30975680097746,-17.866169860033928,110.87088780053084,15.599999999999994,106.76750616151801,106.76986525544706,102.90666299852305,28.45204882707388,0.7097568009774662
1645814170.675772,85.22509416340918,82.54164583027318,16.305142758794855,-17.85999431824199,111.08237158486999,15.599999999999994,106.96311744647758,106.96544170983093,103.08508848165117,28.540725754596806,0.7051427587948602
1645814170.7755153,85.30520509494156,82.5878180544909,16.29411823960469,-17.856320838423773,111.29238751758707,15.599999999999994,107.08058993562801,107.08283962004684,103.16152593336533,28.704569463096178,0.6941182396046948
1645814170.8755705,85.43505643134769,82.67867867884743,16.29576740928564,-17.856320838423773,111.5009670709181,15.599999999999994,107.23727396032571,107.23953104489863,103.29137726977146,28.82228839207066,0.6957674092856472
1645814170.975425,85.60454421526286,82.80076493606882,16.293218863518764,-17.856320838423773,111.7103365794619,15.599999999999994,107.42399140909647,107.42622809469935,103.46086505368663,28.90957164339308,0.6932188635187693
1645814171.0754845,85.98059867974072,83.05635437000318,16.29655010552421,-17.856320838423773,111.92232074662266,15.599999999999994,107.77453256626956,107.77678345509946,103.83691951816449,28.865966376619483,0.6965501055242171
1645814171.1760857,86.14790322919859,83.17186296087965,16.295194400353882,-17.856320838423773,112.13613698486404,15.599999999999994,107.9620664569026,107.9643046978905,104.00422406762236,28.964274023984387,0.6951944003538877
1645814171.2756832,86.30379527229901,83.28098273103957,16.286579156785535,-17.856320838423773,112.34909839129412,15.599999999999994,108.14011807020181,108.14229758598492,104.16011611072278,29.06811566025455,0.686579156785541
1645814171.3764968,86.42865122224688,83.37019592462833,16.280583247456725,-17.858615407610205,112.56692384346856,15.599999999999994,108.29719711189985,108.2993356205402,104.28726662985709,29.196727918840224,0.680583247456731
1645814171.475599,86.5745638478179,83.47215755298973,16.279672783971396,-17.86498671584998,112.78511172408501,15.599999999999994,108.47519994993175,108.477329241049,104.43955056366788,29.312954171095285,0.6796727839714016
1645814171.5754004,86.72191991907913,83.56933578216395,16.271151354244314,-17.871445585346986,113.00629817351933,15.599999999999994,108.65683072118635,108.65890348477133,104.59336550442612,29.43696239135538,0.6711513542443193
1645814171.6762457,86.98905405195266,83.74490833408977,16.261419046316416,-17.87803436808499,113.23193355168807,15.599999999999994,108.9338831120936,108.93589107834984,104.86708842003765,29.4870252175983,0.6614190463164213
1645814171.7753618,87.14284014069231,83.86022143975813,16.261732277052626,-17.884122776088248,113.44043340601365,15.599999999999994,109.11302341834087,109.11502998715575,105.02696291678056,29.58021196625552,0.6617322770526322
1645814171.8759592,87.32435608395365,84.00361551676009,16.265084121645145,-17.889916173145675,113.63883049778183,15.599999999999994,109.30822957839175,109.31025290635485,105.21427225709932,29.635214981021733,0.6650841216451511
1645814171.9754174,87.4757556756498,84.09345298495003,16.26257186043644,-17.89761942107585,113.83265990692882,15.599999999999994,109.48958218763788,109.49158693294089,105.37337509672564,29.73920692197879,0.6625718604364472
1645814172.0754094,87.63800710043652,84.20749412805262,16.256029155001457,-17.90923950087003,114.02297619857592,15.599999999999994,109.67763781288652,109.67959979169748,105.54724660130655,29.815482070523302,0.6560291550014625
1645814172.1753063,87.79771584635648,84.32942332208265,16.25303545482997,-17.921276366980567,114.22209269501232,15.599999999999994,109.86390215554383,109.86584297291024,105.71899221333705,29.892669372929674,0.6530354548299755
1645814172.2754953,87.91863071224917,84.42125298917455,16.253733438647117,-17.935159439352603,114.45980824956705,15.599999999999994,110.03335717677162,110.03529914986282,105.85379015160177,30.0385552603925,0.653733438647123
1645814172.3753858,88.07054205854705,84.54257843413308,16.252414707517826,-17.948455014104038,114.68015569775501,15.599999999999994,110.21933271260346,110.22126359537965,106.01899707265109,30.137577263621935,0.6524147075178313
1645814172.475333,88.31754892986847,84.75063065835937,16.25246444667254,-17.96091795099188,114.8749982711559,15.599999999999994,110.46533413979715,110.46726101642606,106.27846688086035,30.124367612796533,0.6524644466725462
1645814172.5754447,88.38633053504492,84.81534273600526,16.25937373545128,-17.975827565384986,115.07339169807048,15.599999999999994,110.58235936518801,110.5843251844247,106.36215810042991,30.258048962065217,0.6593737354512861
1645814172.675524,88.617814383585,84.99656763490158,16.268424225082818,-17.994444140296956,115.27666267745404,15.599999999999994,110.82895751268732,110.83097317218562,106.61225852388196,30.28009504255246,0.6684242250828234
1645814172.7753,88.75888879714688,85.11493169608681,16.27027432647644,-18.015264274809322,115.478296804922,15.599999999999994,111.00744887153279,111.00947244554717,106.7741530719562,30.363365108835183,0.670274326476445
1645814172.875397,88.90849854416251,85.24965169394079,16.273203966977004,-18.039766282281708,115.67894651140634,15.599999999999994,111.19295540849465,111.19499330480953,106.94826482644422,30.429294817465546,0.6732039669770096
1645814172.9754589,89.04638245977758,85.35132022486552,16.279290230982436,-18.062133045801712,115.87649233940213,15.599999999999994,111.37333714328132,111.37540869352136,107.10851550557929,30.525172114536616,0.679290230982442
1645814173.0755777,89.19625792968353,85.46878746451397,16.26694520569567,-18.080556116989285,116.06850693522563,15.599999999999994,111.55562587198669,111.55761954971102,107.27681404667281,30.599719470711662,0.6669452056956757
1645814173.1757426,89.32063182279275,85.56327619575218,16.257995351456433,-18.1010480839973,116.26131224460966,15.599999999999994,111.72191696911494,111.72385461098428,107.42167990679005,30.698036048857475,0.6579953514564387
1645814173.275331,89.46200360087695,85.69085480296424,16.258124379357614,-18.125760595066566,116.45448699137702,15.599999999999994,111.89963391408344,111.90156923745349,107.58776419594352,30.763632188412785,0.6581243793576199
1645814173.3758118,89.61322546122348,85.83302417450189,16.256728366524293,-18.15146608073695,116.65224225632352,15.599999999999994,112.08502552218454,112.08694945646508,107.76469154196043,30.81921808182163,0.6567283665242982
1645814173.4752712,89.71500290408328,85.92231246991616,16.253439829334,-18.17859555251175,116.8542116254887,15.599999999999994,112.23997047969799,112.24187256498367,107.89359845659503,30.931899155572538,0.6534398293340047
1645814173.5753691,89.84475020195914,86.03036135323599,16.238519668999626,-18.204233378792253,117.0493461144987,15.599999999999994,112.41334559763325,112.41515901256659,108.0489835807514,31.018984761262715,0.6385196689996313
1645814173.677128,90.11142025932155,86.28078814975703,16.23713349927885,-18.228470434619435,117.23880428443859,15.599999999999994,112.67622055505005,112.67802189276394,108.33989069394099,30.958016134681557,0.6371334992788569
1645814173.7758865,90.2438143753376,86.41051522914445,16.231118878102738,-18.254509345806365,117.41664759817735,15.580893953280864,112.84177637198088,112.84364974262843,108.49832372114398,31.006132369032898,0.6502249248218739
1645814173.8759723,90.38083325177173,86.54792608407732,16.225144391792462,-18.284738419973866,117.58768166175719,15.532375264819182,113.01182634162403,113.01394967937664,108.6655716717456,31.03975557767987,0.6927691269732801
1645814173.975256,90.4237401295995,86.57494445966537,16.220671955918004,-18.314454999327715,117.75581606435526,15.5,113.12047486606836,113.12277048407562,108.7381951289272,31.180871604689884,0.7206719559180037
1645814174.0754495,90.55043351963587,86.69387288140605,16.20769054567216,-18.34388344092698,117.9223202032167,15.5,113.28366249569542,113.28587296899408,108.89431696056286,31.22844732181065,0.7076905456721612
1645814174.1762013,90.68282762972487,86.83728370962726,16.207032807700802,-18.37586774970661,118.09512438593529,15.5,113.44977585526155,113.45197899111434,109.05869537943148,31.257840676308035,0.7070328077008021
1645814174.2752566,90.80566937740802,86.96880654957971,16.205458055051313,-18.41607408902659,118.28469501553846,15.5,113.62250708490824,113.62469708354543,109.22174346643462,31.31588846595875,0.705458055051313
1645814174.3752189,91.00738097632428,87.19769292888813,16.213939725269505,-18.45573396379503,118.4682755491908,15.5,113.84209621140567,113.84433486009861,109.46311494011931,31.270582620302676,0.7139397252695048
1645814174.4751418,91.12588016086853,87.3394012106146,16.22258894691452,-18.493763921273604,118.63814734032854,15.5,114.00034156961024,114.00263160459942,109.61964408214214,31.298746129713948,0.7225889469145201
1645814174.5753245,91.23930999146253,87.46121738328902,16.21708045953087,-18.53383175062624,118.80621734657595,15.5,114.16063976094024,114.16289184762539,109.77314174208877,31.344999963286924,0.7170804595308695
1645814174.675559,91.33914074060812,87.55288505765608,16.208159410489365,-18.576862808198047,118.97096933078747,15.5,114.31808192729072,114.3202753027013,109.91600354880616,31.418084273131385,0.7081594104893654
1645814174.7756999,91.44529234053145,87.67793242882757,16.211253540176152,-18.61765198036879,119.13247380022914,15.5,114.46938405298947,114.47159371245432,110.06294432090024,31.45454137140156,0.7112535401761519
1645814174.8758712,91.57316124636466,87.84289208521564,16.21827250186064,-18.654695583945745,119.28874720361118,15.5,114.62557404667831,114.62782446211504,110.2278568303104,31.445855118395542,0.7182725018606391
1645814174.9751792,91.69566995214674,87.98683031921517,16.218876837793967,-18.693624195303812,119.44399863778744,15.5,114.78392614384363,114.7861772379552,110.38929414745056,31.457168318572272,0.7188768377939674
1645814175.0752823,91.85139041710205,88.16964758346606,16.225671827839335,-18.737074455657527,119.60111356045742,15.5,114.9684548751367,114.97074504402441,110.58846487275957,31.431465976991362,0.725671827839335
1645814175.175109,91.95619393289135,88.28807121878154,16.224855599089665,-18.781278553457888,119.75769579443512,15.5,115.12221802761418,115.1244999956007,110.73747248634925,31.469624575653583,0.7248555990896648
1645814175.2754412,92.06147072961522,88.41098908260858,16.221920739657936,-18.827462769596796,119.91487304536362,15.5,115.27727563284708,115.27953611498333,110.88893349921202,31.50388396275504,0.7219207396579357
1645814175.3752055,92.15463046144959,88.5179561122232,16.219006973168508,-18.87149886962847,120.06473968251308,15.5,115.42097273837187,115.423212218771,111.02612933107805,31.546783570289875,0.7190069731685078
1645814175.4762323,92.19550318786185,88.58802271324494,16.22476527000943,-18.9136594949785,120.20822357775491,15.5,115.52092076673316,115.52319429227384,111.10916268284035,31.620200864509968,0.7247652700094314
1645814175.5751667,92.28097203731085,88.69918388203105,16.22223296669093,-18.95580002340054,120.3483655757823,15.5,115.6515895280767,115.6538446435263,111.23677206071139,31.649181693751245,0.7222329666909317
1645814175.675422,92.36744587197578,88.80379896035248,16.2144200331203,-19.000093965973285,120.48968821077082,15.5,115.78741083186439,115.78961483281077,111.36753983794907,31.68588925041834,0.7144200331203017
1645814175.7752495,92.46228307811235,88.91988772789132,16.20932337834833,-19.044052583364255,120.62644902352298,15.5,115.92656693719321,115.92873699604688,111.50633566147661,31.70656129563166,0.7093233783483299
1645814175.875346,92.56459346017444,89.06141931348223,16.210968288964843,-19.08788561280288,120.75697761550279,15.5,116.06413959194468,116.06631714294348,111.65247907297731,31.695558302020558,0.7109682889648425
1645814175.97553,92.67889829723903,89.21154188684164,16.210286442407867,-19.13036517907646,120.88347578482349,15.5,116.20853151104815,116.21070218695237,111.8092634763155,31.671933897981845,0.7102864424078668
1645814176.075484,92.76967117496406,89.34327737120647,16.21086864242007,-19.170530278506163,121.00308179787798,15.5,116.3312164372856,116.33338838014375,111.94020145347022,31.659804426671514,0.7108686424200705
1645814176.1767702,92.86013013744974,89.4787036087777,16.215077478626934,-19.21291136247263,121.12928670079732,15.5,116.45654142686945,116.45873679938573,112.07304149992237,31.650583092019616,0.7150774786269345
1645814176.276412,92.93361490706458,89.57450339468475,16.20388110280958,-19.260310618383002,121.27043501281838,15.5,116.58520063005888,116.58732544559882,112.19392552544758,31.695931618133628,0.7038811028095786
1645814176.375107,93.01639382546162,89.70242815787377,16.20457162006782,-19.308386501699506,121.40294822383363,15.5,116.71237829809367,116.71450496474348,112.32478032716112,31.700520065959864,0.7045716200678207
1645814176.4752889,93.07551360206699,89.79242251162319,16.199381914799574,-19.35903523368045,121.52549337001966,15.5,116.82686145746658,116.8289548573676,112.43454883574745,31.733070858396474,0.6993819147995737
1645814176.575096,93.14782337045222,89.90411098236319,16.19389005439619,-19.40648086783726,121.64633117860656,15.5,116.94460203682866,116.94666061482825,112.55430423828948,31.742220196243366,0.6938900543961886
1645814176.6751585,93.22033197985719,90.03466667253383,16.19878897451307,-19.44963099345127,121.76564796446068,15.5,117.05287578763415,117.05496160430882,112.66996297330846,31.730981291926852,0.6987889745130715
1645814176.7761056,93.28381378072196,90.12310886427106,16.190719028246086,-19.495390592457007,121.88555563943059,15.5,117.16655650906581,117.16859245108347,112.77920437317897,31.762446775159532,0.690719028246086
1645814176.8764875,93.36162414017477,90.24773526156947,16.18682212696897,-19.54437241376313,122.00406767710588,15.5,117.28695028145239,117.28896124937751,112.9059965539379,31.756332415536406,0.6868221269689698
1645814176.9755096,93.44156647852255,90.35785118423628,16.190651132390613,-19.59352986392108,122.11972543920943,15.5,117.41273210914665,117.41476338314918,113.03509634244362,31.76187425497315,0.690651132390613
1645814177.0753207,93.49617887447857,90.4291497405439,16.18080410847415,-19.64466862539316,122.23393846425309,15.5,117.52615010604666,117.52812196654521,113.14084749987174,31.80478872370918,0.680804108474149
1645814177.1759112,93.55626320488372,90.5145120426306,16.17380201191986,-19.693097014810903,122.3476816275241,15.5,117.63829425825054,117.64022392507593,113.24936021969462,31.833169584893497,0.6738020119198609
1645814177.2749941,93.63382052623133,90.64821524009581,16.174873873550247,-19.736202903645506,122.45770728758006,15.5,117.74806154162279,117.74999554800411,113.37002342987684,31.809492047484255,0.6748738735502471
1645814177.3749478,93.70366766922103,90.76045658196625,16.174159341588673,-19.782162113029425,122.5688455275062,15.5,117.85926848863723,117.86119658095502,113.48582978225046,31.808388945539946,0.6741593415886733
1645814177.4755583,93.75300352096605,90.81210802101982,16.175966357573273,-19.8323548104098,122.68094561827677,15.5,117.97142212022109,117.97335871960229,113.58535833137584,31.86883759725694,0.6759663575732731
1645814177.57536,93.80248453300234,90.88437967100012,16.167349943429716,-19.87965926616742,122.78841909198847,15.5,118.07411888365328,118.07600478546895,113.68214379916976,31.904039420988354,0.6673499434297163
1645814177.675748,93.865982830682,90.98855738480204,16.1641410164697,-19.92340321429553,122.89076884371224,15.5,118.17688214055212,118.17874832537238,113.78938604497753,31.9022114589102,0.6641410164696993
1645814177.7756977,93.93766299451671,91.10743145943356,16.1638769521243,-19.966438009546774,122.99145935759027,15.5,118.28243935831867,118.28430239538083,113.90410100406349,31.884027898156717,0.6638769521243013
1645814177.8751948,93.99467108458707,91.19063589486068,16.15995394013849,-20.00848939066092,123.08984893186349,15.5,118.3819259461732,118.38376548297634,114.003160475248,31.89921303700281,0.6599539401384895
1645814177.9749873,94.05579294904334,91.27349593700663,16.153079798478277,-20.052328438981,123.18792645914729,15.5,118.48710580589197,118.48890562191812,114.10812138802433,31.914430522140663,0.6530797984782772
1645814178.0750203,94.15280166629427,91.4158260924859,16.145150678646022,-20.0997357194744,123.28498235237038,15.5,118.6140186478959,118.61577314675125,114.25253738576866,31.869156259884477,0.6451506786460222
1645814178.1755893,94.2350166019234,91.51554893125811,16.149323038988307,-20.14595921355949,123.38596992477363,15.5,118.73807882396446,118.73985423275101,114.3809758154829,31.870420993515523,0.6493230389883067
1645814178.275223,94.28669110702614,91.5978172423404,16.148871454894707,-20.186862206975643,123.49762300213378,15.5,118.83514638290373,118.83691787492276,114.47355331400179,31.89980575979338,0.6488714548947065
1645814178.3753948,94.35420240454395,91.69573060222618,16.143172922492365,-20.229135714413953,123.60610540638768,15.5,118.94374046004059,118.94547938460597,114.58333811895791,31.910374804161506,0.643172922492365
1645814178.4765306,94.41937187374691,91.79908495275154,16.14161787437512,-20.27353507792146,123.70998866375425,15.5,119.04943796875709,119.05116695847067,114.69290695166836,31.910903711002703,0.6416178743751217
1645814178.5748367,94.51314865086721,91.93016969572085,16.144771029872892,-20.313873577032634,123.8065311346773,15.5,119.1694065283267,119.17115079579688,114.82702222789985,31.87636143895645,0.6447710298728921
1645814178.675672,94.56433526006155,91.97790189316794,16.13143129607047,-20.351230350271646,123.899233811826,15.5,119.26675417317239,119.26842564771948,114.9155656103332,31.921331918658055,0.6314312960704704
1645814178.7755525,94.6219447047575,92.05505309532357,16.124540190700447,-20.388591728227237,123.99571740776855,15.5,119.36343463273501,119.36506849900856,115.01053643298474,31.94066431244498,0.6245401907004471
1645814178.875053,94.68775846897762,92.16697655287051,16.127108405476875,-20.426344602784066,124.09877159250539,15.5,119.46085660361483,119.46250259148954,115.11410307176169,31.931795039634878,0.627108405476875
1645814178.9749691,94.7620269598174,92.29150478784939,16.126644794562747,-20.463297950781765,124.1921333832106,15.5,119.55971564675254,119.56135784287027,115.22532491059917,31.900628595361212,0.6266447945627469
1645814179.0749214,94.81232237268952,92.35028131810326,16.119802633202976,-20.498965736614487,124.27179361738301,15.5,119.6481345984967,119.64973994206635,115.311288109304,31.921512299279755,0.6198026332029762
1645814179.1761756,94.85417346645002,92.39319196338488,16.112944821321616,-20.53390875659309,124.35800756220817,15.5,119.73370016573669,119.73526905942342,115.38808222304311,31.964815598823293,0.6129448213216158
1645814179.276733,94.80828440407305,92.28530657161473,16.10804973923407,-20.56628464518148,124.4544184013781,15.5,119.77538536451063,119.77692876218862,115.37456904925453,32.16911182976338,0.6080497392340689
1645814179.3750517,94.86813566785563,92.34200692134365,16.09259321731914,-20.59766878939326,124.54787596554466,15.5,119.87314127798545,119.87460601217037,115.46580445724888,32.20586904420101,0.5925932173191413
1645814179.4750757,94.98395542565086,92.53666829320075,16.09191353811997,-20.629185961140372,124.64172966722951,15.5,119.98805535199048,119.98951532858585,115.61314138679123,32.105061374028764,0.5919135381199716
1645814179.5750387,95.05737379932143,92.6399691090738,16.09440615100058,-20.657834812551172,124.73470665850655,15.5,120.08364452520652,120.08511565189296,115.7152086118726,32.09473754943275,0.5944061510005803
1645814179.675799,95.09319185897242,92.67435481700687,16.0977267924238,-20.682702417764872,124.82727194264929,15.5,120.15767880275767,120.15916549554204,115.77589427673729,32.15291712564242,0.5977267924237992
1645814179.7762742,95.17188215797415,92.79505293710325,16.092549029420276,-20.709823598958682,124.9189636982027,15.5,120.25188302776569,120.25334293097929,115.88170575693283,32.12391076109945,0.592549029420276
1645814179.8748643,95.22865393769384,92.87765431348186,16.088430853734696,-20.739744539610275,125.00806404834124,15.5,120.3371624857456,120.33860114689037,115.9683984773041,32.130409734859384,0.5884308537346961
1645814179.9749618,95.29032193762453,92.98180495508765,16.084485400729317,-20.769760523192833,125.09744742295169,15.5,120.4215812549204,120.42299969324408,116.06008246081736,32.115642467864035,0.5844854007293172
1645814180.0749967,95.33806570169229,93.04804685844731,16.080306237892536,-20.79906574988755,125.18471426358326,15.5,120.5014468531804,120.50284415332112,116.13713145157983,32.13666740513595,0.5803062378925361
1645814180.1749222,95.39816065370538,93.12647550807381,16.073418365718982,-20.83075609358764,125.2747331042259,15.5,120.59299960908892,120.594362900344,116.22891674729301,32.14825759615209,0.5734183657189824
1645814180.2748907,95.45536613972203,93.21772229820384,16.068472209279424,-20.87119212564778,125.37507711416654,15.5,120.68953403931178,120.69087284164831,116.32655826536981,32.157354815962705,0.5684722092794239
1645814180.3753464,95.50844984159704,93.30533994629438,16.069131906583902,-20.915310159725614,125.47304686419818,15.5,120.7859812279626,120.78732206787608,116.42376000132265,32.1677069179038,0.5691319065839018
1645814180.4756296,95.56751909377478,93.4048672520438,16.064421557733155,-20.96525349984397,125.56599951230625,15.5,120.8893110106024,120.89062862072059,116.53277259361874,32.16113226026245,0.564421557733155
1645814180.5758417,95.61882157978964,93.49919090446723,16.0623418748596,-21.013768299031945,125.66090027918662,15.5,120.98568746651527,120.98699434290253,116.63258987882159,32.16170937471939,0.5623418748596016
1645814180.6755455,95.67998418475183,93.60270402869818,16.059386072457194,-21.05972775548107,125.75865798798183,15.5,121.08743006158865,121.08872214908448,116.7397119402329,32.15595395928365,0.559386072457194
1645814180.7748253,95.71437109186526,93.66825803571624,16.053049924179685,-21.108487677083193,125.85064028014628,15.5,121.17460979048491,121.17587186438939,116.82285876894845,32.182382244430045,0.5530499241796853
1645814180.8761134,95.76298045013303,93.76509172164546,16.05397223186943,-21.16158649458516,125.93848517156731,15.5,121.27028325724879,121.27154854510204,116.92456694471818,32.173393449921846,0.5539722318694302
1645814180.9748895,95.81143549941352,93.88594869644513,16.048698255657413,-21.216506953394738,126.02283937963185,15.5,121.36028616281726,121.36152655309118,117.02794245280826,32.13689068318672,0.5486982556574134
1645814181.0747194,95.86092936705077,93.98724196060503,16.04411192261941,-21.278198172304993,126.10550787425345,15.5,121.46257944725728,121.463798161286,117.13912753935577,32.118265913648415,0.5441119226194111
1645814181.1749911,95.90544464790626,94.08353305397871,16.038132576408046,-21.341143061332097,126.19294152945136,15.5,121.56387803169524,121.56506911434167,117.24658770923836,32.10940847547265,0.5381325764080458
1645814181.2748852,95.94698960074395,94.19100146209392,16.035150409746688,-21.405940592865594,126.2894204940497,15.5,121.6635472496886,121.66472420277894,117.35293019360954,32.09841903195577,0.5351504097466879
1645814181.3749046,95.96468908477146,94.29855470380167,16.032747157988197,-21.474041790753343,126.38001930145872,15.5,121.74184112450685,121.74300678034452,117.43873087552481,32.081464597657046,0.5327471579881973
1645814181.4750063,95.99852309551771,94.41214004076917,16.034181155692053,-21.547087155133596,126.4615888566829,15.5,121.83652021705929,121.83769124580863,117.54561025065131,32.04944881591372,0.5341811556920533
1645814181.5766208,96.03451441949264,94.51772434839884,16.028516844359686,-21.61992344840586,126.54549982057235,15.5,121.93582390629567,121.93696929874022,117.6544378678985,32.0277754721735,0.5285168443596859
1645814181.6748834,96.06715944355012,94.62329627792117,16.022492603040494,-21.68809772034593,126.62855075121443,15.5,122.02719739318589,122.02831598508513,117.75525716389606,32.00525447329326,0.5224926030404937
1645814181.7760785,96.09908439911412,94.73491708464417,16.01628141942118,-21.760048031387893,126.71331661096775,15.5,122.12040424734838,122.12149556912503,117.85913243050202,31.978399526323585,0.5162814194211798
1645814181.875065,96.1245414659736,94.91366423603037,16.020358392207154,-21.83320760763883,126.79501370627024,15.5,122.19022469312706,122.19133268531455,117.95774907361243,31.88134947023987,0.5203583922071537
1645814181.97477,96.14746798957172,95.02398066822198,16.01940495715671,-21.90709441642695,126.87529496607353,15.5,122.27585995351804,122.27696311604191,118.05456240599867,31.851314297851545,0.5194049571567092
1645814182.0750048,96.1641292754071,95.13830247515823,16.018820352603015,-21.98174144652938,126.95224093269717,15.5,122.35429477065611,122.35539474572782,118.14587072193649,31.81393845753894,0.5188203526030151
1645814182.1748114,96.17491865356915,95.24709472571146,16.017459265635793,-22.05867360429174,127.02976424663855,15.49041592915692,122.43088017356803,122.43201458259641,118.23359225786089,31.782669520927087,0.5270433364788722
1645814182.2748866,96.13148945774786,95.21261547682276,16.010576165772736,-22.148221512545003,127.11181380573687,15.43513614956697,122.5057095863022,122.50706107182421,118.27971097029287,31.89919832891411,0.575440016205766
1645814182.3746371,96.15958330579322,95.339024338872,16.003064421025172,-22.23609842918199,127.19233229457812,15.399999999999991,122.60575305103181,122.6072361971613,118.39568173497521,31.85330795570613,0.6030644210251808
1645814182.474714,96.17322000900131,95.44314919501875,15.998888395241979,-22.321825457055084,127.27088091664554,15.399999999999991,122.69507042479995,122.69653203679628,118.4950454660564,31.82773172162679,0.5988883952419872
1645814182.5765429,96.19649533599656,95.53466296655604,15.986273107967401,-22.40392114366869,127.34188835786708,15.399999999999991,122.79152404072406,122.79292362510488,118.60041647966526,31.807225391311036,0.5862731079674095
1645814182.6749578,96.20490379857827,95.64342353994336,15.978409383086134,-22.477904691333542,127.4012032866934,15.399999999999991,122.8583151662767,122.85967671661282,118.68280848991182,31.757779746750046,0.578409383086143
1645814182.7749176,96.20614359581971,95.78603225302949,15.980556954096846,-22.557096440062768,127.46309164452472,15.399999999999991,122.91518732651777,122.91655837148184,118.76324003588248,31.677059391495234,0.5805569540968545
1645814182.8765984,96.23063101233495,95.88934444518975,15.967852493513789,-22.646461425098476,127.52962073105421,15.399999999999991,123.01573147294589,123.01704209693193,118.87709243743343,31.64027628586446,0.5678524935137972
1645814182.9751236,96.23199928061895,95.98902807856636,15.968251373963797,-22.7298322775276,127.59018347772572,15.399999999999991,123.08757203808453,123.08888373795037,118.96183155814654,31.601155399159353,0.5682513739638058
1645814183.0746295,96.21397613059219,96.09147535292578,15.972277118524614,-22.807731873046585,127.64371594618493,15.399999999999991,123.1328991884718,123.13422904967872,119.02170800363876,31.552240593259143,0.5722771185246227
1645814183.1746733,96.21601495868914,96.22168874287071,15.976718138747845,-22.88757981943961,127.69858731813127,15.399999999999991,123.19278157826432,123.19413150309353,119.10359477812875,31.476898575260563,0.5767181387478537
1645814183.274714,96.22015235826632,96.31988506884159,15.970657365641058,-22.971735226862897,127.75641877021465,15.399999999999991,123.26784543125449,123.26916632756388,119.19188758512922,31.436533701373065,0.5706573656410665
1645814183.3751013,96.19511964124375,96.39316912271701,15.977208665961095,-23.056042699971687,127.81435472150217,15.399999999999991,123.32124968619246,123.3226004996987,119.25116234121543,31.421185598785158,0.5772086659611038
1645814183.4747748,96.186458502621,96.47587714461451,15.978394245645083,-23.13948057094754,127.8716930835464,15.399999999999991,123.3871022200468,123.3884578644359,119.32593907356853,31.39581593893189,0.5783942456450912
1645814183.574614,96.1678814185527,96.5608290679929,15.982484559643465,-23.2218045455841,127.92087562565953,15.399999999999991,123.43965989386969,123.44103419437332,119.38968596413679,31.360046557666635,0.5824845596434738
1645814183.6750844,96.15885396307206,96.64145140399734,15.981116135345152,-23.30276609874982,127.9579667193285,15.399999999999991,123.49818945754005,123.49955666014844,119.46162006182189,31.31651531533116,0.5811161353451606
1645814183.7771192,96.13792632430884,96.72731281754203,15.984217461919123,-23.384147936243778,127.9915147478157,15.399999999999991,123.54341972716306,123.54480105583073,119.52207426055261,31.26420193027367,0.5842174619191312
1645814183.8772912,96.12001592759556,96.81016429954411,15.983881581878032,-23.462841410490633,128.01855375809552,15.399999999999991,123.5881197435162,123.58949898530763,119.5828573380862,31.20838945855141,0.5838815818780407
1645814183.9748526,96.0957577386534,96.89524571318977,15.986537703031798,-23.538936597003385,128.04469999906178,15.399999999999991,123.62341441285976,123.62480583430956,119.63469433565679,31.14945428587201,0.5865377030318069
1645814184.0748603,96.06641736996548,96.98873777322996,15.991115926443022,-23.61584456413748,128.07112551100408,15.399999999999991,123.65257235150655,123.65398524585876,119.68226193410295,31.082387737774127,0.591115926443031
1645814184.1747048,96.04218472393178,97.0658531574108,15.99147564554094,-23.696032473532117,128.09632780756735,15.399999999999991,123.69369836269367,123.69511250684207,119.7382171974639,31.03047465015655,0.5914756455409478
1645814184.2755318,96.01516768724039,97.1408604391056,15.992566452815234,-23.788999519264724,128.11762340577334,15.399999999999991,123.74408399571008,123.74550278268038,119.80416720650511,30.97676296666775,0.5925664528152428
1645814184.3749526,95.97526418295197,97.20978098351478,16.000759239524548,-23.873953746161824,128.13708353882478,15.399999999999991,123.77533309011088,123.77679101201393,119.84921792911379,30.927302555310007,0.6007592395245567
1645814184.4745483,95.94378297606974,97.27839155119331,16.003186313713186,-23.951497696820873,128.15484622879856,15.399999999999991,123.8072444612569,123.80871380810996,119.8952806728906,30.876454677605253,0.603186313713195
1645814184.5747843,95.91862469331542,97.38195446732693,16.00928582659856,-24.028292215566417,128.17298698678022,15.399999999999991,123.83598249119773,123.8374813567311,119.94691690888183,30.79103251945328,0.609285826598569
1645814184.6745594,95.8856802064389,97.44810220570572,16.01357598148193,-24.102749546086667,128.19146394088943,15.399999999999991,123.86435147070009,123.86587117015797,119.98842975252558,30.74336173518371,0.6135759814819401
1645814184.7748291,95.85273066929018,97.51143770900237,16.019290835544034,-24.179592267235908,128.20644810199897,15.399999999999991,123.89488372230976,123.89643148090927,120.03232293652609,30.695010392996608,0.6192908355440423
1645814184.8746276,95.8217536923587,97.55661728696244,16.02211395693829,-24.2593258688093,128.2155802343781,15.399999999999991,123.93319844814208,123.93475986728656,120.081079561168,30.658962947415674,0.6221139569382999
1645814184.975318,95.78930297499156,97.60979062146279,16.024397363471206,-24.337423331050847,128.2215001451652,15.41766212921671,123.96574983829345,123.96723462518166,120.1267263060424,30.611709523702416,0.6067352342544954
1645814185.074626,95.75355665998352,97.61044827009884,16.03552628497078,-24.410285253523153,128.2215001451652,15.466389568700484,124.00155402377918,124.00286011586198,120.16384191350667,30.611051875066366,0.5691367162702949
1645814185.174727,95.72571373658454,97.66117372294863,16.03768971544926,-24.484972003423547,128.2245312612042,15.5,124.03518770935216,124.03635314021582,120.21068574000809,30.56335753825556,0.537689715449261
1645814185.2744741,95.68605192735727,97.722227579606,16.04331394727323,-24.56207956967862,128.2340985727987,15.5,124.05880621718745,124.05999592970721,120.24813149703589,30.5118709931927,0.54331394727323
1645814185.3749185,95.6484025699359,97.77140462686494,16.047371029701637,-24.639206007190133,128.2400533935839,15.5,124.0864510527784,124.08765833038242,120.28760857712604,30.46864876671897,0.5473710297016368
1645814185.4744918,95.6174963708276,97.8112968174633,16.048230631541205,-24.714829339607352,128.2400533935839,15.5,124.12001384809383,124.12122459304196,120.33232571043494,30.428756576120605,0.5482306315412053
1645814185.5749924,95.58057607429566,97.85034701758836,16.05027213535678,-24.786848470848646,128.2363653714388,15.5,124.14357415118812,124.1447936985458,120.3674245451443,30.386018353850446,0.5502721353567814
1645814185.6746733,95.53192435350086,97.90864381567431,16.05505018171497,-24.852217003938435,128.22751726735322,15.5,124.14336703081177,124.14460785088923,120.38414135743929,30.31887345167891,0.5550501817149716
1645814185.7769032,95.46478840438223,97.98969413333167,16.06638099962597,-24.9222239917764,128.2215001451652,15.5,124.1249163077663,124.12620849702422,120.38701239615864,30.23180601183354,0.5663809996259701
1645814185.8757238,95.42653519654831,98.03610475844629,16.070047699154117,-24.995541032513955,128.2215001451652,15.5,124.14763202723859,124.14894076209409,120.42207622906227,30.185395386718923,0.5700476991541166
1645814185.9747021,95.39490336002702,98.1072124410169,16.068040509330668,-25.065027678981362,128.2215001451652,15.5,124.16708625819837,124.1683855893726,120.45993103900838,30.11428770414831,0.5680405093306682
1645814186.0748663,95.35763943320856,98.14993766591449,16.064367728253465,-25.1264614482419,128.2215001451652,15.5,124.18018133001341,124.181463778165,120.48410088145046,30.071562479250716,0.5643677282534654
1645814186.175893,95.3198804717332,98.2088709161796,16.059855340357295,-25.19104532663425,128.21876089822052,15.5,124.19129089237227,124.19255280215458,120.51092579836745,30.009889982040917,0.559855340357295
1645814186.2744205,95.28776301321503,98.23426241248194,16.053956289068797,-25.260466421883113,128.2093642504782,15.5,124.21909011957584,124.22032530027244,120.54822943509814,29.97510183799625,0.5539562890687968
1645814186.3746178,95.24717540060853,98.28691446523881,16.05056847566624,-25.329210461790325,128.2029468967465,15.5,124.23217708822911,124.23339707875462,120.57638586239885,29.916032431507702,0.550568475666239
1645814186.474723,95.20630980829709,98.36697122775054,16.047173638132456,-25.39410474560838,128.2029468967465,15.5,124.23624847320033,124.23745342562782,120.60041455390547,29.83597566899597,0.5471736381324561
1645814186.5746412,95.18595481202628,98.41480804336675,16.038996826300615,-25.45788249407382,128.2029468967465,15.5,124.26692519045035,124.26809411054691,120.6438373061001,29.788138853379763,0.5389968263006146
1645814186.6748636,95.16181319986126,98.46075544000664,16.03504676179594,-25.52040280158759,128.2029468967465,15.5,124.29318248266767,124.29433408931814,120.68221600144885,29.742191456739874,0.5350467617959396
1645814186.7749796,95.14565006894024,98.50208694048492,16.025821978169652,-25.579072123252818,128.2029468967465,15.5,124.3245737194528,124.32568567788549,120.72472219219306,29.700859956261596,0.5258219781696525
1645814186.874912,95.1399348528322,98.51297257688451,16.017545673959017,-25.63225407868863,128.2029468967465,15.5,124.36806742257045,124.36914427602073,120.77218893152083,29.689974319862003,0.5175456739590167
1645814186.9751768,95.11895251129775,98.55481793838345,16.009381854041465,-25.68886137467654,128.2029468967465,15.5,124.39268244812446,124.39372539044386,120.8078138859743,29.64812895836306,0.5093818540414645
1645814187.074595,95.02465967959698,98.69353136980465,16.00896465098936,-25.752266920102226,128.2029468967465,15.5,124.32968914788957,124.33073091004816,120.77692659969921,29.509415526941865,0.5089646509893591
1645814187.178003,95.0085823673135,98.73527314622824,15.999388303121734,-25.815908442215044,128.19929728606976,15.5,124.36513296698159,124.36613561002973,120.82449080952854,29.464024139841527,0.49938830312173366
1645814187.2749276,94.99531222399698,98.75497235903131,15.998113001367553,-25.87186743099033,128.19003961984183,15.5,124.39975201904309,124.40074927009704,120.86717965498731,29.435067260810513,0.4981130013675532
1645814187.374574,94.95545352630269,98.8134084830363,15.995358397783155,-25.93112939838766,128.1843936483278,15.5,124.40345936021156,124.40444558266422,120.88658292469034,29.370985165291515,0.49535839778315527
1645814187.4746664,94.90282045861763,98.88123977659875,15.998852201245885,-25.993193073757304,128.1843936483278,15.5,124.39662742554724,124.39762766375048,120.89601353237492,29.303153871729066,0.49885220124588514
1645814187.5750935,94.88833488950807,98.92506653726181,15.990195571125934,-26.05296693756376,128.1843936483278,15.480058483762216,124.43032874110416,124.43137446185813,120.94130182707184,29.259327111066,0.5101370873637183
1645814187.6748939,94.85839841290019,98.9764669552974,15.985082681190676,-26.108633255386703,128.1843936483278,15.430421635671768,124.44326310548821,124.44449920031491,120.9670316682869,29.207926693030416,0.5546610455189072
1645814187.7765608,94.83523861499904,99.014277054005,15.990769434279082,-26.16623531733333,128.1843936483278,15.399999999999991,124.46787696399139,124.46927895849552,121.00147393233237,29.170116594322806,0.5907694342790908
1645814187.8746192,94.82190437136839,99.06570217181519,15.980442761280298,-26.223096030315837,128.1843936483278,15.399999999999991,124.49815386401545,124.49950694419312,121.04500040168423,29.118691476512623,0.580442761280306
1645814187.974501,94.7981662368346,99.11580751992496,15.97174554885166,-26.2795841533148,128.1843936483278,15.399999999999991,124.51828917489873,124.51960179833668,121.0777503901494,29.068586128402856,0.5717455488516681
1645814188.0748055,94.77412284093877,99.16509365870705,15.962348993065865,-26.33456308532254,128.1843936483278,15.399999999999991,124.53687638074679,124.53814602387259,121.10868592626132,29.019299989620762,0.5623489930658732
1645814188.1748276,94.7220818378815,99.21909739753745,15.963208152131815,-26.38954400993888,128.18252529738578,15.399999999999991,124.5267283405942,124.52800196997772,121.11162584782039,28.963427899848327,0.5632081521318231
1645814188.2763536,94.67526043281309,99.27907054779338,15.957221119685599,-26.44607571740062,128.1720038306521,15.399999999999991,124.5197962755352,124.52104304043158,121.12133615021371,28.89293328285872,0.5572211196856074
1645814188.3746755,94.65693164974628,99.32571638577622,15.948940885800125,-26.503819968398307,128.16584039990911,15.399999999999991,124.54589710554215,124.5471068388198,121.16075161814459,28.840124014132897,0.5489408858001337
1645814188.474506,94.60538364909043,99.37862497920888,15.950803462763263,-26.567108143639793,128.16584039990911,15.399999999999991,124.54507834088457,124.54629630539668,121.17249179273023,28.787215420700235,0.5508034627632714
1645814188.57439,94.5862060640212,99.42281979570086,15.941620563211085,-26.62678315508442,128.16964270281053,15.399999999999991,124.57515234862746,124.5763297561709,121.21298921910562,28.746822907109674,0.5416205632110938
1645814188.674877,94.5507916954517,99.47704659004032,15.937396349971717,-26.681763005365234,128.17873838367078,15.399999999999991,124.58378478398834,124.5849438172209,121.23255470081693,28.70169179363046,0.5373963499717256
1645814188.7744312,94.51489055207105,99.5169250387721,15.9399615769445,-26.73651431907813,128.1843936483278,15.399999999999991,124.59424922406009,124.59541925051569,121.25140487114918,28.667468609555712,0.5399615769445081
1645814188.87522,94.49570336518907,99.57477423517358,15.933087358945057,-26.792425289491447,128.1843936483278,15.399999999999991,124.61669420876107,124.61783442851241,121.28812865468052,28.609619413154235,0.5330873589450658
1645814188.9745605,94.47236043428802,99.6315626315299,15.930128386677218,-26.847453380775814,128.1843936483278,15.399999999999991,124.63451120454387,124.63563864040627,121.31981381506384,28.55283101679791,0.5301283866772266
1645814189.0776215,94.42644689656751,99.68026654332577,15.93219508705102,-26.904391234554765,128.1843936483278,15.399999999999991,124.63409462750836,124.63523087485893,121.33083813112228,28.50412710500204,0.5321950870510292
1645814189.1773527,94.41761856923804,99.73546251541882,15.928713793947928,-26.96266366667589,128.18773219445953,15.399999999999991,124.6703836745479,124.67150477889842,121.38028223591394,28.45226967904071,0.5287137939479365
1645814189.276732,94.36566004395998,99.80864242865124,15.931416475826097,-27.026621497733917,128.1972550653464,15.399999999999991,124.66755530343171,124.66868792445432,121.39228154169389,28.38861263669517,0.5314164758261057
1645814189.3744123,94.3272991489206,99.86772440750072,15.937045835026776,-27.08898236030032,128.20654015888022,15.399999999999991,124.67959694239077,124.68075357466338,121.41628150922092,28.3388157513795,0.5370458350267846
1645814189.474552,94.31858203028602,99.88256069119532,15.94430295504098,-27.15211225877896,128.21593975647338,15.399999999999991,124.73135107231148,124.73253868189762,121.47069428906498,28.333379065278052,0.5443029550409886
1645814189.5748336,94.34049099879023,99.94447953060053,15.943013092462325,-27.21602960705052,128.22941305439875,15.399999999999991,124.80394691773121,124.80512821780384,121.55652060584075,28.284933523798216,0.5430130924623331
1645814189.6744106,94.28762822794813,100.03757205140124,15.94186336207015,-27.280497910340667,128.24861080761747,15.399999999999991,124.79852563423829,124.79970198835727,121.5681261382888,28.211038756216226,0.5418633620701581
1645814189.7748253,94.23974179442685,100.10192678045205,15.949407418758874,-27.342356120767892,128.26281897696288,15.399999999999991,124.80081082574546,124.8020201410029,121.58209791519474,28.16089219651083,0.5494074187588822
1645814189.8746417,94.21527438290411,100.16415206414354,15.951110522903953,-27.400500317893684,128.27147623867563,15.399999999999991,124.82154592988923,124.82276255209185,121.6157747007978,28.107324174532096,0.5511105229039615
1645814189.974326,94.2079908022261,100.22997052855403,15.949649076712598,-27.458272885842,128.28299644444263,15.399999999999991,124.85852787395837,124.8597376937801,121.66626368806811,28.053025915888597,0.5496490767126065
1645814190.0744953,94.18882656744965,100.28728732113696,15.94725826344898,-27.51575845572413,128.30011483801928,15.399999999999991,124.8868468700909,124.88804591617425,121.70458502317378,28.012827516882325,0.5472582634489882
1645814190.1750972,94.17336397904006,100.35621897843758,15.948204104057154,-27.575934297657426,128.31803435672995,15.399999999999991,124.91899275177478,124.92019563648492,121.74929827669749,27.96181537829237,0.548204104057163
1645814190.276544,94.14365397766686,100.43373786838985,15.951569631107777,-27.648076320102636,128.3395172354924,15.399999999999991,124.94782147364566,124.9490388921339,121.79173029776949,27.90577936710254,0.5515696311077853
1645814190.3744152,94.12838076116594,100.46255212976803,15.952239081669203,-27.713835719127474,128.3590994590442,15.399999999999991,124.99497217778493,124.99619209291359,121.84221648029342,27.89654732927616,0.552239081669212
1645814190.4743888,94.14786109657136,100.52934421911856,15.949784260204162,-27.77576537752125,128.37754124002026,15.399999999999991,125.06355492272326,125.06476335339937,121.92362647409261,27.848197020901708,0.54978426020417
1645814190.57439,94.09295699060654,100.64105112455654,15.949487297860328,-27.840303332384938,128.3960069754114,15.399999999999991,125.05221928169571,125.05342651670053,121.93326032299147,27.75495585085487,0.5494872978603365
