timestamp,vins_x,vins_y,vins_z,gps_x,gps_y,gps_z,error_2d,error_3d,error_x,error_y,error_z
1645814038.5846663,-0.005991420359124412,-0.004496498378874653,0.0073489587173912446,-0.02253825944299947,0.018553248418703146,0.0,0.02837408520287664,0.02931033785765739,0.016546839083875057,0.0230497467975778,0.0073489587173912446
1645814038.6845334,-0.020338258546223537,-0.014784879800793533,0.036453924739227414,-0.034551878598361244,0.018553248418703146,0.0,0.03624165818731438,0.05140375878337486,0.014213620052137707,0.03333812821949668,0.036453924739227414
1645814038.784884,-0.037861798309062215,-0.03361625782756229,0.08610183407938447,-0.05133628413996498,0.03240416083942267,0.037327459073840476,0.06738143252685547,0.08318171137066495,0.013474485830902765,0.06602041866698496,0.048774375005544
1645814038.8850458,-0.060901183343078334,-0.05219896529985053,0.15420010063754797,-0.06952981956641034,0.050463423143180336,0.08599619323888154,0.10302436296285629,0.12355481515646495,0.008628636223332008,0.10266238844303087,0.06820390739866643
1645814038.985461,-0.0891577334075589,-0.06921158576481336,0.23142531270406283,-0.08370360507117669,0.0689690310817525,0.17173560944845306,0.13828821492812454,0.15062035407855712,0.005454128336382216,0.13818061684656585,0.059689703255609766
1645814039.0841737,-0.12149317092636268,-0.07897964330249689,0.3106980001905192,-0.09602815659639694,0.08731942093585007,0.2706422237510956,0.16823746824466662,0.1729401947134913,0.025465014329965743,0.16629906423834695,0.040055776439423596
1645814039.183313,-0.16037541737107835,-0.08233641734524892,0.3910159845546949,-0.11747013454287825,0.119245017072612,0.37135886498561316,0.20609691408783928,0.20703222055101322,0.04290528282820011,0.20158143441786092,0.019657119569081727
1645814039.283019,-0.202958877457769,-0.07848564144341556,0.46634344369062664,-0.1428592604179305,0.15704763868594812,0.4732348835679672,0.24308000743959293,0.24317767570320997,0.06009961703983849,0.2355332801293637,0.006891439877340588
1645814039.3819046,-0.24762143600747097,-0.0687188984204403,0.5337115453766784,-0.1585604613388897,0.1938720082208996,0.536237282495006,0.2772829628008879,0.2772944658799188,0.08906097466858126,0.2625909066413399,0.002525737118327598
1645814039.4828284,-0.29555283984508735,-0.05387589858551201,0.5934798165867925,-0.1710990115142822,0.2312100461860265,0.586549277360459,0.31106711702215367,0.311144313247795,0.12445382833080515,0.28508594477153854,0.006930539226333465
1645814039.581191,-0.3434008064725421,-0.034829191226042056,0.6410031144179907,-0.17895064473086966,0.2813888541120575,0.6361092416907254,0.3564234951491142,0.35645709122499064,0.16445016174167246,0.31621804533809955,0.00489387272726538
1645814039.683275,-0.394185973810835,-0.010544231662643927,0.6796148190615717,-0.18538549304434548,0.3388750717464896,0.6877499897483417,0.40705219611647014,0.4071334810173982,0.2088004807664895,0.3494193034091335,0.008135170686769944
1645814039.7808366,-0.44517783707479364,0.0186092366600788,0.7084066989566078,-0.19112743678730099,0.39644774783408526,0.7000000000000028,0.4553059920673404,0.4553835954442936,0.25405040028749265,0.37783851117400646,0.008406698956604952
1645814039.8808322,-0.5011222602413783,0.054484426822448556,0.7343384116401561,-0.19687462066747025,0.45634781412366526,0.7000000000000028,0.5040444506583743,0.505212761867187,0.30424763957390805,0.40186338730121673,0.03433841164015328
1645814039.9813354,-0.5609680916937851,0.0975084865544516,0.761152899271311,-0.19571836294337047,0.5259133172725637,0.7293269784763555,0.5629725244937499,0.5638713971902748,0.36524972875041467,0.42840483071811214,0.0318259207949555
1645814040.0812793,-0.6240986816936054,0.14772483267894534,0.7908431746196549,-0.1893150803166658,0.6021856151694761,0.7807144065490315,0.6289446580170683,0.6290262115292458,0.4347836013769396,0.4544607824905308,0.010128768070623462
1645814040.1807466,-0.6898284442810175,0.2059529540523697,0.823704113658773,-0.17852689751430387,0.6932341522631147,0.7999999999999972,0.7063088827529591,0.7067065323456982,0.5113015467667137,0.487281198210745,0.023704113658775894
1645814040.2809315,-0.7611841762772371,0.272834330039726,0.8596939682548397,-0.16496855964553395,0.7941712067094251,0.7999999999999972,0.7920007578855207,0.7942471720675178,0.5962156166317032,0.5213368766696991,0.05969396825484252
1645814040.380712,-0.8362619813409904,0.3478120999418436,0.8937435279325047,-0.14778202805153676,0.8939119657707273,0.83800806282478,0.8787660152394225,0.8805317436700096,0.6884799532894537,0.5460998658288837,0.05573546510772465
1645814040.4805305,-0.9131033529700205,0.4274134542633614,0.9222446479312004,-0.12954647342779976,0.993467310206523,0.8867892014074912,0.9666324799560916,0.9672825026817448,0.7835568795422208,0.5660538559431616,0.035455446523709244
1645814040.5806434,-0.9929914689284142,0.5085109348512368,0.9415546127928214,-0.10656308572828666,1.0943144280122212,0.8999999999999915,1.0625069463972476,1.0633192356892476,0.8864283832001275,0.5858034931609845,0.041554612792829904
1645814040.6807032,-1.0725213700654452,0.5913627010201896,0.9523489251979739,-0.08185648660767329,1.1954769935075444,0.8999999999999915,1.1603322755589875,1.161512548220329,0.9906648834577719,0.6041142924873548,0.0523489251979824
1645814040.7806635,-1.1508471531848556,0.6737197489163064,0.9550684270708386,-0.05741238267163103,1.3020238800492032,0.9348139759238231,1.2610970139390436,1.2612596565962297,1.0934347705132246,0.6283041311328968,0.020254451147015518
1645814040.8822649,-1.2308123431689963,0.758281389180832,0.9550598176039091,-0.03266448839584716,1.4125674975412699,0.9844654866266782,1.3651551536330755,1.3654718184062324,1.1981478547731492,0.6542861083604379,0.029405669022769088
1645814040.9813905,-1.3069249818630504,0.8408204040156498,0.9592520016304871,-0.008233061333764526,1.527909535863058,1.0,1.469248848749207,1.4698137905605568,1.298691920529286,0.6870891318474083,0.04074799836951293
1645814041.0807836,-1.385273632118676,0.9269403715210985,0.9717028718802283,0.016399943827368167,1.6471091722767683,1.0,1.5758591038183682,1.5761131439547915,1.4016735759460441,0.7201688007556698,0.028297128119771697
1645814041.180738,-1.4668148391051967,1.0162379699640052,0.9961288306776451,0.04178736062128892,1.7574034515171053,1.0,1.6808351698085775,1.6808396276912776,1.5086021997264856,0.7411654815531001,0.0038711693223548727
1645814041.2829168,-1.5480638471341184,1.1047308980482933,1.0369096002775153,0.06806961470218714,1.865017625238219,1.0,1.7860356306659084,1.7864169705309048,1.6161334618363055,0.7602867271899256,0.03690960027751533
1645814041.3807428,-1.6266493027343651,1.1870465552674676,1.0882921433011696,0.08814246461120304,1.9721050880461313,1.035786071218484,1.8859553826230155,1.8866861405253068,1.7147917673455682,0.7850585327786637,0.05250607208268554
1645814041.4807742,-1.7035079565761626,1.2620674338608535,1.1526784176074076,0.10678099435182742,2.083110924668378,1.0856451909993474,1.987777276167873,1.9889072258702403,1.81028895092799,0.8210434908075244,0.06703322660806021
1645814041.5808687,-1.7838381738540305,1.3322684906497055,1.2232833053766035,0.12557545810703463,2.195045458967362,1.1718428851321516,2.0952910334791564,2.095922382106045,1.909413631961065,0.8627769683176563,0.051440420244451834
1645814041.6813216,-1.8648591243957497,1.3983938261243867,1.2971609487016607,0.1444956500083488,2.307728794132644,1.2730680476322582,2.2055377334027013,2.2056693227555813,2.0093547744040987,0.9093349680082574,0.024092901069402428
1645814041.7807665,-1.9439472215688611,1.4612155406479033,1.3689082815638627,0.15786787127221916,2.412200315855386,1.3334582061751128,2.3069457573100816,2.307218116047127,2.1018150928410804,0.9509847752074829,0.03545007538874989
1645814041.8806608,-2.0211541912943103,1.5221063286943817,1.4429842578831615,0.169322337998149,2.51452968515125,1.3794202243542557,2.4048059264361132,2.405645844712126,2.190476529292459,0.9924233564568683,0.06356403352890583
1645814041.9809117,-2.1029270099622765,1.5823844205267763,1.5188309462546443,0.18203846560829365,2.6224817074303566,1.460889527442624,2.5105516506882766,2.511220181263997,2.28496547557057,1.0400972869035803,0.05794141881202042
1645814042.0806575,-2.1851629578290743,1.643451533171607,1.595174185931267,0.19566898395933338,2.7341035618742415,1.5702767468098036,2.6187559227146644,2.6188742744217297,2.380831941788408,1.0906520287026344,0.02489743912146336
1645814042.180757,-2.263077058836933,1.706317239760482,1.6627704635959324,0.21293331651111114,2.831736512013447,1.6362753136211308,2.719778652241678,2.7199077025078893,2.4760103753480442,1.125419272252965,0.026495149974801624
1645814042.280625,-2.3270625673122596,1.7710725575886883,1.7157436145918898,0.2314859231661434,2.923814930778596,1.6859045842950118,2.806240431088686,2.8063990672756916,2.558548490478403,1.1527423731899078,0.029839030296878066
1645814042.380538,-2.38924553846405,1.8413674137748854,1.7618137543249848,0.2501151277554893,3.016273512937922,1.7357387587695123,2.889053316959961,2.889170983799777,2.6393606662195395,1.1749060991630365,0.026074995555472436
1645814042.4808486,-2.4462671712121384,1.9110144170560823,1.803191997142405,0.2688456542426493,3.109234965794541,1.785843975043436,2.967755067111869,2.96780577063913,2.7151128254547876,1.1982205487384587,0.017348022098969018
1645814042.5806682,-2.4978304537524005,1.9787097742682267,1.8467901154839628,0.2918545636933476,3.194852729413112,1.7999999999999972,3.0432459946428616,3.0436056740019435,2.7896850174457484,1.2161429551448855,0.04679011548396561
1645814042.6810107,-2.543413060507281,2.0431033934980825,1.8895909212075774,0.31672571824676854,3.278173376642864,1.7999999999999972,3.115411962646025,3.116699894144571,2.8601387787540498,1.2350699831447813,0.08959092120758028
1645814042.7806828,-2.587194411876733,2.10878326242221,1.9286822985659737,0.3453019526930528,3.3532715806946314,1.8342213347487535,3.1856374719248155,3.1870376490115095,2.932496364569786,1.2444883182724213,0.09446096381722024
1645814042.8809733,-2.6269890324359553,2.17614384437481,1.9611149724253065,0.3756749935893406,3.4256288929851335,1.8829710942733162,3.252261388616724,3.253200056187725,3.002664026025296,1.2494850486103237,0.07814387815199031
1645814042.9806356,-2.6643806636147405,2.2418105322823347,1.989092129629715,0.41078941649245,3.499551985782594,1.932775777390323,3.322436543478206,3.3229137992083038,3.0751700801071906,1.2577414535002593,0.05631635223939213
1645814043.0816154,-2.7032190878986206,2.3126093222193655,2.0175208339349946,0.44907659864951666,3.575561212034145,1.9839859647765208,3.3958821492237794,3.396047726235041,3.152295686548137,1.2629518898147793,0.03353486915847381
1645814043.180603,-2.7338677737753985,2.3809555660558273,2.0440460918673136,0.4914139909469332,3.6445408573285856,2.0,3.4639703015717758,3.4642503241509615,3.2252817647223315,1.2635852912727583,0.044046091867313564
1645814043.2805173,-2.7687683334224307,2.4583886646137643,2.0741509076432982,0.5364199537121859,3.711551568902248,2.0,3.534782437165916,3.535560102049028,3.3051882871346168,1.2531629042884838,0.07415090764329824
1645814043.3806539,-2.793296645456781,2.5337996983347053,2.10283041737325,0.5800225494560683,3.776472765157571,2.036397032892105,3.5949295878743466,3.5955433715014533,3.3733191949128494,1.2426730668228658,0.06643338448114511
1645814043.4805987,-2.8183524354417715,2.612633253594375,2.1343915292000895,0.6230066712391987,3.840473097002378,2.0856762984035875,3.6538395123754728,3.6541642486220827,3.44135910668097,1.227839843408003,0.048715230796501974
1645814043.5805967,-2.84133597191759,2.690677306393753,2.1680623105815418,0.6663185196360144,3.9049613909869825,2.0999999999999943,3.711889797692355,3.712513750591948,3.5076544915536045,1.2142840845932295,0.06806231058154744
1645814043.6811585,-2.8640251262144285,2.766252643544358,2.202550934842222,0.7100001236767197,3.9700002252162827,2.0999999999999943,3.771294834303,3.772688884797885,3.5740252498911484,1.2037475816719247,0.10255093484222755
1645814043.7805803,-2.880497389949732,2.8365980683856264,2.2321443092716446,0.756581642539605,4.026754726341395,2.1339619831046255,3.8268546822488596,3.8281139648946696,3.6370790324893374,1.190156657955769,0.09818232616701916
1645814043.8806176,-2.893450610748496,2.9073529382295358,2.258753537188448,0.8048788318092754,4.080688063289781,2.1824111237870034,3.8799943274945408,3.8807453079883727,3.698329442557771,1.173335125060245,0.07634241340144454
1645814043.9806037,-2.9016483329553457,2.9672489716836226,2.28006693654334,0.8540490024061369,4.129708198465858,2.200000000000003,3.9314849521233697,3.932300172049424,3.7556973353614826,1.1624592267822353,0.08006693654333707
1645814044.08045,-2.9119893197684332,3.031123551684887,2.2992076590293284,0.9036618253440039,4.175876949556373,2.200000000000003,3.9836734307842256,3.9849085513655447,3.815651145112437,1.1447533978714857,0.0992076590293256
1645814044.1805673,-2.9180181029031074,3.0972400430080045,2.3122885311408194,0.9627634784423031,4.217252823482976,2.232634002988135,4.0391700026784045,4.039955340643296,3.8807815813454107,1.1200127804749718,0.07965452815268437
1645814044.2805488,-2.9168052920471346,3.1705647013774714,2.3177256670188418,1.027285836893958,4.255680523652773,2.2844142887130015,4.09063945870863,4.090775089034921,3.9440911289410927,1.0851158222753012,0.0333113783058403
1645814044.3805935,-2.9050111495625845,3.2564146275085264,2.31979861654551,1.103587830122107,4.286791394616491,2.299999999999997,4.138905901578943,4.138953255032258,4.008598979684692,1.0303767671079642,0.019798616545512626
1645814044.4805658,-2.8740257176474953,3.332807244002026,2.3157229240273103,1.1848811804827601,4.314723720496851,2.299999999999997,4.175989125285335,4.176018724196689,4.058906898130255,0.9819164764948254,0.015722924027313123
1645814044.582446,-2.8367253716343788,3.4292777090566213,2.312478416064784,1.2673355433924474,4.336338943596506,2.263801349871658,4.203103148562482,4.203385009040811,4.104060915026826,0.907061234539885,0.04867706619312617
1645814044.6806684,-2.7884445410906835,3.5146299697525,2.308252496741674,1.346677432921643,4.354513480466042,2.2148219569929055,4.219554247966022,4.220588503666977,4.135121974012327,0.8398835107135421,0.09343053974876847
1645814044.7804306,-2.733261978439488,3.6075569214393046,2.3071067216001198,1.435107276997581,4.366407816508638,2.200000000000003,4.236880566008501,4.238234158282484,4.168369255437069,0.7588508950693336,0.10710672160011692
1645814044.880586,-2.6743177278248234,3.6985568928020998,2.3051443159549443,1.5272276535505942,4.375551866983769,2.200000000000003,4.2557379838077845,4.257036658757119,4.201545381375418,0.6769949741816692,0.10514431595494145
1645814044.9805381,-2.613221593164617,3.7814697926115963,2.302541083132774,1.6243802174360562,4.378566637887558,2.200000000000003,4.279461852598363,4.280690180516999,4.237601810600673,0.5970968452759617,0.10254108313277133
1645814045.0805647,-2.5479650280360984,3.8630853651687973,2.3006607770121152,1.7241818403834919,4.378566637887558,2.200000000000003,4.303133719496881,4.304310908833114,4.27214686841959,0.5154812727187608,0.1006607770121124
1645814045.180824,-2.4812758383236004,3.9499377382826792,2.3000203450174133,1.825183154294401,4.372219060893879,2.200000000000003,4.327113422424552,4.328269243005121,4.306458992618001,0.42228132261119944,0.10002034501741042
1645814045.2818093,-2.417846676340827,4.025417563407983,2.3020961055917417,1.9273910402577092,4.362707789100569,2.200000000000003,4.358308790126993,4.359504458636923,4.345237716598536,0.3372902256925858,0.10209610559173887
1645814045.3806536,-2.35005564870315,4.110531862731116,2.3040647689991762,2.030490527888311,4.353519419661001,2.200000000000003,4.387280223335731,4.388514239947237,4.380546176591461,0.2429875569298856,0.10406476899917338
1645814045.4804535,-2.2853411012200797,4.184539626172477,2.3085067402245594,2.135844522330026,4.344292085377752,2.200000000000003,4.4240708816776735,4.425401324036321,4.421185623550105,0.1597524592052748,0.10850674022455653
1645814045.5806327,-2.223405283279533,4.2492205766603535,2.3157873810708742,2.2354580132950534,4.3281035509577706,2.2359952863947097,4.459561012159604,4.460274789690295,4.458863296574586,0.07888297429741709,0.07979209467616455
1645814045.6805027,-2.1521904119601687,4.324627226840863,2.324253830491838,2.33206793007733,4.3089241683425055,2.2876826830532293,4.484285836583023,4.4844349602825195,4.484258342037499,0.015703058498357514,0.036571147438608786
1645814045.7805924,-2.0838726244326216,4.3904549819745275,2.3404154036759386,2.4153206436023704,4.2915424298783735,2.299999999999997,4.500280408607175,4.500461883067986,4.4991932680349915,0.09891255209615402,0.04041540367594143
1645814045.880882,-2.0233139541199088,4.440375420799976,2.3632476176902184,2.4944978641090603,4.2747011000630275,2.299999999999997,4.520848549274903,4.5212909513350805,4.517811818228969,0.1656743207369482,0.06324761769022125
1645814045.9805133,-1.9534260166308839,4.4977148532153235,2.386352262757599,2.580214362496551,4.251079683968117,2.299999999999997,4.54034403916315,4.541165126621989,4.5336403791274344,0.24663516924720685,0.08635226275760166
1645814046.0806563,-1.8797102086568385,4.557495815184517,2.406930149639998,2.672072076507999,4.2217718973121094,2.299999999999997,4.564146417521247,4.565398841007658,4.551782285164838,0.3357239178724072,0.10693014964000103
1645814046.1805878,-1.8193875961036428,4.601365677954657,2.4213761221280956,2.7542184820341156,4.199123639906899,2.3335891622320757,4.591260307927602,4.5920994942922615,4.573606078137758,0.40224203804775804,0.08778695989601992
1645814046.280776,-1.7554303994881033,4.64690475025667,2.428306583723835,2.831477795626884,4.179951359798827,2.385257419120026,4.610615171457395,4.610816141405575,4.5869081951149875,0.4669533904578431,0.04304916460380914
1645814046.380637,-1.6859651544779357,4.6998090720244186,2.432480714782717,2.906761688497961,4.154663482968638,2.3999999999999915,4.624967412583392,4.625081465692373,4.592726842975896,0.5451455890557808,0.03248071478272552
1645814046.4806979,-1.6244889698333629,4.743027925206941,2.4315917950458923,2.9815039367919938,4.12684199617685,2.3999999999999915,4.647026549850752,4.647133933569378,4.605992906625357,0.6161859290300908,0.03159179504590082
1645814046.5805352,-1.5665440586013575,4.785709851288957,2.428815976613842,3.0467983348881256,4.105794076160617,2.3999999999999915,4.663176331733086,4.663265364671397,4.613342393489483,0.6799157751283404,0.02881597661385049
1645814046.6813416,-1.5120868893274952,4.824668797632878,2.423252847473597,3.1089186636903374,4.087295516692667,2.3999999999999915,4.67946702910344,4.679524801876982,4.621005553017833,0.7373732809402105,0.023252847473605343
1645814046.7804809,-1.4546898465001035,4.86869947734052,2.419571245235143,3.1658052703889434,4.062782701643774,2.3999999999999915,4.690253401954416,4.690294234713321,4.620495116889047,0.8059167756967467,0.019571245235151746
1645814046.8818593,-1.408207680153314,4.8997553483228256,2.416117990037098,3.22207337720076,4.034856284626059,2.3999999999999915,4.710366552666098,4.710394128953366,4.630281057354074,0.8648990636967664,0.016117990037106456
1645814046.9805212,-1.3627187641691987,4.9308287115215546,2.4130841706066968,3.2726353115394167,4.013835152103282,2.3999999999999915,4.725186196881882,4.725204312061388,4.635354075708616,0.9169935594182723,0.013084170606705303
1645814047.0804381,-1.321767578936059,4.955114510226532,2.409810924967326,3.3218040541201477,3.9955329524741408,2.3999999999999915,4.741682641985099,4.741692791772945,4.643571633056206,0.9595815577523914,0.0098109249673346
1645814047.1804738,-1.2816849114163418,4.977260124159063,2.4066260609719614,3.3680642527022178,3.976794119911954,2.3999999999999915,4.756164370043935,4.756168985597487,4.6497491641185595,1.0004660042471087,0.006626060971969938
1645814047.280565,-1.2463838302647794,4.994265662040879,2.40543480949899,3.4126850683342203,3.9578120472863265,2.3999999999999915,4.77296125035918,4.772964344575032,4.659068898598999,1.0364536147545529,0.005434809498998661
1645814047.380563,-1.2112612520147321,5.010761480527944,2.4032912832317193,3.448898469181899,3.93863241502435,2.3999999999999915,4.78189809177915,4.78189922444068,4.6601597211966315,1.072129065503594,0.003291283231727782
1645814047.4804754,-1.1767038243782957,5.030685590378329,2.400923951942305,3.4812405300548814,3.919370394025381,2.3999999999999915,4.788681141466917,4.788681230602856,4.657944354433177,1.1113151963529484,0.00092395194231365
1645814047.581317,-1.1499154603109583,5.042826572743799,2.3982650251196698,3.507611339831614,3.9008969962923037,2.3999999999999915,4.795472766226601,4.795473080078631,4.6575268001425725,1.1419295764514952,0.0017349748803217047
1645814047.681982,-1.1293031390050028,5.050497296134435,2.399082318936908,3.5319760388796104,3.882758335403577,2.3999999999999915,4.8053239073541585,4.805323994979732,4.661279177884613,1.1677389607308584,0.0009176810630835419
1645814047.7809818,-1.1029204489304227,5.060254665812978,2.407915155513431,3.5510856444072543,3.871564247388753,2.3999999999999915,4.8034110408831125,4.80341756225342,4.654006093337677,1.1886904184242248,0.007915155513439576
1645814047.8818467,-1.084461275339021,5.067178411075623,2.425106890835844,3.5685601131137634,3.862891496021925,2.3999999999999915,4.806341125551601,4.806406700554592,4.6530213884527845,1.2042869150536974,0.025106890835852713
1645814047.9807293,-1.0721553355026776,5.069971783167703,2.447447428782453,3.58343393196777,3.853726368993695,2.3999999999999915,4.81183585909633,4.81206978268015,4.6555892674704475,1.2162454141740078,0.047447428782461554
1645814048.0805163,-1.0600180634804992,5.07227198153997,2.4752295653186134,3.5965890925435344,3.84393281485647,2.3999999999999915,4.815891123555739,4.816478672374766,4.656607156024034,1.2283391666835,0.0752295653186219
1645814048.1806805,-1.0519060781258183,5.072213011058649,2.50769079965791,3.6053634805323576,3.8342787513508827,2.4336527635022867,4.818987546504176,4.819556266313334,4.657269558658176,1.237934259707766,0.07403803615562321
1645814048.2802424,-1.04297339991661,5.069166597594693,2.5424710380181867,3.611745797380918,3.8247759307327205,2.4848719376528554,4.818186270523725,4.818530543000243,4.654719197297528,1.2443906668619724,0.057599100365331335
1645814048.380521,-1.0373351711035665,5.066338298702696,2.5775635103055126,3.618045759005375,3.821969183744519,2.5354301971754416,4.818819990276022,4.819004182894959,4.655380930108942,1.2443691149581775,0.04213331313007096
1645814048.4819014,-1.0319394327894154,5.064344484326556,2.617556266475908,3.62436111779876,3.821969183744519,2.586112021587625,4.819194041009768,4.8192966235168235,4.656300550588176,1.242375300582037,0.03144424488828301
1645814048.5802982,-1.0236884348188906,5.062629360466332,2.6694671469404696,3.6216865580056323,3.815410281305296,2.635351773938469,4.809892333034362,4.81001331745119,4.645374992824523,1.2472190791610358,0.03411537300200074
1645814048.6803496,-1.0219399066647419,5.0623631996029825,2.7360993891224124,3.6154452507697536,3.80611741407656,2.6854393220541297,4.804528548364206,4.8047956267090095,4.637385157434496,1.2562457855264224,0.05066006706828263
1645814048.7804754,-1.022422675886272,5.058804160187026,2.8126216807465125,3.613630874381973,3.8034159353258152,2.7347525224780767,4.803019062639142,4.803650249745959,4.636053550268246,1.2553882248612105,0.07786915826843588
1645814048.8804278,-1.022730136814507,5.052696746005276,2.8927376256617436,3.613630874381973,3.8034159353258152,2.783648650382379,4.801723229224565,4.802962249966398,4.63636101119648,1.249280810679461,0.10908897527936467
1645814048.9809809,-1.0263075349506585,5.043116782131212,2.9728243359064823,3.605573007102554,3.8094147339704287,2.8646657502690034,4.793363964846324,4.794584067375852,4.631880542053212,1.233702048160783,0.10815858563747893
1645814049.080462,-1.0322858062865201,5.033807271626964,3.045741431366894,3.5936315485818144,3.8183047296361408,2.960497978298141,4.78294447005798,4.783704030346076,4.625917354868335,1.2155025419908232,0.08524345306875292
1645814049.1807764,-1.0332349267425331,5.024973019265037,3.1192518331309977,3.5846409938667385,3.821969183744519,3.0326487032759326,4.772001283153642,4.772787062977009,4.617875920609272,1.203003835520518,0.08660312985506513
1645814049.2803674,-1.038402284111435,5.017578464159826,3.19528436718502,3.5778094873599464,3.821969183744519,3.087472700545984,4.768531500418778,4.769750100995822,4.616211771471382,1.1956092804153067,0.1078116666390363
1645814049.3803434,-1.044352076147247,5.011981319968531,3.2694640064446188,3.571573542319459,3.821969183744519,3.1750344322700697,4.766854119812948,4.7677893351171114,4.615925618466706,1.1900121362240124,0.09442957417454911
1645814049.4814844,-1.0481391917186818,5.006950469482827,3.3472759333938455,3.565450367956042,3.821969183744519,3.273313455864719,4.763338038885086,4.763912228491607,4.613589559674724,1.1849812857383077,0.07396247752912677
1645814049.5804906,-1.0512881875375981,5.004004117063994,3.4270112561524266,3.559339603820622,3.8285920710700316,3.371393291094365,4.758096479508637,4.7584215309648314,4.61062779135822,1.1754120459939625,0.055617965058061714
1645814049.6839752,-1.0527757281149992,5.00132262143933,3.511429536049567,3.5529055464547454,3.8381719296771264,3.474662092232582,4.750286258181635,4.750428546941224,4.605681274569744,1.1631506917622039,0.03676744381698516
1645814049.780361,-1.057842494229261,4.997849799591741,3.5933234951858104,3.54318466982887,3.8405224321632216,3.5326713640882033,4.744350071379623,4.744737746262328,4.601027164058131,1.1573273674285192,0.06065213109760714
1645814049.8802934,-1.0637425382661698,4.993169788376118,3.683873417050589,3.531723666478824,3.8405224321632216,3.578659611025404,4.7378165400042604,4.738984649871346,4.595466204744994,1.1526473562128965,0.10521380602518482
1645814049.9805794,-1.0706805318316583,4.9880138228538655,3.778148515241215,3.51937736979966,3.845754480100699,3.6564003436961756,4.730051579680183,4.731618176027052,4.590057901631319,1.1422593427531664,0.12174817154503925
1645814050.0809808,-1.0813383993092551,4.979777084718137,3.8756771991268586,3.5062894397076327,3.8554979833008316,3.761433198107922,4.723381488637823,4.724762891296797,4.587627839016887,1.1242791014173052,0.11424400101893672
1645814050.1804388,-1.089236849670478,4.971339107668704,3.9733618382974445,3.4933732823573997,3.86511360787057,3.8650875485778373,4.714239119791039,4.715482350765664,4.582610132027877,1.1062254997981338,0.10827428971960718
1645814050.2804148,-1.0955243130472287,4.962556676993404,4.072723996791489,3.480418731694915,3.8747578149865367,3.9690500127061648,4.7034626726388975,4.704605127732142,4.575943044742144,1.087798862006867,0.10367398408532447
1645814050.3804743,-1.1034470371563136,4.9502807208377195,4.171035184335474,3.4677162565967863,3.877628929000628,4.070989527718021,4.69532913912188,4.696394878850695,4.5711632937531,1.0726517918370915,0.10004565661745257
1645814050.4810855,-1.1114047779286373,4.938262732274065,4.268379229721287,3.4550556633060445,3.877628929000628,4.172592934129,4.688017174244088,4.688995632374892,4.566460441234682,1.0606338032734373,0.09578629559228702
1645814050.581319,-1.1161061541531985,4.927804935117233,4.36310290690884,3.438335531318772,3.8842323286000586,4.271183217627526,4.672470743775483,4.673374806359467,4.5544416854719705,1.043572606517174,0.09191968928131367
1645814050.6803212,-1.1239662323585211,4.914313734437279,4.45647763281916,3.420314623224831,3.893176283230564,4.367597111611594,4.65759704017837,4.65844501263334,4.544280855583352,1.021137451206715,0.08888052120756651
1645814050.7803233,-1.1342824010958208,4.9009045986382604,4.547630131157613,3.4018389177663053,3.8961821774193313,4.466444222871108,4.646058949597551,4.646768222629552,4.536121318862126,1.0047224212189292,0.0811859082865043
1645814050.8803196,-1.144883547956009,4.886988305670347,4.636271512059997,3.3832282604377535,3.8961821774193313,4.566013341879727,4.635244689667935,4.635777124018354,4.528111808393763,0.9908061282510161,0.07025817018026981
1645814050.9802873,-1.1546703211512404,4.872404822686006,4.72125532643191,3.364119276945419,3.9025133400588854,4.6682485621566,4.621704114278542,4.622008074094867,4.518789598096659,0.9698914826271205,0.05300676427531048
1645814051.0804303,-1.1661190816529716,4.854910524845859,4.809139344899538,3.34471521941958,3.912143765410045,4.772062461844935,4.608300690539822,4.608449842375074,4.510834301072552,0.9427667594358136,0.03707688305460355
1645814051.1802285,-1.1769750179941076,4.83832868556069,4.8992677172196615,3.321666359336225,3.9147354258380345,4.835766174721638,4.592471965209333,4.592910972045212,4.498641377330332,0.9235932597226553,0.06350154249802387
1645814051.2804685,-1.184581374299789,4.822547112843873,4.98749188399824,3.2971363145721466,3.9147354258380345,4.884980615617998,4.57273610673216,4.573885007513516,4.481717688871935,0.9078116870058386,0.10251126838024227
1645814051.3802743,-1.1997699104147288,4.807575964777791,5.073578683234219,3.27664315203593,3.9211909397932376,4.969589042409359,4.563326891446168,4.564511601868773,4.476413062450659,0.8863850249845533,0.10398964082486017
1645814051.4806242,-1.215128361461382,4.793217945381584,5.158627928212065,3.257785016237261,3.9305504188006197,5.070482199188818,4.555342944917847,4.556195673515114,4.472913377698643,0.8626675265809642,0.08814572902324702
1645814051.5802329,-1.2324353782808066,4.7792401984747,5.245630485814941,3.2346920362426417,3.939830938163049,5.1705241880954524,4.545309147229031,4.545929629882212,4.467127414523448,0.8394092603116512,0.07510629771948896
1645814051.6806722,-1.2480313263403238,4.765785968871886,5.331363683561219,3.209563190877546,3.9491847087260026,5.2713558090802115,4.5317752038249495,4.532172486016214,4.45759451721787,0.8166012601458834,0.060007874481007306
1645814051.7804856,-1.2672037567292416,4.7538715460346905,5.416279541583189,3.194233650355155,3.964037673865978,5.365733778340631,4.53081243078512,4.531094366390832,4.4614374070843965,0.7898338721687126,0.05054576324255855
1645814051.8803864,-1.2861092807957288,4.743946956866519,5.504649511898463,3.1827539394960693,3.98113015542569,5.457860403144952,4.533500629120635,4.533742071946214,4.468863220291798,0.7628168014408288,0.04678910875351061
1645814051.9816647,-1.3038880398121075,4.738461403134141,5.588734725243796,3.166825095661269,3.9995475286428093,5.528564024651725,4.531365098246883,4.531764575396622,4.4707131354733765,0.738913874491332,0.06017070059207086
1645814052.0803823,-1.3235873458173204,4.735727384906655,5.665572037006481,3.1478605997538454,4.018372062203251,5.579295122339704,4.528625110225343,4.529446886206738,4.471447945571166,0.717355322703404,0.08627691466677678
1645814052.1806655,-1.3474207248472347,4.738124484405954,5.734831727151875,3.1321405787566574,4.037936639914272,5.664041199173874,4.533953296001108,4.534505903532458,4.479561303603893,0.7001878444916816,0.07079052797800145
1645814052.2804723,-1.370838457719641,4.74269685220753,5.793665752312695,3.118864767344133,4.057703388793594,5.770581835256747,4.541657306982537,4.541715971006391,4.489703225063774,0.6849934634139361,0.023083917055947367
1645814052.3813396,-1.3985138220094013,4.749494559992683,5.835774580292709,3.110660684769535,4.083433243144109,5.836420988044765,4.55810184291522,4.558101888750416,4.509174506778937,0.6660613168485741,0.000646407752055822
1645814052.481158,-1.426636807815668,4.759426276757484,5.863870019883527,3.104481171486919,4.111035824287739,5.886012629214913,4.577274333182695,4.577327890413914,4.5311179793025875,0.6483904524697452,0.0221426093313859
1645814052.5804925,-1.4496294673093468,4.771351033331034,5.876855013331763,3.098328889228061,4.138516770197569,5.8999999999999915,4.591775736835818,4.591834067973492,4.547958356537408,0.6328342631334651,0.023144986668228285
1645814052.6804063,-1.4766712387973626,4.786336809774981,5.882683247130242,3.092139637760664,4.166162849756579,5.8999999999999915,4.610710201958026,4.610742720687176,4.568810876558026,0.620173960018402,0.017316752869749763
1645814052.7802644,-1.501295444783733,4.805805372349168,5.885589614353467,3.0902774376479827,4.200730970956045,5.8999999999999915,4.631269433525061,4.631291852725114,4.5915728824317155,0.6050744013931224,0.014410385646524304
1645814052.8804004,-1.523765619595014,4.827233997788862,5.888022790688682,3.0902774376479827,4.238391661468496,5.8999999999999915,4.6514652133640135,4.651480633591675,4.614043057242997,0.5888423363203659,0.011977209311309522
1645814052.9801824,-1.551682003272341,4.852256317346539,5.884445593996477,3.094629641989219,4.268134276070601,5.8999999999999915,4.682884844195676,4.682910676442983,4.6463116452615605,0.584122041275938,0.01555440600351421
1645814053.0804102,-1.5756313286329038,4.876839345168372,5.8848289647058625,3.100655554960881,4.295050757055061,5.8999999999999915,4.712338801373491,4.7123632223378165,4.676286883593785,0.5817885881133105,0.015171035294128998
1645814053.1802678,-1.6013622233419824,4.9005622240756965,5.881229307202973,3.1068959414137476,4.329115780187271,5.8999999999999915,4.742809924951844,4.7428470693381835,4.70825816475573,0.5714464438884255,0.018770692797018818
1645814053.2803004,-1.6304010301757987,4.92542540410549,5.886111448210347,3.1132732292501495,4.367097111684023,5.8999999999999915,4.776418738098513,4.7764389301580525,4.743674259425948,0.558328292421467,0.013888551789644765
1645814053.3808956,-1.6539929735084165,4.946604052451182,5.894895646899409,3.119399528852837,4.403583627633564,5.8999999999999915,4.804180175989212,4.8041828876291035,4.773392502361253,0.5430204248176178,0.00510435310058277
1645814053.4803693,-1.6857580653235371,4.969056527167728,5.907448060231981,3.1253357908031414,4.438938332700505,5.8999999999999915,4.840211709477702,4.840217439967576,4.8110938561266785,0.5301181944672235,0.007448060231989295
1645814053.5804937,-1.7131533681867936,4.990609338989823,5.924927717602991,3.1276598259102344,4.476151701501244,5.8999999999999915,4.8680734424322525,4.868137265116823,4.840813194097028,0.5144576374885785,0.024927717602999167
1645814053.6802638,-1.7421650871259142,5.008999851893601,5.9466778934701825,3.1276598259102344,4.5142656355608715,5.8999999999999915,4.894890869921197,4.895113426078777,4.869824913036148,0.49473421633272974,0.04667789347019102
1645814053.7801726,-1.778117289648181,5.03099331386593,5.970280927191936,3.13143410574831,4.555090810755727,5.8999999999999915,4.932563035228864,4.933063703747718,4.909551395396491,0.4759025031102029,0.0702809271919449
1645814053.8802376,-1.8070847654434503,5.055062742313835,5.997070635309977,3.1371054167849213,4.597311726129426,5.8999999999999915,4.96533508948402,4.96628384801964,4.944190182228372,0.4577510161844085,0.0970706353099855
1645814053.9805377,-1.8416353305835582,5.080076568653671,6.022248654402484,3.1433318950595672,4.643665666066219,5.925771010450592,5.004033644634428,5.00496360150759,4.984967225643126,0.4364109025874514,0.09647764395189196
1645814054.0801384,-1.8788145923629993,5.108761028360085,6.044807902277017,3.150122725680948,4.694221010445475,5.980268576847965,5.045993854065589,5.046406572977898,5.028937318043948,0.4145400179146099,0.0645393254290525
1645814054.180344,-1.9164519704276832,5.141857559301012,6.065923310801508,3.1566647255309324,4.742923897291704,6.0,5.088777955216578,5.089204943839976,5.073116695958616,0.39893366200930735,0.06592331080150782
1645814054.2801318,-1.9582473446079833,5.178529731605547,6.082037194612181,3.163017043024212,4.790214665738795,6.0,5.135965100972637,5.136620252628055,5.121264387632196,0.3883150658667516,0.08203719461218117
1645814054.3803735,-1.9968940122212582,5.217108917294419,6.10124342773614,3.1693009419091402,4.843337027604957,6.03417701169956,5.179698420719533,5.180132588434819,5.166194954130399,0.3737718896894613,0.06706641603657992
1645814054.4802084,-2.0395602236043655,5.259488501421647,6.117462906180468,3.175514283378049,4.898844396624165,6.084040129796667,5.2275296540242655,5.227636499000696,5.215074506982415,0.36064410479748155,0.033422776383801533
1645814054.5808918,-2.0872594286770663,5.303486924003487,6.1332364521697675,3.186474245672877,4.963362226665075,6.099999999999994,5.284690310482923,5.284794824727345,5.273733674349943,0.3401246973384122,0.03323645216977322
1645814054.680177,-2.1292458917257493,5.344608281365415,6.149209581767795,3.1994340039047287,5.030898814853193,6.099999999999994,5.337906243039102,5.338133067132514,5.3286798956304775,0.31370946651222287,0.04920958176780044
1645814054.7801557,-2.177430053910555,5.393389618146219,6.1660121356066355,3.215954481278139,5.093488669817313,6.099999999999994,5.401716146117005,5.402119484542016,5.393384535188694,0.29990094832890524,0.06601213560664121
1645814054.8809035,-2.2211006241342175,5.440675528031481,6.183464337300983,3.2336416235795524,5.15493679342115,6.099999999999994,5.462221124547246,5.462858767078943,5.45474224771377,0.28573873461033106,0.08346433730098912
1645814054.9802513,-2.266397508091008,5.488233984281805,6.199402038681144,3.247812106022364,5.218073008425468,6.132121203449667,5.520823726696587,5.52123367844954,5.514209614113372,0.2701609758563368,0.0672808352314771
1645814055.0810487,-2.3072780336575773,5.54052909906695,6.220434586416881,3.2603748392067926,5.283540598361575,6.18253023468771,5.573580680514966,5.573709567432598,5.56765287286437,0.2569885007053747,0.03790435172917128
1645814055.1803625,-2.3560777281021954,5.593361244121892,6.2409025784804255,3.2729591644963043,5.349120709974214,6.200000000000003,5.634333126178795,5.634481590854837,5.629036892598499,0.24424053414767855,0.04090257848042267
1645814055.2823513,-2.4042927941531445,5.644988674099558,6.265161547460484,3.285997520126752,5.417066888733675,6.200000000000003,5.694853132525191,5.69522591547512,5.690290314279896,0.2279217853658828,0.0651615474604812
1645814055.3801568,-2.4609626558744466,5.702359507540533,6.2896690932713595,3.2982719447197675,5.49386923637294,6.200000000000003,5.763007147128409,5.7637047048006576,5.759234600594214,0.20849027116759267,0.08966909327135664
1645814055.4806502,-2.515055841301022,5.753327806018636,6.3153375954836255,3.3107865404737664,5.577719320494651,6.200000000000003,5.8284884659293414,5.829629538693116,5.825842381774788,0.175608485523985,0.11533759548362266
1645814055.5801425,-2.574362148454095,5.80845402376987,6.340722690321657,3.327414369481366,5.654072317080751,6.234354684988408,5.903795370692879,5.904753503032387,5.9017765179354615,0.15438170668911866,0.1063680053332492
1645814055.6804502,-2.630253856603161,5.860401720144388,6.365464849458297,3.3460580151615833,5.728096520630022,6.284227490196634,5.977776196414078,5.978328174578121,5.976311871764745,0.13230519951436648,0.08123735926166287
1645814055.7803466,-2.6891411243873056,5.917531901275394,6.39233080530275,3.3599247448948666,5.810845253762112,6.299999999999997,6.050006605919708,6.050711107736012,6.049065869282172,0.10668664751328194,0.09233080530275295
1645814055.8807273,-2.7575121809745,5.975172301539889,6.414699484955259,3.3716608482320334,5.898216413711594,6.299999999999997,6.129656126621153,6.130729173799251,6.129173029206534,0.07695588782829432,0.11469948495526161
1645814055.9803467,-2.8372420281354342,6.0384219201982745,6.436982612693074,3.3804833288469807,5.990753846085852,6.328951446054164,6.217908077492919,6.2188464841252555,6.217725356982415,0.04766807411242269,0.10803116663890933
1645814056.0803556,-2.9078311796276295,6.097159234417183,6.459083347460524,3.387041298628829,6.088397400824583,6.381580264757574,6.294878576052005,6.295355670259384,6.294872478256458,0.008761833592600077,0.07750308270295037
1645814056.180214,-2.9817543775026154,6.159466365771461,6.4796033862720535,3.3934733135468482,6.184165576546938,6.3999999999999915,6.375275536299338,6.375772491458803,6.375227691049464,0.0246992107754771,0.07960338627206198
1645814056.280116,-3.0598340940826003,6.220866984061641,6.500030324162932,3.399845481764313,6.279042677158345,6.3999999999999915,6.459941534865546,6.460715958748936,6.459679575846913,0.058175693096703895,0.10003032416294033
1645814056.380991,-3.139204017947703,6.287296552424201,6.525996464756361,3.410955338289511,6.383100357648412,6.436747242554237,6.550859940587752,6.551467880167089,6.550159356237215,0.09580380522421095,0.08924922220212395
1645814056.480973,-3.2272985620837265,6.349808205881561,6.557043382930767,3.423984862360018,6.489800602042293,6.489029311769963,6.652756501125149,6.65310416100175,6.651283424443744,0.1399923961607321,0.06801407116080416
1645814056.5814748,-3.311748053597655,6.408943910249998,6.589978478710998,3.42671893253948,6.597115238327061,6.538144724864019,6.741093811242385,6.741293088867168,6.738466986137135,0.18817132807706294,0.05183375384697886
1645814056.680048,-3.396752468744836,6.47014225244459,6.624336206128741,3.42671893253948,6.702386024083564,6.585427902891564,6.82742258349445,6.827533448447604,6.823471401284316,0.23224377163897447,0.03890830323717687
1645814056.7807457,-3.4857663054402312,6.5322221154218125,6.660845141558193,3.42671893253948,6.811090115003598,6.599999999999994,6.918108088666884,6.918375651677885,6.912485237979711,0.2788679995817853,0.060845141558198534
1645814056.8800356,-3.5740416826799573,6.595724156577487,6.692122128511705,3.42671893253948,6.918770419531881,6.599999999999994,7.008210048194648,7.008815489523031,7.000760615219438,0.323046262954394,0.09212212851171042
1645814056.980084,-3.6545772410108865,6.654307547390799,6.718216580700708,3.42671893253948,7.029241576323401,6.6322375719306095,7.091215059747568,7.0917362763670075,7.081296173550367,0.37493402893260264,0.08597900877009845
1645814057.0801623,-3.757055469304089,6.724960421674415,6.743728459748992,3.42671893253948,7.140837425534932,6.682361700374596,7.195802133113649,7.19606380030632,7.18377440184357,0.4158770038605173,0.06136675937439584
1645814057.1802316,-3.856472772621122,6.790772904223667,6.76243912453824,3.42671893253948,7.259586403587182,6.700000000000003,7.298264691781579,7.298531780815836,7.283191705160602,0.4688134993635149,0.06243912453823697
1645814057.2801695,-3.943595228395964,6.845945418840531,6.773980349182846,3.42671893253948,7.3820642302725235,6.700000000000003,7.38978715599149,7.39015746130771,7.370314160935444,0.5361188114319928,0.07398034918284324
1645814057.379995,-4.037242471628217,6.906143797474382,6.784169629191607,3.4224685971955493,7.497240788350327,6.700000000000003,7.4830932696949874,7.4835666235714555,7.459711068823767,0.5910969908759451,0.08416962919160387
1645814057.480086,-4.131052009700214,6.96467997453299,6.788826711894701,3.4161949814814427,7.609332456097006,6.700000000000003,7.574728639884548,7.575249444911583,7.547246991181657,0.644652481564016,0.08882671189469793
1645814057.5806174,-4.230913587492569,7.0307362789636665,6.791190464988368,3.414258136452063,7.728554243357808,6.700000000000003,7.676952559449207,7.677494142032185,7.645171723944633,0.6978179643941411,0.09119046498836525
1645814057.6802554,-4.316903203808533,7.09113388455256,6.78962665180325,3.414258136452063,7.849635800743571,6.700000000000003,7.768280429155827,7.7687974463696055,7.731161340260596,0.7585019161910109,0.08962665180324692
1645814057.7800174,-4.4035737652283276,7.15462403304908,6.789647510506008,3.4182792436941107,7.962963491939222,6.700000000000003,7.863510486671193,7.864021480777359,7.821853008922439,0.808339458890142,0.08964751050600483
1645814057.880344,-4.490651281177891,7.219468742930838,6.791534899005859,3.4239972434624737,8.073641582402665,6.700000000000003,7.960607546430315,7.961133785210451,7.914648524640365,0.8541728394718273,0.09153489900585576
1645814057.9800315,-4.584319669519624,7.291036066117464,6.796253104224134,3.4299786038762816,8.189417303740308,6.700000000000003,8.064494135596437,8.065068525632137,8.014298273395905,0.8983812376228446,0.09625310422413147
1645814058.080022,-4.667802565178769,7.358975665064779,6.801930529427474,3.436254636570474,8.310896726640005,6.700000000000003,8.159773087328732,8.160409712111496,8.104057201749242,0.9519210615752254,0.10193052942747105
1645814058.1804533,-4.757885595724848,7.429706841338709,6.809766902296129,3.442917894601174,8.439871316342105,6.700000000000003,8.262784648863986,8.26351371550517,8.200803490326022,1.0101644750033953,0.10976690229612629
1645814058.280031,-4.858167652181837,7.498616032850155,6.818150558453262,3.449833183754169,8.573724242096102,6.700000000000003,8.37727494782769,8.378108086314251,8.308000835936006,1.075108209245947,0.11815055845325872
1645814058.3803508,-4.96797102356981,7.561816433328344,6.828507526163385,3.451640524714315,8.693909244292108,6.700000000000003,8.495380671673,8.496352566891034,8.419611548284124,1.1320928109637638,0.12850752616338212
1645814058.479992,-5.0676463852884766,7.621056919716384,6.838826256325409,3.451640524714315,8.808178543703637,6.700000000000003,8.60159910743828,8.602719333706544,8.51928691000279,1.1871216239872524,0.13882625632540613
1645814058.5800397,-5.170706112527657,7.68374418303109,6.847424134130678,3.451640524714315,8.922123991627142,6.7324401742990325,8.710823502005784,8.711582370276647,8.622346637241971,1.2383798085960525,0.11498395983164578
1645814058.6810553,-5.267558397804655,7.748332274431878,6.855324390637079,3.451640524714315,9.036715656184562,6.783909896098436,8.813873245561934,8.814162559135307,8.71919892251897,1.2883833817526842,0.07141449453864279
1645814058.7799268,-5.361905828731642,7.813722142468849,6.861437174580877,3.451640524714315,9.153169593002652,6.799999999999997,8.914747264902244,8.914958963646582,8.813546353445957,1.339447450533802,0.06143717458088016
1645814058.8800554,-5.448803371431799,7.883339992212463,6.865276798807147,3.451640524714315,9.273145218028395,6.799999999999997,9.008299512901973,9.008536017278969,8.900443896146115,1.3898052258159321,0.0652767988071501
1645814058.9820113,-5.5332743384538094,7.95045138646402,6.867495008559719,3.455838638119119,9.388739074295028,6.799999999999997,9.103451190540765,9.103701398592692,8.989112976572928,1.438287687831008,0.0674950085597219
1645814059.079979,-5.615276803589329,8.018485548165991,6.868903397131832,3.4618793782167296,9.496669917180874,6.799999999999997,9.196727318872723,9.196985433055561,9.077156181806059,1.4781843690148833,0.06890339713183469
1645814059.1800542,-5.704464662303215,8.091260318691019,6.8703205931968325,3.4722497088990316,9.609163969699924,6.799999999999997,9.301404095316792,9.301669910838783,9.176714371202246,1.517903651008906,0.07032059319683537
1645814059.2802904,-5.7851249438805645,8.16342411976735,6.871257310134361,3.4850036272035045,9.723102090729455,6.799999999999997,9.400419091590205,9.400689161002038,9.270128571084069,1.5596779709621043,0.07125731013436365
1645814059.3807085,-5.861128549556012,8.233861183890294,6.873213283265737,3.497749324418463,9.836966766354683,6.799999999999997,9.495185230868193,9.49546748471838,9.358877873974475,1.603105582464389,0.07321328326573973
1645814059.4803033,-5.943242070814412,8.30937125696033,6.87306201609938,3.5103762506167477,9.949770391122998,6.799999999999997,9.5948845061658,9.595162674225852,9.45361832143116,1.6403991341626671,0.07306201609938245
1645814059.5799928,-6.027375831274034,8.38878897639972,6.8775020016096935,3.527123355193998,10.053596399158861,6.799999999999997,9.698455467706815,9.698765128579293,9.554499186468032,1.6648074227591412,0.07750200160969634
1645814059.6799579,-6.10230766393436,8.463549320432788,6.879625496964235,3.5455373192187842,10.154125753030268,6.799999999999997,9.794843617608569,9.795167263154525,9.647844983153144,1.6905764325974797,0.07962549696423782
1645814059.780516,-6.203581759117276,8.55311078279895,6.884905977623119,3.5632595720801845,10.250878773268242,6.799999999999997,9.913304481264014,9.913668078127555,9.766841331197462,1.697767990469293,0.08490597762312202
1645814059.8819377,-6.280781522799792,8.627816840289704,6.88649249676935,3.580766770676759,10.346457724517638,6.799999999999997,10.010187872038669,10.010561531977485,9.86154829347655,1.7186408842279342,0.08649249676935256
1645814059.979896,-6.321951660825462,8.681414553042488,6.8887644125623675,3.606508902275469,10.448124380310839,6.799999999999997,10.0844232738822,10.084813924299969,9.92846056310093,1.7667098272683504,0.08876441256237033
1645814060.0802073,-6.390491651045659,8.761798207398794,6.888534309620483,3.6408810782136958,10.560715432850047,6.799999999999997,10.191395489203307,10.191780037919456,10.031372729259354,1.7989172254512535,0.08853430962048581
1645814060.1799715,-6.483824117885293,8.864060334435974,6.889736951767219,3.6768353300574677,10.664391482144987,6.799999999999997,10.318924006817753,10.319314191310982,10.160659447942761,1.800331147709013,0.08973695176722174
1645814060.2799356,-6.541763212212716,8.940058616038915,6.890057596308546,3.713608602066301,10.764771640473255,6.799999999999997,10.41644030706502,10.416829606041452,10.255371814279018,1.82471302443434,0.09005759630854904
1645814060.3798993,-6.596797367266972,9.022039912309936,6.889772817416628,3.746953937984978,10.867355335790029,6.799999999999997,10.507063342201517,10.507446846678874,10.34375130525195,1.845315423480093,0.08977281741663123
1645814060.4803097,-6.65215651777218,9.109193329970605,6.889237622691928,3.778745300303954,10.971492558629272,6.799999999999997,10.59584216357561,10.596217934183422,10.430901818076133,1.8622992286586673,0.0892376226919307
1645814060.579998,-6.696637273333998,9.18585829435558,6.88883995890262,3.8143117616825477,11.07367577876106,6.799999999999997,10.679134069349551,10.67950359377439,10.510949035016546,1.8878174844054811,0.0888399589026232
1645814060.6806762,-6.763918082458032,9.28487673949638,6.888987825928754,3.851930001677406,11.176362450952583,6.799999999999997,10.783039865552063,10.78340704857461,10.615848084135438,1.8914857114562036,0.08898782592875687
1645814060.7813125,-6.835421735769646,9.377745296161313,6.889981529638351,3.8844870814576486,11.283492139962673,6.799999999999997,10.887989533533101,10.888361344022453,10.719908817227296,1.90574684380136,0.08998152963835349
1645814060.8804178,-6.914079969232271,9.459003895262398,6.892864460453742,3.9145162590827,11.390799337039663,6.799999999999997,10.999560441433495,10.999952441386464,10.828596228314971,1.9317954417772647,0.09286446045374497
1645814060.9811182,-6.990958828462877,9.541844779669148,6.897120185892593,3.949760852900119,11.502086395898033,6.799999999999997,11.114940141096543,11.115364441648643,10.940719681362996,1.9602416162288847,0.09712018589259586
1645814061.0803926,-7.066248016705208,9.631669936689537,6.899455846804158,3.9870021511729474,11.612985739886785,6.799999999999997,11.22942347521446,11.229863892815494,11.053250167878154,1.9813158031972478,0.09945584680416086
1645814061.1804285,-7.14268179091126,9.705610398547671,6.903832990851346,4.020961923589508,11.726647787451153,6.799999999999997,11.345110537657106,11.34558567909332,11.163643714500768,2.0210373889034816,0.10383299085134912
1645814061.2799578,-7.2141109180293626,9.785649236590588,6.908045470781426,4.052887668955271,11.84073223907153,6.799999999999997,11.452887116626961,11.453396750744131,11.266998586984634,2.0550830024809414,0.10804547078142868
1645814061.3799605,-7.283431456949638,9.868809363066326,6.910645472082551,4.08428484759646,11.95292789363579,6.799999999999997,11.557184952664997,11.557714585963724,11.367716304546098,2.084118530569464,0.11064547208255426
1645814061.4798293,-7.375048368712278,9.976836825653493,6.910314926045235,4.11536116496427,12.063976972430165,6.799999999999997,11.678427344633858,11.678948352775613,11.490409533676548,2.0871401467766724,0.11031492604523763
1645814061.5801775,-7.422105902102825,10.028603166222654,6.909373844986973,4.142013494008023,12.168331705030436,6.799999999999997,11.760412221826902,11.760920808561837,11.564119396110847,2.1397285388077822,0.10937384498697611
1645814061.681351,-7.5284386832774075,10.13988912346009,6.9069633514439825,4.166970226255801,12.270518453652999,6.799999999999997,11.887900189010129,11.8883813895088,11.695408909533208,2.1306293301929085,0.10696335144398539
1645814061.7799287,-7.5991807802410225,10.211312286562352,6.904299001120157,4.1908609657212,12.37448013563211,6.799999999999997,11.986841932501695,11.987295683197928,11.790041745962222,2.163167849069758,0.1042990011201601
1645814061.8799133,-7.6680895072194595,10.281384159867159,6.900435595124358,4.214903921297721,12.48187494234906,6.799999999999997,12.085019342391238,12.085436682831876,11.882993428517182,2.2004907824819018,0.10043559512436051
1645814061.9798496,-7.743806816305934,10.354466852602865,6.89502077306947,4.231804870847901,12.591293117366101,6.799999999999997,12.182720017312644,12.183090575364893,11.975611687153835,2.236826264763236,0.09502077306947321
1645814062.0811806,-7.821292086276406,10.41521486465879,6.889974244773282,4.244372637536205,12.703568238056924,6.799999999999997,12.280750237220799,12.281079828489073,12.065664723812612,2.2883533733981345,0.08997424477328497
1645814062.1823826,-7.910805837862606,10.482314190840466,6.885853639506206,4.2532146717379975,12.812957190431426,6.76723166581494,12.385285291406351,12.385853338473249,12.164020509600604,2.3306429995909603,0.11862197369126637
1645814062.2799952,-7.993809543003067,10.548396539166792,6.883194813833478,4.259558057619387,12.91685059746094,6.716324919272516,12.480167954888833,12.481283497459101,12.253367600622454,2.368454058294148,0.16686989456096235
1645814062.379795,-8.08317797420852,10.610898157311254,6.88483850056347,4.257276507279417,13.014426136098233,6.700000000000003,12.572341212140541,12.57369988610266,12.340454481487935,2.403527978786979,0.18483850056346718
1645814062.4797807,-8.191870691388228,10.680934765710829,6.886161953388146,4.250976768090427,13.108224819444539,6.700000000000003,12.677388922992346,12.678755703052975,12.442847459478656,2.42729005373371,0.1861619533881429
1645814062.58007,-8.277983565940902,10.723305431331239,6.88912627562474,4.244763613830266,13.207237753872986,6.700000000000003,12.76671910521393,12.768119887421408,12.522747179771168,2.4839323225417473,0.18912627562473716
1645814062.6799164,-8.3661506304247,10.7649084562819,6.894268536966871,4.238621319877368,13.307837631478108,6.700000000000003,12.858723292348502,12.860190705181674,12.60477195030207,2.5429291751962086,0.1942685369668684
1645814062.7803738,-8.449519361322853,10.793080906809434,6.8990898744859015,4.2241096789894605,13.402127136577725,6.733601388089374,12.939397021519811,12.940455236182597,12.673629040312314,2.609046229768291,0.16548848639652736
1645814062.8799253,-8.53922194792428,10.828337403652476,6.905126983183449,4.205920745440494,13.492400610192236,6.782257812663866,13.020595034124531,13.021174750218684,12.745142693364775,2.66406320653976,0.12286917051958302
1645814062.9807308,-8.623664753060222,10.849548754696617,6.91135952509903,4.183418413456715,13.578483679145151,6.799999999999997,13.094596788597821,13.095070293808531,12.807083166516936,2.7289349244485344,0.11135952509903291
1645814063.0804188,-8.714039376047705,10.873559621098982,6.915604617891898,4.15889255201176,13.66064756281495,6.799999999999997,13.171189605320823,13.171696931185034,12.872931928059465,2.787087941715967,0.11560461789190057
1645814063.1797974,-8.79636991945416,10.895548545558412,6.920371714647472,4.130039950988816,13.744304609704015,6.799999999999997,13.236596362044583,13.23714367231009,12.926409870442974,2.8487560641456025,0.12037171464747498
1645814063.2804818,-8.880983174807735,10.907121091976947,6.922290325899457,4.09799915877219,13.830176281785574,6.799999999999997,13.304068327321795,13.304630358708037,12.978982333579925,2.923055189808627,0.12229032589945987
1645814063.3798008,-8.994078426966993,10.938840457587302,6.924293007249519,4.06226740877929,13.91482942714866,6.799999999999997,13.391216409630612,13.391793221268438,13.056345835746283,2.9759889695613584,0.12429300724952164
1645814063.4802315,-9.079490674642182,10.949373171223204,6.9262622024272,4.02395256534947,14.000401585619617,6.799999999999997,13.453958492917138,13.45455095025096,13.103443239991652,3.051028414396413,0.12626220242720265
1645814063.5799208,-9.183590324786646,10.969137744543367,6.927683664642293,3.9865441777692983,14.077538889222096,6.799999999999997,13.531984351589184,13.532586730181004,13.170134502555944,3.1084011446787283,0.12768366464229608
1645814063.67966,-9.271713536272784,10.975262433496079,6.927456814509001,3.949389997070104,14.151298836229186,6.799999999999997,13.597234493486447,13.59783185329273,13.221103533342887,3.176036402733107,0.1274568145090038
1645814063.7811484,-9.32334923608014,10.97212032610662,6.927727184253397,3.9094724212097742,14.216579044957802,6.799999999999997,13.624759865479115,13.62535855034897,13.232821657289914,3.244458718851183,0.12772718425340024
1645814063.87996,-9.400040185859988,10.967923295262114,6.926914412784574,3.8696771643624706,14.275831381365343,6.799999999999997,13.675805441029866,13.676394324860427,13.269717350222457,3.307908086103229,0.1269144127845765
1645814063.9809523,-9.484919198643617,10.968798124289469,6.927174187021678,3.825966046742785,14.340914159283171,6.799999999999997,13.731381305946867,13.731970209811543,13.310885245386402,3.3721160349937023,0.12717418702168093
1645814064.0798764,-9.592830082151613,10.975799722651796,6.927498972878445,3.7804655487128525,14.40866119906644,6.799999999999997,13.806866912763024,13.807455592354277,13.373295630864465,3.4328614764146437,0.12749897287844814
1645814064.1805484,-9.670267546087398,10.962574261735295,6.925336628925533,3.73453678170645,14.470957530048032,6.799999999999997,13.856317412062177,13.856884263584215,13.404804327793848,3.5083832683127376,0.12533662892553554
1645814064.2797425,-9.77152912017839,10.965949969376016,6.9264816697901725,3.6895031714724857,14.528430566527176,6.799999999999997,13.924462587904285,13.92503701879241,13.461032291650875,3.5624805971511595,0.1264816697901754
1645814064.3802707,-9.842092266886858,10.95196398038116,6.927483998321416,3.6409729953382097,14.584788608113321,6.799999999999997,13.963898583177897,13.964480506309775,13.483065262225068,3.6328246277321607,0.1274839983214191
1645814064.4813669,-9.913365809252637,10.93435353079349,6.92821256807138,3.5909387138940123,14.640661751360094,6.799999999999997,14.003676705769761,14.004263627279018,13.504304523146649,3.706308220566603,0.12821256807138326
1645814064.580169,-9.9603812894401,10.918748348844888,6.927512463989735,3.537654308026868,14.688990740595273,6.799999999999997,14.014695597230684,14.015275670193214,13.498035597466968,3.7702423917503847,0.1275124639897376
1645814064.6796856,-10.032877930606176,10.90140543772974,6.926755846067371,3.4820876641770813,14.734954530416243,6.799999999999997,14.04814555997384,14.048717404757095,13.514965594783257,3.8335490926865035,0.12675584606737367
1645814064.7800345,-10.103532482598244,10.87788813895556,6.924785902570463,3.426365498250197,14.774804078506556,6.799999999999997,14.079918082577517,14.08047104089823,13.52989798084844,3.896915939550995,0.12478590257046562
1645814064.8797832,-10.175595345846542,10.853376001526145,6.923296129506725,3.3711220022800763,14.811361268559473,6.799999999999997,14.113086065212228,14.113624630818226,13.546717348126618,3.9579852670333278,0.12329612950672786
1645814064.9797304,-10.236869877443638,10.83253081419302,6.921494156002296,3.3155625888393807,14.854148013793184,6.799999999999997,14.13654238678192,14.137064457772858,13.552432466283019,4.021617199600163,0.1214941560022984
1645814065.0798268,-10.305471816421,10.803416368539445,6.917835899799532,3.259810965546976,14.90026481548661,6.799999999999997,14.170429215518146,14.170919146311286,13.565282781967976,4.096848446947165,0.1178358997995348
1645814065.180227,-10.373700414561348,10.782507892905322,6.917084595705964,3.1990208680221697,14.941102832572438,6.799999999999997,14.195516013407916,14.195998861984746,13.572721282583519,4.1585949396671165,0.11708459570596652
1645814065.2798066,-10.44136712639391,10.750214343784037,6.91335465505101,3.1360378477270414,14.978613746833531,6.799999999999997,14.220593776034589,14.221045553011052,13.577404974120952,4.228399403049494,0.11335465505101272
1645814065.3823931,-10.513326597997153,10.710908844686815,6.908745175081668,3.069468763605561,15.018260419375173,6.799999999999997,14.249407265677632,14.249822207180342,13.582795361602715,4.307351574688358,0.10874517508167081
1645814065.4798055,-10.597815249561716,10.681763184614287,6.9097931850694545,3.005500593121846,15.056358060793544,6.799999999999997,14.289411543044709,14.289833336676361,13.603315842683562,4.374594876179257,0.10979318506945734
1645814065.5796463,-10.662864162897325,10.649467536060683,6.909766291891715,2.944442871912654,15.085851178910705,6.799999999999997,14.312243170311786,14.312664084822645,13.60730703480998,4.436383642850021,0.1097662918917175
1645814065.6797378,-10.732570229936648,10.605182504838565,6.905771553346751,2.8845613174268747,15.112599004897318,6.799999999999997,14.343746898324888,14.344136875556584,13.617131547363524,4.507416500058753,0.10577155334675403
1645814065.7800965,-10.801029750969619,10.568255771647884,6.903714490814191,2.8262283402419217,15.144574319166948,6.799999999999997,14.375147113433567,14.375521250669912,13.62725809121154,4.5763185475190635,0.10371449081419382
1645814065.8796713,-10.848005599492115,10.538575389626002,6.902182299959159,2.7691105401358844,15.178592072994643,6.799999999999997,14.385951716242365,14.386314608143449,13.617116139628,4.640016683368641,0.1021822999591615
1645814065.9796548,-10.907435472151494,10.499788763157554,6.898558170048576,2.7079459180347163,15.210042623218305,6.773172478125731,14.407119831057358,14.40766543886223,13.615381390186212,4.710253860060751,0.12538569192284488
1645814066.0804267,-10.975526937398296,10.455859643872701,6.892552166422547,2.6427005808107378,15.239186337697515,6.720811989688157,14.433860710065163,14.434882392519434,13.618227518209034,4.783326693824813,0.17174017673439046
1645814066.1796596,-11.035448959242029,10.411654082162883,6.888649946196059,2.578163252869983,15.268013799698121,6.700000000000003,14.453880695780779,14.455111759168934,13.613612212112011,4.856359717535238,0.18864994619605646
1645814066.280177,-11.093523390219755,10.370221818863335,6.884545770079318,2.5125927296615402,15.297302768431358,6.700000000000003,14.470747131758253,14.4719238421346,13.606116119881294,4.927080949568023,0.18454577007931494
1645814066.3796048,-11.167749089298068,10.320659349691448,6.881049805565713,2.458101713443162,15.31910729315448,6.700000000000003,14.51372770662567,14.514856905053145,13.62585080274123,4.998447943463031,0.18104980556570993
1645814066.4801536,-11.217305022139149,10.283923770566043,6.879237399020536,2.4078190509271375,15.33782412948856,6.700000000000003,14.532237090151247,14.533342385341895,13.625124073066287,5.053900358922517,0.1792373990205336
1645814066.5803494,-11.268323687107218,10.256029656168412,6.876138899204652,2.3708795907077147,15.362826991207678,6.700000000000003,14.563902123906276,14.564967215429453,13.639203277814932,5.106797335039266,0.1761388992046493
1645814066.6815534,-11.317491157696448,10.24293254363297,6.871857348192367,2.339439964348563,15.390913825817945,6.700000000000003,14.59498129337645,14.59599307694191,13.65693112204501,5.1479812821849755,0.17185734819236398
1645814066.7798328,-11.3559566015186,10.247950772438951,6.8673403069987025,2.317708092573563,15.423933862112357,6.700000000000003,14.620530329336468,14.621487950594972,13.673664694092162,5.175983089673405,0.16734030699869962
1645814066.879527,-11.382862509662191,10.273203545422188,6.8642083512890615,2.299555804532487,15.45997050129456,6.700000000000003,14.632536430131976,14.633457785560203,13.682418314194678,5.186766955872372,0.16420835128905864
1645814066.9796808,-11.399004713543572,10.312030816441688,6.864422512394769,2.2927864859283438,15.497109987164967,6.700000000000003,14.64070327056064,14.641626515492986,13.691791199471917,5.185079170723279,0.1644225123947658
1645814067.079987,-11.422673334789014,10.348415632412838,6.867008198472771,2.2927864859283438,15.534859923851146,6.700000000000003,14.663323036812129,14.664274077507633,13.715459820717358,5.186444291438308,0.16700819847276804
1645814067.180772,-11.437429247242152,10.401275791806123,6.8684720845562826,2.31033000087459,15.573743273001465,6.700000000000003,14.688611377124888,14.689577496697359,13.747759248116742,5.172467481195342,0.1684720845562797
1645814067.279525,-11.460151502770092,10.451585702368426,6.869377665886768,2.3362365354773758,15.612316280207754,6.700000000000003,14.730019110610266,14.73099289907659,13.796388038247468,5.1607305778393275,0.16937766588676517
1645814067.3798885,-11.476546763160414,10.510884763092148,6.869523140174005,2.3655699913982957,15.655991731770088,6.700000000000003,14.767407421953699,14.76838041428469,13.84211675455871,5.14510696867794,0.16952314017400205
1645814067.4797182,-11.491964129992194,10.57606786931811,6.868131762365222,2.3957057744760406,15.700861791901975,6.700000000000003,14.803070226288371,14.804025007204672,13.887669904468234,5.124793922583866,0.16813176236521876
1645814067.579571,-11.511435175488534,10.645245555514004,6.862768971991378,2.4348231810735643,15.75274722752654,6.700000000000003,14.852093976190329,14.852985868701019,13.9462583565621,5.1075016720125355,0.1627689719913752
1645814067.6795175,-11.534517301167089,10.716239991759863,6.859989193497372,2.47794071960945,15.807774924668504,6.700000000000003,14.908813090150863,14.909671502051603,14.012458020776538,5.09153493290864,0.15998919349736873
1645814067.7796092,-11.554788846380834,10.796566022541535,6.853818058210807,2.523487121070214,15.860904716586077,6.700000000000003,14.961463184585476,14.962253861592453,14.078275967451049,5.064338694044542,0.1538180582108044
1645814067.8796442,-11.584192379335134,10.874252160420987,6.84958454542754,2.5701687219413896,15.913033930740434,6.700000000000003,15.024488673969358,15.02523329104957,14.154361101276523,5.0387817703194475,0.14958454542753685
1645814067.9796057,-11.613186402357943,10.954369047986427,6.843201109260815,2.6198548190838338,15.97373122801289,6.700000000000003,15.092165487614455,15.092844849902697,14.233041221441777,5.019362180026462,0.1432011092608123
1645814068.0800085,-11.628043526158235,11.028504715390724,6.836069693151839,2.6724098702999117,16.04220065366024,6.700000000000003,15.15388116311104,15.154492049128075,14.300453396458147,5.013695938269517,0.13606969315183637
1645814068.1796365,-11.647919112178243,11.114509171097438,6.829584944858259,2.7199081992151806,16.10332764564205,6.700000000000003,15.209298847152041,15.209850876320726,14.367827311393423,4.988818474544612,0.129584944858256
1645814068.279939,-11.678377891293138,11.205067239862094,6.820157072703146,2.7650169660558235,16.16089659924097,6.700000000000003,15.269967244384516,15.270439986021904,14.443394857348961,4.9558293593788765,0.12015707270314291
1645814068.3796282,-11.706410996559242,11.281095670211851,6.81230556995342,2.8092423153231043,16.223822355087204,6.700000000000003,15.334103760968224,15.334515013301933,14.515653311882346,4.942726684875353,0.112305569953417
1645814068.4796085,-11.737089362426431,11.355980983355488,6.805413998119995,2.8533274938901236,16.28946208378353,6.700000000000003,15.401931690842124,15.402292424193439,14.590416856316555,4.933481100428041,0.10541399811999241
1645814068.5794585,-11.773249481747326,11.42961937413485,6.799042839218328,2.896022229999927,16.359420989500244,6.700000000000003,15.475479847808513,15.475796780906883,14.669271711747253,4.929801615365394,0.09904283921832491
1645814068.6797643,-11.813636598665965,11.501471793564988,6.791012396559851,2.9383717181327436,16.431484311796197,6.700000000000003,15.5539953969652,15.55426166891705,14.752008316798708,4.930012518231209,0.09101239655984816
1645814068.7796705,-11.855892299478079,11.568560962323193,6.783610772915897,2.973302424156663,16.498616827723957,6.667748859927506,15.627234783782093,15.627664283901492,14.829194723634743,4.930055865400764,0.11586191298839132
1645814068.879702,-11.907964458965598,11.643266986079912,6.772876565080819,3.004338094319977,16.563310728257086,6.617935557558074,15.70298054082932,15.70374492219854,14.912302553285574,4.9200437421771746,0.1549410075227451
1645814068.979616,-11.95622045756173,11.706252526415598,6.763576429481021,3.0319852370941462,16.635657142478465,6.599999999999994,15.77800176873411,15.77884967487993,14.988205694655877,4.929404616062866,0.16357642948102669
1645814069.0799139,-12.005231472880144,11.761638567281715,6.753327481607017,3.057841975574015,16.712654870223783,6.599999999999994,15.855874121142701,15.856615447886057,15.063073448454158,4.951016302942069,0.1533274816070227
1645814069.1808777,-12.05430888798907,11.820542192005657,6.744462228656956,3.083054475009458,16.781146140915784,6.599999999999994,15.929449492100876,15.930104533771942,15.137363362998528,4.960603948910126,0.14446222865696168
1645814069.2796252,-12.10363326201924,11.8809638906868,6.737184550779859,3.1073896580304092,16.84455454666105,6.599999999999994,16.000389072592913,16.000977160015054,15.21102292004965,4.963590655974251,0.1371845507798648
1645814069.3795176,-12.153879735838299,11.937184094387124,6.7296463375311575,3.1236761150358623,16.91538998846979,6.599999999999994,16.068174964832153,16.068697983137714,15.277555850874162,4.978205894082667,0.12964633753116317
1645814069.481465,-12.203700207542855,11.993856334015225,6.724970517207435,3.1363472928759872,16.990855956639447,6.599999999999994,16.13341447256634,16.13389848033587,15.340047500418843,4.996999622624221,0.12497051720744068
1645814069.5795882,-12.257078422067883,12.051713241908594,6.721695140895529,3.1485657266229974,17.057338425219566,6.599999999999994,16.198461504472903,16.198918631168198,15.40564414869088,5.005625183310972,0.12169514089553513
1645814069.6795278,-12.311364928316767,12.108389734127796,6.720197749776694,3.1610206692792784,17.122244290970478,6.599999999999994,16.264484424594272,16.264928561076466,15.472385597596045,5.013854556842682,0.1201977497766995
1645814069.7794425,-12.367999410307121,12.147473131838334,6.717680406879112,3.1689363725037056,17.18378847570905,6.599999999999994,16.332814998098,16.333238945177357,15.536935782810826,5.036315343870717,0.11768040687911796
1645814069.8794315,-12.436963451809476,12.213906224177684,6.717996941063368,3.174692445960423,17.243781194041006,6.599999999999994,16.401934095795873,16.40235853043493,15.611655897769898,5.029874969863322,0.11799694106337366
1645814069.9796195,-12.496114614087329,12.267400526126588,6.719542973651787,3.1808914520732805,17.313435532445737,6.599999999999994,16.469091914353836,16.469525767489007,15.67700606616061,5.0460350063191495,0.119542973651793
1645814070.079783,-12.548013249492723,12.306572716482702,6.723082482744524,3.1874989474241118,17.392140296930695,6.599999999999994,16.536908469076746,16.537366507766002,15.735512196916835,5.085567580447993,0.12308248274452982
1645814070.1798296,-12.60722435323799,12.343535216268307,6.723391236183468,3.1899638063473192,17.463629815834288,6.599999999999994,16.606219390874223,16.60667780909276,15.79718815958531,5.120094599565981,0.12339123618347347
1645814070.2795079,-12.667917641263614,12.380534777151794,6.726543478887275,3.1899638063473192,17.53062542067606,6.599999999999994,16.673207179274154,16.673687381471684,15.857881447610932,5.1500906435242655,0.1265434788872808
1645814070.3795433,-12.723713450447823,12.421774346639959,6.740126543051787,3.185642362962239,17.602847648943353,6.599999999999994,16.731739986072146,16.732326748231795,15.909355813410063,5.181073302303394,0.1401265430517924
1645814070.479403,-12.788957804031085,12.462453441211906,6.752024509939426,3.1794032357831363,17.677164619164333,6.599999999999994,16.79826678462152,16.79895468232893,15.968361039814221,5.214711177952427,0.15202450993943195
1645814070.5798535,-12.864266830662128,12.511426039278955,6.769208787757792,3.173205798131584,17.74458676104435,6.599999999999994,16.869691741674938,16.870540331388028,16.03747262879371,5.233160721765394,0.1692087877577979
1645814070.682418,-12.935416695794606,12.542073891176834,6.783416708456441,3.1669127825442924,17.810175762718124,6.599999999999994,16.94219324520644,16.943186053598648,16.1023294783389,5.26810187154129,0.18341670845644664
1645814070.7802835,-13.006278794058874,12.573278993976189,6.798031033908931,3.1564517020732277,17.8808344472189,6.634470157600652,17.011878261375053,17.01266452205838,16.162730496132102,5.30755545324271,0.16356087630827876
1645814070.8795323,-13.069385877910793,12.598957941728008,6.815753581136073,3.143797836349644,17.956197309295945,6.685244865872953,17.075343035903543,17.07584177481565,16.21318371426044,5.357239367567937,0.13050871526312058
1645814070.979559,-13.145711585192778,12.628414470989487,6.835520603520672,3.127324476622532,18.02255373619624,6.700000000000003,17.143758079300664,17.144293712940335,16.27303606181531,5.3941392652067535,0.13552060352066952
1645814071.0794687,-13.219915651203602,12.655709178913197,6.84672068956361,3.109364760803733,18.08494882667711,6.700000000000003,17.208196940028845,17.208822414318888,16.329280412007336,5.429239647763913,0.1467206895636073
1645814071.1793594,-13.293372787204992,12.67921344832203,6.85795978691855,3.0906017581189924,18.156158123344884,6.700000000000003,17.27517134141035,17.2758934984379,16.383974545323984,5.476944675022855,0.15795978691854717
1645814071.2794087,-13.355391244018257,12.698741906160452,6.878718753612668,3.0713363954329096,18.232650840119277,6.700000000000003,17.333826150912504,17.334747457720606,16.426727639451165,5.533908933958825,0.17871875361266554
1645814071.3793392,-13.433420022266565,12.725148600735125,6.894743286829665,3.0523415360438584,18.30806953025989,6.734814011364802,17.405439961770323,17.406174698535633,16.485761558310422,5.582920929524764,0.15992927546486335
1645814071.479437,-13.515098912651233,12.749509791855541,6.908398256205237,3.0334267247195372,18.38317039170325,6.785412199986741,17.48118510070167,17.481617719622466,16.54852563737077,5.633660599847708,0.12298605621849568
1645814071.5797124,-13.579763999131647,12.76272484937658,6.929177845511634,3.010412774481232,18.45711571786588,6.799999999999997,17.54024095452678,17.54071662329192,16.59017677361288,5.6943908684892985,0.12917784551163702
1645814071.6794784,-13.659134146124561,12.787023216259087,6.947522262079082,2.985881156526988,18.530167423202332,6.799999999999997,17.607959558314818,17.608577529859105,16.64501530265155,5.743144206943246,0.14752226207908503
1645814071.7794745,-13.739264983090536,12.80808532526197,6.965694127054867,2.962311385207584,18.600354884644304,6.799999999999997,17.677472665362586,17.678249188717245,16.70157636829812,5.7922695593823335,0.16569412705486997
1645814071.8793788,-13.84948837145152,12.839812544087104,6.989038262003452,2.939231638644994,18.66908312133359,6.799999999999997,17.771930537793764,17.772935899976343,16.78872001009651,5.829270577246485,0.18903826200345453
1645814071.9803014,-13.93419755330791,12.85828568438006,7.010888647738202,2.910516492115804,18.744009119141865,6.828522408341055,17.843377808660534,17.84430971116202,16.844714045423714,5.885723434761804,0.18236623939714747
1645814072.0814388,-14.020453922348052,12.876302598624175,7.03826932386539,2.8769523517722266,18.823968547402448,6.882393990576933,17.913600113626963,17.914278276013903,16.89740627412028,5.947665948778273,0.15587533328845726
1645814072.1803648,-14.109937484563716,12.895308522249596,7.069786033642427,2.840746110612758,18.90020192290115,6.8999999999999915,17.982892400750593,17.98369390292755,16.950683595176475,6.004893400651554,0.16978603364243572
1645814072.279551,-14.197585653710266,12.910740919938618,7.103201932948293,2.8027462498463027,18.975640747379693,6.8999999999999915,18.049772706269135,18.05091648015502,17.00033190355657,6.064899827441074,0.2032019329483017
1645814072.3797963,-14.28744305520988,12.923015694395923,7.137962373693934,2.769350425421223,19.057134017444668,6.935098728705392,18.126268547113114,18.127403705454352,17.056793480631104,6.134118323048744,0.20286364498854237
1645814072.4795907,-14.357426348163779,12.929211589933317,7.1716553695124885,2.7382438426921385,19.140501940322668,6.985025848146018,18.189064491923695,18.1900219260342,17.095670190855916,6.211290350389351,0.18662952136647082
1645814072.5793564,-14.449006198910535,12.942543537291515,7.209132289954843,2.697488321414543,19.218981258688693,7.036028457599577,18.25913318879391,18.25995371688799,17.146494520325078,6.276437721397178,0.17310383235526583
1645814072.6803741,-14.546537683686296,12.953914019431174,7.2476205034596095,2.65203022353843,19.296334296532585,7.088144019857338,18.330767387941165,18.33146109233057,17.198567907224724,6.342420277101411,0.15947648360227173
1645814072.7800686,-14.63840580863267,12.965381711477928,7.284041427799072,2.614690818904691,19.374228741544176,7.099999999999994,18.404963012566203,18.40588315569444,17.25309662753736,6.408847030066248,0.18404142779907762
1645814072.8794634,-14.730145836693517,12.977429730655434,7.322414082131949,2.579710607854198,19.45235335058357,7.099999999999994,18.481227394703886,18.48256567792156,17.309856444547716,6.474923619928138,0.22241408213195513
1645814072.979864,-14.848984437992321,12.99854196263744,7.364946566683193,2.5391552326227083,19.528163164001633,7.131835580929451,18.57372752675458,18.575190307768047,17.38813967061503,6.529621201364193,0.23311098575374167
1645814073.0798411,-14.966401036211384,13.01837892310413,7.414805072596052,2.4958223350763427,19.601899889487576,7.181514701683596,18.66204687014685,18.663504970415342,17.462223371287728,6.583520966383446,0.23329037091245652
1645814073.1797698,-15.06011494548029,13.02421022061965,7.454463479392107,2.451670257795933,19.688953979561557,7.232132973123494,18.737167085182303,18.738486097656256,17.511785203276222,6.664743758941906,0.22233050626861317
1645814073.2808592,-15.164842697869375,13.035929871396808,7.496945422370544,2.406501161488616,19.785030558712872,7.283917208731992,18.822924456930917,18.824129890412838,17.57134385935799,6.749100687316064,0.21302821363855173
1645814073.3792171,-15.228857365687915,13.04895316675358,7.528772381275696,2.362899081488965,19.87148356155555,7.333904934359434,18.868407878906638,18.86941411932691,17.59175644717688,6.822530394801969,0.19486744691626257
1645814073.4793248,-15.333223711888385,13.062674765933547,7.57263689220103,2.318686680246245,19.956121045551317,7.384592364569179,18.950185806527774,18.95111877558417,17.65191039213463,6.89344627961777,0.18804452763185076
1645814073.5793247,-15.44195347632905,13.073144016303178,7.6172840137651,2.2709172046976,20.04574243356671,7.3999999999999915,19.035832433891603,19.03707248486062,17.71287068102665,6.97259841726353,0.21728401376510842
1645814073.679278,-15.579872072506506,13.085718037359813,7.666358127278178,2.2215940943352526,20.13754073321379,7.3999999999999915,19.147334044795194,19.149186606092183,17.80146616684176,7.051822695853977,0.26635812727818653
1645814073.7805893,-15.690564534803913,13.09642339464003,7.71093157935672,2.173958068029523,20.226199096656657,7.43170227300683,19.23473081143101,19.236757481284055,17.864522602833436,7.129775702016627,0.2792293063498903
1645814073.8796108,-15.800444850923892,13.109435072395076,7.751733880299593,2.1284865742255743,20.310828914666715,7.477316828333946,19.321145290049962,19.323093956135217,17.928931425149464,7.201393842271639,0.2744170519656466
1645814073.9792225,-15.90487989162758,13.114347545775479,7.787629934906262,2.075885708353273,20.402526084136298,7.52674060966904,19.401687503113692,19.403441478472338,17.980765599980852,7.288178538360819,0.26088932523722175
1645814074.080363,-16.019257518321808,13.11980859043347,7.82591737477149,2.015670135025147,20.50214469575823,7.580433962646248,19.487367750248882,19.488913872739776,18.034927653346955,7.382336105324759,0.2454834121252416
1645814074.180546,-16.155686491332034,13.131202360169416,7.868756805642872,1.9575829492044736,20.598242175480877,7.632229463519753,19.59201912588185,19.59344682827634,18.113269440536506,7.467039815311461,0.23652734212311888
1645814074.281395,-16.27273412018885,13.140133382209271,7.905255486463356,1.9000226324826006,20.693468021072576,7.683555162953464,19.67998862190774,19.68123733894448,18.17275675267145,7.553334638863305,0.221700323509892
1645814074.37919,-16.381215337687138,13.144628765572907,7.937671863125386,1.839402109594109,20.79305878783149,7.700000000000003,19.76080418316917,19.762233423377978,18.220617447281246,7.648430022258584,0.23767186312538335
1645814074.479354,-16.49891640843353,13.152603905634377,7.97071386443949,1.774885603945726,20.898725377854625,7.700000000000003,19.847776647524725,19.84962276332796,18.273802012379257,7.746121472220247,0.27071386443948686
1645814074.5792587,-16.640113436083293,13.163531382849742,8.009738889681895,1.7126690654254821,21.00062502979983,7.735554058375898,19.95606830963334,19.957951791215212,18.352782501508777,7.837093646950089,0.27418483130599647
1645814074.6793764,-16.759492398216082,13.17112595162139,8.042270724068517,1.6511445367288689,21.10139129243814,7.784928535146879,20.04596370160633,20.047615462401446,18.41063693494495,7.930265340816751,0.25734218892163874
1645814074.7793474,-16.874405965559195,13.167595906873746,8.07468258330925,1.5908518322099594,21.200140045590956,7.833314452000788,20.136720459859266,20.13816698345026,18.465257797769155,8.03254413871721,0.24136813130846324
1645814074.8829775,-16.997592312192136,13.17395011531639,8.110573887066732,1.5288734598350329,21.30164962361638,7.883053145801642,20.230902928423983,20.23218225963329,18.52646577202717,8.12769950829999,0.22752074126508948
1645814074.9792676,-17.14825457009629,13.16940129541905,8.157178495026496,1.465676660022598,21.393193614700838,7.8999999999999915,20.34967311654596,20.351298158313575,18.61393123011889,8.223792319281788,0.2571784950265048
1645814075.079382,-17.27304775799839,13.162506161680843,8.199062069041794,1.3965937772367296,21.486702296712014,7.8999999999999915,20.441324720982355,20.4435122831128,18.669641535235122,8.32419613503117,0.29906206904180266
1645814075.1798806,-17.389738391245128,13.158874841996397,8.238093004902964,1.3268304137891507,21.587068442964558,7.931996466580951,20.526675210783235,20.528957360269313,18.716568805034278,8.42819360096816,0.3060965383220138
1645814075.2795582,-17.523207215780936,13.153253415353635,8.282980604642075,1.2573914206766679,21.690458217190507,7.982656438008245,20.629947914917764,20.632133810570444,18.780598636457604,8.537204801836872,0.3003241666338301
1645814075.379267,-17.679820228170733,13.149520857655308,8.33597872094656,1.183645131483044,21.794060643654174,8.03342060693831,20.749901047633344,20.752106758084288,18.863465359653777,8.644539785998866,0.3025581140082494
1645814075.4793077,-17.799609257907697,13.141259637726987,8.37968010312581,1.1074160920777079,21.898102012337965,8.084399853234546,20.836455935661736,20.83854808725284,18.907025349985403,8.756842374610978,0.295280249891265
1645814075.5792158,-17.921456443223594,13.131062988200991,8.423124727794182,1.0330930722845,21.9932144676409,8.134104422006182,20.923973718688977,20.925969724663773,18.954549515508095,8.862151479439909,0.2890203057880001
1645814075.67925,-18.049227097504893,13.120937832881694,8.470628172753681,0.9594746627119437,22.0845583263154,8.183337772745142,21.016118456060706,21.01808199463292,19.008701760216837,8.963620493433705,0.2872904000085388
1645814075.7801676,-18.205326350600696,13.10460867869618,8.526233091773694,0.8879991573346879,22.17324332417148,8.23113802616081,21.137530917424836,21.139590686265425,19.093325507935383,9.0686346454753,0.2950950656128839
1645814075.8792868,-18.322403804584912,13.092382878965907,8.573686533778607,0.8191822184920188,22.258629640198755,8.277160325725974,21.223109931550226,21.225181341009268,19.141586023076933,9.166246761232848,0.29652620805263297
1645814075.9798555,-18.42204185625949,13.08083487702407,8.612521931069363,0.7444205801661066,22.346353255190913,8.327158226914866,21.288567663021883,21.29048016336667,19.166462436425597,9.265518378166842,0.28536370415449674
1645814076.079203,-18.533515737114516,13.059398068984466,8.658563526786445,0.6658963973250374,22.434040991335312,8.379672382786351,21.365892357438472,21.367712477002524,19.199412134439555,9.374642922350846,0.2788911440000934
1645814076.1794088,-18.650601053329115,13.042438741934404,8.705112262292158,0.5859776315352746,22.523286054634006,8.399999999999991,21.44603518755162,21.448205490397168,19.23657868486439,9.480847312699602,0.30511226229216604
1645814076.2806127,-18.81709571522373,13.0227476950602,8.765232690813972,0.5048125580983958,22.613922866376353,8.399999999999991,21.571434363285753,21.574526076092255,19.321908273322126,9.591175171316152,0.3652326908139809
1645814076.3791459,-18.921218026728013,13.002314330392018,8.807814526806073,0.43154692792988514,22.6957383917936,8.436396898966626,21.644675590648017,21.647862076395995,19.3527649546579,9.693424061401583,0.3714176278394472
1645814076.4800723,-19.038430871828904,12.981179158263696,8.853855132645,0.358348093935809,22.777479326108658,8.485349652613952,21.730221610127487,21.733345980636862,19.396778965764714,9.796300167844961,0.36850548003104855
1645814076.5793526,-19.15327542694027,12.959751581355995,8.8979577199454,0.2807675209877167,22.852954443691143,8.534368698012306,21.807280623159453,21.810311441015603,19.434042947927985,9.893202862335148,0.36358902193309284
1645814076.6792815,-19.21353862876085,12.950438175510538,8.921733778596673,0.20022623331310313,22.92675155697131,8.584088504225441,21.82707252026736,21.82968389913871,19.413764862073954,9.976313381460773,0.3376452743712317
1645814076.7793896,-19.326534456697686,12.921935236480293,8.965417020119798,0.1238345917513687,23.000611342606366,8.6338505350894,21.90654167533209,21.909050744088777,19.450369048449055,10.078676106126073,0.33156648503039854
1645814076.879296,-19.469257650709437,12.894912074154977,9.01808036856435,0.049608481149849656,23.07428964558639,8.683490294470941,22.01376530299177,22.016307895123703,19.518866131859287,10.179377571431413,0.33459007409340913
1645814076.979172,-19.57958969433937,12.868726643435943,9.061712852212754,-0.027651632993098918,23.146965312860953,8.732454541443854,22.088921931601472,22.09137576375892,19.55193806134627,10.27823866942501,0.3292583107688998
1645814077.079338,-19.68915923193338,12.840555586209323,9.104079661256494,-0.10666455902971686,23.219362042955833,8.781230858180448,22.16289063008035,22.165241988991482,19.582494672903664,10.37880645674651,0.32284880307604524
1645814077.1793802,-19.848436758618274,12.806526419809394,9.160462836039034,-0.18895773095974794,23.288821343019432,8.799999999999997,22.279443944948458,22.282359748291153,19.659479027658527,10.482294923210038,0.36046283603903717
1645814077.2797103,-19.954961759978342,12.777963968715106,9.193108228095895,-0.2736110963267047,23.356690598456453,8.799999999999997,22.344239102113537,22.347696864138285,19.68135066365164,10.578726629741347,0.3931082280958975
1645814077.379167,-20.06979814441842,12.743978214805862,9.225354548568937,-0.35121950238346955,23.422396574965948,8.834883000824517,22.424338615368814,22.427737968112584,19.718578642034952,10.678418360160085,0.3904715477444203
1645814077.4832366,-20.10510900827199,12.734696261706537,9.23129551707753,-0.42955440239839726,23.490433748041994,8.887270571319862,22.423499680551103,22.4261385683532,19.675554605873593,10.755737486335457,0.34402494575766873
1645814077.579775,-20.211939451104286,12.706374002125415,9.26521902737839,-0.505269038020292,23.558900017068694,8.934989971888498,22.497337168539318,22.499760685483533,19.706670413083994,10.85252601494328,0.330229055489891
1645814077.6802952,-20.322367797899737,12.67319206656644,9.296083040288922,-0.5852329242958652,23.63216807777179,8.984353336088672,22.57550992188226,22.57766204994408,19.73713487360387,10.958976011205351,0.3117297042002498
1645814077.779109,-20.536309799297836,12.614379017653562,9.361931649902644,-0.6608384229816232,23.68992997591593,9.0,22.753069934842454,22.755948364747027,19.875471376316213,11.075550958262369,0.3619316499026439
1645814077.8792205,-20.64108701882951,12.584250525941442,9.393687991672925,-0.735989952425153,23.741573978447402,9.0,22.818824593892185,22.82222044590767,19.905097066404355,11.15732345250596,0.393687991672925
1645814077.979275,-20.747819541995753,12.548793188925575,9.424030103835234,-0.818220057609884,23.803310879473113,9.028181121998152,22.887837470038118,22.891260351306617,19.929599484385868,11.254517690547537,0.39584898183708184
1645814078.079494,-20.836401620314895,12.51700923367175,9.449099721266325,-0.907357426120956,23.874775100726897,9.083207466897058,22.938300895772077,22.941218911095056,19.92904419419394,11.357765867055146,0.36589225436926753
1645814078.180616,-20.9418875404537,12.477406315711201,9.483803271840394,-0.9914074253562376,23.942160618780502,9.099999999999994,23.010046676455165,23.013247337221244,19.950480115097463,11.4647543030693,0.3838032718403994
1645814078.2815995,-21.04349153617711,12.439452301273858,9.51581764950065,-1.0727919836360573,24.007409169369048,9.099999999999994,23.079134878066252,23.082880475313527,19.970699552541053,11.56795686809519,0.41581764950065647
1645814078.3794205,-21.143659332991554,12.402834553128763,9.545463163571748,-1.1521930273582324,24.064694515493414,9.134349557935705,23.14428013205587,23.147931165177916,19.99146630563332,11.661859962364652,0.41111360563604293
1645814078.4794693,-21.241794132948954,12.365890523284904,9.577764763563449,-1.233651756100186,24.120672814598038,9.184635719370062,23.205617166721083,23.208946950126986,20.008142376848767,11.754782291313134,0.3931290441933868
1645814078.5797849,-21.338933195493762,12.327219153471514,9.609408712334233,-1.3149204395823764,24.176520514649816,9.234804561926994,23.26729527893012,23.270310652555246,20.024012755911386,11.849301361178302,0.3746041504072384
1645814078.6792676,-21.422730733507215,12.293872677820165,9.63210572325833,-1.3953374367492284,24.231782937204635,9.28444764087079,23.315449462194454,23.31804129352191,20.027393296757985,11.93791025938447,0.34765808238754126
1645814078.7794368,-21.52243693473562,12.249328665783565,9.660309163846778,-1.4753306134588642,24.28047771658166,9.299999999999997,23.380227101957207,23.383003272305427,20.047106321276754,12.031149050798096,0.3603091638467806
1645814078.879581,-21.620272121370988,12.206102356929765,9.685450879180616,-1.55486187236139,24.326022503863683,9.299999999999997,23.44169688459251,23.444865647074526,20.0654102490096,12.119920146933918,0.3854508791806186
1645814078.979614,-21.752262098326113,12.15696513777704,9.716661284089493,-1.6345666656443547,24.377627605026245,9.299999999999997,23.538612122650264,23.54229953267601,20.11769543268176,12.220662467249205,0.4166612840894963
1645814079.0790877,-21.841586020073166,12.118719696398802,9.73218456193084,-1.713964829992117,24.432189887981487,9.299999999999997,23.595395375589597,23.599353093378774,20.127621190081047,12.313470191582685,0.43218456193084265
1645814079.1791422,-21.93621491973786,12.07893883281248,9.743827502494092,-1.795194584120116,24.48801083594429,9.331287745063708,23.656833434309785,23.66043019875459,20.141020335617746,12.409072003131811,0.41253975743038396
1645814079.279104,-22.03102324400232,12.044391426689103,9.749777632532794,-1.8771956295785854,24.544361813768795,9.381908689846345,23.71552291622046,23.71837588766927,20.153827614423733,12.499970387079692,0.36786894268644943
1645814079.3803983,-22.11752077661327,12.008056359080747,9.751981919517405,-1.9568643952658429,24.595745280784726,9.399999999999991,23.7676666527523,23.77027280844755,20.160656381347426,12.587688921703979,0.35198191951741364
1645814079.479473,-22.204209190377885,11.973990243012308,9.752123799541911,-2.0329621416037766,24.642955359264413,9.399999999999991,23.819779273106015,23.82238182444599,20.17124704877411,12.668965116252105,0.3521237995419195
1645814079.5793228,-22.29421535920226,11.935285023643818,9.754495981973726,-2.1080439174548973,24.689535142790742,9.399999999999991,23.877864510407463,23.88049582773799,20.186171441747362,12.754250119146924,0.35449598197373433
1645814079.679243,-22.378891815523044,11.901197020980803,9.75308665350968,-2.1824851533114065,24.735717543531884,9.399999999999991,23.9294746935492,23.932079502084605,20.196406662211636,12.834520522551081,0.3530866535096884
1645814079.7790887,-22.460751649309987,11.859783146949262,9.756096650783725,-2.259571594682526,24.78096349281978,9.399999999999991,23.98008709596337,23.982730911109527,20.20118005462746,12.921180345870518,0.35609665078373354
1645814079.879379,-22.547123554217247,11.818215436973773,9.75751862949548,-2.3382213809014987,24.826003491485675,9.399999999999991,24.033357591517433,24.03601665609726,20.20890217331575,13.007788054511902,0.3575186294954893
1645814079.9809785,-22.632152177965228,11.77990432356036,9.756408009640063,-2.416090557598038,24.86689022651588,9.399999999999991,24.08232437832029,24.084961576302657,20.21606162036719,13.08698590295552,0.3564080096400719
1645814080.0794566,-22.715550188441565,11.733340618831434,9.757470409314521,-2.490546907466706,24.90384364802722,9.399999999999991,24.13530417785322,24.137951297718594,20.22500328097486,13.170503029195785,0.35747040931453
1645814080.1790903,-22.797520333852066,11.690830417530993,9.75867997899755,-2.560473365791046,24.94050667178091,9.399999999999991,24.18867484650496,24.19133403012896,20.23704696806102,13.249676254249916,0.358679978997559
1645814080.2804184,-22.89084779000808,11.646486877771185,9.759409623263846,-2.628600744519595,24.977392807418454,9.399999999999991,24.254313188328208,24.256975976300225,20.262247045488486,13.330905929647269,0.35940962326385417
1645814080.3789876,-22.96305501242646,11.604050936804725,9.759040486667606,-2.701884240641263,25.014916869821562,9.399999999999991,24.297455959766534,24.30010856329372,20.261170771785196,13.410865933016836,0.3590404866676149
1645814080.4790921,-23.053697640499003,11.562639885498129,9.759461356787751,-2.7807763627566815,25.054071808891198,9.399999999999991,24.35179813642284,24.35445102941371,20.27292127774232,13.491431923393069,0.3594613567877598
1645814080.579071,-23.132355002157325,11.520553565948067,9.759277005003513,-2.851936643218954,25.09809869752073,9.399999999999991,24.40584152643496,24.408485831361627,20.28041835893837,13.577545131572663,0.35927700500352167
1645814080.6822815,-23.180071781960393,11.50469032229758,9.751771298747354,-2.9221680946637827,25.145630374116703,9.399999999999991,24.422487737761454,24.425020989709118,20.25790368729661,13.640940051819122,0.35177129874736224
1645814080.7789917,-23.25114894764961,11.468649099102638,9.749962659999117,-2.982811614295795,25.183256892525918,9.399999999999991,24.472351035118198,24.474853197709773,20.268337333353816,13.71460779342328,0.34996265999912524
1645814080.8789818,-23.326149088436644,11.433155974673774,9.746163970799092,-3.043411134601293,25.21934826073711,9.399999999999991,24.52444814164562,24.52689108197255,20.28273795383535,13.786192286063336,0.34616397079910044
1645814080.978969,-23.427581462845154,11.394325268897589,9.742207932223186,-3.101214289519235,25.256147112775484,9.399999999999991,24.603075159342826,24.60545495545954,20.32636717332592,13.861821843877895,0.3422079322231948
1645814081.0791428,-23.46741435659093,11.393051347665034,9.73423183232997,-3.1575356591832016,25.293417582368942,9.399999999999991,24.611203834073468,24.613473242922367,20.309878697407726,13.900366234703908,0.3342318323299782
1645814081.1789482,-23.525870822994133,11.379890010799397,9.728315336982146,-3.21026026489253,25.33711418625828,9.399999999999991,24.64808591011609,24.650272412145082,20.315610558101604,13.957224175458883,0.3283153369821541
1645814081.2800238,-23.59192564020367,11.365357310950037,9.722317162586899,-3.2617596735615635,25.385038557956626,9.399999999999991,24.695487654607696,24.697590952402205,20.330165966642106,14.01968124700659,0.32231716258690746
1645814081.3792634,-23.666201327392308,11.346403147302905,9.716399912116326,-3.3069223001002137,25.43101873946577,9.399999999999991,24.756345426781657,24.75836722795993,20.359279027292093,14.084615592162866,0.316399912116335
1645814081.4790647,-23.73401454025248,11.337580703295732,9.710501578950758,-3.3499550752795724,25.476785006406836,9.399999999999991,24.807800760983774,24.80974384848014,20.384059464972907,14.139204303111104,0.3105015789507668
1645814081.5790963,-23.80299289672046,11.337529011152814,9.705445571266027,-3.395172100616565,25.52487426940824,9.364738381869161,24.854776505187758,24.857111588270673,20.407820796103895,14.187345258255426,0.3407071893968663
1645814081.6793058,-23.862191158882467,11.33930121467099,9.701141200226017,-3.4415228651567404,25.57416928794021,9.311599419441134,24.892472007130078,24.895519786193088,20.420668293725726,14.234868073269222,0.38954178078488333
1645814081.779011,-23.934401782132166,11.332947679691744,9.698376789703104,-3.4774090243513918,25.61690253511201,9.299999999999997,24.95034907578608,24.953529270829677,20.456992757780775,14.283954855420268,0.3983767897031072
1645814081.8790255,-24.022053168032738,11.326689059821607,9.696952759862393,-3.510522067076271,25.657988360641813,9.299999999999997,25.02217112392916,25.025319563369347,20.511531100956468,14.331299300820206,0.39695275986239587
1645814081.9790218,-24.09088927052136,11.327461719156538,9.694601094691317,-3.5434810034703697,25.708205298055727,9.299999999999997,25.079907742552116,25.08301182870305,20.54740826705099,14.380743578899189,0.39460109469131943
1645814082.0790296,-24.161329671459477,11.330047226984526,9.692950420236558,-3.5763071166162588,25.766856224774397,9.299999999999997,25.14288383662603,25.145954299943256,20.585022554843217,14.436808997789871,0.392950420236561
1645814082.1789458,-24.230300638557953,11.338103749011566,9.69478268188689,-3.60888197750905,25.82505823487881,9.299999999999997,25.201483247417105,25.204575204429904,20.621418661048903,14.486954485867244,0.3947826818868929
1645814082.2792387,-24.295563817967594,11.352888798976167,9.701702429671656,-3.6414446246042402,25.883238422212404,9.299999999999997,25.253191874041228,25.256386611491873,20.654119193363353,14.530349623236237,0.4017024296716585
1645814082.378963,-24.36501564107652,11.362344297057636,9.712690790215518,-3.67285323581818,25.939356676322273,9.299999999999997,25.31116107393774,25.31452524933363,20.69216240525834,14.577012379264637,0.412690790215521
1645814082.4789624,-24.424650659373746,11.381230016702197,9.726876955255523,-3.7039407056839613,25.99490114245565,9.299999999999997,25.35561485660758,25.359207966566053,20.720709953689784,14.613671125753452,0.42687695525552627
1645814082.5790682,-24.498000193168473,11.394995579028109,9.740148163379535,-3.730604445879512,26.05669834688728,9.33468318184827,25.421452637045842,25.42468595732921,20.767395747288962,14.661702767859172,0.4054649815312654
1645814082.678965,-24.57010183283815,11.410172214366547,9.754293249412067,-3.75529469111996,26.121031912571162,9.384219032261107,25.488538392916595,25.491224849610173,20.81480714171819,14.710859698204615,0.37007421715095923
1645814082.7799244,-24.644313973125637,11.428186372606778,9.768337731005028,-3.7802303204968277,26.19235882518125,9.399999999999991,25.559553495185547,25.562207407759868,20.86408365262881,14.76417245257447,0.3683377310050364
1645814082.8790832,-24.71551970898654,11.453498628886107,9.78302504692666,-3.804713466897437,26.265266189442084,9.399999999999991,25.625188310764294,25.628050728619687,20.910806242089105,14.811767560555976,0.3830250469266687
1645814082.9792073,-24.79186683816677,11.47729085108724,9.793969011499177,-3.8249729680139137,26.3374771511335,9.399999999999991,25.698945025707495,25.70196465285013,20.966893870152855,14.860186300046259,0.39396901149918584
1645814083.0791075,-24.86377231569498,11.506416218097993,9.805081355190445,-3.8429409810526325,26.408818769471882,9.399999999999991,25.767362142886814,25.77054603043947,21.02083133464235,14.90240255137389,0.40508135519045396
1645814083.1788592,-24.962538760648535,11.532133854136465,9.81668560913438,-3.861802155169534,26.483706664707068,9.399999999999991,25.860986346301555,25.864343055652025,21.100736605479,14.951572810570603,0.41668560913438846
1645814083.2790332,-25.035601012036395,11.559039117706059,9.828407064721532,-3.8813983978558033,26.561513133967782,9.399999999999991,25.934041621976572,25.937579830499153,21.15420261418059,15.002474016261724,0.4284070647215401
1645814083.3793252,-25.108001105969652,11.594770931438621,9.843239157753928,-3.901139677091589,26.64653177039741,9.435768949886674,26.005508570624983,26.00870062089125,21.206861428878064,15.051760838958788,0.4074702078672541
1645814083.479909,-25.17186982778254,11.63274317982679,9.86405871135309,-3.920997199853727,26.73523113202761,9.488888944850162,26.070763889744867,26.073463179035553,21.250872627928814,15.102487952200821,0.3751697665029283
1645814083.5788112,-25.24214332247543,11.665221857932021,9.888999426062302,-3.9344825448599288,26.816308838278964,9.5,26.145206912548478,26.148100601256864,21.307660777615503,15.151086980346943,0.388999426062302
1645814083.6789324,-25.323557255786625,11.701874513496445,9.9200523827966,-3.946481898770502,26.89670670937548,9.5,26.22712863201895,26.230492185331965,21.377075357016125,15.194832195879034,0.42005238279659984
1645814083.7789166,-25.415778672894454,11.740994254243022,9.956087097123175,-3.958068952452143,26.97434209309549,9.532086965356532,26.31517039325863,26.318585998073182,21.45770972044231,15.233347838852469,0.4240001317666433
1645814083.8789158,-25.49418548989348,11.779964835702614,9.994359434171907,-3.9694883596547346,27.050854214561856,9.577908304227982,26.391526082624775,26.394811621102647,21.524697130238742,15.270889378859241,0.4164511299439244
1645814083.9788718,-25.580193859807988,11.819097521334903,10.0335927292752,-3.98517269675756,27.133209018747625,9.627228690437354,26.473891855709173,26.47701043773343,21.59502116305043,15.314111497412721,0.40636403883784666
1645814084.0790691,-25.670744283804403,11.862005593177262,10.073087299036333,-4.004882941565124,27.22125052126681,9.679954708553938,26.55778515731654,26.56069475175456,21.66586134223928,15.359244928089549,0.393132590482395
1645814084.1790748,-25.7660668364079,11.906817516021654,10.11644714638464,-4.020304114632808,27.31374141211286,9.731810826272252,26.65054408997478,26.653319594197626,21.745762721775094,15.406923896091207,0.3846363201123886
1645814084.280135,-25.846663999135206,11.952008832589982,10.158742375977207,-4.033244595402562,27.41007873787214,9.783735601699803,26.73531730276882,26.737947216652284,21.813419403732645,15.458069905282159,0.3750067742774039
1645814084.3788972,-25.934840460958473,11.99940297036634,10.199458328049278,-4.041435483960124,27.50185956203757,9.799999999999997,26.826243528744513,26.82921744701762,21.893404976998347,15.50245659167123,0.39945832804928116
1645814084.479273,-26.02788344088359,12.049611053454488,10.238447231632133,-4.047624229936941,27.594005634561473,9.799999999999997,26.921366939172184,26.924937025896256,21.98025921094665,15.544394581106985,0.4384472316321357
1645814084.5795684,-26.09896914776986,12.100851076212034,10.276175520337086,-4.058155318572822,27.694547506227497,9.833691988179918,26.999274853314123,27.002900479041706,22.040813829197038,15.593696430015463,0.4424835321571674
1645814084.680577,-26.187477743862814,12.150685221841155,10.315204596167115,-4.071069225371624,27.8003009454693,9.885510132193067,27.09328326456613,27.09669048770327,22.11640851849119,15.649615723628145,0.4296944639740481
1645814084.7790089,-26.282056584719165,12.208682736084446,10.355310322887531,-4.083090200511879,27.898742067853057,9.933745313071352,27.184040729103984,27.187309308187995,22.198966384207285,15.69005933176861,0.42156500981617917
1645814084.8792143,-26.372006557030144,12.262817629052611,10.391057696337857,-4.095096929076776,27.99706652393816,9.981923328667897,27.27319729804719,27.276265906260285,22.276909627953366,15.734248894885548,0.40913436766996014
1645814084.978983,-26.464269135976053,12.314538522319593,10.427324760826323,-4.103512967851225,28.098014400888136,10.031386794542179,27.370084530736978,27.372948217041454,22.36075616812483,15.783475878568543,0.39593796628414424
1645814085.0792077,-26.55085647914148,12.366229385517784,10.466894592854922,-4.109817892976713,28.201277888968622,10.081984887001564,27.465414140922334,27.46811113662599,22.441038586164765,15.835048503450839,0.3849097058533584
1645814085.1829374,-26.64958322944959,12.42093338423929,10.506646359789997,-4.121092732144469,28.31199195823187,10.099999999999994,27.56916079044174,27.572159653374282,22.52849049730512,15.89105857399258,0.4066463597900025
1645814085.2788038,-26.73950512426068,12.4710909903961,10.545199448346468,-4.133814759892475,28.416174080506828,10.099999999999994,27.663385758077855,27.666967924747965,22.605690364368208,15.945083090110728,0.4451994483464734
1645814085.3787913,-26.83056461456164,12.518251827898581,10.585560735930192,-4.146191015407423,28.517524634615548,10.136942678845056,27.758918133273095,27.76254300475554,22.68437359915422,15.999272806716966,0.44861805708513636
1645814085.4792206,-26.92113032743521,12.572681292139766,10.621548713104573,-4.158340567042985,28.6170186849547,10.185693784112848,27.848974129225958,27.85238462985572,22.762789760392227,16.044337392814935,0.4358549289917253
1645814085.5812397,-27.02039643480013,12.62288871068981,10.660112946205933,-4.1708864282993705,28.719758159817307,10.236035115310191,27.950121888811726,27.953338899066953,22.849510006500758,16.096869449127496,0.424077830895742
1645814085.6789837,-27.148506145658203,12.678704365951127,10.707504556590353,-4.182985951640574,28.818842523188508,10.284585477808381,28.069898067441244,28.073083871632974,22.96552019401763,16.14013815723738,0.42291907878197144
1645814085.779611,-27.249417234958926,12.734038547165682,10.739625104336831,-4.1948558853657305,28.92202360463756,10.299999999999997,28.170261966177904,28.173692151996203,23.054561349593197,16.187985057471877,0.43962510433683377
1645814085.8787436,-27.34571160323786,12.781335338195296,10.774260935166279,-4.206291827497969,29.02418748303505,10.299999999999997,28.271239685536035,28.275217360643797,23.13941977573989,16.242852144839752,0.4742609351662814
1645814085.9791033,-27.448578762498784,12.833780186025571,10.806802426141946,-4.218781514385444,29.130529678073643,10.32821820598141,28.376178815954468,28.380214358788937,23.22979724811334,16.29674949204807,0.4785842201605366
1645814086.0789104,-27.546161229944587,12.873352064756542,10.838568445074426,-4.232011313209934,29.238869994630505,10.381303894615096,28.484728600655558,28.488398591744524,23.314149916734653,16.365517929873963,0.45726455045933
1645814086.1789825,-27.642655208975214,12.919409693222383,10.869202109603217,-4.2489238226725305,29.350002343824332,10.432777847327209,28.58725315633697,28.59058427456846,23.393731386302683,16.43059265060195,0.4364242622760077
1645814086.2792127,-27.74395933165103,12.973713652538347,10.894472707400695,-4.267841090470104,29.46266826425141,10.483382606434713,28.688216254431737,28.691161477572734,23.476118241180927,16.488954611713062,0.411090100965982
1645814086.3792896,-27.873989217907692,13.032096094499003,10.93038682945711,-4.286704114045295,29.57501112243437,10.5,28.81020749998824,28.81342202889738,23.587285103862396,16.542915027935365,0.4303868294571096
1645814086.4786444,-27.972649878678215,13.075002981999333,10.954456347186541,-4.305418705682308,29.68646996230103,10.5,28.91502492880964,28.918596044849426,23.66723117299591,16.611466980301696,0.45445634718654127
1645814086.5790935,-28.082565206817854,13.126167865136786,10.977842547237952,-4.3242251765352915,29.798476008644553,10.534213221058245,29.02455132860114,29.027941484122653,23.75834003028256,16.672308143507767,0.44362932617970685
1645814086.679036,-28.176518377859253,13.167275651279068,10.99355598128311,-4.342883788456659,29.909601448687624,10.58412606180686,29.126407448357575,29.129284984473994,23.833634589402592,16.742325797408554,0.40942991947625096
1645814086.7795331,-28.287613764745572,13.211817850416967,11.017378380995327,-4.361277532110657,30.01914940815659,10.599999999999994,29.239629949930773,29.242608712661237,23.926336232634917,16.807331557739623,0.4173783809953324
1645814086.8786283,-28.401658729705282,13.261951768217838,11.040155309442884,-4.379246587544514,30.126168044256364,10.599999999999994,29.350946760417045,29.354246923218223,24.022412142160768,16.864216276038526,0.44015530944288983
1645814086.9787297,-28.51704214166405,13.309033864145785,11.059107995524641,-4.402172108947525,30.238924998550125,10.599999999999994,29.46435423554353,29.467930885441323,24.114870032716524,16.92989113440434,0.4591079955246471
1645814087.078646,-28.625077936745967,13.359982398254282,11.06714816087371,-4.428014254205387,30.35435640573658,10.599999999999994,29.56867664883084,29.57236659733749,24.19706368254058,16.9943740074823,0.467148160873716
1645814087.1789095,-28.749421010120557,13.412909097135644,11.077822107665632,-4.4531432937043345,30.466602518960286,10.599999999999994,29.683961497731538,29.687806994882298,24.29627771641622,17.05369342182464,0.47782210766563793
1645814087.2787738,-28.850208986955234,13.4516069974905,11.083096807943331,-4.477813566366981,30.57679941709853,10.599999999999994,29.78734419088267,29.791261411225218,24.372395420588255,17.12519241960803,0.48309680794333687
1645814087.378988,-28.95314967614423,13.490727894201214,11.085333449671735,-4.507051856404475,30.68849254193607,10.633970948723727,29.88937616430232,29.892784005482422,24.446097819739755,17.197764647734857,0.451362500948008
1645814087.478786,-29.064660148524702,13.52838483033544,11.0870905282593,-4.538328254932839,30.800256597368122,10.684170628277025,29.99764174883489,30.000347580273864,24.526331893591863,17.271871767032682,0.4029198999822743
1645814087.5786424,-29.16896017267627,13.563534146843601,11.088827448747647,-4.565249739887308,30.90534862831964,10.700000000000003,30.10118098298571,30.103692188091483,24.603710432788965,17.34181448147604,0.3888274487476444
1645814087.6787565,-29.32576987356622,13.61550369481811,11.101232696458675,-4.590223133346953,31.007603598304318,10.700000000000003,30.237930014973198,30.240591913306268,24.735546740219267,17.39209990348621,0.4012326964586723
1645814087.7788546,-29.394986584917582,13.635073184774084,11.099956908138745,-4.616759244172834,31.089770332062322,10.700000000000003,30.308860134508237,30.31149894316595,24.77822734074475,17.454697147288236,0.3999569081387424
1645814087.8787124,-29.50260738887332,13.664282330686058,11.107424368273923,-4.643943091329223,31.16262503559126,10.700000000000003,30.399756381857777,30.40248645575171,24.858664297544095,17.498342704905205,0.4074243682739205
1645814087.978614,-29.573880255605008,13.680595193576497,11.11169952293294,-4.674189606835097,31.243687914714382,10.700000000000003,30.470589432036366,30.473370618179235,24.899690648769912,17.563092721137885,0.41169952293293655
1645814088.0786219,-29.653937940239082,13.699248836025088,11.118097090133578,-4.709103751354627,31.33726038161592,10.700000000000003,30.550682545457708,30.553543316121495,24.944834188884457,17.63801154559083,0.41809709013357477
1645814088.1789477,-29.720379712581497,13.7105966733101,11.123498775466695,-4.73863001188192,31.415202653215694,10.700000000000003,30.619289524940193,30.622218114057873,24.981749700699577,17.704605979905594,0.4234987754666921
1645814088.2790625,-29.752483414889696,13.714012470079279,11.128296237146827,-4.764636874925688,31.482966833585884,10.700000000000003,30.6615103000027,30.664501488593057,24.987846539964007,17.768954363506605,0.4282962371468244
1645814088.3789008,-29.814743787070235,13.719529297132707,11.133073245844791,-4.78966267346875,31.535386488546436,10.700000000000003,30.71904054828506,30.722093103228634,25.025081113601484,17.815857191413727,0.43307324584478835
1645814088.478714,-29.86769028728365,13.718931289880832,11.136703632345675,-4.814287779942786,31.58121780205564,10.700000000000003,30.76904705443208,30.772145955398678,25.053402507340863,17.86228651217481,0.43670363234567233
1645814088.5793872,-29.923078456088625,13.718505686215043,11.137343388803414,-4.839357694170954,31.627876974603655,10.700000000000003,30.821074400598334,30.824177141441233,25.08372076191767,17.909371288388613,0.43734338880341106
1645814088.6787348,-29.974974308141277,13.723152099957455,11.136851662792,-4.864207395904745,31.67412629589133,10.700000000000003,30.867265662895324,30.87035679869996,25.11076691223653,17.950974195933874,0.4368516627919963
1645814088.7785535,-30.016086289909623,13.725470171271366,11.136330570494406,-4.889239694433108,31.70800862704989,10.700000000000003,30.898707240694765,30.901787869197975,25.126846595476515,17.982538455778524,0.4363305704944036
1645814088.8786814,-30.054209068508428,13.724871470028003,11.134949505493015,-4.914379964547588,31.736082696425374,10.700000000000003,30.92595572036957,30.92901418232705,25.13982910396084,18.01121122639737,0.43494950549301237
1645814088.978795,-30.084014140760523,13.712733934266188,11.131250913575316,-4.938608335375974,31.756961675172526,10.700000000000003,30.94972678204382,30.952731143367952,25.14540580538455,18.044227740906337,0.43125091357531353
1645814089.0797439,-30.11125093708025,13.69610124774709,11.126729178185986,-4.962639315291225,31.774851894103353,10.700000000000003,30.97246989564618,30.97540942793532,25.148611621789023,18.078750646356262,0.4267291781859832
1645814089.178616,-30.157954415211734,13.694708275099712,11.12703979263184,-4.987487368682717,31.78753250830615,10.700000000000003,30.998430606630798,31.00137195445705,25.170467046529016,18.092824233206436,0.42703979263183633
1645814089.2815552,-30.17702769494781,13.672445795048452,11.11985830249287,-5.0142365446967325,31.79748941844459,10.700000000000003,31.011018442179015,31.013860543559215,25.162791150251078,18.125043623396138,0.4198583024928677
1645814089.3790383,-30.187921142873357,13.649658620022157,11.115003670822277,-5.034531218942679,31.793900023789636,10.700000000000003,31.01461785647999,31.01739429465801,25.15338992393068,18.14424140376748,0.41500367082227463
1645814089.478519,-30.19542044899137,13.629438298969697,11.111462512571551,-5.053094439799156,31.784686913980142,10.700000000000003,31.012088117786295,31.014817601020866,25.142326009192214,18.155248615010443,0.4114625125715481
1645814089.5785794,-30.202437792398968,13.612669097888915,11.108226645789122,-5.075445191801181,31.775624166579654,10.700000000000003,31.00417220274998,31.006859611577998,25.126992600597788,18.16295506869074,0.40822664578911905
1645814089.6792173,-30.195785877503596,13.594257418442206,11.107162245324716,-5.099672350831018,31.76660603289047,10.700000000000003,30.984660209669524,30.987335306584463,25.09611352667258,18.17234861444826,0.407162245324713
1645814089.7785332,-30.185655396840794,13.565396631807142,11.103268432322464,-5.115703050053746,31.753071430705376,10.700000000000003,30.972472056015345,30.975097266823216,25.069952346787048,18.187674798898236,0.4032684323224611
1645814089.878526,-30.177985286149422,13.537149686114098,11.097074273300471,-5.126834270673459,31.73649782693962,10.700000000000003,30.964115358768957,30.966661233166047,25.051151015475963,18.19934814082552,0.3970742733004684
1645814089.9784842,-30.155378753236988,13.51025095681282,11.091504719575294,-5.1389674529347715,31.718432372674062,10.679457766574025,30.941213693370255,30.943957205087404,25.016411300302217,18.20818141586124,0.41204695300126915
1645814090.0784407,-30.134503373434445,13.480540018984351,11.082701540430431,-5.152815303226969,31.69781389816138,10.623892094063818,30.918502654981403,30.921906676887946,24.981688070207476,18.21727387917703,0.45880944636661347
1645814090.1785524,-30.124630674259052,13.451781825344868,11.072046388266912,-5.166285912498597,31.666565838925152,10.599999999999994,30.898176805570184,30.901782435661396,24.958344761760454,18.214784013580285,0.4720463882669179
1645814090.2794693,-30.10135713905062,13.429080713143781,11.065929997262291,-5.1795624812750845,31.627030085843227,10.599999999999994,30.858729888568995,30.862247181597297,24.921794657775536,18.197949372699448,0.4659299972622968
1645814090.3786616,-30.071190754008555,13.402039559889772,11.059334223829584,-5.183691185646417,31.595867937937086,10.599999999999994,30.828607263628783,30.83202902412111,24.887499568362138,18.193828378047314,0.45933422382958966
1645814090.4786348,-30.037233216484985,13.375948675966372,11.05527789049757,-5.183691185646417,31.56805123300061,10.599999999999994,30.800180956031912,30.803545654386717,24.853542030838568,18.19210255703424,0.45527789049757494
1645814090.5794203,-29.99609875778004,13.359675612363263,11.05705248877638,-5.183691185646417,31.532796659328618,10.599999999999994,30.75577828820674,30.759174161391684,24.812407572133623,18.173121046965356,0.4570524887763856
1645814090.678642,-29.960554649366415,13.340548050861294,11.056271254347859,-5.183691185646417,31.494746886228683,10.599999999999994,30.715922555799583,30.719311221305432,24.776863463719998,18.15419883536739,0.45627125434786464
1645814090.778746,-29.922426553852077,13.319240296571829,11.056683527983722,-5.183691185646417,31.45939757408127,10.599999999999994,30.676869685006782,30.680268797968832,24.73873536820566,18.140157277509438,0.4566835279837278
1645814090.88111,-29.889804297295434,13.299863356964467,11.056593018266618,-5.183691185646417,31.42432765891646,10.599999999999994,30.64128312127819,30.644684832816562,24.706113111649017,18.124464301951996,0.4565930182666236
1645814090.9788673,-29.866592966029,13.280535933285364,11.064271576121206,-5.179990904561967,31.38310236136435,10.599999999999994,30.612599246457997,30.616119622196326,24.686602061467035,18.102566428078987,0.4642715761212113
1645814091.0784714,-29.819720227238957,13.263363109161773,11.066237529860826,-5.173618037230265,31.335658606601417,10.599999999999994,30.562038834265103,30.565594958079565,24.64610219000869,18.072295497439644,0.4662375298608321
1645814091.1785247,-29.775951834240278,13.242481345762537,11.068582598728868,-5.163176174821798,31.2938990917907,10.599999999999994,30.522817830313166,30.526414430036077,24.61277565941848,18.051417746028164,0.4685825987288741
1645814091.2792919,-29.736171747482956,13.223375381967058,11.070859547235587,-5.150239379550021,31.255375135970613,10.599999999999994,30.48968818353111,30.493323765083066,24.585932367932934,18.031999754003557,0.47085954723559276
1645814091.379001,-29.703050678837613,13.214269209114473,11.078110870427512,-5.1377823159200755,31.21827975374145,10.599999999999994,30.456473949444582,30.460226450859118,24.565268362917536,18.004010544626976,0.47811087042751765
1645814091.478701,-29.66042603193506,13.204724376436241,11.078761199591861,-5.125478722945398,31.181641385646763,10.599999999999994,30.416002114198733,30.419769836360963,24.53494730898966,17.976917009210524,0.478761199591867
1645814091.579714,-29.619797422508327,13.194719145732048,11.081838673015499,-5.117168787485694,31.138052787515278,10.599999999999994,30.37008449455123,30.37390657641842,24.50262863502263,17.94333364178323,0.4818386730155044
1645814091.6786592,-29.57827300035987,13.178302353411304,11.082822261786225,-5.111017824381538,31.09226103359368,10.599999999999994,30.32418987280155,30.328033381315652,24.467255175978334,17.913958680182375,0.48282226178623056
1645814091.7788038,-29.5368948298517,13.166812091001802,11.080123594452282,-5.097994095852637,31.05498792059165,10.599999999999994,30.286081020768968,30.289886468300477,24.438900733999063,17.888175829589848,0.48012359445228725
1645814091.8789275,-29.483841280129557,13.149205305468486,11.077945716477748,-5.081534660648597,31.02231199972434,10.599999999999994,30.247652987552897,30.25142878218014,24.40230661948096,17.873106694255853,0.47794571647775363
1645814091.9790776,-29.429823813181358,13.126600022880528,11.076865697115302,-5.066043350249231,30.982002909218725,10.599999999999994,30.20611214107846,30.20987606019748,24.363780462932127,17.855402886338197,0.4768656971153078
1645814092.07846,-29.376059524500647,13.109418277147785,11.074772081117501,-5.052160200786528,30.930325327544818,10.599999999999994,30.15355379402353,30.15729124006464,24.32389932371412,17.820907050397032,0.4747720811175071
1645814092.1785333,-29.320944288071814,13.088098520850446,11.07259211195309,-5.038794024910869,30.88057208935572,10.599999999999994,30.10307188791014,30.106781302440254,24.282150263160943,17.792473568505272,0.47259211195309625
1645814092.2784553,-29.270911726584153,13.068143754452285,11.071688075154839,-5.025849904831196,30.83238987978521,10.599999999999994,30.056471235692797,30.06017220147403,24.245061821752955,17.764246125332924,0.47168807515484446
1645814092.378465,-29.221521046618548,13.052154553219916,11.069359673748046,-5.012864984667441,30.777477818699992,10.599999999999994,30.00410160614064,30.00777252138106,24.208656061951107,17.72532326548008,0.4693596737480519
1645814092.478447,-29.168993049543282,13.034319803760768,11.06603885731655,-4.9998697914535475,30.719431034307974,10.599999999999994,29.948450348917238,29.95207623050679,24.169123258089733,17.685111230547207,0.4660388573165548
1645814092.5788577,-29.114807140848935,13.017624653998267,11.064574705320398,-4.987567179270981,30.671335920750145,10.599999999999994,29.896107265886748,29.89971670953138,24.127239961577956,17.653711266751877,0.4645747053204037
1645814092.678635,-29.06213059185942,12.993133098506746,11.061806892476044,-4.97557290335628,30.626689338584733,10.599999999999994,29.85137462418746,29.854946534192983,24.08655768850314,17.633556240077986,0.46180689247604967
1645814092.7783892,-29.009354771258838,12.967141259332758,11.058811129607719,-4.963523276194279,30.581836721402667,10.599999999999994,29.807373391671145,29.810904316426846,24.045831495064558,17.61469546206991,0.4588111296077244
1645814092.878833,-28.961761152022127,12.944942562391816,11.055532032932168,-4.951364098663089,30.536576322363818,10.599999999999994,29.76515991902175,29.76864549216115,24.01039705335904,17.591633759972,0.45553203293217415
1645814092.9786303,-28.933112485360212,12.940288274204736,11.053418192387758,-4.939144761741131,30.49689233756017,10.599999999999994,29.73120975270772,29.734666996902636,23.99396772361908,17.556604063355433,0.4534181923877636
1645814093.0802176,-28.884550879836933,12.92253348375664,11.051509299454642,-4.926624713392456,30.459609395828743,10.599999999999994,29.690592074638467,29.694024961094087,23.957926166444476,17.537075912072105,0.45150929945464746
1645814093.1785748,-28.83866231431727,12.90640162142882,11.050810362599394,-4.918102870355429,30.41676026915252,10.599999999999994,29.64465928433019,29.64808685340508,23.92055944396184,17.5103586477237,0.4508103625994
1645814093.2784357,-28.79735615647082,12.889704836269349,11.050537175235982,-4.911694061799622,30.36904894462332,10.599999999999994,29.598181095450123,29.60160988705396,23.885662094671197,17.47934410835397,0.45053717523598813
1645814093.3790243,-28.76196319112538,12.879880645125933,11.049814356665575,-4.901162907351044,30.3281279763069,10.599999999999994,29.55975515988299,29.563177401417654,23.860800283774335,17.448247331180966,0.44981435666558056
1645814093.4784226,-28.720295635603343,12.866782406754574,11.047844498759376,-4.888758671459766,30.291189908166192,10.599999999999994,29.52206176486648,29.52545843071129,23.831536964143577,17.42440750141162,0.44784449875938215
1645814093.5788343,-28.675430817589515,12.848082843307258,11.046609481753046,-4.876151187086832,30.247332869176404,10.599999999999994,29.481173863901134,29.484556507140464,23.79927963050268,17.399250025869144,0.44660948175305215
1645814093.6803,-28.63814959951232,12.83709164174104,11.04506702212691,-4.86337325306439,30.199769257964686,10.599999999999994,29.439812572917877,29.44317661161442,23.77477634644793,17.362677616223646,0.4450670221269153
1645814093.778542,-28.598434235081392,12.817805674524234,11.040316163575909,-4.856001871298025,30.164047786152704,10.599999999999994,29.403999897021844,29.407296514096068,23.742432363783365,17.34624211162847,0.44031616357591474
1645814093.8802214,-28.547971964729307,12.79596761871905,11.039996458708954,-4.85054922300734,30.13157334790102,10.599999999999994,29.361387409274926,29.364684018071856,23.697422741721965,17.33560572918197,0.43999645870895954
1645814093.9785373,-28.509509006388313,12.77897872165508,11.038609648004197,-4.844627735790809,30.096306636989212,10.599999999999994,29.324332075576546,29.327612076369427,23.664881270597505,17.317327915334133,0.43860964800420277
1645814094.0797312,-28.479345203185026,12.766770982608119,11.035946913321077,-4.837415300710538,30.053351404013966,10.599999999999994,29.287654603591072,29.290898960094815,23.641929902474487,17.286580421405848,0.43594691332108226
1645814094.17854,-28.444243382740044,12.7512624838184,11.027860024227712,-4.830641763820084,30.01918491001791,10.599999999999994,29.253774565589026,29.25690329707906,23.61360161891996,17.26792242619951,0.4278600242277175
1645814094.2784836,-28.41175730001363,12.737877606018237,11.026802542534492,-4.823952193273624,29.9893040103412,10.599999999999994,29.2232144490869,29.22633099018136,23.587805106740007,17.251426404322963,0.4268025425344977
1645814094.3789814,-28.390282656588575,12.727749122477835,11.023888078071149,-4.822328098048849,29.961443387236738,10.599999999999994,29.196724132761492,29.1998010470501,23.567954558539725,17.233694264758903,0.4238880780711547
1645814094.4788656,-28.36798727924458,12.715727412328818,11.02144687125135,-4.822328098048849,29.93444434364353,10.599999999999994,29.169886510539783,29.172930886406636,23.54565918119573,17.218716931314713,0.42144687125135505
1645814094.5788684,-28.353997379623365,12.698329945708043,11.018003052536457,-4.822328098048849,29.91356053571379,10.599999999999994,29.156536547478805,29.15953274653757,23.531669281574516,17.215230590005746,0.41800305253646286
1645814094.6788518,-28.361597645077424,12.69146303423128,11.009302655127888,-4.822328098048849,29.895289460925596,10.599999999999994,29.15594029571834,29.158813130698363,23.539269547028574,17.203826426694317,0.40930265512789354
1645814094.7784405,-28.356253121666498,12.680610469026803,11.008561473595396,-4.826416625100952,29.883195748631508,10.599999999999994,29.14759245387482,29.15045571401735,23.529836496565544,17.202585279604705,0.40856147359540174
1645814094.8814404,-28.348126943810307,12.666777608554018,11.006725404678969,-4.832728209297344,29.87379824395446,10.599999999999994,29.13855756193554,29.141396026014984,23.515398734512964,17.207020635400443,0.40672540467897456
1645814094.978594,-28.339095561624973,12.656112321614103,11.007134290926038,-4.842618450108777,29.864901200343887,10.599999999999994,29.124334349898856,29.127179912506914,23.496477111516196,17.208788878729784,0.40713429092604336
1645814095.0787504,-28.339865986869864,12.640885466581894,11.001990012182164,-4.854962879687593,29.855711206905415,10.599999999999994,29.118566228841775,29.121340889343312,23.48490310718227,17.21482574032352,0.40199001218216956
1645814095.1785452,-28.346177907540984,12.629880311016215,11.002903102886446,-4.867653292907979,29.85808992085104,10.599999999999994,29.121337957592758,29.12412497141585,23.478524614633002,17.228209609834824,0.4029031028864516
1645814095.2787356,-28.36976697750041,12.617132182711485,11.002296599104811,-4.880640478756615,29.867758423714708,10.599999999999994,29.14314961325864,29.145926163606955,23.489126498743797,17.250626241003225,0.4022965991048171
1645814095.3790078,-28.40744381392907,12.611278537789175,10.998466725340847,-4.897680141696432,29.87720591177402,10.599999999999994,29.16884015534297,29.171561695239294,23.509763672232637,17.265927373984844,0.39846672534085315
1645814095.478726,-28.439398594264382,12.604645596286504,10.998437646548755,-4.916407133586566,29.886500302632562,10.599999999999994,29.188929911018953,29.191649181034023,23.522991460677815,17.28185470634606,0.3984376465487607
1645814095.5788496,-28.46858966796189,12.592321179248508,10.99950853582547,-4.9437561771579785,29.908706403206764,10.599999999999994,29.210871058470154,29.213602911396716,23.52483349080391,17.316385223958257,0.3995085358254755
1645814095.6784298,-28.504596566350166,12.583599426108467,11.001279425911857,-4.974568521168215,29.936232850254324,10.599999999999994,29.236554286711577,29.239307990058403,23.53002804518195,17.352633424145857,0.40127942591186283
1645814095.7783582,-28.55432307290527,12.575838585537209,11.001898999968779,-5.002841495201162,29.961490731627517,10.599999999999994,29.273421136754592,29.27617987128728,23.55148157770411,17.385652146090308,0.4018989999687843
1645814095.8792784,-28.62349678096758,12.567954163264485,11.000345311150205,-5.030163872930239,29.9858993905147,10.599999999999994,29.326271049162838,29.32900356331811,23.593332908037343,17.417945227250215,0.4003453111502111
1645814095.9785182,-28.677569389058988,12.55750633275371,10.999289479236277,-5.066113609811714,30.021332052960744,10.599999999999994,29.36811285733413,29.370827105979547,23.611455779247272,17.463825720207033,0.3992894792362822
1645814096.078528,-28.739015029743488,12.543364207835648,10.997064659825746,-5.1168145657975135,30.075253592113402,10.599999999999994,29.417265340976215,29.419944943617466,23.622200463945973,17.531889384277754,0.3970646598257517
1645814096.1782212,-28.80847875599852,12.53265209394252,10.993477513963654,-5.162323253291796,30.123653044079305,10.599999999999994,29.471748921397605,29.47437546479816,23.646155502706726,17.591000950136785,0.39347751396365993
1645814096.2783146,-28.886536229786273,12.5249365713552,10.98993701468529,-5.205446333755493,30.169515352601046,10.599999999999994,29.531765592857504,29.53433984207035,23.68108989603078,17.644578781245848,0.3899370146852963
1645814096.3786733,-28.968450186001483,12.511595683595372,10.986440899648377,-5.253802854848984,30.22268395010806,10.599999999999994,29.59843147237944,29.600954075739903,23.7146473311525,17.71108826651269,0.3864408996483828
1645814096.4785705,-29.05164923589302,12.500843250126495,10.983078233155366,-5.304821043239152,30.279655819106313,10.599999999999994,29.664760669426197,29.66723402184728,23.74682819265387,17.778812568979816,0.3830782331553717
1645814096.5787227,-29.145945438768056,12.489393249834185,10.980454729529475,-5.359139989916674,30.341901002129834,10.599999999999994,29.74095066582913,29.743384009028013,23.786805448851382,17.85250775229565,0.3804547295294807
1645814096.6805022,-29.235142649091358,12.474754560622927,10.977324784209538,-5.415800023446734,30.407516515160577,10.599999999999994,29.81518127457829,29.817568788027348,23.819342625644623,17.93276195453765,0.3773247842095433
1645814096.7788105,-29.330834145235517,12.465688225752713,10.975776157736215,-5.47837968783659,30.476567825938126,10.599999999999994,29.88864947793167,29.8910116144534,23.852454457398927,18.01087960018541,0.37577615773622064
1645814096.8783314,-29.440850678015273,12.45169594069665,10.974708870084857,-5.54534580041173,30.549082610194866,10.599999999999994,29.97516568129201,29.977507640866786,23.895504877603543,18.097386669498214,0.37470887008486287
1645814096.978709,-29.547582652466122,12.439149878784619,10.97311714676552,-5.609476709370145,30.616923254678234,10.599999999999994,30.05768389361086,30.059999624974118,23.938105943095977,18.177773375893615,0.37311714676552654
1645814097.078826,-29.65548142110991,12.428171754169375,10.97385586728548,-5.671488074007997,30.68155464550521,10.599999999999994,30.139972193941066,30.1422907566934,23.983993347101915,18.253382891335832,0.37385586728548503
1645814097.18153,-29.77791303751924,12.415064223880844,10.97635414452307,-5.74501840895717,30.761946368377068,10.599999999999994,30.2355437961946,30.237886022235443,24.03289462856207,18.346882144496224,0.37635414452307536
1645814097.2782972,-29.888892766695555,12.401451486887288,10.97435182729123,-5.8196240927858485,30.845258327594557,10.599999999999994,30.323319496291486,30.325630159400937,24.069268673909708,18.443806840707268,0.3743518272912354
1645814097.378212,-30.003619632306375,12.389360467452827,10.976531431093742,-5.89075795404133,30.929428573014654,10.599999999999994,30.416512352240748,30.41884283783023,24.112861678265045,18.54006810556183,0.3765314310937473
1645814097.4783573,-30.123820704187885,12.37737847032056,10.97402330668263,-5.959300410236513,31.012928031364744,10.599999999999994,30.515696755586657,30.5179888248368,24.164520293951373,18.635549561044186,0.37402330668263595
1645814097.581419,-30.261465821758478,12.365872929307992,10.974251238177828,-6.034257243357881,31.105438930752072,10.599999999999994,30.628891090338325,30.631177473500493,24.227208578400596,18.739566001444082,0.374251238177834
1645814097.6782806,-30.377502676359832,12.355619498173532,10.970646728874783,-6.10657222434562,31.195165528558434,10.599999999999994,30.72468974029685,30.726925303959845,24.270930452014213,18.839546030384902,0.3706467288747888
1645814097.7783508,-30.480676776152386,12.35252268629399,10.971323891202925,-6.175293658044946,31.280433343896775,10.57018517974377,30.80612683185238,30.808738413735906,24.30538311810744,18.927910657602787,0.40113871145915425
1645814097.8783488,-30.608476279513173,12.342131331200584,10.963176652374472,-6.241108743196284,31.36209503554768,10.526170412378056,30.911609792513737,30.91469867908188,24.36736753631689,19.019963704347095,0.43700623999641586
1645814097.979781,-30.765945353107575,12.328810693028158,10.957779851399268,-6.314340448928178,31.452959082274905,10.5,31.042133206402212,31.045508473793213,24.451604904179398,19.12414838924675,0.4577798513992679
1645814098.0781937,-30.892933366797585,12.319979101710771,10.949690199815795,-6.394287915176177,31.55215587465165,10.5,31.145790283598473,31.149036480535113,24.498645451621407,19.23217677294088,0.4496901998157945
1645814098.178484,-31.022458288620413,12.308877074608478,10.942689869305203,-6.47819868387949,31.657194664384466,10.5,31.253448979268704,31.25658406512358,24.544259604740922,19.348317589775988,0.4426898693052035
1645814098.2782218,-31.133074495861585,12.307913321234986,10.940015761953397,-6.563517937380957,31.764685279670775,10.5,31.34053420927843,31.343622930250408,24.569556558480627,19.456771958435787,0.4400157619533971
1645814098.3791416,-31.269031486335674,12.299903493877363,10.938021496165561,-6.647580568745088,31.87059272306739,10.5,31.451990750870713,31.455040693408108,24.621450917590586,19.570689229190027,0.4380214961655611
1645814098.479041,-31.40878989205782,12.290635515112527,10.938401379202055,-6.729701997862541,31.97405451679997,10.5,31.567298948205977,31.5703430240264,24.679087894195277,19.683419001687444,0.43840137920205535
1645814098.5782866,-31.5472023626452,12.286438588088123,10.943318531744683,-6.809958923558032,32.081604898362734,10.5,31.682484470383507,31.685585895430123,24.73724343908717,19.79516631027461,0.4433185317446835
1645814098.6780262,-31.68968755220228,12.276723385181668,10.955311687322673,-6.890057925019278,32.191692691656286,10.5,31.806094260743162,31.809353040511397,24.799629627183002,19.914969306474617,0.45531168732267346
1645814098.7782748,-31.82323129132999,12.278741813008434,10.973648240449176,-6.969658977165065,32.301096104852725,10.5,31.915430878550907,31.91894532748915,24.853572314164925,20.02235429184429,0.473648240449176
1645814098.8782065,-31.98039907245877,12.27037689512157,10.997527401448709,-7.048584986151948,32.40957174092127,10.5,32.049688339689865,32.05354982192214,24.931814086306822,20.1391948457997,0.4975274014487088
1645814098.9782,-32.139121993521165,12.26528582625313,11.023525680013353,-7.129279104381737,32.52047746052109,10.531820974997924,32.183303582453384,32.187059558109546,25.009842889139428,20.255191634267963,0.4917047050154295
1645814099.0780802,-32.29882422344081,12.261712651123162,11.051150073327328,-7.210886439420566,32.632638302318085,10.58219887417911,32.316856810979964,32.320259116668055,25.087937784020244,20.370925651194923,0.4689511991482185
1645814099.1786497,-32.44742709699133,12.256480095067623,11.08110491208061,-7.292518237205598,32.75087961736868,10.599999999999994,32.446723278689035,32.450289882530306,25.154908859785735,20.49439952230106,0.4811049120806157
1645814099.278044,-32.60147985418984,12.258425876930554,11.108093310294006,-7.3729083024530135,32.870574767289995,10.599999999999994,32.57823666835654,32.58219856350115,25.228571551736827,20.612148890359443,0.5080933102940115
1645814099.3783503,-32.74140342858297,12.253948008092854,11.141147907069762,-7.455100585442997,32.98683863740076,10.632957328034356,32.69938631414712,32.70333504379106,25.28630284313997,20.732890629307903,0.5081905790354053
1645814099.478247,-32.86093212074251,12.267320910876608,11.167488712012151,-7.5375409362000685,33.100144373148076,10.683849465082158,32.79147258809111,32.79503897568505,25.323391184542444,20.83282346227147,0.48363924692999305
1645814099.5782638,-33.00885801245252,12.262698974994311,11.196693499200732,-7.616321370911862,33.21444644694795,10.735189115104893,32.92045928021814,32.9236939834679,25.39253664154066,20.95174747195364,0.46150438409583927
1645814099.6780934,-33.15834457999681,12.26554821763048,11.221349559327287,-7.693213217749264,33.32893299505217,10.78661162322877,33.047527798282324,33.050387148282034,25.465131362247543,21.06338477742169,0.4347379360985162
1645814099.7779818,-33.3333433828991,12.272426103821282,11.246293818114292,-7.763972855459512,33.43428911563437,10.799999999999997,33.19061848324371,33.19361886676905,25.569370527439588,21.16186301181309,0.44629381811429525
1645814099.8779726,-33.46338027428072,12.273796073604432,11.274645026713904,-7.832630114895254,33.53651494303114,10.799999999999997,33.30223066782634,33.30561297070657,25.63075015938547,21.262718869426713,0.4746450267139064
1645814099.9790704,-33.60389937052117,12.281659181499247,11.303430355607627,-7.905429009107041,33.64899595532793,10.822037014372956,33.42116783900126,33.424634616876176,25.698470361414127,21.367336773828686,0.48139334123467137
1645814100.078092,-33.732437636042725,12.301613428485362,11.331558176370777,-7.981992027311069,33.77335626029835,10.87789439566188,33.52791656640418,33.530985671609585,25.750445608731656,21.47174283181299,0.45366378070889724
1645814100.1784723,-33.867489039839676,12.311565980130492,11.359523153578852,-8.055906884559063,33.8934151916798,10.899999999999991,33.64541556808077,33.64855346485978,25.81158215528061,21.581849211549308,0.45952315357886064
1645814100.2782931,-34.00558758695382,12.324426961512478,11.392566160568974,-8.12705450174615,34.008979331040145,10.899999999999991,33.7626759322921,33.7662687830846,25.87853308520767,21.684552369527665,0.49256616056898217
1645814100.3787432,-34.13522971981035,12.33233818916269,11.425410053274737,-8.190983035244487,34.11957827528666,10.933402659738627,33.8790166120567,33.88258900785635,25.94424668456586,21.787240086123973,0.49200739353610956
1645814100.4781828,-34.28004355390901,12.343704168067925,11.46652299464691,-8.250833475090548,34.226513986602725,10.981433651635964,34.00554576655737,34.009005491959485,26.029210078818462,21.882809818534803,0.4850893430109462
1645814100.5780725,-34.401509063815666,12.353437088850598,11.504293726074751,-8.313075186370149,34.33189952804092,11.03138367950282,34.11244924318315,34.1157271251969,26.088433877445517,21.978462439190324,0.4729100465719309
1645814100.6780014,-34.56676085190714,12.36675138795387,11.550657756318149,-8.376668072370576,34.43605339338919,11.082418048057038,34.24872334566421,34.25192402234124,26.190092779536563,22.06930200543532,0.4682397082611107
1645814100.7785237,-34.67535094241185,12.379183531059914,11.587193576202385,-8.439512614264196,34.53898160330745,11.099999999999994,34.34204221334962,34.345497826704744,26.235838328147658,22.159798072247533,0.48719357620239023
1645814100.8779864,-34.750190050237414,12.394967022280003,11.622724622267812,-8.50111445474468,34.63987448850134,11.099999999999994,34.40711958009043,34.41109005581438,26.249075595492734,22.24490746622134,0.5227246222678179
1645814100.978099,-34.87005770477252,12.404905459490907,11.663360788125809,-8.55321186853493,34.73749566644667,11.13012179433631,34.51551767133317,34.51963649786321,26.31684583623759,22.332590206955764,0.5332389937894995
1645814101.077933,-35.01016782232858,12.41528966530653,11.708545226096057,-8.599704305157822,34.83267862023848,11.17676050455267,34.641765410390285,34.64584687575958,26.41046351717076,22.41738895493195,0.5317847215433869
1645814101.1782656,-35.12669337596853,12.42709616337835,11.746722686189315,-8.650396418645958,34.93133653846026,11.22761210442822,34.748167367960505,34.75204470571323,26.47629695732257,22.504240375081906,0.5191105817610957
1645814101.278317,-35.24542762864776,12.440472782401516,11.78452119429195,-8.704837176548457,35.03265960976577,11.282224142485875,34.854122384426724,34.857741600924875,26.540590452099302,22.59218682736426,0.5022970518060745
1645814101.3779104,-35.399629456444586,12.452927617479453,11.831238234760042,-8.757588299269399,35.130837996302105,11.299999999999997,34.98694008012888,34.99097298207925,26.642041157175186,22.677910378822652,0.5312382347600444
1645814101.478014,-35.501428361157224,12.4672977709888,11.869288629383256,-8.809906232185085,35.2282101464569,11.299999999999997,35.07843334194312,35.083052536355666,26.69152212897214,22.760912375468102,0.5692886293832586
1645814101.5800152,-35.59992816254207,12.484287207554074,11.910878230796142,-8.855311805716166,35.3215094459078,11.337911076214617,35.168355429814426,35.173022545666825,26.744616356825905,22.837222238353725,0.5729671545815247
1645814101.6786385,-35.67801062318571,12.503033231780442,11.943749183182105,-8.896912472689644,35.409995824869895,11.385604276126529,35.24139828933727,35.2458178955316,26.78109815049607,22.906962593089453,0.558144907055576
1645814101.7784224,-35.7838253117009,12.51872933152895,11.983211267768192,-8.935947496065388,35.493024971438714,11.430356087012246,35.33591378970226,35.340238428796134,26.847877815635513,22.974295639909762,0.5528551807559463
1645814101.8784976,-35.89527034805281,12.534854346373198,12.021625934516182,-8.973793716673907,35.57352548426228,11.473744991751117,35.43368837439427,35.437923829439114,26.921476631378905,23.03867113788908,0.5478809427650653
1645814101.9780822,-35.988177598021466,12.55837470817395,12.055739160393072,-9.012652686100292,35.66183734074635,11.521344126049465,35.516882322190796,35.52090240887864,26.975524911921173,23.103462632572402,0.534395034343607
1645814102.077944,-36.08994234725573,12.57194128615472,12.098389403977576,-9.053484333826328,35.76316309092599,11.575957607991265,35.62025871200306,35.62408968228503,27.036458013429403,23.191221804771274,0.5224317959863107
1645814102.1780686,-36.19226251883028,12.592740109232908,12.138621265427188,-9.09386372763659,35.857806849107355,11.599999999999994,35.715354505553776,35.71941573325284,27.098398791193695,23.26506673987445,0.538621265427194
1645814102.2794435,-36.331108249459035,12.619168901883329,12.182342594525108,-9.134303774284543,35.94812542399809,11.599999999999994,35.83163945553695,35.836371314196846,27.196804475174492,23.328956522114765,0.5823425945251142
1645814102.3810532,-36.425081457408766,12.636055071126215,12.21883479985662,-9.173076382102856,36.04138341439486,11.635915349195905,35.92326788421,35.92799702970751,27.25200507530591,23.405328343268643,0.5829194506607145
1645814102.478729,-36.52321527698912,12.660330334300074,12.253481894062773,-9.20964257738433,36.13212423330998,11.684823668034378,36.01328036230794,36.01776970652437,27.31357269960479,23.471793899009906,0.5686582260283952
1645814102.5779037,-36.61770354324513,12.688383344234591,12.282513095497318,-9.246799900533334,36.21792689486637,11.73452263708945,36.09440103284291,36.09856062867601,27.370903642711795,23.529543550631782,0.5479904584078685
1645814102.6800218,-36.70304564488498,12.707379862590342,12.316306962402018,-9.285073554131264,36.3034070601956,11.78571472964574,36.17343905518905,36.177330211016645,27.417972090753715,23.59602719760526,0.5305922327562786
1645814102.7780504,-36.78089438817304,12.738898395603897,12.339668861049024,-9.317119882871081,36.384522883462424,11.799999999999997,36.24050865397571,36.244526620973744,27.463774505301956,23.645624487858527,0.5396688610490266
1645814102.8780305,-36.86518738540369,12.764773469417472,12.365677839432735,-9.347841865093223,36.466860047685515,11.799999999999997,36.31794615128813,36.32235130144922,27.517345520310464,23.702086578268045,0.5656778394327375
1645814102.9779308,-36.98901426360933,12.79669925661117,12.397268179189524,-9.374217959030979,36.54837745883311,11.832421831963506,36.42415671453848,36.42853611883455,27.61479630457835,23.75167820222194,0.5648463472260179
1645814103.079785,-37.06743380830476,12.823032151351658,12.422062850983895,-9.398912352015662,36.63110593899903,11.881966003963916,36.50166375735758,36.50565931002141,27.6685214562891,23.80807378764737,0.5400968470199796
1645814103.1778817,-37.14336616388923,12.853010514562751,12.4392497491905,-9.428213520506246,36.715657824842516,11.899999999999991,36.57260754582343,36.57658285013545,27.715152643382986,23.862647310279765,0.5392497491905086
1645814103.2783263,-37.24121472165103,12.874904196188139,12.463727475039779,-9.461648701154461,36.805266560484256,11.899999999999991,36.665604197580706,36.66993754889368,27.779566020496574,23.930362364296116,0.5637274750397872
1645814103.377842,-37.341008056956646,12.907968491677597,12.490620506330849,-9.487988273927899,36.88777363281952,11.899999999999991,36.753527254413655,36.75827251413518,27.85301978302875,23.97980514114192,0.5906205063308576
1645814103.4784784,-37.41918854411554,12.942039738799842,12.5175764875996,-9.512234521094587,36.969000783414856,11.899999999999991,36.825167207800334,36.830345377154536,27.906954023020955,24.026961044615014,0.6175764875996084
1645814103.5785444,-37.50673718513664,12.969946496768527,12.541954598585669,-9.532751060768444,37.05191828153815,11.933980776740425,36.911858050344534,36.91686466774818,27.9739861243682,24.08197178476962,0.6079738218452437
1645814103.6786265,-37.58539173523378,13.004952212798594,12.567210881116509,-9.551548112422312,37.135880741433375,11.98426395087815,36.989161925114324,36.99375524390301,28.033843622811467,24.130928528634783,0.582946930238359
1645814103.777826,-37.669561559913404,13.034721054884473,12.592788878034739,-9.568465730949933,37.20597133861623,12.0,37.0664393632217,37.07117917899716,28.101095828963473,24.17125028373176,0.5927888780347388
1645814103.87844,-37.76067818936184,13.061443583145124,12.616851305460314,-9.584822558281425,37.27091577829434,12.0,37.14804684651925,37.15316796780911,28.175855631080417,24.209472195149214,0.6168513054603135
1645814103.9780748,-37.82120612971957,13.099380605425067,12.630378632017601,-9.602984850379858,37.347084541973715,12.021860129894593,37.205095865543704,37.21007193128929,28.218221279339712,24.247703936548646,0.6085185021230082
1645814104.078884,-37.904674431653724,13.133630652612313,12.648592294985852,-9.624560471985548,37.4434582883933,12.079576136304688,37.29252693574411,37.29686775913012,28.280113959668178,24.30982763578099,0.5690161586811637
1645814104.178355,-37.976495855654264,13.1744390109439,12.662935251503848,-9.64033061322782,37.52601293995509,12.099999999999994,37.36224583006479,37.366486449271356,28.336165242426446,24.351573929011188,0.5629352515038537
1645814104.277936,-38.038568779097446,13.217878238860878,12.675907438895848,-9.653028712209123,37.60163924326609,12.099999999999994,37.4206719021569,37.425103272897594,28.385540066888325,24.383761004405216,0.5759074388958538
1645814104.3779695,-38.13004994180989,13.25390043042865,12.689331772047609,-9.665695509479942,37.683465526388034,12.099999999999994,37.510306903929994,37.51493617167119,28.464354432329944,24.429565095959383,0.5893317720476148
1645814104.4785593,-38.207347407565415,13.294445213883586,12.699471531186978,-9.678390524723024,37.76852445554818,12.099999999999994,37.58832179747266,37.593101783000854,28.52895688284239,24.474079241664597,0.5994715311869836
1645814104.577764,-38.268185792195936,13.337365546118441,12.714370582663168,-9.68637502511049,37.84462036481958,12.099999999999994,37.65003911650334,37.65505140996456,28.581810767085447,24.507254818701142,0.6143705826631738
1645814104.6778922,-38.34122176921639,13.377797576386465,12.725878992531216,-9.692551485311819,37.918190881675976,12.099999999999994,37.72237018818112,37.72756203530076,28.648670283904572,24.540393305289513,0.6258789925312218
1645814104.7783394,-38.41623486265645,13.419474667171716,12.737690436720873,-9.698672230814712,37.997310836668134,12.099999999999994,37.799053351748896,37.80443206003027,28.71756263184174,24.57783616949642,0.6376904367208791
1645814104.8780425,-38.51733511400018,13.466071042999916,12.748632646271515,-9.70471332155749,38.07826366731875,12.099999999999994,37.89363007592329,37.89918105501393,28.81262179244269,24.612192624318837,0.6486326462715208
1645814104.978447,-38.58477813932009,13.510232426815564,12.752952791292678,-9.711027620217099,38.162877584472604,12.132641924751704,37.96638489912822,37.971452011740354,28.873750519102995,24.65264515765704,0.620310866540974
1645814105.0778213,-38.646415386650844,13.557331044993514,12.756582562743244,-9.717410850628605,38.24841521251962,12.183868430399693,38.03336615148669,38.037677929790085,28.92900453602224,24.691084167526103,0.5727141323435507
1645814105.1789918,-38.717062958300495,13.603708199264297,12.762278228685675,-9.7194209726222,38.327307735333754,12.200000000000003,38.106687270733815,38.11083535631252,28.997641985678296,24.723599536069457,0.5622782286856722
1645814105.2782493,-38.79275285313341,13.648966850593837,12.768436567275925,-9.7194209726222,38.40110945490571,12.200000000000003,38.18281275834116,38.187043748757986,29.07333188051121,24.75214260431187,0.5684365672759224
1645814105.377855,-38.87511771436393,13.694473430877022,12.775409860718256,-9.7194209726222,38.48131818199858,12.200000000000003,38.26803268019682,38.27235845516218,29.155696741741732,24.78684475112156,0.5754098607182527
1645814105.477855,-38.943158685178574,13.743670413535934,12.782887238380342,-9.7194209726222,38.56456674603552,12.200000000000003,38.34193188456968,38.34636225476476,29.223737712556375,24.820896332499583,0.582887238380339
1645814105.577895,-38.99433639042076,13.789444528626294,12.793090535345799,-9.7194209726222,38.641044019345934,12.200000000000003,38.40081600651732,38.40539579732923,29.274915417798564,24.85159949071964,0.5930905353457963
1645814105.67787,-39.048041404655706,13.844889000389086,12.80079576980972,-9.7194209726222,38.71435221209833,12.200000000000003,38.453324653205904,38.45801779137705,29.328620432033507,24.869463211709245,0.6007957698097179
1645814105.777809,-39.145537135560886,13.889877950111153,12.814091317033398,-9.7194209726222,38.782315067466236,12.200000000000003,38.542570465347,38.54746225397846,29.426116162938687,24.892437117355083,0.6140913170333953
1645814105.8778343,-39.20561250794631,13.926638991833748,12.82854242792252,-9.7194209726222,38.84760861361359,12.200000000000003,38.60686749980491,38.61198368034452,29.486191535324114,24.92096962177984,0.6285424279225165
1645814105.97817,-39.26427464616707,13.972457810540766,12.843822441891719,-9.7194209726222,38.92012516360071,12.200000000000003,38.66890850476789,38.67426783129571,29.544853673544868,24.94766735305994,0.6438224418917162
1645814106.0787845,-39.31626177532491,14.021356405957853,12.855845592335978,-9.7194209726222,39.00388837134924,12.200000000000003,38.731123000790085,38.73667541675869,29.59684080270271,24.982531965391388,0.6558455923359752
1645814106.1780345,-39.387286805405296,14.062516438629475,12.87094624996474,-9.7194209726222,39.08323545013147,12.231800818502714,38.81003276118891,38.81529530748304,29.667865832783097,25.020719011501996,0.6391454314620262
1645814106.2779775,-39.46659815867904,14.110464018077991,12.885051176427412,-9.7194209726222,39.16103301812389,12.284215876651915,38.889915887858656,38.89455695623975,29.74717718605684,25.050569000045897,0.6008352997754969
1645814106.3780427,-39.53021793223052,14.167193466879917,12.89550524038695,-9.715088008781548,39.2425240631259,12.299999999999997,38.957851286527244,38.96240243304435,29.81512992344897,25.075330596245983,0.5955052403869523
1645814106.477937,-39.60102620335406,14.213997278871798,12.907351397082333,-9.708901838063237,39.325421018635744,12.299999999999997,39.04001410486417,39.044738147764946,29.892124365290822,25.111423739763946,0.6073513970823363
1645814106.5779333,-39.68418420743052,14.25778515819862,12.918210987718544,-9.70696017653478,39.402411624238404,12.299999999999997,39.12654087336601,39.13142452736058,29.97722403089574,25.14462646603978,0.6182109877185464
1645814106.6788182,-39.75463507851539,14.308948325289828,12.92823026219817,-9.70696017653478,39.477325527562,12.299999999999997,39.19579030981477,39.2008246249146,30.047674901980614,25.168377202272175,0.6282302621981728
1645814106.778713,-39.82818459547707,14.356914932789365,12.934995103318462,-9.70696017653478,39.552050315358414,12.299999999999997,39.26936474457243,39.27449842103024,30.12122441894229,25.19513538256905,0.6349951033184649
1645814106.8800383,-39.88584225732556,14.405138394447349,12.937129765498646,-9.70696017653478,39.62808698391082,12.299999999999997,39.33143855992292,39.336598652286604,30.17888208079078,25.22294858946347,0.6371297654986492
1645814106.9784782,-39.96318570272407,14.469210444632356,12.93987152898513,-9.702700384583016,39.705374744518565,12.299999999999997,39.40255017457984,39.40774537871822,30.26048531814105,25.23616429988621,0.6398715289851324
1645814107.0777051,-40.038074158905516,14.525618483593387,12.935174233848082,-9.696789936741263,39.78457691277621,12.299999999999997,39.47921616721056,39.48432544041602,30.341284222164255,25.258958429182822,0.635174233848085
1645814107.1778355,-40.118084767370874,14.582824149684946,12.93622203338814,-9.690518019189373,39.868622907436674,12.331951098710395,39.5627152383726,39.56732971019216,30.4275667481815,25.285798757751728,0.6042709346777446
1645814107.2776945,-40.18645557300451,14.641495355800224,12.936309609520878,-9.684071789521218,39.95500474821348,12.383683184067797,39.637976414477805,39.64182854259889,30.50238378348329,25.31350939241326,0.5526264254530808
1645814107.3777623,-40.25340540291309,14.703158749222778,12.93428039405796,-9.677901699536672,40.03768621625819,12.399999999999991,39.7076782082906,39.71127250835248,30.575503703376416,25.334527467035407,0.5342803940579692
1645814107.4779844,-40.3528739360141,14.775332628851775,12.934342601185714,-9.67185533388719,40.118709732976214,12.399999999999991,39.7946185495717,39.79820583294376,30.68101860212691,25.34337710412444,0.5343426011857222
1645814107.5782242,-40.42913579521586,14.836216037765857,12.928976161664773,-9.665557966856372,40.20908199142362,12.399999999999991,39.87706167088815,39.88056999697255,30.76357782835949,25.372865953657765,0.5289761616647812
1645814107.677773,-40.52090114677993,14.898573437201744,12.928123858682898,-9.659154049962208,40.30443180748931,12.399999999999991,39.9738048401581,39.97729340774782,30.86174709681772,25.405858370287564,0.5281238586829069
1645814107.777685,-40.6037181091767,14.961486147750131,12.926615192129653,-9.657116992185113,40.389672031263196,12.399999999999991,40.053523665473904,40.056985428028156,30.946601116991584,25.428185883513066,0.5266151921296611
1645814107.8777452,-40.684612849676626,15.027714620921865,12.920597389060624,-9.657116992185113,40.47017935263359,12.399999999999991,40.12511072646465,40.12848779174895,31.027495857491513,25.44246473171173,0.520597389060633
1645814107.9778295,-40.77010395379693,15.095915858332232,12.91360610154148,-9.654477111270253,40.5635312144946,12.399999999999991,40.20922364001578,40.21250373901561,31.115626842526673,25.46761535616237,0.5136061015414892
1645814108.0779402,-40.86228744440457,15.163859257574984,12.90971377314521,-9.647485091913238,40.678048087123756,12.399999999999991,40.315477394357735,40.318699454043696,31.214802352491333,25.51418882954877,0.5097137731452186
1645814108.1780326,-40.959616481182,15.227510894956277,12.907411976156258,-9.644656196097698,40.78721917857347,12.369209608191941,40.421843416648095,40.425426243750344,31.314960285084304,25.559708283617198,0.5382023679643169
1645814108.278274,-41.09972817319467,15.300630593282701,12.908562353536318,-9.644656196097698,40.89292803734069,12.317413307971671,40.551044888504265,40.555353515208814,31.45507197709697,25.592297444057987,0.5911490455646469
1645814108.377932,-41.21699061144186,15.36746178573312,12.89557713930813,-9.648825725479997,41.00296374447744,12.299999999999997,40.66605457803916,40.670415624541214,31.568164885961863,25.63550195874432,0.5955771393081335
1645814108.4783347,-41.27375531737223,15.39658448009964,12.893957195158519,-9.65517266470943,41.11636549487704,12.299999999999997,40.758335397944954,40.76266293510586,31.6185826526628,25.719781014777396,0.5939571951585219
1645814108.577747,-41.38743733437416,15.466675798589113,12.887249416467554,-9.661492170774496,41.229277092661995,12.299999999999997,40.8686581864526,40.87287711720623,31.72594516359967,25.76260129407288,0.5872494164675572
1645814108.6782017,-41.490989578443276,15.523858234337212,12.881177311788143,-9.66789383983032,41.343656709382245,12.299999999999997,40.98013440291361,40.98425530308683,31.823095738612956,25.819798475045033,0.5811773117881458
1645814108.7782226,-41.590791638576476,15.585954334957643,12.877075001452246,-9.673921626733515,41.457823785290124,12.299999999999997,41.08576663770469,41.0898191254869,31.91687001184296,25.871869450332483,0.5770750014522488
1645814108.8777728,-41.68360481816225,15.651462647330389,12.8716184034857,-9.679797318168674,41.57155416908515,12.299999999999997,41.18367199501263,41.18763875960834,32.00380749999358,25.920091521754756,0.5716184034857026
1645814108.9782066,-41.86054269034312,15.73830023358618,12.875836776560545,-9.69374108404276,41.69044116825281,12.299999999999997,41.33057880881765,41.33459002657612,32.16680160630035,25.95214093466663,0.5758367765605481
1645814109.077677,-41.97131683022348,15.788323373611002,12.870265871200484,-9.712377647241206,41.8106848026471,12.299999999999997,41.44638043972881,41.450303433371765,32.258939182982274,26.022361429036103,0.5702658712004869
1645814109.1776447,-42.098192974788624,15.843590919505786,12.866484039679074,-9.731176432600831,41.93780944897891,12.299999999999997,41.575617860786586,41.579476964884584,32.36701654218779,26.094218529473125,0.5664840396790769
1645814109.2777314,-42.22799056661996,15.907762942829217,12.86745823298023,-9.750039250539398,42.06887468671053,12.299999999999997,41.70396970751758,41.70783017865735,32.47795131608056,26.161111743881314,0.5674582329802327
1645814109.3777258,-42.298328055505976,15.932368033345886,12.883478900474275,-9.76909607646024,42.201287958722986,12.299999999999997,41.81156642835144,41.81563744366148,32.52923197904573,26.268919925377098,0.5834789004742778
1645814109.4776788,-42.419498508687276,15.980889766711117,12.901005995432044,-9.788263304633876,42.33446834360054,12.299999999999997,41.94411299277336,41.94841859900185,32.6312352040534,26.353578576889426,0.6010059954320468
1645814109.577797,-42.58586058330069,16.05220976777272,12.92569613318664,-9.811301637919765,42.45844364270035,12.334339475828333,42.088726537181245,42.09288068329165,32.77455894538093,26.406233874927633,0.5913566573583076
1645814109.6777897,-42.71931727141345,16.110700561242247,12.948272487490733,-9.83602167982447,42.578064451769215,12.383935107061044,42.21175760706235,42.21552980783655,32.88329559158898,26.46736389052697,0.5643373804296896
1645814109.777644,-42.838350554894134,16.172164864379532,12.975289823730643,-9.854817349344918,42.69177328425899,12.399999999999991,42.32260735665171,42.326517123980295,32.983533205549215,26.51960841987946,0.5752898237306514
1645814109.8778634,-42.968882974008835,16.224503598092213,12.997749679479425,-9.870843617923155,42.803129219403374,12.399999999999991,42.4488344849987,42.45304292761748,33.09803935608568,26.57862562131116,0.597749679479433
1645814109.977964,-43.07372717523768,16.279478971565545,13.024449651683987,-9.888745307618386,42.927516214695395,12.419618824985383,42.56008588414099,42.564383359733775,33.18498186761929,26.64803724312985,0.6048308266986044
1645814110.0779102,-43.19641349956331,16.337785038856182,13.0445088963223,-9.9102941873619,43.07724511984452,12.477263295403759,42.69618793626518,42.699955876565475,33.286119312201414,26.739460080988337,0.5672456009185414
1645814110.1777723,-43.31052586032709,16.40676292068438,13.071101522268714,-9.930379616764627,43.21105527655564,12.5,42.81009521059999,42.813904387352636,33.380146243562464,26.80429235587126,0.5711015222687141
1645814110.2775698,-43.428303116878254,16.46113477310365,13.092797419533595,-9.949509970045007,43.33448485721596,12.5,42.93025198285829,42.93434457508713,33.47879314683325,26.87335008411231,0.5927974195335945
1645814110.3777437,-43.53276918165014,16.52162636926525,13.118455158995008,-9.964786332027927,43.4608251106071,12.534549288110998,43.04102579421226,43.04498632226636,33.56798284962221,26.939198741341848,0.5839058708840099
1645814110.4775503,-43.63236599471378,16.59018158677421,13.13938722605908,-9.977926618993553,43.5879973673763,12.5872758028274,43.14514279287248,43.148675224634864,33.65443937572023,26.997815780602092,0.5521114232316808
1645814110.5776672,-43.77722295804122,16.680703345470295,13.164901619391028,-9.990097330175113,43.705786028422594,12.599999999999994,43.26574802558734,43.26943570296712,33.78712562786611,27.0250826829523,0.5649016193910334
1645814110.6779268,-43.87346595812877,16.732906539979414,13.190126549368944,-10.001964820869405,43.82064010868194,12.599999999999994,43.370772407006726,43.374787014170415,33.871501137259365,27.08773356870253,0.59012654936895
1645814110.7780569,-43.96990227117253,16.7939190675214,13.216214755662904,-10.010079402921974,43.93846738606385,12.632583144754356,43.47523516509875,43.479152458596644,33.959822868250555,27.144548318542448,0.5836316109085473
1645814110.8775923,-43.972285035592876,16.822588773782027,13.24819660757477,-10.016213958182787,44.05720836011317,12.681813990181709,43.528602860949924,43.532287515079915,33.95607107741009,27.234619586331146,0.5663826173930602
1645814110.9778514,-44.07718702544505,16.87813170919145,13.277882414741526,-10.022445122860868,44.17781931401873,12.700000000000003,43.64628723468679,43.650112685513776,34.05474190258418,27.299687604827277,0.5778824147415236
1645814111.0778043,-44.17097030129142,16.944474465167595,13.308691180775117,-10.028687291051378,44.298643252703414,12.700000000000003,43.74866899927728,43.75290326551917,34.14228301024004,27.35416878753582,0.6086911807751143
1645814111.1776488,-44.24814124741849,17.011684280121077,13.338852480192395,-10.035019992373263,44.415146041245414,12.732735601116877,43.83477366778379,43.83896394962969,34.21312125504522,27.403461761124337,0.6061168790755183
1645814111.277549,-44.43943332262195,17.104000500686872,13.383180801601334,-10.041411336322287,44.52934117767652,12.78402721927824,43.99287701229482,43.99695685878864,34.39802198629967,27.42534067698965,0.599153582323094
1645814111.3776298,-44.54270688341383,17.151641911872858,13.418958471569525,-10.051967873331433,44.64142964019987,12.834372608755574,44.10554961464711,44.10942356731835,34.49073901008239,27.48978772832701,0.5845858628139506
1645814111.4777687,-44.626706742866844,17.202966647798874,13.461609676979046,-10.064405187312376,44.75253935188321,12.884278384813896,44.1987742476498,44.20254468258162,34.56230155555447,27.549572704084333,0.5773312921651499
1645814111.5776494,-44.707700435378584,17.261258254301012,13.50216696437218,-10.076840102665749,44.86362763497031,12.899999999999991,44.285294204857365,44.28938798249254,34.630860332712835,27.602369380669295,0.6021669643721879
1645814111.6791983,-44.79780547464624,17.327547811983564,13.541183618442064,-10.089496633154432,44.976695733972065,12.899999999999991,44.37501643321813,44.37964848757748,34.70830884149181,27.6491479219885,0.6411836184420725
1645814111.778326,-44.90711817723825,17.389296340568194,13.5788043460047,-10.100740983101177,45.0771480085616,12.930078843845148,44.47584764081907,44.48057855004252,34.80637719413708,27.687851667993407,0.6487255021595519
1645814111.8779728,-45.02674759435709,17.443170923027893,13.621132088308393,-10.111558078806182,45.17378337427447,12.973483356803706,44.58763646828645,44.592339865805286,34.91518951555091,27.73061245124658,0.6476487315046864
1645814111.9779408,-45.12135932593005,17.48645956470269,13.666798316247208,-10.123712559107506,45.28236636928531,13.022254238760429,44.692815018796104,44.69746247128745,34.99764676682254,27.79590680458262,0.6445440774867794
1645814112.0776649,-45.23670324924264,17.54539739539364,13.711288352762393,-10.137860801879686,45.40876079638199,13.079025261546308,44.814012999957335,44.81847295230906,35.098842447362955,27.86336340098835,0.6322630912160854
1645814112.177643,-45.3435457288708,17.602486558706097,13.754958708714986,-10.15560421690763,45.53621346383023,13.13348147792245,44.92754529973118,44.93184350333058,35.187941511963174,27.933726905124132,0.6214772307925358
1645814112.2777917,-45.4640856029717,17.660458081473625,13.799874918993732,-10.175458485548255,45.664313766878124,13.18659276717234,45.050007070826474,45.05418129407367,35.288627117423445,28.0038556854045,0.6132821518213909
1645814112.37782,-45.70909131362744,17.768102378064864,13.875308329939838,-10.189457989172194,45.77025111223576,13.200000000000003,45.230130280979516,45.235171344594974,35.51963332445524,28.0021487341709,0.6753083299398348
1645814112.4780884,-45.81804643127424,17.82307605850812,13.92330982560894,-10.201514217215724,45.86898092514116,13.200000000000003,45.33332269692239,45.33909266678283,35.616532214058516,28.045904866633037,0.7233098256089363
1645814112.577827,-45.92237976209835,17.873412717021594,13.969541698403624,-10.217850837083777,45.98112133435827,13.233328035039385,45.440693980993565,45.44665752321538,35.70452892501457,28.107708617336677,0.7362136633642393
1645814112.677905,-46.035154456029176,17.923313288642554,14.016096246666537,-10.236326054646076,46.10032396252237,13.282750285519173,45.5576562767183,45.56355826454231,35.7988284013831,28.177010673879813,0.7333459611473643
1645814112.777727,-45.98243017426928,17.886255397089215,14.021813845429632,-10.25482753927594,46.21371397942056,13.332242801888297,45.59502713868785,45.600241315170386,35.727602634993346,28.327458582331346,0.6895710435413349
1645814112.8776646,-46.09721899427582,17.936508911189062,14.06805849903487,-10.273390153880658,46.324267686862505,13.38189884439284,45.70789385972354,45.71304382956151,35.823828840395166,28.387758775673444,0.6861596546420294
1645814112.9777057,-46.20734738205369,17.98900371388596,14.116310621784763,-10.295999871183659,46.43533557767436,13.431785836400087,45.81286584084491,45.81797955751716,35.91134751087003,28.446331863788398,0.6845247853846761
1645814113.0776472,-46.31152460185896,18.03162364168727,14.165353238347032,-10.320891564941785,46.546521518271646,13.481725851435051,45.91758995537625,45.92267864262936,35.990633036917174,28.514897876584378,0.6836273869119811
1645814113.1791189,-46.423669631143255,18.06601605598767,14.216687397075724,-10.350681037128874,46.654950692825246,13.533193793250616,46.02811846874977,46.03319295117093,36.07298859401438,28.588934636837575,0.6834936038251076
1645814113.2785006,-46.69327105988757,18.167555621997522,14.310879249780282,-10.382349609533705,46.75868569858921,13.584022924732489,46.21618478012172,46.22190017456678,36.31092145035387,28.59113007659169,0.7268563250477929
1645814113.377612,-46.800001639711226,18.220230785079572,14.36692771304519,-10.409248989024482,46.86698248162703,13.633996675328643,46.3133162410889,46.31911537533027,36.39075265068674,28.64675169654746,0.732931037716547
1645814113.4780757,-46.90718798360258,18.26380484392238,14.421357810346684,-10.434330519669425,46.97901638391521,13.684317558659433,46.420175628393764,46.4260264690349,36.47285746393316,28.71521153999283,0.737040251687251
1645814113.5776496,-47.023678639185576,18.304043131705313,14.472487908613521,-10.463359885551496,47.089733868534296,13.73404716293461,46.532492933042924,46.538351854127455,36.56031875363408,28.785690736828982,0.7384407456789113
1645814113.6784208,-47.149374292028526,18.33527459901557,14.521357431707425,-10.494673866993404,47.201632223918715,13.78430716433777,46.6565500843973,46.66237144503592,36.654700425035124,28.866357624903145,0.7370502673696553
1645814113.777725,-47.14942558712185,18.324131094587734,14.53550481455394,-10.522652742449228,47.29619262308293,13.829214207610995,46.70011604082113,46.70545669027993,36.626772844672615,28.972061528495196,0.7062906069429449
1645814113.877797,-47.267193562527865,18.374654075895467,14.589207221758839,-10.549502205548576,47.384141937207964,13.872308505777802,46.79464974291429,46.80014090076016,36.71769135697929,29.009487861312497,0.7168987159810367
1645814113.977529,-47.387125096177314,18.40569620263048,14.637569161191562,-10.5798046058541,47.483401848216765,13.920944884997358,46.90726817124109,46.912741953993255,36.807320490323214,29.077705645586285,0.7166242761942048
1645814114.0774808,-47.51048184181056,18.43900653130165,14.683932648531055,-10.616620634525669,47.60399809416148,13.980035858157306,47.029285850883234,47.03455323839682,36.89386120728489,29.164991562859832,0.703896790373749
1645814114.1781037,-47.63231462499882,18.48082244729714,14.72377370007635,-10.654119896124241,47.71315065083882,14.0,47.13720290392872,47.14275921045636,36.97819472887458,29.23232820354168,0.7237737000763502
1645814114.2778807,-47.80793248739755,18.525577958923137,14.76609259794215,-10.691522304074615,47.81524816497062,14.0,47.28120858941429,47.2874146422103,37.116410183322934,29.289670206047482,0.7660925979421496
1645814114.3776495,-47.903500927605734,18.563802123252884,14.805332513984483,-10.72896467953589,47.917454778855095,14.033626547848128,47.3664762198414,47.372762211876264,37.17453624806984,29.35365265560221,0.7717059661363557
1645814114.4775345,-48.008392966921775,18.597873952757233,14.842178251610292,-10.766471733802193,48.01983794688316,14.083793292149183,47.46169679231375,47.46775547834827,37.241921233119584,29.421963994125925,0.7583849594611092
1645814114.5776095,-48.132488708780194,18.613938778638875,14.881935307189648,-10.808412360295248,48.1226934656416,14.134191483657512,47.579967196765054,47.585842424726174,37.324076348484944,29.508754687002728,0.7477438235321365
1645814114.678409,-48.1837639366023,18.6122859178496,14.878594003565205,-10.85274761444715,48.22642672336489,14.18501975861667,47.650835410241235,47.65588274837804,37.33101632215515,29.614140805515287,0.6935742449485343
1645814114.7774956,-48.312143132606124,18.652132917976587,14.918377271357011,-10.895171042053637,48.319442470519725,14.200000000000003,47.75122047143508,47.756623859058585,37.41697209055249,29.667309552543138,0.7183772713570082
1645814114.8777878,-48.41799251847898,18.669524076792086,14.952723853796325,-10.937608627175992,48.409709009963144,14.200000000000003,47.84618873534923,47.85210935474771,37.48038389130299,29.740184933171058,0.7527238537963221
1645814114.9775271,-48.5301294408899,18.676816835031467,14.987001682207001,-10.980513719101312,48.500969956053815,14.231497563899424,47.95261984751386,47.95857104536122,37.54961572178859,29.82415312102235,0.7555041183075772
1645814115.0777009,-48.71805344626698,18.71138579068038,15.030898488493538,-11.024011745398445,48.59349209858306,14.281365996664825,48.10177810792043,48.10761744360159,37.69404170086853,29.88210630790268,0.7495324918287132
1645814115.1775103,-48.835030626293126,18.728964191943298,15.070245007899857,-11.068074523617776,48.68130036601262,14.299999999999997,48.20254573718974,48.208699348956344,37.76695610267535,29.952336174069323,0.7702450078998595
1645814115.2780383,-48.93394673707357,18.73504941023518,15.102765697308739,-11.11289147758003,48.76709516790377,14.299999999999997,48.29447166428435,48.301143113772575,37.82105525949354,30.032045757668588,0.8027656973087414
1645814115.3776135,-49.048866597637726,18.738755939944326,15.131965099828486,-11.160873838298759,48.857174457199726,14.333487932540262,48.40061083614829,48.407196728368355,37.88799275933897,30.1184185172554,0.7984771672882243
1645814115.4784954,-49.15147296491593,18.7441530920499,15.158451233116393,-11.211268154359948,48.95096644460749,14.384040797942173,48.49650207987362,48.50268472471698,37.94020481055598,30.20681335255759,0.7744104351742198
1645814115.5776393,-49.22956676872671,18.751451786401205,15.17440404290921,-11.256416406470109,49.03654947756069,14.433521250872879,48.57105404042229,48.57670427179224,37.973150362256604,30.285097691159486,0.7408827920363308
1645814115.6776173,-49.33988353362251,18.760487305196342,15.204769801389656,-11.299855163444796,49.119705944861735,14.483321734462658,48.66955839962935,48.674905260598145,38.040028370177716,30.359218639665393,0.7214480669269978
1645814115.7774637,-49.426961479741756,18.77743882919229,15.236561110741118,-11.34471689200649,49.19269062165504,14.5,48.7375101378702,48.74307557703819,38.08224458773527,30.41525179246275,0.7365611107411176
1645814115.8777616,-49.48697340722641,18.791003882438346,15.245298943538023,-11.390531679297796,49.260905615617105,14.5,48.78272013694019,48.78841311699192,38.096441727928614,30.46990173317876,0.7452989435380228
1645814115.9775445,-49.61491669416063,18.796692939384503,15.291136291561019,-11.436720949303709,49.339305906587335,14.52594618037734,48.89198131797235,48.897968803450425,38.17819574485692,30.54261296720283,0.7651901111836779
1645814116.077645,-49.71210831611073,18.80868593763247,15.320179115190518,-11.483711535405995,49.42926177514845,14.579818668007961,48.97989368142874,48.9854888577813,38.228396780704735,30.620575837515975,0.7403604471825567
1645814116.177504,-49.788177719287276,18.828006087624853,15.34838074165237,-11.52943322378199,49.510807640617706,14.599999999999994,49.0424901642718,49.04819991852069,38.25874449550528,30.682801552992853,0.748380741652376
1645814116.2786305,-49.867574880082294,18.83223238680505,15.382715646845424,-11.575031553955498,49.58839930295748,14.599999999999994,49.11477046426591,49.12100692719301,38.2925433261268,30.756166916152427,0.7827156468454302
1645814116.377562,-49.93700126068932,18.84873405424308,15.41097176565409,-11.610257760579575,49.65665628634074,14.634857114627598,49.17384812664331,49.179972484068344,38.32674350010974,30.80792223209766,0.7761146510264911
1645814116.4776745,-50.028458495270954,18.863196964410626,15.431331824908312,-11.641780340428456,49.72236515027606,14.685451923111682,49.25266816008034,49.2583156199529,38.3866781548425,30.859168185865435,0.7458799017966307
1645814116.5774996,-50.10169559624665,18.876040675806316,15.450344797058193,-11.672696161162241,49.79331637944961,14.700000000000003,49.32206336434851,49.32777059457767,38.42899943508441,30.91727570364329,0.7503447970581902
1645814116.6774805,-50.18165739370599,18.88685976717555,15.459708920604141,-11.703450656767265,49.86658242671644,14.700000000000003,49.39955070395548,49.405392088280344,38.47820673693872,30.97972265954089,0.7597089206041385
1645814116.777376,-50.26427075756391,18.89670079108729,15.463543411571077,-11.733953637619774,49.92685825108308,14.700000000000003,49.47176982235012,49.477661706036045,38.53031711994413,31.03015745999579,0.7635434115710744
1645814116.8777218,-50.32911387662452,18.91090731675558,15.466960348485477,-11.764489798346723,49.98141768421202,14.700000000000003,49.52380079106511,49.52973927822809,38.564624078277795,31.07051036745644,0.7669603484854743
1645814116.977528,-50.401312587824044,18.922009915004267,15.467893524022077,-11.791234198283826,50.042126267860155,14.700000000000003,49.59031957007062,49.59626453197826,38.61007838954022,31.120116352855888,0.7678935240220746
1645814117.0775867,-50.471695515437474,18.933932197829918,15.468482474323958,-11.815992143881095,50.10663623580373,14.700000000000003,49.65884493409873,49.66479080296429,38.65570337155638,31.17270403797381,0.7684824743239549
1645814117.1775181,-50.52151186232234,18.954914083636623,15.471327826738252,-11.837320345471136,50.16668560089247,14.700000000000003,49.705546517041796,49.711530867336066,38.68419151685121,31.211771517255848,0.7713278267382488
1645814117.2778132,-50.58049828737186,18.97945535140475,15.471370248155829,-11.856668802731345,50.22430258241558,14.700000000000003,49.75716479507971,49.763143595480976,38.72382948464052,31.244847231010834,0.7713702481558258
1645814117.3774648,-50.560586656981904,19.001234114419027,15.459615705457354,-11.871146935114197,50.27372131707118,14.700000000000003,49.74777584809272,49.75357492534637,38.68943972186771,31.27248720265215,0.7596157054573514
1645814117.4775476,-50.61587461661379,19.017638698963673,15.466742344602654,-11.883520246890024,50.31977879316029,14.700000000000003,49.79979166119645,49.80569388455077,38.732354369723765,31.302140094196616,0.7667423446026511
1645814117.5773635,-50.661661450746664,19.041647716739565,15.472386461925442,-11.89638854866408,50.37422192189289,14.700000000000003,49.844524167599175,49.85050822550301,38.765272902082586,31.332574205153325,0.7723864619254392
1645814117.6776516,-50.737416631450365,19.085772831958987,15.487838209681689,-11.909579698534447,50.43314400371542,14.700000000000003,49.90249092248778,49.908709553680204,38.827836932915915,31.347371171756432,0.787838209681686
1645814117.7778792,-50.79275358756466,19.1126460025347,15.48828868030058,-11.912521089851207,50.47623160622889,14.732284404059696,49.95344813920764,49.95916856255918,38.88023249771345,31.363585603694194,0.7560042762408834
1645814117.877799,-50.85152171603738,19.142292752095006,15.494259772610027,-11.912521089851207,50.514663456929156,14.773713106821548,50.00471391186698,50.009905027956634,38.93900062618617,31.37237070483415,0.7205466657884791
1645814117.9776478,-50.908194145324,19.172004013527037,15.500997718003518,-11.912521089851207,50.561919318718765,14.799999999999997,50.05985717035594,50.06476503207703,38.99567305547279,31.389915305191728,0.7009977180035207
1645814118.0773973,-50.92944314829069,19.221246987487508,15.503833770938453,-11.912521089851207,50.624509239363,14.799999999999997,50.08477899496422,50.089724185221094,39.01692205843948,31.403262251875493,0.7038337709384557
1645814118.1777072,-50.96884056609852,19.261330436968343,15.506745952525653,-11.90862807168646,50.67935046099198,14.799999999999997,50.12775860078499,50.1327405213398,39.06021249441206,31.418020024023633,0.7067459525256563
1645814118.2777119,-51.00162921580799,19.30061396348464,15.51064920084513,-11.902040396924873,50.7283933819009,14.799999999999997,50.16456084705973,50.169594250551995,39.09958881888311,31.42777941841626,0.7106492008451326
1645814118.3777878,-51.04854107255574,19.34036714222,15.511334621178918,-11.895706539677198,50.78202915387114,14.799999999999997,50.214764382737805,50.219802458364576,39.15283453287854,31.441662011651143,0.7113346211789207
1645814118.477572,-51.09758552842728,19.388850290971792,15.507555198351804,-11.889501811514176,50.837459575252645,14.799999999999997,50.262201052757554,50.26718103322025,39.20808371691311,31.448609284280852,0.7075551983518071
1645814118.577522,-51.14820657275593,19.422981568604527,15.512640522398105,-11.883349878820235,50.88609096080626,14.799999999999997,50.315566416576885,50.3206128771811,39.2648566939357,31.46310939220173,0.7126405223981074
1645814118.6776025,-51.19300903277807,19.45681977014096,15.514633638714434,-11.877217794435287,50.93174217125872,14.799999999999997,50.362706250293336,50.367776227374954,39.31579123834278,31.47492240111776,0.714633638714437
1645814118.777557,-51.23367648813776,19.519714109052558,15.511791916471438,-11.871027842079501,50.983944969151054,14.799999999999997,50.392617832879125,50.39764458566452,39.36264864605826,31.464230860098496,0.7117919164714408
1645814118.8778346,-51.24649446326971,19.552746915852723,15.513525421932133,-11.864784046288074,51.039724404624245,14.799999999999997,50.42171027191962,50.42675862350413,39.38171041698164,31.486977488771522,0.7135254219321361
1645814118.9774125,-51.31101449610752,19.590460572596534,15.516617655339418,-11.85867158551972,51.094330548196574,14.799999999999997,50.4874359080962,50.49252148029513,39.4523429105878,31.50386997560004,0.7166176553394212
1645814119.0773947,-51.366986057969555,19.630567287340753,15.51838383718836,-11.852579636246386,51.14875345059994,14.799999999999997,50.5448748527779,50.54997971533236,39.514406421723166,31.518186163259188,0.7183838371883624
1645814119.1773918,-51.41723963238207,19.66845862147757,15.520999826922532,-11.846264931013195,51.205166359181845,14.799999999999997,50.60065191032377,50.60578834975476,39.570974701368876,31.536707737704276,0.7209998269225348
1645814119.2773902,-51.45075698678152,19.71591148306928,15.524210856420032,-11.839809625746067,51.2628353281434,14.799999999999997,50.63828151631558,50.64345995575524,39.61094736103546,31.546923845074122,0.7242108564200347
1645814119.3785923,-51.52749106368648,19.75931759985432,15.535895729969733,-11.828690384605954,51.321674345631436,14.799999999999997,50.71663571950595,50.7219743427881,39.69880067908053,31.562356745777116,0.7358957299697355
1645814119.4773347,-51.55667663771506,19.80106733228557,15.536969101400134,-11.815790310204862,51.37929625477868,14.799999999999997,50.75945811351286,50.7648078045597,39.7408863275102,31.57822892249311,0.7369691014001365
1645814119.5777874,-51.62554165719757,19.837515902369326,15.546402607723069,-11.80816081782749,51.43425292346509,14.799999999999997,50.83087258042812,50.83635238823233,39.81738083937008,31.596737021095763,0.7464026077230717
1645814119.677446,-51.66507713799804,19.875344302769385,15.548424162492394,-11.802176005856747,51.48771870644721,14.799999999999997,50.87625283085593,50.88175744641864,39.86290113214129,31.612374403677826,0.7484241624923964
1645814119.7774184,-51.70432490075263,19.90402796775213,15.550721974186887,-11.796608825316843,51.53184757882034,14.799999999999997,50.92096597382916,50.92649957723772,39.907716075435786,31.62781961106821,0.7507219741868898
1645814119.8773108,-51.73813021099961,19.950339217442924,15.552373599356036,-11.791233167612766,51.57186745880953,14.799999999999997,50.94777356974978,50.95332862284369,39.94689704338684,31.621528241366605,0.752373599356039
1645814119.9774528,-51.78148615497935,19.99078301823225,15.553271088551526,-11.7852325247607,51.62053136370609,14.799999999999997,50.99158052905189,50.997144059090516,39.996253630218646,31.629748345473843,0.7532710885515286
1645814120.0774527,-51.87201259482826,20.02611480775939,15.550393430741087,-11.77826048172737,51.682816652572825,14.799999999999997,51.084789616853634,51.09030064991883,40.09375211310089,31.656701844813433,0.7503934307410898
1645814120.1778717,-51.92345261515955,20.068921991997534,15.54885494103827,-11.77545233235838,51.74304314707573,14.799999999999997,51.13816459019989,51.143647321804224,40.14800028280116,31.674121155078197,0.7488549410382728
1645814120.2774868,-51.97132719314089,20.118388042019994,15.545923538970554,-11.77545233235838,51.80124629186054,14.799999999999997,51.18116707054633,51.18660239388005,40.19587486078251,31.682858249840542,0.7459235389705565
1645814120.377707,-52.0213192676233,20.15915684420556,15.543361247585231,-11.77112688812531,51.8643049385768,14.799999999999997,51.23762682123959,51.2430189217714,40.25019237949799,31.70514809437124,0.7433612475852343
1645814120.4783425,-52.08092612212511,20.19959913457656,15.538477769853168,-11.76485943588763,51.9296275060495,14.799999999999997,51.30477495812281,51.31008948462469,40.316066686237484,31.73002837147294,0.738477769853171
1645814120.5776746,-52.171937066775456,20.228502770158922,15.526350298392536,-11.762991536270965,51.987373171381556,14.799999999999997,51.395610007557394,51.40074233709966,40.40894553050449,31.758870401222634,0.7263502983925392
1645814120.6790147,-52.226977071896314,20.269740579925,15.516491429684603,-11.762991536270965,52.04331588700733,14.799999999999997,51.44797579324312,51.452964668626635,40.46398553562535,31.773575307082332,0.7164914296846057
1645814120.777293,-52.27806125174246,20.311222646967003,15.508210354966064,-11.762991536270965,52.10148102717331,14.768379943836647,51.498460189891034,51.50377414294048,40.51506971547149,31.790258380206303,0.7398304111294163
1645814120.8773844,-52.32214530490723,20.357027899025464,15.503634790857236,-11.762991536270965,52.162553231939405,14.72135529088113,51.54256877698774,51.548504899236356,40.559153768636264,31.80552533291394,0.7822794999761058
1645814120.9789717,-52.38061036617249,20.38989727346876,15.494778667259792,-11.762991536270965,52.22807820491958,14.700000000000003,51.608727211925796,51.61484667772346,40.617618829901524,31.838180931450825,0.7947786672597896
1645814121.078158,-52.45371310981588,20.428118519013225,15.478986711750357,-11.762991536270965,52.2948533028477,14.700000000000003,51.68388151018651,51.68975167531842,40.69072157354491,31.866734783834474,0.7789867117503544
1645814121.1792467,-52.51464815374811,20.46315125488389,15.466278330989525,-11.762991536270965,52.36417152472771,14.700000000000003,51.752996157959345,51.7586687793098,40.751656617477146,31.90102026984382,0.7662783309895218
1645814121.2774012,-52.57930665333465,20.497959781204727,15.454338145429155,-11.762991536270965,52.432203273488035,14.700000000000003,51.824390851797574,51.829880505337165,40.81631511706368,31.934243492283308,0.754338145429152
1645814121.377468,-52.63384527090401,20.555127100213916,15.449308781646751,-11.767507859701363,52.49710482624576,14.700000000000003,51.86855959496635,51.87397168240378,40.86633741120265,31.941977726031844,0.7493087816467483
1645814121.477335,-52.73263841563837,20.56196956732477,15.440404627963387,-11.773574833906856,52.56033790993977,14.700000000000003,51.97634525514458,51.98161853092976,40.95906358173151,31.998368342615,0.7404046279633842
1645814121.5777607,-52.79034757166178,20.58136785812568,15.440077759716678,-11.779766232810287,52.624867810697836,14.700000000000003,52.04472760002733,52.049989299244565,41.010581338851495,32.043499952572155,0.7400777597166748
1645814121.6775267,-52.859151474290776,20.618686307980134,15.440651322889485,-11.785956915410916,52.6893902456655,14.700000000000003,52.11081809308184,52.11608126780412,41.07319455887986,32.070703937685366,0.740651322889482
1645814121.7775273,-52.90891393145532,20.66236709680163,15.449930254083638,-11.79156900609178,52.74788230209106,14.700000000000003,52.154734585655575,52.16012591133353,41.11734492536354,32.085515205289425,0.749930254083635
1645814121.879494,-52.95643556391381,20.68033636031889,15.453535781185213,-11.79701298043687,52.8046221647697,14.700000000000003,52.21175926792039,52.21719661208171,41.15942258347694,32.12428580445081,0.7535357811852101
1645814121.9792166,-53.00707991784327,20.712616446658522,15.457637753126702,-11.800373924533215,52.86726803854445,14.700000000000003,52.26771697534404,52.27320779117759,41.20670599331005,32.15465159188593,0.7576377531266996
1645814122.0772593,-53.077672755955106,20.7518320707662,15.454981321912427,-11.800373924533215,52.94090075444056,14.700000000000003,52.34454643552477,52.34999081506362,41.27729883142189,32.189068683674364,0.7549813219124246
1645814122.177225,-53.14934711964541,20.79198235776086,15.450675581153277,-11.804355470599361,53.016950304132465,14.700000000000003,52.42000470816809,52.425379420968476,41.34499164904605,32.224967946371606,0.7506755811532742
1645814122.277683,-53.20940432352339,20.832505383631293,15.44834556500196,-11.81082203942312,53.09397643117099,14.700000000000003,52.48471329144004,52.490048107896804,41.398582284100264,32.26147104753969,0.7483455650019568
1645814122.3791506,-53.27492888327523,20.87867631850836,15.442513358480129,-11.821566699568576,53.16345491412417,14.700000000000003,52.542251239373954,52.54749747979455,41.45336218370665,32.28477859561581,0.7425133584801262
1645814122.477341,-53.3495390439972,20.92509569810755,15.430281457395115,-11.833780194913754,53.22710253707424,14.700000000000003,52.60207104896062,52.607140101386584,41.51575884908344,32.30200683896669,0.7302814573951117
1645814122.5782082,-53.420428964766174,20.965460770303608,15.419306188814025,-11.842037938845149,53.298823412843376,14.700000000000003,52.67075982059093,52.675671248420194,41.57839102592102,32.33336264253977,0.7193061888140218
1645814122.6773086,-53.48962237578055,20.993111737554834,15.409298123953484,-11.848196177414707,53.37217688036189,14.700000000000003,52.74857567134957,52.753344341233344,41.64142619836584,32.37906514280706,0.7092981239534808
1645814122.777506,-53.55934038856873,21.049489334783686,15.39907256064681,-11.858449625005763,53.445279629093775,14.700000000000003,52.80579058462743,52.81041773847823,41.70089076356297,32.39579029431009,0.6990725606468065
1645814122.8782656,-53.62789613958516,21.07063146026891,15.387890137749732,-11.870706605035206,53.51827875209229,14.700000000000003,52.88206399715221,52.88653784698441,41.75718953454995,32.44764729182339,0.6878901377497293
1645814122.977814,-53.71653330755702,21.108313462005665,15.383437482538605,-11.87917366334398,53.592737264306194,14.700000000000003,52.967937960304766,52.97234692326963,41.83735964421304,32.484423802300526,0.6834374825386025
1645814123.0781722,-53.802989633000024,21.150059612426567,15.376850553098535,-11.885589706606563,53.66916155930677,14.700000000000003,53.05243074563878,53.05674824838051,41.91739992639346,32.519101946880205,0.6768505530985323
1645814123.1772733,-53.891627054432284,21.180589061972725,15.373642574471972,-11.900321070962407,53.74992564119644,14.700000000000003,53.14161705676779,53.145886555088104,41.99130598346988,32.569336579223716,0.6736425744719696
1645814123.2774346,-53.966041315718954,21.23144205324601,15.37852736669957,-11.919152388199512,53.83404115980906,14.700000000000003,53.20592388998073,53.210250294222284,42.04688892751944,32.60259910656305,0.6785273666995675
1645814123.3774254,-54.05135518575153,21.261115843442226,15.373580120949153,-11.933591162694391,53.917764027910444,14.700000000000003,53.29505340034906,53.29930981847134,42.11776402305714,32.65664818446822,0.6735801209491505
1645814123.4773028,-54.15719718435895,21.285987975664877,15.368884001171939,-11.946055871521379,54.001279861866955,14.700000000000003,53.40478231517981,53.40897096873114,42.21114131283757,32.71529188620208,0.6688840011719357
1645814123.5774148,-54.24730184635002,21.317562703086057,15.367810184091043,-11.958506605472735,54.08470206186814,14.700000000000003,53.497921685638325,53.50208963325327,42.288795240877285,32.76713935878209,0.6678101840910404
1645814123.6773627,-54.30315428668773,21.342387913326817,15.379746503158907,-11.970917722984195,54.16785882458108,14.700000000000003,53.567992243791984,53.57230486304948,42.33223656370353,32.825470911254264,0.6797465031589045
1645814123.777279,-54.41469334439343,21.391366560382064,15.37709571020577,-11.985977684072239,54.249390291320125,14.700000000000003,53.664193239880845,53.66846462018503,42.42871566032119,32.85802373093806,0.6770957102057675
1645814123.8773196,-54.51832987363565,21.43437787444126,15.37354226230229,-12.002277398096476,54.33028738150172,14.700000000000003,53.75644687290551,53.76066628659488,42.516052475539176,32.89590950706046,0.6735422623022878
1645814123.9780152,-54.51470984803201,21.434108459254606,15.390262451815346,-12.020562733520055,54.416892501461156,14.700000000000003,53.792346873552745,53.7967754090987,42.49414711451196,32.982784042206546,0.6902624518153431
1645814124.0776737,-54.59809535632708,21.474396305827625,15.394147586821767,-12.041510959447994,54.510463804294446,14.700000000000003,53.874341121650374,53.87881283180095,42.55658439687909,33.03606749846682,0.6941475868217637
1645814124.1771276,-54.710533987560424,21.51631667945556,15.389841179865599,-12.061360504970674,54.604969426491515,14.700000000000003,53.97972711455632,53.98413489364635,42.64917348258975,33.08865274703595,0.6898411798655957
1645814124.277389,-54.82374426329875,21.54833506460144,15.387545793017155,-12.080700882657032,54.70095762930777,14.700000000000003,54.093106218420246,54.097475537910185,42.743043380641716,33.152622564706334,0.6875457930171525
1645814124.3779068,-54.92041176243272,21.60992243339784,15.389220807421715,-12.099768350578595,54.795591355205985,14.700000000000003,54.174681577218614,54.17906560023357,42.82064341185413,33.185668921808144,0.6892208074217123
1645814124.47737,-54.98088537113127,21.63680697210262,15.400176358335859,-12.118483298457877,54.8884754898931,14.700000000000003,54.248124121084004,54.252642494069434,42.8624020726734,33.251668517790485,0.700176358335856
1645814124.5771534,-55.071498807914516,21.66671493332558,15.405310245869968,-12.137024079419582,54.97420724107515,14.700000000000003,54.33928748191834,54.34386466369038,42.93447472849493,33.30749230774957,0.7053102458699652
1645814124.677195,-55.16981780117394,21.70124517679313,15.407821376253798,-12.1555059020139,55.05676164090037,14.700000000000003,54.43180602134703,54.436408017486166,43.01431189916004,33.35551646410724,0.7078213762537953
1645814124.7771277,-55.25388088559185,21.748288759572407,15.415266247654856,-12.17416498669402,55.14627595927109,14.700000000000003,54.50951725085251,54.51420986060443,43.07971589889783,33.397987199698676,0.7152662476548528
1645814124.8771245,-55.348153141280974,21.789948996014104,15.415120464046623,-12.1929366756132,55.23944170494599,14.700000000000003,54.6007442319565,54.605427092566806,43.15521646566778,33.449492708931885,0.7151204640466204
1645814124.9772196,-55.470892970531196,21.82115956126127,15.406344814591856,-12.215546674507731,55.331274816418166,14.700000000000003,54.71702484239078,54.72158377276658,43.25534629602346,33.5101152551569,0.7063448145918532
1645814125.0772498,-55.70002445921701,21.939507537576134,15.411316856753778,-12.240014091812478,55.42235047285491,14.700000000000003,54.862311946940935,54.86692303960702,43.460010367404536,33.482842935278775,0.7113168567537755
1645814125.1777806,-55.8122910876774,21.999039252070265,15.410970721965901,-12.26102219145987,55.521497983400444,14.700000000000003,54.958786939527506,54.963385460066704,43.55126889621753,33.522458731330175,0.7109707219658983
1645814125.27727,-55.89248034960973,22.036930332160157,15.418039095890677,-12.279784742081764,55.62393041248825,14.700000000000003,55.0468327204286,55.05151562576707,43.61269560752796,33.587000080328096,0.7180390958906742
1645814125.3772392,-55.98045756897807,22.076140904374956,15.423376123348678,-12.29878715627333,55.72149717787516,14.700000000000003,55.13708669139968,55.14183168730211,43.68167041270474,33.6453562735002,0.7233761233486753
1645814125.4774168,-56.06118152397188,22.108852866188418,15.426810271823449,-12.317909074252164,55.816401145360324,14.700000000000003,55.2238417316571,55.22862436069126,43.74327244971972,33.7075482791719,0.7268102718234459
1645814125.5774472,-55.97021785651907,22.063890855072458,15.444201322850192,-12.336517045059312,55.90875434227296,14.700000000000003,55.221142970525534,55.22615744898565,43.63370081145976,33.8448634872005,0.7442013228501896
1645814125.6771967,-56.068973296469565,22.10406373017523,15.44314273819167,-12.35486042609761,55.99979435403086,14.700000000000003,55.31585865345131,55.32085031611437,43.714112870371956,33.89573062385563,0.7431427381916667
1645814125.7771456,-56.16458946340517,22.149948238124328,15.441229575995,-12.371937919518498,56.08992576771266,14.700000000000003,55.40503951765797,55.409997520642165,43.79265154388668,33.93997752958833,0.7412295759949963
1645814125.877192,-56.24311283605458,22.18922858043641,15.442663359949925,-12.388360395334354,56.17958277369542,14.700000000000003,55.484984363519985,55.48995439434303,43.854752440720226,33.99035419325901,0.7426633599499226
1645814125.977097,-56.350876736791214,22.231603495555966,15.435084058228455,-12.40647700444957,56.2745257778767,14.700000000000003,55.58804570549281,55.59290578777673,43.944399732341644,34.04292228232073,0.7350840582284519
1645814126.077787,-56.47768544541198,22.268928765526635,15.420245640564358,-12.427533912178472,56.37903329059869,14.700000000000003,55.71279099822747,55.71744641128959,44.0501515332335,34.11010452507206,0.7202456405643556
1645814126.1773574,-56.586520140424646,22.315793332954854,15.408302903602602,-12.451409496575437,56.48403739499292,14.700000000000003,55.81556139489964,55.820055417663845,44.13511064384921,34.16824406203806,0.7083029036025987
1645814126.2799256,-56.81258214847283,22.421047629673254,15.397287333033365,-12.47810514365625,56.593344228535074,14.700000000000003,55.9758135816818,55.980156446333744,44.33447700481658,34.17229659886182,0.697287333033362
1645814126.3779604,-56.88582708572714,22.451581079709484,15.38951134137645,-12.502859694791653,56.68832233396708,14.700000000000003,56.05356586458909,56.05780652171215,44.38296739093549,34.236741254257595,0.6895113413764467
1645814126.4772367,-56.96882265341246,22.49564315663505,15.382249470097515,-12.527599951304728,56.780413585964425,14.700000000000003,56.129027772179995,56.133173997107995,44.44122270210773,34.28477042932937,0.6822494700975117
1645814126.5771394,-57.06459639584135,22.538454761496364,15.372391383166192,-12.553083250113255,56.88179307054548,14.700000000000003,56.22045614126699,56.224476866434976,44.511513145728095,34.343338309049116,0.6723913831661896
1645814126.6770573,-57.181485656405144,22.58369448830219,15.361789418311737,-12.578846398976609,56.98728173863498,14.700000000000003,56.32940834430596,56.333295746421186,44.602639257428535,34.40358725033279,0.6617894183117343
1645814126.7772236,-57.29396600605059,22.627025923059925,15.354058087253945,-12.603156854506338,57.08682227154203,14.664382744456375,56.433553733560075,56.43776784279367,44.69080915154425,34.45979634848211,0.6896753427975693
1645814126.877442,-57.41822556484926,22.667770456652768,15.340885671772774,-12.626963486026336,57.18429986848986,14.616619681500794,56.54774939157186,56.55238741624159,44.791262078822925,34.51652941183709,0.7242659902719808
1645814126.977766,-57.53663653042247,22.710025126903474,15.332840359281906,-12.655461630891248,57.2844333585191,14.599999999999994,56.65429873300633,56.65903828976375,44.881174899531224,34.57440823161563,0.7328403592819122
1645814127.0778887,-57.605319042215484,22.734857946965633,15.340905258598797,-12.686383736949793,57.38572320541248,14.599999999999994,56.73088411189873,56.73572201637962,44.91893530526569,34.65086525844685,0.7409052585988025
1645814127.177612,-57.701530028652456,22.76706979897167,15.33858417586445,-12.717895699809345,57.48894521444644,14.599999999999994,56.82548714968331,56.830286787800574,44.98363432884311,34.72187541547477,0.7385841758644549
1645814127.277215,-57.812534466607204,22.80987230131749,15.336139789626664,-12.749774836371651,57.59336995456303,14.599999999999994,56.92577636260857,56.930535886074324,45.062759630235554,34.78349765324554,0.7361397896266695
1645814127.3775632,-57.92050319237334,22.853564916550194,15.335273559366486,-12.781343690751262,57.696778320069726,14.599999999999994,57.022743188977515,57.02748344441638,45.139159501622075,34.84321340351953,0.7352735593664921
1645814127.477628,-58.02843308995858,22.8938029740933,15.335966360930742,-12.812573028460521,57.79907454930699,14.599999999999994,57.12137940246538,57.126120394481696,45.21586006149806,34.90527157521369,0.7359663609307479
1645814127.5774174,-58.13528030343113,22.906264688500872,15.343856104109593,-12.83928094248457,57.90058138222151,14.599999999999994,57.23923269023866,57.24406590093778,45.29599936094656,34.994316693720634,0.7438561041095983
1645814127.6771677,-58.26289755346697,22.942453520436164,15.340267488165718,-12.864006770715802,58.001822682396295,14.599999999999994,57.36042756412098,57.365204142344034,45.39889078275117,35.059369161960134,0.7402674881657241
1645814127.7774136,-58.35448002655617,22.99231622437953,15.346438213143783,-12.894100005856982,58.08939752286166,14.599999999999994,57.43214489550821,57.43699537149111,45.46038002069918,35.09708129848213,0.7464382131437883
1645814127.8771245,-58.47538959974324,23.008731013320936,15.350375113032404,-12.92650752705559,58.169818386492025,14.599999999999994,57.54131318744279,57.54620566245559,45.54888207268765,35.161087373171085,0.7503751130324101
1645814127.9772007,-58.57604951402019,23.02995852800295,15.354953497095563,-12.959906004168584,58.26313185102591,14.599999999999994,57.63860729685923,57.643551295043665,45.61614350985161,35.23317332302296,0.7549534970955687
1645814128.0772934,-58.69356284339466,23.06674527810284,15.36001903410768,-12.994750812513196,58.377271079188034,14.599999999999994,57.75131733028208,57.7563181159875,45.69881203088146,35.31052580108519,0.7600190341076853
1645814128.177602,-58.79159247000898,23.09959509799717,15.364564919796779,-13.028363644166706,58.487374789097025,14.630965109823268,57.84952950571181,57.85418077125813,45.763228825842276,35.38777969109985,0.7335998099735104
1645814128.2774303,-58.898565765956775,23.139906329559924,15.369551859554777,-13.060911131922783,58.593988810582005,14.683204930662558,57.94896502026672,57.953029420616964,45.837654634033996,35.454082481022084,0.6863469288922186
1645814128.3771286,-58.99106440104858,23.172882916194748,15.381170309166073,-13.097878445414949,58.70061136877895,14.700000000000003,58.03795315273385,58.04195033894897,45.89318595563363,35.5277284525842,0.6811703091660704
1645814128.477117,-59.10239494698989,23.199468073069454,15.387118600759997,-13.13707793050363,58.80761437177236,14.700000000000003,58.14422113379722,58.148280999763195,45.96531701648626,35.608146298702906,0.6871186007599945
1645814128.577345,-59.24932347925022,23.23052431071485,15.378184505027672,-13.16929059719683,58.90818433522313,14.700000000000003,58.27748154506608,58.28142748301879,46.08003288205339,35.677660024508285,0.6781845050276694
1645814128.678291,-59.386986084825665,23.263585526312596,15.369715376667015,-13.199596468954885,59.00745561767745,14.700000000000003,58.40290411132493,58.40674385139406,46.18738961587078,35.743870091364855,0.6697153766670123
1645814128.7772439,-59.49503928444557,23.304617608336084,15.37787268814525,-13.22933438455636,59.10486647755577,14.700000000000003,58.499344175654635,58.503271535556294,46.26570489988921,35.800248869219686,0.6778726881452464
1645814128.8777442,-59.58731527126506,23.374901019080898,15.389643271107301,-13.259550527296913,59.20384383997089,14.700000000000003,58.56598782429152,58.57004812766032,46.327764743968146,35.82894282088999,0.6896432711072986
1645814128.9790676,-59.779629407708235,23.426531500085513,15.393844187362548,-13.294914766856325,59.30649084178774,14.700000000000003,58.72137751793326,58.72547656136964,46.48471464085191,35.87995934170223,0.6938441873625454
1645814129.0771556,-59.85515003101403,23.44114542024329,15.398959888923324,-13.331907056315817,59.40746885299047,14.700000000000003,58.804664425126894,58.80881824248901,46.523242974698206,35.966323432747174,0.6989598889233211
1645814129.1770382,-59.96702982694761,23.48037472485601,15.407371203467505,-13.365231417349204,59.515071762454426,14.700000000000003,58.90863269165524,58.91287957331442,46.6017984095984,36.03469703759842,0.7073712034675026
1645814129.2773328,-60.08361592172938,23.51958305259097,15.413377174883818,-13.396226577213568,59.62583083089591,14.700000000000003,59.02011057626678,59.02442172040658,46.687389344515815,36.10624777830493,0.7133771748838154
1645814129.3770785,-60.211742921889396,23.549300809507717,15.418282049751415,-13.423739995996405,59.73837340560193,14.700000000000003,59.15036934084815,59.154730345609245,46.78800292589299,36.18907259609422,0.7182820497514122
1645814129.4774415,-60.233190166847926,23.547557527158418,15.430254977526001,-13.449415658618525,59.85306117000163,14.700000000000003,59.21833459324365,59.222837016893735,46.7837745082294,36.30550364284321,0.7302549775259983
1645814129.5778184,-60.36326722776104,23.592404017083556,15.435109219944845,-13.478926165484863,59.95954708676183,14.700000000000003,59.3355756009351,59.3401290650731,46.88434106227618,36.36714306967828,0.7351092199448424
1645814129.6778224,-60.476142750652876,23.627813025556513,15.445828985533911,-13.510131945046572,60.06176614826302,14.700000000000003,59.44105577073731,59.44573468311722,46.9660108056063,36.433953122706505,0.7458289855339082
1645814129.77704,-60.58755180247287,23.6616335710901,15.460252056480838,-13.538015897700646,60.158479746601934,14.700000000000003,59.54560109372836,59.55045417797254,47.04953590477223,36.496846175511834,0.7602520564808355
1645814129.8779154,-60.69279450996592,23.703962812226976,15.474997596913491,-13.56491023198823,60.25458479620002,14.700000000000003,59.640468173328,59.6455033108865,47.12788427797769,36.550621983973045,0.7749975969134884
1645814129.977391,-60.832377228836684,23.750680340706428,15.491891867474285,-13.59443251837363,60.356458161088455,14.719524833683664,59.76124488582829,59.76623579529519,47.237944710463054,36.60577782038203,0.772367033790621
1645814130.0786893,-60.94424780189145,23.791017863152014,15.510969752747918,-13.630284613298796,60.47389690312837,14.777068661018049,59.86856209458381,59.87306020311205,47.31396318859265,36.682879039976356,0.7339010917298694
1645814130.1771474,-61.0671724908551,23.832667052391972,15.530791222696262,-13.664366146293162,60.59143040503491,14.799999999999997,59.985270963426075,59.98972235614045,47.40280634456194,36.758763352642944,0.730791222696265
1645814130.2772315,-61.174416471538166,23.874130178125778,15.551318096323278,-13.698469922435551,60.71329789958559,14.799999999999997,60.092343764768366,60.09704034330608,47.475946549102616,36.839167721459816,0.7513180963232813
1645814130.3770552,-61.29928893634593,23.912487858465905,15.570080953250615,-13.724966633417916,60.824143718351706,14.799999999999997,60.21450390812429,60.21942797450068,47.57432230292802,36.9116558598858,0.7700809532506181
1645814130.477064,-61.42121122157094,23.958505439249986,15.587499023394482,-13.749040107185532,60.93167484185731,14.799999999999997,60.32952141723935,60.3346609267425,47.67217111438541,36.973169402607326,0.787499023394485
1645814130.5771031,-61.535672524729705,24.00497189272497,15.601824990361072,-13.777778913669408,61.034959538634055,14.833802010644584,60.432080778519726,60.436960930534106,47.7578936110603,37.02998764590909,0.7680229797164877
1645814130.6773229,-61.65556438910912,24.047494120662165,15.618429870862421,-13.808754197861825,61.13642357908914,14.883518391484321,60.53846656341254,60.542927156951535,47.84681019124729,37.088929458426975,0.7349114793781002
1645814130.7771473,-61.722420794870175,24.086493772092922,15.638933546556771,-13.835405806277347,61.24323919219272,14.899999999999991,60.6117969930922,60.616301087397666,47.887014988592824,37.156745420099796,0.7389335465567797
1645814130.8770869,-61.81172255622402,24.13159389987288,15.658366916375925,-13.859989789990259,61.35305065737543,14.899999999999991,60.702598943001846,60.70733595550691,47.95173276623376,37.22145675750255,0.7583669163759339
1645814130.9777846,-61.896122509382366,24.179195906549126,15.677729417845008,-13.883923181784635,61.45995606556921,14.899999999999991,60.78672850472671,60.791703589838114,48.01219932759773,37.28076015902008,0.7777294178450163
1645814131.0774138,-62.01001167963765,24.22506602136937,15.69186958014987,-13.907140072216876,61.563661013313464,14.899999999999991,60.89381686881222,60.89896542868694,48.102871607420774,37.33859499194409,0.7918695801498785
1645814131.1770742,-62.12460373467769,24.27673828233658,15.707815559583798,-13.935755600355252,61.68132821787907,14.927359946160472,61.00220022883501,61.007192557299355,48.18884813432244,37.40458993554249,0.7804556134233263
1645814131.2778423,-62.232156798287704,24.32983870433725,15.72213045408424,-13.970100340455943,61.81428415958541,14.982484417449324,61.108998884177566,61.11347495344971,48.26205645783176,37.484445455248164,0.739646036634916
1645814131.37716,-62.388371120841114,24.357773667003638,15.739289733707936,-13.997931433793479,61.93210035841029,15.0,61.26552602743527,61.269986361421,48.39043968704763,37.574326691406654,0.7392897337079365
1645814131.4771137,-62.512951128540436,24.400960278192837,15.7487094069964,-14.023058574944493,62.04433799319998,15.0,61.38642818778411,61.390993895115436,48.48989255359594,37.64337771500715,0.7487094069964009
1645814131.577318,-62.63821954354299,24.447507402530817,15.758026819538028,-14.047781762903934,62.15477125436376,15.0,61.50502736285792,61.50969838623045,48.59043778063905,37.70726385183294,0.7580268195380278
1645814131.678394,-62.770306305627415,24.491791614035908,15.767357256114998,-14.072508894824997,62.26522213237146,15.0,61.63041072220011,61.635187701065625,48.697797410802416,37.77343051833556,0.7673572561149982
1645814131.777396,-62.88271799700785,24.542066565607826,15.775677261733858,-14.095033882601719,62.365836497165944,15.0,61.73229052191824,61.73716359128339,48.78768411440613,37.82376993155812,0.7756772617338576
1645814131.877252,-62.99872807952223,24.59299670709852,15.781231650123729,-14.116879773688273,62.463417480294154,15.0,61.835296258152184,61.840231130103355,48.881848305833955,37.87042077319563,0.7812316501237291
1645814131.977226,-63.104749136451915,24.641206965864992,15.791629288110478,-14.14156605390006,62.57778909434861,15.0,61.94011269901497,61.94517122501535,48.96318308255185,37.93658212848362,0.7916292881104781
1645814132.0772555,-63.29652964128523,24.713248512398742,15.808046521187686,-14.170953509354968,62.71999561544093,15.0,62.111472818221614,62.11672878403277,49.125576131930266,38.00674710304219,0.8080465211876859
1645814132.1771727,-63.426143622936884,24.757092354788497,15.822988676807883,-14.197106747637969,62.84032768158939,15.033546741147093,62.24010672087602,62.2451130868586,49.22903687529892,38.083235326800896,0.7894419356607898
1645814132.2769432,-63.54515128371419,24.802184823536106,15.842933968104719,-14.221708144462607,62.950216927466016,15.082904335662022,62.354425636946175,62.35905741394462,49.32344313925158,38.14803210392991,0.7600296324426967
1645814132.3771954,-63.63289882929743,24.851244483228765,15.859351799306594,-14.250933393546674,63.05609823704769,15.099999999999994,62.43548158417916,62.44009910148674,49.38196543575076,38.204853753818924,0.7593517993066001
1645814132.4773798,-63.732706400291804,24.89701589216797,15.876952075698258,-14.2825070633179,63.1595223759407,15.099999999999994,62.52472804328864,62.52955518325023,49.4501993369739,38.26250648377273,0.7769520756982633
1645814132.5791295,-63.85210476573182,24.94698125651716,15.891198562399452,-14.310068082112593,63.27068912012233,15.099999999999994,62.63481446588651,62.63981144879963,49.54203668361923,38.323707863605165,0.7911985623994582
1645814132.6770606,-63.98422813577578,24.987586495715814,15.90078154750631,-14.334622010661022,63.38036633523041,15.099999999999994,62.762161627723366,62.76727000014656,49.64960612511476,38.3927798395146,0.8007815475063165
1645814132.7773426,-64.09725211278368,25.04401486284001,15.91151483052572,-14.359188657560418,63.49010035972683,15.099999999999994,62.864747246049966,62.86998491036808,49.73806345522326,38.44608549688682,0.8115148305257254
1645814132.8772793,-64.20945240536342,25.082690893296235,15.9171651035247,-14.383414451605239,63.59831186612827,15.099999999999994,62.976877638481014,62.98217903422069,49.82603795375818,38.51562097283204,0.8171651035247063
1645814132.9782743,-64.33549090772252,25.125660581800886,15.920317785463032,-14.407792373100584,63.70720289446888,15.131243700982845,63.09762664465502,63.102560376731766,49.92769853462193,38.58154231266799,0.7890740844801876
1645814133.076955,-64.44159175444918,25.182805182025902,15.919051840317483,-14.431554361502645,63.81334268013408,15.178917196791952,63.192739040467714,63.19707324494702,50.01003739294653,38.630537498108175,0.7401346435255309
1645814133.177197,-64.48988374457407,25.21906382674743,15.908228658766712,-14.456654587910434,63.92546009221635,15.170724410711093,63.25748281193872,63.26178186091997,50.03322915666364,38.70639626546892,0.7375042480556182
1645814133.277117,-64.60472919967756,25.25357612086014,15.900793030182077,-14.482413778653248,64.0405209586883,15.11904394310271,63.377232449968794,63.38205364811499,50.12231542102432,38.786944837828166,0.7817490870793673
1645814133.3770266,-64.55356638539995,25.236773259576985,15.888651876498356,-14.508030323085253,64.1549446544629,15.099999999999994,63.397001068553365,63.40190625106205,50.045536062314696,38.91817139488591,0.7886518764983617
1645814133.477202,-64.69096126762344,25.299712138017956,15.886713300614145,-14.533633138087048,64.26930702392185,15.099999999999994,63.516823682119444,63.52169557310961,50.15732812953639,38.9695948859039,0.7867133006141511
1645814133.5771444,-64.84875059826362,25.345838126775195,15.889055740030432,-14.558660199826736,64.3748027540826,15.133928668876385,63.658096674048984,63.662575262521045,50.29009039843689,39.0289646273074,0.7551270711540479
1645814133.6769397,-65.03242752364639,25.407761095334564,15.897115557892818,-14.583410374313202,64.47614374029438,15.183584754348463,63.807851035955686,63.811840437604666,50.44901714933319,39.06838264495981,0.713530803544355
1645814133.7780035,-65.14354739642846,25.465053484527537,15.90639109722764,-14.606933054688183,64.57816902558702,15.200000000000003,63.90450059623389,63.90840464943793,50.536614341740275,39.11311554105948,0.7063910972276375
1645814133.8776898,-65.27286000067812,25.505972837987812,15.918432795813175,-14.629398016042494,64.67851526489608,15.200000000000003,64.02537248604776,64.02940314932869,50.64346198463563,39.172542426908265,0.7184327958131718
1645814133.9771888,-65.36458148446626,25.55679168373326,15.929911523274459,-14.653688811742246,64.78701712092955,15.200000000000003,64.11400177432209,64.1181565108479,50.710892672724015,39.23022543719629,0.7299115232744562
1645814134.0771751,-65.44544382264243,25.593521261635054,15.946546300663334,-14.680274425632867,64.9057694455407,15.200000000000003,64.20712796240048,64.21146792091817,50.765169397009565,39.312248183905645,0.746546300663331
1645814134.1770577,-65.57683634030097,25.630960352547177,15.956176588623117,-14.710296162636876,65.01721758561514,15.200000000000003,64.33259025156157,64.33703421442813,50.86654017766409,39.386257233067965,0.7561765886231147
1645814134.2770019,-65.69177051704587,25.680157868568095,15.960832249378994,-14.742788433043534,65.12365073465548,15.200000000000003,64.43281698694446,64.43730884033545,50.94898208400233,39.44349286608739,0.760832249378991
1645814134.3771126,-65.80930875633001,25.722934728186345,15.960518127176144,-14.770526106962068,65.2346916575509,15.200000000000003,64.5456138709255,64.55009417341212,51.038782649367946,39.51175692936455,0.760518127176141
1645814134.4769676,-65.99199213964214,25.77683609259467,15.970759844422789,-14.795812730188938,65.34764166349918,15.200000000000003,64.70623957282054,64.71082993126437,51.196179409453194,39.570805570904504,0.7707598444227859
1645814134.5771265,-66.12919001073145,25.827678120346608,15.970104742125782,-14.824871105148251,65.4582809498324,15.200000000000003,64.8283720217794,64.83294594809088,51.3043189055832,39.630602829485795,0.7701047421257794
1645814134.6774158,-66.26655460048187,25.869860933187006,15.964833980357774,-14.855554036986815,65.56792429293384,15.200000000000003,64.95403923894311,64.9585420439196,51.41100056349505,39.69806335974683,0.7648339803577713
1645814134.777553,-66.38743635685132,25.91390616532895,15.96015491630383,-14.882088971747965,65.6712702493246,15.200000000000003,65.06495837367116,65.0693986729887,51.50534738510336,39.757364083995654,0.7601549163038275
1645814134.8772783,-66.47662753272695,25.96617212838333,15.954666943824165,-14.90648334252501,65.77115437823295,15.200000000000003,65.14534813560414,65.14971915446115,51.570144190201944,39.804982249849616,0.7546669438241622
1645814134.9771156,-66.56355702691401,26.012179013810574,15.952672452076502,-14.931138894837497,65.87790207716189,15.200000000000003,65.23175973043656,65.23610191718632,51.632418132076516,39.86572306335132,0.7526724520764994
1645814135.0790212,-66.59657147487616,26.007616579228277,15.95240218357881,-14.95644668537741,65.99094663463389,15.200000000000003,65.30979383365488,65.31412771859056,51.64012478949875,39.98333005540561,0.7524021835788073
1645814135.1769423,-66.69201392833703,26.046565773489668,15.946570590730799,-14.984698617926433,66.09991589930462,15.200000000000003,65.4057895977974,65.41005030236781,51.7073153104106,40.05335012581495,0.746570590730796
1645814135.2786515,-66.78835612688333,26.091429454671275,15.94027462526112,-15.016431107542004,66.21330976344584,15.200000000000003,65.49883586537956,65.50301906203055,51.771925019341325,40.121880308774564,0.740274625261117
1645814135.3770964,-66.88639676326261,26.129037152666598,15.940394702348504,-15.047576851165905,66.32460693209065,15.200000000000003,65.59685266665879,65.60103096816853,51.8388199120967,40.19556977942405,0.7403947023485014
1645814135.4805598,-67.00274743875971,26.163213292815144,15.944394140520904,-15.080573973922492,66.44251987700727,15.200000000000003,65.71403682788016,65.71825285909868,51.92217346483722,40.27930658419213,0.7443941405209014
1645814135.5772693,-67.10576586497393,26.19260871602976,15.95449651659095,-15.107450518275177,66.54764270529333,15.200000000000003,65.82061658150388,65.8249408063759,51.99831534669875,40.35503398926357,0.7544965165909474
1645814135.6791809,-67.20856925120977,26.22950378930448,15.960916548363056,-15.13392632072338,66.65604937373574,15.200000000000003,65.92476032741989,65.929151505395,52.07464293048639,40.42654558443126,0.7609165483630527
1645814135.7772944,-67.36652775784857,26.28836906318756,15.934283029682783,-15.159592561565898,66.7508619038575,15.200000000000003,66.05132405538987,66.05540538849039,52.20693519628267,40.46249284066994,0.7342830296827803
1645814135.8777692,-67.52759137267735,26.34652876551893,15.919355455899774,-15.18593163967122,66.84498278456772,15.200000000000003,66.17986190329204,66.18377137796499,52.34165973300613,40.49845401904879,0.7193554558997715
1645814135.977207,-67.65765029030041,26.38923503442483,15.907446976448558,-15.215526261520436,66.95471405626847,15.200000000000003,66.30033530021984,66.30410954191349,52.44212402877997,40.56547902184364,0.7074469764485549
1645814136.0771995,-67.79221198942545,26.443783110234982,15.896215817676316,-15.251147428071638,67.0926113217481,15.200000000000003,66.42959205210772,66.433240299373,52.541064561353814,40.64882821151311,0.6962158176763129
1645814136.178326,-67.91746921691515,26.487949839190712,15.89088550187434,-15.284938500326493,67.21733022660412,15.200000000000003,66.55122625748729,66.55481229146368,52.63253071658866,40.72938038741341,0.6908855018743374
1645814136.2784867,-68.13814834051729,26.55088668309108,15.89808776885242,-15.317107623065091,67.33228437049945,15.200000000000003,66.7321866853867,66.73583794593668,52.8210407174522,40.78139768740837,0.6980877688524174
1645814136.3769555,-68.27446645854043,26.607166333184313,15.89024616171359,-15.348054291937437,67.44920557481173,15.200000000000003,66.85265345701526,66.85621671922168,52.926412166602994,40.84203924162742,0.6902461617135867
1645814136.4768517,-68.37489567257083,26.659759943742504,15.890457533067288,-15.379146101348494,67.56956871696184,15.200000000000003,66.9489501521651,66.95251046885438,52.99574957122233,40.90980877321934,0.6904575330672849
1645814136.5772421,-68.48720039379481,26.699389342472042,15.906773108415607,-15.405971770192561,67.68976152556962,15.200000000000003,67.06584409295084,67.06956815223107,53.08122862360224,40.99037218309758,0.7067731084156037
1645814136.6773212,-68.7317693219574,26.780396746861342,15.938819378171669,-15.430659402905992,67.80922550420689,15.200000000000003,67.26346042096249,67.26751788103935,53.30110991905141,41.02882875734555,0.7388193781716659
1645814136.7777858,-68.91657753524217,26.81781579611621,15.948530299286281,-15.458959636830398,67.92678267810882,15.232154037460527,67.43637052420125,67.44017544776902,53.45761789841177,41.108966881992615,0.7163762618257543
1645814136.8769736,-69.02898434071224,26.869889912756324,15.964157513417742,-15.488638539759316,68.04167615262055,15.279789682439718,67.54024437819788,67.54371155033435,53.54034580095293,41.17178623986423,0.6843678309780241
1645814136.9768186,-69.11190122785723,26.92638657664353,15.991543278958394,-15.519735592822473,68.16757018836056,15.299999999999997,67.62363080424149,67.62716669545627,53.59216563503476,41.24118361171703,0.6915432789583971
1645814137.0773406,-69.26028568216503,26.972674497007304,16.007605554398154,-15.55193950731008,68.30182840307486,15.299999999999997,67.76935451536687,67.77304860377826,53.70834617485495,41.32915390606756,0.7076055543981568
1645814137.1793156,-69.20806794741999,26.966246466472338,16.04105947400293,-15.580039990681543,68.43003848152358,15.333115135803354,67.78798883870319,67.79168544874906,53.62802795673845,41.46379201505124,0.707944338199578
1645814137.276965,-69.31791698992637,27.013429103145985,16.049735459464927,-15.604541392351365,68.54860128584099,15.38227211080305,67.89916970281955,67.90245027724768,53.71337559757501,41.53517218269501,0.667463348661876
1645814137.377705,-69.43017858853653,27.062973844172888,16.05923390613566,-15.634789191081959,68.68062482622747,15.399999999999991,68.01450428906968,68.01769904246156,53.79538939745458,41.617650982054585,0.6592339061356682
1645814137.4772673,-69.57214237084007,27.116344304968827,16.060512028026942,-15.66732364295508,68.81626105112277,15.399999999999991,68.15139425369307,68.15459496513407,53.90481872788499,41.69991674615394,0.6605120280269503
1645814137.5771856,-69.79349463834545,27.216193672052846,16.080130678340364,-15.693821506696278,68.9456371396411,15.399999999999991,68.32364952976332,68.32703464080339,54.09967313164917,41.72944346758825,0.6801306783403724
1645814137.6774697,-69.91562282215381,27.270646504607747,16.07810178398103,-15.718291709491833,69.07315757400816,15.399999999999991,68.44560344859896,68.44896239879974,54.19733111266197,41.80251106940042,0.6781017839810382
1645814137.7817867,-70.06514742342019,27.32894754316481,16.078414129386765,-15.741563203815392,69.1944312346939,15.399999999999991,68.58403988677091,68.58739514605534,54.3235842196048,41.865483691529086,0.6784141293867734
1645814137.8769298,-70.19018073933483,27.38163846336295,16.072412876314765,-15.761997893960173,69.30092158923348,15.399999999999991,68.69973351939898,68.70302413076637,54.428182845374664,41.919283125870535,0.6724128763147732
1645814137.9774382,-70.29761437976387,27.429584985363675,16.086202367919594,-15.786047770213212,69.42625159574074,15.399999999999991,68.81301403521456,68.81643535014274,54.511566609550655,41.99666661037706,0.6862023679196021
1645814138.077128,-70.3849809259701,27.48867193992463,16.076098258029603,-15.813876352362737,69.57127339731642,15.399999999999991,68.91263164184969,68.91594814453164,54.57110457360736,42.08260145739179,0.6760982580296115
1645814138.1768517,-70.51670736736733,27.535048000647663,16.074222286940653,-15.844564242170263,69.71102491870364,15.399999999999991,69.04966519031373,69.05295676932764,54.67214312519707,42.17597691805598,0.6742222869406618
1645814138.2775667,-70.66650872122668,27.589388087112564,16.080882336320528,-15.877533846077242,69.8484752936992,15.399999999999991,69.19293475062068,69.19628472800807,54.788974875149435,42.25908720658663,0.6808823363205363
1645814138.3768516,-70.7843900286404,27.6443875781444,16.085577748216423,-15.904648251216726,69.97937241826273,15.399999999999991,69.31116071001661,69.31455125598521,54.879741777423675,42.334984840118324,0.6855777482164314
1645814138.477699,-70.88197003320553,27.695966754505363,16.10744211191603,-15.929764216983857,70.11025808769038,15.399999999999991,69.41697943129391,69.42058417865982,54.95220581622168,42.41429133318502,0.7074421119160377
1645814138.5783718,-71.04183521069841,27.76175813421532,16.112155653927346,-15.959042461777011,70.24023404891916,15.399999999999991,69.55957858596257,69.56322403923012,55.0827927489214,42.47847591470384,0.7121556539273541
1645814138.6774747,-71.17624607462854,27.819414799651746,16.117744805994853,-15.989663026071923,70.36789127199873,15.399999999999991,69.68451620477178,69.68821246308183,55.186583048556614,42.548476472346984,0.7177448059948617
1645814138.777374,-71.276765537722,27.879690281250106,16.119375067893365,-16.020369609545902,70.49590710829116,15.399999999999991,69.78116671151847,69.78487463705183,55.2563959281761,42.61621682704106,0.7193750678933739
1645814138.8772893,-71.4930529707551,27.94556369932114,16.138474742660605,-16.05100441046612,70.6236236824258,15.399999999999991,69.96597424807948,69.96987135495155,55.44204856028898,42.67805998310466,0.738474742660614
1645814138.976985,-71.6249401730652,27.987109812521588,16.144302524260276,-16.081460336548055,70.75639960797436,15.399999999999991,70.10199927218201,70.10595044790868,55.54347983651714,42.76928979545277,0.7443025242602843
1645814139.076877,-71.76333054010624,28.039829596351183,16.148054274471765,-16.111913786787117,70.89242874089669,15.399999999999991,70.23834736164221,70.24233072223805,55.651416753319126,42.85259914454551,0.7480542744717731
1645814139.177657,-71.8881873872194,28.103054444292567,16.14652426201415,-16.144666858535476,71.03265595324321,15.399999999999991,70.35830275560308,70.36226307562086,55.74352052868393,42.92960150895064,0.7465242620141588
1645814139.2768245,-72.0198652631789,28.16532537478723,16.143431996920913,-16.1782391092328,71.1726187656615,15.399999999999991,70.48343419787244,70.48735480538237,55.8416261539461,43.00729339087427,0.743431996920922
1645814139.3786566,-72.16715785099916,28.220964804427187,16.146854702649883,-16.205098881258724,71.31080014281453,15.399999999999991,70.62921459015413,70.63316321366976,55.96205896974044,43.089835338387346,0.7468547026498911
1645814139.476987,-72.27024712934673,28.278880343025843,16.148691552829526,-16.228690418826268,71.44252316493623,15.399999999999991,70.7372330544243,70.74119506509072,56.04155671052046,43.163642821910386,0.7486915528295341
1645814139.5767858,-72.45418189549173,28.339428726234086,16.16320384567167,-16.257399047580126,71.57938718238339,15.399999999999991,70.90678676787469,70.91089401393059,56.19678284791161,43.239958456149296,0.7632038456716792
1645814139.6767738,-72.59554021916114,28.405509715231023,16.156106433778405,-16.288436621332394,71.71802547053767,15.399999999999991,71.03846800593539,71.0424917466266,56.30710359782874,43.31251575530665,0.7561064337784131
1645814139.7768278,-72.72635387971653,28.472224587766537,16.150928923070673,-16.313522105595244,71.84660502424467,15.399999999999991,71.15999203923259,71.16395408682088,56.41283177412129,43.374380436478134,0.7509289230706813
1645814139.8772962,-72.85584854416464,28.536644047367545,16.14992715880141,-16.335742261118714,71.97067095378343,15.399999999999991,71.28139383846298,71.28533859285214,56.52010628304593,43.43402690641588,0.7499271588014196
1645814139.977705,-72.94679406248314,28.59161201611385,16.15383283386891,-16.363229662951795,72.10776994225772,15.399999999999991,71.38176070123939,71.38574104644725,56.58356439953134,43.51615792614387,0.7538328338689197
1645814140.0774422,-73.08839290964923,28.65094357921107,16.150400948201565,-16.397699537639394,72.26173959524898,15.399999999999991,71.52437517484307,71.52831149785915,56.69069337200983,43.61079601603791,0.7504009482015732
1645814140.1770787,-73.2617561868563,28.709348004248927,16.154687312263306,-16.430370937793686,72.40767584194417,15.399999999999991,71.68926143529492,71.69323369800915,56.83138524906262,43.698327837695246,0.7546873122633144
1645814140.2795062,-73.38214493990395,28.784667241951887,16.14956793060669,-16.46283474347994,72.55268480781315,15.399999999999991,71.80144312534587,71.80535555907284,56.91931019642401,43.768017565861264,0.7495679306066982
1645814140.3770752,-73.51983471048553,28.84128160165275,16.147365229036176,-16.489724970838154,72.69744328557682,15.399999999999991,71.94300754460237,71.94688936533869,57.03010973964737,43.85616168392407,0.7473652290361841
1645814140.4768777,-73.67742287300841,28.918992995750088,16.15787499748781,-16.51515879166373,72.84891996136264,15.399999999999991,72.09273831745776,72.09672178831197,57.16226408134468,43.92992696561255,0.7578749974878178
1645814140.5769968,-73.85427873953408,28.993785059842708,16.157142640317446,-16.544504864197393,72.99170098628983,15.399999999999991,72.25113692886039,72.25510398920424,57.30977387533669,43.99791592644712,0.7571426403174542
1645814140.6777916,-74.0074134873359,29.054601519199974,16.164283874463408,-16.5757653659883,73.1313350481105,15.399999999999991,72.39580543451999,72.39983960171209,57.43164812134759,44.07673352891052,0.7642838744634162
1645814140.7768366,-74.11111739958294,29.12220828085197,16.16060841520492,-16.605687082827252,73.26498904019346,15.399999999999991,72.4945488232221,72.49853884212986,57.505430316755685,44.142780759341484,0.7606084152049277
1645814140.8768563,-74.23096907830228,29.18624770960295,16.15773317890887,-16.635540302535933,73.39833707005654,15.399999999999991,72.60814184016218,72.61209555612294,57.59542877576635,44.21208936045359,0.7577331789088788
1645814140.9769032,-74.33150921962195,29.206291492931747,16.162121700778776,-16.666866866518188,73.5382662170061,15.399999999999991,72.73606368678013,72.74005629729835,57.66464235310376,44.33197472407435,0.7621217007787848
1645814141.0768774,-74.48703181258236,29.274330011738698,16.157470667840755,-16.699165821851288,73.68253883033256,15.399999999999991,72.88021999307172,72.8841562210277,57.78786599073107,44.40820881859386,0.7574706678407637
1645814141.1772373,-74.61598929237189,29.330416974262228,16.160616339388547,-16.726685260172303,73.82417558833895,15.399999999999991,73.01278023017727,73.01674201274604,57.88930403219959,44.49375861407672,0.7606163393885552
1645814141.2771451,-74.74683956994335,29.391116851039374,16.162060796933343,-16.7516552974754,73.96359544457503,15.399999999999991,73.14470074290215,73.14867041462156,57.99518427246795,44.57247859353566,0.7620607969333513
1645814141.376906,-74.8794044121938,29.45067965978198,16.161713796995976,-16.780692118920857,74.10235933261356,15.399999999999991,73.27504942162554,73.2790084243107,58.09871229327294,44.65167967283158,0.7617137969959842
1645814141.476868,-75.09063881172203,29.506026571348105,16.172376914018827,-16.811771686440316,74.24118519924232,15.399999999999991,73.4687741211809,73.47283400663412,58.278867125281714,44.73515862789422,0.7723769140188352
1645814141.5769835,-75.22244483148576,29.5596953466369,16.17560803389445,-16.843192047730987,74.3815333196991,15.399999999999991,73.60118419477352,73.60527075349442,58.37925278375477,44.8218379730622,0.7756080338944571
1645814141.678804,-75.34788767570738,29.616025705743514,16.178752301169823,-16.875294948812684,74.52493020130541,15.399999999999991,73.72824291407466,73.73235557300049,58.4725927268947,44.9089044955619,0.7787523011698312
1645814141.776869,-75.47332065539445,29.675262414423084,16.175153659267135,-16.899411738392608,74.64944211441492,15.43016058760985,73.84835574001892,73.8521134442421,58.57390891700184,44.974179699991836,0.7449930716572855
1645814141.8779767,-75.62526444818654,29.735457593993917,16.170268770980712,-16.921359160094003,74.77198523714263,15.474193531639889,73.98944058597442,73.99271476952485,58.70390528809254,45.036527643148716,0.6960752393408232
1645814141.9784558,-75.76282341097381,29.79645420588782,16.167752578796016,-16.9480785013642,74.90569870761891,15.5,74.1216443307851,74.12465211929089,58.81474490960961,45.10924450173109,0.6677525787960157
1645814142.07698,-75.88290547677009,29.857633253684238,16.165884330540464,-16.98119632676916,75.05362904190764,15.5,74.24344668777447,74.24643276294202,58.901709150000926,45.1959957882234,0.6658843305404645
1645814142.176884,-76.01964526522329,29.90191358596595,16.170501676030096,-17.01115421971368,75.20378002174814,15.5,74.3926146739946,74.39563623312188,59.00849104550961,45.301866435782195,0.6705016760300957
1645814142.2767446,-76.14366474307795,29.94431606729965,16.18998247519635,-17.038057043797828,75.3539915656865,15.5,74.53530365115577,74.5384972090669,59.10560769928012,45.40967549838685,0.6899824751963486
1645814142.376937,-76.2751867866293,30.020453643587768,16.179570940740756,-17.067845485828975,75.50272765499024,15.5,74.66020702595026,74.66329975176058,59.20734130080033,45.48227401140247,0.6795709407407564
1645814142.4773548,-76.36900406243898,30.08177247451429,16.17933695102706,-17.098948036356035,75.6509180836269,15.5,74.76286894494832,74.76595529766573,59.27005602608294,45.56914560911262,0.6793369510270608
1645814142.57717,-76.49818258255164,30.13916095319515,16.184361581404442,-17.134256078483446,75.79248198253545,15.5,74.88859386440912,74.89172078249048,59.36392650406819,45.6533210293403,0.6843615814044419
1645814142.677092,-76.6474186673796,30.194088139743744,16.188996133134047,-17.17161983434502,75.93156198924952,15.5,75.02857562930154,75.03173912840683,59.475798833034574,45.737473849505776,0.6889961331340473
1645814142.7772493,-76.8037749206219,30.248529309218664,16.192386811260473,-17.20498959649696,76.07823738339191,15.5,75.18229415410966,75.18548233383542,59.59878532412495,45.82970807417324,0.692386811260473
1645814142.8769436,-76.96467312650357,30.299903217019573,16.19635006662479,-17.23633189756817,76.22757012143089,15.5,75.34471005480546,75.34792788562928,59.7283412289354,45.92766690441131,0.6963500666247917
1645814142.978239,-77.12839974565821,30.359693687741924,16.220117913539564,-17.270809252461245,76.37193412114554,15.5,75.4987245544758,75.50215877153452,59.857590493196966,46.01224043340362,0.7201179135395641
1645814143.0768745,-77.2679308036092,30.423294012177877,16.212374603215505,-17.30545600110884,76.50949830825847,15.5,75.62695690599067,75.63031196838921,59.96247480250037,46.086204296080595,0.7123746032155047
1645814143.177052,-77.41312430669224,30.48449446548177,16.20622390945885,-17.346785003798036,76.6586888412561,15.5,75.76292855679618,75.76622001731704,60.06633930289421,46.17419437577432,0.7062239094588492
1645814143.277898,-77.64892479329407,30.553641958344635,16.21367059075603,-17.393009783763127,76.81600414270203,15.5,75.9669760390163,75.97032824876162,60.255915009530945,46.26236218435739,0.7136705907560312
1645814143.3772156,-77.80281220021277,30.60390255978793,16.216021086201305,-17.433026626980514,76.96653947024008,15.5,76.11836251160729,76.1217301277654,60.36978557323226,46.36263691045215,0.7160210862013052
1645814143.4769282,-77.94991827762168,30.654606610758886,16.216968741633888,-17.470559830110023,77.11556426524926,15.5,76.26515183486457,76.26852187220771,60.47935844751166,46.46095765449037,0.7169687416338881
1645814143.5769641,-78.09008915572446,30.688143901811635,16.22608307204727,-17.507809944091843,77.26974660326401,15.5,76.42027391152277,76.42372315805925,60.58227921163261,46.581602701452375,0.7260830720472704
1645814143.6772237,-78.25998603125939,30.74303244721919,16.226048848997415,-17.54495502996939,77.42644812221042,15.5,76.5875726771101,76.59101406498515,60.71503100129,46.683415674991224,0.7260488489974151
1645814143.7782242,-78.41080017627684,30.797748892940717,16.225484132513557,-17.58316854305745,77.56653340633268,15.5,76.72887315063818,76.7323028599641,60.82763163321938,46.768784513391964,0.7254841325135573
1645814143.8769195,-78.58335194778348,30.868335021975895,16.223971177630023,-17.62089002955875,77.69490972363309,15.5,76.87099492930271,76.87440403467802,60.96246191822473,46.826574701657194,0.7239711776300233
1645814143.97717,-78.76601857841582,30.923082035169013,16.22543852930706,-17.660937985318338,77.83645233285274,15.5,77.03697285704139,77.04038842085582,61.10508059309748,46.91337029768373,0.7254385293070591
1645814144.0769906,-78.9226381224274,30.963595775495207,16.234081249657716,-17.703579207824287,77.99517678166174,15.5,77.19937037521258,77.20286044966436,61.21905891460311,47.03158100616653,0.7340812496577165
1645814144.1770244,-79.04599195139653,31.034015443345943,16.236466979339305,-17.743586335364185,78.15013494007476,15.5,77.3169687115486,77.32047616481834,61.302405616032345,47.11611949672882,0.7364669793393048
1645814144.2769156,-79.22837745337044,31.114903730628026,16.24021332067795,-17.781960280234856,78.3024978814331,15.5,77.47471345643109,77.47824946987518,61.446417173135586,47.18759415080507,0.7402133206779489
1645814144.377552,-79.35442129218961,31.142081290766892,16.248230437388838,-17.819795997531696,78.45272380225218,15.5,77.61963028128588,77.62323655833315,61.534625294657914,47.310642511485284,0.7482304373888375
1645814144.479786,-79.5201876987407,31.193984760496605,16.25294843762131,-17.857852675939004,78.60382704486138,15.5,77.78133905952365,77.78498336595756,61.6623350228017,47.40984228436477,0.7529484376213098
1645814144.5768075,-79.65213556332216,31.257817102250897,16.24953613801208,-17.895258750361663,78.74577665098958,15.5,77.90390321282895,77.90750888210972,61.7568768129605,47.48795954873869,0.7495361380120791
1645814144.6778855,-79.77858889315726,31.32389606984862,16.244238830056563,-17.934811762617038,78.89300578045683,15.5,78.02225944198112,78.02580893440309,61.843777130540225,47.56910971060822,0.7442388300565632
1645814144.7768579,-79.9404410527312,31.370677363009943,16.2477556874071,-17.970125924630384,79.0244565349459,15.5,78.17418132890013,78.17775748262295,61.97031512810082,47.65377917193595,0.7477556874070999
1645814144.8787742,-80.10347899220228,31.418164554086857,16.246251880192748,-18.00546650795557,79.15600563788819,15.5,78.32665335526553,78.33020820669776,62.09801248424671,47.73784108380133,0.746251880192748
1645814144.9769573,-80.24391869358487,31.482109255219285,16.2433836998732,-18.04153948347126,79.29028094225744,15.5,78.45226102194945,78.45578295308337,62.20237921011361,47.808171687038154,0.7433836998731991
1645814145.0768898,-80.39929832077605,31.530151678892015,16.242825619755667,-18.07950501340387,79.43160094766598,15.5,78.6021976787069,78.60570761607508,62.31979330737218,47.90144926877397,0.7428256197556671
1645814145.177133,-80.54739284810607,31.586679992151534,16.24543768416021,-18.11777592285451,79.58018709074956,15.5,78.74537315332778,78.74890139168801,62.429616925251565,47.99350709859803,0.7454376841602084
1645814145.2782986,-80.66890195433119,31.650434943542656,16.24981445537666,-18.15650354070147,79.73395428322482,15.5,78.86586579448655,78.86943013127112,62.512398413629725,48.08351933968216,0.7498144553766615
1645814145.376893,-80.80359173832744,31.690134361324862,16.253108983627993,-18.193440646968018,79.87425954494535,15.5,79.00468935065605,79.00827875947486,62.61015109135943,48.18412518362048,0.7531089836279925
1645814145.477071,-80.97060173236994,31.737396486130834,16.258465585409283,-18.230619302388856,80.01265054882214,15.5,79.16315778271941,79.16679114487323,62.73998242998108,48.2752540626913,0.758465585409283
1645814145.5766788,-81.10639132191524,31.79300560151452,16.261542846859815,-18.272041109701448,80.15744432674435,15.5,79.29233569392215,79.29599263080857,62.83435021221379,48.36443872522983,0.7615428468598147
1645814145.676746,-81.25455155539709,31.85230990417862,16.261260806917967,-18.315801323152257,80.30637204853235,15.5,79.42973258853256,79.43338049650121,62.93875023224483,48.45406214435373,0.7612608069179672
1645814145.7768016,-81.325917321126,31.897154264985677,16.266748718010785,-18.352047231766115,80.43681477948361,15.5,79.50979157873756,79.5134885443398,62.973870089359885,48.53966051449794,0.7667487180107848
1645814145.8767564,-81.45411973989201,31.95515123329577,16.265502395433312,-18.384715950860972,80.55841833796646,15.5,79.62428817610746,79.62796783460709,63.069403789031036,48.60326710467069,0.7655023954333124
1645814145.9770005,-81.62535229788384,32.007909020346546,16.267567369673102,-18.423868394624034,80.69800739913904,15.5,79.78191052933302,79.78560275749935,63.2014839032598,48.6900983787925,0.7675673696731025
1645814146.076854,-81.76901476035351,32.058219305318886,16.27055578831746,-18.472688911808127,80.8641566892679,15.5,79.92774480648873,79.93145905132782,63.296325848545386,48.805937383949015,0.7705557883174592
1645814146.1769552,-81.90471255971175,32.11839377225524,16.271011793232052,-18.515073553209184,81.015821705306,15.5,80.05750927828447,80.06122189317315,63.38963900650257,48.89742793305076,0.7710117932320522
1645814146.2770116,-82.1013861442513,32.17799708229906,16.26931237624909,-18.553232594024834,81.15786202133349,15.5,80.23337827294333,80.23706643828315,63.54815355022646,48.97986493903443,0.7693123762490899
1645814146.3769453,-82.22268569706662,32.228014813369164,16.266685157826615,-18.59231604690609,81.30972828223825,15.465585626120902,80.36067781481336,80.36467071615446,63.63036965016053,49.08171346886909,0.801099531705713
1645814146.476847,-82.34602841309818,32.28567373741161,16.259093490563373,-18.631910678632746,81.46693793509527,15.412626688388581,80.487797502253,80.49224840200992,63.71411773446543,49.18126419768367,0.8464668021747919
1645814146.5767286,-82.50156852071214,32.33867141194105,16.252838406791586,-18.673468022447224,81.613723354951,15.399999999999991,80.63533442110186,80.63984431130206,63.82810049826492,49.275051943009956,0.8528384067915944
1645814146.6768765,-82.64448212383856,32.376759058671794,16.24047866596009,-18.715754923029504,81.7576369986144,15.399999999999991,80.7796587491862,80.78403104588745,63.92872720080905,49.38087793994261,0.8404786659600987
1645814146.7769198,-82.78709614705525,32.42765031161329,16.238603852662102,-18.75776057153017,81.89438590424457,15.399999999999991,80.91176517932665,80.91611088563387,64.02933557552508,49.46673559263128,0.8386038526621107
1645814146.8774257,-82.96600002096197,32.464102545592,16.238861411176316,-18.79985663865658,82.02869607812866,15.399999999999991,81.0798550109961,81.08419437270935,64.16614338230539,49.56459353253666,0.8388614111763246
1645814146.9769137,-83.14486646698194,32.50061507186081,16.24212294786851,-18.83889963225788,82.16554756361523,15.399999999999991,81.25184853256667,81.25621244568616,64.30596683472406,49.66493249175443,0.8421229478685177
1645814147.0767927,-83.34076316816721,32.566788519230016,16.2451433985157,-18.876461435755864,82.30536476880107,15.399999999999991,81.42218472370884,81.42657080183237,64.46430173241134,49.738576249571054,0.8451433985157095
1645814147.1769958,-83.49913049803075,32.61811727670397,16.245757592898048,-18.91870228230674,82.44763760999817,15.399999999999991,81.56968067347366,81.57406518666583,64.58042821572401,49.8295203332942,0.8457575928980567
1645814147.2768073,-83.66164097313313,32.65568803446335,16.247244417273546,-18.963493754974845,82.59054764720311,15.399999999999991,81.72723204664716,81.73162350711695,64.69814721815828,49.93485961273976,0.8472444172735543
1645814147.376708,-83.77511523067734,32.69340246525302,16.250753512740104,-19.00328727899557,82.72474187739599,15.399999999999991,81.84451490219313,81.84893646905104,64.77182795168177,50.03133941214296,0.8507535127401127
1645814147.476715,-83.91390505900083,32.733771902848055,16.255200581503956,-19.0407613291251,82.85493306423062,15.399999999999991,81.9796046194564,81.98406516876925,64.87314372987572,50.12116116138257,0.8552005815039649
1645814147.5767252,-84.04793113933358,32.775198499793234,16.255367034260356,-19.082471558911138,82.98499469756736,15.399999999999991,82.10684851288299,82.11130388369688,64.96545958042245,50.209796197774125,0.8553670342603645
1645814147.6767375,-84.19670293127146,32.81383315520033,16.254843814356384,-19.126128107711722,83.11499775544341,15.399999999999991,82.24589271209375,82.25033511151294,65.07057482355974,50.301164600243084,0.8548438143563928
1645814147.7767875,-84.33546059888452,32.85250325446417,16.255453920393897,-19.16207741565096,83.22758224367746,15.399999999999991,82.37243749409187,82.37687940270612,65.17338318323357,50.37507898921329,0.8554539203939058
1645814147.876697,-84.45837722444912,32.89685554348942,16.255566890404847,-19.194467841261606,83.33207421568508,15.399999999999991,82.48084111167336,82.48527835434068,65.26390938318752,50.43521867219566,0.8555668904048552
1645814147.979036,-84.57975333409371,32.93359128976434,16.258362675262113,-19.23388233159742,83.45031533933015,15.399999999999991,82.59553417573414,82.59999426305761,65.3458710024963,50.51672404956581,0.8583626752621214
1645814148.0768392,-84.72715988696014,32.950735118286914,16.26178540476887,-19.280686631330802,83.57973648383171,15.399999999999991,82.74380122324659,82.74828889442982,65.44647325562934,50.629001365544795,0.8617854047688773
1645814148.1768198,-84.88764014688144,32.97787365564882,16.263107480559423,-19.32885842954804,83.71293897338913,15.399999999999991,82.89753140508071,82.90202450832754,65.5587817173334,50.73506531774031,0.8631074805594317
1645814148.278205,-85.01150361100667,33.0350277773345,16.25950173132622,-19.377967001347788,83.84873178692385,15.399999999999991,83.00478084463322,83.00923072942999,65.63353660965889,50.81370400958935,0.8595017313262296
1645814148.3770459,-85.12920382891721,33.1072275375936,16.25205950348916,-19.416575232069533,83.96819839892817,15.399999999999991,83.09625691969987,83.10062526517025,65.71262859684768,50.860970861334565,0.8520595034891691
1645814148.4769282,-85.25012768898507,33.15025201590271,16.252369693007786,-19.452786037837278,84.08501497145917,15.399999999999991,83.20841451257557,83.21278014698316,65.7973416511478,50.934762955556465,0.8523696930077946
1645814148.5787504,-85.45257796018475,33.20467514126661,16.25440769936224,-19.489571958616963,84.20368687375995,15.399999999999991,83.37875843674972,83.3831360106502,65.96300600156779,50.99901173249334,0.8544076993622483
1645814148.6768327,-85.58901247444301,33.238915742638326,16.253984926803493,-19.524954531858963,84.3178315572375,15.399999999999991,83.50757685764813,83.51194335477541,66.06405794258404,51.07891581459917,0.853984926803502
1645814148.776788,-85.70402460106618,33.28105240221313,16.25309720742631,-19.565831463377503,84.43711821194393,15.399999999999991,83.61341794621075,83.61776985481636,66.13819313768867,51.1560658097308,0.8530972074263197
1645814148.8769605,-85.8284975363993,33.31686999752901,16.251840770584632,-19.60971255732866,84.5584562392938,15.399999999999991,83.72949088986873,83.73382397439543,66.21878497907063,51.24158624176479,0.8518407705846407
1645814148.9767077,-85.97667292702205,33.34616087125661,16.25106105630465,-19.652644719159973,84.6771703217732,15.399999999999991,83.86745047350796,83.8717685150842,66.32402820786209,51.331009450516596,0.8510610563046583
1645814149.0768423,-86.06324460812655,33.369613921460726,16.24921855510863,-19.695299538183278,84.7951175081285,15.399999999999991,83.96002948992685,83.96432411508907,66.36794506994327,51.42550358666777,0.8492185551086386
1645814149.1772954,-86.18243359940388,33.416875507682725,16.247679408717485,-19.73607872592728,84.91279159500789,15.399999999999991,84.06513813492975,84.0694118572551,66.4463548734766,51.49591608732516,0.847679408717493
1645814149.2768295,-86.30610879315243,33.45643307757231,16.247612778085056,-19.775081626036545,85.02893674170647,15.399999999999991,84.178980215364,84.18324748737255,66.5310271671159,51.57250366413416,0.8476127780850646
1645814149.37679,-86.60959284313206,33.53162781917377,16.245287886184904,-19.813315147786135,85.1491363354473,15.399999999999991,84.41628930118486,84.42052126699923,66.79627769534594,51.617508516273524,0.8452878861849129
1645814149.476818,-86.69242070618628,33.59628792384939,16.246406497805733,-19.851126800430492,85.27111726268703,15.399999999999991,84.48696087677449,84.49120050131346,66.84129390575579,51.67482933883764,0.8464064978057415
1645814149.5784125,-86.7852142640103,33.630279600099236,16.247835635476736,-19.88877788009651,85.38606143096338,15.399999999999991,84.58010495258937,84.58435422142688,66.8964363839138,51.755781830864144,0.8478356354767449
1645814149.677321,-86.985627379591,33.66563243695251,16.247805729585966,-19.925124842703138,85.49429756999832,15.399999999999991,84.75447793463978,84.7587181623723,67.06050253688785,51.82866513304582,0.8478057295859749
1645814149.776945,-87.08435095958555,33.70857250820613,16.24647929351212,-19.959128811738857,85.59555660370958,15.399999999999991,84.84134939358754,84.84557203601813,67.1252221478467,51.88698409550345,0.8464792935121288
1645814149.8793788,-87.20591049352441,33.75150917214392,16.24560280048211,-19.992760917781343,85.69570828163977,15.399999999999991,84.94590806518087,84.95011678105183,67.21314957574307,51.94419910949585,0.8456028004821192
1645814149.9765906,-87.32776850721145,33.78488550125111,16.243670245879034,-20.028729026962,85.79867442788812,15.399999999999991,85.05642217651129,85.06060623433565,67.29903948024945,52.013788926637005,0.8436702458790428
1645814150.076841,-87.43765311916124,33.83110558318232,16.238524750764107,-20.072192072056446,85.91731568896137,15.399999999999991,85.15326549975843,85.15739397744623,67.36546104710479,52.086210105779045,0.8385247507641154
1645814150.1766164,-87.58226638552834,33.881797847778955,16.23457302987861,-20.107267620858018,86.02423385076878,15.399999999999991,85.27431671152898,85.27840056403703,67.47499876467032,52.142436002989825,0.8345730298786194
1645814150.2790434,-87.69274491384931,33.901869113785466,16.23291109300452,-20.138991341025577,86.12814950192057,15.399999999999991,85.3879030364249,85.39196523003058,67.55375357282374,52.22628038813511,0.8329110930045296
1645814150.3771923,-87.81776927354893,33.92995167518053,16.230272963811004,-20.173306311492862,86.22133685530241,15.399999999999991,85.49948732876031,85.50351856312862,67.64446296205607,52.29138518012188,0.8302729638110122
1645814150.4765472,-87.90194179067713,33.96635296656184,16.22806544624416,-20.21002023283288,86.31244426372528,15.399999999999991,85.57049443753559,85.57450093729776,67.69192155784425,52.34609129716344,0.8280654462441674
1645814150.576684,-88.00540562844216,34.00074996000991,16.224728800583765,-20.243977803090317,86.40669030913453,15.399999999999991,85.66209012630019,85.66606015453779,67.76142782535184,52.40594034912462,0.8247288005837738
1645814150.6768222,-88.11596943856951,34.0254436647067,16.22289326735453,-20.27611378145515,86.50238672901912,15.399999999999991,85.76756711574136,85.771514632089,67.83985565711436,52.47694306431242,0.8228932673545373
1645814150.7774775,-88.22149640145099,34.054964459326015,16.21829293327656,-20.30709545270788,86.58841629088403,15.399999999999991,85.86110538285227,85.86500463454198,67.91440094874311,52.53345183155801,0.8182929332765703
1645814150.8767478,-88.32993607826701,34.08641238582827,16.214349188856033,-20.33706169740095,86.66872802381975,15.399999999999991,85.95307373460007,85.95693136115892,67.99287438086606,52.582315637991485,0.8143491888560419
1645814150.9778717,-88.4064070335737,34.12098277437633,16.21431009661263,-20.367903895391553,86.75138737606532,15.399999999999991,86.01858751352471,86.02244183209027,68.03850313818215,52.630404601688994,0.8143100966126369
1645814151.0773523,-88.4977485317984,34.151765764036014,16.21331660049557,-20.398430970658477,86.83320217644724,15.399999999999991,86.09791399777295,86.10175537502444,68.09931756113991,52.68143641241123,0.813316600495579
1645814151.176748,-88.607700955313,34.17751839543212,16.209963528237054,-20.43006181340934,86.91797515462959,15.399999999999991,86.19597588131603,86.199781316715,68.17763914190367,52.74045675919747,0.8099635282370627
1645814151.2768452,-88.82781054618572,34.235552846463634,16.21387995015873,-20.462690348230986,87.00542202072619,15.399999999999991,86.3623109484084,86.36614587280627,68.36512019795472,52.76986917426255,0.8138799501587393
1645814151.3767238,-88.9276887612749,34.262657817772364,16.211277661017878,-20.49424454779152,87.08368947359043,15.399999999999991,86.44765856924568,86.45146524812718,68.43344421348337,52.82103165581806,0.8112776610178862
1645814151.4769258,-89.0259944780741,34.29170318366606,16.209654848704254,-20.5254287777646,87.1579792709927,15.399999999999991,86.52843838070731,86.53222630660726,68.5005657003095,52.86627608732664,0.8096548487042625
1645814151.5765955,-89.10645223357398,34.319781746581484,16.207869347768515,-20.552233570049328,87.23186635244457,15.399999999999991,86.59890065066857,86.60266882023572,68.55421866352465,52.912084605863086,0.8078693477685235
1645814151.6766887,-89.21263009531549,34.33770891755563,16.205290320235665,-20.577149850419627,87.30606352870852,15.399999999999991,86.69761091668173,86.70135080354974,68.63548024489586,52.96835461115289,0.8052903202356738
1645814151.776796,-89.3023141877569,34.355195871139216,16.205096272707006,-20.600330438230326,87.37509205656914,15.399999999999991,86.78174901806244,86.78548347876105,68.70198374952658,53.01989618542993,0.805096272707015
1645814151.8766625,-89.20173973933245,34.330639181143695,16.201195843249963,-20.622621887399372,87.44147285457673,15.399999999999991,86.74016404663064,86.74386418425014,68.57911785193308,53.110833673433035,0.8011958432499711
1645814151.9767604,-89.29027982345174,34.351145305223454,16.197546637591472,-20.64710294683794,87.50989806732301,15.399999999999991,86.82015161779042,86.82381474903788,68.64317687661381,53.15875276209955,0.7975466375914806
1645814152.076652,-89.35714529628837,34.382199519215405,16.19361525394566,-20.674221670042904,87.58055933961838,15.399999999999991,86.87582796975079,86.87945275265623,68.68292362624547,53.19835982040297,0.7936152539456671
1645814152.1766272,-89.42490950570854,34.40389428290422,16.189503180711114,-20.700545436370742,87.649149251642,15.399999999999991,86.93730725885628,86.94089203989763,68.7243640693378,53.24525496873778,0.7895031807111224
1645814152.27659,-89.5087959496023,34.423559116508514,16.184222999530984,-20.726333976177997,87.7163445635366,15.399999999999991,87.01234427268655,87.01587821507935,68.7824619734243,53.29278544702808,0.7842229995309928
1645814152.3765783,-89.57313453163428,34.44183727377698,16.178729681662446,-20.75166275358545,87.7760519184229,15.399999999999991,87.06855591692063,87.07203827506875,68.82147177804883,53.33421464464591,0.7787296816624547
1645814152.4770048,-89.64051018863815,34.474601170216346,16.170629669409973,-20.77687515518044,87.83236115581941,15.399999999999991,87.11630605519548,87.11971447835366,68.86363503345771,53.35775998560307,0.7706296694099812
1645814152.576664,-89.70453145510534,34.49105585533944,16.16273807415663,-20.801605417167774,87.89392060244738,15.399999999999991,87.17499171085363,87.17832843750313,68.90292603793756,53.40286474710794,0.762738074156637
1645814152.676593,-89.78972247293926,34.50926797536083,16.153093643795277,-20.82627279235865,87.95819457770772,15.399999999999991,87.25104668019198,87.25429672414627,68.96344968058061,53.44892660234689,0.7530936437952853
1645814152.7765484,-89.86356182770066,34.52955155730889,16.143664991479607,-20.850730070444705,88.01586156172286,15.399999999999991,87.31297901826274,87.31614594485455,69.01283175725595,53.486310004413966,0.7436649914796156
1645814152.8769445,-89.93617753703717,34.539875488655,16.135284592082876,-20.875187365933456,88.07048434934441,15.399999999999991,87.37818061970279,87.38127426308658,69.06099017110371,53.53060886068941,0.7352845920828841
1645814152.976722,-89.99905368163475,34.540855108294906,16.130783889643062,-20.899847906346547,88.12556106267856,15.399999999999991,87.44152875489644,87.44458242845432,69.0992057752882,53.58470595438365,0.730783889643071
1645814153.0777469,-90.05765315603493,34.561335425713565,16.123412566383728,-20.925031480370265,88.18180591613839,15.399999999999991,87.48985218506829,87.4928429136138,69.13262167566467,53.62047049042482,0.7234125663837361
1645814153.1767473,-90.12456003862017,34.58665845547932,16.11397106300229,-20.946055408073455,88.2376331173797,15.368118869223892,87.54480330145502,87.54798044835422,69.17850463054671,53.65097466190038,0.7458521937783971
1645814153.2771811,-90.18650840605402,34.61883926446254,16.103837134578907,-20.965215588849038,88.29468943925652,15.316864303461093,87.59385978064995,87.59739492421612,69.22129281720498,53.67585017479398,0.7869728311178132
1645814153.3767488,-90.25702515612616,34.638289858589516,16.094916832338033,-20.98804620564563,88.35037252604691,15.299999999999997,87.65374646481399,87.65735087309122,69.26897895048053,53.712082667457395,0.7949168323380356
1645814153.476731,-90.32628021479462,34.63773532146081,16.09020730945491,-21.01288525883065,88.40584792918254,15.299999999999997,87.72318196302558,87.7267409705274,69.31339495596397,53.76811260772173,0.7902073094549138
1645814153.5767283,-90.39781816374021,34.64423820785595,16.08838934170972,-21.033923392850753,88.46218511194914,15.299999999999997,87.79362907841787,87.79716888666138,69.36389477088946,53.81794690409319,0.7883893417097241
1645814153.6770058,-90.46255525704277,34.66612811532613,16.08566932195225,-21.05304396496545,88.51912348440352,15.299999999999997,87.85115461977081,87.85466774344056,69.40951129207731,53.85299536907739,0.7856693219522519
1645814153.7768898,-90.5502243591292,34.69017922215714,16.083091998444182,-21.073788801318027,88.56969943450913,15.299999999999997,87.9202922887085,87.92377965721198,69.47643555781117,53.87952021235199,0.7830919984441849
1645814153.8767564,-90.79001743759468,34.707618580248116,16.08672396130535,-21.09525593894,88.61764402002315,15.299999999999997,88.11158052873385,88.1150926791934,69.69476149865469,53.91002543977503,0.786723961305352
1645814153.9767063,-90.85340709090973,34.72339639873033,16.083325917537355,-21.116509429247547,88.67100820636875,15.299999999999997,88.16790637879971,88.17138603148913,69.73689766166218,53.947611807638424,0.7833259175373577
1645814154.0766776,-90.90927130091173,34.74009001594901,16.079598279028403,-21.137388740990783,88.7331838578867,15.299999999999997,88.22340833690167,88.22685278335817,69.77188255992094,53.99309384193769,0.7795982790284057
1645814154.1765099,-90.96041591627092,34.75498123439975,16.077754519290135,-21.161116623639813,88.79256677919035,15.299999999999997,88.27232201122193,88.2757482853877,69.7992992926311,54.0375855447906,0.7777545192901378
1645814154.2766757,-91.01885465222453,34.76825393607878,16.076883023558608,-21.186943578682925,88.85024855683746,15.299999999999997,88.32529618598961,88.32871273586571,69.8319110735416,54.08199462075868,0.7768830235586108
1645814154.376548,-91.08366255619066,34.76740735945012,16.07745150285932,-21.20804637000971,88.90041488758179,15.299999999999997,88.39108688911588,88.39450589419306,69.87561618618095,54.13300752813167,0.7774515028593214
1645814154.4765122,-91.1385736273544,34.78738783169652,16.077483315938615,-21.22672357672691,88.9467632985655,15.299999999999997,88.43587919200392,88.43929674510802,69.91185005062749,54.15937546686898,0.7774833159386176
1645814154.576563,-91.19696415511166,34.793963350513565,16.07756206139147,-21.245418366297503,88.99922113194816,15.299999999999997,88.49535993144691,88.49877587941911,69.95154578881416,54.2052577814346,0.7775620613914711
1645814154.6775746,-91.2704866501214,34.805843179087915,16.07660578492738,-21.264293489454136,89.05542859195343,15.299999999999997,88.56570780113738,88.5691126457843,70.00619316066727,54.249585412865514,0.7766057849273835
1645814154.7765596,-91.33305005649258,34.83890119924864,16.072225527219924,-21.28272955771597,89.11032860828087,15.299999999999997,88.61396749381656,88.61733220572637,70.05032049877661,54.27142740903223,0.772225527219927
1645814154.876538,-91.39525628728856,34.8481112174573,16.072121968266952,-21.301319300456193,89.16568624557459,15.299999999999997,88.67671035423663,88.6800717838177,70.09393698683238,54.31757502811729,0.7721219682669549
1645814154.9791536,-91.45778705752592,34.85792753052964,16.07189463400191,-21.32009163487612,89.21556724137751,15.299999999999997,88.73584007679612,88.73919728880095,70.1376954226498,54.35763971084787,0.7718946340019137
1645814155.0766814,-91.51786639925136,34.86796854647295,16.069514765290208,-21.337777010064787,89.2594543728104,15.299999999999997,88.79008208730797,88.79341659179967,70.18008938918658,54.391485826337444,0.7695147652902108
1645814155.1766922,-91.63420160620724,34.89682243238336,16.073447076405035,-21.35661950632181,89.31180922568966,15.299999999999997,88.88154664226899,88.88491184617239,70.27758209988544,54.4149867933063,0.7734470764050378
1645814155.2764733,-91.69966736080828,34.92435709892919,16.07028436721118,-21.375923593409848,89.36929407990412,15.299999999999997,88.93638232087609,88.93971800231553,70.32374376739843,54.44493698097493,0.7702843672111825
1645814155.3793132,-91.76349994244549,34.94313754065045,16.06682660014629,-21.39619010642223,89.42296260366955,15.299999999999997,88.99218860358508,88.99549233242519,70.36730983602325,54.4798250630191,0.7668266001462918
1645814155.4766889,-91.83996903124256,34.94884439732459,16.06262972949719,-21.415562104459674,89.47103517322208,15.299999999999997,89.06327176784193,89.06653682554847,70.4244069267829,54.522190775897485,0.762629729497192
1645814155.5772357,-91.90123376796882,34.95441964102481,16.060463559436062,-21.43400287009747,89.52369274284585,15.299999999999997,89.12595692207205,89.12920117503732,70.46723089787135,54.56927310182104,0.7604635594360651
1645814155.676966,-91.94408638336503,34.97692773110835,16.056518819644154,-21.45183811537629,89.57680359327567,15.299999999999997,89.1644744841792,89.16768378041631,70.49224826798874,54.59987586216732,0.7565188196441568
1645814155.776425,-91.99161460580883,35.01293164408645,16.048282758650416,-21.464818367367716,89.62091198596502,15.299999999999997,89.19675164868724,89.19989031251374,70.52679623844112,54.60798034187857,0.7482827586504186
1645814155.8766813,-92.05364204144726,35.02177875947608,16.043121455681614,-21.47564556703449,89.66121433175564,15.299999999999997,89.25649279463939,89.2595862386635,70.57799647441277,54.63943557227957,0.7431214556816172
1645814155.9780304,-92.13857244575652,35.02208214688687,16.03733561945065,-21.49058037756486,89.71072584547065,15.299999999999997,89.34196400828627,89.34500655701822,70.64799206819166,54.688643698583775,0.7373356194506542
1645814156.0764709,-92.19652106164543,35.029433078303214,16.03520653845662,-21.51136252594254,89.77261215816213,15.299999999999997,89.4047386495087,89.40776152908171,70.68515853570288,54.74317907985892,0.7352065384566231
1645814156.1799195,-92.24808854000369,35.04962073204153,16.033409548868452,-21.528018071896085,89.82833189351278,15.267003815375467,89.45409752228234,89.4573805858093,70.72007046810761,54.77871116147125,0.7664057334929844
1645814156.2764988,-92.32256960445943,35.04888004668448,16.02890003561289,-21.540523725016705,89.87488198637801,15.216823823799025,89.53205296189078,89.53573574469922,70.78204587944273,54.82600193969353,0.8120762118138636
1645814156.3765283,-92.3913689176027,35.07246829912789,16.025901502714788,-21.55732295488996,89.9280290940662,15.233723005978204,89.59126418114032,89.59476638925717,70.83404596271275,54.85556079493831,0.7921784967365841
1645814156.4766243,-92.43855739142774,35.116114977337055,16.023503440132956,-21.575975850944474,89.98357479304077,15.283620556460141,89.62111140356106,89.62416546831024,70.86258154048326,54.86745981570372,0.7398828836728146
1645814156.5764723,-92.50794452993213,35.10467175848983,16.02292786962088,-21.59046985083674,90.03919967387117,15.299999999999997,89.70557715184685,89.70849010461954,70.91747467909539,54.93452791538134,0.7229278696208823
1645814156.676721,-92.56925398464361,35.12258568054883,16.02564694984036,-21.602996726181175,90.09515458121696,15.299999999999997,89.76743842180737,89.7703713053967,70.96625725846243,54.97256890066813,0.7256469498403639
1645814156.778087,-92.61457027652504,35.15477746891675,16.032090424556248,-21.619593970294503,90.1443295579275,15.299999999999997,89.8005428695855,89.80352696894477,70.99497630623054,54.98955208901076,0.732090424556251
1645814156.8779523,-92.65245730003866,35.165418319396025,16.030919637795904,-21.637748502537963,90.18938092638841,15.299999999999997,89.83721571024739,89.84018905860805,71.0147087975007,55.023962606992384,0.7309196377959069
1645814156.978038,-92.7517411335885,35.18375277893538,16.026781030364464,-21.652248961357234,90.24094092416702,15.299999999999997,89.92458926016072,89.92752617677587,71.09949217223127,55.05718814523164,0.7267810303644673
1645814157.0763984,-92.82711122198685,35.222986748449514,16.022564744506376,-21.664406046176786,90.29524405531258,15.299999999999997,89.98379927971811,89.98670030967132,71.16270517581006,55.072257306863065,0.7225647445063785
1645814157.1772077,-92.8877138580429,35.23984733268004,16.019009813755805,-21.681499563318745,90.35346930161971,15.26743088617647,90.04352436861502,90.0466609686653,71.20621429472416,55.11362196893967,0.7515789275793345
1645814157.2763827,-93.03538218568843,35.30077550453014,16.01412339973103,-21.70128903330986,90.41239955779979,15.214492936219171,90.14346316656108,90.14700971490585,71.33409315237857,55.11162405326965,0.7996304635118587
1645814157.3764699,-93.07773040613854,35.321618959385745,16.008216937641603,-21.715415654712118,90.46743346192581,15.200000000000003,90.18669981671472,90.19032120160402,71.36231475142642,55.14581450254006,0.8082169376415997
1645814157.4765348,-93.05067202335835,35.35057433102841,16.006818475948542,-21.727363797437057,90.52080329322821,15.200000000000003,90.1707738684288,90.1743833695826,71.3233082259213,55.1702289621998,0.8068184759485391
1645814157.576568,-93.17385257521478,35.38566806921857,15.99817316446046,-21.739745640928344,90.57006739636812,15.200000000000003,90.26710121964354,90.27063001329854,71.43410693428643,55.18439932714955,0.7981731644604579
1645814157.6764083,-93.19515914075095,35.408361170093,15.996781029264996,-21.752346129777777,90.61697049814374,15.200000000000003,90.28879263152326,90.292308281862,71.44281301097317,55.20860932805074,0.7967810292649933
1645814157.7764478,-93.25549471899166,35.42598832734923,15.990935136199543,-21.76387074926355,90.66531888861394,15.200000000000003,90.34620046623807,90.34966251777232,71.49162396972811,55.23933056126471,0.7909351361995398
1645814157.8780704,-93.31344446262347,35.45208366425766,15.979947984884333,-21.77501945928763,90.7151178224478,15.200000000000003,90.39772782723686,90.40109244465091,71.53842500333583,55.26303415819014,0.7799479848843305
1645814157.9765308,-93.36323771454046,35.46511312804056,15.974036306070996,-21.784170229460916,90.76402847185278,15.200000000000003,90.45182662741357,90.4551384523776,71.57906748507955,55.298915343812226,0.7740363060709932
1645814158.0764925,-93.40785743133085,35.48095814351676,15.967040246681188,-21.790974087924877,90.81468080436764,15.200000000000003,90.5030322327986,90.50628262209763,71.61688334340597,55.33372266085088,0.7670402466811854
1645814158.1790562,-93.45140526637219,35.49525707260622,15.961079790891082,-21.793932412141068,90.86566246213779,15.200000000000003,90.55757952184862,90.56077766507993,71.65747285423112,55.37040538953157,0.7610797908910794
1645814158.2763095,-93.49257974416456,35.49850447991375,15.954093974717006,-21.793932412141068,90.91331478134599,15.200000000000003,90.61731197726844,90.62044961104696,71.69864733202348,55.41481030143224,0.7540939747170032
1645814158.3764403,-93.51698540162269,35.52509288637373,15.945585236920328,-21.79816112265904,90.96095199122924,15.200000000000003,90.64614846009871,90.64921471251569,71.71882427896365,55.43585910485551,0.7455852369203253
1645814158.4763374,-93.55420698242523,35.547946150044496,15.93930919698749,-21.80445128489276,91.00778003564051,15.200000000000003,90.68528335553403,90.68829690407824,71.74975569753246,55.45983388559601,0.7393091969874863
1645814158.5762856,-93.58978521695957,35.570975044889195,15.932960440416085,-21.80639320822848,91.06002879181499,15.200000000000003,90.72976608593443,90.73272664819233,71.78339200873108,55.48905374692579,0.7329604404160825
1645814158.6763668,-93.62477568723688,35.59889408192684,15.927218515185386,-21.80639320822848,91.11475872919392,15.200000000000003,90.77384694632491,90.77675989042376,71.81838247900839,55.51586464726709,0.7272185151853829
1645814158.7763832,-93.68869817099245,35.62160195487318,15.920390588730912,-21.80236951255428,91.16950246093852,15.200000000000003,90.84719862836016,90.85005482233379,71.88632865843817,55.54790050606534,0.7203905887309094
1645814158.8762257,-93.73392926624074,35.635611257461946,15.916025655575524,-21.796249417111884,91.22417680933121,15.200000000000003,90.91269659508636,90.91551624959114,71.93767984912886,55.588565551869266,0.7160256555755211
1645814158.9763868,-93.7755994013651,35.668966079532865,15.909032237704565,-21.789917403520718,91.28074434497981,15.200000000000003,90.96487395989736,90.9676372192557,71.98568199784438,55.611778265446944,0.7090322377045624
1645814159.0763235,-93.82609573459246,35.692476107153844,15.902300440112482,-21.783483218815068,91.33822463422214,15.200000000000003,91.03069453341641,91.03340361177511,72.04261251577739,55.6457485270683,0.702300440112479
1645814159.1762087,-93.88146944141681,35.71810932246048,15.897083454553691,-21.7772660183092,91.39376647851498,15.200000000000003,91.0977219860047,91.10038900236385,72.1042034231076,55.6756571560545,0.6970834545536881
1645814159.2762384,-93.92016517861826,35.77176714235578,15.891420493975474,-21.771137225111307,91.44851852937153,15.200000000000003,91.13387339319826,91.13649621280696,72.14902795350696,55.67675138701575,0.6914204939754711
1645814159.376696,-93.95304252306852,35.83278355235203,15.889266940259432,-21.76069632662057,91.51084386921482,15.200000000000003,91.16897087274816,91.17157637614334,72.19234619644794,55.67806031686279,0.6892669402594294
1645814159.476283,-94.01429364745891,35.86238031719331,15.883860983210967,-21.74810332905185,91.57646917413624,15.200000000000003,91.24944909584694,91.25201162790836,72.26619031840707,55.71408885694292,0.6838609832109643
1645814159.5772393,-94.09077346515346,35.8858793314308,15.883758187969706,-21.731050414934746,91.6491580061987,15.200000000000003,91.35355914502829,91.35611798737835,72.35972305021872,55.7632786747679,0.683758187969703
1645814159.6762288,-94.13979287771664,35.931663547311246,15.883714155187521,-21.712401890190858,91.72320158131018,15.200000000000003,91.42440965879452,91.42696618889354,72.42739098752578,55.79153803399893,0.6837141551875181
1645814159.776666,-94.17528575114859,36.002921896799634,15.882189071850345,-21.69916864403657,91.78509710847437,15.169752354069276,91.45730491475133,91.46007975257096,72.47611710711203,55.78217521167474,0.7124367177810687
1645814159.8763022,-94.22378715330179,36.0751374926636,15.880275240137754,-21.68847057610643,91.84084745434349,15.126825450141595,91.49418865963102,91.49729091656322,72.53531657719536,55.76570996167989,0.753449789996159
1645814159.9762967,-94.26807189274056,36.14364900130529,15.877289947036541,-21.67099577151001,91.91183213251328,15.121646841897922,91.54466511549263,91.54778373947694,72.59707612123056,55.76818313120799,0.7556431051386188
1645814160.0776947,-94.32600887884264,36.204403604136374,15.878195533543876,-21.641999985534333,92.00897067349591,15.179820865797078,91.63577278880322,91.63843397711312,72.68400889330832,55.804567069359535,0.6983746677467977
1645814160.176464,-94.39289056827018,36.304361442123835,15.891668181713415,-21.619700449293067,92.0912707057203,15.200000000000003,91.6957820473632,91.69839066281986,72.77319011897711,55.78690926359647,0.6916681817134123
1645814160.2767377,-94.45575860349086,36.354866648270395,15.89661090897441,-21.60039904462509,92.16790652751375,15.200000000000003,91.77689707662611,91.77954076901958,72.85535955886577,55.813039879243355,0.6966109089744066
1645814160.3762352,-94.50969071433477,36.41139772671864,15.901502067845415,-21.577329198892336,92.24881529687028,15.200000000000003,91.85285274351945,91.85553147347122,72.93236151544244,55.837417570151636,0.7015020678454125
1645814160.4767003,-94.53076016283796,36.48115015472214,15.908563051144029,-21.552299828262832,92.33266598285282,15.200000000000003,91.8980276888742,91.90075927163242,72.97846033457513,55.85151582813068,0.7085630511440257
1645814160.5770288,-94.57211735788493,36.55550391552843,15.917899378061414,-21.5274264516475,92.42242998614722,15.200000000000003,91.95999292174696,91.96279507325107,73.04469090623743,55.86692607061879,0.7178993780614107
1645814160.6763632,-94.63724327287288,36.62847209591566,15.920217215394528,-21.502852088524765,92.51390372821187,15.200000000000003,92.04249367891609,92.04531142578996,73.13439118434812,55.88543163229621,0.7202172153945252
1645814160.7761817,-94.69333319407198,36.70442831976709,15.921678891552405,-21.473487807574983,92.60728634727235,15.200000000000003,92.12098183403135,92.12380861909938,73.219845386497,55.90285802750526,0.7216788915524024
1645814160.8761566,-94.76231412104907,36.78369334679859,15.921617115710996,-21.44184478741019,92.70151480783292,15.200000000000003,92.21005357472248,92.21287714584595,73.32046933363888,55.91782146103433,0.721617115710993
1645814160.9762065,-94.82370470283394,36.865220423534474,15.925556694848611,-21.411577540572424,92.79789746658585,15.200000000000003,92.2919540138269,92.29480596549179,73.41212716226151,55.93267704305138,0.7255566948486081
1645814161.0765414,-94.85267774264558,36.958972553833696,15.926116779968364,-21.381805505255205,92.89542009028105,15.200000000000003,92.34097265201763,92.34382749214383,73.47087223739038,55.93644753644735,0.7261167799683612
1645814161.1760848,-94.90960247478984,37.0579275325902,15.931806249246284,-21.347043060498937,92.9966115308246,15.200000000000003,92.4152937290977,92.4181911499129,73.5625594142909,55.938683998234396,0.7318062492462811
1645814161.276409,-95.00716871360768,37.13389281880067,15.937682377034227,-21.308631063583977,93.10146492396422,15.200000000000003,92.54103727049228,92.54397740743603,73.69853765002371,55.96757210516355,0.7376823770342238
1645814161.3763764,-95.0680016131865,37.2234937207683,15.952166898885961,-21.270544244611376,93.21781674721278,15.200000000000003,92.63600231689875,92.63905591218129,73.79745736857512,55.99432302644448,0.7521668988859584
1645814161.47628,-95.12310005493337,37.32560959577946,15.95692363709849,-21.23258019991988,93.34028929422625,15.200000000000003,92.72245286964603,92.72554232548943,73.8905198550135,56.01467969844679,0.7569236370984864
1645814161.576192,-95.21652047827126,37.43621969417123,15.953487188165285,-21.195587276849338,93.45338826127639,15.200000000000003,92.82791458545667,92.8309725750386,74.02093320142193,56.01716856710516,0.7534871881652823
1645814161.6761453,-95.31259135502087,37.60220748037589,15.95651589947879,-21.15902093377838,93.56227768445768,15.200000000000003,92.89930819690711,92.90238845029819,74.15357042124249,55.960070204081795,0.7565158994787868
1645814161.7761123,-95.4086526578874,37.69324326547357,15.957786046434808,-21.12105478052144,93.6753355446428,15.200000000000003,93.01957780135668,93.02266441053395,74.28759787736595,55.98209227916924,0.7577860464348056
1645814161.8761518,-95.4619018510202,37.790436366225876,15.959241310210677,-21.08228666826973,93.7907815254459,15.200000000000003,93.10405905590702,93.10715471999427,74.37961518275047,56.00034515922002,0.7592413102106743
1645814161.9760263,-95.52597647517341,37.91810171601554,15.960191083686288,-21.042080227039072,93.91878175812529,15.200000000000003,93.18759019033376,93.19069082244913,74.48389624813433,56.00068004210975,0.7601910836862853
1645814162.0760562,-95.61324808804129,38.0230515421818,15.961064051362262,-20.99947523502613,94.06679870618336,15.200000000000003,93.31729044257487,93.3203938806205,74.61377285301516,56.043747164001566,0.7610640513622595
1645814162.1760964,-95.6951256959098,38.14182063108361,15.963524701021408,-20.956140718921493,94.20945457813336,15.200000000000003,93.43176896436698,93.43488867537607,74.7389849769883,56.06763394704975,0.7635247010214048
1645814162.2760582,-95.80249225574954,38.25952786875132,15.96553408803447,-20.912426118943568,94.34892878380387,15.200000000000003,93.56571434550516,93.56884600883252,74.89006613680597,56.08940091505255,0.7655340880344674
1645814162.3761587,-95.88886523579339,38.384644966600206,15.964421938530375,-20.868087307931923,94.49039457495144,15.200000000000003,93.6801593722839,93.68327812857862,75.02077792786147,56.10574960835123,0.7644219385303721
1645814162.4761329,-95.98027231040913,38.49427520121964,15.965361676153458,-20.823490638624932,94.63268307966536,15.200000000000003,93.8086492301588,93.8117713769562,75.1567816717842,56.13840787844572,0.7653616761534554
1645814162.576848,-96.03971865206854,38.60684043699864,15.974164067957485,-20.77378725591138,94.78366234714545,15.200000000000003,93.91909150356697,93.92228212122778,75.26593139615716,56.17682191014681,0.7741640679574822
1645814162.6760454,-96.15889157487594,38.75414538971754,15.981273339752718,-20.722712009399107,94.93575724260249,15.200000000000003,94.05844299063793,94.06168766216399,75.43617956547683,56.18161185288495,0.7812733397527154
1645814162.7784066,-96.27050573253962,38.89119082360258,15.983025138483333,-20.67846588480848,95.08086412766433,15.200000000000003,94.18830009273,94.19155483760558,75.59203984773114,56.18967330406175,0.78302513848333
1645814162.8760417,-96.37122749014041,39.00844329621253,15.982793974421654,-20.638868915915946,95.21562321282256,15.200000000000003,94.3113843042985,94.31463288270528,75.73235857422446,56.20717991661003,0.7827939744216508
1645814162.9760983,-96.43051212546865,39.09979130977984,15.98931420998743,-20.592224611848845,95.3670934654499,15.200000000000003,94.43227808792888,94.43557678014162,75.8382875136198,56.26730215567006,0.7893142099874275
1645814163.0759974,-96.55072829613201,39.24313414671225,15.994941913109008,-20.541608487496582,95.5272416406019,15.200000000000003,94.57952764984196,94.58286833836473,76.00911980863543,56.28410749388965,0.794941913109005
1645814163.1765914,-96.64720272531866,39.372664252589416,15.996187188368257,-20.49453500302077,95.69505596755063,15.200000000000003,94.7176890011377,94.72103527598905,76.15266772229789,56.32239171496121,0.7961871883682541
1645814163.2759879,-96.74853174000577,39.50013015414342,15.993198580320344,-20.450247869122897,95.86461706124534,15.200000000000003,94.85980975071945,94.86312597595818,76.29828387088287,56.36448690710192,0.7931985803203414
1645814163.3795269,-96.88234329552253,39.639219630216616,15.996530405898698,-20.400475394580052,96.04487601951719,15.200000000000003,95.031964045394,95.03530213037985,76.48186790094248,56.405656389300574,0.7965304058986948
1645814163.4764335,-97.00343752159674,39.7773945714056,16.000005022148628,-20.352323055629807,96.2151526990952,15.200000000000003,95.18725697988339,95.19061875725896,76.65111446596693,56.4377581276896,0.8000050221486248
1645814163.5760927,-97.10625916306458,39.913621744918395,15.999855642977908,-20.303119497604968,96.38914670720968,15.200000000000003,95.33208894301268,95.33544435983966,76.80313966545961,56.47552496229128,0.7998556429779047
1645814163.6764045,-97.24384822477609,40.07520688380741,15.99765146400297,-20.253750131612854,96.56372704645126,15.200000000000003,95.49046085636155,95.49379227163587,76.99009809316323,56.48852016264385,0.7976514640029677
1645814163.7761981,-97.38683028139684,40.22574753623201,16.005789555579597,-20.207689220584612,96.73193905412363,15.228733794553014,95.65338203504044,95.65653825221328,77.17914106081223,56.50619151789162,0.7770557610265829
1645814163.8762228,-97.42561846174806,40.282397422725516,16.01089000808008,-20.163203411380316,96.89752965227713,15.273359564138893,95.78493606400176,95.78777546190665,77.26241505036774,56.61513222955161,0.7375304439411856
1645814163.9776917,-97.56945191395886,40.44654934024291,16.017737118154503,-20.116496575247105,97.08210258279595,15.299999999999997,95.95074872970267,95.9534331244136,77.45295533871175,56.635553242553044,0.7177371181545062
1645814164.077374,-97.76646069102765,40.66364649597731,16.019904617354328,-20.06839417113181,97.28673428075635,15.299999999999997,96.14137304622267,96.1440683239015,77.69806651989583,56.62308778477904,0.7199046173543309
1645814164.1761496,-97.87231352765043,40.80497905944463,16.023654310818145,-20.02230943592864,97.48854937973184,15.299999999999997,96.29979377618648,96.3025127236959,77.85000409172179,56.6835703202872,0.7236543108181479
1645814164.276436,-97.97052541319303,40.93243494039466,16.025631128438256,-19.976580687212206,97.69281004588419,15.299999999999997,96.46136841262012,96.46409765591437,77.99394472598082,56.76037510548953,0.725631128438259
1645814164.3767655,-98.00615739671578,40.989817749541075,16.02871658340275,-19.926235724786565,97.89091966424313,15.299999999999997,96.61371314364183,96.61646130582943,78.07992167192921,56.90110191470205,0.728716583402754
1645814164.477542,-98.13211972995475,41.132908746804006,16.033971238123797,-19.873548699780542,98.08703784533789,15.299999999999997,96.78934218733635,96.79212506622467,78.25857103017421,56.95412909853388,0.7339712381238002
1645814164.5761032,-98.27093051654606,41.28498051420729,16.03590390639374,-19.830864104982588,98.26948226001817,15.299999999999997,96.95399660596158,96.95678940862396,78.44006641156346,56.984501745810874,0.7359039063937445
1645814164.676603,-98.43005494195981,41.463239455750625,16.037271033592752,-19.789798856856912,98.45291205248395,15.299999999999997,97.11906434790967,97.12186277244889,78.64025608510289,56.98967259673333,0.737271033592755
1645814164.7759714,-98.61345791783351,41.64468488190267,16.03894594857715,-19.747854242726493,98.64610409468787,15.299999999999997,97.30850546232192,97.3113111432872,78.86560367510702,57.0014192127852,0.7389459485771539
1645814164.8764713,-98.75860120881073,41.802398189632655,16.04571565893638,-19.704676940506694,98.84815198330017,15.299999999999997,97.48713232066312,97.48998440840198,79.05392426830403,57.045753793667515,0.7457156589363834
1645814164.975979,-98.89568095009179,41.94952757438029,16.04768111636411,-19.661589762431255,99.04414825756423,15.299999999999997,97.6618498559758,97.66471186842732,79.23409118766054,57.09462068318394,0.747681116364113
1645814165.0759723,-98.91539623076308,41.9600386073747,16.052803114470457,-19.618077611494243,99.23850784822567,15.299999999999997,97.82069197660049,97.82358862416625,79.29731861926884,57.27846924085097,0.7528031144704599
1645814165.1758916,-99.05422413001352,42.10543096195005,16.05741917512312,-19.57329384843566,99.43854746248292,15.299999999999997,98.00155369221814,98.00448056030682,79.48093028157786,57.33311650053287,0.7574191751231218
1645814165.2760377,-99.27756970494946,42.350754317869345,16.055395222206272,-19.527549484068008,99.64287788045245,15.299999999999997,98.1959935411893,98.19889902378245,79.75002022088145,57.2921235625831,0.7553952222062748
1645814165.3762224,-99.40205945048477,42.50071253943909,16.056865614362316,-19.483318418033758,99.84689116475042,15.299999999999997,98.36457376077061,98.36748556660523,79.91874103245101,57.346178625311325,0.7568656143623187
1645814165.4762218,-99.5241851367901,42.63863523676491,16.057533852304708,-19.439838736601484,100.05035403441241,15.299999999999997,98.53734314281847,98.54025497827242,80.08434640018861,57.411718797647495,0.7575338523047108
1645814165.5777957,-99.61217898777113,42.72597954720786,16.056059676355794,-19.400052428032275,100.2505343668421,15.299999999999997,98.70693822843798,98.70983375868325,80.21212655973886,57.52455481963425,0.7560596763557967
1645814165.6772459,-99.74200510813228,42.85932737345665,16.05575672522467,-19.3629766018801,100.44374590172586,15.299999999999997,98.87746700258748,98.88035522324694,80.37902850625218,57.58441852826921,0.7557567252246713
1645814165.7773116,-99.88566879037961,43.00869069585144,16.055737532089346,-19.32897290668785,100.62656687135521,15.299999999999997,99.04141006000108,99.04429335348247,80.55669588369176,57.61787617550377,0.7557375320893485
1645814165.8784578,-100.05609135945593,43.16126132157417,16.053196876310817,-19.296063288893155,100.80623392267634,15.299999999999997,99.22260327233865,99.22546198267052,80.76002807056278,57.64497260110217,0.7531968763108203
1645814165.9758353,-100.1908152171664,43.299734094710374,16.05565727413873,-19.261190132703355,100.99273426240582,15.299999999999997,99.38856314818852,99.39143576072044,80.92962508446305,57.693000167695445,0.7556572741387342
1645814166.075982,-100.33062375250944,43.43726380301027,16.057769312879177,-19.220271974447574,101.20596916411016,15.299999999999997,99.57967907489216,99.5825622234639,81.11035177806187,57.76870536109989,0.75776931287918
1645814166.1759317,-100.48017540571183,43.58044128792586,16.06328672707663,-19.179031945350495,101.42660259800006,15.33083654465841,99.78002959647478,99.78271789013921,81.30114346036135,57.8461613100742,0.7324501824182192
1645814166.2760918,-100.62422609081952,43.722553603703545,16.066671760054675,-19.13738130372974,101.65399047021172,15.386545454063235,99.98078440767247,99.98309768438655,81.48684478708978,57.93143686650818,0.6801263059914398
1645814166.3765728,-100.77872840439257,43.86174748425245,16.073350575850444,-19.10421932870789,101.86026067407938,15.399999999999991,100.17261584377553,100.17487891673554,81.67450907568468,57.99851318982694,0.6733505758504528
1645814166.4758782,-100.91875111392052,43.99875087332857,16.077478875965127,-19.07414725374203,102.05727156908522,15.399999999999991,100.34605625737937,100.34834320523944,81.8446038601785,58.05852069575665,0.6774788759651358
1645814166.5758607,-101.20648323019303,44.27417853141061,16.086348206735643,-19.039179742425645,102.25814149870004,15.399999999999991,100.56642443600579,100.56876651179407,82.16730348776738,57.98396296728943,0.6863482067356514
1645814166.6759639,-101.28381423647984,44.35149233085943,16.094432994398915,-19.002142835745456,102.46034110513475,15.399999999999991,100.73188052632607,100.7342741650216,82.28167140073438,58.108848774275316,0.6944329943989231
1645814166.7760403,-101.32519508719345,44.398915031068015,16.104280054188052,-18.965346347410282,102.66740895009852,15.399999999999991,100.88786878526108,100.8903269814643,82.35984873978316,58.268493919030504,0.7042800541880609
1645814166.8758016,-101.4566948652724,44.54707058502258,16.11138591294269,-18.928774446090703,102.87614540156534,15.399999999999991,101.06007430072783,101.06257807707937,82.5279204191817,58.32907481654276,0.7113859129426992
1645814166.9757457,-101.59941564361436,44.69487857333762,16.12096318164292,-18.88775124398812,103.0876719068238,15.399999999999991,101.24691472357875,101.24948162313184,82.71166439962624,58.39279333348618,0.7209631816429294
1645814167.0756485,-101.87844556544121,44.969986259997995,16.136005958657194,-18.844251716344953,103.30048018069984,15.399999999999991,101.47474498219904,101.47741410764026,83.03419384909625,58.33049392070184,0.7360059586572021
1645814167.1759353,-102.06319356814129,45.13222208560667,16.149143708693483,-18.804112375917324,103.51054822462184,15.4323020557704,101.6862997840248,101.68882645464018,83.25908119222396,58.37832613901517,0.7168416529230832
1645814167.2757998,-102.2495470363804,45.3076329662813,16.16177141743231,-18.766171097618834,103.71768516523703,15.483049586616652,101.88821450990947,101.89047511588585,83.48337593876157,58.41005219895573,0.6787218308156575
1645814167.3759654,-102.36476402660392,45.45031776683265,16.175020865906895,-18.727675903120712,103.91319948682576,15.5,102.04445623737334,102.04668883384022,83.63708812348321,58.46288171999311,0.6750208659068946
1645814167.4771855,-102.48254280778721,45.58525919501784,16.179376655625862,-18.688553691485247,104.10459306657266,15.5,102.2054061622644,102.2076641032053,83.79398911630196,58.51933387155482,0.6793766556258625
1645814167.5765631,-102.61689434523974,45.72804039947674,16.189816741272107,-18.648151555252063,104.30224828965791,15.5,102.38011328228383,102.38243717957592,83.96874278998769,58.57420789018117,0.6898167412721072
1645814167.67631,-102.68376557088942,45.80679943908464,16.20253602262144,-18.604837146728013,104.51415092297935,15.5,102.54666900103977,102.5490754715609,84.0789284241614,58.70735148389471,0.702536022621441
1645814167.7764206,-102.8223729778669,45.94594767317231,16.212181288372435,-18.564202219043437,104.72504895128434,15.5,102.7347170467978,102.73718552147082,84.25817075882347,58.77910127811202,0.7121812883724346
1645814167.8778129,-102.96841515130518,46.089463267683065,16.220954144500773,-18.52723842980992,104.93602212793026,15.5,102.92341723729994,102.92594226278331,84.44117672149525,58.84655886024719,0.720954144500773
1645814167.9761605,-103.1147861957641,46.22891206116453,16.22863184461547,-18.491699874628832,105.1419830659952,15.5,103.11070106315121,103.11327546974502,84.62308632113526,58.91307100483068,0.7286318446154709
1645814168.0758052,-103.34318451548529,46.422016670073326,16.242351393563162,-18.45626121148331,105.35304576814967,15.5,103.33758241113364,103.34024881027412,84.88692330400198,58.931029098076344,0.7423513935631618
1645814168.175951,-103.5129608725382,46.576147171443225,16.24793376451957,-18.41956090042007,105.56915172022855,15.5,103.54255793879094,103.5452592320092,85.09339997211814,58.99300454878532,0.7479337645195692
1645814168.2761261,-103.6478964260771,46.71193500784506,16.250594737893145,-18.379583473408985,105.79732542442991,15.5,103.73894425178234,103.74165964999287,85.26831295266811,59.08539041658486,0.7505947378931452
1645814168.375708,-103.82574907154222,46.88601746794847,16.26238034304704,-18.342975928281156,106.02321558118778,15.518902090394798,103.94475794837732,103.94741682629211,85.48277314326106,59.137198113239315,0.7434782526522437
1645814168.4756594,-103.95771268129316,47.00910891638525,16.268313718182984,-18.311469892911244,106.24838487451794,15.569470344860857,104.13726864005152,104.13961350932071,85.64624278838191,59.23927595813269,0.6988433733221271
1645814168.5755768,-104.1466513831232,47.19992850235285,16.275795115087764,-18.277681687223254,106.47227488751481,15.599999999999994,104.33930708337107,104.34149558864672,85.86896969589995,59.27234638516197,0.6757951150877695
1645814168.676959,-104.29238155750204,47.33909516749971,16.278517290123702,-18.239850640907985,106.69758595040236,15.599999999999994,104.53931559549886,104.54151754632372,86.05253091659405,59.35849078290265,0.6785172901237075
1645814168.7757132,-104.440128841137,47.48361899058025,16.275462798203755,-18.205567605182594,106.91619833930959,15.599999999999994,104.73123239798421,104.73341056984795,86.2345612359544,59.43257934872934,0.6754627982037604
1645814168.8757303,-104.51035165577389,47.57259557970877,16.26920987844326,-18.174771402740298,107.1362945526428,15.599999999999994,104.88882997233931,104.890964791195,86.33558025303358,59.56369897293403,0.6692098784432652
1645814168.9771452,-104.67951854659368,47.72141648258608,16.274617491693828,-18.145963093830733,107.35900880018544,15.599999999999994,105.09376116942711,105.09592639820387,86.53355545276295,59.637592317599356,0.6746174916938337
1645814169.0758243,-104.86859956695444,47.88099313541241,16.274710746077474,-18.121787352113714,107.57498466893209,15.599999999999994,105.30138676504104,105.3035483221322,86.74681221484073,59.69399153351968,0.6747107460774799
1645814169.1772106,-105.03895633274755,48.03254985998238,16.27317484194184,-18.096431725583873,107.80150113026777,15.599999999999994,105.50511893276558,105.50726650513145,86.94252460716368,59.768951270285385,0.6731748419418473
1645814169.2755427,-105.22853623685289,48.18318469703321,16.280910379777964,-18.07089181536241,108.02966390403327,15.599999999999994,105.72632621337442,105.728518827808,87.15764442149049,59.84647920700006,0.6809103797779699
1645814169.3759067,-105.52549711912846,48.42530878308495,16.286792892538553,-18.045291111306508,108.25836978424562,15.599999999999994,105.98481793134138,105.98704315347618,87.48020600782195,59.833061001160665,0.6867928925385591
1645814169.475605,-105.6904696623139,48.5731548381857,16.2920842708811,-18.02050876113359,108.47976483641496,15.599999999999994,106.18297399251175,106.18522941790175,87.6699609011803,59.90660999822926,0.6920842708811072
1645814169.575599,-105.60954645965614,48.5081618519975,16.293915402047592,-17.99817577216764,108.70213226763669,15.599999999999994,106.29706650768574,106.29933145003577,87.6113706874885,60.193970415639185,0.6939154020475975
1645814169.6756015,-105.75651376361121,48.620437349698925,16.30305667940447,-17.979467651384528,108.92497287020132,15.599999999999994,106.49622917517551,106.49854983625815,87.77704611222669,60.30453552050239,0.7030566794044759
1645814169.7757037,-105.91899456506414,48.75603481907946,16.30925108441329,-17.960689377045803,109.14478849176173,15.599999999999994,106.69332229192447,106.69567966318604,87.95830518801833,60.38875367268227,0.709251084413296
1645814169.8843086,-106.08180916664831,48.89029033821203,16.310115975143816,-17.940236515245108,109.37826050606263,15.599999999999994,106.900567652793,106.90292619562632,88.14157265140321,60.4879701678506,0.7101159751438217
1645814169.9755702,-106.46286402176025,49.18776572887464,16.315624509097148,-17.926321125578312,109.56430007276649,15.599999999999994,107.16363808394439,107.16602747990912,88.53654289618194,60.37653434389185,0.7156245090971538
1645814170.075476,-106.63683842081525,49.318028072991325,16.318432838971198,-17.915165817467862,109.75530896349626,15.599999999999994,107.35082724866798,107.35323123556863,88.72167260334739,60.43728089050494,0.7184328389712036
1645814170.1763992,-106.82035588501147,49.45345199062917,16.320926256422045,-17.903320277201384,109.96025355438367,15.599999999999994,107.55144004966242,107.55385623687943,88.91703560781008,60.5068015637545,0.7209262564220502
1645814170.2756064,-106.99165345074016,49.57758420295331,16.324098823778215,-17.889425620532204,110.2085115457916,15.599999999999994,107.77437707896446,107.77680953649266,89.10222783020795,60.630927342838284,0.7240988237782204
1645814170.3763468,-107.05320020508223,49.64502612703869,16.31573785461521,-17.878603255121753,110.44510144362538,15.599999999999994,107.92941165266545,107.93178484750007,89.17459694996049,60.800075316586685,0.7157378546152167
1645814170.47555,-107.2095099369371,49.760612779869504,16.31035793058303,-17.87241567027328,110.65699764663667,15.599999999999994,108.11792682923681,108.12026040590979,89.33709426666381,60.896384866767164,0.7103579305830365
1645814170.5760062,-107.40397502230975,49.89124813408765,16.30975680097746,-17.866169860033928,110.87088780053084,15.599999999999994,108.3306743592364,108.33299941312181,89.53780516227582,60.97963966644319,0.7097568009774662
1645814170.675772,-107.58473791274042,50.01963754146135,16.305142758794855,-17.85999431824199,111.08237158486999,15.599999999999994,108.53196350363585,108.53425417012282,89.72474359449843,61.06273404340864,0.7051427587948602
1645814170.7755153,-107.6565334001414,50.07790454437939,16.29411823960469,-17.856320838423773,111.29238751758707,15.599999999999994,108.67976399407021,108.68198057607044,89.80021256171763,61.21448297320768,0.6941182396046948
1645814170.8755705,-107.7878644467848,50.166612936386414,16.29576740928564,-17.856320838423773,111.5009670709181,15.599999999999994,108.85580155822052,108.8580250839161,89.93154360836103,61.33435413453168,0.6957674092856472
1645814170.975425,-107.96254306087665,50.28114915283234,16.293218863518764,-17.856320838423773,111.7103365794619,15.599999999999994,109.05354809036726,109.05575135448284,90.10622222245289,61.429187426629554,0.6932188635187693
1645814171.0754845,-108.33583673450866,50.540754145501865,16.29655010552421,-17.856320838423773,111.92232074662266,15.599999999999994,109.3354449169971,109.3376636719809,90.47951589608489,61.381566601120795,0.6965501055242171
1645814171.1760857,-108.50359206209883,50.65560708147078,16.295194400353882,-17.856320838423773,112.13613698486404,15.599999999999994,109.52982852858185,109.53203473301693,90.64727122367506,61.48052990339326,0.6951944003538877
1645814171.2756832,-108.66129579094388,50.762091762294574,16.286579156785535,-17.856320838423773,112.34909839129412,15.599999999999994,109.72011147300316,109.72225960390521,90.80497495252011,61.587006628999546,0.686579156785541
1645814171.3764968,-108.78929998384912,50.84672584967295,16.280583247456725,-17.858615407610205,112.56692384346856,15.599999999999994,109.89891827446158,109.90102561602191,90.93068457623892,61.72019799379561,0.680583247456731
1645814171.475599,-108.93674693248467,50.94645581155602,16.279672783971396,-17.86498671584998,112.78511172408501,15.599999999999994,110.08217327989287,110.08427148833584,91.07176021663469,61.83865591252899,0.6796727839714016
1645814171.5754004,-109.08024446968453,51.0492462623798,16.271151354244314,-17.871445585346986,113.00629817351933,15.599999999999994,110.26205727920721,110.26409986747035,91.20879888433754,61.95705191113952,0.6711513542443193
1645814171.6762457,-109.33982644636166,51.235803393897854,16.261419046316416,-17.87803436808499,113.23193355168807,15.599999999999994,110.49334624633094,110.4953258733889,91.46179207827666,61.99613015779022,0.6614190463164213
1645814171.7753618,-109.50255882380462,51.33810416007525,16.261732277052626,-17.884122776088248,113.44043340601365,15.599999999999994,110.68259629047571,110.68457440495908,91.61843604771637,62.10232924593841,0.6617322770526322
1645814171.8759592,-109.70143932335827,51.456241562597,16.265084121645145,-17.889916173145675,113.63883049778183,15.599999999999994,110.88746615305173,110.88946066571457,91.8115231502126,62.182588935184825,0.6650841216451511
1645814171.9754174,-109.83953062836554,51.5654358780989,16.26257186043644,-17.89761942107585,113.83265990692882,15.599999999999994,111.04288461988745,111.04486132269192,91.94191120728969,62.26722402882992,0.6625718604364472
1645814172.0754094,-110.0041064782836,51.676096154572484,16.256029155001457,-17.90923950087003,114.02297619857592,15.599999999999994,111.2141986205397,111.21613349267753,92.09486697741357,62.346880044003434,0.6560291550014625
1645814172.1753063,-110.17513695612934,51.78155793688248,16.25303545482997,-17.921276366980567,114.22209269501232,15.599999999999994,111.39836253052968,111.4002766145066,92.25386058914877,62.44053475812984,0.6530354548299755
1645814172.2754953,-110.30417299992116,51.861575384696124,16.253733438647117,-17.935159439352603,114.45980824956705,15.599999999999994,111.58213756671408,111.58405258533098,92.36901356056856,62.59823286487092,0.653733438647123
1645814172.3753858,-110.47184781792059,51.95997292601338,16.252414707517826,-17.948455014104038,114.68015569775501,15.599999999999994,111.7783500631943,111.78025401563816,92.52339280381655,62.720182771741634,0.6524147075178313
1645814172.475333,-110.75454923704149,52.116107579798296,16.25246444667254,-17.96091795099188,114.8749982711559,15.599999999999994,112.02382053858499,112.02572060877479,92.7936312860496,62.75889069135761,0.6524644466725462
1645814172.5754447,-110.83959877263585,52.15715802071041,16.25937373545128,-17.975827565384986,115.07339169807048,15.599999999999994,112.17010503238735,112.17204302632548,92.86377120725086,62.91623367736007,0.6593737354512861
1645814172.675524,-111.09169338040633,52.30840465653401,16.268424225082818,-17.994444140296956,115.27666267745404,15.599999999999994,112.39261245412976,112.39460007139525,93.09724924010936,62.96825802092003,0.6684242250828234
1645814172.7753,-111.25272288223398,52.397744125321495,16.27027432647644,-18.015264274809322,115.478296804922,15.599999999999994,112.57166523568478,112.5736606920456,93.23745860742466,63.0805526796005,0.670274326476445
1645814172.875397,-111.432080061367,52.489196607613124,16.273203966977004,-18.039766282281708,115.67894651140634,15.599999999999994,112.76111371352742,112.76312326951668,93.3923137790853,63.18974990379321,0.6732039669770096
1645814172.9754589,-111.57637858201583,52.581535122352605,16.279290230982436,-18.062133045801712,115.87649233940213,15.599999999999994,112.92105971569462,112.92310287329772,93.51424553621412,63.29495721704953,0.679290230982442
1645814173.0755777,-111.73972203305718,52.67941323978472,16.26694520569567,-18.080556116989285,116.06850693522563,15.599999999999994,113.09383961835816,113.0958061801158,93.65916591606789,63.389093695440906,0.6669452056956757
1645814173.1757426,-111.87247938160893,52.761708270155125,16.257995351456433,-18.1010480839973,116.26131224460966,15.599999999999994,113.24875731113018,113.25066882980337,93.77143129761163,63.49960397445453,0.6579953514564387
1645814173.275331,-112.04221896490247,52.848026023370736,16.258124379357614,-18.125760595066566,116.45448699137702,15.599999999999994,113.42875750711381,113.43066674099353,93.91645836983591,63.60646096800629,0.6581243793576199
1645814173.3758118,-112.22910884641672,52.93831640734191,16.256728366524293,-18.15146608073695,116.65224225632352,15.599999999999994,113.62247671757726,113.62437461910972,94.07764276567977,63.71392584898161,0.6567283665242982
1645814173.4752712,-112.34891966150127,53.001375238300355,16.253439829334,-18.17859555251175,116.8542116254887,15.599999999999994,113.77712712791256,113.77900351599033,94.17032410898952,63.85283638718835,0.6534398293340047
1645814173.5753691,-112.49626210616847,53.08383205422385,16.238519668999626,-18.204233378792253,117.0493461144987,15.599999999999994,113.94109737280733,113.94288647338746,94.29202872737622,63.965514060274856,0.6385196689996313
1645814173.677128,-112.825569205103,53.24315353582877,16.23713349927885,-18.228470434619435,117.23880428443859,15.599999999999994,114.21057048509418,114.21234762330458,94.59709877048356,63.99565074860982,0.6371334992788569
1645814173.7758865,-112.99410026787459,53.32031957734405,16.231118878102738,-18.254509345806365,117.41664759817735,15.580893953280864,114.38500493436668,114.38685303079174,94.73959092206822,64.0963280208333,0.6502249248218739
1645814173.8759723,-113.1714616033987,53.39905249430867,16.225144391792462,-18.284738419973866,117.58768166175719,15.532375264819182,114.55858916241992,114.56068383152835,94.88672318342483,64.18862916744851,0.6927691269732801
1645814173.975256,-113.21205187310844,53.42944036671256,16.220671955918004,-18.314454999327715,117.75581606435526,15.5,114.64482763218265,114.64709272755641,94.89759687378071,64.3263756976427,0.7206719559180037
1645814174.0754495,-113.36845904195837,53.505150221480534,16.20769054567216,-18.34388344092698,117.9223202032167,15.5,114.80087872752551,114.80305998761729,95.02457560103139,64.41716998173617,0.7076905456721612
1645814174.1762013,-113.54976659716888,53.57741664840849,16.207032807700802,-18.37586774970661,118.09512438593529,15.5,114.9808924714533,114.98306627031248,95.17389884746227,64.5177077375268,0.7070328077008021
1645814174.2752566,-113.71655403357309,53.64502066796891,16.205458055051313,-18.41607408902659,118.28469501553846,15.5,115.15410968532886,115.1562705565276,95.3004799445465,64.63967434756955,0.705458055051313
1645814174.3752189,-114.00248982529797,53.75140331120048,16.213939725269505,-18.45573396379503,118.4682755491908,15.5,115.40128295615266,115.40349135904567,95.54675586150294,64.71687223799033,0.7139397252695048
1645814174.4751418,-114.17723249247126,53.8113056827452,16.22258894691452,-18.493763921273604,118.63814734032854,15.5,115.57614614232797,115.57840495481393,95.68346857119766,64.82684165758334,0.7225889469145201
1645814174.5753245,-114.33158679392614,53.87359738376553,16.21708045953087,-18.53383175062624,118.80621734657595,15.5,115.73009550920995,115.73231705516095,95.7977550432999,64.93261996281042,0.7170804595308695
1645814174.675559,-114.4529221973641,53.93398662843196,16.208159410489365,-18.576862808198047,118.97096933078747,15.5,115.85347592118843,115.85564022857088,95.87605938916606,65.03698270235552,0.7081594104893654
1645814174.7756999,-114.60768741728924,53.988325692692484,16.211253540176152,-18.61765198036879,119.13247380022914,15.5,116.0079606571804,116.01014101119061,95.99003543692045,65.14414810753665,0.7112535401761519
1645814174.8758712,-114.80749478254515,54.04865116081449,16.21827250186064,-18.654695583945745,119.28874720361118,15.5,116.19651855972069,116.19873855075383,96.15279919859941,65.2400960427967,0.7182725018606391
1645814174.9751792,-114.98575520353205,54.11149875829342,16.218876837793967,-18.693624195303812,119.44399863778744,15.5,116.36369723676657,116.36591777027238,96.29213100822824,65.33249987949402,0.7188768377939674
1645814175.0752823,-115.21220873025916,54.19143508011855,16.225671827839335,-18.737074455657527,119.60111356045742,15.5,116.55847276025763,116.56073168870141,96.47513427460163,65.40967848033887,0.725671827839335
1645814175.175109,-115.36030668294089,54.246887138102124,16.224855599089665,-18.781278553457888,119.75769579443512,15.5,116.70121989611823,116.70347098900561,96.57902812948299,65.510808656333,0.7248555990896648
1645814175.2754412,-115.5127703528257,54.301171892329236,16.221920739657936,-18.827462769596796,119.91487304536362,15.5,116.8469361235599,116.84916624014754,96.6853075832289,65.61370115303438,0.7219207396579357
1645814175.3752055,-115.64600211261124,54.34985432493562,16.219006973168508,-18.87149886962847,120.06473968251308,15.5,116.97756466727127,116.97977434801751,96.77450324298277,65.71488535757746,0.7190069731685078
1645814175.4762323,-115.72605809292338,54.362929047088414,16.22476527000943,-18.9136594949785,120.20822357775491,15.5,117.0822075898707,117.08445079861882,96.81239859794488,65.8452945306665,0.7247652700094314
1645814175.5751667,-115.86045211310581,54.402928759727814,16.22223296669093,-18.95580002340054,120.3483655757823,15.5,117.21481234676381,117.21703738768196,96.90465208970527,65.94543681605448,0.7222329666909317
1645814175.675422,-115.98909390445735,54.446210721463935,16.2144200331203,-19.000093965973285,120.48968821077082,15.5,117.3397078057886,117.34188265036303,96.98899993848406,66.0434774893069,0.7144200331203017
1645814175.7752495,-116.13144325363817,54.49319327571837,16.20932337834833,-19.044052583364255,120.62644902352298,15.5,117.4715665298072,117.4737080483203,97.08739067027392,66.13325574780461,0.7093233783483299
1645814175.875346,-116.30022437025917,54.538043455982645,16.210968288964843,-19.08788561280288,120.75697761550279,15.5,117.62306766921743,117.62521636037579,97.2123387574563,66.21893415952015,0.7109682889648425
1645814175.97553,-116.48132161829014,54.5910167470265,16.210286442407867,-19.13036517907646,120.88347578482349,15.5,117.77902548802003,117.78116722013726,97.35095643921368,66.29245903779699,0.7102864424078668
1645814176.075484,-116.63682500693292,54.62860197407032,16.21086864242007,-19.170530278506163,121.00308179787798,15.5,117.92052484605723,117.92266751645494,97.46629472842676,66.37447982380766,0.7108686424200705
1645814176.1767702,-116.79566204535791,54.66457258625677,16.215077478626934,-19.21291136247263,121.12928670079732,15.5,118.06757155614643,118.06973697339296,97.58275068288529,66.46471411454056,0.7150774786269345
1645814176.276412,-116.91142214190188,54.698883086009936,16.20388110280958,-19.260310618383002,121.27043501281838,15.5,118.18422529137497,118.18632135881617,97.65111152351888,66.57155192680844,0.7038811028095786
1645814176.375107,-117.06050514568237,54.73036883440079,16.20457162006782,-19.308386501699506,121.40294822383363,15.5,118.32459398547509,118.3266916760345,97.75211864398287,66.67257938943284,0.7045716200678207
1645814176.4752889,-117.16570118379894,54.75334545854845,16.199381914799574,-19.35903523368045,121.52549337001966,15.5,118.42577270589986,118.42783784251152,97.80666595011849,66.77214791147121,0.6993819147995737
1645814176.575096,-117.29587579869502,54.78086975212382,16.19389005439619,-19.40648086783726,121.64633117860656,15.5,118.54671472337769,118.54874548097708,97.88939493085776,66.86546142648274,0.6938900543961886
1645814176.6751585,-117.44373790352097,54.801824098456194,16.19878897451307,-19.44963099345127,121.76564796446068,15.5,118.68866287838718,118.69071994848773,97.9941069100697,66.96382386600449,0.6987889745130715
1645814176.7761056,-117.54904655873273,54.82942930553401,16.190719028246086,-19.495390592457007,121.88555563943059,15.5,118.7899134070745,118.79192152682874,98.05365596627573,67.05612633389657,0.690719028246086
1645814176.8764875,-117.69327083914331,54.85745693265096,16.18682212696897,-19.54437241376313,122.00406767710588,15.5,118.91960980672172,118.92159316632551,98.14889842538018,67.14661074445492,0.6868221269689698
1645814176.9755096,-117.82471008971737,54.89267081192893,16.190651132390613,-19.59352986392108,122.11972543920943,15.5,119.0329435173819,119.03494714326084,98.2311802257963,67.2270546272805,0.690651132390613
1645814177.0753207,-117.91083597677098,54.91813312727605,16.18080410847415,-19.64466862539316,122.23393846425309,15.5,119.11195277592748,119.11389838439884,98.26616735137782,67.31580533697704,0.680804108474149
1645814177.1759112,-118.01205244415678,54.94366890820625,16.17380201191986,-19.693097014810903,122.3476816275241,15.5,119.20536031313216,119.20726461308863,98.31895542934588,67.40401271931785,0.6738020119198609
1645814177.2749941,-118.16466111553846,54.968210231034355,16.174873873550247,-19.736202903645506,122.45770728758006,15.5,119.34401367021243,119.34592181411584,98.42845821189296,67.4894970565457,0.6748738735502471
1645814177.3749478,-118.29447017661211,54.993237213910504,16.174159341588673,-19.782162113029425,122.5688455275062,15.5,119.46186704955987,119.4637692766496,98.51230806358268,67.5756083135957,0.6741593415886733
1645814177.4755583,-118.36036225976531,55.02080768364606,16.175966357573273,-19.8323548104098,122.68094561827677,15.5,119.522644370318,119.52455583598744,98.52800744935551,67.66013793463071,0.6759663575732731
1645814177.57536,-118.44555937728022,55.041130407630895,16.167349943429716,-19.87965926616742,122.78841909198847,15.5,119.60322649826614,119.60508828951444,98.5659001111128,67.74728868435758,0.6673499434297163
1645814177.675748,-118.56556617131805,55.06311674989076,16.1641410164697,-19.92340321429553,122.89076884371224,15.5,119.71159802375153,119.71344028424724,98.64216295702252,67.82765209382148,0.6641410164696993
1645814177.7756977,-118.70222453668055,55.08748030224525,16.1638769521243,-19.966438009546774,122.99145935759027,15.5,119.83199035599995,119.83382930244709,98.73578652713377,67.90397905534502,0.6638769521243013
1645814177.8751948,-118.80032472744125,55.11091644913257,16.15995394013849,-20.00848939066092,123.08984893186349,15.5,119.9206487253184,119.92246465906342,98.79183533678034,67.97893248273093,0.6599539401384895
1645814177.9749873,-118.89957633858626,55.138316934240706,16.153079798478277,-20.052328438981,123.18792645914729,15.5,120.00636555540824,120.00814258641559,98.84724789960526,68.04960952490659,0.6530797984782772
1645814178.0750203,-119.06720476223822,55.17793102220677,16.145150678646022,-20.0997357194744,123.28498235237038,15.5,120.13796389826139,120.13969614169213,98.96746904276382,68.10705133016361,0.6451506786460222
1645814178.1755893,-119.18975373405046,55.21898817409353,16.149323038988307,-20.14595921355949,123.38596992477363,15.5,120.23481456722419,120.23656787526726,99.04379452049096,68.1669817506801,0.6493230389883067
1645814178.275223,-119.28507012124562,55.23777955025412,16.148871454894707,-20.186862206975643,123.49762300213378,15.5,120.33229425177183,120.33404370360026,99.09820791426998,68.25984345187966,0.6488714548947065
1645814178.3753948,-119.40066479444329,55.26575584137682,16.143172922492365,-20.229135714413953,123.60610540638768,15.5,120.43834754237947,120.44006488767435,99.17152908002933,68.34034956501085,0.643172922492365
1645814178.4765306,-119.52050119589882,55.289597367647346,16.14161787437512,-20.27353507792146,123.70998866375425,15.5,120.54588432930976,120.54759185579796,99.24696611797737,68.4203912961069,0.6416178743751217
1645814178.5748367,-119.67647256585644,55.33022033553423,16.144771029872892,-20.313873577032634,123.8065311346773,15.5,120.67282717527857,120.67454971184111,99.3625989888238,68.47631079914308,0.6447710298728921
1645814178.675672,-119.73936794236056,55.360922179914475,16.13143129607047,-20.351230350271646,123.899233811826,15.5,120.72904395950883,120.73069518916336,99.38813759208891,68.53831163191151,0.6314312960704704
1645814178.7755525,-119.83203156012462,55.3870872339964,16.124540190700447,-20.388591728227237,123.99571740776855,15.5,120.81449358384793,120.81610782661157,99.44343983189738,68.60863017377216,0.6245401907004471
1645814178.875053,-119.96009961975528,55.408462079317964,16.127108405476875,-20.426344602784066,124.09877159250539,15.5,120.93521823189442,120.93684415325278,99.53375501697121,68.69030951318743,0.627108405476875
1645814178.9749691,-120.10296404314937,55.43321781737694,16.126644794562747,-20.463297950781765,124.1921333832106,15.5,121.06135439845349,121.06297622513047,99.6396660923676,68.75891556583366,0.6266447945627469
1645814179.0749214,-120.17585239351831,55.45913301456229,16.119802633202976,-20.498965736614487,124.27179361738301,15.5,121.12251645690098,121.12410225944453,99.67688665690383,68.81266060282073,0.6198026332029762
1645814179.1761756,-120.23090321570777,55.48284471006686,16.112944821321616,-20.53390875659309,124.35800756220817,15.5,121.17457968604525,121.17612992435315,99.69699445911468,68.87516285214132,0.6129448213216158
1645814179.276733,-120.11373973908144,55.47862765563624,16.10804973923407,-20.56628464518148,124.4544184013781,15.5,121.10885815939476,121.11038456366069,99.54745509389996,68.97579074574188,0.6080497392340689
1645814179.3750517,-120.18811113511966,55.51420853374627,16.09259321731914,-20.59766878939326,124.54787596554466,15.5,121.17715727686301,121.17860624888705,99.59044234572639,69.03366743179839,0.5925932173191413
1645814179.4750757,-120.41133662177118,55.552648722328264,16.09191353811997,-20.629185961140372,124.64172966722951,15.5,121.36629967281667,121.36774307001242,99.7821506606308,69.08908094490124,0.5919135381199716
1645814179.5750387,-120.53407664432481,55.58421140624471,16.09440615100058,-20.657834812551172,124.73470665850655,15.5,121.47861818473248,121.48007241825452,99.87624183177364,69.15049525226183,0.5944061510005803
1645814179.675799,-120.57900755523177,55.60534251015079,16.0977267924238,-20.682702417764872,124.82727194264929,15.5,121.53578606515735,121.53725590037845,99.8963051374669,69.2219294324985,0.5977267924237992
1645814179.7762742,-120.71987908099277,55.6355982960694,16.092549029420276,-20.709823598958682,124.9189636982027,15.5,121.66427544256801,121.6657183980653,100.01005548203409,69.2833654021333,0.592549029420276
1645814179.8748643,-120.81733158309049,55.659029731942425,16.088430853734696,-20.739744539610275,125.00806404834124,15.5,121.75718454802747,121.75860643064229,100.07758704348022,69.34903431639881,0.5884308537346961
1645814179.9749618,-120.93665774265452,55.67931682158226,16.084485400729317,-20.769760523192833,125.09744742295169,15.5,121.86994770969169,121.8713492907445,100.16689721946169,69.41813060136943,0.5844854007293172
1645814180.0749967,-121.01560285556033,55.70017649359201,16.080306237892536,-20.79906574988755,125.18471426358326,15.5,121.94857645156024,121.94995717052043,100.21653710567278,69.48453776999125,0.5803062378925361
1645814180.1749222,-121.11034918582979,55.72820485851335,16.073418365718982,-20.83075609358764,125.2747331042259,15.5,122.03571764765164,122.03706482212483,100.27959309224215,69.54652824571255,0.5734183657189824
1645814180.2748907,-121.21602919008652,55.748945664662884,16.068472209279424,-20.87119212564778,125.37507711416654,15.5,122.13469820698916,122.13602116806099,100.34483706443874,69.62613144950366,0.5684722092794239
1645814180.3753464,-121.31684482236203,55.76713741967888,16.069131906583902,-20.915310159725614,125.47304686419818,15.5,122.2267645571137,122.22808959166137,100.40153466263641,69.7059094445193,0.5691319065839018
1645814180.4756296,-121.43092367182753,55.78665349631332,16.064421557733155,-20.96525349984397,125.56599951230625,15.5,122.32133098329766,122.32263316827466,100.46567017198356,69.77934601599293,0.564421557733155
1645814180.5758417,-121.53736290677705,55.800780978083324,16.0623418748596,-21.013768299031945,125.66090027918662,15.5,122.41498822295686,122.4162798405951,100.52359460774511,69.8601193011033,0.5623418748596016
1645814180.6755455,-121.65591285543832,55.8208244509917,16.059386072457194,-21.05972775548107,125.75865798798183,15.5,122.5189496221405,122.52022661295833,100.59618509995724,69.93783353699013,0.559386072457194
1645814180.7748253,-121.72943311861727,55.82945915533212,16.053049924179685,-21.108487677083193,125.85064028014628,15.5,122.5868690670506,122.5881166014098,100.62094544153408,70.02118112481416,0.5530499241796853
1645814180.8761134,-121.83725166537477,55.84017332431266,16.05397223186943,-21.16158649458516,125.93848517156731,15.5,122.67584473487803,122.67709552581356,100.67566517078961,70.09831184725465,0.5539722318694302
1645814180.9748895,-121.9674454668671,55.8421416259853,16.048698255657413,-21.216506953394738,126.02283937963185,15.5,122.78469753407457,122.78592353486592,100.75093851347236,70.18069775364654,0.5486982556574134
1645814181.0747194,-122.07974462254755,55.85208486144081,16.04411192261941,-21.278198172304993,126.10550787425345,15.5,122.86779566581961,122.8690004417792,100.80154645024255,70.25342301281265,0.5441119226194111
1645814181.1749911,-122.1855906243602,55.85917067776766,16.038132576408046,-21.341143061332097,126.19294152945136,15.5,122.94894032284083,122.950117987659,100.8444475630281,70.33377085168371,0.5381325764080458
1645814181.2748852,-122.30080931026069,55.85948094936701,16.035150409746688,-21.405940592865594,126.2894204940497,15.5,123.04532058460431,123.04648432088217,100.8948687173951,70.42993954468268,0.5351504097466879
1645814181.3749046,-122.40756908622845,55.83749636904347,16.032747157988197,-21.474041790753343,126.38001930145872,15.5,123.14148153232829,123.14263393931077,100.9335272954751,70.54252293241524,0.5327471579881973
1645814181.4750063,-122.52573815561104,55.828416716051535,16.034181155692053,-21.547087155133596,126.4615888566829,15.5,123.23040600648967,123.23156378960458,100.97865100047744,70.63317214063136,0.5341811556920533
1645814181.5766208,-122.63720912511572,55.824216195037465,16.028516844359686,-21.61992344840586,126.54549982057235,15.5,123.31257828434761,123.3137108888875,101.01728567670986,70.72128362553488,0.5285168443596859
1645814181.6748834,-122.74747035959876,55.8168956712137,16.022492603040494,-21.68809772034593,126.62855075121443,15.5,123.39889502507047,123.40000118285491,101.05937263925284,70.81165508000073,0.5224926030404937
1645814181.7760785,-122.86312159308295,55.80673695698198,16.01628141942118,-21.760048031387893,126.71331661096775,15.5,123.48916762958827,123.49024685517715,101.10307356169506,70.90657965398577,0.5162814194211798
1645814181.875065,-123.03913269296642,55.76650389719796,16.020358392207154,-21.83320760763883,126.79501370627024,15.5,123.64339237530818,123.64448734549697,101.20592508532759,71.02850980907229,0.5203583922071537
1645814181.97477,-123.15034405156186,55.748410406237475,16.01940495715671,-21.90709441642695,126.87529496607353,15.5,123.73047039379786,123.73156058734574,101.2432496351349,71.12688455983604,0.5194049571567092
1645814182.0750048,-123.26305188844158,55.723032906503455,16.018820352603015,-21.98174144652938,126.95224093269717,15.5,123.82045033381914,123.82153728422227,101.2813104419122,71.2292080261937,0.5188203526030151
1645814182.1748114,-123.36849428949252,55.69415273125853,16.017459265635793,-22.05867360429174,127.02976424663855,15.49041592915692,123.90500085767626,123.9061217705537,101.30982068520078,71.33561151538002,0.5270433364788722
1645814182.2748866,-123.32075079281947,55.66594861490923,16.010576165772736,-22.148221512545003,127.11181380573687,15.43513614956697,123.8563374794924,123.8576742275026,101.17252928027446,71.44586519082765,0.575440016205766
1645814182.3746371,-123.44883784206077,55.646917784154034,16.003064421025172,-22.23609842918199,127.19233229457812,15.399999999999991,123.94662140182646,123.94808850330695,101.21273941287878,71.54541451042408,0.6030644210251808
1645814182.474714,-123.55094181880773,55.6223673610533,15.998888395241979,-22.321825457055084,127.27088091664554,15.399999999999991,124.01952868039429,124.02097468338611,101.22911636175265,71.64851355559225,0.5988883952419872
1645814182.5765429,-123.64472205569813,55.611332036114916,15.986273107967401,-22.40392114366869,127.34188835786708,15.399999999999991,124.07647834919091,124.07786343943212,101.24080091202944,71.73055632175216,0.5862731079674095
1645814182.6749578,-123.74928236816228,55.580240146112466,15.978409383086134,-22.477904691333542,127.4012032866934,15.399999999999991,124.15370587704409,124.15505322143765,101.27137767682873,71.82096314058094,0.578409383086143
1645814182.7749176,-123.88287981949773,55.53033520505497,15.980556954096846,-22.557096440062768,127.46309164452472,15.399999999999991,124.26276926914295,124.26412544581484,101.32578337943497,71.93275643946976,0.5805569540968545
1645814182.8765984,-123.98811022429231,55.516207058562166,15.967852493513789,-22.646461425098476,127.52962073105421,15.399999999999991,124.32240960544728,124.3237064543967,101.34164879919383,72.01341367249205,0.5678524935137972
1645814182.9751236,-124.0816745972501,55.48179184340558,15.968251373963797,-22.7298322775276,127.59018347772572,15.399999999999991,124.38575515584725,124.38705316597219,101.3518423197225,72.10839163432013,0.5682513739638058
1645814183.0746295,-124.17087607773962,55.4282813412678,15.972277118524614,-22.807731873046585,127.64371594618493,15.399999999999991,124.45704479152018,124.4583605039808,101.36314420469304,72.21543460491714,0.5722771185246227
1645814183.1746733,-124.29318613687285,55.38356072884144,15.976718138747845,-22.88757981943961,127.69858731813127,15.399999999999991,124.54942819305093,124.5507634140695,101.40560631743324,72.31502658928983,0.5767181387478537
1645814183.274714,-124.38635332962129,55.35226359311285,15.970657365641058,-22.971735226862897,127.75641877021465,15.399999999999991,124.6085328211442,124.60983950582366,101.4146181027584,72.4041551771018,0.5706573656410665
1645814183.3751013,-124.44581530884147,55.30265046479819,15.977208665961095,-23.056042699971687,127.81435472150217,15.399999999999991,124.65084533965273,124.65218174478169,101.38977260886979,72.51170425670398,0.5772086659611038
1645814183.4747748,-124.5199384465175,55.26494910315831,15.978394245645083,-23.13948057094754,127.8716930835464,15.399999999999991,124.69858263225704,124.69992401921195,101.38045787556996,72.6067439803881,0.5783942456450912
1645814183.574614,-124.59260620370884,55.21718578665968,15.982484559643465,-23.2218045455841,127.92087562565953,15.399999999999991,124.7472081652185,124.74856806103459,101.37080165812475,72.70368983899985,0.5824845596434738
1645814183.6750844,-124.66465077620452,55.17988919714832,15.981116135345152,-23.30276609874982,127.9579667193285,15.399999999999991,124.78333315467292,124.7846862766135,101.3618846774547,72.77807752218018,0.5811161353451606
1645814183.7771192,-124.7373260822848,55.12960551901875,15.984217461919123,-23.384147936243778,127.9915147478157,15.399999999999991,124.825175893201,124.82654303797483,101.35317814604102,72.86190922879695,0.5842174619191312
1645814183.8772912,-124.80827137506185,55.08321677239691,15.983881581878032,-23.462841410490633,128.01855375809552,15.399999999999991,124.86176178446796,124.86312695757255,101.34542996457122,72.93533698569861,0.5838815818780407
1645814183.9748526,-124.87902585823049,55.030102651955765,15.986537703031798,-23.538936597003385,128.04469999906178,15.399999999999991,124.90374340760768,124.90512056641464,101.3400892612271,73.01459734710602,0.5865377030318069
1645814184.0748603,-124.9558136210965,54.96923178865211,15.991115926443022,-23.61584456413748,128.07112551100408,15.399999999999991,124.9546965674338,124.95609473850385,101.33996905695902,73.10189372235197,0.591115926443031
1645814184.1747048,-125.01913938110597,54.91899383755559,15.99147564554094,-23.696032473532117,128.09632780756735,15.399999999999991,124.98517592243601,124.98657545433248,101.32310690757386,73.17733397001176,0.5914756455409478
1645814184.2755318,-125.07949982904239,54.86691093341476,15.992566452815234,-23.788999519264724,128.11762340577334,15.399999999999991,125.00172931089081,125.00313382357348,101.29050030977767,73.25071247235859,0.5925664528152428
1645814184.3749526,-125.12956296585162,54.804975374735015,16.000759239524548,-23.873953746161824,128.13708353882478,15.399999999999991,125.02118414988833,125.02262754359374,101.2556092196898,73.33210816408976,0.6007592395245567
1645814184.4745483,-125.18235236934846,54.75101469217465,16.003186313713186,-23.951497696820873,128.15484622879856,15.399999999999991,125.04322621392757,125.04468103728567,101.23085467252758,73.40383153662391,0.603186313713195
1645814184.5747843,-125.27004071406657,54.69044266075876,16.00928582659856,-24.028292215566417,128.17298698678022,15.399999999999991,125.09826521442761,125.09974895609409,101.24174849850016,73.48254432602145,0.609285826598569
1645814184.6745594,-125.32000663508576,54.635997557720124,16.01357598148193,-24.102749546086667,128.19146394088943,15.399999999999991,125.12130021489581,125.1228046478784,101.21725708899909,73.55546638316932,0.6135759814819401
1645814184.7748291,-125.36734496837093,54.582554689365814,16.019290835544034,-24.179592267235908,128.20644810199897,15.399999999999991,125.13768008853619,125.13921247586552,101.18775270113503,73.62389341263315,0.6192908355440423
1645814184.8746276,-125.39843743876301,54.537454515869676,16.02211395693829,-24.2593258688093,128.2155802343781,15.399999999999991,125.1302765063351,125.1318229881084,101.13911156995371,73.67812571850843,0.6221139569382999
1645814184.975318,-125.43646597880476,54.488116065328306,16.024397363471206,-24.337423331050847,128.2215001451652,15.41766212921671,125.13044534467664,125.13191631155337,101.09904264775392,73.7333840798369,0.6067352342544954
1645814185.074626,-125.42428068320797,54.454504309801386,16.03552628497078,-24.410285253523153,128.2215001451652,15.466389568700484,125.0815611800675,125.08285599491552,101.01399542968481,73.76699583536382,0.5691367162702949
1645814185.174727,-125.46167350874936,54.41034463874001,16.03768971544926,-24.484972003423547,128.2245312612042,15.5,125.07928842790734,125.08044413041448,100.9767015053258,73.81418662246418,0.537689715449261
1645814185.2744741,-125.50447807313284,54.351451499989736,16.04331394727323,-24.56207956967862,128.2340985727987,15.5,125.09201954607418,125.09319943210625,100.94239850345423,73.88264707280896,0.54331394727323
1645814185.3749185,-125.53691385880525,54.29868999982944,16.047371029701637,-24.639206007190133,128.2400533935839,15.5,125.09065780559764,125.09185539147336,100.89770785161511,73.94136339375447,0.5473710297016368
1645814185.4744918,-125.56309484675032,54.25554911569064,16.048230631541205,-24.714829339607352,128.2400533935839,15.5,125.07629483257332,125.07749632076175,100.84826550714297,73.98450427789327,0.5482306315412053
1645814185.5749924,-125.58633625919052,54.20709436181037,16.05027213535678,-24.786848470848646,128.2363653714388,15.5,125.06346270837497,125.06467328559272,100.79948778834188,74.02927100962845,0.5502721353567814
1645814185.6746733,-125.62334763072097,54.14079455049235,16.05505018171497,-24.852217003938435,128.22751726735322,15.5,125.07463072392058,125.07586230535978,100.77113062678254,74.08672271686086,0.5550501817149716
1645814185.7769032,-125.6749854565254,54.04908890943026,16.06638099962597,-24.9222239917764,128.2215001451652,15.5,125.1106131840764,125.11189519279264,100.752761464749,74.17241123573496,0.5663809996259701
1645814185.8757238,-125.70462202329264,53.99675414141353,16.070047699154117,-24.995541032513955,128.2215001451652,15.5,125.10648229939434,125.10778100385276,100.70908099077869,74.22474600375168,0.5700476991541166
1645814185.9747021,-125.75968904448568,53.94175869815503,16.068040509330668,-25.065027678981362,128.2215001451652,15.5,125.12751422827944,125.12880358641856,100.69466136550432,74.27974144701018,0.5680405093306682
1645814186.0748663,-125.78623878131165,53.89166721625489,16.064367728253465,-25.1264614482419,128.2215001451652,15.5,125.12919258103963,125.13046530288136,100.65977733306975,74.32983292891032,0.5643677282534654
1645814186.175893,-125.82774467336634,53.835310068675774,16.059855340357295,-25.19104532663425,128.21876089822052,15.5,125.14249083630966,125.14374315449405,100.63669934673209,74.38345082954476,0.559855340357295
1645814186.2744205,-125.83995268199855,53.79623035844944,16.053956289068797,-25.260466421883113,128.2093642504782,15.5,125.11413809790542,125.11536444238953,100.57948626011544,74.41313389202875,0.5539562890687968
1645814186.3746178,-125.87458100185899,53.73948115210917,16.05056847566624,-25.329210461790325,128.2029468967465,15.5,125.11666263029272,125.1178739964394,100.54537054006866,74.46346574463735,0.550568475666239
1645814186.474723,-125.93469752217464,53.67265985427711,16.047173638132456,-25.39410474560838,128.2029468967465,15.5,125.15260477711286,125.15380090706985,100.54059277656626,74.53028704246941,0.5471736381324561
1645814186.5746412,-125.97207436215828,53.63652595559014,16.038996826300615,-25.45788249407382,128.2029468967465,15.5,125.15292205485183,125.15408269987272,100.51419186808445,74.56642094115637,0.5389968263006146
1645814186.6748636,-126.00633121731106,53.59753302583418,16.03504676179594,-25.52040280158759,128.2029468967465,15.5,125.15346414870032,125.15460783949317,100.48592841572346,74.60541387091233,0.5350467617959396
1645814186.7749796,-126.03913499600714,53.56764236113408,16.025821978169652,-25.579072123252818,128.2029468967465,15.5,125.15052103575663,125.15162565573844,100.46006287275432,74.63530453561243,0.5258219781696525
1645814186.874912,-126.04725250466791,53.558408357228515,16.017545673959017,-25.63225407868863,128.2029468967465,15.5,125.11985870623019,125.12092908938793,100.41499842597928,74.644538539518,0.5175456739590167
1645814186.9751768,-126.07881050593687,53.523834009929494,16.009381854041465,-25.68886137467654,128.2029468967465,15.5,125.12038917833894,125.12142605490166,100.38994913126032,74.67911288681702,0.5093818540414645
1645814187.074595,-126.17456448433656,53.386125151146096,16.00896465098936,-25.752266920102226,128.2029468967465,15.5,125.22856968037513,125.22960396491129,100.42229756423433,74.81682174560041,0.5089646509893591
1645814187.178003,-126.20778206529006,53.35616771158835,15.999388303121734,-25.815908442215044,128.19929728606976,15.5,125.21989591935493,125.22089171832062,100.39187362307501,74.84312957448142,0.49938830312173366
1645814187.2749276,-126.22142367572692,53.336723891146086,15.998113001367553,-25.87186743099033,128.19003961984183,15.5,125.19206170558644,125.1930526453345,100.34955624473659,74.85331572869575,0.4981130013675532
1645814187.374574,-126.26171356931886,53.278584224437715,15.995358397783155,-25.93112939838766,128.1843936483278,15.5,125.20825214628807,125.20923202971379,100.33058417093119,74.9058094238901,0.49535839778315527
1645814187.4746664,-126.30620172134083,53.20515311025602,15.998852201245885,-25.993193073757304,128.1843936483278,15.5,125.23811806153985,125.23911157907055,100.31300864758353,74.97924053807179,0.49885220124588514
1645814187.5750935,-126.34193598902101,53.17593532840991,15.990195571125934,-26.05296693756376,128.1843936483278,15.480058483762216,125.23636106552686,125.23740005598535,100.28896905145726,75.0084583199179,0.5101370873637183
1645814187.6748939,-126.37920940991309,53.12957923171347,15.985082681190676,-26.108633255386703,128.1843936483278,15.430421635671768,125.24940562522879,125.2506337642589,100.27057615452638,75.05481441661433,0.5546610455189072
1645814187.7765608,-126.40622003174755,53.09441666481036,15.990769434279082,-26.16623531733333,128.1843936483278,15.399999999999991,125.24599466222934,125.24738794663806,100.23998471441422,75.08997698351746,0.5907694342790908
1645814187.8746192,-126.44946111753374,53.063553202674285,15.980442761280298,-26.223096030315837,128.1843936483278,15.399999999999991,125.25360245461057,125.25494737397302,100.22636508721791,75.12084044565353,0.580442761280306
1645814187.974501,-126.48774471474852,53.02344820143204,15.97174554885166,-26.2795841533148,128.1843936483278,15.399999999999991,125.26309577675829,125.2644005955002,100.20816056143371,75.16094544689577,0.5717455488516681
1645814188.0748055,-126.52515411549875,52.983351504588526,15.962348993065865,-26.33456308532254,128.1843936483278,15.399999999999991,125.27310673277196,125.27436891427743,100.19059103017621,75.20104214373929,0.5623489930658732
1645814188.1748276,-126.55694349653857,52.915424300465475,15.963208152131815,-26.38954400993888,128.18252529738578,15.399999999999991,125.29423136117902,125.29549718889056,100.16739948659969,75.2671009969203,0.5632081521318231
1645814188.2763536,-126.59617543907297,52.85023321664891,15.957221119685599,-26.44607571740062,128.1720038306521,15.399999999999991,125.31325389873743,125.31449276945446,100.15009972167235,75.32177061400319,0.5572211196856074
1645814188.3746755,-126.63316577191142,52.81641763198252,15.948940885800125,-26.503819968398307,128.16584039990911,15.399999999999991,125.31329299998163,125.31449532514324,100.12934580351312,75.3494227679266,0.5489408858001337
1645814188.474506,-126.66410914208613,52.74934287165592,15.950803462763263,-26.567108143639793,128.16584039990911,15.399999999999991,125.32780101921514,125.3290113771212,100.09700099844633,75.41649752825319,0.5508034627632714
1645814188.57439,-126.69850703763615,52.71561237572749,15.941620563211085,-26.62678315508442,128.16964270281053,15.399999999999991,125.33020630887847,125.33137662317658,100.07172388255172,75.45403032708305,0.5416205632110938
1645814188.674877,-126.73645802521986,52.66312956647596,15.937396349971717,-26.681763005365234,128.17873838367078,15.399999999999991,125.35369627796267,125.3548481925796,100.05469501985462,75.51560881719482,0.5373963499717256
1645814188.7744312,-126.76083769048938,52.61532983121899,15.9399615769445,-26.73651431907813,128.1843936483278,15.399999999999991,125.36167146342184,125.3628343274333,100.02432337141126,75.56906381710883,0.5399615769445081
1645814188.87522,-126.80798122085334,52.57670127688979,15.933087358945057,-26.792425289491447,128.1843936483278,15.399999999999991,125.37796686018396,125.3791001567871,100.01555593136189,75.60769237143802,0.5330873589450658
1645814188.9745605,-126.85264627639009,52.53457234149292,15.930128386677218,-26.847453380775814,128.1843936483278,15.399999999999991,125.39511182596023,125.3962324232727,100.00519289561427,75.6498213068349,0.5301283866772266
1645814189.0776215,-126.88168122024294,52.474264000397405,15.93219508705102,-26.904391234554765,128.1843936483278,15.399999999999991,125.4092590050225,125.41038822920332,99.97728998568817,75.71012964793042,0.5321950870510292
1645814189.1773527,-126.93005653703497,52.44625751143493,15.928713793947928,-26.96266366667589,128.18773219445953,15.399999999999991,125.42029590323878,125.4214103043491,99.96739287035908,75.74147468302459,0.5287137939479365
1645814189.276732,-126.97978021369843,52.371541087344625,15.931416475826097,-27.026621497733917,128.1972550653464,15.399999999999991,125.4598455186859,125.46097098716919,99.95315871596452,75.82571397800179,0.5314164758261057
1645814189.3744123,-127.02120944480272,52.314568661530906,15.937045835026776,-27.08898236030032,128.20654015888022,15.399999999999991,125.48323134117577,125.48438056607665,99.9322270845024,75.89197149734932,0.5370458350267846
1645814189.474552,-127.0319408040476,52.30111721551519,15.94430295504098,-27.15211225877896,128.21593975647338,15.399999999999991,125.45533241619277,125.45651317235107,99.87982854526864,75.91482254095818,0.5443029550409886
1645814189.5748336,-127.09759906087751,52.299402898081716,15.943013092462325,-27.21602960705052,128.22941305439875,15.399999999999991,125.46590915024716,125.46708421780056,99.881569453827,75.93001015631702,0.5430130924623331
1645814189.6744106,-127.16559133305378,52.21671226442564,15.94186336207015,-27.280497910340667,128.24861080761747,15.399999999999991,125.53040063724143,125.53157013297292,99.88509342271311,76.03189854319183,0.5418633620701581
1645814189.7748253,-127.20853300420194,52.148957895226346,15.949407418758874,-27.342356120767892,128.26281897696288,15.399999999999991,125.56501556597372,125.56621752125454,99.86617688343405,76.11386108173653,0.5494074187588822
1645814189.8746417,-127.2578718407917,52.10383229981665,15.951110522903953,-27.400500317893684,128.27147623867563,15.399999999999991,125.59062317967405,125.5918323517391,99.857371522898,76.16764393885899,0.5511105229039615
1645814189.974326,-127.31671847445301,52.073464644135306,15.949649076712598,-27.458272885842,128.28299644444263,15.399999999999991,125.61688538009386,125.61808789622285,99.858445588611,76.20953180030733,0.5496490767126065
1645814190.0744953,-127.36337311845772,52.035048152893204,15.94725826344898,-27.51575845572413,128.30011483801928,15.399999999999991,125.6419776600339,125.64316949970409,99.84761466273359,76.26506668512607,0.5472582634489882
1645814190.1750972,-127.42219795631559,51.995929059479266,15.948204104057154,-27.575934297657426,128.31803435672995,15.399999999999991,125.67553510369034,125.67673074733686,99.84626365865816,76.32210529725069,0.548204104057163
1645814190.276544,-127.48393924479035,51.94043243094648,15.951569631107777,-27.648076320102636,128.3395172354924,15.399999999999991,125.71403933089269,125.71524932937608,99.83586292468772,76.39908480454591,0.5515696311077853
1645814190.3744152,-127.50537434035554,51.91585460599868,15.952239081669203,-27.713835719127474,128.3590994590442,15.399999999999991,125.70569145450305,125.70690447249923,99.79153862122807,76.44324485304551,0.552239081669212
1645814190.4743888,-127.5747131454998,51.91012775970375,15.949784260204162,-27.77576537752125,128.37754124002026,15.399999999999991,125.72627131974208,125.72747338071409,99.79894776797855,76.46741348031651,0.54978426020417
1645814190.57439,-127.65935471771779,51.81886606003301,15.949487297860328,-27.840303332384938,128.3960069754114,15.399999999999991,125.80898827286325,125.810188246151,99.81905138533286,76.57714091537841,0.5494872978603365
