timestamp,vins_x,vins_y,vins_z,gps_x,gps_y,gps_z,error_2d,error_3d,error_x,error_y,error_z
1653511462.5951738,-0.0039013726261782253,0.010105103857255797,0.03050621876827378,58.53920020655238,-55.816022233855584,26.225396082186236,80.89407417132944,85.02954481233652,58.54310157917856,55.82612733771284,26.194889863417963
1653511462.7278078,-0.004614368488207348,0.006426815628377376,0.02915081352568054,58.8409399386009,-56.798936178727736,23.814276032575982,81.79027158916357,85.17852257649835,58.8455543070891,56.805362994356116,23.7851252190503
1653511462.8618348,-0.006296557125783561,0.004481281848483301,0.031409852028014995,54.947880001221,-53.379122202770695,19.773039383393737,76.61442842055925,79.11701826258803,54.95417655834679,53.38360348461918,19.74162953136572
1653511462.9942842,-0.005387020226737313,0.006547387743953667,0.029010510421734727,53.57405318785991,-52.19996416714178,18.441403663987067,74.80826332526607,77.04084944614648,53.579440208086645,52.20651155488573,18.412393153565333
1653511463.127687,-0.006129648200683261,0.013717873407900599,0.03858859572285988,22.39886749806278,-21.88184130805806,7.73352695861276,31.327294951737414,32.25851027871292,22.404997146263465,21.895559181465963,7.6949383628899
1653511463.2606826,-0.008163397559693232,0.019181969341924177,0.046538937204701356,-0.6042559521830059,1.3008232691297952,-1.7889418710263318,1.413481784459669,2.316661510101063,0.5960925546233127,1.281641299787871,1.8354808082310332
1653511463.3939567,-0.008347427487240586,0.01807652187185864,0.04993653151519512,-1.7256076756625116,4.372938198549266,-6.519903806456934,4.681218108885396,8.06700719284434,1.717260248175271,4.354861676677408,6.5698403379721295
1653511463.5273983,-0.007291555203091656,0.011319507409807484,0.04996719198841724,30.059755045512173,-27.08570813662046,10.176922996726372,40.47562474417071,41.72327207089636,30.067046600715265,27.09702764403027,10.126955804737955
1653511463.6614952,-0.006682626961758344,0.007371662277501035,0.051180855543008344,62.25018637687127,-59.841114056021524,27.5807347461136,86.3583173813262,90.64014187073903,62.256869003833025,59.848485718299024,27.52955389057059
1653511463.7938437,-0.007316049221780894,0.008304166807903229,0.05272486758282972,56.27211413439974,-54.594715560646804,21.242669979046692,78.41469266119671,81.22732175183907,56.27943018362152,54.60301972745471,21.189945111463864
1653511463.9271977,-0.00776657190680127,0.0120678310544454,0.05358147622474983,54.13205806165704,-52.74467971891551,19.07318890356015,75.5936176102474,77.94960224461867,54.13982463356384,52.75674754996996,19.0196074273354
1653511464.0604107,-0.008143882763191366,0.015730131401726397,0.057167397874607034,38.07834784783175,-37.22363811200864,13.028039588152069,53.26679453011039,54.82330640238248,38.08649173059494,37.23936824341037,12.970872190277461
1653511464.193856,-0.008404175530644506,0.0160167621933483,0.05991797362591932,2.5866496209992462,-2.6815042955234603,0.9264461543396223,3.743116891537026,3.8421081650157647,2.5950537965298905,2.6975210577168087,0.866528180713703
1653511464.3279793,-0.00871707060148678,0.013250529904046042,0.06240894904384584,-1.1943662233028716,2.917331797169963,-4.549743557988779,3.1367900663235857,5.577759645979167,1.1856491527013848,2.9040812672659166,4.612152507032625
1653511464.4604402,-0.009445182225637533,0.010620155060813609,0.06789676200558724,9.146791906571739,-6.006991952065024,-1.8460014930417952,10.956657022016163,11.122559940443994,9.156237088797376,6.017612107125838,1.9138982550473824
1653511464.5939512,-0.01192107455394052,0.008523989680433358,0.07313461194015035,54.369768794283274,-51.63363002511826,23.822003642632907,74.99520160836012,78.66567894905363,54.38168986883721,51.64215401479869,23.748869030692756
1653511464.7272658,-0.015067031824981118,0.005152402229162973,0.07897423603041849,59.37277946891755,-57.36279242690359,24.369245775540453,82.5711657051914,86.06982454598887,59.38784650074253,57.36794482913275,24.290271539510034
1653511464.8607023,-0.01836844294767066,-0.0021589216405370325,0.08479626259655713,55.032273604277954,-53.590018568562854,19.943188040740342,76.8259844801875,79.35104041765464,55.05064204722562,53.58785964692232,19.858391778143783
1653511464.9938176,-0.02044000680045431,-0.009882081139294981,0.08771099872520856,53.48040588935762,-52.270591405544195,18.414532909867482,74.78985392882109,77.00256263305215,53.500845896158076,52.2607093244049,18.326821911142275
1653511465.1273751,-0.022412050772024805,-0.013556063701231486,0.09070092259207703,21.790446550464136,-21.437643370003038,7.436517756399505,30.57437353839919,31.444448511961745,21.81285860123616,21.424087306301807,7.345816833807428
1653511465.2648327,-0.02435024041927451,-0.012771750847378045,0.09513578734326257,-0.8306871843013526,1.3349334925291254,-1.9766791071779353,1.5705058707606319,2.599789539030706,0.8063369438820781,1.3477052433765035,2.071814894521198
1653511465.393939,-0.026266923619382546,-0.012107740667912707,0.09938789023045472,-1.9187796873982361,4.315929691379052,-6.5113375789593375,4.723718087933018,8.124974080159282,1.8925127637788535,4.3280374320469654,6.610725469189792
1653511465.5298076,-0.027009705942020585,-0.013258399542622826,0.10246377728238273,29.659171451181972,-26.790673601717536,9.832915703356381,39.97873580546604,41.14585047473061,29.686181157123993,26.777415202174915,9.730451926073998
1653511465.6639485,-0.027373474426587965,-0.01626422164416639,0.10512427121920978,62.00483085904657,-59.69007458419936,27.21225338906903,86.07530434251142,90.24275298697258,62.03220433347316,59.673810362555194,27.10712911784982
1653511465.7942944,-0.02833098763812782,-0.019694799619031943,0.1064819320411475,55.88482139055427,-54.35367894754139,20.875939237671087,77.96449475404583,80.6835348694145,55.9131523781924,54.33398414792236,20.76945730562994
1653511465.9281445,-0.03090552180898944,-0.02452525113133713,0.10965330849454563,53.96095450801468,-52.707977435032944,18.957725962981137,75.43651028178277,77.75549450863471,53.99186002982367,52.68345218390161,18.84807265448659
1653511466.0605261,-0.034072154599163046,-0.03173050754377883,0.11271918658386665,37.195695235985156,-36.47955861455922,12.728609149190488,52.10086135253006,53.60653349382106,37.22976739058432,36.44782810701544,12.615889962606621
1653511466.1948636,-0.03911081688234207,-0.04141430744366317,0.11718171654635165,0.7602632266885294,-0.9757710610630355,0.41561797481497464,1.2296427955178602,1.265340114284833,0.7993740435708715,0.9343567536193723,0.29843625826862297
1653511466.3277793,-0.04557633087604619,-0.05224088561847649,0.11921682435819797,-1.550593225293502,3.1849589454638587,-4.530310974127044,3.56994938323241,5.861966167398827,1.5050168944174558,3.2371998310823353,4.649527798485242
1653511466.4614797,-0.051373348379284284,-0.06422983765169082,0.12154428706745947,8.022067040399568,-4.951832634341031,-2.2702636888082255,9.437642757032663,9.736007713782566,8.073440388778852,4.88760279668934,2.391807975875685
1653511466.5943244,-0.0542318019553141,-0.07317455270097109,0.12494306751256655,54.74405661576654,-52.06759389396942,24.245917341899364,75.53987063893808,79.29749968374242,54.79828841772185,51.994419341268454,24.120974274386796
1653511466.7273624,-0.05519614355179185,-0.07625011966730033,0.1300168084723265,58.87848707040921,-56.903002908428796,24.196754594144288,81.8685461558865,85.33268258599873,58.933683213961,56.826752788761496,24.06673778567196
1653511466.8610005,-0.05887133136042889,-0.08000695655108664,0.13685173166714848,54.61688844316797,-53.18840399110847,19.77901143991313,76.22296597812317,78.71311822375203,54.6757597745284,53.108397034557385,19.64215970824598
1653511466.9939637,-0.06280529165426865,-0.08681126489104123,0.1425055182254223,53.05284579470311,-51.843599723758885,18.288696617585256,74.16223797798752,76.34999537208984,53.11565108635738,51.756788458867845,18.146191099359832
1653511467.1272092,-0.06605663680374718,-0.09631818047760059,0.14701670718929077,20.268963870089536,-19.99757108719751,7.067032203636364,28.45299503168336,29.282410091112133,20.335020506893283,19.90125290671991,6.920015496447073
1653511467.2604916,-0.06893784900261335,-0.10553160320404978,0.15218625986377043,-0.9423976992443766,1.4361179662925363,-1.9246209700573285,1.771896019836766,2.729971387279713,0.8734598502417632,1.5416495694965862,2.0768072299210987
1653511467.3937738,-0.06992708625154802,-0.11031840451485089,0.16327058586066182,-2.0830096101221973,4.584709375318403,-6.6993905883878355,5.108403576590185,8.55522679382944,2.0130825238706493,4.6950277798332545,6.8626611742484975
1653511467.5281732,-0.0662026276708241,-0.11027645917719461,0.18240514499547572,30.21868926548652,-27.298772938672023,10.265682147085911,40.698759413472665,41.92924388653599,30.284891893157344,27.18849647949483,10.083277002090435
1653511467.6607635,-0.056340286804476,-0.11370615314843677,0.210146015930811,61.6194623224258,-59.208534397087604,27.196415303344605,85.41723100565486,89.57880375806667,61.675802609230274,59.09482824393917,26.986269287413794
1653511467.7936854,-0.04129869205742863,-0.12131264237454545,0.24493418321480762,55.368612201773715,-53.76327950260861,20.71480055699827,77.12145508155793,79.79181827266069,55.409910893831146,53.641966860234064,20.46986637378346
1653511467.9274085,-0.02093685931967916,-0.13309181118901173,0.2848202431202331,53.46919259179473,-52.125590509704246,18.87129283749112,74.59499895845623,76.87568427736683,53.490129451114406,51.992498698515234,18.586472594370886
1653511468.0603917,0.0028490106766450134,-0.14457209134846277,0.3241902466298804,36.1240365035687,-35.364192942919246,12.449397265732912,50.44959740994036,51.886246001047006,36.121187492892055,35.21962085157078,12.125207019103032
1653511468.1936593,0.028726853479061072,-0.14994701748113165,0.3627894704778607,2.42078384568277,-2.6194997011123675,0.9322786615767171,3.438113888628603,3.484959834769882,2.392056992203709,2.469552683631236,0.5694891910988564
1653511468.3277662,0.05575730218953412,-0.14701142216085308,0.400220590917324,-1.613558627913929,3.258592936613246,-4.632418011164569,3.7927241822993576,6.301762294958698,1.669315930103463,3.4056043587740987,5.032638602081893
1653511468.4605527,0.08332771306646516,-0.13910419739112106,0.4372066481906107,7.256190555597132,-3.9992594470225056,-3.0513440011445647,8.145597578386369,8.861193234660371,7.172862842530667,3.8601552496313847,3.4885506493351754
1653511468.5937538,0.1116507931074425,-0.13024239400940918,0.4788206119250442,52.68336228985402,-49.588438929281715,22.37517119148286,72.17962353891005,75.42776824831608,52.57171149674657,49.45819653527231,21.896350579557815
1653511468.7273736,0.13663779095741296,-0.12207657174450838,0.5220556306280486,58.50849259761072,-56.143586982559206,23.44877243928195,80.90539575503006,84.09112560729727,58.3718548066533,56.0215104108147,22.9267168086539
1653511468.8604243,0.16117969277131503,-0.10951314092523887,0.5709731402925176,54.30483563733266,-52.526411298991505,19.252921026969005,75.35958261267191,77.64072300279422,54.143655944561345,52.41689815806627,18.68194788667649
1653511468.9938989,0.1838593983461812,-0.0999726374672539,0.6228479761156706,52.82585158689533,-51.24965895919825,17.811071021759467,73.39938523169486,75.38504336973976,52.64199218854915,51.149686321731,17.188223045643795
1653511469.1272533,0.2055440850583254,-0.09358798471829427,0.6792641459785544,20.643313498972773,-20.03433988793846,7.14227029313936,28.55408911315708,29.276380471983792,20.43776941391445,19.940751903220168,6.463006147160805
1653511469.261429,0.22419089904805356,-0.09478156159598024,0.7446105648248388,-0.8809989865715673,1.6669820667201312,-1.7066762322060363,2.079724925400823,3.214663703504823,1.105189885619621,1.7617636283161113,2.451286797030875
1653511469.3936813,0.23881043553092232,-0.10561461510853368,0.8199702968820155,-1.9675802680786323,4.7473481174329875,-6.442194005595321,5.330985576833943,9.008797787529016,2.2063907036095545,4.852962732541521,7.262164302477337
1653511469.5277398,0.2523996010431946,-0.13077248508115585,0.9005454480598445,29.06398727520792,-25.73573107555527,9.502811124229378,38.545057902745135,39.493296437362375,28.811587674164727,25.604958590474116,8.602265676169534
1653511469.6619375,0.26410101725517554,-0.17232144344381942,0.9781325525541882,61.719650598600744,-58.7820458216917,27.02113299632123,84.92281416697993,88.82636004111312,61.455549581345565,58.60972437824788,26.043000443767042
1653511469.7939315,0.2717421527517952,-0.22516903075382244,1.0452341604499191,55.535635465344484,-53.38590946939102,20.840657501933944,76.68221585250248,79.19609215938847,55.263893312592685,53.16074043863719,19.795423341484025
1653511469.927658,0.276701257493502,-0.2811563512509145,1.1071691041424832,53.58863922312527,-51.66396740402172,19.013881602141605,74.04293350034233,76.17746618142476,53.31193796563177,51.382811052770805,17.906712497999123
1653511470.0604815,0.27991897929636744,-0.3335449302927937,1.1617793223718786,39.13901686613352,-37.71214528132108,13.755412219303377,53.91835728933777,55.36956602975464,38.85909788683715,37.37860035102828,12.5936328969315
1653511470.1939836,0.27964486253642307,-0.38193155693001735,1.208321059151213,6.524809202293014,-6.057605850463261,3.065278165664468,8.438919143873903,8.640812809699765,6.245164339756591,5.675674293533244,1.856957106513255
1653511470.3273182,0.2773951092915617,-0.42761305041947334,1.2500592939852375,-1.6338404050596245,3.654645434329021,-3.4287677481122874,4.507511012478873,6.49685139259637,1.911235514351186,4.082258484748494,4.678827042097525
1653511470.4611766,0.2724047132588364,-0.47370596590200775,1.2869040923879682,6.609367987301162,-2.8110292180031813,-2.5066447120339905,6.754271501899671,7.7466893608111915,6.336963274042326,2.3373232521011733,3.7935488044219587
1653511470.5940666,0.26685409956554945,-0.5213426747546072,1.3204288341675863,52.86987935931814,-49.31912952058582,23.555565499384098,71.75167083440877,75.11793108206723,52.60302525975259,48.79778684583121,22.235136665216512
1653511470.7280731,0.2603595013535164,-0.5686209382793043,1.3535012902085863,58.4592962365277,-55.57555293794716,24.424180157992375,80.08045207864957,83.33747673490778,58.19893673517418,55.006931999667856,23.070678867783787
1653511470.8605778,0.25182539767118517,-0.6162101027512186,1.3867935406063219,54.279343106204166,-51.919887867705555,20.230220472057606,74.50530197211548,76.85125087125816,54.02751770853298,51.30367776495434,18.843426931451283
1653511470.994773,0.24277513657918287,-0.6599754154143214,1.4175112239888308,52.817090352668146,-50.660450959121114,18.922396623987044,72.5541602875914,74.63596444010471,52.57431521608896,50.00047554370679,17.504885399998212
1653511471.1282723,0.2323963538287782,-0.6964963900455294,1.4469165398356154,20.842544587360493,-19.58649723662673,8.322744211448827,27.957294972725613,28.790403754753264,20.610148233531714,18.890000846581202,6.875827671613211
1653511471.2603607,0.2223224963726444,-0.7273928203293836,1.4790022970593963,-1.6735934126844452,3.158148001258886,-0.8425571527146904,4.32341584981651,4.907296902499377,1.8959159090570896,3.8855408215882696,2.321559449774087
1653511471.3938503,0.21382015784831618,-0.756402943310764,1.5063009159561422,-2.7268589104340837,6.227151317840843,-5.552706385220359,7.577441751744649,10.35602276837716,2.9406790682824,6.983554261151607,7.059007301176502
1653511471.5272775,0.2057113525564503,-0.7837536728109316,1.5217406729823322,29.629549756665284,-25.5580376327888,10.913140182837452,38.464625464974006,39.594517258257284,29.423838404108835,24.77428395997787,9.39139950985512
1653511471.661183,0.20061379847964644,-0.8082626759749031,1.5297743460881252,61.24086706986853,-57.66366481800213,27.610637631757236,83.41731997713026,87.39943193117847,61.040253271388885,56.85540214202723,26.08086328566911
1653511471.7944827,0.20105456237591357,-0.8304948033964825,1.528786785391071,55.13998971549694,-52.44160477671609,21.729313253178013,75.37899752873427,78.03880149010932,54.93893515312102,51.61110997331961,20.200526467786943
1653511471.927578,0.2047850716763993,-0.8519077161020212,1.535112969388898,53.31238257729546,-50.84442600609657,20.01369111388644,72.93605965360533,75.24045885051856,53.10759750561906,49.99251828999455,18.478578144497543
1653511472.0604982,0.21555962543817853,-0.867800132483874,1.542061171355561,38.61541277318936,-36.61968006926121,14.725451854947991,52.466614535174635,54.09757324223361,38.39985314775118,35.751879936777335,13.18339068359243
1653511472.195197,0.23126597407879995,-0.8856294125531241,1.5640686830762254,4.690341552097898,-3.5954433090419187,3.743464929134678,5.217896737584037,5.654751485381459,4.459075578019098,2.709813896488795,2.1793962460584524
1653511472.3272088,0.25308832530795516,-0.9053073219981109,1.5860962685736357,-1.9058229850954587,4.7046203054992315,-2.344969702576436,6.011005409409123,7.1823022563437,2.158911310403414,5.609927627497342,3.9310659711500717
1653511472.4605246,0.28442758171911736,-0.9251362253541828,1.6029876742129505,4.741148759104222,-0.09852948579018683,-2.3998306022843563,4.532730121554282,6.047164336241108,4.456721177385105,0.826606739563996,4.002818276497306
1653511472.595104,0.32232637859385405,-0.9494387015331214,1.6190797124733067,53.08417309812442,-48.82074895062452,25.05525049058249,71.24236670844114,74.99819274463019,52.76184671953056,47.8713102490914,23.436170778109183
1653511472.7272651,0.37062261891739856,-0.9707104606942306,1.6323687914083853,58.71039423672341,-55.032458836340226,26.0059985842112,79.53742257484477,83.18819278675328,58.33977161780601,54.061748375646,24.373629792802813
1653511472.860534,0.4320838738046561,-0.9896311656905994,1.6459216297945298,54.421114276955805,-51.16467362715991,21.621936810058617,73.70447944245063,76.36354806034596,53.98903040315115,50.17504246146931,19.97601518026409
1653511472.994557,0.5040626191797503,-1.0063754788991606,1.658355034698457,52.95337779787163,-49.78960530251273,20.207019932638957,71.6291433338223,73.99180457478617,52.44931517869188,48.783229823613574,18.5486648979405
1653511473.1276596,0.5891418044505071,-1.0258857292750012,1.671761500639285,20.650529480480664,-18.227856442286363,9.317370009748537,26.426635652297385,27.51040532914481,20.061387676030158,17.201970713011363,7.645608509109252
1653511473.2608025,0.685146134803515,-1.045395457274225,1.685709282886515,-0.7548828366906793,3.591690310861802,0.2836606074286685,4.855537854840832,5.053908225140758,1.4400289714941943,4.637085768136027,1.4020486754578465
1653511473.3948786,0.7909176237564722,-1.0725912289777495,1.6957455337336538,-1.9030457548045847,6.9911319059450285,-4.805956629882496,8.501827420132505,10.702952887221725,2.693963378561057,8.063723134922778,6.50170216361615
1653511473.52773,0.9037266276673268,-1.1105680690821496,1.7095747810324193,31.01972034112051,-25.4887614208358,12.592868600669902,38.74621773082165,40.2456888723351,30.115993713453186,24.37819335175365,10.883293819637483
1653511473.6609585,1.0238574019731432,-1.1614287768257452,1.7225229430282423,62.566122290030144,-57.38593140792366,29.61065710384124,83.35853323845201,87.89990381472334,61.542264888057,56.22450263109791,27.888134160813
1653511473.7939234,1.1579240641477666,-1.2239517503070894,1.732941828488663,56.403770605779535,-51.8587675733808,23.185187309093727,74.93989680762927,77.94990038286299,55.24584654163177,50.634815823073716,21.452245480605065
1653511473.9273353,1.3052294009839245,-1.2955934193044225,1.739821184026825,54.55003823543016,-50.0390271277943,21.254384646733747,72.18678547705716,74.77800602216327,53.24480883444623,48.743433708489874,19.514563462706924
1653511474.0603635,1.4600611633986187,-1.371858907768305,1.7444614011772794,38.87313012477286,-34.60682234376807,15.468930321646532,50.04298675839388,51.89086211318629,37.413068961374236,33.23496343599977,13.724468920469253
1653511474.1936164,1.6290791397734279,-1.4457328121442217,1.7502678295572576,3.5278847409488776,0.12019871451577302,3.7371712899851737,2.4612200749309197,3.163129718854949,1.8988056011754497,1.5659315266599947,1.986903460427916
1653511474.3270104,1.8118359957685466,-1.5133296595968448,1.7557150263168657,-0.17443415866982692,5.914253920195998,-1.8352257630908673,7.68858029555658,8.485818918304416,1.9862701544383734,7.427583579792843,3.5909407894077328
1653511474.4667764,2.0162055815813082,-1.5825143012656369,1.761844841496348,11.249980960045605,-3.694314135804582,0.9574826716089913,9.472185929398355,9.506277125217741,9.233775378464296,2.111799834538945,0.8043621698873566
1653511474.594361,2.1941273323738155,-1.6441851056615975,1.7672292846451867,55.927079216037015,-48.428569450907425,25.75229448559568,71.24611383574369,75.17507625130548,53.7329518836632,46.784384345245826,23.985065200950494
1653511474.7275338,2.4123701915494813,-1.7284928883767656,1.7741326138668223,60.831544970769436,-53.82341225558187,26.1873249712526,78.27311547243185,81.99197867376644,58.41917477921996,52.09491936720511,24.41319235738578
1653511474.8604558,2.6287375385703324,-1.8234747124931214,1.7789492601872348,56.730880304019564,-50.04019876128134,21.970848247849716,72.46995466957353,75.23036032439302,54.10214276544923,48.216724048788215,20.19189898766248
1653511474.994693,2.8676679476012525,-1.940204380964112,1.7835887937012846,55.36781311969107,-48.620110210498865,20.50658114363803,70.25153985034589,72.70370894170756,52.500145172089816,46.67990582953475,18.722992349936746
1653511475.1271539,3.0645770145062468,-2.0530743919103793,1.7884599191470834,22.002568535459822,-15.814772402484216,9.336599237760188,23.41008020024582,24.596875048573434,18.937991520953574,13.761698010573838,7.548139318613105
1653511475.2602158,3.3141071958296497,-2.1865164872167795,1.7952959547579144,1.9477957986231684,4.909020626972837,0.6893451237842774,7.225887749818608,7.310032900986829,1.3663113972064813,7.095537114189616,1.105950830973637
1653511475.393882,3.5537759469708106,-2.3145414726997067,1.8024709591672283,1.0647310975558977,8.003825018413568,-3.9682419038860557,10.614331411225495,12.081604125907157,2.489044849414913,10.318366491113276,5.770712863053284
1653511475.527419,3.8007309813658683,-2.4382888293325724,1.8104265096091368,31.263737479265284,-21.29135005574762,11.159165631917077,33.31147915524947,34.59846191216585,27.463006497899414,18.85306122641505,9.34873912230794
1653511475.660235,4.048381994163595,-2.5547336055088343,1.8195100994694573,65.63481947607401,-55.77555708165284,29.40147922514882,81.39622431779094,85.9424828245151,61.58643748191042,53.220823476144005,27.58196912567936
1653511475.7935777,4.319534459608395,-2.6715121257912378,1.8258484320410415,59.43779149627726,-50.12895328886641,22.94340918592845,72.73397404588202,75.73758877004974,55.118257036668865,47.457441163075174,21.117560753887407
1653511475.9280765,4.587184592126568,-2.7821252616074768,1.831924397290111,57.909820215068436,-48.540854380753814,21.21764742404974,70.2649611141744,72.89012976834846,53.32263562294187,45.75872911914634,19.385723026759628
1653511476.0611024,4.869776626038586,-2.907287122430828,1.8363969203903825,44.94213287004348,-35.672589466638115,16.182986194137854,51.76252285827801,53.713903195014225,40.072356244004894,32.765302344207285,14.34658927374747
1653511476.1949553,5.133855129625731,-3.0299079710756236,1.8416634644513756,7.320488826268324,1.4254689688008781,3.4650310222882226,4.963038444307696,5.221788278694696,2.186633696642593,4.455376939876501,1.623367557836847
1653511476.3274927,5.412793345132226,-3.1670576180642147,1.8462197636312916,3.083927836754716,7.811200537606097,-2.2700697971815673,11.222556156627247,11.953644065184017,2.32886550837751,10.97825815567031,4.116289560812859
1653511476.4608717,5.703061058396603,-3.3070159083395643,1.8519631112311112,12.201415184979542,0.6215470957081948,-0.8011843883411629,7.593563961095624,8.043718374342607,6.498354126582939,3.928563004047759,2.653147499572274
1653511476.5952218,5.970712871571162,-3.4375821378603586,1.8609804985841034,60.46698903139961,-47.6913325059229,26.24130962253141,70.20141406643518,74.31446013474817,54.496276159828454,44.25375036806254,24.380329123947305
1653511476.727584,6.266574254549485,-3.5780787587891516,1.8668699158562205,64.5499175458168,-52.10847335667764,26.053269366629806,75.84291202897262,79.60608785405084,58.283343291267315,48.53039459788849,24.186399450773585
1653511476.8605459,6.571814799344496,-3.7208156194737727,1.868796157994412,60.55369318358192,-48.250758088674495,21.678474041571125,69.97827498731964,72.72813972632596,53.981878384237426,44.52994246920072,19.80967788357671
1653511476.9963012,6.871802998571537,-3.8569845126823643,1.8647537335670918,59.25705555774278,-46.707347448116565,20.127508307786794,67.67841819506857,70.0991903949309,52.38525255917124,42.8503629354342,18.262754574219702
1653511477.1288009,7.154921973342076,-3.984851972688398,1.8543520419955526,25.71579804792485,-13.450864697541775,8.596332659308304,20.835342991251792,21.89899130570461,18.560876074582772,9.466012724853377,6.741980617312752
1653511477.260303,7.446342815189926,-4.115000896322038,1.8390757733138348,6.059485791698028,7.021107697195935,-0.06503689972682025,11.222133799337525,11.382527490933976,1.3868570234918982,11.136108593517974,1.904112673040655
1653511477.3937862,7.784896829943378,-4.265605200174959,1.8206688133652056,5.035447411963063,10.347343000354199,-4.908950508322206,14.869355305909554,16.32132051729299,2.7494494179803146,14.612948200529157,6.729619321687411
1653511477.5275793,8.07496944613736,-4.396879638436721,1.8087757523655184,37.08111715506268,-20.77049808427474,11.182126700210517,33.30843715820183,34.60219203913746,29.00614770892532,16.37361844583802,9.373350947845
1653511477.6601858,8.381397165936091,-4.542773326557056,1.7979632746380165,70.24915518286323,-54.01832120696395,28.581340288460428,79.21773362137728,83.62295500861016,61.86775801692714,49.47554788040689,26.78337701382241
1653511477.7939174,8.642405621453046,-4.688141921690139,1.785492546952989,64.2407102870527,-48.5349827056074,22.382082579925495,70.80760501823961,73.74236536350982,55.59830466559966,43.84684078391726,20.596590032972507
1653511477.927147,8.915335022026216,-4.859118407046932,1.7632976620369158,62.591470481173175,-46.772836117498514,20.534581643741223,68.1020355800039,70.64168990378066,53.67613545914696,41.91371771045158,18.771283981704308
1653511478.0606842,9.175814577394334,-5.0425587253969955,1.7333939573990143,46.788443063410526,-31.068533396651667,14.574409324914559,45.73905529430911,47.50739789637649,37.61262848601619,26.025974671254673,12.841015367515544
1653511478.1935203,9.44009727349179,-5.235445456522945,1.7013963153827956,12.52168638697254,2.7603709229012026,2.927800546051465,8.569088110049433,8.656404471533927,3.0815891134807494,7.995816379424148,1.2264042306686693
1653511478.3278697,9.719011795196437,-5.438508217496361,1.663686730624456,8.032473032528223,9.429786406616397,-2.8851913480972504,14.963642538747134,15.639785478147635,1.6865387626682136,14.868294624112758,4.548878078721707
1653511478.4626706,10.015911184637075,-5.654626754030506,1.6239135846638233,16.061905303910347,3.458589977408373,-2.1583359757143468,10.936396302460171,11.571956438798297,6.0459941192732725,9.113216731438879,3.78224956037817
1653511478.5938787,10.273643112460732,-5.850245741599836,1.5883197988215838,64.01214530679879,-44.428067507772056,24.66043978750059,66.15190813811364,70.05995768686581,53.738502194338054,38.57782176617222,23.072119988679006
1653511478.7281523,10.54143449498484,-6.0497848765027245,1.5542799743450466,69.27155683255863,-50.02854338623994,25.01855184328278,73.37137364016137,77.03200973740455,58.73012233757379,43.97875850973721,23.464271868937733
1653511478.8602908,10.803081772288655,-6.239456505968376,1.5204634479379353,65.62495635308827,-46.506525004220784,20.960891515327774,68.02113449506611,70.7446463093797,54.82187458079961,40.26706849825241,19.44042806738984
1653511478.9938,11.073805387592325,-6.42589580414956,1.4891343459503554,64.4998386414159,-45.19285638975889,19.480416733240844,66.0092286145267,68.41713604225245,53.42603325382358,38.766960585609326,17.99128238729049
1653511479.1279666,11.358588448412727,-6.610807391866589,1.4566814351051502,30.995080011313384,-12.116907058266207,8.285747875034847,20.39384550388167,21.50686129766891,19.63649156290066,5.506099666399618,6.829066439929697
1653511479.2611027,11.643647451884629,-6.792968693564729,1.4321293267106683,11.08951185798099,8.586005274580454,-0.38275664094063666,15.388954044031653,15.495603171380447,0.5541355939036396,15.378973968145184,1.814885967651305
1653511479.3962328,11.92534075109648,-6.973686029488337,1.4127899233230254,10.198662564669227,11.886803277551092,-5.375698926473232,18.939363095427268,20.11922104168649,1.726678186427252,18.86048930703943,6.788488849796257
1653511479.5272567,12.206997867811971,-7.158275006305321,1.3955907037839486,43.100124026461,-20.245645266812332,11.356927935838137,33.55092404375487,34.998467732752495,30.893126158649032,13.087370260507011,9.961337232054188
1653511479.6601539,12.462147784492355,-7.336217153848875,1.3873354370642264,75.35543689606932,-52.61225510320532,28.25714343262132,77.49506711826224,82.02116805667957,62.89328911157696,45.27603794935644,26.869807995557093
1653511479.7937741,12.748682410856087,-7.543428497796902,1.3839703401114727,69.44651827909443,-47.180456579320705,22.212429796269486,69.17903285878751,72.24654531944084,56.69783586823834,39.6370280815238,20.828459456158015
1653511479.9275403,13.03765635746494,-7.756081663961973,1.3874233526640127,67.92735654614557,-45.48901452951146,20.48857985465769,66.60820827375039,69.29291153612299,54.889700188680635,37.732932865549486,19.101156501993678
1653511480.0601294,13.31009656506334,-7.962639039844119,1.3976392288627069,52.25520483758447,-29.865769924255897,14.697473236174233,44.68185986390973,46.619246942867996,38.94510827252113,21.903130884411777,13.299834007311526
1653511480.1937082,13.612875947973315,-8.188063528473439,1.4078887333424706,17.48786464478706,4.50275404382981,3.1033404076449678,13.269227108385598,13.377105233712202,3.8749886968137446,12.69081757230325,1.6954516743024972
1653511480.3269465,13.903594166796264,-8.413484351146113,1.425157555696413,13.687440422921673,10.613858239123124,-2.6687951606378126,19.028570321715307,19.46399078637382,0.21615374387459063,19.027342590269235,4.0939527163342255
1653511480.4628599,14.197382372370816,-8.65250622286681,1.4368378102663426,25.085244966832803,1.206671484122534,-0.07031826153577825,14.68839463433224,14.765515783698522,10.887862594461987,9.859177706989344,1.5071560718021209
1653511480.593519,14.489688163031353,-8.897948623220156,1.4404763717838793,72.7839007745785,-46.45974456548859,26.13548304715941,69.34770175289788,73.61349803606481,58.294212611547145,37.56179594226843,24.69500667537553
1653511480.727261,14.769103588684105,-9.138065323238418,1.4380867446020187,74.94142507333774,-48.99638733503926,24.96284059553739,72.17613252626464,75.91316190355936,60.17232148465364,39.85832201180084,23.524753850935372
1653511480.8612509,15.041440508388648,-9.372642533320956,1.4293485944601025,71.31049579742017,-45.53868870958931,21.11528878219138,66.88938240964751,69.72607632886705,56.26905528903153,36.16604617626835,19.68594018773128
1653511480.9938533,15.32312835100198,-9.612567516033808,1.41296191717659,70.26420030043712,-44.32525279480467,19.81957131414702,64.98839824319418,67.5447642360875,54.94107194943514,34.71268527877086,18.40660939697043
1653511481.1269178,15.600555837903066,-9.853933767998635,1.3922938615868807,38.725333363416915,-13.19539762466578,9.064899643846363,23.364946315151748,24.592470306983902,23.12477752551385,3.3414638566671453,7.672605782259483
1653511481.2605574,15.81781826054165,-10.067905279642627,1.3562503857625716,16.49341740469042,9.714296475748059,-0.380765910972535,19.79373487986936,19.86980538680941,0.6755991441487694,19.782201755390687,1.7370162967351066
1653511481.3937626,16.099535347034916,-10.33435697090109,1.3517881556905464,15.765943514209999,12.767696540423639,-5.3016117951698964,23.104461905680445,24.043375196863447,0.3335918328249168,23.10205351132473,6.653399950860443
1653511481.526926,16.3616289852191,-10.600810127436416,1.3339866157578955,46.0327014531057,-16.5772622318833,9.280096520428973,30.26698731541225,31.29266980889355,29.671072467886603,5.976452104446883,7.9461099046710775
1653511481.6606011,16.607336172669996,-10.853525856438473,1.3198761307834437,81.28189604686509,-52.0115553399282,27.616671919319256,76.66017274885738,81.04507113099852,64.6745598741951,41.15802948348973,26.29679578853581
1653511481.794274,16.874136566516142,-11.12805951437377,1.3044929426116532,75.49591615562483,-46.77701216406727,21.726714991070494,68.61020964269187,71.58511032757222,58.621779589108684,35.6489526496935,20.422222048458842
1653511481.927295,17.156236882300306,-11.414117323507224,1.2894200000891562,73.90727879070718,-45.15464465580639,19.831301825024994,66.02351052732186,68.57773198321208,56.751041908406876,33.740527332299166,18.54188182493584
1653511482.0601804,17.418405635525694,-11.681969128465687,1.269800040942318,57.808414821543124,-29.276110669905048,13.88357833574852,44.05572220071729,45.82591037281528,40.39000918601743,17.594141541439363,12.613778294806202
1653511482.194005,17.67965212010551,-11.94880162107751,1.2433958765944757,22.977115521694067,4.944686522870924,2.347531978040351,17.704605620032787,17.739001569744918,5.297463401588558,16.893488143948435,1.1041361014458753
1653511482.328256,17.9432546693914,-12.223326990280164,1.21087470323804,19.038889284876472,11.265149874736577,-3.9582517597243774,23.514016259437177,24.075481906686193,1.0956346154850714,23.488476865016743,5.169126462962417
1653511482.4601486,18.188957641800865,-12.489125449508611,1.1760872807176463,31.947223807466344,0.1778283837318302,-0.5018790598795242,18.70137982339111,18.776506020527815,13.758266165665479,12.666953833240441,1.6779663405971705
1653511482.5940762,18.433540076477207,-12.761932648889763,1.1408315725352578,76.70606966507762,-44.602062777581075,24.045328924058115,66.40392752892187,70.2431319788079,58.27252958860041,31.840130128691314,22.904497351522856
1653511482.7292068,18.68212062765875,-13.038212436369685,1.1104635635706814,81.10542351793518,-49.49501727744994,24.088526281264553,72.28946923966039,75.85353471796869,62.42330289027643,36.456804841080256,22.97806271769387
1653511482.8601081,18.89873160216208,-13.283694002894503,1.0818477310018637,77.35030081406005,-46.03747857127792,20.092702030077866,67.0029577472918,69.6477489088202,58.45156921189797,32.75378456838342,19.010854299076
1653511482.9965918,19.119096008370903,-13.528570485541506,1.053094888475068,76.18217440505629,-44.791383776863874,18.668028940164263,65.06580062516979,67.40804338237169,57.063078396685384,31.262813291322367,17.614934051689193
1653511483.126796,19.33659914735386,-13.758842602077523,1.027122528677355,43.488063509457575,-12.730416090892781,7.89574727749557,24.1733508625278,25.130238714802363,24.151464362103717,1.0284265111847422,6.868624748818215
1653511483.2603002,19.55308795745925,-13.982148573747695,1.0057050911708185,22.148019231077555,9.117321567995162,-1.026182474545509,23.244766919547118,23.33340429992556,2.594931273618304,23.099470141742856,2.0318875657163273
1653511483.3944492,19.758045880425126,-14.212316892078853,0.986145915168715,21.364860100667457,12.188381060432496,-6.076152058797132,26.449550172320702,27.376171335509866,1.606814220242331,26.40069795251135,7.062297973965847
1653511483.5273414,19.957671780025027,-14.44722577344482,0.9704583024128987,52.42984931341833,-18.08267290316077,9.150873934003759,32.67504842526133,33.68349728722879,32.47217753339331,3.635447129715949,8.18041563159086
1653511483.661377,20.152752046847404,-14.689526448922877,0.958505859470274,86.71206456392017,-52.64956203418915,27.055066312997354,76.6231452263612,80.9452707196945,66.55931251707275,37.960035585266276,26.09656045352708
1653511483.7936676,20.326284698675703,-14.914091844954912,0.9479355043910519,80.63013047276948,-47.2156185942105,20.931805774382916,68.41010484920018,71.26919051347804,60.30384577409377,32.301526749255586,19.983870269991865
1653511483.9278219,20.512700312127382,-15.139463917857949,0.943311280354095,79.15920668762305,-45.69791017810978,19.244386110641926,66.1304116718757,68.61603812400968,58.646506375495676,30.55844626025183,18.30107483028783
1653511484.062751,20.71487242886141,-15.348149834154379,0.938603593988749,63.18217883464704,-29.9364689741819,13.39689217289337,44.90313094533804,46.59935753859103,42.467306405785635,14.58831914002752,12.458288578904622
1653511484.1937304,20.92131435749558,-15.533296839136144,0.9374530166147568,27.368710903765823,5.251571107543853,1.6598627564515738,21.761885437291113,21.77387272898402,6.4473965462702445,20.784867946679995,0.722409739836817
1653511484.3276412,21.148264910535858,-15.715112416597659,0.9325007477102463,23.908850121092204,10.843651211683431,-4.118038805071704,26.701849302391942,27.17529587588448,2.7605852105563464,26.558763628281092,5.0505395527819505
1653511484.4603133,21.386882247854018,-15.916731557330301,0.9225619701931258,34.40551562601091,2.0469840772804435,-2.013449960914194,22.18512777596783,22.37856252076133,13.018633378156892,17.963715634610743,2.93601193110732
1653511484.5952127,21.604478416905014,-16.099579761547375,0.927864457353535,81.48215482871441,-45.29711643386217,23.630280565651184,66.61705697648706,70.37920131233955,59.877676411809404,29.197536672314797,22.702416108297648
1653511484.7289484,21.78411869660919,-16.260286731184873,0.9256478222845583,85.8216661773288,-50.30999471503096,23.775984776771054,72.5271680208914,76.04162018305621,64.03754748071961,34.04970798384609,22.850336954486494
1653511484.8660262,21.95117156214865,-16.461635515974287,0.9096782781740418,81.78974563814732,-46.731853412196635,19.663807865049975,67.05923529934978,69.63230870432845,59.83857407599867,30.27021789622235,18.754129586875933
1653511484.9940827,22.0652802046877,-16.601670301149355,0.8913401612742626,80.53209036549796,-45.486945861438976,18.295766559164957,65.21293609840069,67.4954894256919,58.46681016081027,28.88527556028962,17.404426397890695
1653511485.1269386,22.189708197582895,-16.766520603139195,0.8800659374763018,47.866684041966195,-13.406623988363783,7.697295766505015,25.895868276136692,26.778174252865366,25.6769758443833,3.359896614775412,6.8172298290287126
1653511485.260154,22.306354483386443,-16.934103959594644,0.8917227744029139,26.745471130059393,8.277056969969252,-1.0668427351549523,25.598992011779252,25.673807097397294,4.43911664667295,25.211160929563896,1.9585655095578662
1653511485.3949785,22.441600495699777,-17.0994933897341,0.8968857479100375,25.881283700871265,11.466511586844693,-6.20695352700867,28.772348893927013,29.636339067397323,3.4396832051714874,28.566004976578792,7.103839274918707
1653511485.52734,22.576180127205625,-17.250906157478994,0.8931810264746258,56.335883963195215,-18.3048734421844,8.792548594455553,33.77615209183781,34.68758363024194,33.75970383598959,1.0539672847054078,7.899367567980928
1653511485.661155,22.736865811878086,-17.42918428675597,0.8888471806349664,91.23786633128746,-53.609727940335155,27.12730544115045,77.46882476989484,81.7916591292626,68.50100051940937,36.180543653579186,26.238458260515486
1653511485.793456,22.89040021806525,-17.605409317994884,0.8837032073641067,84.921514287312,-48.31115690667398,20.7559365557076,69.21489758463545,72.01116375884081,62.03111406924674,30.705747588679095,19.872233348343492
1653511485.9271886,23.056201315635118,-17.81307931444356,0.8799369233828721,83.113727625959,-46.82747335890508,18.883589398112527,66.6988870093237,69.08598288157569,60.05752631032388,29.014394044461522,18.003652474729655
1653511486.0606115,23.176762454736433,-17.990156192561688,0.8747220535705241,69.00029604968705,-33.17785428682875,13.772778894155703,48.274863071065994,49.968212643571086,45.82353359495062,15.18769809426706,12.898056840585179
1653511486.1934218,23.280030246469245,-18.16416645773239,0.8732993679704889,34.71829496447063,0.3139294734988738,2.852047639385816,21.73186437015611,21.82176376291545,11.438264718001385,18.478095931231262,1.978748271415327
1653511486.3285677,23.384108507016233,-18.348771447446648,0.8732210428671612,29.135554848988146,6.719265485538084,-0.5009409930093043,25.719362563991915,25.75604651337066,5.7514463419719135,25.068036932984732,1.3741620358764655
1653511486.46052,23.504772351598785,-18.555389301432378,0.8689294145307471,37.0609837255564,-0.16341459353712917,1.6770477612865937,22.848098399457147,22.862385171579092,13.556211373957613,18.391974707895248,0.8081183467558466
1653511486.5935435,23.570463667942814,-18.69597819150218,0.8638844727116398,83.46392187363392,-45.68819402825069,22.797633511451963,65.69479470714924,69.25962314732102,59.893458205691104,26.99221583674851,21.933749038740324
1653511486.7272594,23.664439269413336,-18.863501759670687,0.8550298397302987,90.53098337089065,-52.93664596055072,24.666731338318886,75.047410853465,78.734433407923,66.86654410147732,34.07314420088004,23.811701498588587
1653511486.8600657,23.756897898342817,-19.018006100314565,0.8444426978109028,88.3983694563835,-51.10239361726247,22.562238642009643,72.1659737516696,75.36305744992384,64.64147155804069,32.084387516947906,21.71779594419874
1653511486.9937549,23.83866026196784,-19.157672543957986,0.8339558520892382,87.6815470214629,-50.485917214236785,21.79545224561612,71.11521007426303,74.14012027885039,63.842886759495066,31.3282446702788,20.96149639352688
1653511487.1274781,23.928299112861986,-19.314360293061114,0.8235639108921808,55.06062607745853,-18.930073104323927,10.115459936560478,31.13469863149429,32.49167263508918,31.132326964596544,0.38428718873718637,9.291896025668297
1653511487.2603428,23.98149950382065,-19.43574519330755,0.8155755321637238,32.2022463666804,3.545794282800202,1.2382307756710254,24.407618394163684,24.41127758086376,8.220746862859748,22.981539476107752,0.42265524350730155
1653511487.3946025,24.03226135720747,-19.56579199620377,0.8122477896725859,30.60177655907876,6.00134908757866,-1.2043121526870584,26.39767476854076,26.474586818055972,6.56951520187129,25.56714108378243,2.0165599423596445
1653511487.5279396,24.07372107413251,-19.693340262682128,0.8127363302405006,61.044234107687544,-23.479473945935318,12.145587568943172,37.16387550070266,38.85340602096928,36.97051303355504,3.7861336832531904,11.332851238702672
1653511487.6606297,24.113981885186448,-19.831473835997592,0.8124138544577516,93.16462419008285,-55.066273645495905,26.321418592950362,77.52085087467869,81.6099972006041,69.0506423048964,35.23479980949831,25.50900473849261
1653511487.7936049,24.14066947023853,-19.938866107785515,0.8140501772319758,89.7480512075859,-52.144561509456494,22.99038748766133,73.0858081622912,76.37620893472766,65.60738173734737,32.20569540167098,22.176337310429354
1653511487.9272,24.18899982219208,-20.075565243308116,0.8189278308720885,88.99118805656293,-51.46589330412897,22.233570633461905,72.00469634495231,75.12165614582322,64.80218823437085,31.390328060820853,21.414642802589817
1653511488.0602534,24.226533122387632,-20.166091937608574,0.8215871320146261,72.87925065484878,-35.93790835359046,16.27420238077984,51.14525507173551,53.42864806804734,48.65271753246114,15.771816415981885,15.452615248765214
1653511488.1936355,24.262330768230846,-20.24252339550157,0.8229697159664227,35.87868513804172,-0.20973907286401072,3.2334318883429702,23.1571184857343,23.282234953861188,11.616354369810871,20.03278432263756,2.4104621723765476
1653511488.3268595,24.3129944264834,-20.347010451816747,0.8282296626989979,32.158801422738875,4.2334361654154,0.11998402453629842,25.802229425479705,25.811947915821214,7.845806996255476,24.58044661723215,0.7082456381626995
1653511488.4603117,24.340716095444552,-20.405920184300644,0.8276419717847218,41.6675174855568,-4.427154873681287,3.1608907160159028,23.569874570397022,23.68508047203354,17.326801390112248,15.978765310619357,2.333248744231181
1653511488.5934758,24.37895179297227,-20.504516356842696,0.829641484812261,86.6957633125163,-48.59519675582388,23.785332474662056,68.3554776388848,72.1071083324075,62.31681151954403,28.09068039898118,22.955690989849796
1653511488.7270553,24.39444362524596,-20.567189882462618,0.8278037889339197,92.09756415188265,-54.283123924499876,25.0085761774855,75.63383328492152,79.405204430681,67.7031205266367,33.71593404203726,24.18077238855158
1653511488.8601544,24.40528204925759,-20.629266193454054,0.8272941898565712,89.87422892668258,-52.427735114056446,22.952817411988242,72.7827289329935,76.07144279417012,65.46894687742498,31.798468920602392,22.125523222131672
1653511488.993703,24.42520562826934,-20.716076522704817,0.8325076887591335,89.03045654513475,-51.73488136024169,22.152587404595156,71.66592425679265,74.76998394188635,64.60525091686542,31.01880483753687,21.320079715836023
1653511489.127281,24.432251551968868,-20.772891994060554,0.8368170920866793,54.94742656366041,-18.76001887928893,10.127015986148264,30.581490548538248,31.96146679458809,30.51517501169154,2.012873114771626,9.290198894061584
1653511489.261356,24.43999224463777,-20.83582285072023,0.8443306951687245,33.12901831766547,3.12511892461893,0.4639868577192918,25.48775990272485,25.49059760565912,8.689026073027698,23.960941775339162,0.3803438374494327
1653511489.3945994,24.44400727499392,-20.88809269152208,0.8519369882354759,30.83180879796278,7.128403957321316,-4.930331339153733,28.73548490580064,29.311477611704,6.387801522968861,28.016496648843393,5.782268327389209
1653511489.5269687,24.461014379196538,-20.96565513839131,0.869971071315479,60.393858662215635,-21.88592408050368,9.244770254490195,35.94462676386436,36.90736314818519,35.932844283019094,0.9202689421123722,8.374799183174716
1653511489.660184,24.472172421239875,-21.018439496164216,0.8944220560793253,93.87678270828408,-55.964433686721286,26.56281559355705,77.70600001970845,81.83574320465208,69.4046102870442,34.94599419055707,25.668393537477726
1653511489.793712,24.487279782643185,-21.082208527180732,0.9219098812399448,88.25128771002014,-51.20086723096158,21.146972641793255,70.51937541610408,73.36235732816759,63.76400792737695,30.118658703780845,20.22506276055331
1653511489.9272535,24.503059688820667,-21.132610859108333,0.9436749327258412,86.23403165820497,-49.48832092460115,19.279542659464166,67.9320189130516,70.36308150511633,61.7309719693843,28.355710065492815,18.335867726738325
1653511490.0601294,24.51946347683052,-21.18174619687124,0.957020201588728,70.41030095627502,-34.15283909415732,13.879422748438122,47.68876403844844,49.408569126191395,45.8908374794445,12.97109289728608,12.922402546849394
1653511490.1945899,24.55163018185154,-21.240189284487204,0.9687478488168241,35.578685002423505,-0.15774289874720893,3.1244815967428714,23.79213070793578,23.88959337484521,11.027054820571966,21.082446385739996,2.1557337479260474
1653511490.3267617,24.58697435431566,-21.27234354386499,0.971355908905652,32.08078159634653,4.177724587206102,0.5370283379000915,26.530418670968515,26.5339736054706,7.493807242030872,25.45006813107109,0.4343275710055605
1653511490.4600306,24.62716717322787,-21.295286201632614,0.9732974372293495,41.41103077155714,-4.186604984972342,3.511014895525837,23.96674884627922,24.100727378209335,16.783863598329265,17.108681216660273,2.5377174582964876
1653511490.5942373,24.672351852312147,-21.327631253553683,0.9814885062316546,86.53843715004896,-48.48214605746498,23.894536594778547,67.56315700367091,71.34274985596468,61.86608529773682,27.154514803911297,22.91304808854689
1653511490.7271683,24.711344561707012,-21.366910764508674,0.9927095821290864,92.96135899775855,-55.13268285761577,25.517194196628786,76.14585895217739,79.99776360106404,68.25001443605154,33.765772093107095,24.5244846144997
1653511490.8600705,24.736878164948305,-21.404337207814297,0.9992798751567638,90.63808890979445,-53.16238906839155,23.367903968362686,73.15424413946015,76.49770440633425,65.90121074484614,31.75805186057725,22.368624093205923
1653511490.9935932,24.75253649700323,-21.449466901512046,1.0071741950413617,89.74180846865725,-52.41978398038002,22.56739176786597,71.99143012450325,75.15057546791488,64.98927197165402,30.97031707886797,21.56021757282461
1653511491.126955,24.776556762342754,-21.502475415807282,1.013975908935124,56.25437170246247,-19.949673356243842,10.70434910229441,31.516091566699835,32.972221039341356,31.477814940119718,1.5528020595634402,9.690373193359285
1653511491.2601943,24.798835184572038,-21.54302082224081,1.0132929080718251,34.26258760285391,1.727379884687795,2.2111877901992267,25.12118944030237,25.149733816567252,9.463752418281874,23.270400706928605,1.1978948821274016
1653511491.3936465,24.83458810239927,-21.583310261039333,1.0071925792625063,32.49622721913734,4.272782139797171,-0.1644732486185001,26.967354860937437,26.992795872379546,7.661639116738069,25.856092400836502,1.1716658278810064
1653511491.5269573,24.854933498931857,-21.605654421534933,0.988925101377352,64.49506065128286,-26.921331545979317,13.753565133812513,39.994950980666246,41.98252182877468,39.640127152351,5.315677124444385,12.76464003243516
1653511491.6614347,24.879811238524407,-21.638171794031727,0.9667879541823345,95.05026365775348,-57.043013144713804,26.975534886926287,78.59640693941586,82.78798282841402,70.17045241922906,35.40484135068208,26.008746932743954
1653511491.7939384,24.89811893523207,-21.6808371655388,0.9467039462036976,91.67796527647191,-54.15963694872099,23.882048685842726,74.25914295705034,77.72033421854108,66.77984634123985,32.47879978318218,22.935344739639028
1653511491.9271786,24.908850478292557,-21.731895397011133,0.9385325784472003,90.64220774435194,-53.31276478044108,22.94483351294328,72.92616518425102,76.17416129699275,65.73335726605939,31.580869383429945,22.00630093449608
1653511492.0602658,24.921420160006804,-21.788923091524115,0.9419153379945023,74.50569509867742,-37.70931458790888,17.071077475201136,52.07743452390718,54.51797004511576,49.58427493867062,15.920391496384763,16.129162137206634
1653511492.1933692,24.93184935448486,-21.840191191468996,0.9501592152549576,39.330721774119546,-3.5208935011324414,4.8637915715089015,23.30073378295385,23.6271181705261,14.398872419634685,18.319297690336555,3.913632356253944
1653511492.327096,24.946973974393046,-21.900186039564318,0.9547344213020569,34.00069413631317,2.3702535358343813,1.3979160817212009,25.90413260376495,25.90792342001902,9.053720161920126,24.270439575398697,0.443181660419144
1653511492.4602857,24.958822733261147,-21.952032421076485,0.9564047354694417,42.683541744231334,-5.5574872528907475,4.032364146909602,24.1442907390035,24.339439220950787,17.724719010970187,16.394545168185736,3.0759594114401603
1653511492.5940514,24.977360327288316,-22.00378035288487,0.9528557228139376,88.17485413097816,-50.22555742424308,24.3698779156961,69.21265725380623,73.0667424517803,63.197493803689845,28.221777071358208,23.417022192882165
1653511492.7266734,24.990071306557088,-22.03808628357843,0.944829957498157,93.37176912713888,-55.62219627411762,25.33566861349158,76.18365336922348,79.99288750273176,68.38169782058179,33.58410999053919,24.390838655993424
1653511492.860432,25.020711414547183,-22.087747987432685,0.9346555782962085,91.16625725854009,-53.69748023706251,23.244720658437,73.3103567573713,76.629938090626,66.1455458439929,31.609732249629822,22.31006508014079
1653511492.9937897,25.054999053573045,-22.12600492212853,0.927959266912978,90.32095022119796,-52.96137546170914,22.451215654192907,72.1835470043419,75.32406669611395,65.26595116762492,30.83537053958061,21.52325638727993
1653511493.1268983,25.091863850437583,-22.15741398798086,0.9242567449645457,55.445372287730166,-19.017644784116726,10.309760388083106,30.515465343106364,31.92618523628085,30.353508437292582,3.139769203864134,9.385503643118561
1653511493.262463,25.132545370611084,-22.18459769880962,0.9254708544560594,35.00456871536385,1.2420445474485198,2.401813149923494,25.42173109474471,25.464563582101622,9.872023344752769,23.426642246258137,1.4763422954674343
1653511493.3949122,25.17710259838401,-22.20971462850995,0.9362983674439501,33.32860189056177,3.605704024892868,0.17911266901914713,27.071807862808733,27.082394856118835,8.15149929217776,25.81541865340282,0.757185698424803
1653511493.527317,25.223665634429988,-22.23323145535615,0.9477579345414993,63.20829435101675,-25.496624174575572,13.023558801893708,38.12455574530412,39.9913330281043,37.984628716586755,3.2633927192194214,12.075800867352209
1653511493.660162,25.27486507496693,-22.258471916914793,0.9626606673663575,95.25926242850952,-57.09778704320804,26.87458448882107,78.1766829138184,82.35910118218008,69.98439735354259,34.83931512629324,25.911923821454714
1653511493.7934074,25.317793100058154,-22.27803822063501,0.974069644364176,91.91239329087219,-54.19480022318687,23.760058647913496,73.8479550922157,77.28338609411325,66.59460019081403,31.916762002551856,22.78598900354932
1653511493.9266276,25.36158587220612,-22.309014827008138,0.9832038340019419,90.95085309034329,-53.32035027389945,22.78035285847002,72.5510503053665,75.75467382285196,65.58926721813717,31.011335446891312,21.79714902446808
1653511494.0609422,25.402623970697572,-22.345270957795602,0.9860306467176263,74.71876299691576,-37.59121784534236,16.793151103759055,51.618993257823,53.985049060777875,49.31613902621818,15.245946887546761,15.807120457041428
1653511494.20582,25.44259724547931,-22.376248033047784,0.9873618871672148,36.8020892306365,-0.7933035884451911,3.5522131082083206,24.389783702600813,24.524273910673244,11.359491985157188,21.582944444602592,2.564851221041106
1653511494.3267884,25.489713765961802,-22.398862149369403,0.9896674603446278,34.143114607188025,2.473486808633173,1.0646188690236218,26.334674647839996,26.334781307640466,8.653400841226222,24.872348958002576,0.07495140867899397
1653511494.4602456,25.52750654994797,-22.42476295724372,0.9880220670226416,43.326207571305126,-5.951185858870303,3.955924180821019,24.252267944745157,24.43319347569618,17.798701021357157,16.473577098373415,2.9679021137983774
1653511494.5934718,25.55864439638916,-22.463331367558823,0.9834252126974539,88.70315475242577,-50.46670334785608,24.268905270357568,69.0754517203508,72.89466106572003,63.14451035603662,28.00337198029726,23.285480057660113
1653511494.7266607,25.574411108683208,-22.511234484523154,0.9732920814423468,94.06658527009283,-56.001945064211384,25.348227378802548,76.24175769543426,80.043382532473,68.49217416140962,33.490710579688226,24.374935297360203
1653511494.8600097,25.589176033164946,-22.564300215032247,0.9565339944500834,91.78829509549598,-53.96734492288617,23.201755778829135,73.26987499342518,76.57234797097686,66.19911906233104,31.403044707853923,22.24522178437905
1653511494.995423,25.598634081773927,-22.614189765876095,0.9355382533225137,90.08195996035172,-52.32916835898288,22.013502177734228,71.00055823126785,74.06321510946212,64.4833258785778,29.71497859310679,21.077963924411716
1653511495.1271567,25.61513955392408,-22.65812414724169,0.9137445928329677,56.06574215558477,-19.22674497574001,9.990189992231638,30.643328177971796,31.95927757179667,30.45060260166069,3.4313791715016784,9.07644539939867
1653511495.2602606,25.630453819040554,-22.69075300052958,0.8917662283669211,35.574599935342164,1.0524392126992488,2.055502816529617,25.74150769587295,25.76779969852519,9.94414611630161,23.743192213228827,1.163736588162696
1653511495.3937464,25.649231870566066,-22.71941521428624,0.8681323911388804,33.8868246131248,3.4943996659543064,-0.17532809706194374,27.477664106830062,27.497469602823703,8.237592742558736,26.213814880240548,1.0434604882008243
1653511495.5268993,25.673241403276798,-22.744109044091854,0.8448435571818455,63.52463124301612,-25.25587871725917,12.646610715547059,37.93463720257469,39.72805567544467,37.85138983973932,2.511769673167315,11.801767158365214
1653511495.6621668,25.697828635361166,-22.760618333274277,0.8216048580552839,96.06283896488418,-57.257668613334964,26.76488611295681,78.36632667605977,82.54898545088147,70.36501032952302,34.49705028006069,25.943281254901525
1653511495.793725,25.724438313226766,-22.76833690831114,0.7996542427443664,92.74373606860658,-54.373457285164925,23.538443588039872,74.09770513085864,77.50820889782837,67.01929775537981,31.605120376853783,22.738789345295505
1653511495.927711,25.754913846722765,-22.774254242926894,0.7750409091586188,91.76884209284113,-53.55110767716887,22.570351247630356,72.83579772197511,76.02689644163287,66.01392824611835,30.77685343424198,21.795310338471737
1653511496.0606508,25.777476850367524,-22.778255851967362,0.7565805833120391,74.99086717397002,-37.3648742238059,16.340629994987285,51.32959402400246,53.64317122182883,49.213390323602496,14.586618371838536,15.584049411675245
1653511496.1937833,25.798035720693584,-22.79114053689577,0.7396030690487116,38.917899497851344,-2.4330706631076993,3.599473900748123,24.21945157341953,24.387716081897025,13.11986377715776,20.35806987378807,2.8598708316994115
1653511496.3269305,25.816204752042708,-22.812474111952696,0.7266768261925082,34.9919711505088,2.143734839139404,0.6026498073096369,26.58960425071778,26.58989351071572,9.175766398466095,24.9562089510921,0.12402701888287126
1653511496.4599948,25.83164707846602,-22.832625839640272,0.7198677928834316,43.76887174771113,-5.805703201771591,3.3832870699514688,24.731763450084593,24.87476483499689,17.93722466924511,17.02692263786868,2.663419277068037
1653511496.5935743,25.85261387996783,-22.84803698147121,0.7186096467361239,87.91133138802584,-48.92627000437286,23.33427764211308,67.31536716338776,71.01286570206008,62.05871750805801,26.07823302290165,22.615667995376956
1653511496.727483,25.8740031215898,-22.85934965344288,0.7173753931099551,94.64096564977147,-55.73250867408978,24.974009417598776,76.22033665203192,79.98702403232082,68.76696252818166,32.873159020646895,24.25663402448882
1653511496.860155,25.89796207958143,-22.86929205286138,0.7242512881285507,92.5106386468111,-53.82280534926655,22.89356557810699,73.45317327958732,76.72579201890927,66.61267656722967,30.953513296405173,22.16931428997844
1653511496.9932954,25.92043959332729,-22.878493356455106,0.7324950569012276,91.69015315788057,-53.06838106459746,22.067605460736875,72.36770372337116,75.44714360489392,65.76971356455329,30.189887708142354,21.335110403835646
1653511497.128206,25.936357960547348,-22.883329816987516,0.7342850779874885,58.46613444272244,-20.961614591810175,10.284084449480789,32.58649025880127,33.95700245049206,32.529776482175095,1.9217152251773406,9.5497993714933
1653511497.2604096,25.964490772295246,-22.89448608646797,0.7390960155019546,36.04495547725804,1.0029236122874043,1.7564578824704573,25.936498587476454,25.956443981149068,10.080464704962797,23.897409698755375,1.0173618669685027
1653511497.3939133,25.987762523273926,-22.898602048654634,0.7375877221178069,34.27422925665543,3.4890506062200646,-0.4574477692691863,27.6581587159694,27.68396383077085,8.286466733381506,26.3876526548747,1.1950354913869932
1653511497.5284305,26.00854291273055,-22.90238265477434,0.7360140227859951,64.54781822559505,-25.820084231818917,12.592132067494333,38.64956305229667,40.42717228824587,38.539275312864504,2.9177015770445784,11.856118044708339
1653511497.6601632,26.01430058743336,-22.910879883204363,0.7343953618818715,96.75385222077409,-57.37632660080002,26.514334346471585,78.6889521008477,82.8043261960308,70.73955163334074,34.465446717595654,25.779938984589712
1653511497.7932613,26.017231443007727,-22.92827747755383,0.7293438843468577,93.23784356772082,-54.342060506792414,23.18288949197966,74.19862841474364,77.5215980806849,67.22061212471309,31.413783029238584,22.453545607632805
1653511497.926898,26.0154996537489,-22.948149687590565,0.7214654210403874,92.21664499903989,-53.429068230681956,22.18280611591191,72.88125987014024,75.9754380354616,66.20114534529098,30.48091854309139,21.46134069487152
1653511498.0650883,26.014014269706596,-22.970685652697007,0.7097376879822584,74.90925427473249,-36.713258104733605,15.668326564179846,50.78979024123411,52.946786247284756,48.8952400050259,13.742572452036597,14.958588876197588
1653511498.1939309,26.00582225212647,-22.98886056670621,0.7035350858650422,40.81368541977584,-3.7190809947501435,3.4402277238185377,24.302205997472782,24.455811230426008,14.807863167649366,19.269779571956068,2.7366926379534955
1653511498.327088,25.998781714258428,-23.000139155703057,0.6933755381086056,35.40624703306433,2.4024123649859783,0.40765517907133897,27.088558977653214,27.0900657734411,9.407465318805905,25.402551520689034,0.28572035903726667
1653511498.4615145,25.996008359219765,-23.00206626288253,0.6832483795165689,44.57773227528156,-5.788420447486769,3.619632260048002,25.329628223695565,25.49926305296841,18.581723916061797,17.21364581539576,2.936383880531433
1653511498.5933983,25.998843900055864,-22.998019277281497,0.6742761105803395,90.11007162099895,-50.29320601925136,23.841527048288796,69.67981586632982,73.43022712191745,64.11122772094309,27.29518674196986,23.167250937708456
1653511498.7284734,26.009696158442978,-22.98585267735566,0.6682565706616315,95.79424529077454,-56.01549396839866,25.376628741022028,77.20647965953228,81.0638276713283,69.78454913233156,33.029641291043,24.708372170360395
1653511498.8607647,26.02874009015035,-22.964999218549117,0.666655853340009,93.96298599231955,-54.374744004125354,23.704567934127564,74.84406345055983,78.3095091724723,67.9342459021692,31.409744785576237,23.037912080787553
1653511498.9939537,26.05311642372981,-22.939189446457007,0.6667118178356487,93.33431109574487,-53.82245490383256,23.137562516652086,74.03063718356282,77.36584758750345,67.28119467201506,30.88326545737555,22.470850698816438
1653511499.12981,26.078721866643615,-22.909659580265235,0.6636158049090517,57.64876312736214,-19.482599062544445,9.638309145771968,31.755507380540948,32.99935407789249,31.570041260718522,3.42706051772079,8.974693340862917
1653511499.259906,26.09770574641149,-22.882118357814335,0.6605944995247944,36.522691977132695,1.2179824425886145,1.1423978998966866,26.258240544642543,26.262660394882303,10.424986230721206,24.10010080040295,0.4818034003718922
1653511499.3933814,26.114887239852774,-22.85694480724272,0.6592881253725885,34.449022394546496,4.06283215763718,-0.8306539964998279,28.180351321720252,28.219711694879344,8.334135154693723,26.9197769648799,1.4899421218724163
1653511499.5266187,26.129864054833288,-22.835818837186434,0.6586268124625898,64.02796588639822,-24.575568404202144,11.981258656553942,37.938013271540676,39.59160066060007,37.89810183156493,1.7397495670157106,11.322631844091353
1653511499.6601722,26.139925640137708,-22.817765980837496,0.6563517679308247,97.25624394777121,-57.10859841014298,26.445316617240035,78.95183290036626,83.05698421160176,71.1163183076335,34.29083242930548,25.78896484930921
1653511499.7942464,26.14326104933147,-22.80053319489775,0.6521064637844445,94.44383720754207,-54.55018781350533,23.931198662568026,75.31938178148036,78.83479818927593,68.3005761582106,31.749654618607583,23.27909219878358
1653511499.9268334,26.15115012826921,-22.779615609262073,0.6481180158752402,93.78832152926545,-53.868133936003154,23.296750340347273,74.43979397392137,77.80901922687998,67.63717140099624,31.08851832674108,22.648632324472032
1653511500.060301,26.166363680244835,-22.75279891962246,0.6505535146689088,77.24805015808491,-37.95337989622396,16.908376792698824,53.29536898686948,55.719953097487625,51.08168647784007,15.200580976601497,16.257823278029917
1653511500.1933138,26.185290462977665,-22.723814390149627,0.6567603621299088,40.888411445501625,-3.046718206333864,3.2701108213820085,24.563588517435175,24.702216124808444,14.70312098252396,19.677096183815763,2.6133504592520995
1653511500.3269634,26.211236960327874,-22.688699550506865,0.6612305049293676,35.511958141249494,2.963715584831309,0.13387599442303433,27.286440162853253,27.29153567574977,9.30072118092162,25.652415135338174,0.5273545105063333
1653511500.4601738,26.238930067721395,-22.656443867362423,0.6640684427036917,44.711010137890035,-5.35502808378533,3.5108170536333487,25.309222236863228,25.468818344963747,18.47208007016864,17.30141578357709,2.846748610929657
1653511500.5977538,26.26989626806271,-22.617592947728877,0.6605526718560785,89.1587367462939,-48.78548136100201,23.656101001889002,68.11581784509325,71.89269701231693,62.88884047823119,26.167888413273136,22.995548330032925
1653511500.7266598,26.300512939249142,-22.581043922408327,0.653909534701826,96.10756605307074,-55.84671785624758,25.76995198750823,77.32806558235129,81.30464510223014,69.8070531138216,33.26567393383925,25.116042452806404
1653511500.860079,26.325040759235716,-22.557371248204365,0.6451750664708706,94.2669928126613,-54.27380692292388,24.065988343308224,74.98027167687911,78.55301162455251,67.94195205342558,31.716435674719516,23.420813276837354
1653511500.9944432,26.34520189413128,-22.532369512836304,0.6344824457964217,93.7083549860229,-53.79225139639806,23.546881915547704,74.26287504437099,77.71713234105668,67.36315309189162,31.259881883561754,22.912399469751282
1653511501.1266868,26.35926675232739,-22.520820112509877,0.6288407728092649,59.01576693347206,-20.427457278084773,10.486530258956732,32.72352627755227,34.176062003147116,32.656500181144665,2.093362834425104,9.857689486147468
1653511501.261945,26.36979546342883,-22.514348433563466,0.6236313083622137,36.58286557675611,1.5397506743029652,1.5283218735308002,26.13247950407308,26.14813473365748,10.213070113327284,24.05409910786643,0.9046905651685865
1653511501.3940785,26.37917054285397,-22.511991279480032,0.6159001277606989,34.607314550898906,4.289206022224061,-0.37158409732016384,28.035808007296605,28.053193324767506,8.228144008044936,26.801197301704093,0.9874842250808628
1653511501.5265296,26.387289388347664,-22.512248176488438,0.603010289380375,63.13242115058162,-23.23710028481862,12.110359056459714,36.75228045717551,38.51167607947085,36.74513176223395,0.7248521083301824,11.507348767079339
1653511501.6600115,26.392275381125856,-22.518862180249542,0.5876193887001232,97.84715660397352,-57.18612961743778,27.409355668766874,79.42052305375985,83.82735245258702,71.45488122284766,34.66726743718824,26.82173628006675
1653511501.7947686,26.399647399279875,-22.52354714028515,0.5734760339816275,95.00042963832465,-54.66803512414826,24.710327363816717,75.75840172253875,79.51052146522574,68.60078223904478,32.144487983863115,24.13685132983509
1653511501.9267666,26.406769204167553,-22.531698865047954,0.5621714407370713,94.36213540605766,-54.0895324252688,24.099848220598634,74.92548735008396,78.53566631054215,67.95536620189012,31.557833560220846,23.537676779861563
1653511502.0603135,26.411871900052915,-22.545353841993435,0.5549956093383445,78.3287859861827,-38.65960291584093,18.131324518276625,54.36023354843663,57.131097743311,51.91691408612978,16.114249073847493,17.57632890893828
1653511502.1941721,26.41388532169941,-22.567315022389035,0.5488532403962078,41.86794118114642,-3.533826320639484,4.9838153591805785,24.517372099524376,24.91526487239477,15.45405585944701,19.03348870174955,4.43496211878437
1653511502.3265374,26.411384005176373,-22.596476939824466,0.5447850524466745,36.25664615525987,2.5379442787278093,1.358595098099293,26.993857019616105,27.006121594665952,9.8452621500835,25.134421218552276,0.8138100456526184
1653511502.4600134,26.4072056134777,-22.62929900136424,0.5449962788881385,44.93869483813722,-5.404516330858547,4.039328167216957,25.300380055047103,25.5405478851887,18.531489224659524,17.224782670505697,3.4943318883288184
1653511502.5960166,26.404325692707317,-22.665683922531773,0.5501405857228377,90.14210250756612,-49.54654310067335,24.164071316007504,69.17430724955496,73.09379254075215,63.737776814858805,26.880859178141574,23.613930730284668
1653511502.7267323,26.403808622221383,-22.706125933538548,0.5594818173841226,96.11701769408248,-55.71916463580999,25.52653009676719,77.13489640528914,81.07493905788479,69.71320907186109,33.013038702271444,24.967048279383068
1653511502.8614643,26.406719082124486,-22.746581431849464,0.5746168988347167,93.78029555341348,-53.760077071914395,23.326191489463444,74.16896735393418,77.58008677941714,67.373576471289,31.01349564006493,22.751574590628728
1653511502.993756,26.408774563800954,-22.78615518275662,0.5880039429007269,92.8890943434666,-53.05860017131624,22.463884492346835,73.04829801981681,76.25357692204089,66.48031977966565,30.272444988559624,21.87588054944611
1653511503.1265085,26.41002682649108,-22.82905730860308,0.5964133590581817,59.016539284513414,-20.473250404242762,10.183143538041953,32.6915047198167,34.06816514534406,32.60651245802234,2.3558069043603176,9.586730178983771
1653511503.2607725,26.413462460986366,-22.877071390186824,0.5961178382249167,36.58852199758445,1.4480801327041917,1.654194181366756,26.367495770074996,26.388716504082556,10.175059536598084,24.325151522891016,1.0580763431418392
1653511503.3950086,26.418714171301424,-22.922401555477833,0.5899172347253125,35.0885790083542,3.7174448298468685,0.07591934805678413,28.015138259991897,28.01985306089169,8.669864837052778,26.639846385324702,0.5139978866685284
1653511503.5265403,26.43161756401014,-22.961938604253,0.5831802024110821,63.8102929410268,-24.103653385519216,12.39449195161132,37.39610789349813,39.21703674194353,37.37867537701666,1.1417147812662165,11.811311749200238
1653511503.660116,26.450783719725617,-22.991556834109243,0.5778635404856626,98.27708571024097,-57.93050072127938,27.235641045136838,79.87332131308634,84.20442125607786,71.82630199051535,34.93894388717014,26.657777504651175
1653511503.7933428,26.46872288941618,-23.023335498167494,0.5728635345233375,95.44663519492602,-55.50937157448092,24.656064226710622,76.24496656159108,79.95808577972781,68.97791230550983,32.486036076313425,24.083200692187283
1653511503.9267786,26.48388128853853,-23.055566734157225,0.5673372168528777,94.72663020641754,-54.88726328163312,23.974134370671855,75.30159151677518,78.85561386457717,68.24274891787901,31.831696547475893,23.406797153818978
1653511504.0605538,26.508000214436667,-23.094290350048915,0.5605711792997616,76.38224836298608,-37.26373811883542,16.93189149783499,51.84798818136971,54.371260859276916,49.87424814854941,14.169447768786505,16.37132031853523
1653511504.19365,26.532030355597044,-23.125847550231118,0.5552342280395741,41.25210896485421,-3.4617676149532457,3.7654002363060393,24.563321313774082,24.772200543438558,14.720078609257165,19.664079935277872,3.210166008266465
1653511504.327822,26.553989271922088,-23.157776381222636,0.5474843868182928,36.66447051596535,1.7202573058978403,1.0449780319792403,26.854020017934964,26.858627869841513,10.11048124404326,24.878033687120475,0.4974936451609475
1653511504.4601583,26.576800223284764,-23.18726765282168,0.5431329406674755,42.673511998462175,-3.497798711584779,2.9016330207214502,25.431856345164185,25.540983532132866,16.09671177517741,19.689468941236903,2.358500080053975
1653511504.595583,26.609735126139025,-23.22863033182533,0.5404420417343951,88.8576451781845,-48.6015026841945,23.09443421803383,67.22042068640424,70.90322644524535,62.24791005204547,25.37287235236917,22.553992176299435
1653511504.7270093,26.633866983866405,-23.247429024324962,0.541768779792142,97.24391827940586,-56.98675555735371,25.853979853324628,78.25676647332837,82.2485837464215,70.61005129553945,33.739326533028745,25.312211073532485
1653511504.8635395,26.668363438652083,-23.273462467892866,0.5414455592409989,95.3364717533561,-55.315729091054266,24.09911355127238,75.77609088538209,79.35351076727775,68.66810831470401,32.042266623161396,23.557667992031384
1653511504.9934645,26.705373127811786,-23.29454712492844,0.5398794094386475,94.77762344363374,-54.820566668690425,23.537245796843685,75.01813894874749,78.46400469062316,68.07225031582196,31.526019543761986,22.997366387405037
1653511505.1265235,26.744133897684225,-23.308244335858337,0.5363065114522486,60.741902582659804,-21.843629877960232,11.230971019339934,34.02930165412435,35.670284832107285,33.99776868497558,1.4646144578981044,10.694664507887685
1653511505.2611036,26.795752027593394,-23.322244751984208,0.5311679108370897,38.029281868460686,0.4129030585452721,2.356256412771596,26.259273300556856,26.32262111403862,11.233529840867291,23.73514781052948,1.8250885019345064
1653511505.394015,26.839734365214355,-23.32395977781234,0.5234830304205054,35.58977277741944,3.3754085361165824,-0.15918485457845,28.09660905835251,28.104901281077385,8.750038412205086,26.69936831392892,0.6826678849989554
1653511505.5266986,26.8943657625891,-23.320984361210407,0.5142205230336325,63.92968222399112,-24.110113829937028,11.790204453556578,37.04372268974337,38.72189567048622,37.03531646140202,0.789129468726621,11.275983930522946
1653511505.6599154,26.95541981771553,-23.31293327536042,0.5041775282619277,98.38461390780597,-57.94579146266805,26.521553577547614,79.38239499147133,83.53722817446075,71.42919409009045,34.632858187307626,26.017376049285687
1653511505.7932177,27.015163286175806,-23.300589920120707,0.49180257882795225,94.85789369752659,-54.936098697712545,23.199923253254166,74.85613859453552,78.22467788267724,67.84273041135079,31.635508777591838,22.708120674426215
1653511505.9272668,27.078929973414123,-23.286076314040763,0.48254440183677366,94.04322110700441,-54.245541116532,22.442900084488745,73.77468907342771,76.97377455724462,66.9642911335903,30.95946480249124,21.960355682651972
1653511506.0603433,27.13433195592275,-23.273710139539684,0.4815381387095788,78.24214014767725,-39.052372313860005,16.4602792500631,53.48807566342703,55.823779930063445,51.1078081917545,15.77866217432032,15.97874111135352
1653511506.1943948,27.182597720855036,-23.267052168095116,0.48827337922166425,40.65283921233629,-2.776102284011955,2.8719160583072636,24.52195818018681,24.637536106769875,13.470241491481254,20.49094988408316,2.3836426790855993
1653511506.3269234,27.231595338153177,-23.26490310938083,0.5013583396582029,36.0139227188361,2.5383001993789613,0.14702848868136398,27.256826213165116,27.259129202121965,8.782327380682922,25.80320330875979,0.3543298509768389
1653511506.4611742,27.261033204137803,-23.272833002817748,0.5200668778197628,44.96876534631425,-5.484893727343608,3.294398412096178,25.099294039614428,25.2521578632224,17.707732142176447,17.78793927547414,2.774331534276415
1653511506.5931954,27.283339307383894,-23.290329475928672,0.5400887564850104,90.73859122452251,-50.14040972845657,23.528015705886396,68.90207402854222,72.63567023760245,63.45525191713861,26.850080252527896,22.987926949401388
1653511506.7284265,27.303016567305402,-23.311161095988655,0.5578997075911486,97.47932973525221,-56.908890011029676,25.451882591532325,77.80438495415491,81.68985678724307,70.1763131679468,33.59772891504102,24.893982883941177
1653511506.8600075,27.321723058710184,-23.33822415955163,0.5781777865725681,95.6583926826822,-55.278007419695975,23.77951878946614,75.43242121263839,78.9199112666344,68.33666962397203,31.939783260144345,23.201341002893574
1653511506.9932492,27.348002854944532,-23.35871302820863,0.5988291889327446,95.0916208845206,-54.74898080173677,23.236395707347416,74.66288699635784,78.01926757222571,67.74361802957606,31.39026777352814,22.637566518414673
1653511507.1270533,27.365346831449457,-23.372913730235993,0.6186077920797736,61.228021447106485,-21.97975037450044,11.18451040520612,33.891320957755944,35.50013991932563,33.86267461565703,1.3931633557355525,10.565902613126347
1653511507.2605336,27.387107253816755,-23.388966134185903,0.6406569847574608,38.85712459844524,-0.07408604893129667,2.5334551070627818,25.983551167534436,26.0524013481998,11.470017344628484,23.314880085254607,1.892798122305321
1653511507.3934114,27.403267202377034,-23.40767259060563,0.6573126108177418,36.37919235574876,2.948351558214666,-0.05951417945846904,27.842543728835732,27.851769817004225,8.97592515337173,26.356024148820296,0.7168267902762109
1653511507.5272343,27.41135524634209,-23.431809065209094,0.6715775004976112,68.56531344706846,-28.321128527712446,13.537317976645715,41.44337969318559,43.39448119741891,41.15395820072637,4.889319462503352,12.865740476148105
1653511507.6606297,27.41902567698824,-23.45713036778897,0.677295455721812,98.86728413199303,-58.13336305679848,26.255607283027118,79.41847864165804,83.43587229537641,71.44825845500479,34.67623268900951,25.578311827305306
1653511507.7935584,27.42413638171428,-23.481624034562223,0.6752947602780666,95.66227328662842,-55.431982947544675,23.315577753169567,75.34765267028696,78.67560725485642,68.23813690491414,31.950358912982452,22.6402829928915
1653511507.9265788,27.4317800243933,-23.504020466017646,0.6658034082827899,94.71208050035732,-54.65758693148774,22.37859942498318,74.14299384064867,77.25690290528935,67.28030047596401,31.153566465470096,21.712796016700388
1653511508.0600863,27.437561067275517,-23.52174311148085,0.656969955485853,77.93702395155137,-38.5754261672896,16.050739007259708,52.69543742246664,54.89788020283158,50.49946288427585,15.05368305580875,15.393769051773855
1653511508.1940558,27.437042054646383,-23.540776714343238,0.6501654998281471,40.9658379183362,-2.970115873083749,2.7794035560741754,24.620731202941908,24.71262955793421,13.528795863689815,20.57066084125949,2.1292380562460282
1653511508.3265998,27.431886685151518,-23.563936518027642,0.6435902535271638,36.51239697156934,2.2150626784530476,-0.03941116560913849,27.33152880162198,27.34006140396239,9.08051028641782,25.77899919648069,0.6830014191363023
1653511508.460593,27.421533238664914,-23.591027407358073,0.6386428277284132,46.160464297652915,-6.474582308155712,3.2901689831418137,25.379523834530733,25.517657044100954,18.738931058988,17.11644509920236,2.6515261554134004
1653511508.5931268,27.41120489491546,-23.61903139832845,0.6346750065270256,91.36895422065031,-50.63971754175213,23.22602686475832,69.43134147108887,73.01424763193384,63.95774932573485,27.020686143423678,22.591351858231295
1653511508.7269914,27.40875412426432,-23.647968023655494,0.6324198228780221,97.79612810253636,-57.288059074359694,25.051437971373453,78.01306391532637,81.74549889011227,70.38737397827204,33.6400910507042,24.419018148495432
1653511508.8601487,27.403628438482333,-23.663003759947685,0.6253721937253627,95.96601414123086,-55.808439574957916,23.455876781600544,75.72403698291183,79.09084470864113,68.56238570274853,32.14543581501023,22.830504587875183
1653511508.994226,27.398293281095718,-23.680784590156726,0.62245447844697,95.37049321962674,-55.36651270392347,22.926557231233343,74.99470201676372,78.24115496457115,67.97219993853102,31.685728113766743,22.304102752786374
1653511509.127462,27.39027216711303,-23.698828659481048,0.6185738464820109,61.785318450786065,-22.799281089899708,11.078464708912936,34.406807388741406,35.96161441787502,34.39504628367304,0.8995475695813404,10.459890862430925
1653511509.260387,27.375396205887586,-23.716542205183345,0.6150731943206108,39.7818000734012,-1.237251497813135,2.6371555133516322,25.675618154784853,25.755119579129417,12.406403867513614,22.47929070737021,2.0220823190310213
1653511509.393524,27.361337872166878,-23.741723113316176,0.60964586016418,37.167044853574396,1.8439310676859777,0.014959668583237828,27.400320970292615,27.40677363247112,9.805706981407518,25.585654181002155,0.5946861915809422
1653511509.5275545,27.347358107369402,-23.767537044962882,0.6024623572545758,68.66188859793405,-28.849605821499487,13.20983147200723,41.62592764978631,43.4932593478675,41.31453049056465,5.082068776536605,12.607369114752654
1653511509.6615682,27.335575617656847,-23.78847020387399,0.5970535125287808,99.12003869223608,-58.86953988019089,25.915285446345784,79.89800115484887,83.81350402408184,71.78446307457924,35.0810696763169,25.318231933817003
1653511509.793136,27.328047336348877,-23.805597869643634,0.5974232238989052,95.7542792287687,-56.118576142058956,22.935269456503413,75.6721730613625,78.90029879626742,68.42623189241982,32.31297827241532,22.33784623260451
1653511509.9265578,27.32170503492553,-23.81976725993226,0.5999940160980058,94.74490776044459,-55.33231073289072,22.049507920537245,74.42397907866481,77.45327823041623,67.42320272551906,31.51254347295846,21.44951390443924
1653511510.0606308,27.315398795291706,-23.826208223004773,0.6031146454212367,78.03129259152703,-39.28352085313841,16.076900409079396,53.01915123138723,55.23104600816736,50.71589379623533,15.45731263013364,15.47378576365816
1653511510.1932442,27.308095286789076,-23.83898810963167,0.6028408157498039,40.82090460569182,-3.331605879616582,3.3911229772291236,24.55908674232337,24.71686183618356,13.512809318902747,20.50738223001509,2.78828216147932
1653511510.327325,27.298392296371855,-23.854041577413497,0.6004867823465455,37.0277965942556,1.0146897334351743,0.5273002454265225,26.704215116772552,26.70431540541809,9.729404297883743,24.86873131084867,0.07318653692002297
1653511510.4602551,27.29008876108497,-23.869968892209005,0.5977526743947607,46.523337015533876,-7.728354546673625,3.5655500056944813,25.1091527554646,25.283935079352762,19.233248254448906,16.14161434553538,2.9677973312997206
1653511510.5935628,27.284065725911283,-23.882895846072664,0.5983900700288761,91.8167203911192,-51.94875007306878,23.369164062431565,70.37155456311861,73.96393607592191,64.53265466520793,28.065854226996116,22.770773992402688
1653511510.727116,27.27584453597222,-23.90343761512089,0.6010257994301377,97.72181761686986,-58.12117541049133,24.773368242965052,78.31659277028895,81.96213053816254,70.44597308089763,34.21773779537044,24.172342443534916
1653511510.8602815,27.26479535805079,-23.935086541554554,0.6071852641912453,95.35817960960605,-56.17313810940505,22.683960862749874,75.33923909704254,78.5072287662127,68.09338425155526,32.2380515678505,22.07677559855863
1653511510.9936018,27.25289477171925,-23.968981346567762,0.6152540484083223,94.4061159733007,-55.37354628705282,21.84982279840537,74.13367532268767,77.11490599649346,67.15322120158145,31.404564940485056,21.23456874999705
1653511511.1277568,27.24283902414787,-24.002042233035553,0.6246015001232577,58.9937511762032,-21.039638332836248,9.616176070036568,31.888810880235887,33.13223011814572,31.750912152055328,2.9624039001993054,8.991574569913311
1653511511.2622721,27.24068243110997,-24.033948398139138,0.6278262034114767,38.09066061825716,-0.42120912900522955,1.6617119317803304,25.986217163213045,26.006776081494476,10.84997818714719,23.612739269133908,1.0338857283688538
1653511511.3937383,27.2465463018416,-24.0573783569104,0.6246504919400916,36.348168570903646,1.9952274216904766,-0.509009954758441,27.59669900158122,27.619974326423307,9.101622269062045,26.052605778600878,1.1336604466985327
1653511511.527114,27.260212508381134,-24.073423677437106,0.6153017329205271,68.50440552009562,-29.15979454608756,13.113721966477033,41.55664358199557,43.39545061565312,41.244193011714486,5.086370868650455,12.498420233556507
1653511511.6603107,27.28100711752408,-24.08030398608524,0.6029721929037634,99.36489193017948,-59.43632590620183,26.09186950620223,80.28782433034249,84.2366821636976,72.0838848126554,35.35602192011659,25.488897313298466
1653511511.7938566,27.30735209061669,-24.08232611759879,0.5910605036666797,96.00173465934473,-56.6368823894008,23.015533145204955,76.0178750725952,79.25638336313227,68.69438256872805,32.554556271802014,22.424472641538276
1653511511.9277902,27.33735703758175,-24.085345356635816,0.5783789580018289,95.03013866349275,-55.85323255064315,22.130078906463215,74.77640898722302,77.82022302520701,67.692781625911,31.767887194007333,21.551699948461387
1653511512.0597496,27.36408385582429,-24.0885133649462,0.5666680211775393,78.436626261024,-39.90298184206313,16.14152057893919,53.4649604969895,55.68732381018738,51.07254240519971,15.814468477116929,15.57485255776165
1653511512.1957803,27.389235900143053,-24.09357255491397,0.5554073335790992,41.853520532070974,-4.568184197256571,3.528019136772656,24.299306994866527,24.480456314441017,14.46428463192792,19.5253883576574,2.9726118031935567
1653511512.3293953,27.41234673883163,-24.103851739759982,0.5469178147532806,37.158290799084995,0.7696868145424487,0.2733565419330799,26.71472151900441,26.71612212893077,9.745944060253365,24.87353855430243,0.2735612728202007
1653511512.4601634,27.4348561946157,-24.115261782430665,0.5450484277327954,47.329230077920684,-8.510355279056252,3.534196577081885,25.28436709090786,25.460444337178043,19.894373883304983,15.604906503374412,2.9891481493490897
1653511512.5944202,27.458091960578273,-24.12802603914039,0.5468702071237334,94.00179743068196,-53.97702468318788,23.90211009478106,72.93166293006253,76.57998882184742,66.54370547010369,29.848998644047487,23.35523988765733
1653511512.7267478,27.48383101138204,-24.14229270740389,0.5524410611698375,98.03066449296618,-58.24260003490949,24.40592362013897,78.35615275208893,81.90650343104471,70.54683348158414,34.100307327505604,23.853482558969134
1653511512.859872,27.51044445375883,-24.156862207026098,0.561531262726557,95.79064754606755,-56.313479481769974,22.42941673546695,75.47340040624432,78.57759594140158,68.28020309230871,32.15661727474388,21.867885472740394
1653511512.9934063,27.534142883227503,-24.16837120030275,0.5722064156971579,94.88588395091726,-55.506030863497465,21.613405371278724,74.28530095527209,77.20775862245785,67.35174106768976,31.337659663194714,21.041198955581567
1653511513.1271865,27.5640400849697,-24.179482451270694,0.585195414410007,58.82355461896186,-20.651176352781803,9.179186975564024,31.45800681584103,32.61077864416438,31.259514533992157,3.5283060984888905,8.593991561154017
1653511513.2598808,27.598756760609117,-24.188102647703367,0.5962335761608663,38.0972863235187,-0.2756188549051162,1.3309259634790473,26.11562758434355,26.125959829795896,10.498529562909585,23.912483792798252,0.7346923873181811
1653511513.3935215,27.633286743071206,-24.191531406929972,0.6022824031926026,36.39569043250384,2.1345673873379534,-0.8341811755844635,27.74604829776914,27.783207585793452,8.762403689432634,26.326098794267924,1.436463578777066
1653511513.5264552,27.67291503221631,-24.18829621359054,0.5988677883747193,65.90304898692689,-26.344615189954098,11.57852966930187,38.29089779207247,39.83397831929953,38.23013395471058,2.1563189763635577,10.979661880927152
1653511513.6599858,27.710521343792784,-24.183743176032376,0.594133131981823,99.90228680864313,-59.63260350591856,26.040923124482298,80.4255724233265,84.35527144489643,72.19176546485033,35.44886032988619,25.446789992500474
1653511513.7954764,27.741083200497037,-24.179443244772273,0.5905619579903698,96.41593294661162,-56.65178717647858,22.887728531965738,75.9650453042084,79.16976534825679,68.67484974611457,32.472343931706305,22.297166573975367
1653511513.9269817,27.768680298433875,-24.178635842328827,0.5903934894064427,95.48469950272133,-55.84309615572087,22.054902997009947,74.75357719744125,77.77417612688551,67.71601920428745,31.664460313392045,21.464509507603506
1653511514.059982,27.798810262834774,-24.18210615282501,0.5926476728198036,79.51889886955082,-40.43237073181545,16.173504458013397,54.21290127242546,56.40746194019426,51.72008860671605,16.250264578990443,15.580856785193594
1653511514.1952758,27.82510574451925,-24.18629064814839,0.5970123984252952,41.50750024606311,-3.623170307879363,2.828374142678147,24.699186979013366,24.799774447723884,13.682394501543861,20.563120340269027,2.2313617442528515
1653511514.3265395,27.852648598965903,-24.1838296880632,0.6021744959968109,37.6296079679569,0.9404474974276622,-0.04794998558417429,26.959566736063795,26.967404406761666,9.776959368990997,25.12427718549086,0.6501244815809852
1653511514.4600306,27.88593843441143,-24.175019488016673,0.6128694858452765,47.44860985133981,-7.951790626480912,3.1675739977280575,25.41439095592246,25.542470178185734,19.56267141692838,16.22322886153576,2.554704511882781
1653511514.5931728,27.925667541969993,-24.16092734765272,0.6221544037097116,93.77881693045347,-52.99382250101462,23.552981735101532,71.88861611762103,75.4572459702101,65.85314938848347,28.8328951533619,22.93082733139182
1653511514.7267878,27.96435380246338,-24.1416502013108,0.631716090939436,98.2031284445068,-57.65094644051731,24.112070922062838,77.82260852517513,81.28767102493539,70.23877464204342,33.509296239206506,23.480354831123403
1653511514.8601797,28.0042182200495,-24.121594262118204,0.6376468813999734,96.10706395936167,-55.850187036124396,22.205039964029027,75.13122651209196,78.16555278120858,68.10284573931217,31.72859277400619,21.567393082629053
1653511515.0020409,28.042512026798434,-24.101947060034043,0.6393362004899917,95.23026274429938,-55.07229326399265,21.406418404257465,73.98213426544346,76.84157659579961,67.18775071750095,30.970346203958606,20.767082203767472
1653511515.1264515,28.07812061583148,-24.08210254660145,0.6407288477757426,62.003812623917106,-22.86801587072742,9.922072606436489,33.94740910119681,35.193322188313665,33.925692008085626,1.2140866758740323,9.281343758660746
1653511515.2601728,28.107975153594303,-24.063422666911297,0.6390848124935139,38.937468020549815,-0.19006076283188955,1.3609978358388441,26.21479209069929,26.224730366046963,10.829492866955512,23.873361904079406,0.7219130233453303
1653511515.3935082,28.136412625620846,-24.045977306602314,0.6400161863907777,37.05475705427773,2.477018740668564,-0.8416644555186057,27.98224770585276,28.02144828870041,8.918344428656884,26.52299604727088,1.4816806419093833
1653511515.5274084,28.15565689630421,-24.03512927431032,0.6416931284153939,67.74021051338809,-27.176062619576935,12.163531602307112,39.70897061550698,41.3467666107236,39.584553617083884,3.140933345266614,11.521838473891718
1653511515.6600041,28.17712895717001,-24.02474960474509,0.6461211579703162,100.29972598984627,-59.03416011954423,26.000384803712855,80.17061698235538,84.08428219560034,72.12259703267625,35.00941051479914,25.354263645742538
1653511515.7930877,28.192666593226715,-24.01939653534399,0.6498860010974008,96.87008549757059,-56.00258738399492,22.880959135229503,75.75956945643208,78.9539927864265,68.67741890434387,31.98319084865093,22.231073134132103
1653511515.9264557,28.206414778304016,-24.01274633738855,0.6500194355402614,95.89395586445245,-55.11926988360679,21.985042909454325,74.4930803861705,77.48807812852843,67.68754108614843,31.10652354621824,21.335023473914063
1653511516.0597434,28.224160191866414,-24.00372882833514,0.6463590526784082,81.20250853385951,-40.940129562763325,16.65197908623841,55.61966435427943,57.876825548239935,52.9783483419931,16.936400734428183,16.00562003356
1653511516.1934824,28.24643678620651,-23.992000536165108,0.6407521298450594,41.77510734497309,-2.8071211894631247,3.1570454210525725,25.136110280271247,25.26174522770218,13.528670558766578,21.184879346701983,2.5162932912075133
1653511516.3283095,28.272898325320654,-23.982604317835992,0.633709706119893,37.84402936051046,1.726063306095118,0.3509790176432688,27.43250153176952,27.433958462692612,9.571131035189808,25.70866762393111,0.2827306884766242
1653511516.4600294,28.29276424961756,-23.980204758824513,0.629984085510275,46.948161381713,-6.55285549332665,3.283591557453443,25.529127375957128,25.666670551378424,18.65539713209544,17.427349265497863,2.653607471943168
1653511516.5931633,28.303092568072476,-23.98851216801196,0.6271145743469888,94.88949419305357,-53.20731358122595,24.232672481426295,72.71511010366497,76.4507004643685,66.5864016249811,29.218801413213985,23.605557907079305
1653511516.7264838,28.311155140808562,-24.00455682054232,0.6215110482494297,99.15205854636363,-57.652039756360814,24.86765016829954,78.42567630075868,82.08813535134176,70.84090340555507,33.647482935818495,24.24613912005011
1653511516.8616655,28.31689753906671,-24.023331205284883,0.616918159412009,96.84501324820354,-55.67022265196609,22.718292363007887,75.4826362873136,78.65175854722033,68.52811570913684,31.64689144668121,22.101374203595878
1653511516.993557,28.323611224882736,-24.04302327882452,0.6099118250345915,95.98845244485805,-54.91486981905537,21.864638982763147,74.37473795670164,77.3522144006073,67.66484121997532,30.871846540230848,21.254727157728556
1653511517.1270785,28.33380263320829,-24.060892638767353,0.6050143597550725,63.53118569605232,-23.48358227291376,10.763033438514798,35.20211729045714,36.63842809586061,35.197383062844025,0.5773103658535916,10.158019078759725
1653511517.2600114,28.342364952344905,-24.083171599611873,0.6035996388065038,39.28131830151583,0.332428006825231,1.8913404697235974,26.75410631131583,26.785079446677035,10.938953349170927,24.415599606437105,1.2877408309170937
1653511517.3930645,28.356884677791932,-24.105440680931157,0.6045878269384178,37.46963828293829,2.8774201054727726,-0.33770969803482576,28.480116827122792,28.495701063706672,9.11275360514636,26.98286078640393,0.9422975249732436
1653511517.5264413,28.37174022499654,-24.127649862391287,0.6044720406143617,67.78909301249641,-26.35147453559912,12.272566123732242,39.48003415590457,41.16816144162721,39.417352787499865,2.223824673207833,11.66809408311788
1653511517.6620853,28.391657022559166,-24.146630412983537,0.6031823348063335,100.8591456088079,-58.652714034870584,26.081983861581822,80.26335844530027,84.21030837231017,72.46748858624875,34.50608362188704,25.478801526775488
1653511517.7936041,28.420162414305793,-24.157828730615613,0.5962776420621124,97.46297647234312,-55.78462314953084,22.975450993432535,75.94184813572187,79.17064922153747,69.04281405803732,31.626794418915225,22.379173351370422
1653511517.9266224,28.456538176486884,-24.163271153170804,0.5900568197627927,96.47424719944757,-54.970027791614015,22.05947301090436,74.66903638933887,77.69427795469151,68.01770902296069,30.80675663844321,21.469416191141566
1653511518.0599718,28.49424983080698,-24.167046960574883,0.5817578960479763,80.74330705943382,-39.833104678724645,16.425057507276016,54.54712958267119,56.801403928775045,52.24905722862684,15.666057718149762,15.843299611228039
1653511518.1944418,28.53395601128585,-24.171011539361988,0.5759563281280071,43.77695079251879,-4.09070002569883,3.8697425158093495,25.210470054849193,25.424728667905352,15.242994781232941,20.08031151366316,3.2937861876813423
1653511518.3265526,28.56701846387699,-24.18173951778832,0.5713031940698078,38.57435458215363,1.6571747483243695,0.5092771347455773,27.70913688002003,27.709206301655797,10.00733611827664,25.83891426611269,0.06202605932423044
1653511518.4604492,28.59691416232697,-24.19880312059723,0.5633077656556614,50.331290770725566,-9.212992802563928,4.438804333117293,26.399955254579076,26.682899225687304,21.734376608398595,14.985810318033302,3.8754965674616315
1653511518.593341,28.615227209174297,-24.223017136069704,0.5552043111462263,93.31141939991628,-50.97416238276181,22.898417101711456,70.0087212852159,73.48768749794431,64.69619219074198,26.751145246692108,22.34321279056523
1653511518.7270277,28.629918881854465,-24.256521126267103,0.5489727544282064,99.4919206491327,-57.346118588777514,24.29787377579865,78.20706332996221,81.7334390223461,70.86200176727823,33.08959746251041,23.748901021370443
1653511518.8599467,28.648552865933834,-24.29692942290619,0.5433722281929629,97.14025361926977,-55.37429402483525,22.172289603673384,75.21247012753771,78.26062694306194,68.49170075333593,31.077364601929062,21.62891737548042
1653511518.993259,28.66139168241179,-24.334816957472565,0.5434695492984613,96.25891533167412,-54.61456508661126,21.353318263539926,74.0694832591443,76.9372351581877,67.59752364926233,30.279748129138692,20.809848714241465
1653511519.126349,28.682368664317888,-24.372178694027358,0.5430616395265473,62.02926461676464,-21.504202597184182,9.797616650792607,33.46999785711636,34.72589156540007,33.34689595244676,2.867976096843176,9.25455501126606
1653511519.2619917,28.707648076427333,-24.40405952642326,0.5443220692118858,39.9020115620352,0.2104170643997635,1.7300065201656625,27.040455463769195,27.066438245645084,11.194363485607866,24.614476590823024,1.1856844509537767
1653511519.3953283,28.73320219575069,-24.43108229477614,0.5479590782482994,38.18559787726216,2.5793099500088355,-0.2772019516630393,28.61658738104523,28.628481693276736,9.452395681511472,27.010392244784974,0.8251610299113387
1653511519.5275922,28.760624990048996,-24.459736739300816,0.5515932622383356,68.20608785801868,-26.3514465767743,12.062110363781011,39.49079775058449,41.134111281544364,39.44546286796968,1.8917098374734849,11.510517101542675
1653511519.6599832,28.78149070679103,-24.488558177515255,0.5554564897584059,101.30787651100506,-58.681947400843214,25.69192325248045,80.18269454439468,84.03039013186319,72.52638580421403,34.193389223327955,25.136466762722044
1653511519.7946765,28.804948891265532,-24.525800295488935,0.5566267158762289,97.82614154529776,-55.828153600203734,22.525115113271465,75.78761348530657,78.90739407853177,69.02119265403223,31.3023533047148,21.968488397395237
1653511519.9264615,28.82230323657556,-24.56302435050682,0.5574587718717156,96.91423742641427,-55.08127975600366,21.680449019042616,74.61819761096125,77.55034578704688,68.09193418983871,30.51825540549684,21.1229902471709
1653511520.0610654,28.84177385154567,-24.608183130480015,0.5524700760073242,81.73885270963572,-40.44198239124938,16.239616465979292,55.21603164615634,57.401190864038256,52.897078858090055,15.833799260769368,15.687146389971968
1653511520.1966467,28.8504524554069,-24.648147858960336,0.54499318721618,42.12046594330462,-2.019472141005629,2.832758400152496,26.23261753461405,26.332187383255157,13.270013487897725,22.628675717954707,2.287765212936316
1653511520.3269868,28.86359849448942,-24.688510749649556,0.5361945049022586,39.07202572959927,1.6242512653000296,0.39844041534202024,28.22363249955445,28.223968673081693,10.208427235109848,26.312762014949584,0.13775408956023838
1653511520.461887,28.87257392532647,-24.730601665083856,0.5292974251731043,49.3115258052846,-7.789558436974939,3.768884729387004,26.54712224720222,26.74405776073487,20.438951879958132,16.941043228108917,3.2395873042138996
1653511520.5931225,28.885854398266037,-24.767322739077255,0.5283513408491901,93.88849676533485,-51.14440264798036,22.777167837986294,70.15050861698516,73.59418247894999,65.00264236706882,26.377079908903102,22.248816497137103
1653511520.7269964,28.910996150142036,-24.810922097903013,0.5291464344463516,99.72449714541635,-57.178755699554955,23.99746020582728,77.86031450791825,81.3202946781671,70.81350099527431,32.36783360165194,23.46831377138093
1653511520.8599694,28.931794320325405,-24.844086212703818,0.5315601240261612,97.47341874265106,-55.29216739379572,21.958059871879705,75.00026617327109,78.00086420999628,68.54162442232565,30.448081181091904,21.426499747853544
1653511520.993691,28.955952205749952,-24.880542151403088,0.5348440311853133,96.58678919233732,-54.548130982608406,21.142410581194973,73.85185128731582,76.67312265505358,67.63083698658737,29.667588831205318,20.60756655000966
1653511521.1277447,28.98054812915913,-24.91771732100216,0.5376693850599772,62.04738529406524,-21.175926024575624,9.597499803581966,33.27787135915442,34.489088845732155,33.06683716490612,3.7417912964265376,9.059830418521988
1653511521.2601085,29.005402193993163,-24.955146965878143,0.5407978468039035,40.622756200196356,-0.18225195184432152,1.8246540457187082,27.361638135933806,27.391741971281768,11.617354006203193,24.77289501403382,1.2838561989148047
1653511521.3935623,29.02610619200417,-24.99645719650315,0.5429199191208691,38.86236447421419,2.2068436849028106,-0.25590390130947727,28.927003920880704,28.938031642368742,9.836258282210018,27.203300881405962,0.7988238204303464
1653511521.5273488,29.04522443490521,-25.045377517967452,0.5465113349300427,68.9385889831135,-26.811461824779776,12.191367217803862,39.93243780130398,41.59569998555034,39.8933645482083,1.7660843068123242,11.644855882873818
1653511521.660922,29.05696704906895,-25.098785897254565,0.549591741444174,101.72149730894184,-58.86160207648644,25.814249208972786,80.1252876078494,84.01407400663376,72.66453025987289,33.762816179231876,25.26465746752861
1653511521.7929678,29.0763460721312,-25.172843324242645,0.5537452881930867,98.36579627414464,-56.12839725210839,22.809280062673448,75.88988225236817,79.08592198600462,69.28945020201344,30.955553927865747,22.25553477448036
1653511521.926493,29.078010705150373,-25.230419301284773,0.5562323228779775,97.3411904215903,-55.279847060612326,21.82597580585311,74.58438049392124,77.55792545893412,68.26317971643992,30.049427759327553,21.26974348297513
1653511522.0599658,29.0943546231546,-25.31202069450818,0.5643436628135617,79.79618541769966,-38.396356223270686,15.6957608558074,52.362920871050676,54.50536917053533,50.70183079454506,13.084335528762505,15.131417192993839
1653511522.1932783,29.113513747426243,-25.39505546717236,0.5755092213135606,44.731683286501614,-4.537884139901273,4.005561030295912,26.056646283173915,26.281439666402296,15.618169539075371,20.857171327271086,3.430051808982351
1653511522.3269525,29.132462875349628,-25.476768637978303,0.5933221525469721,39.78149790984597,0.9282549189228175,1.010124902436592,28.471515874755134,28.474566559277932,10.64903503449634,26.40502355690112,0.41680274988961985
1653511522.4598913,29.15275896664287,-25.565367453163923,0.6144002331261054,48.5662332342514,-7.013134399394144,3.7169104761665537,26.852715587450117,27.031350395950575,19.413474267608528,18.55223305376978,3.1025102430404483
1653511522.5929303,29.172962377715777,-25.659626142483226,0.6407733473255692,94.01034544415677,-51.08818092520338,22.99366618721304,69.64551415017488,73.14471586897923,64.83738306644099,25.428554782720155,22.35289283988747
1653511522.7266707,29.195913054181325,-25.76633811583738,0.6675022445487678,100.79707208159112,-57.95258729328367,24.660710540179313,78.50274269209383,82.087481716146,71.6011590274098,32.186249177446285,23.993208295630545
1653511522.861307,29.216191060784688,-25.866161167073546,0.6863652898084881,98.49287889591841,-55.9615984335393,22.50539103559598,75.53141612379805,78.61974755849626,69.27668783513371,30.095437266465755,21.819025745787492
1653511522.9941318,29.248588711539014,-25.988850938678496,0.701243492587528,97.64970442303562,-55.17087013122024,21.65300305239564,74.36600617709291,77.26110990261164,68.4011157114966,29.182019192541745,20.95175955980811
1653511523.132091,29.281046425218474,-26.103401835781973,0.7124940787209081,62.21763650658029,-20.886988089385262,9.78807671632893,33.34711289693994,34.560036729918416,32.936590081361814,5.216413746396711,9.075582637608022
1653511523.2597501,29.315164227064017,-26.210222834410782,0.7194571807639906,41.48539916002024,-0.5415101908553372,2.3434357629192997,28.407700137476304,28.454081140252455,12.170234932956227,25.668712643555445,1.623978582155309
1653511523.3938375,29.35792877903527,-26.331930636709387,0.7348233023566845,39.75483906865205,1.8357638156566174,0.4724745606200207,30.025235291870565,30.026381420252434,10.396910289616784,28.167694452366003,0.2623487417366638
1653511523.5263417,29.396606809988228,-26.43394602952041,0.7543612985428002,69.56361805885031,-26.709927543159797,12.598984441807591,40.16795935147918,41.87791847582742,40.16701124886208,0.27598151363938683,11.84462314326479
1653511523.6598585,29.454529848757947,-26.56538811393941,0.7876646257301422,103.09761639246128,-59.20978809788222,26.243989353916486,80.55408770506325,84.48068131035578,73.64308654370333,32.644399983942805,25.456324728186345
1653511523.795342,29.512812834956037,-26.692082617258798,0.8230511521357929,99.73320391079403,-56.32161859096299,23.191651928931222,76.2155674705677,79.43026517375044,70.220391075838,29.629535973704193,22.36860077679543
1653511523.9264357,29.57588565321137,-26.820634585556082,0.8643277034628842,98.88952111369017,-55.5659016677511,22.34088262393496,75.03779341355174,78.05070692586276,69.31363546047879,28.745267082195017,21.476554920472076
1653511524.0596573,29.646979595120506,-26.954315500185892,0.9003703646525161,82.61596295295243,-39.792482306489745,16.582943995749087,54.50258457090597,56.713973944730085,52.968983357831924,12.838166806303853,15.68257363109657
1653511524.193041,29.722298867787426,-27.093731000916524,0.9326369708094681,47.07024526474077,-5.272946254192647,4.65289821211956,27.876475587032587,28.123624141600565,17.347946396953343,21.820784746723877,3.7202612413100917
1653511524.3281238,29.790367290427877,-27.222523104716572,0.965255119465001,42.26372880446132,0.08636283433282266,1.6609243494943542,30.022658088380194,30.030716847411256,12.473361514033446,27.308885939049397,0.6956692300293532
1653511524.4627295,29.870945674754843,-27.36331870209365,0.9984885402231609,52.38710677487638,-9.15718443920589,4.943027497958081,28.955842855716043,29.22328220912241,22.516161100121536,18.20613426288776,3.94453895773492
1653511524.5930488,29.95482572991717,-27.510937607102115,1.0302018600820606,94.67052354154718,-50.10601973864607,22.800876667574197,68.54676709938573,71.92093965842635,64.71569781163001,22.595082131543954,21.770674807492135
1653511524.7273288,30.03707390963644,-27.654203834803532,1.0627233465827879,102.3843005399921,-57.79776871004905,24.787864182336588,78.37573415600123,81.88796011727567,72.34722663035566,30.143564875245517,23.7251408357538
1653511524.8615668,30.121842930084995,-27.79488588792514,1.0954616691855508,100.27788699500184,-55.91281143710361,22.743054229268743,75.58100459789945,78.62001348050677,70.15604406491684,28.117925549178473,21.647592560083194
1653511524.993162,30.21561804983785,-27.94121319282648,1.1371553046684924,99.59554249445773,-55.23713422829023,21.948473797104516,74.55629565043743,77.40640928572418,69.37992444461989,27.29592103546375,20.811318492436023
1653511525.1270807,30.313155060743576,-28.0953852392883,1.1829538747396038,65.65793476499803,-22.255994001434296,10.718170588089968,35.82390183063542,37.07117883398855,35.34477970425446,5.839391237854006,9.535216713350366
1653511525.2611516,30.412180878281752,-28.253031146291896,1.2289628772833094,44.29741038330513,-1.19041155454844,3.0780739008227216,30.416853512067753,30.47300755015762,13.885229505023375,27.062619591743456,1.8491110235394121
1653511525.3929448,30.508842092823844,-28.40778557237872,1.2834046450931333,42.7053196983041,1.0640449251976203,1.1878753684440948,31.89581255994041,31.895955616685157,12.196477605480258,29.47183049757634,0.09552927664903854
1653511525.5265214,30.619849952953203,-28.578244399264765,1.341643377730077,72.4087710650483,-27.42180840002364,13.34120258139898,41.80491923127287,43.49299590756658,41.788921112095096,1.1564359992411255,11.999559203668902
1653511525.6616898,30.73326944852267,-28.753938924043716,1.4085624028926742,105.27739943810847,-59.392000025078154,26.77844070742449,80.5947771504766,84.49348394475007,74.5441299895858,30.638061101034438,25.369878304531817
1653511525.793823,30.823502964262055,-28.907442957825754,1.4740469147147275,102.3177892595275,-56.86111183392377,23.924921605883235,76.76483945468728,79.98051231957984,71.49428629526545,27.953668876098018,22.450874691168508
1653511525.9275968,30.94610993158812,-29.11090026506789,1.5580564873999518,101.4349901329264,-56.038039581615664,23.01534465875764,75.45696166565013,78.4485071845225,70.48888020133828,26.927139316547773,21.45728817135769
1653511526.060337,31.051657573975803,-29.300474665295926,1.6421203430961617,85.17740294986591,-40.27866651127955,17.321249144860616,55.22786442279758,57.41038310867844,54.125745375890105,10.978191845983627,15.679128801764454
1653511526.1928449,31.136639636781013,-29.469849291272002,1.7166704843530132,48.875753991045244,-5.0811120033564805,5.24152948805655,30.157696937475585,30.362992533158092,17.73911435426423,24.38873728791552,3.5248590037035363
1653511526.3263168,31.245223823960163,-29.664685656094584,1.7945155202219023,44.457801049903615,-0.0884806041735291,2.3887005882676315,32.393272484032856,32.39872155070148,13.212577225943452,29.576205051921054,0.5941850680457292
1653511526.4626992,31.359384929743605,-29.859609767588292,1.8679821171447264,54.43880304734088,-9.183484511741696,5.602584640236922,30.986476021682993,31.21071854744491,23.079418117597278,20.676125255846596,3.734602523092196
1653511526.5933225,31.478979907681826,-30.048853996870587,1.9331511828456687,97.82744829444808,-51.27913192670099,24.040829238742678,69.66235682380811,73.08620517765821,66.34846838676626,21.230277929830404,22.107678055897008
1653511526.7270787,31.6029378401526,-30.23115122201984,1.995849499664443,105.4410143821737,-58.92157649277205,25.998649511212577,79.21617290454004,82.77280023073014,73.8380765420211,28.690425270752208,24.002800011548132
1653511526.8632116,31.731066716732595,-30.429882506354105,2.0706579361876503,103.37193410671956,-57.103816160747726,23.97288696794766,76.44548787854447,79.52119373820014,71.64086738998697,26.673933654393622,21.902229031760008
1653511526.9938114,31.85376842167385,-30.625518234947613,2.146144469994859,102.73525975158114,-56.488035215869424,23.25702581746597,75.45233990897958,78.35001537336923,70.88149132990729,25.86251698092181,21.11088134747111
1653511527.1266274,31.98733924951467,-30.83802983459433,2.227637764995386,69.90836187044079,-24.670728510568278,12.35301253068829,38.41926030310999,39.73113107355307,37.92102262092612,6.167301324026052,10.125374765692904
1653511527.2599301,32.135059446352756,-31.060703217995393,2.3152703445132343,47.03325859611393,-2.188783065888875,4.195520852050901,32.489138356927214,32.54350093561931,14.898199149761176,28.87192015210652,1.8802505075376668
1653511527.3932927,32.287767215067596,-31.29006369212304,2.404213419287717,45.29307715064776,0.3202325780150761,2.0634654861666966,34.18111930300715,34.18281770071528,13.005309935580165,31.610296270138118,0.34074793312102036
1653511527.5262136,32.43534491529143,-31.51471883722405,2.488218560855394,77.75950558619668,-30.825180203715366,15.35973247844077,45.32940551175512,47.1214481375491,45.32416067090525,0.6895386335086826,12.871513917585377
1653511527.6600194,32.584852303695754,-31.74262175863879,2.5675668539567402,108.7835815004034,-60.85927582020348,27.907567869713517,81.57221263968519,85.41745445992038,76.19872919670765,29.116654061564688,25.340001015756776
1653511527.793481,32.74472494346786,-31.987039130479317,2.6523245895650938,105.69091079685991,-58.08762171579099,24.860326406619482,77.47506980861837,80.59517222859307,72.94618585339205,26.10058258531167,22.208001817054388
1653511527.9267173,32.89897999141003,-32.22449015774751,2.733432557706025,105.00636908402035,-57.32519235710881,24.023006783661092,76.3512986965783,79.26390593060987,72.10738909261032,25.1007021993613,21.289574225955068
1653511528.0613306,33.01176417616205,-32.41629888245818,2.7989623910920187,89.19381475733375,-41.901727328578524,18.414995822940636,56.9771547228519,59.078394193278626,56.1820505811717,9.485428446120345,15.616033431848617
1653511528.193411,33.184991480962985,-32.68349926700861,2.8886582442274493,52.50424727449322,-6.274263728319021,6.131036090512151,32.721267795637694,32.88152034580996,19.319255793530232,26.409235538689586,3.2423778462847013
1653511528.3264244,33.34272293165695,-32.927854270286616,2.9637236896393655,47.99621142986832,-1.0229726505301437,3.221056885818969,35.10906145623787,35.110004510278024,14.653488498211367,31.904881619756473,0.2573331961796037
1653511528.4601438,33.49133223295523,-33.165968140250065,3.030879332319107,56.625717656814565,-8.587950569301722,5.735652103708888,33.75320335401546,33.8614018079933,23.134385423859335,24.578017570948344,2.7047727713897807
1653511528.5935578,33.63375628852085,-33.396980366905154,3.0965799175256814,102.74825135945886,-53.09055986969116,25.07726571458487,71.86550286850616,75.15185327490138,69.114495070938,19.693579502786008,21.980685797059188
1653511528.7262425,33.800815225969615,-33.65737775753161,3.166449278911855,109.90623046360557,-60.15525920450144,26.981671548099598,80.58642534366851,84.0317604325976,76.10541523763595,26.497881446969828,23.815222269187743
1653511528.860382,33.975226088850484,-33.92828769299907,3.2380363181114293,107.77422505352457,-58.19377930520616,24.960348276462067,77.68594680745072,80.6657620566865,73.7989989646741,24.265491612207086,21.722311958350637
1653511528.993242,34.12560171889748,-34.171545761356796,3.3010317458512755,107.14644448489781,-57.44531035597402,24.18182490160194,76.64014350627613,79.43374043487971,73.02084276600033,23.273764594617226,20.880793155750663
1653511529.1269064,34.313681077867415,-34.462486601847026,3.3736625003951675,73.12070206739767,-24.306443234022282,12.691814127872304,40.11396384017639,41.18201117871289,38.80702098953026,10.156043367824743,9.318151627477135
1653511529.2612839,34.475221753115484,-34.715541818728326,3.429798116914111,51.62733831866194,-2.9785005185477136,4.7887076146078495,36.07540565492595,36.100990681564205,17.152116565546457,31.737041300180614,1.3589094976937384
1653511529.3928888,34.64473062935938,-34.964691642763185,3.479201692221224,50.16019712017974,-0.6790158136921951,2.823143529467629,37.632927968521294,37.63864609409892,15.515466490820359,34.28567582907099,0.6560581627535953
1653511529.5265594,34.80005411326513,-35.183589675925234,3.516241406816796,80.578944356975,-29.714902557901674,15.155050224744203,46.10437431242801,47.55076446746924,45.77889024370987,5.46868711802356,11.638808817927407
1653511529.6597316,34.979757513745255,-35.41290110629478,3.552981792912232,113.46254541165065,-61.52894139177694,28.493821570364542,82.71393810247783,86.39236682268336,78.4827878979054,26.116040285482157,24.94083977745231
1653511529.7941418,35.191763758589175,-35.66107695876447,3.593855401786494,110.4608950887519,-58.87948367221115,25.46018479509138,78.76888053989538,81.7476171068296,75.26913133016272,23.218406713446683,21.866329393304884
1653511529.9277966,35.42619309730997,-35.93468510378516,3.6468562786271783,109.7451248448345,-58.21505179447199,24.546086601452238,77.5868439618772,80.35232531825802,74.31893174752454,22.280366690686833,20.89923032282506
1653511530.059839,35.598597779979784,-36.151158263372984,3.6860133084943327,93.83746447238244,-42.83209096246025,18.916297320289246,58.62081929950468,60.56700427151005,58.23886669240265,6.680932699087265,15.230284011794913
1653511530.193027,35.78203834392181,-36.40883679288412,3.738262279567666,57.53881311919649,-7.7109181464163825,6.837575145328227,36.012883573261796,36.14600287031995,21.75677477527468,28.697918646467734,3.099312865760561
1653511530.3262575,35.99160548729025,-36.714339076758414,3.7951054175140224,52.914339752976375,-2.47055212314842,3.83898319182561,38.19706637886288,38.197091580516116,16.922734265686124,34.24378695360999,0.04387777431158746
1653511530.4602814,36.14942485189426,-36.974900701609606,3.8362345018431627,62.555389044539055,-11.137914669938093,6.766778886453531,36.94353518741849,37.05958556884034,26.405964192644795,25.836986031671515,2.9305443846103687
1653511530.5931497,36.325344293885706,-37.255202958099815,3.874131539377498,107.48473044104293,-54.524011309435195,25.59075360285124,73.22479073862473,76.37723255370763,71.15938614715722,17.26880835133538,21.716622063473743
1653511530.7264135,36.50650487979336,-37.529723869595514,3.907562180034605,114.21153180008717,-61.15595720349211,26.97848695601527,81.21742491750963,84.43066788940067,77.70502692029382,23.626233333896593,23.070924775980664
1653511530.8606389,36.713181248525565,-37.818335583076305,3.9362617462310863,112.32346898175213,-59.38317578068934,24.95628065136695,78.62542809962879,81.38672581337921,75.61028773322656,21.564840197613037,21.020018905135863
1653511530.9928408,36.903272637941974,-38.0783045277996,3.957012432597404,111.78007349355728,-58.7623321221443,24.20507491803723,77.68117084528969,80.27669860120906,74.8768008556153,20.6840275943447,20.248062485439824
1653511531.1262038,37.133217082865436,-38.36164890339881,3.9794088550887072,77.62379646293074,-25.595962393837127,12.865234389886858,42.45526787801221,43.37519643792574,40.490579380065306,12.765686509561682,8.885825534798151
1653511531.2604384,37.368152892271894,-38.642727538587984,3.9933072553753624,56.317347076124356,-4.575719102898164,5.214355205327959,38.98247072691403,39.00158948133772,18.949194183852462,34.06700843568982,1.221047949952597
1653511531.394021,37.59711999490185,-38.915540472862006,4.004835160485489,54.78135988266727,-2.263777586934992,3.2708786477696186,40.48023990994229,40.48689313011116,17.184239887765415,36.65176288592701,0.7339565127158703
1653511531.5261064,37.826082024443714,-39.18650874063076,4.018287625923659,84.17473335808772,-30.382625509704173,15.211002877222297,47.17738696018984,48.4869334469416,46.34865133364401,8.803883230926584,11.192715251298639
1653511531.6597617,38.0454242732562,-39.44888259204831,4.032560862193716,118.27650218166355,-63.40708515517923,29.12564421773954,83.73184180705057,87.41100711403178,80.23107790840734,23.958202563130925,25.093083355545826
1653511531.7929783,38.25102244225605,-39.706818948777475,4.0498904620896266,115.28542909883504,-60.794551908036894,26.047770714671316,79.8685938920438,82.84261600106036,77.034406656579,21.08773295925942,21.997880252581687
1653511531.9261758,38.51405735686452,-40.01764013580198,4.068344164152535,114.63680335637765,-60.18252686340174,25.213102985914038,78.74830230070565,81.53769644081063,76.12274599951314,20.164886727599757,21.144758821761503
1653511532.060019,38.744590014146695,-40.313122055779026,4.08512773453042,98.8912155659443,-44.94808139983428,19.70322296696237,60.32494851542931,62.313917483003024,60.1466255517976,4.634959344055254,15.618095232431951
1653511532.1941664,38.939939746891284,-40.58633914763783,4.096760731076825,62.91795162084973,-10.139754752266441,7.829805798868865,38.754864917480546,38.93424174490022,23.978011873958444,30.44658439537139,3.73304506779204
1653511532.3271694,39.18413651209472,-40.93684352275025,4.105846783436295,58.033685334082755,-4.689252309448224,4.761141291869356,40.855762868402806,40.86101773637,18.849548821988037,36.24759121330203,0.6552945084330606
1653511532.4600036,39.360752427085465,-41.24857459211184,4.108897056724194,67.01940254840963,-12.725377741256601,7.397258172307863,39.731268355370474,39.867116825184965,27.658650121324165,28.523196850855236,3.288361115583669
1653511532.5930183,39.52941938834614,-41.569641077941846,4.109535783047324,112.68764819413798,-56.74539635109338,26.566490296937996,74.71566094274465,78.01759286308526,73.15822880579184,15.175755273151537,22.456954513890672
1653511532.7262483,39.74138270444926,-41.94291438342773,4.1103513074267255,119.43696338830142,-63.42124102135947,27.88598104958067,82.5391064629493,85.89519582222323,79.69558068385217,21.478326637931744,23.775629742153946
1653511532.8595643,39.92823988540281,-42.287294402798565,4.108890786570446,117.70966765743223,-61.79709852815246,25.911830314919257,80.19091571534213,83.1020525338691,77.78142777202942,19.509804125353895,21.802939528348812
1653511532.9931953,40.12486333668184,-42.623529940740475,4.107956728602347,117.25720658689193,-61.22640469106664,25.126474235471335,79.3439684175461,82.0807127310132,77.13234325021008,18.602874750326166,21.01851750686899
1653511533.1262891,40.371421680107126,-43.00442038418303,4.108934852315758,84.04167661405486,-28.989011460225456,13.912312451453552,45.86417832363004,46.900203258120456,43.67025493394774,14.015408923957573,9.803377599137793
1653511533.2609205,40.566397022180006,-43.32551249798588,4.1132348367468365,62.06786097504768,-7.3273102754970765,5.945602289421956,41.93069896111518,41.970717004231524,21.501463952867674,35.99820222248881,1.8323674526751192
1653511533.3928607,40.82700915069144,-43.717188583954645,4.121514458971407,60.61224966667932,-5.052976391126202,4.021636070514358,43.432442330216155,43.43255717155085,19.78524051598788,38.664212192828444,0.0998783884570491
1653511533.5263128,41.02914103888779,-44.04505203214765,4.138005645746379,88.851337897342,-31.926079548472515,15.240014259456164,49.33388294497832,50.56764382179289,47.82219685845421,12.118972483675137,11.102008613709785
1653511533.6595929,41.250638036936586,-44.39731307191654,4.158585425658126,124.23123729149297,-66.09760700020324,29.508912948061447,85.77110591113606,89.43892728958929,82.98059925455638,21.700293928286698,25.35032752240332
1653511533.7949455,41.50322329183928,-44.79249332551276,4.179210582314399,121.58581880217682,-63.68334394121948,26.60183906364302,82.2805343970084,85.28106828991397,80.08259551033754,18.890850615706725,22.422628481328623
1653511533.9261966,41.70534839007128,-45.12769085505748,4.197418784159018,120.69991920350512,-62.75418902794107,25.336120796113708,80.9372328155422,83.65213911543147,78.99457081343384,17.626498172883586,21.138702011954692
1653511534.059953,41.925802788525935,-45.480365284856845,4.21001969352928,104.90378352685921,-47.29145391874969,19.614294141745187,63.00401653797711,64.85983172344538,62.97798073833328,1.8110886338928438,15.404274448215908
1653511534.192993,42.144640546888056,-45.83233839404744,4.223756291180481,69.38500369154372,-12.670712899862792,7.727149528881615,42.9153910580956,43.05815316345142,27.24036314465566,33.16162549418465,3.5033932377011334
1653511534.326926,42.363079056618126,-46.18864911078558,4.243548823145114,64.57779922078794,-7.209064790481309,4.797444609042898,44.86537401778886,44.86879301137617,22.21472016416981,38.979584320304276,0.553895785897784
1653511534.4595275,42.58161190291392,-46.53377853582838,4.258327600299723,74.68273215639324,-16.265905327975762,7.918538710907952,44.1205855588407,44.27214943312785,32.10112025347932,30.26787320785262,3.6602111106082287
1653511534.5938995,42.843385154736126,-46.914358247052554,4.2800992838733,122.40618424991371,-62.15786889037313,27.423053770939653,81.00989826306794,84.2508157763653,79.56279909517758,15.243510643320576,23.142954487066355
1653511534.7261024,43.07295674262484,-47.23633265814599,4.304576201162015,125.8921875593377,-65.54481034951911,27.51019166788023,84.818779456247,87.93591949616868,82.81923081671286,18.30847769137312,23.205615466718214
1653511534.8595676,43.330341443183286,-47.58090199516942,4.3358289486546635,124.03886801746782,-63.72009110680206,25.472319515386612,82.30637695205053,84.9770023032737,80.70852657428453,16.13918911163264,21.13649056673195
1653511534.9929333,43.59452446651859,-47.9179197010391,4.373166061746862,123.5735973930642,-63.016962856168945,24.654914880473996,81.39184977864906,83.88076385880206,79.97907292654561,15.099043155129849,20.281748818727134
1653511535.1276271,43.87137413253564,-48.25710133814504,4.413728651165029,90.07873002963788,-30.391264946091155,13.537001340248246,49.5409714174955,50.3740206212337,46.20735589710224,17.865836392053886,9.123272689083215
1653511535.2599075,44.15179945218787,-48.58574845949272,4.4487905420546605,68.51753955259035,-9.039298494207467,5.8234337567318395,46.45009144767286,46.47042757996562,24.365740100402476,39.546449965285255,1.374643214677179
1653511535.3938236,44.43837722921157,-48.914830376896795,4.479059137855247,67.06912517597551,-6.724316772720601,3.877401525457412,47.87682310694954,47.88060340781738,22.630747946763947,42.190513604176196,0.6016576123978346
1653511535.5269873,44.75459469771921,-49.265847392479785,4.508850947409871,97.69302563998087,-35.968479250498945,16.097841899561622,54.582941200818176,55.79966112281533,52.93843094226166,13.29736814198084,11.58899095215175
1653511535.659782,45.0140383543454,-49.56341654044725,4.540719301758279,130.67044290158682,-67.82177393474225,29.20959521419211,87.58074705492348,90.98868442549077,85.65640454724142,18.258357394295004,24.66887591243383
1653511535.7929869,45.3283027621386,-49.91852495741639,4.576110405548207,127.8720937273954,-65.18214573414774,26.155565288227066,83.94316854951255,86.67253555288114,82.54379096525679,15.26362077673135,21.57945488267886
1653511535.9283972,45.595802655152916,-50.236655556603644,4.6109581333801035,127.30337612102075,-64.4652976842362,25.29532052081293,82.93721612446627,85.47762669758136,81.70757346586782,14.228642127632561,20.684362387432827
1653511536.0601122,45.88180429393471,-50.57661724398604,4.644770174272116,111.85091671144296,-49.311681125992266,19.908754957757083,65.98123867082556,67.72380001156837,65.96911241750826,1.264936117993777,15.263984783484966
1653511536.192917,46.16828524756412,-50.92218794109271,4.678640849234928,77.9270479037416,-16.249609764802358,8.77892249747742,47.019216101955365,47.19765876012594,31.758762656177474,34.67257817629035,4.100281648242492
1653511536.3262146,46.44745938577432,-51.26256932245366,4.713584105384033,70.86798697126699,-8.568368108281268,5.110267862701267,49.18492639894917,49.18652602973061,24.420527585492664,42.69420121417239,0.39668375731723415
1653511536.4597006,46.7389215065616,-51.6079410678115,4.740856965944598,81.11923777727357,-17.713478306793018,8.217064096901225,48.27878159950032,48.403768125524735,34.380316270711965,33.89446276101849,3.4762071309566274
1653511536.5927706,47.015852273643745,-51.938849109175386,4.7692274923084055,126.29471182977332,-61.249778388637246,26.828426226040644,79.82374945194982,82.81569431781607,79.27885955612958,9.31092927946186,22.059198733732238
1653511536.7262323,47.36048133297061,-52.31256874589863,4.793465928570322,132.4447224501599,-67.3261128923286,27.91739619213197,86.39869555916228,89.43964861938395,85.0842411171893,15.013544146429965,23.123930263561647
1653511536.860652,47.67552364151515,-52.660326318273995,4.813331569481156,130.70852917140937,-65.712115917916,25.964826833088267,84.0525384451937,86.67303485494875,83.03300552989421,13.051789599642,21.15149526360711
1653511536.9936917,47.99230465581215,-53.003099205086485,4.826542975514586,130.29017993542644,-65.2162574770181,25.229855426822553,83.1991677272928,85.66444227040702,82.29787527961429,12.213158271931619,20.40331245130797
1653511537.1263952,48.29193979307129,-53.33386967713363,4.83618953141348,97.18962572586094,-33.11877282686722,14.251287754083418,52.91156612922533,53.74270094431343,48.89768593278964,20.215096850266406,9.415098222669936
1653511537.2610302,48.64047639957626,-53.71373372322611,4.852924511995501,74.75689926981914,-11.066131924768854,6.288166300832081,50.008854043030425,50.02944534661106,26.116422870242886,42.64760179845726,1.4352417888365805
1653511537.3929124,48.921081314383756,-54.04141159898477,4.872426141820222,73.38994492837874,-8.948824345975607,4.422733652252493,51.303671522908886,51.305642331674456,24.468863613994984,45.092587253009164,0.4496924895677292
1653511537.5261776,49.245686318096354,-54.41255645152103,4.895151363623517,101.88062328071531,-36.05477549688307,15.47269202810759,55.74445901286817,56.73913179760644,52.63493696261896,18.35778095463796,10.577540664484072
1653511537.6595347,49.54989874004689,-54.77576225673558,4.925586777436552,137.1033099076685,-70.07479055204581,29.32527737687473,88.88003191868975,92.16835126666648,87.55341116762159,15.29902829531023,24.39969059943818
1653511537.7929425,49.83521025147262,-55.11332518940953,4.952756000049903,134.22945362968446,-67.54767907781044,26.42247175019121,85.30534257596557,87.96561922930293,84.39424337821184,12.434353888400913,21.469715750141308
1653511537.9278147,50.18825515072977,-55.52136071448063,4.988123903266672,133.71085888384107,-66.97009622502337,25.538469832253778,84.30361130549925,86.77220520967377,83.5226037331113,11.44873551054274,20.550345928987106
1653511538.0595565,50.427852753083975,-55.8223737585511,5.015686839700504,117.14621556255238,-50.82059177322473,19.68754890670355,66.90558839891173,68.49541076245733,66.7183628094684,5.0017819853263745,14.671862067003048
1653511538.1929848,50.78831881538955,-56.23281013797126,5.0504140716490875,79.12427403658415,-13.863548214771463,7.08999554771777,50.971371515923074,51.01216136189268,28.335955221194602,42.3692619231998,2.0395814760686823
1653511538.3266773,51.10233219103101,-56.59557299209927,5.088929665803541,77.47945785809308,-11.516192675604293,5.218480939013572,52.229333598804224,52.22949427007283,26.377125667062074,45.07938031649498,0.12955127321003168
1653511538.4600163,51.42773301052922,-56.94962715630408,5.132826713364096,83.52563728542464,-16.699166036754416,6.619416067226718,51.48179366705019,51.50325258742157,32.09790427489542,40.25046111954967,1.4865893538626214
1653511538.592842,51.749476694118044,-57.28721500541148,5.1861945848271676,130.98268953149807,-62.46017521498773,25.8177177745948,79.40189880515088,82.03853535377958,79.23321283738002,5.172960209576246,20.631523189767634
1653511538.7260365,52.14730063752961,-57.68664041989976,5.237408431227315,138.8486030026079,-70.24551628193154,27.649138808002633,87.60617098537439,90.42746736030998,86.70130236507828,12.558875862031783,22.411730376775317
1653511538.8599155,52.44099842736992,-58.005445955145824,5.281005492181087,137.14204475809322,-68.69739585377407,25.76450714924356,85.3732103306073,87.79612111186344,84.7010463307233,10.691949898628245,20.483501657062472
1653511538.992889,52.83572539083963,-58.426896706012826,5.319836404649147,136.7644610433635,-68.24578717695228,25.0408492985225,84.50114365090887,86.77189422775012,83.92873565252387,9.81889047093945,19.72101289387335
1653511539.1262357,53.06027198600407,-58.707629283267124,5.344708512858994,103.04914359973279,-35.435090453325635,13.975170996049032,55.140714075943805,55.81203482653843,49.98887161372872,23.27253882994149,8.630462483190037
1653511539.2594392,53.44588197978124,-59.12497298610653,5.37286876161717,82.07302505157215,-14.664398857876112,6.489152595113262,52.879636650270754,52.89141765789212,28.627143071790904,44.46057412823042,1.1162838334960918
1653511539.3927672,53.76727217694307,-59.4797154659728,5.393461848300227,80.72712275258623,-12.51208740201165,4.592880131408748,54.1552548605913,54.161172070968135,26.95985057564316,46.96762806396115,0.8005817168914788
1653511539.5270832,54.09839610950197,-59.830734775741334,5.406229816417055,109.96881028732417,-40.39793701870309,16.24113692127537,59.15350208624463,60.13760903991991,55.870414177822205,19.432797757038244,10.834907104858315
1653511539.6609323,54.466116183917585,-60.216585161434196,5.4200189671600745,144.11597288095493,-73.35521246697873,29.954130702668483,90.6075070470065,93.87035193245917,89.64985669703734,13.138627305544532,24.534111735508407
1653511539.7926998,54.749467477623675,-60.521257473904456,5.4278402799175725,141.41265156508445,-70.8615274643172,27.025711750903824,87.27788184672988,89.910492778813,86.66318408746076,10.34026999041275,21.597871470986252
1653511539.9269729,55.09559738176249,-60.87165838869832,5.447804392708991,140.90562254559228,-70.20912058933476,26.10038777589632,86.3165605139907,88.7529031602061,85.81002516382979,9.337462200636438,20.652583383187327
1653511540.0596535,55.45294286088384,-61.212384259267004,5.477516712723062,124.40106037285078,-54.09300325928417,20.12948121156807,69.31470619043925,70.84637293427471,68.94811751196694,7.1193809999828375,14.651964498845008
1653511540.1927614,55.82406984153104,-61.542657159228504,5.513740373311724,89.13447468151574,-19.864729589752635,8.101957893249423,53.353844445270795,53.416585317864204,33.3104048399847,41.67792756947587,2.5882175199376993
1653511540.32702,56.24971771301063,-61.909191565792185,5.555918440122444,85.10024375894649,-15.074142001406008,5.753091872330893,55.00795143273137,55.00830481107468,28.850526045935858,46.835049564386175,0.19717343220844885
1653511540.4594014,56.64165583337793,-62.24475372612325,5.59695376363204,93.48733335190799,-22.41305133571538,8.426596802560415,54.26019228787837,54.33392445650591,36.84567751853006,39.83170239040787,2.829643038928374
1653511540.5932853,56.99263882029418,-62.54972984678983,5.633550325419504,139.84118464383744,-67.14346108005427,27.446959134738293,82.97580317007612,85.79515554856044,82.84854582354325,4.593731233264435,21.813408809318787
1653511540.7277877,57.40636080297896,-62.91130588535172,5.661905817084202,147.27974324401265,-74.3667579123294,29.480563452677444,90.60050911851815,93.67913697348142,89.8733824410337,11.455452026977682,23.81865763559324
1653511540.859495,57.748224042385885,-63.214452056686376,5.686234837178848,146.12834271950962,-73.19485579695856,28.053703826243648,88.94185649176272,91.71127250877119,88.38011867712373,9.980403740272187,22.3674689890648
1653511540.9927092,58.13718103194738,-63.54545097625265,5.710622752747059,146.14689206540783,-72.93102312457368,27.62709496637976,88.50874646465483,91.18185101781759,88.00971103346045,9.385572148321032,21.9164722136327
1653511541.1260233,58.57132492605324,-63.89991386999755,5.738138373783807,112.83489332948274,-40.386536166951856,14.980812575597,59.1389363015582,59.85683597786156,54.2635684034295,23.51337770304569,9.242674201813193
1653511541.2607868,58.99243565972537,-64.2389129126913,5.773102711939755,90.9501425665423,-18.683867860484384,6.490070481606152,55.64671742745134,55.65133604176415,31.957706906816924,45.55504505220692,0.7169677696663967
1653511541.3926897,59.40532225654756,-64.56816326135484,5.810076811537684,89.0204997225957,-16.010437391993865,5.284713008050369,56.876282209278884,56.87870853909702,29.615177466048145,48.55772586936098,0.5253638034873145
1653511541.5266685,59.79047598362075,-64.8740695738381,5.848850737676385,118.12578137311843,-43.72966098306313,17.189961486711013,62.049124647649904,63.077053375704416,58.33530538949768,21.144408590774972,11.341110749034627
1653511541.6602836,60.26489050214657,-65.23157765686182,5.8944753580928575,152.30525164473377,-76.59918903379666,30.863190854511437,92.73969305359434,96.0421127486062,92.0403611425872,11.367611376934846,24.96871549641858
1653511541.792737,60.65790560051562,-65.52993536939849,5.935318381060762,150.38760501195046,-74.52732606779266,28.398442916523862,90.17966509056241,92.93526757771629,89.72969941143484,8.99739069839417,22.463124535463102
1653511541.926134,61.13841394242806,-65.8761505582836,5.975629549001448,150.42957643312803,-74.21690084908137,27.94797721767655,89.6798740763725,92.33235552300809,89.29116249069997,8.340750290797772,21.9723476686751
1653511542.059457,61.61496805232659,-66.20096548926888,6.014139894225353,134.27938472760317,-58.32642578216222,21.81823106489444,73.08984762849772,74.77897514734896,72.66441667527658,7.874539707106663,15.80409117066909
1653511542.1927693,62.08713206408391,-66.51004345576001,6.04720926111966,98.27785947491512,-23.33484742986124,8.725498132041434,56.33707751028513,56.40070508137268,36.19072741083121,43.17519602589877,2.678288870921774
1653511542.3267453,62.5773519111175,-66.81781908192681,6.075227073125557,93.8409317549939,-18.06206506009507,6.34069468492576,57.91834748067142,57.918955860276974,31.2635798438764,48.75575402183175,0.2654676118002026
1653511542.4594939,62.98940717165806,-67.08450346118316,6.094494024890847,102.46795528443792,-25.52405959120167,9.288259945920203,57.322127104312486,57.411030268767036,39.47854811277986,41.56044386998149,3.193765921029356
1653511542.593153,63.4982231605281,-67.39167013259257,6.116395902963446,148.354272283702,-69.58477487083759,28.077772345717587,84.88438479006261,87.67930677444804,84.85604912317389,2.193104738245026,21.96137644275414
1653511542.726472,63.94046711169622,-67.66711211852244,6.127642176639455,155.90864615282453,-76.62534277806284,29.897212948563485,92.40344069725198,95.41167825466685,91.96817904112831,8.958230659540405,23.76957077192403
1653511542.8595572,64.4420693729111,-67.96481030349726,6.136394786516487,154.90839535578752,-75.3139257239789,28.390942226392937,90.76434120459213,93.45282508333996,90.46632598287641,7.349115420481638,22.25454743987645
1653511542.9938257,64.95246976821124,-68.26297257768574,6.14157014268178,155.01258078349605,-74.95580974061932,27.925030344646643,90.3084584375958,92.89852961024494,90.0601110152848,6.6928371629335714,21.783460201964864
1653511543.126124,65.43708620133276,-68.52921677083431,6.137905236305412,121.87698723096312,-42.504433971016844,15.567816777900886,62.1510397983183,62.86234946050347,56.43990102963036,26.024782799817466,9.429911541595473
1653511543.259485,65.93607850207914,-68.78279138084194,6.139801367529155,99.01199775670084,-19.75470698116141,6.808826061510577,59.14194361399067,59.14572755898442,33.075919254621695,49.02808439968054,0.669024693981422
1653511543.3927784,66.41660622329422,-69.0120372789153,6.13946893940159,97.27175194320318,-17.04478801098344,5.486220136738176,60.43703346353278,60.44056376201633,30.85514571990896,51.96724926793186,0.6532488026634145
1653511543.5263152,66.95281118386384,-69.2438331146926,6.13896859999699,129.87656663474579,-47.855716636599794,18.37381203500876,66.45939005530263,67.57619344415687,62.92375545088194,21.38811647809281,12.234843435011772
1653511543.6596437,67.51379983866978,-69.47905727198054,6.139563620503684,161.8318401756988,-78.27865702514055,30.621397373857825,94.72763951895585,97.84010360154019,94.31804033702902,8.79959975316001,24.48183375335414
1653511543.793326,68.06917296439615,-69.69803115595114,6.134069573860012,160.04329075806064,-76.16747798283595,28.2890503459464,92.20136705151806,94.82581536259141,91.97411779366449,6.4694468268848055,22.15498077208639
1653511543.9263742,68.58660293407617,-69.89674621658085,6.124516083937372,160.07564751079818,-75.6693520101972,27.749922540062904,91.67097826035196,94.18718840480672,91.48904457672201,5.77260579361635,21.625406456125532
1653511544.0603955,69.19212327595964,-70.12889101259627,6.112629568948218,143.54759409662645,-59.2784492399976,21.49545843311666,75.14298455360678,76.70136603404063,74.35547082066681,10.850441772598671,15.382828864168442
1653511544.1974745,69.68277151627075,-70.32869536920757,6.099666343021093,107.44921762800206,-24.104914408866208,8.425331535732933,59.69038765312151,59.73567691730389,37.76644611173131,46.22378096034136,2.32566519271184
1653511544.3264744,70.31418779706287,-70.56652595576352,6.089753421539571,102.82179635611799,-18.499101038697344,5.910815123346754,61.382093086852926,61.38235390271081,32.507608559055114,52.06742491706618,0.1789382981928176
1653511544.4603326,70.8121531418173,-70.76002636377635,6.075961250267957,112.59247684498254,-26.780381284456972,9.104965627441416,60.66139324186489,60.73696977592073,41.78032370316524,43.979645079319376,3.029004377173459
1653511544.5928934,71.29647897739187,-70.93673110804053,6.070447979498608,158.97582654601734,-70.79238923559535,27.520262996215106,87.67946637974008,90.26507291797492,87.67934756862547,0.1443418724451817,21.4498150167165
1653511544.726027,71.89437136212408,-71.12990262023972,6.058447673677245,165.9549051712254,-77.03933406970933,29.068525130494223,94.24598347149374,97.01427248130962,94.06053380910132,5.909431449469608,23.01007745681698
1653511544.8599145,72.50302924328699,-71.31483781895557,6.042787562453592,164.92643028546954,-75.5208908288137,27.598850235641994,92.51905718351136,94.99705142843263,92.42340104218255,4.206053009858138,21.5560626731884
1653511544.9930685,73.09690300098276,-71.4891971789767,6.021622637853653,165.00318149976806,-74.95080456527877,27.141213585527634,91.97144531425603,94.36516240112269,91.9062784987853,3.4616073863020773,21.11959094767398
1653511545.1263137,73.639613405548,-71.64812477577205,5.991910276874743,130.95942523675802,-41.62989702329079,15.006936666782758,64.70436481231509,65.32936190240876,57.31981183121002,30.01822775248126,9.015026389908016
1653511545.2611973,74.27107457167526,-71.82746438756264,5.948420622750345,108.52667334185853,-19.135971499659313,6.639639289258143,62.84774832768274,62.851549329389464,34.25559877018327,52.69149288790333,0.6912186665077975
1653511545.3927631,74.9206188856364,-71.99170032203266,5.902537785513206,106.85451414741462,-16.187235540075662,5.131509527573624,64.295504945454,64.30012784408319,31.93389526177822,55.804464781956995,0.771028257939582
1653511545.526053,75.54366882768102,-72.14627071619462,5.856464124312936,138.77527482465968,-46.03465111414098,17.64049055224536,68.41091049824946,69.41841221213367,63.23160599697866,26.111619602053644,11.784026427932424
1653511545.6593606,76.12360855908139,-72.27906696231906,5.810626312875708,171.7238996224743,-77.08174363309067,30.410671530255378,95.72085120081944,98.8313896457322,95.60029106339292,4.8026766707716035,24.60004521737967
1653511545.7930646,76.6763569560386,-72.4013280405518,5.774177781037701,169.79103347929757,-74.61453888654576,28.131020147669176,93.14097533459685,95.78658406523529,93.11467652325896,2.213210845993956,22.356842366631476
1653511545.926565,77.36556794977487,-72.54263676812464,5.745678843674678,169.79637599839563,-73.869467533026,27.553706117803692,92.44033078910778,94.97791748606,92.43080804862076,1.3268307649013593,21.808027274129014
1653511546.0637548,77.91196463797361,-72.65998844690485,5.739908493957273,151.6754886764065,-55.73810991948474,20.868984722238686,75.67963696705493,77.17704580369981,73.76352403843289,16.921878527420105,15.129076228281413
1653511546.193405,78.54160175158412,-72.79333646007558,5.732158504173841,115.76765755826393,-20.61738068892754,8.171846606061333,64.09453636274183,64.14095158001109,37.22605580667981,52.17595577114804,2.4396881018874916
1653511546.3263552,79.15057621590802,-72.9252932837046,5.725793965967037,112.55933106790478,-16.193828870242474,6.040449269169736,65.83770921938839,65.83846112430463,33.40875485199676,56.731464413462135,0.31465530320269863
1653511546.4600048,79.84683820429096,-73.06823533721474,5.722888615718483,122.48678798528488,-24.540630135175675,9.23043925913491,64.5994874899999,64.69464193800584,42.639949780993916,48.52760520203907,3.507550643416427
1653511546.5933387,80.47104951629368,-73.21040778554382,5.7292825434403785,168.34111596598086,-67.99477738638227,27.38056739969784,88.02472026841721,90.64838395834701,87.87006644968719,5.2156303991615545,21.651284856257462
1653511546.727652,81.05302925072615,-73.35612077641224,5.742334223786922,175.8496118840272,-74.58697947532093,29.24342043931714,94.80457316020654,97.67398909330333,94.79658263330106,1.2308586989086905,23.50108621553022
1653511546.8613882,81.65485495516319,-73.50738972792736,5.75409460152757,174.7440693704645,-72.80868612345321,27.72838333720631,93.09183652278458,95.65019285199494,93.08921441530131,0.6987036044741473,21.97428873567874
1653511546.9930081,82.37620920094736,-73.66475937651805,5.751757017147302,174.7900415975486,-71.97172460697804,27.234978281575987,92.42933941643193,94.8931587673968,92.41383239660124,1.6930347695400059,21.483221264428686
1653511547.1262293,83.05175454590068,-73.81301729575786,5.749555706151221,141.00900183289377,-38.73576664005075,15.194310347630028,67.74552403405684,68.40072672776736,57.957247286993095,35.07725065570711,9.444754641478806
1653511547.2597516,83.71615855380979,-73.95290496806506,5.7410920736001625,118.14808459381038,-15.731240937994087,6.7172440942457055,67.64110949159934,67.64815271699547,34.43192604000059,58.22166403007097,0.976152020645543
1653511547.394507,84.42541342131484,-74.08688084540502,5.727758365819272,116.47552969376949,-12.65263489768203,5.2087574434625346,69.29196582752708,69.29390947406985,32.050116272454645,61.434245947722985,0.5190009223567378
1653511547.5264182,85.14107811473151,-74.20475925517898,5.707791249033811,147.53001364609347,-41.5452084392268,17.131705192940203,70.42034887897249,71.34095139563237,62.38893553136195,32.65955081595219,11.423913943906392
1653511547.659611,85.84154315710019,-74.31424235246126,5.680163463712369,181.27296726648908,-73.24347631031898,29.98594050786486,95.43743106068527,98.48387708240931,95.43142410938889,1.0707660421422815,24.305777044152492
1653511547.7926948,86.51044230165994,-74.41249714821892,5.662894632279279,179.5485852708871,-70.79083829589956,27.91809306577793,93.10860572473918,95.73142805431941,93.03814296922715,3.6216588523193565,22.255198433498652
1653511547.9261215,87.25010961534313,-74.51811357582757,5.629858937814048,179.55601213644772,-69.90919929050185,27.362829583819998,92.42089445101223,94.94179134725286,92.30590252110458,4.608914285325724,21.73297064600595
1653511548.0635393,87.97615639022763,-74.6225555299996,5.606942247959009,162.27190432261935,-52.419676079236424,20.963361234159997,77.54241430816177,79.04837519404408,74.29574793239172,22.202879450763177,15.356418986200989
1653511548.1937675,88.64492794370143,-74.71790485367701,5.5791511116895105,125.69809774239886,-16.486978326055073,8.02566784339011,69.02012892190515,69.06347544480295,37.053169798697425,58.23092652762194,2.4465167317005996
1653511548.3262594,89.34488283167275,-74.81595503079028,5.544114757197262,122.04154057603002,-11.50560009863285,5.761822264025,71.2549820664309,71.25531464982747,32.69665774435727,63.31035493215742,0.21770750682773787
1653511548.4606087,90.04761869101358,-74.9027239175257,5.508990758706486,131.73233108921718,-19.496657153363046,8.818050828227818,69.33575904247245,69.41467683811184,41.6847123982036,55.40606676416266,3.3090600695213324
1653511548.5930367,90.73046720339151,-74.98053525685808,5.475673638387565,177.784147915029,-63.10757672821655,26.883287194614624,87.85960658725126,90.43006351783306,87.05368071163748,11.872958528641526,21.40761355622706
1653511548.7268934,91.49719980455762,-75.06305575939359,5.444993302960242,185.08818686809818,-69.30190630460234,28.601393266733062,93.7681379924346,96.5851052794916,93.59098706354055,5.761149454791251,23.15639996377282
1653511548.8597622,92.1480075539592,-75.13490138756174,5.4248511548140845,184.1369036412732,-67.47084905854011,27.19005864033714,92.30760912007544,94.83891057130772,91.98889608731399,7.664052329021629,21.765207485523053
1653511548.9931974,92.87046252459477,-75.19927047176455,5.403298664141679,183.46364175160053,-65.82659144530763,26.426731565187442,91.07673267409945,93.47168536799873,90.59317922700576,9.372679026456922,21.023432901045762
1653511549.126367,93.54535328904907,-75.26846391734091,5.389069229920779,148.27993121199506,-31.220285509582325,14.000192662778026,70.25749811546648,70.78324299027757,54.73457792294599,44.048178407758584,8.611123432857248
1653511549.2609296,94.25926808154473,-75.3311984321524,5.3788276677463855,127.7658588660154,-10.401613831734528,6.313333398796139,73.06533091953254,73.07130684025135,33.506590784470674,64.92958460041788,0.9345057310497538
1653511549.3944633,94.96762038994584,-75.39509376791842,5.374503683771522,126.20911761810557,-7.4323440151991225,4.773425504963719,74.79950870833217,74.80192375858323,31.24149722815973,67.9627497527193,0.6010781788078026
1653511549.5265694,95.66367025943455,-75.46410168833744,5.364649726304214,156.3322145136609,-35.38177584759371,16.268045566227386,72.71358268391519,73.52652002898427,60.66854425422633,40.08232584074373,10.90339583992317
1653511549.6604226,96.38344293695471,-75.53082149412516,5.359066113843477,190.73567734956822,-67.66444048473043,29.364930709086007,94.67958644205062,97.6755118942453,94.35223441261351,7.866381009394729,24.005864595242528
1653511549.7926958,97.04533649745701,-75.60320479023883,5.361729160579441,188.97962516952452,-65.09737696097713,27.27080399029388,92.53262047525257,95.09097439773744,91.93428867206751,10.505827829261705,21.90907482971444
1653511549.9264731,97.8141897754592,-75.66948533988818,5.358864908707991,189.04522151838776,-64.19294129433725,26.752913224478743,91.9500528336374,94.40613073019274,91.23103174292856,11.476544045550938,21.394048315770753
1653511550.0593328,98.51416084873374,-75.7518114658806,5.3608778100790175,174.03814789216443,-48.840841882072624,21.05016934043218,80.17526365954106,81.69594097384115,75.5239870434307,26.910969583807983,15.689291530353163
1653511550.1926298,99.23379476637416,-75.83013439038535,5.365635489924136,140.38007437150495,-15.602889965001083,8.884522459981262,72.94064228136864,73.02547406163565,41.146279605130786,60.22724442538427,3.5188869700571264
1653511550.3262212,99.94285530526835,-75.90738809532485,5.369150018077642,135.5267252117134,-9.736190984673769,7.634115140133661,75.13214441619141,75.16627695702091,35.583869906445045,66.17119711065108,2.2649651220560187
1653511550.4597855,100.69111645546879,-75.9891427677297,5.383881449982464,142.56494481322315,-15.525536635656636,10.630782626472186,73.54770674758755,73.73462646399577,41.87382835775436,60.46360613207307,5.246901176489722
1653511550.5930068,101.40324950532778,-76.07767564747498,5.401306524461634,189.25294060112196,-60.50243115109192,27.55368598783263,89.21970895911156,91.92869183577972,87.84969109579419,15.575244496383057,22.152379463370995
1653511550.725861,102.17603227366153,-76.1678343763295,5.4206060184485905,198.59386868319203,-68.80632064015985,29.656394701279684,96.69845429159041,99.68934002922099,96.4178364095305,7.361513736169641,24.235788682831092
1653511550.8594213,102.92728857105917,-76.26524189666078,5.442254052774465,197.8336153857195,-67.15883626503533,28.27893720894694,95.34221254501499,98.03903095478977,94.90632681466033,9.10640563162545,22.836683156172473
1653511550.9935338,103.6701556243296,-76.36377780824094,5.459067577466263,198.00222991798609,-66.39139533563707,27.82651588878254,94.85772848178382,97.45917810387705,94.33207429365649,9.972382472603869,22.367448311316277
1653511551.126636,104.4166248398578,-76.4684524027328,5.474390139515946,162.78648686850437,-30.619812777611266,15.392620804739007,74.22357138212564,74.8833082084791,58.369862028646565,45.84863962512153,9.91823066522306
1653511551.259715,105.12893449803106,-76.57592642038485,5.488689386026066,140.28595397179478,-7.3647617548174455,7.655678236323396,77.62861155941724,77.65885122328426,35.157019473763725,69.2111646655674,2.1669888502973302
1653511551.3930862,105.85774942544435,-76.69158030198466,5.506004466802204,138.05414273195026,-4.074385710527617,7.314624956560442,79.43465674553366,79.45524400791133,32.19639330650591,72.61719459145704,1.8086204897582379
1653511551.52621,106.60651129691006,-76.8106816651839,5.519076556544749,169.03080914380297,-33.481458893952,18.76185142050378,75.98825243178474,77.1335568590879,62.42429784689291,43.329222771231905,13.242774863959031
1653511551.6596737,107.27138601962018,-76.93309424701006,5.534235571462646,204.14096438291938,-66.97580653672314,31.128527966268297,97.37999173767061,100.6872911246479,96.8695783632992,9.95728771028692,25.594292394805652
1653511551.7929773,108.08686751328246,-77.05873232645064,5.546365270995773,202.62809560542223,-64.47240907541921,28.930223499664443,95.37536024649896,98.20012305393476,94.54122809213978,12.58632325103143,23.38385822866867
1653511551.927124,108.76631973955406,-77.1727817524343,5.562130161155026,202.71614710810795,-63.587966983657395,28.385459557692847,94.92690479986723,97.63207269963044,93.94982736855388,13.584814768776909,22.823329396537822
1653511552.0593193,109.53028783309344,-77.27127502591901,5.57971254761979,189.73072871500776,-49.79323106603432,23.47127188293546,84.7770819120049,86.64445460018725,80.20044088191432,27.478043959884687,17.89155933531567
1653511552.1933336,110.3246790544437,-77.37099267913658,5.601262928610359,150.9164871877748,-10.445837827980831,9.764849645284432,78.2730556410336,78.38371446755765,40.5918081333311,66.92515485115575,4.163586716674073
1653511552.3261454,111.04909011774144,-77.45453802839182,5.626514744657477,143.4279606934701,-1.8635946285268883,7.274985868500472,82.23370345449226,82.2502245643592,32.37887057572867,75.59094339986494,1.6484711238429943
1653511552.4610124,111.86776871546282,-77.5345808400857,5.647644183078068,153.648419115578,-10.695481077400586,11.195932779959396,78.82314384077064,79.01817203211614,41.78065040011519,66.83909976268511,5.548288596881328
1653511552.5955558,112.57671259409875,-77.6075057863611,5.664738570753701,203.79708794066858,-58.88113038726461,29.625923661569246,93.12268259643818,96.15597955880483,91.22037534656982,18.72637539909649,23.961185090815544
1653511552.7261417,113.32363979420204,-77.68398421584914,5.674426145353721,208.64020170026308,-62.85781472931301,30.22075509709782,96.46275071360687,99.53685016235289,95.31656190606104,14.826169486536124,24.546328951744098
1653511552.8592503,114.06160836045717,-77.77027074165443,5.685367028422077,207.80608566614842,-61.18360851112516,28.75926011900617,95.20054826137783,97.95687281463528,93.74447730569125,16.58666223052927,23.073893090584093
1653511552.9929724,114.79553053201917,-77.86012330271387,5.69582874540215,208.0325272022348,-60.2979041909377,28.252942655741005,94.87659926563471,97.5212411537909,93.23699667021563,17.562219111776173,22.557113910338856
1653511553.1258988,115.50057156097503,-77.94913939787784,5.706738994844036,173.04488879296653,-24.715797392707856,15.972318104824817,78.3909251555017,79.06022553217733,57.5443172319915,53.23334200516999,10.26557910998078
1653511553.260055,116.22398547037457,-78.04171022290146,5.716222555243194,149.37850335571594,-0.2637628764586877,7.785504646647971,84.54957805711064,84.57489626366238,33.15451788534136,77.77794734644277,2.0692820914047774
1653511553.3925564,116.97563199636117,-78.12999503102772,5.722010269377783,147.41371130394123,2.8102752774196462,7.283421836133642,86.47429693000724,86.48839249066813,30.438079307580054,80.94027030844737,1.5614115667558588
1653511553.527077,117.73540156134547,-78.21600117803128,5.728410843009354,178.752083038573,-26.823364548549122,18.802324214779013,79.77617763608026,80.8403719009009,61.016681477227536,51.392636629482155,13.07391337176966
1653511553.6592946,118.44576475103692,-78.29758543444026,5.731107220709404,213.9343981919349,-60.31900996082771,31.202155237296516,97.16639487225282,100.44940308201859,95.48863344089797,17.97857547361256,25.471048016587112
1653511553.7931128,119.17331516990633,-78.37750024272917,5.728969048964724,212.38952225532213,-57.88376204577603,29.014534814958182,95.44241493527068,98.24190624025363,93.2162070854158,20.49373819695314,23.285565765993457
1653511553.9259531,119.90334188073253,-78.4499850616039,5.724676393484915,212.48945223949158,-56.96135482761766,28.458952016674907,95.04708864924427,97.72817581848373,92.58611035875906,21.488630233986235,22.73427562318999
1653511554.0598574,120.65914511491525,-78.519906451927,5.717319309118384,196.44341802101567,-40.066325327840545,22.473784440797836,84.98196232832592,86.61820273408007,75.78427290610043,38.453581124086455,16.75646513167945
1653511554.1931152,121.40317676866981,-78.59693887797266,5.703464815558615,160.58389763953505,-3.593787507778707,9.761001805184332,84.62033800110281,84.7175614016543,39.180720870865244,75.00315137019396,4.057536989625717
1653511554.3258672,122.10560306849291,-78.66903317475298,5.6873142486768895,152.93720001172585,5.190140905067516,7.226297018032705,89.3473471761731,89.36060046454467,30.831596943232938,83.85917407982049,1.5389827693558153
1653511554.4593883,122.84904470634469,-78.7438466069838,5.6722433941913195,163.13451947226778,-3.557419044250535,11.156237554045706,85.2989939375721,85.47509905643443,40.2854747659231,75.18642756273326,5.483994159854387
1653511554.592764,123.60130081198798,-78.81870668633802,5.65803666436703,210.30717258804748,-48.67635101146791,28.501996417541697,91.79580494813936,94.59554060991199,86.7058717760595,30.14235567487011,22.843959753174666
1653511554.7259514,124.29249587591258,-78.89138656425979,5.648491127731952,218.27322445169992,-55.558740598078316,30.12285310227645,96.83382524417269,99.87884713731935,93.98072857578734,23.332645966181474,24.4743619745445
1653511554.8610432,125.03355830054643,-78.97170762786503,5.642302964839153,217.47545456653268,-53.82224746102269,28.686559359946983,95.80187645309955,98.534447198624,92.44189626598624,25.14946016684234,23.04425639510783
1653511554.9928713,125.83531079512987,-79.06108096500095,5.6295434174048795,217.6461795378542,-52.98449421643489,28.228475376658423,95.44225477087834,98.08127100241013,91.81086874272434,26.076586748566065,22.598931959253544
1653511555.1288302,126.56626274046168,-79.15689824491461,5.621826080885391,182.18971715641936,-16.999177703581417,15.768284979936652,83.4119350216658,84.02679056258624,55.62345441595768,62.1577205413332,10.146458899051261
1653511555.2594802,127.29661094184203,-79.2521639680829,5.608434848041331,159.26437763799578,6.652542971057626,7.804348903746999,91.660006446865,91.68630661325267,31.967766696153745,85.90470693914052,2.1959140557056678
1653511555.3925529,128.07494685486517,-79.3558650173262,5.601852656461853,157.2667055488587,9.78964285697727,7.2919662173533935,93.80341331644519,93.81863798662053,29.191758693993535,89.14550787430346,1.6901135608915405
1653511555.525981,128.88413559388852,-79.45934228204516,5.596059916027362,188.49151263258918,-19.61177124956131,18.774298813774884,84.46757458292512,85.48939780094445,59.60737703870066,59.84757103248384,13.178238897747523
1653511555.6594257,129.69014512957918,-79.56730255917091,5.591558431082051,223.99046292881795,-53.2802471522742,31.24484876638136,97.89565475036514,101.20104013314216,94.30031779923877,26.287055406896712,25.65329033529931
1653511555.7927656,130.45472177694538,-79.67713697332816,5.591932658556773,222.47292613696885,-50.883456095797,29.03229754373785,96.41797546163343,99.22639113698823,92.01820436002347,28.79368087753116,23.44036488518108
1653511555.9273496,131.27980446475252,-79.78008651665719,5.5968611373066794,222.51157999316342,-49.85461438662556,28.375026197932737,96.01442989609247,98.67935727294125,91.2317755284109,29.92547213003163,22.77816506062606
1653511556.059361,132.1111310799331,-79.88963387064169,5.6052083483460144,206.04603299975412,-32.52969123023269,22.29561561720864,87.80281253351959,89.37507249561752,73.93490191982102,47.359942640408995,16.690407268862625
1653511556.1933956,132.9031312408172,-79.9982699271467,5.621846537919684,164.83859223177853,9.24463510953413,7.8814572171237565,94.78486043715654,94.81179045093926,31.93546099096133,89.24290503668082,2.259610679204073
1653511556.3290448,133.7980399705083,-80.10622939774662,5.637883792486757,162.73817354784862,12.508853538495037,7.227320493913132,97.03136049113822,97.0443776207002,28.940133577340305,92.61508293624165,1.5894367014263757
1653511556.459356,134.56069794838922,-80.23430267754362,5.659774835066907,171.54861945915232,5.01076063290877,10.51083682760273,92.9237706751583,93.05030875254974,36.9879215107631,85.2450633104524,4.851061992535824
1653511556.5927887,135.3337209464347,-80.37708457535489,5.674590489196731,217.4565889471722,-38.88910042328862,27.20600790703247,92.00770770793422,94.49349297009682,82.1228680007375,41.48798415206627,21.531417417835737
1653511556.7299623,136.15033408303952,-80.53874553924325,5.691871320292284,228.61855527453207,-48.810680904292965,29.948734418189744,97.76012487613943,100.72456216409438,92.46822119149255,31.728064634950286,24.256863097897458
1653511556.859429,136.88045845885088,-80.69665635464604,5.6987873029336615,227.851648988806,-47.0836195032666,28.500412272006933,96.98244043541898,99.62684303961386,90.97119052995512,33.61303685137944,22.801624969073274
1653511556.9926124,137.69122465056608,-80.87476201184441,5.703632560935753,228.0505958751155,-46.21010999915431,28.036231266433603,96.78044258659303,99.32370830872976,90.35937122454942,34.6646520126901,22.33259870549785
1653511557.1260266,138.48695032283013,-81.05316285758605,5.7087275224983856,192.67995173474856,-10.26390905282262,15.655388593464203,89.1515555459769,89.7047151644108,54.19300141191843,70.78925380476343,9.946661070965817
1653511557.2594802,139.31545534940918,-81.23521503244783,5.722418158307157,169.11629622284838,14.087391722130393,7.4921057767964445,99.8723659239732,99.88804367650334,29.8008408734392,95.32260675457822,1.7696876184892876
1653511557.3925617,140.18295758048617,-81.40628358142892,5.722046140782046,167.25104262276307,17.10886820639254,6.981412817400532,102.16612138881185,102.17388298415409,27.06808504227689,98.51515178782147,1.2593666766184857
1653511557.526689,140.9670302833457,-81.56846435398246,5.726295101145243,198.45800831349152,-12.342852561086811,18.505268224616117,89.98554263304412,90.88839330219119,57.49097803014581,69.22561179289565,12.778973123470873
1653511557.6600373,141.80638892969384,-81.72132902295944,5.7266842928400505,234.55675770289875,-46.680582973130434,31.33917314696329,99.14880125999564,102.40353693401755,92.75036877320491,35.040746049829,25.61248885412324
1653511557.792854,142.6560484699631,-81.88608610267694,5.714070715447833,233.10710410294826,-44.36096354950211,29.145752534698303,97.92613689793019,100.69047621612859,90.45105563298515,37.52512255317483,23.43168181925047
1653511557.9259095,143.42943783076504,-82.03295271114801,5.707997329754207,233.21988353341916,-43.35380667620806,28.38854894879402,97.76707256266543,100.36337927360466,89.79044570265413,38.679146034939954,22.680551619039814
1653511558.0596652,144.30426128998772,-82.19813358315662,5.692014034301756,215.06052138030785,-24.33967339695038,21.58497430075113,91.40049101119666,92.77195666320065,70.75626009032013,57.85846018620624,15.892960266449375
1653511558.1929693,145.11772346534684,-82.36336587160257,5.667660620988086,178.66729220662899,12.605814305700783,8.638881089938987,100.72099456555779,100.7648098164743,33.549568741282144,94.96918017730334,2.971220468950901
1653511558.3260548,145.96660704974946,-82.53115243658121,5.654104932426825,173.4932768161541,18.901918073451462,6.974877387753734,105.10178562480256,105.11008410899834,27.526669766404638,101.43307051003268,1.3207724553269093
1653511558.4595587,146.77444253361048,-82.6997022285214,5.641287318471351,182.19319996750855,11.5938643182766,10.314794827541803,100.72618860195561,100.83455133392557,35.418757433898065,94.293566546798,4.673507509070452
1653511558.592999,147.60650203087778,-82.87881146637932,5.634351013131602,231.83204915894382,-35.85803817949969,28.408344581540923,96.46188837835494,99.11382694948347,84.22554712806604,47.02077328687963,22.77399356840932
1653511558.7260306,148.4387923142982,-83.06068451751095,5.628209050182249,239.71552561177552,-42.64643167402343,30.006863174733176,99.82361381134297,102.75734840526309,91.2767332974773,40.41425284348752,24.378654124550927
1653511558.8596942,149.2948334884536,-83.2472851949457,5.6260706383776045,238.83947791952937,-40.81895912220101,28.44097691687976,99.08787110248628,101.68051016846725,89.54464443107577,42.428326072744696,22.814906278502153
1653511558.99244,150.09899777811023,-83.42917580324477,5.624108421724882,239.07570240291628,-39.91437371932024,27.953415180917027,99.0474228149986,101.53319608206573,88.97670462480605,43.514802083924536,22.329306759192143
1653511559.1288304,150.9918232532964,-83.614895102526,5.628736218199733,202.50536200302872,-2.6701226947488195,15.164577836411612,95.94634362323048,96.41904962212935,51.513538749732334,80.94477240777718,9.53584161821188
1653511559.259337,151.78030593121022,-83.78922609145728,5.63183616537801,179.7293264266617,20.930184117990382,7.2858055609863595,108.38497414895544,108.39759331291145,27.949020495451464,104.71941020944766,1.6539693956083497
1653511559.3927634,152.63331184482126,-83.96317126067434,5.62729676013115,177.9761027844329,23.83601969349609,6.78595005890077,110.73808117798755,110.74414251078615,25.342790939611632,107.79919095417043,1.1586532987696199
1653511559.525878,153.41796850099104,-84.12711839441302,5.626645180039065,209.9262785291255,-6.217006794249048,18.40018055452165,96.24538737927011,97.08932895920604,56.508310028134474,77.91011160016397,12.773535374482584
1653511559.662401,154.29581918811567,-84.29999587242287,5.629860788983869,245.5816729126747,-39.92970279432633,30.731861541288694,101.49793100382769,104.55592015675859,91.28585372455902,44.37029307809654,25.102000752304825
1653511559.7930343,155.0918442991658,-84.45675147948235,5.637372273485544,244.02498331652495,-37.43899828113424,28.487495219310865,100.59707913901725,103.15958729047453,88.93313901735914,47.01775319834811,22.850122945825323
1653511559.9261308,155.9622996753512,-84.62120231294506,5.652374153950898,244.260573349073,-36.61324948899231,27.9714724291447,100.50546586184429,102.95382856370182,88.29827367372181,48.00795282395275,22.319098275193802
1653511560.059247,156.80157063024913,-84.78049013177875,5.674339550076596,226.65184113558172,-18.192549616881017,21.57785742128537,96.50395904668208,97.80560307243931,69.85027050533259,66.58794051489772,15.903517871208773
1653511560.1924057,157.57431658702882,-84.93524282023307,5.694353600178058,189.2285870512256,19.765930462373227,8.657611327088063,109.38157306134737,109.42170452762542,31.65427046419677,104.7011732826063,2.9632577269100047
1653511560.325787,158.39877327486877,-85.08751537838836,5.706426213148969,184.71724900428185,25.431019703998594,7.214617616470272,113.60901707820777,113.61902746805023,26.31847572941308,110.51853508238696,1.5081914033213026
1653511560.4607797,159.27090250868997,-85.24738228710235,5.7245918351262475,193.88451672201495,17.687869974416103,10.68323189069161,108.59911807676586,108.71226498538236,34.61361421332498,102.93525226151846,4.958640055565363
1653511560.5931003,160.07158721785137,-85.396147590743,5.7421060962872525,241.68162583750183,-27.989154312612815,28.108575654522554,99.77856122803196,102.25468322397556,81.61003861965045,57.40699327813019,22.366469558235302
1653511560.7301915,160.92257546622687,-85.55024284454151,5.766089960153397,250.25581438967697,-35.34043511425682,29.826710108403187,102.47659424896192,105.26331654847637,89.3332389234501,50.209807730284695,24.06062014824979
1653511560.860106,161.72739411322232,-85.69547799533979,5.7901165419407485,249.522909725927,-33.6086115734261,28.394677672557865,102.08376078179602,104.55649381680107,87.79551561270469,52.08686642191368,22.604561130617117
1653511560.9924264,162.59180528532852,-85.85457769713261,5.820647080334243,249.75858827496302,-32.73954247620046,27.926258841005392,102.07475213432016,104.44095506359764,87.1667829896345,53.11503522093215,22.10561176067115
1653511561.1258192,163.43770553614686,-86.02350554729588,5.85615805578964,213.24098481247057,4.3492478324213835,15.190362775743507,103.18721422786203,103.60853515932315,49.80327927632371,90.37275337971727,9.334204719953867
1653511561.2625635,164.21781776895,-86.19368263698695,5.897703309903101,190.89930262774425,27.529134539897232,7.4180648138552225,116.81087612425947,116.82076989996166,26.68148485879425,113.72281717688418,1.5203615039521212
1653511561.3926547,165.0142265573329,-86.3520045809781,5.927031556651429,189.20831362351973,30.340082631970947,6.831241701749899,119.17381032374828,119.17724054141895,24.194087066186825,116.69208721294905,0.9042101450984701
1653511561.52591,165.797380762511,-86.51102123301834,5.953401920329393,221.22138308456041,0.17912993547939138,18.573181944152385,102.89315984559677,103.66417505995602,55.424002322049404,86.69015116849774,12.619780023822992
1653511561.6590993,166.59243258262944,-86.66670790240047,5.981303139416028,256.3055108765521,-33.069060752289104,30.882526936435077,104.50427836696132,107.430047675632,89.71307829392265,53.59764715011137,24.90122379701905
1653511561.7927434,167.3566157991961,-86.81733062714929,6.011604077011094,254.8741357447201,-30.723072979331064,28.702420033369943,103.95134457271345,106.39903743568526,87.51751994552399,56.094257647818225,22.69081595635885
1653511561.927036,168.09663862911347,-86.96337580024493,6.042016226841037,255.0566426981734,-29.795832110033828,28.2170702890058,104.06810442812491,106.40443309337748,86.96000406905992,57.167543690211104,22.17505406216476
1653511562.0600097,168.8749861103867,-87.10707493168951,6.071724416807362,238.01433197230435,-11.91740847703175,22.066256250684063,102.14565623547854,103.39032902724244,69.13934586191766,75.18966645465775,15.994531833876701
1653511562.1931982,169.6340220821712,-87.24728869414994,6.0984006544233935,200.1262092423181,26.480898426665266,8.983162078222264,117.74495328291819,117.78028643227535,30.492187160146898,113.7281871208152,2.884761423798871
1653511562.3258204,170.4771471383138,-87.39884391330052,6.1289595671041885,195.79884764526722,31.93245602527237,7.720114933506651,121.98830952838675,121.99868621011262,25.32170050695342,119.3312999385729,1.5911553664024627
1653511562.4617772,171.35791762028123,-87.55138615032575,6.165542461461455,205.49834974330545,23.630690873403275,11.460134728499789,116.30573226138615,116.42618289771171,34.140432123024226,111.18207702372902,5.294592267038333
1653511562.593047,172.12344736803828,-87.69246985122876,6.201608751603233,251.72700005752017,-20.617418583798305,28.232335830598725,104.09509163892189,106.40085074351957,79.60355268948189,67.07505126743047,22.03072707899549
1653511562.72623,172.9293224161673,-87.83992776129374,6.232558531635149,261.02157708241384,-28.7238479321268,30.306016519397698,106.08937848131298,108.78643116694214,88.09225466624653,59.116079829166935,24.07345798776255
1653511562.8594046,173.6166979021743,-87.97473272145514,6.264203417964646,260.28802730239084,-26.95055459488798,28.808788655536727,105.99938516814065,108.37032794800425,86.67132940021654,61.024178126567165,22.54458523757208
1653511562.9924579,174.4402271978437,-88.1360390608979,6.284406437875633,260.5552278433784,-26.05111002560939,28.33082581379272,106.16181869908434,108.42682489493117,86.1150006455347,62.08492903528851,22.04641937591709
1653511563.12564,175.2334549613861,-88.29423964599134,6.304038718620493,224.58726160024167,10.510062480860007,15.754824522313058,110.44495619320816,110.84857103646823,49.35380663885559,98.80430212685135,9.450785803692565
1653511563.2601907,175.998950847469,-88.44444593531209,6.324591278019807,201.79940351501708,34.13001761832135,7.870828457612356,125.2603787049656,125.26992185966651,25.800452667548086,122.57446355363344,1.5462371795925494
1653511563.3930752,176.785087640047,-88.59039412312042,6.352914396616187,199.91386581762956,37.18733163053852,7.350451885970376,127.88657738695824,127.89046781051795,23.128778177582547,125.77772575365894,0.9975374893541886
1653511563.5259557,177.5293620682982,-88.7243388581314,6.377915935910216,232.93546336352966,6.020248364505832,19.366987105766043,109.75596962682879,110.52189302839933,55.40610129523145,94.74458722263724,12.989071169855826
1653511563.6592565,178.32393779250447,-88.85686280501496,6.4063654875175375,267.10041745756297,-26.330232566339543,31.309636140312563,108.58564744350234,111.40473831902729,88.7764796650585,62.52663023867541,24.903270652795026
1653511563.7924373,179.07440447395635,-88.9850273191423,6.4394821324073,265.57765302338,-23.87092033149235,29.12550334575097,108.2712285808307,110.62239600051504,86.50324854942363,65.11410698764996,22.686021213343672
1653511563.925871,179.85189688379097,-89.11108202240085,6.460767198039155,265.690743659666,-22.9535722245645,28.569424701169204,108.37492199980106,110.60703619143618,85.83884677587503,66.15750979783635,22.10865750313005
1653511564.059119,180.5609092082956,-89.24621344799861,6.481829866165154,248.9382994825983,-5.256991913548944,22.989736122311747,108.30354026848416,109.554405678863,68.37739027430268,83.98922153444967,16.507906256146594
1653511564.1924741,181.365797895567,-89.39568864579182,6.50649868095967,207.6724723824674,36.8230822451726,10.00638815170754,128.93106393645212,128.97855819512387,26.30667448690039,126.21877089096442,3.4998894707478705
1653511564.3256865,182.10943224783958,-89.55042444483801,6.523681008929762,202.35824488248625,42.71314752877282,7.32794436105028,133.80458469100213,133.80700177446295,20.24881263464667,132.26357197361085,0.8042633521205182
1653511564.4599352,182.7738131262853,-89.70791175874463,6.53732117637349,209.65815455715074,37.994413815558055,13.111956330339854,130.5015393443945,130.66704863378646,26.884341430865447,127.70232557430268,6.574635153966364
1653511564.5927112,183.49614605112131,-89.86152533874247,6.558120739263387,259.9785178627921,-0.3770947805249776,53.738291449701926,117.71582948043607,126.81870926063404,76.48237181167079,89.4844305582175,47.18017071043854
1653511564.7272632,184.1811887483466,-90.01066139582103,6.58154489270453,264.1890333410878,-0.4526603331886401,58.825840417334454,120.09117682290689,130.96319011682465,80.00784459274118,89.55800106263239,52.244295524629926
1653511564.860009,184.9089745765553,-90.15795985714024,6.611834828659067,260.18697156004714,5.5919743530724455,56.93534665765896,121.79830348205456,131.7849861475508,75.27799698349185,95.74993421021269,50.3235118289999
1653511564.9941492,185.62243006696903,-90.29902828630996,6.646284922158995,259.0449389383482,8.206774880917472,56.223554148733484,122.85869145725225,132.48457906697124,73.42250887137916,98.50580316722744,49.57726922657449
1653511565.1259575,186.37584352390965,-90.44278839463142,6.679093809435459,224.49285324921578,33.37630338251657,24.810873566749315,129.55336320959358,130.81603631086142,38.11700972530613,123.81909177714799,18.131779757313858
1653511565.2590015,187.07673912198555,-90.57964262030778,6.704178073714653,205.94589391175458,47.21390474585763,7.468821088143682,139.0794977638039,139.08159970740718,18.869154789769027,137.7935473661654,0.764643014429029
1653511565.3928626,187.9269332415715,-90.72976255047982,6.736940401467077,205.8171329135932,48.04821130289838,6.372035236765946,139.92635659929738,139.92683240512864,17.89019967202171,138.7779738533782,0.3649051647011312
1653511565.5261183,188.686038979421,-90.86252045331273,6.753210806683858,237.86994420013184,24.112703790918346,31.973585298564707,125.0534234748137,127.5712585666607,49.18390522071084,114.97522424423107,25.22037449188085
1653511565.6593704,189.44426534029103,-90.99406613017845,6.77361251553955,271.37299136148175,-0.05039747724128363,59.682098787257374,122.40533899920608,133.35057155886176,81.92872602119073,90.94366865293716,52.90848627171783
1653511565.79296,190.2261286455145,-91.12071216969714,6.7970748978631015,265.02181356657206,8.799285666362822,56.710446204433765,124.81346261669188,134.42375193973697,74.79568492105756,99.91999783605996,49.91337130657067
1653511565.9257073,190.8938487612942,-91.23770011899579,6.807558406317404,263.79000277341726,11.345515400269624,55.91171679176051,125.84579999360813,135.08657870704218,72.89615401212305,102.58321551926541,49.10415838544311
1653511566.0609434,191.63479379549835,-91.35835906223865,6.827528500262079,247.78191956050233,23.736930932270578,41.56636982267331,128.06024172471075,132.68840419198287,56.14712576500398,115.09528999450923,34.73884132241123
1653511566.1927228,192.38578588290295,-91.48254519837273,6.836570414106984,213.2399466491198,48.53566904693864,10.338669647901611,141.56269403239375,141.60600637244337,20.854160766216836,140.01821424531136,3.5020992337946266
1653511566.3258111,193.08719989895684,-91.60877996684115,6.8439728665977455,210.99720418781658,50.93422942247625,7.107912376775348,143.6637664109848,143.6640088660171,17.91000428885974,142.5430093893174,0.2639395101776021
1653511566.4592607,193.85913620125766,-91.74107320864408,6.846725533179265,220.28476921352078,44.54436981549867,13.609264559490219,138.82375899097988,138.98837359458543,26.42563301226312,136.28544302414275,6.762539026310954
1653511566.5931933,194.5625581980459,-91.87543444179659,6.847371355839026,267.9263837823756,8.317386995953996,52.29073708905304,124.18072463963527,132.23445791921094,73.36382558432967,100.19282143775058,45.443365733214016
1653511566.7264884,195.26920609469087,-92.00885337182673,6.853912660536149,272.77592093897425,7.817003160551491,57.86370894469772,126.38232660612012,136.2882672695184,77.50671484428338,99.82585653237822,51.009796284161574
1653511566.8598242,196.00705615946663,-92.15044370008881,6.8699209915084225,268.82730814266534,13.74507293945669,55.88121367951981,128.51711770520225,137.54547013334437,72.82025198319872,105.8955166395455,49.01129268801139
1653511566.9975126,196.73078513597045,-92.29466205665541,6.894638689951256,266.0342847469448,17.40195035780789,53.69604856653758,129.75485283232112,137.93728212478865,69.30349961097437,109.6966124144633,46.80140987658632
1653511567.126187,197.40104455474233,-92.42993649248021,6.920018665885547,234.40428786021897,40.177816716038876,25.268822403273788,137.673731067825,138.89108979603046,37.003243305476644,132.60775320851909,18.34880373738824
1653511567.2590656,198.13334858203805,-92.57151125864841,6.95387784953749,215.58977103289493,54.08704463898295,7.799933216640937,147.6938004885833,147.69622375824525,17.456422450856877,146.65855589763137,0.846055367103447
1653511567.392507,198.82416460085997,-92.71404574865618,6.9875457913964665,215.48315904586434,55.017086685375304,6.383265024795511,148.66744628922646,148.6686743783132,16.658994445004367,147.73113243403148,0.6042807666009553
1653511567.5257204,199.47437466959704,-92.8480979226961,7.0194088869433475,245.89719007547754,32.40023652401999,30.36410402445663,133.57478456611824,135.5994021481966,46.4228154058805,125.24833444671609,23.344695137513284
1653511567.6631796,200.2628067978507,-93.00274759926741,7.049494401520265,279.88101524574404,7.987123338004681,58.53751558716418,128.6002066420543,138.52447247325068,79.61820844789335,100.98987093727209,51.488021185643916
1653511567.7927704,200.92248232480475,-93.14252910093803,7.067215666993688,274.0589844330943,15.985954816616804,56.050236619825725,131.36960813970583,140.20453018517426,73.13650210828953,109.12848391755483,48.983020952832035
1653511567.9273353,201.663493238566,-93.29421849041762,7.085422904893128,272.4165918310939,19.0568039349526,55.16714458824581,132.7733150918136,141.21120763064596,70.75309859252792,112.35102242537022,48.08172168335268
1653511568.0607066,202.3425528685872,-93.43647568299595,7.093704240798504,256.1437905483339,31.558850755083704,40.74242759551359,136.0823456853779,140.18074543473094,53.80123767974672,124.99532643807964,33.64872335471509
1653511568.1928174,203.08941417076588,-93.58634277754102,7.097996311566364,223.236610536067,55.06780019233537,11.20212034925025,150.01321189645415,150.0693425640532,20.147196365301113,148.65414296987637,4.104124037683887
1653511568.3275218,203.82561576241156,-93.73507836234864,7.107574374101996,220.14797002469564,58.21350725150043,6.857806172136513,152.82274673199905,152.8229508381102,16.32235426228408,151.94858561384908,0.249768201965483
1653511568.462085,204.52136096907864,-93.88205034525492,7.105503864011814,231.83781864593857,50.141440337438,15.024878088498907,146.5911140841743,146.80487463482567,27.316457676859926,144.0234906826929,7.919374224487093
1653511568.5931578,205.20217188765497,-94.0262160058148,7.09876245411967,278.27608155110534,15.001030736444449,52.653687242452804,131.25066402003299,138.9315946002574,73.07390966345037,109.02724674225925,45.55492478833313
1653511568.7270255,205.94507693915514,-94.17873894788042,7.084609306588003,281.1593541996176,16.09030449846495,56.96448643101328,133.4782733121227,142.49368964390487,75.21427726046247,110.26904344634536,49.87987712442528
1653511568.8607392,206.64613278311023,-94.33437478169594,7.065941831411056,277.5050692041306,21.550198111691074,55.30062316319661,135.83159833190854,144.14162337291694,70.85893642102039,115.88457289338702,48.23468133178555
1653511568.9934099,207.2993004987097,-94.48906699692718,7.0481861414942895,276.4542998995443,23.851314248786604,54.72523707545284,137.0651661638008,145.120504964907,69.15499940083461,118.34038124571379,47.67705093395855
1653511569.1256785,208.0170968968207,-94.64841344566258,7.0282460038536865,244.3078097362416,46.85605692556841,25.78512384750325,146.08398602665488,147.28323543389956,36.290712839420905,141.50447037123098,18.756877843649562
1653511569.259057,208.70873843059266,-94.81451495370221,7.00705687176371,224.86163104132908,61.12391461310003,7.646402484101689,156.77279660532477,156.77410027892537,16.152892610736416,155.93842956680226,0.639345612337979
1653511569.3940175,209.37932903050142,-94.98196670370338,6.990274033521005,224.779264056405,62.11438936380162,6.096500393971882,157.84936834998854,157.85189868927492,15.399935025903574,157.09635606750498,0.8937736395491234
1653511569.5259333,210.0713198777947,-95.1493855709964,6.9735714376483,256.83275380498037,38.19397663007359,31.32234021711348,141.30493249003126,143.38740002904075,46.761433927185664,133.34336220107,24.348768779465182
1653511569.6596746,210.780277744842,-95.32123076657106,6.966767926666739,289.36243900986665,14.752649239404612,58.10363460761952,135.24575826491665,144.5904362763935,78.58216126502464,110.07388000597567,51.13686668095278
1653511569.7924502,211.46003121305904,-95.49562844987143,6.964698964230523,282.96083791449445,23.491367859914227,55.36875252365414,138.81740038547392,147.0143634165197,71.50080670143541,118.98699630978567,48.404053559423616
1653511569.9260955,212.1563892514466,-95.67525547934004,6.962254832717917,281.72249150990206,26.009710669890826,54.719241072746264,140.16659220432427,148.079044111257,69.56610225845546,121.68496614923086,47.75698624002835
1653511570.0595767,212.81409946704684,-95.85193299842084,6.961845115824011,265.683908159515,38.27207835427603,40.53243076880355,144.16819029354755,148.02517121625152,52.869808692468155,134.12401135269687,33.57058565297954
1653511570.1929317,213.5183853204193,-96.03998322426632,6.95923181981706,232.38097971497785,61.98595150567392,10.633379537602487,159.1477097371023,159.19011550977993,18.862594394558556,158.02593472994025,3.6741477177854263
1653511570.3262494,214.21488758289334,-96.23002023520274,6.954069167650491,229.59757923093846,64.70872950512785,6.928260600448631,161.6722251047458,161.6722271647228,15.382691648045125,160.9387497403306,0.0258085672018602
1653511570.4600592,214.85426405351382,-96.41620858356309,6.946811399970031,235.73884691589916,60.78580101610312,10.705839489034002,158.58321986739136,158.62776527356036,20.884582862385344,157.2020095996662,3.759028089063971
1653511570.5930705,215.5646937733618,-96.61543648957192,6.941716987902659,288.9336329383331,20.634601337101977,53.573627607246316,138.31331318622122,145.96269281073222,73.36893916497132,117.25003782667389,46.63191061934366
1653511570.7260776,216.22106126806793,-96.80822597536842,6.945957893668324,291.266306395166,21.917240066044485,57.1237709405047,140.4547083687013,149.14871110774035,75.04524512709807,118.7254660414129,50.17781304683638
1653511570.859453,216.88865883784337,-97.00272839542158,6.954049481722924,287.41931631694496,27.478426874793747,55.21730911349239,143.07386785098743,150.99494657810703,70.53065747910159,124.48115527021534,48.263259631769465
1653511570.9939854,217.56497171687946,-97.19752506445978,6.967590129105912,286.4035017966313,29.65731189841776,54.526488271459286,144.32911308678905,151.96296152988688,68.83853007975185,126.85483696287754,47.55889814235337
1653511571.125509,218.24192586381116,-97.38996479935903,6.9805844978708755,256.581590676338,51.12689785029728,27.701860253028507,153.38575028089733,154.77906724798117,38.33966481252685,148.51686264965633,20.72127575515763
1653511571.2592509,218.92466999380457,-97.57884654289963,6.992270875104126,235.01194860491483,66.81737546402134,7.6587000352594865,165.18147094411142,165.18281530197333,16.087278611110264,164.39622200692096,0.6664291601553609
1653511571.3942873,219.6131271527006,-97.7700532066268,7.010962054443516,234.93279128503005,67.7283125422971,6.1140274322715875,166.2058999394786,166.2083200877995,15.31966413232945,165.4983657489239,0.8969346221719281
1653511571.5257494,220.27287683442125,-97.951302964092,7.034062242070401,265.0901101865619,45.243487025543516,29.782262280797298,150.0444343703426,151.7590619716595,44.81723335214065,143.19478998963552,22.748200038726896
1653511571.659336,220.97402559733567,-98.13596406638227,7.059134364728246,299.28108138508367,20.508666863436083,57.983243012264225,142.1567565563392,151.00267638742147,78.307055787748,118.64463092981836,50.92410864753598
1653511571.7924452,221.66957091362642,-98.31799206574944,7.090383715454356,293.1056647595529,28.919841326357055,55.30771596186947,145.91977847530288,153.67983888344835,71.43609384592648,127.2378333921065,48.21733224641511
1653511571.9308753,222.36789647343446,-98.50369439674601,7.130883349042201,291.85346028886164,31.452698313142623,54.627743335611754,147.3665755350059,154.83171281587758,69.48556381542718,129.95639270988863,47.496859986569554
1653511572.059111,223.00408061751074,-98.6743660211344,7.164639258723934,278.05549243437116,42.14192642862585,42.47245178250046,151.19486156058997,155.26277012709815,55.05141181686042,140.81629244976025,35.30781252377652
1653511572.1927776,223.67819293580715,-98.86130651710235,7.202147845306702,244.08028034839793,66.37758814261483,12.083164026887495,166.49365597270096,166.56518783383567,20.402087412590788,165.23889465971718,4.881016181580793
1653511572.3257008,224.39227391476695,-99.04791424468083,7.2425099446395675,239.88306800334811,70.23935598062984,6.960604713909801,169.994542741325,169.99477648560642,15.490794088581168,169.28727022531066,0.2819052307297669
1653511572.460389,225.0706090462647,-99.24221119587887,7.2925927070553636,253.18392797468962,60.85563322969688,16.570251681121256,162.5474653474707,162.81201874224843,28.113318928424917,160.09784442557574,9.277658974065893
1653511572.5929182,225.70303210836877,-99.4203244647058,7.343251965946193,296.8397302167168,27.769457224391964,51.75073213642616,145.73150100056816,152.34728313616284,71.13669810834804,127.18978168909777,44.407480170479964
1653511572.72609,226.42559854447217,-99.61055167751705,7.400598993277656,301.5366494392009,27.15372963966414,57.35775386098884,147.34603145104379,155.58460819389708,75.11105089472875,126.76428131718119,49.95715486771119
1653511572.8590236,227.21303789063086,-99.79648336649448,7.460092596201545,297.42515036990585,33.12748947462975,55.56091635850629,150.32805225462843,157.8360305547583,70.21211247927499,132.92397284112423,48.10082376230474
1653511572.9927113,227.69761213091144,-99.96455023983195,7.5122655059127705,296.2873078042978,35.52418346144963,54.96163136181946,151.86093412245478,159.10118048799083,68.58969567338639,135.48873370128157,47.449365855906684
1653511573.1258512,228.52706755329027,-100.13517159497181,7.5835883547480805,265.3696656797053,57.74740796740454,27.44934596658402,162.12429172081096,163.33687364299232,36.84259812641503,157.88257956237635,19.86575761183594
1653511573.259019,229.156685759775,-100.3106944586846,7.649030220288997,244.85506301019672,72.72942419473048,8.592129840273955,173.75074593187946,173.75330543266722,15.698377250421714,173.04011865341508,0.9430996199849586
1653511573.3933718,229.80031637484745,-100.47508233799755,7.7086689162378965,244.7597155718854,73.65786807445708,7.073998120165713,174.77433462520384,174.77548698459435,14.959399197037953,174.13295041245465,0.6346707960721831
1653511573.5262587,230.5313365497451,-100.65351251069926,7.777167926610714,275.01060607793045,51.04532256173721,30.887518273637234,158.08523643938176,159.7655478294915,44.47926952818534,151.69883507243645,23.110350347026518
1653511573.6593726,231.10219256789074,-100.80565598751947,7.83212332596965,309.1920804366606,26.093219690046972,59.03405673821198,149.00119206096142,157.55314411568946,78.08988786876986,126.89887567756645,51.20193341224233
1653511573.7926242,231.83634807831726,-100.97276060314287,7.903358156116593,303.28809117092305,34.12609423641962,56.57802539973508,152.83014156223538,160.39412520790745,71.4517430926058,135.09885483956248,48.67466724361849
1653511573.9257727,232.47805864744802,-101.13135863686796,7.960616581951954,301.4772858823106,37.27142589469235,55.693986102367404,154.648712005945,161.84776393534213,68.99922723486256,138.40278453156031,47.73336952041545
1653511574.0603757,233.18356255761748,-101.28965816783912,8.017878531917225,287.4410031482073,48.2354943550792,43.410863755426035,159.0648958646859,162.95491554253553,54.25744059058982,149.52515252291832,35.39298522350881
1653511574.1938388,233.817548606424,-101.44770082007616,8.072588036163896,249.74518315100843,75.0349387862455,9.791162693648712,177.1999199339567,177.20825354213613,15.927634544584436,176.48263960632167,1.7185746574848153
1653511574.3276932,234.5798803590295,-101.60445927310234,8.13997586985526,249.66398162580543,75.89590345703016,8.432965717033227,178.14013831911933,178.1403792614283,15.084101266775946,177.5003627301325,0.2929898471779673
1653511574.4594283,235.21430266963847,-101.77116189249689,8.193457942334827,259.84982993683826,68.75011510002892,15.669491531695552,172.2916571134385,172.4537798632547,24.63552726719979,170.52127699252583,7.476033589360725
1653511574.593286,235.8575635698678,-101.93065738117268,8.252578771077646,305.67588683247214,33.86682518772593,52.64966123081819,152.69431729848966,159.01778349036576,69.81832326260434,135.7974825688986,44.397082459740545
1653511574.7274442,236.6209106270504,-102.10350723896919,8.317466228837695,310.7992600130194,32.98513732436725,58.57303500693571,154.1147929550773,162.10179394687918,74.17834938596903,135.08864456333643,50.25556877809802
1653511574.8621304,237.3101544005833,-102.26714269404228,8.377500022029672,306.7481703545904,38.893207009145286,56.691136779824745,157.3145968686795,164.56636923964544,69.43801595400711,141.16034970318756,48.313636757795074
1653511574.9955766,237.95346150273073,-102.41884593669774,8.426028352834656,305.5713343566012,41.3095885432711,56.012801634653506,158.839666353669,165.8147779865236,67.61787285387047,143.72843447996883,47.58677328181885
1653511575.1259484,238.65428173227124,-102.57348161259691,8.475461412424202,278.35225356146555,60.72621037059054,31.717904440688116,168.05570019834317,169.65532566671018,39.6979718291943,163.29969198318744,23.242443028263914
1653511575.2604544,239.39147198543245,-102.73663057601516,8.528888688772797,254.34242019667377,77.97135988369546,10.05355906981555,181.32542201357782,181.33183197710466,14.950948211241325,180.70799045971063,1.5246703810427533
1653511575.3923562,239.95115545891682,-102.87989341926747,8.567382669213645,254.21518224916278,78.93655554209991,8.557897799133947,182.3751177468965,182.3751179935386,14.264026790245964,181.81644896136737,0.009484870079697671
1653511575.525968,240.6270383958413,-103.03769923848162,8.621248181206369,284.5592551409692,56.295115208147244,32.51050619372654,165.2785086683225,166.9960540731832,43.932216745127874,159.33281444662887,23.889258012520173
1653511575.659069,241.25259867449157,-103.20044161028353,8.669653013589265,318.71444970655665,31.452587074196078,60.639528726649004,155.3440584612657,163.80672904630018,77.46185103206508,134.6530286844796,51.969875713059736
1653511575.7924469,241.89301224527344,-103.37383488937358,8.720491711633303,312.10286666598466,40.45443503706217,57.62160138878324,160.04997621933322,167.3538568885276,70.20985442071122,143.82826992643575,48.90110967714994
1653511575.9267907,242.60767012917586,-103.56456096165756,8.77508389642813,310.6885943448484,43.14607509900783,56.852955037780525,161.737512579442,168.73204991604186,68.08092421567255,146.7106360606654,48.0778711413524
1653511576.0594592,243.20622843619017,-103.7396422046182,8.817555416029089,294.3624665915179,55.60740874631601,42.450415197401085,167.35723273573876,170.7032882109705,51.15623815532771,159.3470509509342,33.632859781372
1653511576.1922536,243.85476370234855,-103.93151116301935,8.861786518606584,260.9066778470385,79.4546686834619,12.511523315745272,184.17724814613732,184.21340698595264,17.05191414468996,183.38617984648124,3.6497367971386883
1653511576.3267775,244.4859412724381,-104.11920488008464,8.90244106306114,258.8681706637424,81.63393053018783,9.56640201565944,186.30908683424735,186.31026992937802,14.382229391304264,185.75313541027248,0.6639609525983001
1653511576.4596121,245.14752949715472,-104.31618725060368,8.941082223534504,266.89863283417253,76.15215378876607,15.003630181636908,181.77440032600822,181.8754714127889,21.75110333701781,180.46834103936976,6.062547958102403
1653511576.5957656,245.80341688888004,-104.51358415755053,8.98278225977332,314.8598876213471,39.69408858687267,53.32648946096917,159.88949004980512,165.92472207821268,69.05647073246709,144.20767274442318,44.343707201195855
1653511576.7254288,246.44095758722096,-104.69915273491506,9.022365495731151,319.94017641443855,38.61029838343202,59.032226828531385,161.05816945455803,168.643767090809,73.49921882721759,143.30945111834708,50.009861332800234
1653511576.8591487,247.06834278406373,-104.87946443225061,9.0587796263427,315.5615843295441,44.92268037230046,57.1349027289573,164.71796115011622,171.5905601658464,68.49324154548034,149.80214480455106,48.0761231026146
1653511576.9928567,247.78358331227997,-105.07316034499263,9.09887256323294,314.3438447234244,47.50057953521189,56.628328868517634,166.46024900904177,173.11286409977788,66.56026141114444,152.57373988020453,47.5294563052847
1653511577.125619,248.42520919516755,-105.25155682574085,9.13053876645759,283.15765698838817,69.86565414920561,28.754020984518426,178.5283745216785,179.6036234704502,34.732447793220615,175.11721097494646,19.623482218060836
1653511577.259393,249.07570421828967,-105.43027265472112,9.167386115548984,263.3823518785348,84.26550814540224,10.629050262840217,190.23451164455636,190.24012689945917,14.306647660245119,189.69578080012337,1.4616641472912324
1653511577.3933299,249.69694974205035,-105.59420587091944,9.200764552619747,263.2669968094954,85.03459951627184,9.468360886543351,191.11119177264402,191.11137911845606,13.570047067445074,190.62880538719128,0.2675963339236045
1653511577.5261047,250.38459682941166,-105.75826170492918,9.239753993812299,293.7177528248377,62.205849956814404,33.45162470598484,173.4638441141052,175.14542499941456,43.33315599542604,167.96411166174357,24.21187071217254
1653511577.6591187,250.95093691765237,-105.91611731597219,9.271816053490753,326.88955587178776,38.30993742292419,60.7705860333569,162.99640705920027,170.93844513054302,75.93861895413539,144.22605473889638,51.49876997986615
1653511577.7927556,251.6722336613639,-106.08328592131006,9.308186288590766,320.4935050496988,47.132221958752844,57.88204403396695,167.96237450825845,174.845013960137,68.8212713883349,153.21550788006292,48.57385774537618
1653511577.9257286,252.33299271614388,-106.23827044120216,9.339073601337452,319.40761373452955,49.365798462566815,57.24168576427957,169.44506792518024,176.0860337908779,67.07462101838567,155.60406890376896,47.90261216294212
1653511578.0613823,253.0141231642404,-106.38691623759145,9.368035730647,302.71188763807874,62.0480077799529,42.42726170852322,175.61375635892833,178.69835993861088,49.69776447383833,168.43492401754435,33.05922597787622
1653511578.1937337,253.56868338444838,-106.5057071624606,9.38673185328499,269.7447663017533,85.5524941566803,12.822190439251436,192.73821196766139,192.76882716919525,16.17608291730494,192.0582013191409,3.4354585859664457
1653511578.325878,254.29941584059222,-106.65436240487612,9.426801664134715,267.25673781858677,88.05610698621143,9.42398633356276,195.14112606864566,195.14112608895425,12.957321977994553,194.71046939108754,0.0028153305719538224
1653511578.458978,254.91990227088857,-106.79685407173432,9.458380827846074,275.8458678639166,82.19712444394129,15.35110532572873,190.14894149372554,190.24022748407393,20.925965593028053,188.99397851567562,5.892724497882655
1653511578.5939455,255.59854672951835,-106.95206115231294,9.502474057928653,322.70314560235346,46.75332989055608,53.33157527100169,167.71515860388226,173.34752533183502,67.10459887283511,153.70539104286902,43.82910121307304
1653511578.7280025,256.22933895861183,-107.10883346871921,9.55014412733639,328.0807050633397,45.507142764181424,58.81011905904681,168.68389079173187,175.72933774105468,71.85136610472784,152.61597623290064,49.259974931710424
1653511578.8621144,256.88304325861606,-107.26881035613417,9.600992845202866,324.09572782515727,51.17736111218257,56.582207541524824,172.11256264319752,178.4095534268008,67.21268456654121,158.44617146831672,46.981214696321956
1653511578.9928987,257.6177024728427,-107.4362178330692,9.651840456419801,322.92201226769066,53.610936688660665,56.138647340204955,173.783885493815,179.89403011655983,65.30430979484794,161.04715452172985,46.48680688378515
1653511579.1267848,258.27179287188335,-107.59409606556063,9.695860994495794,291.5144774676394,76.23458656447364,28.470107786267228,186.810226263518,187.75125293649873,33.24268459575603,183.82868263003428,18.774246791771432
1653511579.2596729,258.96260156838383,-107.75608595037804,9.739981745650859,271.88653674947716,90.59969026885622,10.691747842533477,198.77636192490306,198.778640499434,12.923935181093327,198.35577621923426,0.9517660968826185
1653511579.3926623,259.5589539948541,-107.91343671685009,9.786650955028726,271.7436121977382,91.44187385616479,9.491708743421906,199.72732849859162,199.72754627264743,12.184658202884066,199.3553105730149,0.2949422116068199
1653511579.5260594,260.24009423018134,-108.09140365457974,9.834431199567216,299.3765018930821,70.96156911679059,31.011431054994024,183.28018295228168,184.4995685249659,39.13640766290075,179.05297277137032,21.176999855426807
1653511579.6609664,260.94317098103755,-108.27349905895123,9.886827884686944,335.42067742168484,44.93017294051417,60.474474145999785,170.34748040325232,177.70023644890335,74.47750644064729,153.2036719994654,50.58764626131284
1653511579.7922964,261.6121535583676,-108.45142894985139,9.932442164005,329.4663093861276,53.03376089552487,57.89322447741391,175.16179093196993,181.6091672868122,67.85415582776,161.48518984537625,47.96078231340891
1653511579.925935,262.2743184710006,-108.62990324123682,9.973409072648108,327.43513287599575,56.57513925049364,57.007569356819715,177.59120980109543,183.71404418893465,65.16081440499516,165.20504249173047,47.034160284171605
1653511580.0602825,262.9884274188479,-108.8104778767802,10.010738440361237,311.1680031200781,69.04253924666446,42.902232424139775,184.2633094641005,187.1759001344666,48.17957570123019,177.85301712344466,32.89149398377854
1653511580.1927576,263.60490350337875,-108.98132292576537,10.037312777153133,278.6311088588756,92.09223254149671,14.059588961119289,201.63422714319037,201.6743420996627,15.02620535549687,201.07355546726208,4.022276183966156
1653511580.325526,264.3332396723959,-109.16619593650147,10.060540174677863,275.97058973988584,94.7307007177246,10.571083172348326,204.2287256529244,204.22936379465597,11.637350067489933,203.89689665422605,0.5105429976704627
1653511580.4610174,264.93907761549355,-109.33865036967438,10.076852673110682,285.976974547119,87.83240519706277,17.500513346892163,198.2902374314153,198.42915359998514,21.037896931625482,197.17105556673715,7.42366067378148
1653511580.592999,265.60100720504795,-109.51402896220182,10.101039124340645,332.2460136238973,52.91825409961949,54.1386299570496,175.57278679010625,181.01136115612522,66.64500641884933,162.4322830618213,44.03759083270896
1653511580.7261946,266.3461991030996,-109.71347683180653,10.125546164397102,336.5934541179522,52.730916110470474,59.41548210278239,176.9826478373138,183.7181412390098,70.24725501485261,162.444392942277,49.28993593838529
1653511580.8597834,267.0132758429127,-109.89305082232642,10.14973979269708,332.5415224825539,58.64138560650757,57.628603734861144,180.82535046295453,186.95467336038664,65.52824663964117,168.534436428834,47.47886394216407
1653511580.9923878,267.73777543195496,-110.09058646719284,10.172298010651382,331.3646295140866,61.096480966902774,57.027117456708815,182.62910123272925,188.54379523706714,63.626854082131615,171.1870674340956,46.854819446057434
1653511581.1257975,268.40011287820715,-110.28146431430964,10.195016547548187,300.4050164397096,83.16990306811067,29.789741794867723,196.0809664248655,197.0576023695284,32.00490356150243,193.4513673824203,19.594725247319538
1653511581.2589288,269.0252448678891,-110.46832579966045,10.21534169697977,280.38111002189794,97.73334114163748,11.664096550779687,208.51112629912865,208.51615928066005,11.355865154008825,208.20166694129793,1.448754853799917
1653511581.392584,269.73122623675937,-110.65660976690636,10.235670059170038,280.2632963391417,98.6968673918934,10.252873141918089,209.61823131379003,209.61823201970682,10.532070102382306,209.35347715879976,0.01720308274805049
1653511581.526914,270.4538361186004,-110.8645440278098,10.255476595733919,311.2027465543144,75.74739296058831,34.432180682290635,191.00913257815634,192.5331185763858,40.74891043571398,186.6119369883981,24.176704086556718
1653511581.659357,271.1144858082624,-111.05306769855561,10.27100488746923,344.32260884593916,51.79370104240363,61.21409420367863,178.54551063544298,185.67093934471913,73.20812303767678,162.84676874095925,50.943089316209395
1653511581.7957008,271.77816788089126,-111.25464189857166,10.288231503111513,338.2195501106865,59.721762698398614,57.520363557150766,183.4322441707363,189.41558146013975,66.44138222979524,170.97640459697027,47.232132054039255
1653511581.9259324,272.445675170378,-111.46496155280433,10.293368903527202,336.6873244595251,62.50376661273362,56.52878991910515,185.45109296772722,191.1277636540865,64.24164928914706,173.96872816553795,46.23542101557795
1653511582.0591094,273.04066031325107,-111.67577544289144,10.291467982284791,321.3178634744343,74.48265907108497,43.40298956456916,192.31653877334784,195.1461604727459,48.27720316118325,186.1584345139764,33.11152158228437
1653511582.1922374,273.71491958513866,-111.89884516602976,10.297426575068137,287.2377752403187,99.10410713083937,14.024095933573754,211.43583779261658,211.46867750939688,13.522855655180024,211.00295229686913,3.7266693585056174
1653511582.3256357,274.4013009440644,-112.12802183346787,10.30084586633865,284.99999693432153,101.63142579843372,10.881866404077801,214.02204047384834,214.02282914085322,10.598695990257113,213.7594476319016,0.5810205377391515
1653511582.4589999,275.0837678920774,-112.35850770431624,10.311948992948965,295.6821168737399,94.33840828566007,18.37504736915107,207.72074297127304,207.8771767557997,20.598348981662525,206.6969159899763,8.063098376202104
1653511582.5922654,275.78460970953546,-112.5902099005364,10.325804253077482,342.54574098548727,59.077383336027495,55.64594088686249,184.19232127556032,189.68586136395135,66.76113127595181,171.6675932365639,45.32013663378501
1653511582.7260015,276.43966403117383,-112.81998741221304,10.342863457012976,345.9738683786206,59.47322734593433,60.07568918308211,185.79547202752164,192.33645359273197,69.53420434744675,172.29321475814737,49.73282572606914
1653511582.8609612,277.08082233674634,-113.04440145122061,10.364445045896886,341.77153127164985,65.50339408507493,58.001680410150776,189.90577430233975,195.78945146897095,64.69070893490351,178.54779553629555,47.63723536425389
1653511582.9927468,277.800618144733,-113.27386532884434,10.38987471155026,340.65594944561695,67.77558293457483,56.90698974375478,191.64992927061667,197.21444516148335,62.85533130088396,181.04944826341915,46.517115032204515
1653511583.125758,278.4575227793695,-113.49627125943402,10.419427119979202,307.72327780535426,91.50850744677454,28.043844664178625,207.08318065362647,207.83181614804502,29.26575502598473,205.00477870620858,17.624417544199424
1653511583.2592125,279.2826051048514,-113.75528723342441,10.450460890314064,289.7139249962402,104.80960319724781,11.681564540541357,218.8136736212987,218.8171368514035,10.431319891388796,218.56489043067222,1.2311036502272934
1653511583.3921266,279.9488778029233,-113.98447562025574,10.476454743735548,289.6381601715051,105.65210989577471,10.467105739231245,219.85020329751498,219.85020349629553,9.689282368581814,219.63658551603044,0.009349004504302982
1653511583.525762,280.6116269082767,-114.22465739429684,10.499373924975384,320.52568883577624,82.72660870554972,34.604104134679844,200.9550535763777,202.39558190920937,39.91406192749952,196.95126609984658,24.10473020970446
1653511583.6592572,281.3149706596073,-114.48243724166014,10.52253917638091,353.8955456162346,58.6359275344473,61.53822504873607,187.71762859089176,194.5263691349191,72.58057495662729,173.11836477610743,51.01568587235516
1653511583.7930098,281.8956264249237,-114.7319287717581,10.549112354874136,347.7870284028513,66.61906939800825,57.95253587293472,192.95041174298498,198.68806192879345,65.89140197792761,181.35099816976634,47.40342351806058
1653511583.9258697,282.6340668631119,-115.0055851737094,10.582538765903719,346.20442659314875,69.48801588976754,56.88300763260672,195.13861603889598,200.5562586578943,63.57035973003684,184.49360106347694,46.300468866703
1653511584.059034,283.2520725940458,-115.2853270417812,10.616600653489181,332.05392250182933,80.61160297446509,44.71658044134873,201.88419389395477,204.74383108104712,48.80184990778355,195.8969300162463,34.09997978785955
1653511584.1928136,283.8997296263541,-115.57024596263561,10.664664615534033,297.6953594691832,105.36911228961199,14.957005903383035,221.3696443229635,221.41125450483932,13.7956298428291,220.9393582522476,4.292341287849002
1653511584.3255975,284.63106702645985,-115.86130409271928,10.71620321405158,295.14954844104517,108.0609388979936,11.524371471282262,224.1691534472592,224.17061023513503,10.518481414585324,223.92224299071287,0.8081682572306814
1653511584.459208,285.21345034045635,-116.14308407117835,10.77236672896382,303.82071230625934,102.28881198700573,17.337734885881584,219.2229992802702,219.3212882336624,18.60726196580299,218.43189605818407,6.5653681569177635
1653511584.592384,285.89319399445475,-116.44709324672793,10.831401017207682,350.0543808829392,67.49131071704933,54.12156534434616,194.80758290087357,199.55959682047714,64.16118688848445,183.93840396377726,43.29016432713848
1653511584.7258987,286.57724265665985,-116.75730756904414,10.88841957945842,355.0281892391256,66.66802446602152,59.18818895438166,195.78147134039438,201.65131351389815,68.45094658246575,183.42533203506565,48.29976937492324
1653511584.8587134,287.2570323295963,-117.07062168157168,10.944822388798785,351.04550750284955,72.44885770599807,56.86421518746716,199.96650377566792,205.17113166150497,63.78847517325323,189.51947938756973,45.919392798668376
1653511584.9939322,287.8465055245966,-117.36617379180939,11.000038448261439,349.44798439322136,75.27178323142115,55.70055253996877,202.247681531546,207.12860894851917,61.60147886862478,192.63795702323054,44.70051409170733
1653511585.1256568,288.5436297116927,-117.69283518371121,11.056951502243457,317.2689338475915,98.48304514262833,28.04145672156529,218.07602878942876,218.73643443677355,28.725304135898796,216.17588032633955,16.984505219321832
1653511585.2598095,289.20591520844937,-118.02019892137716,11.11535662415463,299.61334847151625,111.65621309008125,12.264925072262734,229.91208950723401,229.9149634303937,10.407433263066878,229.6764120114584,1.1495684481081039
1653511585.3922224,289.8014319389735,-118.33276166492426,11.171486010660608,299.5284837075603,112.65203421062155,10.909529113508865,231.18951416916886,231.18966257856837,9.727051768586819,230.9847958755458,0.26195689715174275
1653511585.5254688,290.4747646952397,-118.68764065812091,11.23352390153056,330.3458040550882,89.85746906285272,35.167227843307,212.32230822070375,213.66699500049168,39.87103935984851,208.54510972097364,23.933703941776443
1653511585.6588466,291.04105980906326,-119.02250602427883,11.285475747161708,362.8621060201665,66.53672379124741,61.84306503117799,198.97359233975928,205.29627440068168,71.82104621110324,185.55922981552624,50.55758928401629
1653511585.7927947,291.6857473536227,-119.40191973083606,11.340499537322891,356.99581167681094,74.5733889433613,59.015060336371135,204.67492488614508,210.15396409425944,65.31006432318827,193.97530867419735,47.674560799048244
1653511585.925393,292.300092604458,-119.78236634571051,11.389746963432883,355.1659844620781,77.91516288381548,58.05653569484582,207.45224371530253,212.6363623490009,62.86589185762011,197.697529229526,46.666788731412936
1653511586.0587592,292.9032199370152,-120.171916791618,11.441105153051067,340.0381217541665,89.55853149213502,44.80858807571149,214.96176382467766,217.53608625515568,47.13490181715133,209.73044828375302,33.36748292266042
1653511586.1920314,293.435005379231,-120.54841754094642,11.490070185924829,307.4531831954129,112.54844562081172,15.823056507848214,233.5180012871331,233.55819766303102,14.018177816181947,233.09686316175814,4.332986321923386
1653511586.3254905,294.0528514443731,-120.95506509748557,11.552842172412799,305.03095236556055,115.1522068433394,12.283450158830176,236.3623543696721,236.3634835400855,10.978100921187433,236.10727194082497,0.7306079864173771
1653511586.4608305,294.7125209556779,-121.39377023583982,11.621802152081267,315.73593471997873,107.83388123826326,19.744128053373785,230.18970464953003,230.33295965771958,21.023413764300813,229.22765147410308,8.122325901292518
1653511586.592345,295.2666130921935,-121.78939762530892,11.68187184372532,359.857123951842,74.59579163033791,55.27286175413168,206.7343141621308,211.28002994475304,64.59051085964853,196.38518925564682,43.590989910406364
1653511586.725708,295.86346651451515,-122.21720986996215,11.74814420072883,364.377323790082,74.32793923033044,60.45835353290511,208.14452736892457,213.76816593407312,68.51385727556686,196.54514910029258,48.71020933217628
1653511586.85876,296.504369820113,-122.67056203843696,11.809002855549059,360.60981102883704,79.94638567571388,58.48804510889245,212.51619960267524,217.5823248318979,64.10544120872402,202.61694771415085,46.67904225334339
1653511586.9925125,297.0682968270015,-123.11404693642059,11.857099118219303,359.6676340549989,82.17188457221364,57.843141988400895,214.6182440911122,219.48965086219985,62.59933722799741,205.28593150863423,45.98604287018159
1653511587.1260054,297.63636699233354,-123.5591518652715,11.892918642376431,330.047560116857,103.28863663017385,31.307341174898237,229.1514882889253,229.97244266933538,32.41119312452349,226.84778849544534,19.414422532521804
1653511587.2591193,298.1511314201353,-123.980270437067,11.928782753426722,311.95878668378447,116.43461603233625,14.492294798585629,240.81106490353767,240.82470922640292,13.807655263649167,240.41488646940326,2.563512045158907
1653511587.3922193,298.743663618558,-124.4388538019697,11.957609985181142,311.42999917683585,117.53144260616926,12.634307913564584,242.30263608499982,242.30358101733893,12.686335558277847,241.97029640813895,0.676697928383442
1653511587.525481,299.32699848161263,-124.89298234609055,11.978310939510745,338.2081145968017,97.65200689131777,33.65162649836377,225.91594327324708,226.95318026490534,38.88111611518906,222.54498923740832,21.673315558853023
1653511587.6591787,299.88386060280385,-125.3427873520776,11.996964346073435,366.05733097548267,77.75153108567399,56.49895786648886,213.60297367513087,218.18949972477995,66.17347037267882,203.09431843775158,44.501993520415425
1653511587.79252,300.35369659017493,-125.75876276301632,12.00722393410339,360.42533056573063,85.5919512509418,53.67150112589225,219.7219277238916,223.63729008512257,60.0716339755557,211.3507140139581,41.664277191788855
1653511587.9257169,300.90432159700384,-126.21559365954943,12.021535338622835,359.5879099691239,87.31369740311834,52.53440193298776,221.4464307365416,225.12177603609726,58.683588372120084,213.52929106266777,40.51286659436493
1653511588.0586889,301.4242400260474,-126.67975419597943,12.034873654475586,347.32361351146136,96.67962369722791,41.540574534124154,228.02667427122233,229.92770725511403,45.899373485413946,223.35937789320735,29.50570087964857
1653511588.1920316,301.9473639386339,-127.1506867168688,12.04707073618683,318.94440779082856,116.93674477813967,16.732211729180143,244.67851093535754,244.72336271731007,16.99704385219468,244.08743149500847,4.685140992993313
1653511588.3259728,302.50272435362626,-127.64679185923414,12.067791925483599,316.85573099877445,119.19435251647748,13.41210958531042,247.2580824896662,247.2617369235222,14.353006645148184,246.84114437571162,1.344317659826821
1653511588.4588642,303.04076765518346,-128.14351076329655,12.082571639671723,325.9633328750355,112.99704751733573,19.456596167450385,242.2276054543606,242.33982149430096,22.92256521985206,241.14055828063226,7.374024527778662
1653511588.5922499,303.58117731184575,-128.65582023225042,12.10468035099435,366.97920653583066,82.24876238489446,52.26792060255504,220.22727596371286,223.85964117254792,63.398029223984906,210.90458261714488,40.16324025156069
1653511588.7272913,304.0237239002416,-129.1144071219157,12.111913967539497,369.05069186167634,83.30353095279543,55.23144234200406,222.14834453168737,226.29445575489808,65.02696796143476,212.41793807471112,43.119528374464565
1653511588.8604407,304.56943275718197,-129.64614561645607,12.12382083492115,365.581131159906,88.41769451461026,53.49101121032764,226.4382161091458,230.18581657923093,61.01169840272405,218.06384013106634,41.367190375406494
1653511588.9921997,305.07694255166996,-130.16287807020083,12.128389749296971,364.72249321856754,90.52242849251226,52.86077297660999,228.60357881502227,232.20405528416768,59.64555066689758,220.6853065627131,40.732383227313015
1653511589.1261013,305.59709727620697,-130.7060212028577,12.133582244607108,338.9047339557913,108.81305073957523,29.839606537161377,241.82387079307028,242.4712102118354,33.307636679584334,239.51907194243293,17.706024292554268
1653511589.2597363,306.1095568737405,-131.25782127740757,12.137153942147084,322.2844931203615,120.83953741202589,14.32351242213059,252.6157295592876,252.62519071576003,16.17493624662103,252.09735868943346,2.1863584799835056
1653511589.3930764,306.61783800109544,-131.81095122801244,12.13908706892784,322.3148868369598,121.65009719012261,12.692482770041904,253.94664874216338,253.9472517161344,15.697048835864337,253.46104841813505,0.5533957011140647
1653511589.528892,307.07873492768226,-132.3486467300939,12.145540486019271,351.71677192498333,99.8428529358095,35.721778241754244,236.4433269603387,237.6158367003104,44.63803699730107,232.1914996659034,23.576237755734972
1653511589.6596277,307.560360712047,-132.89285736412165,12.151035115170885,377.1815050890531,81.74622326760519,56.54742982072364,225.64804160195334,229.97408232591798,69.62114437700609,214.63908063172684,44.39639470555276
1653511589.7943969,308.0077436866915,-133.43394267415582,12.163437871459262,372.05147249900455,88.779875616704,53.85471256990349,231.258686841356,234.98668606023085,64.04372881231302,222.21381829085982,41.69127469844423
1653511589.9253418,308.54245990023384,-134.04989411802728,12.174141788893236,370.82850708494857,91.16321562496309,53.0406796170056,233.6674912648414,237.2141867343968,62.28604718471473,225.21310974299035,40.866537828112364
1653511590.0587232,308.9397665518757,-134.58192026274955,12.192112600461144,357.7109860822136,101.03540419851316,41.4066452209625,240.61204342418182,242.37913350161705,48.77121953033787,235.6173244612627,29.21453262050136
1653511590.19289,309.4019157478748,-135.18917264886784,12.214045890724071,330.02409903520686,120.32448766300288,16.72452384137935,256.344504621235,256.3841833281642,20.622183287332064,255.51366031187072,4.510477950655281
1653511590.3253386,309.7902530522163,-135.75736495870385,12.240799197076578,328.1340754092411,122.31483906711446,13.523653315410908,258.7233238604701,258.72650429381724,18.343822357024806,258.07220402581834,1.2828541183343294
1653511590.4674754,310.22484614189716,-136.4101488756852,12.272327430352524,341.7920801767095,112.60191896835958,23.26773443792974,251.00498042185492,251.24569483244494,31.567234034812316,249.0120678440448,10.995407007577215
1653511590.5920496,310.58738071317265,-136.98624025316937,12.294985331662598,376.81210972002737,86.37828756110221,51.202507105792634,232.97516395041737,236.20165593900532,66.22472900685472,223.36452781427158,38.90752177413003
1653511590.72633,310.9132431887839,-137.55237012089546,12.32169015814041,380.53667256408033,86.10943068180649,55.35338578772898,234.2477813262794,238.16748284566884,69.62342937529644,223.66180080270195,43.03169562958857
1653511590.8592129,311.26534858587775,-138.18923917149255,12.35761384590134,377.22971654323317,90.86548295096581,53.50654394453621,238.36393092624144,241.88964015615124,65.96436795735542,229.05472212245837,41.14893009863487
1653511590.992977,311.5689178775786,-138.77244671181907,12.38733550506712,376.47574837356035,92.63249014383914,52.84971791626813,240.33547687806157,243.717758558123,64.90683049598175,231.4049368556582,40.46238241120101
1653511591.1265733,311.95820159924074,-139.4503570528104,12.422897837047403,349.56746204406005,111.42079405406308,29.026510023981164,253.67457682805738,254.21736932504845,37.60926044481931,250.87115110687347,16.60361218693376
1653511591.2593472,312.2545659457337,-140.03230706455068,12.460306505910992,334.10010637216783,122.46313110127107,14.644165933055538,263.4028904442578,263.41194342016314,21.845540426434127,262.4954381658217,2.1838594271445455
1653511591.3933911,312.59042021211593,-140.6683195955598,12.499334595180395,334.17901498018836,123.05491025725479,13.214333783281493,264.6053842763985,264.60635028641985,21.588594768072426,263.7232298528146,0.714999188101098
1653511591.525289,312.9148878083306,-141.2895378686011,12.533494672291752,361.2775830440816,102.92336715360194,34.246087862095436,248.95560501794228,249.90064020101187,48.362695235751005,244.21290502220302,21.712593189803684
1653511591.6592436,313.27004798191797,-141.94842556116342,12.5625134780732,388.8997608106861,83.07623089297374,56.698849395276014,237.39408053880445,241.4621411796486,75.6297128287681,225.02465645413716,44.136335917202814
1653511591.792377,313.58966877134907,-142.56388370225588,12.592394691582518,384.03803216183576,89.51257488622007,54.25485116543711,242.53340911174826,246.08578751078346,70.44836339048669,232.07645858847593,41.66245647385459
1653511591.9266424,313.91424781612506,-143.19511791180113,12.613881721531225,382.65116160179184,91.90552347081136,53.359943762113,244.9430033605654,248.30891338634802,68.73691378566679,235.10064138261248,40.746062040581776
1653511592.059419,314.29486272266956,-143.88661224418172,12.634953587854994,370.4662752378401,100.73543787216913,42.7111361422942,250.98839612037034,252.78400215227995,56.171412515170516,244.62205011635086,30.076182554439207
1653511592.1923122,314.5995897658857,-144.5111920448853,12.655219310621737,342.71311987091826,119.32554518321702,18.369815165893208,265.33034972678354,265.39188211384004,28.113530105032567,263.8367372281023,5.714595855271471
1653511592.325344,314.8573009031025,-145.09298746621388,12.670477312656065,369.3533645118753,99.33804798832205,38.09796053964806,250.43233026553904,251.71990176679907,54.49606360877283,244.43103545453593,25.427483226991992
1653511592.458581,315.17646321772725,-145.75992035220398,12.69531746014646,394.04997261396466,81.81565877811941,57.11643469602185,240.85612863487702,244.91817073762374,78.87350939623741,227.57557913032338,44.421117235875386
1653511592.5920806,315.4329566131129,-146.37801498289699,12.715902325781725,388.75535241411444,88.78902363019718,54.4055765856416,246.33251871413822,249.83542326088283,73.32239580100156,235.16703861309418,41.68967425985987
1653511592.725971,315.735501844651,-147.0847722176306,12.736189299352686,387.4699258894039,91.00067738115801,53.57210560874354,248.65741272620394,251.98825560830667,71.73442404475287,238.0854495987886,40.83591630939085
1653511592.8589485,315.9735050009133,-147.71163161795403,12.753153239211256,387.0037956894229,92.27029449866406,53.12619509090129,250.27310494325215,253.50859860425726,71.03029068850958,239.98192611661807,40.37304185169003
1653511592.9921293,316.239348395268,-148.38327828675529,12.769703541547234,387.0559087030868,92.9868055654511,52.92644076039535,251.5442358565429,254.7293978650986,70.8165603078188,241.3700838522064,40.15673721884812
1653511593.1252825,316.5126178030805,-149.05981857077998,12.786316806294627,363.98721561426817,108.37374724492668,32.239507310827804,261.7744797453025,262.4962949580992,47.474597811187664,257.43356581570663,19.453190504533175
1653511593.2602541,316.8034711453048,-149.76577902534342,12.804895982031653,355.2563731570281,113.32177575209337,23.05070230428963,265.8828447867482,266.0801828379694,38.452902011723324,263.0875547774368,10.245806322257977
1653511593.3928263,317.0466347388516,-150.39208509922238,12.818787716332515,389.6584466515037,87.7253205191291,49.2708568784395,248.94251161192395,251.5971530718341,72.61181191265212,238.11740561835148,36.45206916210699
1653511593.5287652,317.3859336262645,-151.1632882051932,12.831840875053878,397.24966305762786,84.15325651068837,56.08309418975131,248.49968107767765,252.23552963252348,79.86372943136337,235.31654471588155,43.25125331469743
1653511593.6590488,317.6168346333954,-151.77940212058638,12.838917100797827,393.53657933206443,89.09542084504116,54.1608923332326,252.5559105897811,255.91403558801431,75.91974469866904,240.87482296562754,41.321975232434774
1653511593.7925503,317.90527929533096,-152.5265372447824,12.847153843789474,392.6704606901554,90.6982225060139,53.51832748721442,254.45651122506882,257.686360660333,74.76518139482442,243.2247597507963,40.67117364342495
1653511593.9252882,318.15261413206474,-153.24209747479816,12.853448067865042,392.6544481154852,91.36202553945502,53.233486113626654,255.6984557295273,258.8672395940479,74.50183398342045,244.60412301425316,40.38003804576161
1653511594.0587368,318.345974070166,-153.89414352316155,12.860603793696198,380.13576774239095,99.90606739897963,41.9595982635416,261.21356332736525,262.829368879004,61.78979367222496,253.80021092214116,29.0989944698454
1653511594.1919622,318.5885684971267,-154.6495356762936,12.863112043703136,355.9115556699188,115.83459375953842,20.409911011662324,273.0470099601172,273.1512837656509,37.322987172792125,270.484129435832,7.546798967959187
1653511594.325367,318.7911279576281,-155.33510391784674,12.866352598262866,379.2993989838609,98.12117317248666,37.48387472381019,260.5788465303274,261.7391022653622,60.50827102623282,253.4562770903334,24.617522125547325
1653511594.458655,319.02525847434873,-156.06837560761295,12.872548017222023,405.42196231976834,79.51031304948717,57.63126219405704,250.92171883827046,254.8824267765741,86.39670384541961,235.57868865710012,44.758714176835014
1653511594.59277,319.26327056889284,-156.79258110074937,12.884517834305719,400.2959851941278,86.0590357001322,54.96469673910333,256.0140789533595,259.44932082970803,81.03271462523497,242.85161680088157,42.08017890479761
1653511594.728581,319.4913089575944,-157.50190928446662,12.90493036591539,398.6596829717872,88.52127157136603,53.96599494985715,258.44735820370244,261.68883810212367,79.1683740141928,246.02318085583266,41.06106458394176
1653511594.86129,319.7375092648891,-158.21136817491563,12.922930595124685,401.53563908649335,85.81791240240062,55.25758686123288,257.37370460362604,260.832219908822,81.79812982160422,244.02928057731626,42.3346562661082
1653511594.9922416,319.98356699627885,-158.9409348201136,12.946045910421045,409.5020274705065,77.32544933323507,59.158387393885604,252.6566030139992,256.8480865257865,89.51846047422765,236.26638415334867,46.212341483464556
1653511595.125407,320.2209683288073,-159.6736580002449,12.96717014246512,379.7226832754343,99.95151128622811,34.20506848535614,266.35630761936056,267.2016671629172,59.501714946626976,259.625169286473,21.23789834289102
1653511595.2643359,320.4360243122978,-160.40064344353658,12.994443694004161,357.823940247932,117.0113354985841,15.700000000000003,279.9200998831518,279.9331747998414,37.387915935634226,277.4119789421207,2.7055563059958416
1653511595.392034,320.6753325955659,-161.17770356450404,13.018531063238989,359.223451031586,116.03576187435307,15.700000000000003,279.8808011557382,279.8936461072968,38.548118436020104,277.2134654388571,2.6814689367610143
1653511595.525176,320.86764885248016,-161.89594409288233,13.045689284241018,384.43660665420356,97.14956704877702,35.406813101788174,266.7313053217429,267.6669742366893,63.5689578017234,259.04551114165935,22.361123817547156
1653511595.6590824,321.0735501757104,-162.6569779344281,13.070771589322975,411.9460508274336,77.31506560500725,57.80049286253528,256.60162325127664,260.47099842471783,90.87250065172321,239.97204353943536,44.729721273212306
1653511595.793503,321.28564729532684,-163.45218678183335,13.09504598207248,406.1780822834065,84.6752118586869,54.784148167247984,262.2478436027969,265.54079294022415,84.89243498807969,248.12739864052025,41.68910218517551
1653511595.9267342,321.459791595008,-164.19215796211867,13.124004061455361,405.331447365252,86.1202436375421,54.135101100731376,263.99006238158313,267.15662656314004,83.87165577024399,250.31240159966077,41.01109703927602
1653511596.059985,321.6512851524803,-164.98098313706348,13.14996840894,392.5386716767864,95.04353286549626,42.96157268368819,269.5139523115859,271.15770732185723,70.88738652430612,260.0245160025597,29.81160427474819
1653511596.192269,321.8239710887062,-165.73547877209157,13.17600191351237,367.18402507016856,111.8237456559584,20.720390750851024,281.2412799755786,281.3424521205976,45.360053981462386,277.55922442804996,7.544388837338655
1653511596.3253381,321.98737786623434,-166.47140031948206,13.204898237262729,390.46311863314753,94.09920618558785,37.715662860749326,269.4178317186846,270.5304892806455,68.47574076691319,260.5706065050699,24.510764623486597
1653511596.458776,322.16696953268854,-167.25904836935698,13.228811126062658,416.3098071016856,75.59739979436378,57.587553996210794,260.46521510604936,264.21549225823316,94.14283756899704,242.85644816372076,44.358742870148134
1653511596.5920732,322.34857511424167,-168.06030035422924,13.254133385147087,410.63964659365456,82.78878434671194,54.60595523121186,265.9334063224904,269.1292436140514,88.29107147941289,250.84908470094118,41.35182184606477
1653511596.7251663,322.4946857955532,-168.7658083676706,13.282740394093006,409.6868829709207,84.39783439548187,53.924064144426005,267.7579303501154,270.824715381659,87.19219717536748,253.16364276315244,40.641323750333
1653511596.8594015,322.69969010684457,-169.61433519452532,13.316205067593502,412.73745960889295,81.45679037244713,55.27431220474485,266.72740772251063,270.00739394487533,90.03776950204838,251.07112556697246,41.95810713715135
1653511596.9920914,322.85644254127993,-170.33315460355843,13.346281184847841,420.16937771195563,73.53417787838623,58.856890619322016,262.5663405758466,266.4813291292445,97.3129351706757,243.86733248194466,45.510609434474176
1653511597.1256337,323.0266885142816,-171.0955043274493,13.384825249914496,392.07837322655286,94.85183819615517,34.6521540684721,274.7655803716512,275.5874152279943,69.05168471227125,265.94734252360445,21.267328818557605
1653511597.2592268,323.2466490418276,-171.9492702879575,13.418332635214506,370.5284738368607,111.61030308574317,16.223792147117493,287.47452514583506,287.48821403823894,47.28182479503312,283.5595733737007,2.8054595119029866
1653511597.393045,323.42091807314887,-172.69314501820645,13.445892437229004,372.15832330773446,110.2827100463686,16.719178642387682,287.14224561796476,287.1609019715401,48.737405234585594,282.97585506457506,3.273286205158678
1653511597.5256233,323.6180674399539,-173.48833196348653,13.468113181019392,398.3914698156912,90.59056450173962,37.368588453549755,274.46079002497885,275.499470016529,74.7734023757373,264.07889646522614,23.900475272530365
1653511597.6596851,323.81042300956443,-174.27656802392534,13.489535637330077,422.96078822721626,73.10612482938,57.52107153289271,266.5126481916882,270.1254667732548,99.15036521765182,247.38269285330534,44.031535895562634
1653511597.7919261,324.00645622884485,-175.07081854518583,13.510124686440664,418.076343656435,79.30504944447188,55.100920295590264,271.2125106556319,274.38298091451173,94.06988742759012,254.3758679896577,41.5907956091496
1653511597.926476,324.216357879513,-175.8955879781349,13.532857647310717,416.7469088357685,81.3996014994418,54.307928490365974,273.4277187641558,276.4513045562029,92.53055095625552,257.2951894775767,40.77507084305526
1653511598.0596988,324.3817697372128,-176.62889089397342,13.555613110953072,404.64148126187365,89.94559300742112,43.91340582481833,278.394642120348,280.044946999182,80.25971152466087,266.57448390139456,30.357792713865255
1653511598.194061,324.5967855930284,-177.4665085664993,13.58147236392645,378.2429480585692,107.42809732228419,21.064460302715702,289.90144396295176,289.9980039936422,53.64616246554078,284.8946058887835,7.482987938789252
1653511598.3284972,324.8123462294662,-178.3126077665567,13.60579682983192,403.206441074058,88.53318556985761,39.325572611888276,278.1228353225301,279.3095386737131,78.39409484459179,266.8457933364143,25.719775782056356
1653511598.4587252,325.01675510221713,-179.1029833105443,13.632716296760183,427.8533628983905,70.85709690609828,57.864988257934044,270.28764234595405,273.88301058623847,102.83660779617338,249.96008021664255,44.232271961173865
1653511598.5919557,325.21490954283576,-179.90066226815637,13.654751765589026,422.63271065531336,77.07083172533947,53.839949797231924,274.8173515243161,277.7398546116165,97.4178011124776,256.97149399349587,40.1851980316429
1653511598.7253575,325.4150201446918,-180.71106184831805,13.678988163675239,421.8650636756572,78.10091119326144,52.35841310834029,276.1996529447501,278.8948658560253,96.45004353096539,258.8119730415795,38.679424944665044
1653511598.8585837,325.6347355915989,-181.564581523913,13.700001179933848,423.9739486108325,75.84608229265355,52.14210860351279,275.5555309982503,278.2240936491548,98.33921301923363,257.41066381656657,38.44210742357894
1653511598.9922218,325.8332476889718,-182.37868668648696,13.72803957862545,433.014751199776,65.69291471084016,54.86810978530732,270.2358120506438,273.3494091657811,107.18150351080419,248.07160139732713,41.14007020668187
1653511599.1254816,326.0252183109621,-183.16691450169998,13.753668049260025,406.04740520343853,87.27556118006068,34.41499987203034,282.0331240261224,282.7889207175994,80.02218689247644,270.44247568176064,20.661331822770318
1653511599.2589514,326.2391013362669,-184.00702408092994,13.780748821580065,383.1148895118956,106.14247628445294,17.393578823017386,295.6714187115155,295.6934906004858,56.87578817562871,290.1495003653829,3.6128300014373202
1653511599.3922005,326.47118458997875,-184.89211525591276,13.807686159400518,385.405555871059,104.43860378465482,18.26230609009233,295.2719510871767,295.3055514844836,58.934371281080246,289.3307190405676,4.454619930691813
1653511599.5252151,326.6911688272784,-185.74044876721086,13.836876513034719,411.43846410161717,85.08991363210166,38.85491607187293,283.78017769685556,284.8808374689785,84.7472952743388,270.83036239931255,25.01803955883821
1653511599.660182,326.8526535643636,-186.44247222679067,13.882615466683724,435.4170948439955,68.06461009729912,58.45358046353601,276.6949454968046,280.26177724447246,108.56444127963192,254.5070823240898,44.57096499685228
1653511599.7923343,327.10870326535337,-187.32408590944357,13.918673332462776,430.05880552306076,74.81726062325647,55.50867144470494,281.6324006872248,284.686734955856,102.95010225770739,262.1413465327,41.589998112242164
1653511599.9268606,327.37083537407887,-188.24696855862672,13.959741545484462,429.1149831820707,76.41379739394047,54.8216032363018,283.5439871479804,286.4731826691873,101.74414780799185,264.6607659525672,40.861861690817335
1653511600.0593283,327.5994709380439,-189.0903250167907,13.997709363597167,417.0914524933856,84.84160519360657,44.37831195637421,288.17966123842876,289.7766349542278,89.49198155534168,273.93193021039724,30.380602592777045
1653511600.192286,327.80898284073794,-189.91446182692084,14.041515652606243,391.5286403132489,101.75030559001898,22.089927153873177,298.5440190336958,298.65248739711757,63.71965747251096,291.6647674169398,8.048411501266933
1653511600.3251994,328.04276652346107,-190.83445923917154,14.083673451465627,414.5711731912446,84.05549468734156,38.76023334306272,288.1868351090761,289.2413949251894,86.52840666778354,274.8899539265131,24.676559891597094
1653511600.4597127,328.2076988464056,-191.6254466640502,14.123516185390109,440.561061946261,65.37154495585726,58.60519826711108,280.48303317942555,283.9882954319597,112.35336309985541,256.9969916199075,44.48168208172097
1653511600.5956376,328.42140384410595,-192.55052400450603,14.160941142459903,435.14197440366956,72.45926901899371,55.79510600090055,285.69121543883176,288.7089784928359,106.72057055956361,265.00979302349975,41.63416485844065
1653511600.7284617,328.6246039089804,-193.42439021293228,14.19284532284334,434.1374172735071,74.315379772387,55.092975933301005,287.7803645419352,290.6722534055179,105.51281336452666,267.7397699853193,40.900130610457666
1653511600.8590417,328.82722588392596,-194.26879791313422,14.218507593065564,437.3687250912358,71.28192732407703,56.49150216645436,286.87705506746147,289.97491407772,108.54149920730981,265.5507252372113,42.2729945733888
1653511600.9931178,329.0529694598592,-195.1311047623343,14.243197281322638,445.4978743402676,62.63880517350349,60.31706577923782,282.85109570397157,286.5790356939957,116.44490488040839,257.7699099358378,46.073868497915186
1653511601.1270251,329.29954812979867,-196.00542507022558,14.258240860032735,415.15509301088207,85.86887280821095,34.46561923170805,294.6596246371214,295.351709884919,85.8555448810834,281.87429787843655,20.20737837167531
1653511601.2608337,329.5306887430202,-196.8190450912575,14.287042280117843,395.52335126033245,101.16505171713708,17.47858000631628,305.2041176931244,305.2208042874802,65.99266251731223,297.98409680839455,3.1915377261984386
1653511601.3935995,329.7900602359213,-197.68345621161941,14.322141511056813,397.24206784342624,99.8251355173614,17.643969392796084,305.0592327447971,305.0773181069353,67.45200760750492,297.50859172898083,3.321827881739271
1653511601.5252686,330.0620710564321,-198.60247593056923,14.360431780520319,422.87631690119315,80.64500587920821,37.70457062381132,294.2679736716752,295.1924611963669,92.81424584476105,279.24748180977747,23.344138843291002
1653511601.658729,330.31771259300234,-199.5175441609052,14.394733869090858,448.63604506705224,62.287140734134226,58.709653478963865,287.29935752178545,290.69697785229937,118.3183324740499,261.80468489503943,44.31491960987301
1653511601.791992,330.5462357869923,-200.38624444597235,14.425716268066182,443.39228122843,69.27239191704783,56.009671593325855,292.3183369837318,295.261300338239,112.8460454414377,269.65863636302015,41.58395532525967
1653511601.929236,330.77892544347384,-201.28461047600808,14.454137398228262,442.532814516515,71.02005396934273,55.37832067712578,294.34463134503517,297.1759592879099,111.75388907304114,272.3046644453508,40.924183278897516
1653511602.0596972,330.99406504354374,-202.10916317961698,14.477797228482128,430.7601876077074,79.34648262631539,45.014536898330995,298.6143997993435,300.17170459119944,99.76612256416365,281.45564580593236,30.536739669848867
1653511602.1941044,331.25894243190123,-203.0383573823039,14.496844843721513,405.21527112968477,96.21307749985232,22.470050085493376,308.2546996129726,308.35779840197233,73.95632869778353,299.2514348821562,7.973205241771863
1653511602.325185,331.51003418957583,-203.90584684370674,14.507220705189246,427.83592798171213,79.17840764381367,38.79753329512505,299.0240340735325,300.008986930935,96.3258937921363,283.0842544875204,24.2903125899358
1653511602.4587357,331.7452390238796,-204.70064718904288,14.518064334844054,454.22690893593193,60.46304911437919,58.879087696616494,292.084825524604,295.4343339820917,122.48166991205233,265.16369630342206,44.36102336177244
1653511602.5925791,332.0204720869261,-205.5930484669976,14.518242986095725,448.64793384689216,67.94732551856576,55.96298365022357,297.36560163666246,300.2398500623311,116.62746175996608,273.54037398556335,41.44474066412785
1653511602.725293,332.31322991259947,-206.4988961336264,14.520980434641412,447.92738818862694,69.41762183270373,55.34798976776983,299.15975411231125,301.9327792268105,115.61415827602747,275.91651796633016,40.827009333128416
1653511602.8590744,332.57214914234356,-207.31497798988323,14.515404663942476,450.8609095388275,66.70857723953235,56.49644684589029,298.4646371962772,301.4026336304775,118.28876039648395,274.0235552294156,41.981042181947814
1653511602.9923184,332.79300188555106,-208.05144796037624,14.514451132961073,459.3567333366842,57.6426687312935,60.335317203906726,294.2987287831892,297.8444116160192,126.56373145113315,265.6941166916697,45.820866070945655
1653511603.125452,333.11793413808164,-209.03473712075183,14.51364103348613,429.67136669001013,80.41785641449354,35.2072915060891,305.1317244106875,305.8326281019113,96.5534325519285,289.45259353524534,20.693650472602968
1653511603.2587085,333.36148548625715,-209.86266846294987,14.522158079435082,409.08548191442793,96.53445855849401,17.545588518599384,315.6157839558225,315.63026504704663,75.72399642817078,306.3971270214439,3.0234304391643025
1653511603.3920035,333.62988211264735,-210.77577740347914,14.52925221958251,410.8650714446338,95.32523981066862,17.656055605007257,315.69464235346754,315.7101267145146,77.23518933198648,306.10101721414776,3.126803385424747
1653511603.526231,333.8623236677925,-211.6384982341388,14.537082198160537,435.68595891527224,76.94140633915751,36.740033867901616,306.0170158970651,306.82142213573263,101.82363524747973,288.5799045732963,22.20295166974108
1653511603.6589396,334.0800190442858,-212.47249898453276,14.54226563849005,462.26823631684,58.11932448885969,58.15577941895698,299.4196953745213,302.57939877402447,128.1882172725542,270.5918234733924,43.61351378046693
1653511603.7951212,334.3509047331686,-213.40617371186426,14.550419845356167,456.98550970369786,65.30011786715345,55.50270330084674,304.49374920021955,307.23530529909,122.63460497052927,278.7062915790177,40.95228345549057
1653511603.9258938,334.58001504233437,-214.22331330192432,14.554599965858634,456.41931595298297,66.63686394970937,55.02230131779128,306.14907220537947,308.8120613980676,121.8393009106486,280.8601772516337,40.46770135193265
1653511604.05923,334.8401844627974,-215.10150741064572,14.557213962507706,446.84370028333507,73.58081640367193,46.683263912558715,309.64862608930787,311.3107044808918,112.00351582053764,288.68232381431767,32.12604995005101
1653511604.1919267,335.0883260840697,-215.9699643803528,14.559459655575063,419.84168418912157,91.33407675769854,23.147065552082918,318.77720340366295,318.8928540825179,84.75335810505186,307.30404113805133,8.587605896507855
1653511604.3262386,335.3236089896928,-216.78913182486752,14.563382252071202,442.65122254972977,74.06430385399173,39.354795070502504,310.0240920939676,311.01374861607457,107.32761356003698,290.8534356788592,24.791412818431304
1653511604.4605381,335.60994284527834,-217.73899738754102,14.570761165078668,467.6338459035991,56.517976123491856,58.25681879088395,304.38002315885365,307.49905711899254,132.02390305832074,274.25697351103287,43.686057625805276
1653511604.5918064,335.84354997562605,-218.58558035768058,14.584382779620448,462.40831451078617,63.48232697590464,55.58105832022318,309.1616793352445,311.86803519240317,126.56476453516012,282.06790733358525,40.99667554060273
1653511604.7258654,336.06204138769596,-219.41597212950484,14.604301690590464,461.6024158339187,65.11229115482301,54.89619489701815,310.99311603907506,313.5923386848789,125.54037444622276,284.52826328432786,40.29189320642769
1653511604.858655,336.33677259394295,-220.35749720156863,14.631942499568003,465.2520648791783,61.605776551492255,56.48004716486742,310.0361919688268,312.84773324192247,128.91529228523535,281.9632737530609,41.84810466529942
1653511604.9929757,336.5396087044708,-221.18755473850354,14.663444676641335,472.9776252262078,53.42207780767635,60.14105586416518,306.63623830123817,309.9903155888218,136.43801652173698,274.6096325461799,45.47761118752385
1653511605.1256897,336.7489442812173,-222.0464178549105,14.70306429275896,443.1805241933703,76.13999995579428,35.250134645981476,316.6114668949582,317.27748591647264,106.43157991215298,298.18641781070477,20.547070353222516
1653511605.2585196,336.9438541944242,-222.89472726430165,14.742928346908585,421.80245996985514,92.8203561829849,17.200000000000003,326.9204748716071,326.9297081811097,84.85860577543093,315.71508344728653,2.4570716530914183
1653511605.394723,337.15110329946884,-223.7891424731139,14.780386457944607,423.391152198412,91.8265319065821,17.200000000000003,327.18587981183174,327.19482648406176,86.24004889894314,315.61567437969603,2.419613542055396
1653511605.5252512,337.35219011284215,-224.6596262344545,14.807416495149168,448.1851339715109,73.4409455014139,36.35919869785066,318.03756431219006,318.76695504669726,110.83294385866873,298.1005717358684,21.55178220270149
1653511605.6591504,337.5247557637672,-225.47687454758548,14.837805956169465,475.7244114184791,53.80194431450248,58.52087113589126,311.6019953210889,314.64903252922886,138.19965565471193,279.278818862088,43.683065179721794
1653511605.794218,337.69716015826094,-226.3008213609446,14.8646294890561,470.3202100336007,60.997249361003604,55.63948387824003,316.4317537776359,319.04802702610397,132.62304987533975,287.2980707219482,40.77485438918393
1653511605.9254394,337.9300401581697,-227.2455200500502,14.88758331966986,469.6039514882587,62.47800447051166,55.016981719983384,318.2416371023451,320.7617623744324,131.67391133008903,289.72352452056185,40.12939840031353
1653511606.0586612,338.11268775734754,-228.09018849228553,14.908437146573815,457.4741040835806,70.93754529287875,44.49481784218416,321.97008134312017,323.3265952605214,119.36141632623304,299.0277337851643,29.586380695610345
1653511606.1921778,338.2862352229202,-228.90584630682926,14.926343544565547,432.46124897344214,87.30339518854524,22.827087610393075,329.93517184742683,330.0297552930414,94.17501375052194,316.2092414953745,7.900744065827528
1653511606.3252237,338.50081615555473,-229.8251778816908,14.946737051683685,454.79907331103306,70.34821612277547,38.83071366876648,321.91513025262157,322.799930955085,116.29825715547832,300.1733940044663,23.883976617082794
1653511606.4593885,338.699859986778,-230.7222326807687,14.970611518453591,481.0447812876057,51.758869160149885,58.72025459701479,316.3189047739611,319.3300499278133,142.3449213008277,282.4811018409186,43.74964307856119
1653511606.5923276,338.86652246443674,-231.54470885562162,14.99403203055609,475.4968867703318,59.17044160983359,55.88412340026931,321.22134916676055,323.8134566887815,136.63036430589506,290.7151504654552,40.89009136971322
1653511606.7256777,339.0603027584068,-232.44843486415206,15.023552445940279,474.8717691271914,60.5161409367703,55.36603956876599,322.91329652315943,325.42359063028795,135.81146636878458,292.9645758009224,40.342487122825716
1653511606.8586311,339.22372984413204,-233.2831023237381,15.05341549487919,478.2653634820312,57.16409445595944,56.83639215006438,322.01265503374265,324.7121296472429,139.04163363789917,290.44719677969755,41.78297665518519
1653511606.9922168,339.3897752975063,-234.13722496101263,15.081528039467504,485.96136924988605,48.78754343563642,60.43389835405612,318.6371866653966,321.8485578951541,146.57159395237977,282.92476839664903,45.35237031458861
1653511607.125187,339.55844115073313,-235.01756971349795,15.118281558897783,456.70764470536915,71.03952465409054,35.89088776614941,327.71158189209075,328.36927699597305,117.14920355463602,306.0570943675885,20.772606207251627
1653511607.2600415,339.7020832717555,-235.80866490692478,15.149368863680305,434.74852104558687,88.1322203187688,17.352364414857625,337.59668608311426,337.6038738576607,95.04643777383137,323.9408852256936,2.2029955511773203
1653511607.3919914,339.86916745889687,-236.72275342650914,15.181116448566545,436.0420046551229,87.25964896843914,17.2390375453947,337.95533976544,337.96160538619586,96.17283719622606,323.9824023949483,2.0579210968281565
1653511607.5259297,340.00073887526463,-237.54399237645353,15.210981723343572,462.9048450110695,67.16844110829716,38.0541323393243,328.5651935693125,329.35830937643607,122.90410613580485,304.7124334847507,22.843150615980726
1653511607.6590924,340.1348767703313,-238.3873728152454,15.242334071788425,488.9116169110322,48.58131570566359,58.9741876171143,323.2422413582484,326.18709602437366,148.7767401407009,286.968688520909,43.731853545325876
1653511607.7928905,340.2669140969733,-239.25085557221206,15.275524714262984,483.8725165132373,55.28791739466281,56.2722266031647,327.6822513139373,330.2368655858062,143.605602416264,294.5387729668749,40.99670188890171
1653511607.9251223,340.3873637784178,-240.07545867967733,15.30418409908029,482.8897138414839,57.0978882464802,55.59906324598181,329.5738428589123,332.02800361152435,142.5023500630661,297.17334692615754,40.29487914690152
1653511608.0590763,340.51843422038354,-240.9327259814239,15.335089614787409,470.26783570388096,66.23908123621136,44.420713534794785,333.45078547616873,334.7168950822321,129.74940148349742,307.17180721763526,29.08562392000738
1653511608.1919162,340.64620687602144,-241.76085031173062,15.365543615155392,443.2435481954028,84.6190239739389,20.37495584358163,342.12576164991594,342.16243364140576,102.59734131938137,326.37987428566953,5.009412228426239
1653511608.325066,340.79987793041136,-242.62279706946921,15.396682143429329,441.4470872087121,85.9862026213904,17.811516764027726,343.67678916874416,343.685272945441,100.64720927830075,328.6089996908596,2.4148346205983966
1653511608.4587362,340.95514561788383,-243.46658619810316,15.436008819425307,451.9973321890515,78.13887427013518,25.309652469457845,340.23585848862785,340.3790948933578,111.04218657116769,321.60546046823833,9.873643650032538
1653511608.6034336,341.1124838845706,-244.32647980413006,15.496304797600295,491.5755038386396,48.233960388335355,56.18235907191115,328.9843940665084,331.4907035675659,150.46301995406895,292.5604401924654,40.686054274310855
1653511608.7250164,341.24442719621703,-245.01928834613355,15.547565205643457,492.9448964661011,49.29203772991446,58.26753555387824,331.10751884145566,333.8520404309355,151.70046926988408,294.31132607604803,42.71997034823478
1653511608.8586254,341.3907626911802,-245.80512522198435,15.604546502592001,489.4106943230909,54.076470263548146,56.37967374831011,334.42319218508766,336.89981073483636,148.0199316319107,299.8815954855325,40.77512724571811
1653511608.9917836,341.52485172906677,-246.61648068473897,15.654615125051002,488.6064920199836,55.597104645976806,55.72689063516615,336.1042398856528,338.48463382208513,147.08164029091682,302.2135853307158,40.07227551011515
1653511609.125442,341.6701622853449,-247.49842592692443,15.70657003665559,463.8537286444603,71.74947671641036,34.46078067646809,341.8304363721881,342.34451601730524,122.18356635911545,319.2479026433348,18.7542106398125
1653511609.2596247,341.7527695055427,-248.21314317931953,15.745339999138055,457.4431733792858,74.96767290689384,27.66688025766176,343.26390639655176,343.47086129212806,115.6904038737431,323.1808160862134,11.921540258523704
1653511609.3919585,341.8851098626064,-249.02569771590709,15.78515606503134,489.81286436628466,51.06064652144073,51.655145996701044,334.56603914658837,336.48341820650626,147.92775450367827,300.0863442373478,35.86998993166971
1653511609.5266805,342.00361226123886,-249.83083682750194,15.826916737256992,497.81348934518957,47.50730087213611,58.41393508017208,335.68837621759377,338.37898879650396,155.8098770839507,297.3381376996381,42.58701834291509
1653511609.6631637,342.10375949672385,-250.5366997352359,15.867634092892436,494.3966782290399,52.34089469575167,56.52123700769273,339.01028052893855,341.43913913648487,152.29291873231602,302.8775944309876,40.653602914800295
1653511609.7925189,342.2572265693483,-251.35086423288905,15.910132199948885,493.70794833049484,53.75056343031998,56.00612095217978,340.62325564191974,342.9750582740961,151.45072176114655,305.10142766320905,40.095988752230895
1653511609.9250305,342.4046742035974,-252.12383342694628,15.957077607521368,501.24758576276184,45.62277753839274,59.59434678891605,337.4672056569905,340.27683752431193,158.84291155916446,297.746610965339,43.63726918139468
1653511610.059127,342.5314620168905,-252.82973616390393,15.987162873018178,493.4337951497048,50.06938136258442,51.35835432064783,338.40713577472366,340.2506586733921,150.9023331328143,302.89911752648834,35.37119144762965
1653511610.1918535,342.70044634002784,-253.63877264475335,16.023045120012547,453.3292308220606,81.1226846725049,18.400586885912094,352.5676690525474,352.5756854435586,110.62878448203276,334.76145731725825,2.3775417658995472
1653511610.3251774,342.83557796677314,-254.33994806702356,16.051931931509053,454.68963092618236,80.1246649885,18.45547686566212,352.6725202646606,352.6807105273521,111.85405295940922,334.46461305552356,2.403544934153068
1653511610.458459,343.00499592602813,-255.14347319411746,16.08275221451523,463.1584128570399,73.77195188729917,24.30327900800198,350.1745285663801,350.27100581899293,120.15341693101175,328.91542508141663,8.220526793486748
1653511610.592412,343.12978310693967,-255.83542989509257,16.107473660376684,502.4061896013916,44.23381282180077,55.22738726187952,339.7212446852209,341.96621431168427,159.27640649445192,300.0692427168933,39.11991360150284
1653511610.7300045,343.2542339658584,-256.56479744987615,16.136347845691763,504.3543702628265,45.21820663077022,58.05116396500376,342.0909754244346,344.64922352611916,161.10013629696806,301.7830040806464,41.91481611931199
1653511610.8595474,343.38303525604897,-257.28713146217626,16.167119050380077,501.2843569620965,49.404311504343276,56.393009270371,344.9528498003787,347.2903552208057,157.90132170604755,306.69144296651956,40.22589021999093
1653511610.992295,343.50227138606044,-258.01415440414956,16.203262202652688,500.46143394250834,50.91459154975129,55.714655446540945,346.5157266085787,348.76109155573016,156.9591625564479,308.92874595390083,39.51139324388826
1653511611.1253655,343.632822180724,-258.77469671558316,16.238925397348638,475.967905238405,67.04323644918057,34.80052589413568,351.66731406208595,352.1568298253551,132.335083057681,325.81793316476376,18.561600496787044
1653511611.2583055,343.7317325532647,-259.4465738772925,16.272546657679037,467.3494723018732,71.92423829326275,26.3252363146317,353.6777639874016,353.8206004580106,123.61773974860853,331.37081217055527,10.052689656952662
1653511611.3968515,343.8476407355087,-260.19026463602836,16.305931943541626,503.66708829920367,45.04386290535803,53.084848549832344,344.54336219918093,346.50081838611646,159.81944756369495,305.2341275413864,36.77891660629072
1653511611.525282,343.98283839889694,-260.9329637056545,16.328782621779066,509.2323459897932,43.252216603467325,58.15614368251496,346.173401171619,348.6911983575608,165.24950759089626,304.18518030912185,41.827361060735896
1653511611.6584916,344.0951187890958,-261.5823434321141,16.338831083263134,505.73362584596487,48.10427797124379,56.353609140147846,349.3319487819576,351.61625801822925,161.63850705686906,309.6866214033579,40.01477805688471
1653511611.7921367,344.2551364162893,-262.3242653173868,16.340781482156963,504.9873004077078,49.55388068317454,55.79991768598851,350.86009532876733,353.0719897189017,160.73216399141847,311.87814600056134,39.45913620383155
1653511611.9259815,344.4055144267022,-263.02102082284443,16.33857122211756,512.2043389801399,41.8368710087832,59.096551491218314,347.98675223855827,350.6038000510442,167.79882455343773,304.8578918316276,42.757980269100756
1653511612.0585852,344.5550373637764,-263.6670801287979,16.342886234332614,503.7373609233376,46.712007415187884,50.3947578474684,348.81827664051383,350.47641872002674,159.18232355956115,310.3790875439858,34.05187161313579
1653511612.191779,344.75704382188525,-264.4652942880481,16.35545804218826,467.9836727901462,74.4068696537437,21.542669230358904,360.5816767134376,360.6189855531524,123.22662896826097,338.87216394179177,5.187211188170643
1653511612.3250394,344.9052168238441,-265.0968646469683,16.36648004946111,466.3364688151334,75.70216463614253,19.163899047757877,361.7865770319328,361.7973920214664,121.43125199128929,340.7990292831108,2.7974189982967665
1653511612.4595306,345.0545058404954,-265.73039010260345,16.38312976241383,476.5903126149653,68.04129218714415,26.445816627562785,358.7550757304193,358.896171655933,131.5358067744699,333.7716822897476,10.062686865148954
1653511612.5918603,345.2137918391189,-266.44743915250683,16.39799258093805,512.0777640495254,41.59967303677206,54.605893795848054,350.33784915419784,352.41517031086755,166.86397221040647,308.0471121892789,38.20790121491001
1653511612.725719,345.3522985466778,-267.12192114430366,16.409311643739997,515.1673634592432,41.61781484532399,58.234606071133,352.35973216331604,354.8333920365189,169.81506491256545,308.73973598962766,41.825294427393004
1653511612.8589847,345.48329181602054,-267.78549501476965,16.417181227072657,511.81079112316684,46.23708864484172,56.4542711612049,355.35196646990204,357.6003196928383,166.3274993071463,314.02258365961137,40.03708993413224
1653511612.9920921,345.6046123056352,-268.418674859313,16.419025402900555,511.0161061875065,47.8069541984554,55.84504997793308,356.8747830559252,359.0459889693864,165.4114938818713,316.2256290577684,39.42602457503253
1653511613.1252217,345.72825436654443,-269.04054798539374,16.421818369978496,487.3390066129427,63.36441472144353,35.53887380776108,361.31241936020507,361.8178080091359,141.61075224639825,332.4049627068373,19.117055437782582
1653511613.2584867,345.91060963176244,-269.77876251418786,16.415169014850886,478.0776394067392,68.62038906653748,26.57077285585946,363.2934207360413,363.4353392826155,132.16702977497675,338.39915158072534,10.155603841008574
1653511613.3919446,346.0591411402692,-270.402338744917,16.410570691321993,512.3575538386898,43.26936793362651,52.21403095971092,355.028311035394,356.8290758946565,166.29841269842058,313.6717066785435,35.803460268388925
1653511613.5263586,346.23641274578137,-271.06973897066723,16.4082682717927,520.1420347763064,39.55423865277208,58.80428438319985,355.99216402672516,358.50780051562265,173.90562203052508,310.6239776234393,42.39601611140715
1653511613.6583614,346.4089932385546,-271.7052436638692,16.41311269814209,516.2678981823186,44.775750268087855,56.70931462564463,359.1827767430589,361.4360953178807,169.858904943764,316.4809939319571,40.29620192750254
1653511613.7919297,346.57774965242476,-272.36543925851373,16.425084167599728,515.3936599457246,46.370129375662195,56.13826521006013,360.6815413639946,362.86128345308236,168.81591029329985,318.73556863417593,39.713181042460405
1653511613.927253,346.7371531972001,-273.030296623539,16.439027317284104,522.7973285894512,38.251989223612256,59.70048200231797,357.6224920798157,360.2296493944427,176.06017539225115,311.2822858471513,43.26145468503387
1653511614.0583456,346.86105591917556,-273.6272498835309,16.454192219989736,516.4179039126695,41.58252024112603,52.845226904880484,357.9199964845886,359.76524469293145,169.556847993494,315.2097701246569,36.39103468489075
1653511614.1918259,347.0107133397808,-274.2988161088931,16.46726569316945,478.42916938252137,70.9898692759968,21.91438231449203,369.45241485674876,369.4925681566133,131.41845604274056,345.2886853848899,5.447116621322582
1653511614.326013,347.12105917976885,-274.8820768072344,16.476790759261952,477.0180682651643,72.20550598462353,19.609814004897114,370.59819629569995,370.61143928956625,129.89700908539544,347.0875827918579,3.1330232456351617
1653511614.4585466,347.27494935615744,-275.5702116832421,16.485230469465275,486.60039641203633,65.16032750473703,26.299850532105708,368.1153087453054,368.2461232648967,139.3254470558789,340.73053918797916,9.814620062640433
1653511614.592522,347.3764128840052,-276.15464074103113,16.49630578971841,522.6274108150079,38.44838570934234,54.92676334748297,360.12216889209515,362.1669181408565,175.2509979310027,314.6030264503735,38.430457557764555
1653511614.727295,347.49375430801723,-276.7919341858305,16.517475071095372,525.5151249012646,38.79114492655982,58.5027564912392,362.33173779004716,364.75615425361116,178.02137059324735,315.5830791123903,41.98528142014382
1653511614.860841,347.6253789978044,-277.4428135047667,16.530510535882282,522.2708975677313,43.28817796742573,56.82660990657084,365.1977903099829,367.4142099481002,174.64551856992688,320.73099147219244,40.29609937068855
1653511614.9921563,347.7584279853919,-278.1098591053404,16.54873256997051,521.4116429888825,44.84913219155655,56.23963030941752,366.6850816989391,368.8269465534221,173.65321500349057,322.9589912968969,39.69089773944701
1653511615.1283119,347.8657848417713,-278.70604767315547,16.57465540168241,496.90632205569375,60.88141707102875,35.42093329680509,370.854052080326,371.3326138853109,149.04053721392245,339.5874647441842,18.84627789512268
1653511615.2585607,348.0050351192271,-279.3746483406755,16.591699296816774,488.57371138221725,65.47788484756582,27.277962014768605,372.4014264106361,372.5547189387802,140.56867626299015,344.8525331882413,10.68626271795183
1653511615.3917334,348.14381163515117,-280.04899076719397,16.60966269841322,521.1072349142116,41.38477583567922,51.235473652426926,365.0150847635229,366.65373159037244,172.96342327906046,321.4337666028732,34.6258109540137
1653511615.525265,348.26092498721266,-280.6999146038758,16.63109783129961,529.9064116473438,37.06051809540912,58.73325182431326,366.01472021386337,368.42823830982894,181.64548666013116,317.76043269928493,42.102153993013644
1653511615.6583488,348.3677689435136,-281.344307797793,16.653804110297415,526.2800801538473,41.94718013514494,56.94937135567484,369.0124342757241,371.20602014208,177.91231121033366,323.29148793293797,40.29556724537743
1653511615.7922297,348.4487852547425,-281.94240522342045,16.67740162918425,525.4531570275662,43.37032950203187,56.44222286194886,370.34973066176855,372.4784074398384,177.00437177282373,325.31273472545234,39.76482123276462
1653511615.9251251,348.5484512743948,-282.6074818802551,16.703749521647083,532.3611961854319,35.768286764893546,59.816394724575694,367.62787605419595,370.14720778159716,183.81274491103716,318.37576864514864,43.11264520292861
1653511616.058924,348.6521967514756,-283.30479310596013,16.7303366401365,526.7307500247292,38.3389716963552,53.3512589705925,367.6502176962529,369.4695853848263,178.0785532732536,321.64376480231533,36.620922330456
1653511616.191726,348.72689198250976,-283.92083330487134,16.75796099969083,488.0674447157789,68.3876480059235,21.515645160018813,378.86284541972657,378.8927172671719,139.34055273326913,352.30848131079483,4.757684160327983
1653511616.3264415,348.821524863285,-284.6031353036964,16.78608804733708,486.07412486161616,69.8844843598581,19.330013776358506,380.13122563272117,380.13973780591465,137.25259999833116,354.4876196635545,2.5439257290214243
1653511616.4590588,348.90209444519695,-285.2549054157992,16.81230728484395,495.4271222057433,62.83892844907712,26.33738187809957,377.6756557351519,377.79574902450145,146.52502776054632,348.09383386487633,9.52507459325562
1653511616.5918539,348.96828445928827,-285.8672892130112,16.840755406281883,531.7821393245582,35.725372955884254,55.20692198356964,369.92262149208625,371.9068547760494,182.81385486526995,321.59266216889546,38.36616657728776
1653511616.72519,349.05353496108853,-286.5619712673618,16.874009024263717,535.597446050144,35.06279966412911,59.25792067247723,371.80791282749135,374.21587353790727,186.54391108905543,321.6247709314909,42.38391164821351
1653511616.859214,349.12870221125553,-287.26086629013975,16.912936602927676,532.1676258569881,39.56425007952614,57.33805904545622,374.59031522375744,376.7653046445856,183.0389236457326,326.82511636966586,40.42512244252855
1653511616.992701,349.1778423044758,-287.9037460787191,16.95082442606489,531.2491743474566,41.022784973918434,56.72282333980441,375.9556260813596,378.05349446847015,182.07133204298077,328.92653105263753,39.771998913739516
1653511617.1274657,349.2397246945285,-288.6208732905939,16.990576134399497,506.510768706338,57.086687244838274,35.779198526907365,379.7998139756312,380.2642647256409,157.27104401180952,345.7075605354322,18.788622392507868
1653511617.258683,349.25475793780964,-289.223676231952,17.024529081853323,498.4169626546895,61.388412230466194,27.870142367049148,381.02257136812636,381.17689754169385,149.16220471687984,350.6120884624182,10.845613285195824
1653511617.3917937,349.29273482376334,-289.92792958992936,17.065436451342165,533.7537045076274,35.096674741268224,54.00327079641132,373.7202734096224,375.5412711852942,184.46096968386405,325.02460433119757,36.937834345069156
1653511617.5264728,349.2988259451974,-290.5615036216153,17.105725630030623,539.4987996987569,33.078016340210326,59.189828513739265,375.39122112401037,377.7428233765695,190.1999737535595,323.6395199618256,42.08410288370864
1653511617.6594777,349.30127853213304,-291.20618585981384,17.146975141485722,535.9949379389833,37.75970491162486,57.33289768452879,378.2500228073584,380.3787429975584,186.69365940685026,328.9658907714387,40.18592254304306
1653511617.7924643,349.3441615377418,-291.9876941233155,17.190961404290025,535.1042852662295,39.26018749023413,56.73628336147996,379.77886018193175,381.8321818938067,185.76012372848766,331.2478816135497,39.54532195718994
1653511617.927685,349.344986388672,-292.6675726896582,17.234521821521014,542.3354711705712,31.35654060358771,60.35380005459959,377.14314684457236,379.6000861000539,192.99048478189917,324.0241132932459,43.119278233078575
1653511618.059134,349.36036338438714,-293.31940344516073,17.282443416365876,537.0614207846129,33.69357789387344,54.44547294414567,377.0532812659324,378.8802814572025,187.70105740022575,327.0129813390342,37.1630295277798
1653511618.1925306,349.37780566432974,-293.9658668790504,17.325651189064466,501.31851367406443,61.2272773989194,25.46406069164439,386.3264791501744,386.4121920977673,151.9407080097347,355.1931442779698,8.138409502579925
1653511618.3254564,349.41919433830077,-294.7133839332218,17.380940100850538,495.6786731736295,65.59242333493825,19.950652465030444,388.86001324428105,388.8685038955676,146.2594788353287,360.30580726816004,2.5697123641799067
1653511618.4589212,349.44414821748376,-295.3792489462415,17.430283763257876,504.52579929648454,58.97344914402637,26.07134283598042,386.8024730340299,386.89898041625764,155.08165107900078,354.35269809026784,8.641059072722545
1653511618.5916822,349.4723333138298,-296.05669792854843,17.485938009456326,539.6799581857598,32.70185844952003,53.94820570786117,379.8172309824983,381.56339698262803,190.20762487193002,328.7585563780685,36.462267698404844
1653511618.7251134,349.50674413104895,-296.79658894314474,17.544465965054155,545.0558883147015,30.770321760631166,59.43397685348967,381.496459720106,383.7893691876402,195.54914418365257,327.56691070377593,41.88951088843551
1653511618.8584259,349.5150705332451,-297.4365388687376,17.594108471451353,541.5857258436471,35.20874457098782,57.638147865289774,384.11459387279535,386.1962536289519,192.070655310402,332.6452834397254,40.04403939383842
1653511618.9938407,349.5273733476155,-298.1485118284455,17.64752433648724,540.7171781823059,36.51606757849325,57.05634084796558,385.42693494662547,387.4364167204544,191.18980483469045,334.66457940693874,39.408816511478335
1653511619.1262105,349.53145894735553,-298.79336613739,17.69838319289293,516.1277760881043,53.09636554908481,34.37721225063588,389.3336822716989,389.69077419150886,166.59631714074874,351.8897316864748,16.67882905774295
1653511619.2592618,349.5429766039598,-299.52899471187,17.741264736069656,509.90182451769925,55.80956542511003,26.090196774525918,389.84670374961996,389.93609359820323,160.35884791373945,355.33856013698,8.348932038456262
1653511619.3916938,349.5381761528923,-300.16480289708034,17.778340269324392,541.2195635153399,30.714731196452888,47.962738623159794,382.39118758562716,383.5806541617152,191.68138736244765,330.8795340935332,30.1843983538354
1653511619.5249364,349.5721523485599,-300.89014092406836,17.819689870407505,550.1278970697607,25.686257088310253,55.939182999856165,383.24241738019424,385.13354337925574,200.55574472120082,326.5763980123786,38.11949312944866
1653511619.659458,349.6114209902082,-301.58211554623426,17.856184623683834,546.1197913418422,31.208533843478868,54.78300203497447,386.47788544686733,388.23800146766763,196.50837035163397,332.7906493897131,36.92681741129064
1653511619.7924552,349.6826297381339,-302.3299898658387,17.892787446537856,545.2834583933143,32.47320307136381,54.04061854996578,387.75361013346975,389.43488270187197,195.60082865518035,334.8031929372025,36.14783110342792
1653511619.9250793,349.75622112699597,-303.00210646926314,17.931695437988605,552.2173218967957,24.46804173423016,56.45496899024074,385.0028510145566,386.9253647598184,202.46110076979977,327.4701482034933,38.523273552252135
1653511620.0584657,349.8518186067657,-303.72645584961106,17.975843533509817,547.6993259384269,26.222424670376085,51.125822978942864,384.7205478184711,386.14611360335755,197.84750733166123,329.94888051998714,33.14997944543305
1653511620.1950853,349.9537093536819,-304.44665744000304,18.024005400433648,507.41462725899277,58.90440879004252,21.961525776833767,396.00244695973026,396.02202219675684,157.46091790531085,363.35106623004555,3.937520376400119
1653511620.3259633,350.05274983257164,-305.14341572063637,18.068179731699544,507.7966875081117,58.47615138310435,21.71748844399816,396.3613748261761,396.3781741067161,157.74393767554005,363.61956710374074,3.649308712298616
1653511620.458369,350.1438292486592,-305.83791663196433,18.101534278912947,516.1365823500297,52.11773305798057,27.839315725715714,394.57045153828113,394.69059478866325,165.9927531013705,357.9556496899449,9.737781446802767
1653511620.5916994,350.2171630134451,-306.49103468091243,18.123768607978622,549.34459049139,27.650621431280232,54.41515712308894,388.9760644607622,390.6653857250956,199.12742747794493,334.14165611219266,36.29138851511031
1653511620.7249255,350.30455416228983,-307.24314243792804,18.1419807938662,554.9300635550017,25.742117250620925,60.001533001014096,390.8334456825275,393.06870185129236,204.62550939271182,332.985259688549,41.8595522071479
1653511620.858262,350.3598765849028,-307.89076527555795,18.147286302189542,551.4824248208653,30.385840322855437,58.11677084779156,393.5496681539848,395.5741409634263,201.12254823596248,338.27660559841337,39.969484545602015
1653511620.9926968,350.4298555816737,-308.57895335512063,18.150382123230823,550.3962363222857,32.07678624859135,57.284422049051614,395.00998259721416,396.9437736410123,199.96638074061207,340.655739603712,39.13403992582079
1653511621.129135,350.5302343720379,-309.30994738119256,18.1508898573486,525.8367469312708,47.997502162421355,36.50852360789574,397.99621461144915,398.4193639395077,175.30651255923289,357.3074495436139,18.35763375054714
1653511621.2597847,350.6367156512759,-310.00693412547855,18.14960401300387,517.8361917664505,52.40270421330207,28.802458294601383,399.1195444651071,399.26168621391605,167.1994761151746,362.4096383387806,10.652854281597513
1653511621.3915868,350.76100895066077,-310.703940196706,18.14494081706484,549.8626397801576,28.83485228516379,52.52458635336109,393.6090077716864,395.10759424011684,199.1016308294968,339.5387924818698,34.37964553629625
1653511621.5258834,350.89913880476934,-311.4024597705519,18.144316646291642,559.5833239902089,23.798074415036645,60.567684645075744,394.8524879810367,397.1249544125564,208.68418518543956,335.20053418558854,42.4233679987841
1653511621.6584375,351.0342191127765,-312.05929862002995,18.13852549706318,555.7796184814937,28.90741606143863,58.50272525125702,397.71720994109563,399.7602377740012,204.7453993687172,340.9667146814686,40.364199754193834
1653511621.7917674,351.1932800913092,-312.78497920820905,18.13151094324856,554.9493283050676,30.344030241334146,57.846522297776964,399.06646602979833,401.037811729022,203.75604821375845,343.1290094495432,39.7150113545284
1653511621.926515,351.3419725417347,-313.5139431431592,18.12150313706172,562.0589460170163,22.568177111020972,61.270842185212494,396.6772421820135,399.0171674570156,210.71697347528158,336.0821202541802,43.14933904815078
1653511622.058314,351.4772815101468,-314.2249721624893,18.110641948122755,555.8533774427705,25.697301629145297,54.31352747562448,396.63174457969944,398.2805414891033,204.37609593262368,339.92227379163455,36.20288552750173
1653511622.1922877,351.6236557297514,-314.98773798716104,18.096594080063277,518.0440164431932,55.03897287048948,22.930834804957072,405.72836135538194,405.7571602467535,166.42036071344177,370.0267108576505,4.834240724893796
1653511622.3265073,351.71514707942674,-315.6212697303504,18.090392157014776,517.0250817721744,55.79993921296272,21.19636933075236,406.5477695929874,406.55963407012814,165.30993469274767,371.4212089433131,3.1059771737375854
1653511622.4582725,351.8388943438432,-316.32882682014593,18.08103316469784,525.7566554904873,49.27875529826203,27.410160361634425,404.86577003338965,404.9732390652328,173.91776114664412,365.60758211840795,9.329127196936586
1653511622.595468,351.98271735650593,-317.125938336838,18.076440198456236,562.6924283680901,22.047470612568354,56.61957497853426,399.29585979940555,401.151787845476,210.70971101158415,339.17340894940634,38.54313478007802
1653511622.7250245,352.1078033732324,-317.82431329308974,18.073363434894,565.3015018318181,22.239638212152467,58.65655982181009,401.36647116545504,403.41298938530605,213.1936984585857,340.0639515052422,40.58319638691609
1653511622.8583665,352.25858077400846,-318.5728174563278,18.076239641009305,562.4594000668858,26.16539958946806,56.60083203947413,403.7682785005666,405.6019809404029,210.20081929287733,344.73821704579586,38.52459239846482
1653511622.9917014,352.4079298050815,-319.295775650666,18.07955328318322,561.7217907721667,27.76239774311964,56.412343416821884,405.29207753468273,407.10081173071717,209.31386096708525,347.05817339378564,38.33279013363867
1653511623.1249797,352.56111909413903,-320.03457043981496,18.08562160321226,537.919177096349,43.516654756262156,36.80352223018399,408.0773247901915,408.5063803807727,185.35805800221,363.5512251960771,18.717900626971726
1653511623.260334,352.7071090414467,-320.7590052779301,18.093487600305785,529.8969696445224,47.97955312080818,29.22847753132295,409.1019080260041,409.2534167863244,177.18986060307572,368.7385583987383,11.134989931017166
1653511623.392239,352.85512361018533,-321.51946753942605,18.10100130957968,562.4997737297226,23.83120701374907,53.0180474699164,404.0024353120613,405.5085299357331,209.6446501195373,345.3506745531751,34.91704616033672
1653511623.5257492,352.9745864670038,-322.2108244328453,18.112541930257184,570.7640640555165,19.922945736460335,59.81914039985252,405.5709225752514,407.7097173166769,217.78947758851274,342.13377016930565,41.706598469595335
1653511623.6584384,353.08298045835284,-322.9083567635637,18.125523603896287,567.138312974343,24.970407898046197,57.82944325754571,408.4596923577881,410.3848456228401,214.05533251599013,347.87876466160986,39.70391965364942
1653511623.7918644,353.2094196686913,-323.7197354949376,18.13702373634743,566.341255710022,26.557556298176642,57.21840340079852,410.0236099059018,411.8819186572095,213.1318360413307,350.2772917931142,39.08137966445109
1653511623.9248757,353.3067785285461,-324.4235755661047,18.15013558929479,573.595740098314,18.75442302063825,60.81872115577553,407.7969657850451,410.0231377589968,220.28896156976788,343.17799858674294,42.668585566480736
1653511624.0581803,353.4170785027857,-325.17932708220405,18.15737561489375,566.9245677556346,22.392180640293454,53.786354388950706,407.91102087041673,409.464070555681,213.50748925284887,347.57150772249753,35.62897877405696
1653511624.1922045,353.55043413283806,-325.95917316913443,18.171724566709635,528.4204206307861,52.37601414827114,22.583040649342152,416.7937453228982,416.81708920085055,174.86998649794805,378.3351873174056,4.411316082632517
1653511624.325116,353.67286093831046,-326.67713918913756,18.192670699863672,528.1105961479699,52.74362272252874,21.0,417.59865664858717,417.6080927526477,174.43773520965942,379.4207619116663,2.8073293001363275
1653511624.4581592,353.83114213338916,-327.50634772778665,18.203636897326593,538.1654129224747,45.311246448529424,27.8813283783856,415.8991246862155,416.0117061179442,184.33427078908556,372.81759417631605,9.677691481059007
1653511624.5919363,353.9436405938103,-328.2311458079101,18.221436769755154,577.0680423566804,16.33095774654874,58.611776193809355,410.4967014092955,412.47899508544987,223.1244017628701,344.5621035544588,40.390339424054204
1653511624.725656,354.0714356211442,-329.0243420943269,18.235788542961306,576.9974728574084,18.88135896025068,59.60812552585206,413.2001874444654,415.2662581664531,222.92603723626422,347.9057010545776,41.37233698289076
1653511624.8586254,354.1584679153308,-329.7693591375896,18.242472752907428,574.1024436293656,22.93025007781774,57.893028659683274,415.65895490605874,417.5458458388891,219.94397571403476,352.69960921540735,39.65055590677585
1653511624.9916763,354.23482551909433,-330.53723718195516,18.246027894613626,573.4082359254718,24.339089234735923,57.244012378917695,417.10213483050916,418.92127383794474,219.17341040637746,354.8763264166911,38.99798448430407
1653511625.124869,354.3042905079903,-331.298536713965,18.251749702627652,549.5450705130015,40.0016320759059,37.14700331044563,419.50301252833907,419.9283368972087,195.24078000501123,371.3001687898709,18.89525360781798
1653511625.2583013,354.40365736458295,-332.1198493931077,18.25777850967527,541.3658135430712,44.50591429022411,29.13287099082256,420.47807756524276,420.6186887781329,186.96215617848827,376.6257636833318,10.875092481147291
1653511625.3919814,354.48466843260417,-332.8811866383464,18.26820465016029,575.3807171143391,19.38821603440016,53.9114433371065,415.798985547845,417.3238992038578,220.8960486817349,352.26940267274654,35.643238686946205
1653511625.527492,354.5695715930246,-333.6251343469881,18.285050198826365,582.7242972524655,16.055897292701484,59.91325910269255,417.5301219425161,419.6001793444281,228.15472565944089,349.6810316396896,41.62820890386618
1653511625.6586874,354.66172830671496,-334.4182075550169,18.305617082974152,579.1163193098291,21.045694338941797,57.887878275366354,420.3979649951379,422.25727272973756,224.45459100311416,355.46390189395873,39.5822611923922
1653511625.791929,354.7535039698711,-335.2025420480147,18.32555449701906,578.2943662876563,22.660148340650643,57.212743878130404,421.9433875509756,423.73156100998096,223.54086231778524,357.8626903886654,38.88718938111134
1653511625.9251444,354.8387391026831,-335.9815480599871,18.350129076746935,585.7541632123974,14.53116491943798,60.89913413700216,419.73931797243637,421.89040387710133,230.9154241097143,350.5127129794251,42.549005060255226
1653511626.0596848,354.9441210930959,-336.8346540700535,18.368803179708447,579.2440810470408,17.88582348402827,54.098586293843624,419.6868942813644,421.20506482344234,224.29995995394495,354.72047755408175,35.729783114135174
1653511626.191991,355.009048242981,-337.5634867040784,18.385979637880148,542.739831773209,46.09268242080782,24.93047228496271,427.12399042017836,427.17412559337475,187.73078353022794,383.6561691248862,6.5444926470825635
1653511626.325264,355.11503692145106,-338.4226503282304,18.401703273944857,539.184230361486,49.03337425993568,20.935383087160446,428.95645345807606,428.96393612601804,184.06919344003495,387.4560245881661,2.5336798132155884
1653511626.4603379,355.191558465343,-339.2488555486782,18.42159875452157,550.7251720836761,40.58367700648184,28.9897503617988,427.207381539587,427.3380777210295,195.53361361833305,379.83253255516,10.568151607277233
1653511626.592159,355.2456819096526,-339.98819182542275,18.44372656061834,585.6136872801526,14.649959331978422,56.143612541724295,422.89199112151846,424.56909632910265,230.3680053705,354.6381511574012,37.69988598110595
1653511626.7248726,355.31660180692546,-340.7898717674968,18.47441527330028,589.2615682904294,14.275908288860416,59.86481973875495,425.2081319894967,427.2178847986249,233.94496648350395,355.0657800563572,41.39040446545467
1653511626.8582866,355.39251241092705,-341.6507903307124,18.498951303435454,586.1437857331268,18.643307137004896,58.02240125318987,427.85276300369213,429.67439987253636,230.75127332219978,360.29409746771734,39.523449949754415
1653511626.9929283,355.4536557506006,-342.4520133938719,18.525536567984364,585.4482066374544,20.076584819009774,57.40711892229544,429.3302667642273,431.0872944152004,229.9945508868538,362.52859821288166,38.88158235431108
1653511627.1254735,355.5129794760058,-343.2359104466837,18.555620270529968,560.8122722687006,36.1881406757298,36.565836926422456,431.4051578172478,431.7809376238333,205.29929279269476,379.4240511224135,18.01021665589249
1653511627.2584674,355.5857800892575,-344.05522279340505,18.58094329809728,553.6684307862712,39.992457775593124,29.424703250877094,432.1219242963523,432.2579606988122,198.08265069701366,384.0476805689982,10.843759952779813
1653511627.3919892,355.67879951088315,-344.9629621620588,18.60438243327314,586.1468632531726,15.980310829671062,53.36110401703709,428.24709540533064,429.65521574671203,230.46806374228942,360.9432729917298,34.75672158376395
1653511627.525586,355.7341946652028,-345.7069900295446,18.62681270815341,594.5137947062748,11.908667576531606,60.28285566595831,430.00541387382634,432.01838140952196,238.779600041072,357.61565760607624,41.6560429578049
1653511627.6582286,355.77988766531416,-346.4703156093762,18.657043225630137,591.0658586253162,16.5834590507278,58.32974117582666,432.62862991894156,434.44384491921164,235.28597096000203,363.053774660104,39.67269795019652
1653511627.7944288,355.84749999320655,-347.35073648075837,18.679646051534153,590.3945813633244,17.864552134438725,57.743471582706746,434.04439913161235,435.7987183123102,234.54708137011784,365.2152886151971,39.0638255311726
1653511627.9260898,355.88646621698604,-348.13709256055915,18.698897079044,597.5063177014367,10.175104200731385,61.270833214785185,432.1663834442353,434.2581636833272,241.6198514844507,358.3121967612905,42.57193613574118
1653511628.058612,355.93509127259495,-348.978413728395,18.715613658449332,591.7762812583392,12.801049795689753,54.897259837502,431.86276422223125,433.3757707139298,235.84118998574422,361.7794635240848,36.18164617905266
1653511628.192098,355.9918129246924,-349.87865927081265,18.723742606177595,550.4130643733472,44.696819951425965,21.501727784810814,439.8743363942938,439.88310835945157,194.4212514486548,394.57547922223864,2.7779851786332195
1653511628.3249319,356.0289758438025,-350.71417259513294,18.733971536017513,551.8733235972605,43.64298858521965,21.61201976421122,440.3096400502764,440.3190460141462,195.844347753458,394.3571611803526,2.8780482281937054
1653511628.4606287,356.0428181290515,-351.49594367156146,18.74031998268759,561.1071370740264,36.812641194791496,27.94552443981855,439.1297439086494,439.22621480778395,205.06431894497484,388.30858486635293,9.205204457130957
1653511628.592097,356.080708614652,-352.36288168951313,18.74640630550724,596.7828670019397,10.3300441357542,55.559198562479146,435.29724039556214,436.8510835167366,240.70215838728774,362.6929258252673,36.8127922569719
1653511628.7250202,356.1067371127686,-353.19664815252577,18.75343696476719,601.8754755453797,8.716614231975383,60.42635165055688,437.47397897537854,439.4543367620339,245.7687384326111,361.91326238450114,41.67291468578969
1653511628.8583293,356.1242438137075,-354.0004928728819,18.76914250388478,598.5473028884081,13.257491426002579,58.515635760021304,440.0538223926881,441.84516555980963,242.42305907470063,367.2579842988845,39.746493256136525
1653511628.991619,356.15969719332276,-354.88473360517906,18.785813093151532,597.8458166593083,14.677357890797056,57.826182924061996,441.5748179113103,443.2972707900886,241.68611946598554,369.5620914959761,39.040369830910464
1653511629.125252,356.20336688326176,-355.7709697069435,18.80261999697513,573.5496147046686,30.55395821516646,37.41511534161471,443.26779871322464,443.65838925802143,217.3462478214068,386.32492792210996,18.612495344639576
1653511629.2582111,356.25891153965154,-356.66679221133,18.814857322601025,564.7478824880764,35.520037499982536,29.027960923830996,444.1600616963925,444.27746723338635,208.48897094842482,392.18682971131255,10.213103601229971
1653511629.3923616,356.2948055109807,-357.4691194920828,18.823635807063727,596.5697810817275,12.065533907783625,52.26981559664341,440.7810385541583,442.048154493828,240.27497557074673,369.53465339986644,33.44617978957969
1653511629.5260372,356.3443975828103,-358.30712553678944,18.83185498792196,607.9770254931046,5.275418355318718,61.13539984047265,442.16653610613434,444.1855868431451,251.63262791029433,363.58254389210816,42.30354485255069
1653511629.6581843,356.3932815936513,-359.08684371268936,18.840591091247344,603.7071084420106,10.931464353620626,58.758030446258154,445.05918399088785,446.8456995645095,247.31382684835933,370.01830806631,39.91743935501081
1653511629.791785,356.45641211105504,-359.93864332300757,18.851096203263115,602.8977714765753,12.499896962608252,58.06002001331454,446.5913231311215,448.3092120427018,246.4413593655202,372.43854028561583,39.20892381005143
1653511629.9248774,356.5049903953675,-360.7195350809566,18.857266675227528,610.3671329427126,4.5269587948608905,61.597450908069206,444.80443872257626,446.8531213447696,253.86214254734512,365.24649387581746,42.74018423284168
1653511630.0581973,356.5537310119138,-361.4972165194398,18.85906716921313,602.9766879883546,8.608000111906922,53.93037616082656,444.63709370985777,446.0180958404424,246.4229569764408,370.1052166313467,35.071308991613435
1653511630.191598,356.6436978180587,-362.44907817183554,18.85173782898431,568.3854906393984,35.22224074684133,26.088447729155817,450.52976007996983,450.58787676533694,211.74179282133974,397.6713189186769,7.236709900171508
1653511630.3252127,356.69106098321333,-363.2634172299154,18.846632350382425,563.7663830641916,38.79592341931097,21.581265710569753,452.2520341781024,452.260301859279,207.07532208097825,402.05934064922633,2.7346333601873276
1653511630.458595,356.73578052983487,-364.0394212864925,18.842785339194645,565.2134603367879,37.70627777637436,21.798786896145476,452.61744298380944,452.6270955636733,208.477679806953,401.74569906286683,2.956001556950831
1653511630.5915618,356.78079572191797,-364.85005472528957,18.844209255881566,610.2434570817542,4.157545475087801,56.629785009144136,447.6716762419224,449.2634855452401,253.4626613598362,369.0076002003774,37.78557575326257
1653511630.7256067,356.8445176857101,-365.7496508591261,18.85348097156345,613.9399531106502,3.7594517714616438,60.36770167267384,450.15001926380256,452.0602508113518,257.0954354249401,369.5091026305878,41.51422070111039
1653511630.8581586,356.88775107259545,-366.54776619108264,18.878564730778532,610.8435017339032,8.03792429472518,58.535293156553884,452.5571376198565,454.29133705158125,253.95575066130772,374.58569048580785,39.656728425775356
1653511630.9925318,356.94151053981005,-367.3817056706568,18.913378432940686,610.1316932817874,9.467975449138313,57.92139592019509,454.00545238687073,455.6781498221009,253.19018274197737,376.8496811197951,39.008017487254406
1653511631.1255367,357.006689445475,-368.2520405200087,18.953443326531215,585.8126829483076,25.423611494412345,37.47134422485499,455.3380081343944,455.71439993210436,228.80599350283262,393.675652014421,18.517900898323774
1653511631.2585628,357.06432105382356,-369.0676445041513,18.993608058149547,578.5744832747616,29.3155793347412,30.19729690754513,455.82446731545184,455.96213400593854,221.51016222093807,398.3832238388925,11.203688849395583
1653511631.3917189,357.1605029457567,-370.00427542443555,19.03068493049932,611.8377342593207,4.777980543124755,54.298711775312626,453.12496238640006,454.49539629703946,254.67723131356394,374.78225596756033,35.268026844813306
1653511631.5249388,357.2259625228863,-370.8481351315271,19.06708062500741,619.7108885199802,1.054090567233175,60.66005543583095,455.202813980089,457.0990892673112,262.48492599709397,371.9022256987603,41.592974810823534
1653511631.6600807,357.30116720020686,-371.7165467004912,19.103772894301606,616.1485448108768,5.983966847116516,58.6249876156309,457.8860587854225,459.58847814441214,258.84737761067,377.7005135476077,39.521214721329294
1653511631.79844,357.3811630891507,-372.6102504624186,19.139724317047737,616.0782615835201,6.75770550455314,58.30394046381408,459.17778123942765,460.84495289669206,258.6970984943694,379.36795596697175,39.16421614676634
1653511631.9269948,357.452803898894,-373.4583481787011,19.172560756988908,623.2817699184953,-0.9652266833224461,61.74500396290312,457.62010962852287,459.59610274342197,265.82896601960135,372.49312149537866,42.57244320591421
1653511632.0593023,357.5064537840707,-374.22529852348754,19.201373925257613,616.8550898569059,2.470363418072105,54.95510717347814,457.34159745034094,458.73703382179053,259.34863607283523,376.69566194155965,35.75373324822053
1653511632.1934159,357.58531194337263,-375.1110771836554,19.235124982897823,578.6411354117687,32.02614134149333,24.40995998856817,463.27787751811053,463.3067781880828,221.05582346839606,407.13721852514874,5.174835005670346
1653511632.3257616,357.65591453729303,-375.98467847002973,19.27388702087479,577.532395145436,33.0012014795466,22.507775214423763,464.3437484480138,464.35500940078236,219.87648060814297,408.9858799495763,3.2338881935489745
1653511632.4586644,357.71137055295065,-376.80752707447635,19.313257508690327,586.3601452236038,26.512422811573032,28.528305287694394,463.6240331717894,463.71560383498615,228.64877467065315,403.31994988604936,9.215047779004067
1653511632.592191,357.7512696064815,-377.59515906461627,19.34729188648641,623.7843002497453,-1.2629244159678876,57.62591189814212,460.8682287041331,462.4551621280509,266.0330306432638,376.3322346486484,38.27862001165571
1653511632.72904,357.8151945429451,-378.4798137729231,19.381400106038182,626.9185486260375,-1.1543208959596996,60.85414083128426,463.4556534919102,465.30756600003514,269.10335408309237,377.3254928769634,41.472740725246084
1653511632.8587346,357.8785296377844,-379.34368363845556,19.411097148543575,623.978286065638,2.9877604005303677,59.028908451301376,465.8180046669506,467.4997159831438,266.0997564278536,382.3314440389859,39.6178113027578
1653511632.9919465,357.9363319872897,-380.2154407980342,19.43906515622475,623.3161247852742,4.406755638439752,58.419757336712266,467.29077501820933,468.9138116754385,265.37979279798446,384.6221964364739,38.980692180487516
1653511633.1249866,357.984456192143,-381.04243927634917,19.47166436805691,599.2702706296516,20.0623440205455,38.35718928107189,468.08534631242264,468.46617218712896,241.28581443750858,401.10478329689465,18.88552491301498
1653511633.2582204,358.0421340046285,-381.9201908748867,19.494337455870713,590.78228014748,24.795139061287866,30.229057962087087,468.59933336666967,468.72227326641286,232.74014614285153,406.71532993617456,10.734720506216373
1653511633.3930016,358.08486950933593,-382.7344845484711,19.516231914422548,624.0008989826267,0.4240408929047028,54.21135469840539,466.3923137759128,467.68102580096735,265.9160294732908,383.1585254413758,34.69512278398284
1653511633.5247982,358.1774485498361,-383.7183840348074,19.53273662072411,632.9809073186015,-4.46199704763566,60.464588220877374,468.35066779267,470.13590003025394,274.8034587687654,379.25638698717177,40.931851600153266
1653511633.659117,358.21893435032763,-384.49942800150734,19.549520027131674,629.4547344906132,0.28740234402335485,57.84421641291841,470.77570464617344,472.3306552155817,271.23580014028556,384.7868303455307,38.294696385786736
1653511633.7928395,358.31669216643854,-385.46931649946976,19.57338038973582,628.7606721513224,2.033960050238653,57.70778515359898,472.54495621773816,474.0811834206439,270.44397998488387,387.5032765497084,38.13440476386316
1653511633.9273589,358.3825185583835,-386.35732222061404,19.59612932567896,636.1138650778071,-5.381723832302485,61.90244585333434,471.462731726299,473.35708701250303,277.7313465194236,380.97559838831154,42.30631652765538
1653511634.0652983,358.4470669321732,-387.24190573145756,19.632312525282064,628.7063001032925,-0.956777885417841,54.54019758433111,471.44061461574637,472.73122760038655,270.2592331711193,386.2851278460397,34.90788505904905
1653511634.1922572,358.5274171050328,-388.1163348648508,19.673653156778894,594.7637999890973,25.23614414614412,26.810186045466125,476.0965243547586,476.15000851029356,236.23638288406448,413.3524790109949,7.136532888687231
1653511634.3252099,358.59794157437534,-388.90991843655604,19.72619375947987,592.2307107665248,27.260812760801013,23.729586626640874,477.26549041988676,477.28228073141776,233.63276919214945,416.17073119735704,4.003392867161004
1653511634.4593055,358.7234598106879,-389.8547874573981,19.77918746209887,602.126548716754,19.989146712322945,30.565609802383545,476.6729634295708,476.7949884086786,243.40308890606605,409.8439341697211,10.786422340284673
1653511634.5917325,358.81960054653393,-390.67271081900986,19.831501268087624,637.6096528615609,-6.086098788441056,58.04171731484527,475.0060583013302,476.5404243433149,278.79005231502697,384.5866120305688,38.21021604675765
1653511634.724652,358.95721436524536,-391.67012170993223,19.881414364779417,640.3133287079722,-5.632903898488092,61.12672162929128,477.68817926931996,479.465506564322,281.35611434272687,386.0372178114441,41.245307264511865
1653511634.8582497,359.0531426922831,-392.5450263949127,19.924229850829768,637.3506715670038,-1.4095910362742106,59.458451243572945,480.03796034372914,481.66315826737065,278.29752887472074,391.1354353586385,39.53422139274318
1653511634.9919279,359.10214370674447,-393.276201094591,19.964692984226918,636.7570890378271,-0.03022119493994957,58.9457164804565,481.38827299181605,482.96396301055097,277.6549453310826,393.24597989965105,38.98102349622958
1653511635.126611,359.21159756621046,-394.2219579520784,20.006896262816287,612.5009554908773,15.817596313395242,38.753288495073754,481.9625866186278,482.32702818921933,253.2893579246669,410.03955426547367,18.746392232257467
1653511635.2616887,359.3230750386343,-395.2279378277393,20.043707681349893,606.3358106806105,18.88020726074361,32.41868511472136,482.18341675959454,482.3421891815325,247.01273564197624,414.1081450884829,12.37497743337147
1653511635.391916,359.3977342404118,-396.01320997926695,20.07521910470921,638.8687487479723,-4.938154904070725,56.07825955739868,480.6701016830076,482.0165615140115,279.4710145075605,391.07505507519625,36.003040452689476
1653511635.5254555,359.4751217197244,-396.9033396852524,20.108597210377518,646.4872696084584,-8.755689868088673,61.30700151940475,482.7365441877091,484.4913617515818,287.012147888734,388.1476498171637,41.19840430902723
1653511635.6581392,359.5451682300029,-397.70586027398815,20.13311463196736,643.0836077607457,-4.135486081128543,58.62918725273587,485.06874371972907,486.59391050552586,283.53843953074283,393.5703741928596,38.49607262076851
1653511635.7926266,359.6224569925718,-398.5600506167113,20.15303761900071,642.3937537425977,-2.3796559794383976,58.42042841229131,486.7427568650986,488.24471790154877,282.7712967500259,396.1803946372729,38.2673907932906
1653511635.9255242,359.69815384027845,-399.38039094462613,20.172684075448657,649.536082227985,-9.689622522946333,62.23520152731765,485.65926298708297,487.4773585506771,289.8379283877066,389.6907684216798,42.06251745186899
1653511636.0580373,359.81440308588157,-400.36458879386186,20.190512907610483,643.9180758156649,-6.761541613174087,56.23843000142445,485.425849753054,486.7624758907337,284.10367272978334,393.6030471806878,36.047917093813965
1653511636.1913853,359.91470962481236,-401.2823875936076,20.210205479758812,606.562421065982,22.317287826373676,26.32613366484079,490.1752529198919,490.2134057251444,246.64771144116963,423.5996754199813,6.115928185081977
1653511636.3251538,360.02883155486023,-402.22711218320774,20.22977939252726,604.9976500161924,23.654337235725947,24.010113679068027,491.3092009900821,491.3237444952471,244.9688184613322,425.8814494189337,3.780334286540768
1653511636.463411,360.113256616746,-403.06432949130755,20.25355320458796,616.4421655085996,15.228551101986405,32.023768311150974,490.5847974496599,490.7259738921291,256.3289088918536,418.29288059329394,11.770215106563015
1653511636.5956738,360.2386093073236,-404.027857439868,20.28289692870107,652.216663716427,-11.27252940457219,59.683140904236915,489.39547602796466,490.97893150518166,291.9780544091034,392.7553280352958,39.400243975535844
1653511636.7248137,360.3282509661364,-404.8657739598344,20.30776049834598,654.1342990485606,-10.292652326590593,61.991412549581,491.9450601492146,493.70787825752063,293.8060480824242,394.57312163324383,41.683652051235015
1653511636.858627,360.4380420053105,-405.83051840795224,20.3316217344749,651.0540268622159,-5.958065631886608,60.10390347079748,494.32340541744117,495.92082386002846,290.6159848569054,399.87245277606564,39.77228173632258
1653511636.9914315,360.5156617221134,-406.6978847365878,20.354760832393158,650.4215095328973,-4.608594297845969,59.448632808823795,495.7027315644128,497.2419219117892,289.9058478107839,402.08929043874184,39.093871976430634
1653511637.129893,360.59625488436257,-407.62983239504814,20.382187970385967,624.6743565167419,12.182321139431188,37.83900530656314,495.96319219980273,496.2703179604107,264.07810163237934,419.8121535344793,17.45681733617717
1653511637.257974,360.63937360093513,-408.4201746461221,20.408304343488663,620.8061358093081,13.652340092538118,33.26215060897788,495.81443288371975,495.9810210276412,260.166762208373,422.07251473866023,12.85384626548922
1653511637.3922033,360.68072938139693,-409.2670198092847,20.436731881092044,653.3628550429277,-10.339561435333433,56.935965194019246,494.77868156020287,496.1231074631418,292.68212566153073,398.92745837395125,36.4992333129272
1653511637.5285764,360.7279191650235,-410.14555308116127,20.4699672485962,659.802703323803,-12.70712811079531,62.17517664242021,497.3962486414085,499.1416158297448,299.07478415877955,397.438424970366,41.70520939382401
1653511637.6580935,360.772779006615,-411.01413948717163,20.506915294611666,656.6523993309182,-8.167911806371484,60.233486322945204,499.82980391319694,501.40605633116775,295.87962032430323,402.84622768080015,39.72657102833354
1653511637.791557,360.831568574643,-411.94574559167023,20.543701571536857,656.0376250861445,-6.743870941581658,59.62753163529298,501.33339707326303,502.85457221096294,295.2060565115016,405.2018746500886,39.083830063756125
1653511637.9257624,360.8982234091164,-412.9325219733259,20.58245292020193,658.2120450383103,-11.513613129557719,59.71255778789761,499.53243028764166,501.0626847172262,297.3138216291939,401.4189088437682,39.13010486769568
1653511638.059064,360.9125070817339,-413.69474645361896,20.620411112639612,651.456603583296,-8.438003009975311,52.783796293027855,498.6470696980543,499.68328315515845,290.5440965015621,405.25674344364364,32.16338518038825
1653511638.192573,360.96872529922024,-414.6466943154097,20.65583615936924,617.9679968172486,18.58318211596603,25.031308340616718,503.72289147262546,503.74189437682395,256.99927151802837,433.22987643137577,4.375472181247478
1653511638.3247159,361.02411577255896,-415.5960485622756,20.686040171599608,619.1320129004678,18.030480350170993,24.644498076151173,504.63021425242465,504.6457396287322,258.1078971279088,433.6265289124466,3.9584579045515653
1653511638.4581723,361.07403042433714,-416.5174254370786,20.722829849351537,628.2209158468178,11.534788979943825,30.624739287894617,504.57522398374704,504.67237339562945,267.14688542248064,428.0522144170224,9.901909438543079
1653511638.5915892,361.1190154977269,-417.4159458058028,20.757291771385074,664.5297607834194,-15.31494415716416,58.543996319505986,503.7293875501586,505.14466336116516,303.41074528569254,402.1010016486386,37.78670454812091
1653511638.7249796,361.1850987325068,-418.3920322828558,20.790085415352433,668.1501911007617,-15.61507649024317,62.21224719341559,506.41568306107536,508.1069174264247,306.96509236825494,402.7769557926126,41.422161778063156
1653511638.8598294,361.21707193055516,-419.2883820718764,20.820440701346396,665.0803760875201,-11.247950722938967,60.40470648807857,508.7532812951825,510.29091244748787,303.86330415696494,408.04043134893743,39.584265786732175
1653511638.991386,361.2541405641618,-420.1679260586444,20.843504847315007,663.6164138311855,-9.310847605785911,59.10563329745246,510.1239880754684,511.55691148058537,302.3622732670237,410.8570784528585,38.26212845013745
1653511639.1247168,361.25875477879185,-420.916814319012,20.860568227799806,639.5467066583213,6.3207558809697115,39.03997129529961,509.8785399991724,510.2025247365778,278.2879518795295,427.23757019998175,18.179403067499802
1653511639.257956,361.3161111038909,-421.9066453099346,20.879236249948516,632.5751244524147,10.024864648255871,32.13973694590662,510.04537211661574,510.1696585387068,271.2590133485238,431.9315099581905,11.260500695958104
1653511639.39352,361.3517213985234,-422.871572224598,20.895839187192966,665.1211691984438,-13.86023311865241,55.63860278538942,509.4763516925073,510.65958578719307,303.7694477999204,409.01133910594564,34.74276359819646
1653511639.5248618,361.381871139984,-423.80727779948126,20.91395930038048,673.9572307141568,-18.208599532823335,62.5813880412122,512.0680064450261,513.7604673799411,312.5753595741728,405.59867826665794,41.667428740831724
1653511639.6580367,361.3959893427083,-424.70423121404883,20.930980297220977,670.5179742613404,-13.401944928991357,60.520145582713965,514.5152789406262,516.0361172159876,309.12198491863217,411.30228628505745,39.58916528549299
1653511639.793193,361.39869277687217,-425.6048071910931,20.95562941000541,669.9077950934457,-12.100131907878495,59.91872005092447,515.9108282380345,517.3800393574796,308.5091023165735,413.50467528321457,38.96309064091906
1653511639.9268792,361.3859143452085,-426.45150014856694,20.987890441148423,677.6114236104196,-20.3281713170761,63.54418922129868,514.7181082215909,516.474364801467,316.2255092652111,406.1233288314908,42.55629878015026
1653511640.0581896,361.3895761540954,-427.4171202857214,21.015260856336003,670.5400946281576,-16.421842872207336,56.203589270095534,514.2870415721097,515.4894563282041,309.1505184740622,410.9952774135141,35.188328413759535
1653511640.1915793,361.38639275215183,-428.4032711688373,21.04543036304474,633.371867605828,12.277296428389675,26.541850187544107,517.8566029213048,517.8857710152703,271.9854748536762,440.68056759722697,5.496419824499366
1653511640.3247705,361.35495595561997,-429.26834710626247,21.069805281642697,632.4810126718354,13.115336499499854,24.60000000000001,518.8570729508153,518.8690821641209,271.12605671621543,442.3836836057623,3.5301947183573112
1653511640.4591608,361.33819937230686,-430.2143495430183,21.09822649511848,642.8604295766735,5.538200851364441,31.60874087065617,518.782277332649,518.8887377722587,281.5222302043666,435.7525503943827,10.510514375537689
1653511640.5930784,361.3361572003561,-431.2637029055529,21.12264054174982,680.370057548948,-22.13122072929059,60.44346098945765,518.8179040312168,520.3058182108151,319.0339003485919,409.13248217626233,39.32082044770783
1653511640.7251856,361.327880395752,-432.2234654975252,21.14573841510693,681.5784203195428,-20.39163582468564,62.32963719326489,521.6951832757883,523.31823756843,320.2505399237908,411.83182967283955,41.18389877815795
1653511640.863591,361.31149138942993,-433.13063722361636,21.161592479175827,678.8376003507473,-16.385804657954974,60.668142716711046,523.9266030106655,525.4139823548346,317.52610896131733,416.7448325656614,39.50655023753522
1653511640.9914865,361.313832101113,-434.04142094760334,21.16266285870603,678.3072231838482,-15.132388774568449,60.10516139414315,525.3280758024272,526.769499324385,316.99339108273523,418.9090321730349,38.942498535437124
1653511641.1250896,361.3262045794699,-435.03225870453616,21.17021185458762,654.0405632453916,0.5636802735502009,39.77323921615081,524.8099825874148,525.1395913949143,292.7143586659217,435.59593897808634,18.603027361563193
1653511641.2580771,361.3350401077915,-436.0048481459796,21.18338289970044,647.1893564879341,4.124569383927969,32.82888762902069,524.8110082385605,524.9401986405452,285.8543163801426,440.1294175299076,11.645504729320251
1653511641.3918295,361.3421864768874,-436.95487046514376,21.20100611312639,681.2499106076621,-20.798092345990533,57.337646195661236,524.9070545658974,526.1494775151835,319.9077241307747,416.1567781191532,36.136640082534846
1653511641.5254009,361.32992507547044,-437.81557656061,21.22805174817533,688.1964332118619,-24.149754421479166,62.02560087245187,527.2201879170796,528.7963375079942,326.8665081363914,413.66582213913085,40.79754912427654
1653511641.6583877,361.3481717704261,-438.8408165650535,21.25709019855273,685.0117916791595,-19.99604866786019,59.297067105299845,529.3288944005219,530.6939968478489,323.6636199087334,418.8447678971933,38.039976906747114
1653511641.7915978,361.35272950669344,-439.7460182948714,21.297238422875512,684.5207540274735,-18.84004820032455,58.518227438735394,530.6594084098529,531.9631657899012,323.16802452078,420.9059700945469,37.220989015859885
1653511641.9269166,361.36589415059416,-440.75020437853925,21.337609053569217,691.4058103514939,-25.5207687145891,62.61067113793567,530.416657475705,532.0200148316973,330.0399162008997,415.22943566395014,41.27306208436645
1653511642.0601678,361.35222106772926,-441.5561448712539,21.37481853593516,685.7691858986316,-22.392053083990902,56.827720182828635,530.0423595467969,531.2267041001612,324.4169648309023,419.164091787263,35.45290164689348
1653511642.191714,361.39273030186666,-442.6475366440642,21.40069749726898,649.3596113651082,5.623097741761562,27.112558167167563,532.7959142504396,532.826530490247,287.96688106324154,448.27063438582576,5.711860669898584
1653511642.3248224,361.40897442460164,-443.53178035665394,21.426619074938632,646.5118518872576,7.6667755192823375,24.299999999999997,533.7263227179419,533.7340572606896,285.102877462656,451.1985558759363,2.8733809250613653
1653511642.4584358,361.41941526849797,-444.4252744255057,21.436828186001023,656.6942940825048,0.13071046829538524,31.487074690465743,533.6827501086426,533.7773742098145,295.27487881400685,444.55598489380105,10.05024650446472
1653511642.5914218,361.45261182970495,-445.4311045160505,21.44875395213616,695.3171878194299,-27.90721002320903,60.14802134235746,534.5949472014006,535.9938347311544,333.864575989725,417.52389449284146,38.6992673902213
1653511642.725269,361.47129932446086,-446.3355737465272,21.451268401707583,696.3567294840652,-26.15099440237066,61.74026576570315,537.3112059615071,538.8195758882607,334.88543015960437,420.18457934415653,40.28899736399556
1653511642.8580966,361.50869676916915,-447.3709626253064,21.46578799264167,694.3529566699386,-24.486120453546658,60.23708513292098,538.160655462219,539.5554694092767,332.8442599007695,422.8848421717597,38.771297140279316
1653511642.9913912,361.4965862750467,-448.16229499751364,21.477262227609693,695.4285964901651,-28.233299640012508,59.87856045812932,536.5174261739037,537.8899592798322,333.9320102151184,419.92899535750115,38.40129823051963
1653511643.1265984,361.4985587960472,-449.1198874047051,21.493030444120645,670.2638107565728,-8.535983627923834,38.93022451534215,538.0057221679291,538.288224673838,308.7652519605256,440.58390377678126,17.4371940712215
1653511643.257914,361.4997217058025,-450.0866310132115,21.513333417326066,653.2741697670592,5.149674694895001,24.725289401201213,540.714733085955,540.7242728391781,291.77444806125675,455.2363057081065,3.2119559838751464
1653511643.3913715,361.5018526917024,-451.1183365622303,21.536491883109466,654.0198650879221,4.460269184453444,24.78245587876349,541.4043346615607,541.4140650856683,292.51801239621966,455.57860574668376,3.245963995654023
1653511643.5250115,361.48111355862926,-451.9967604936055,21.55855034480154,676.3305438885635,-13.078410315896443,41.477002726964116,540.166161381668,540.5332798700804,314.84943032993425,438.91835017770904,19.918452382162577
1653511643.6588645,361.4865878468974,-452.98861126554687,21.580056709600363,699.4330739970859,-30.085432149224353,59.08520247700052,541.3454778678325,542.6431261584227,337.9464861501885,422.9031791163225,37.50514576740016
1653511643.7912645,361.48315776506695,-453.9244382976956,21.599369525866365,697.5434233095577,-24.337879619368458,58.268018921308816,545.4182922078443,546.6495251286764,336.0602655444908,429.58655867832715,36.66864939544245
1653511643.9247124,361.5094800594886,-454.9788640930139,21.620527691303455,701.4298890813362,-29.827246072547556,59.83158973381313,544.3342564775808,545.67377437203,339.9204090218476,425.15161802046634,38.21106204250968
1653511644.0593023,361.5093944932193,-455.92316252281853,21.638430730361904,693.6479920359955,-25.14855784698962,52.2312896706138,543.951108107428,544.8107295469107,332.13859754277615,430.7746046758289,30.592858940251894
1653511644.191475,361.52138117697655,-456.86970369887615,21.656445439945042,663.5675102207829,0.07128284160886267,27.52868134114678,547.7471398838513,547.7786162359926,302.04612904380633,456.940986540485,5.872235901201737
1653511644.327271,361.52787156744,-457.81519413307916,21.67052604103922,661.5636428134948,2.4070726207007915,23.984324892967994,549.3869299894221,549.3918023672445,300.03577124605476,460.22226675377993,2.313798851928773
1653511644.4580748,361.5503986397307,-458.844863617666,21.684273290441993,672.2004885298827,-4.3160484801433,29.558609837244852,550.5451136274663,550.6014232774305,310.650089890152,454.5288151375227,7.8743365468028585
1653511644.5913408,361.55023292674616,-459.7545605081779,21.69250926869597,706.7330508692447,-27.10515436042838,51.797596673207416,553.4769068739223,554.2950502488343,345.18281794249856,432.6494061477495,30.105087404511444
1653511644.7244945,361.56667191801296,-460.7644864080935,21.69700689697648,709.7578490999908,-28.05591113804928,56.816508851863034,555.4041834372541,556.5134197817357,348.1911771819779,432.7085752700442,35.11950195488656
1653511644.8583252,361.57341217469144,-461.7254538530181,21.691913528201496,710.2503016673184,-28.05107973220531,57.47241578218736,556.4611720824124,557.6103302279108,348.6768894926269,433.6743741208128,35.780502253985865
1653511644.9914014,361.58819921411555,-462.7231437116999,21.685613733671598,716.058741001893,-32.70592780200695,57.41166729066355,557.2828464738925,558.4268276836286,354.4705417877775,430.01721590969294,35.72605355699196
1653511645.124637,361.59633422310276,-463.7000409202545,21.682039735679066,688.4014238397269,-13.709679645276882,38.14590934616514,556.1410718870839,556.3847147812975,326.8050896166242,449.9903612749776,16.463869610486075
1653511645.2586458,361.6080961436062,-464.7018134356673,21.68426561079915,668.0138254600457,0.28061233354507775,24.368413374771524,556.8600607263555,556.8665296831721,306.40572931643953,464.9824257692124,2.6841477639723728
1653511645.3914044,361.6182708777447,-465.6685397446189,21.685953694910857,668.7258005571657,-0.4540644693901772,24.528946958732874,557.4401696966257,557.4474194057238,307.107529679421,465.2144752752287,2.8429932638220166
1653511645.5246444,361.65357327906764,-466.7543321278929,21.68747459442017,689.9151061945081,-17.291473484062998,40.388707471499586,556.5720935263267,556.8861925056151,328.26153291544045,449.4628586438299,18.701232877079416
1653511645.6579225,361.6701468647153,-467.6828072686088,21.696070543339737,714.3091466730872,-35.20971140192236,59.08469876539694,558.0208265238539,559.2719842390572,352.63899980837186,432.47309586668644,37.38862822205721
1653511645.7915661,361.72208514268607,-468.8054421300791,21.69637156565647,712.4637605381159,-29.569873256435088,58.43175592160354,562.0921702202822,563.2913067736141,350.74167539542987,439.235568873644,36.73538435594707
1653511645.9248316,361.7540822949273,-469.77537756485043,21.70012104937223,716.4359073231727,-35.3340557271558,59.92471185640578,560.8372840008502,562.1383979660307,354.68182502824544,434.44132183769466,38.22459080703355
1653511646.0581825,361.7864759004374,-470.76149943677507,21.708028400416925,708.3184801088053,-30.38055939260782,52.00613612537298,560.3746981215808,561.1931731824308,346.5320042083679,440.38094004416723,30.298107724956058
1653511646.1933236,361.8271331955418,-471.824710647978,21.7088317654642,674.9853266681416,-2.4195025097182947,24.700716780796498,564.2776830305671,564.2856146866496,313.1581934725998,469.4052081382597,2.991885015332297
1653511646.325221,361.83021148943936,-472.7284753806736,21.721370304169717,675.7020237070649,-3.006417560794352,24.756215176692233,564.9374532701105,564.9456048069749,313.8718122176255,469.72205781987924,3.034844872522516
1653511646.4625368,361.8362987622088,-473.73005809467935,21.73313428386245,685.5940617556541,-9.498318875115226,30.480297827891206,565.9772051923482,566.04479475339,323.75776299344534,464.23173921956413,8.747163544028755
1653511646.5914123,361.8458423224492,-474.721941760989,21.73601901536701,721.7362144769038,-32.861156333911126,52.49239361165766,569.8789640508816,570.7083215146012,359.8903721544546,441.8607854270779,30.75637459629065
1653511646.7284849,361.845987058927,-475.7604072845112,21.742662538749666,725.0028115360319,-33.89577441264272,57.229344611787354,571.9503762978794,573.0502050883838,363.1568244771049,441.8646328718685,35.486682073037684
1653511646.8579803,361.8399628559761,-476.7101789902437,21.74984695512828,725.0384628483087,-33.46980425529498,57.8769075667927,573.0402954346737,574.177973019078,363.19849999233253,443.2403747349487,36.12706061166442
1653511646.9923844,361.8282531676193,-477.69673315192483,21.76074324271005,731.3457676890417,-38.49211749183583,57.81039718730275,573.9720271539512,575.1030042564037,369.5175145214224,439.204615660089,36.0496539445927
1653511647.1254401,361.8306568774361,-478.74271425668724,21.771208064961325,703.205947116057,-19.121720096035524,38.09670365721277,572.5282063433456,572.7609177179088,341.3752902386209,459.6209941606517,16.325495592251446
1653511647.2581522,361.829884249892,-479.76897527322313,21.783918098725028,684.1349098730411,-5.790746259213286,24.419326247256407,573.1805048335087,573.1865634305337,322.3050256231491,473.97822901400986,2.635408148531379
1653511647.3921454,361.83659874661095,-480.8620570851666,21.796901105831644,685.8705255621072,-6.6753336664789025,23.754047596734814,574.3265921007154,574.329926798533,324.0339268154963,474.18672341868773,1.9571464909031704
1653511647.5249183,361.80533554996236,-481.7454755090631,21.8144865928787,709.5847066514555,-22.453467907352447,38.81544288530802,576.1073157065096,576.3581106616068,347.7793711014931,459.2920076017107,17.000956292429322
1653511647.6585348,361.80993465954157,-482.8635978509615,21.82059293193897,734.2584713247082,-38.5938116732931,56.398970913058534,579.7357634081023,580.7660627121564,372.44853666516667,444.26978617766844,34.57837798111956
1653511647.7924364,361.77910630896633,-483.85496772798166,21.824162491072773,730.4665165933236,-34.822586860825325,57.66937674641403,580.9995572884827,582.1042560868493,368.68741028435727,449.03238086715635,35.84521425534126
1653511647.9249945,361.7480411634676,-484.850743463423,21.81749048001683,736.2262142614479,-39.39939478332105,57.7,581.9457072336926,583.0509074319106,374.47817309798035,445.45134868010194,35.882509519983174
1653511648.058089,361.70003613516565,-485.79033214860743,21.81255803294047,727.5242248960443,-33.801280315227714,49.347320808201125,581.4821063969146,582.1336643940826,365.82418876087866,451.98905183337973,27.534762775260656
1653511648.1924417,361.6717735535422,-486.8588190075046,21.811776613213002,695.310617059468,-11.598029290127002,27.624048207678047,580.6786513543933,580.707739435118,333.63884350592576,475.26078971737763,5.812271594465045
1653511648.3244686,361.6321485727076,-487.82162908911573,21.814153581071242,691.9122250040332,-8.919853028483857,23.723682969002663,581.7489492912814,581.752083196952,330.2800764313256,478.90177606063185,1.9095293879314212
1653511648.462195,361.59409698645374,-488.8775075498326,21.824394268532323,702.81806019978,-15.919568328939864,29.446747084039483,583.2006561579669,583.2504655853497,341.2239632133263,472.95793922089274,7.62235281550716
1653511648.592171,361.5718588410024,-489.89846860108656,21.83036211518597,736.7577389837621,-38.556380215509336,51.72919050942081,586.9191813246109,587.6802407313857,375.18588014275974,451.3420883855772,29.89882839423484
1653511648.7248387,361.54051531402865,-490.84930600121976,21.837492031464162,740.2225894722221,-39.815882758810865,57.01857026953935,588.9238169496267,589.9737031737186,378.6820741581935,451.0334232424089,35.18107823807519
1653511648.8592994,361.52973593023916,-491.9471680035606,21.840827666875796,740.9490435237268,-39.9841062965901,57.64225960169599,590.1098373373048,591.1948601356781,379.41930759348764,451.9630617069705,35.801431934820194
1653511648.9915905,361.5075772672742,-492.941608894238,21.84343460588507,746.8039257144469,-44.71025620203275,57.51979115856015,591.0707416739635,592.1464549246942,385.2963484471727,448.2313526922053,35.67635655267509
1653511649.1244783,361.5044310902181,-494.0582494592297,21.853598328537625,717.8990677226401,-24.94501072335624,37.277716112561684,589.1386660011518,589.340539236045,356.394636632422,469.1132387358735,15.424117784024059
1653511649.2589633,361.47528691489856,-494.9865840639098,21.86739938237799,699.0401458121281,-11.84779543600711,23.73945134952363,589.3836806691747,589.3866537492272,337.56485889722956,483.13878862790267,1.8720519671456408
1653511649.3914566,361.4607312328893,-496.025062992186,21.876273159334737,700.6423441780163,-12.673618214346241,23.176021559122834,590.4852121170208,590.4866425879469,339.181612945127,483.3514447778398,1.299748399788097
1653511649.524689,361.43339420711976,-497.09443485293815,21.88857072645502,725.5580416725783,-29.271832388066933,39.02645862464264,592.8277543003949,593.0754197152839,364.1246474654585,467.82260246487124,17.137887898187625
1653511649.6591334,361.3960428004079,-498.19693457356817,21.901733228719014,749.7564087101681,-45.08230078433034,56.097780206446394,596.7718535282289,597.7507965636021,388.3603659097602,453.1146337892378,34.19604697772738
1653511649.7912915,361.33844798280506,-499.142712079276,21.910813637684036,746.0225128857934,-41.35307175858794,57.395748428545446,597.9575106771647,599.0094867131431,384.6840649029883,457.7896403206881,35.48493479086141
1653511649.9295142,361.2841603104036,-500.28432150450783,21.91698227162195,751.8403068594263,-46.07830786579525,57.27388952472236,599.0302216355966,600.072760024396,390.5561465490227,454.2060136387126,35.3569072531004
1653511650.0578375,361.22880681647246,-501.3420676053593,21.916716832658274,744.2987325327574,-41.31744151810262,49.74742519882694,598.636137060736,599.2827153549175,383.06992571628496,460.0246260872567,27.830708366168665
1653511650.19147,361.15742320701946,-502.3835504241464,21.91712956293716,711.0667881865567,-18.422610233007035,27.373334231294358,597.2057897668731,597.2307137953118,349.9093649795372,483.96094019113934,5.4562046683571985
1653511650.3245432,361.0831742535309,-503.4049246247465,21.919672249304753,708.6402782458958,-16.430899521965763,23.94846156666545,598.2805710202892,598.2840108564305,347.55710399236494,486.97402510278073,2.0287893173606975
1653511650.460043,360.9875715847543,-504.23926002147687,21.94228948670853,719.5221342110594,-23.453370546264367,29.67897735761,599.7517020535308,599.8016009109336,358.53456262630516,480.7858894752125,7.7366878709014735
1653511650.5915818,360.94682286911774,-505.3782636419294,21.967055314306545,752.7626928349262,-45.63317444742344,51.74914493771769,604.0573010861863,604.7910348689574,391.8158699658084,459.7450891945059,29.782089623411142
1653511650.7247913,360.8915059891298,-506.42020266851057,21.998226145220777,755.9401044853636,-46.809940596975906,56.757369390352906,606.0569182637083,607.0528693733676,395.04859849623375,459.61026207153463,34.75914324513213
1653511650.8591383,360.83849554796944,-507.40480799427905,22.037073963923692,756.0557670541724,-46.49374986686051,57.500000000000014,607.1537656977384,608.1885516219329,395.21727150620296,460.9110581274185,35.462926036076325
1653511650.9913228,360.7949479191801,-508.3722079730748,22.072231361270784,762.3895929934104,-51.61922851084646,57.500000000000014,608.1953166540496,609.226288000312,401.59464507423024,456.7529794622283,35.42776863872923
1653511651.124834,360.7355585899386,-509.3438094324,22.11883833816601,733.7319039504126,-32.012892269960815,37.55517682943443,605.7813781649329,605.9780183120691,372.99634536047404,477.33091716243916,15.436338491268419
1653511651.2605824,360.68317916548926,-510.3962230837999,22.163563261664105,715.1241702961203,-19.34782175158315,24.90778587465868,605.6046141209542,605.6108316421855,354.440991130631,491.04840133221677,2.744222612994573
1653511651.3962076,360.6245309945384,-511.39274326841314,22.205250054398626,715.9203459919779,-20.20507696040728,25.1359593433404,606.2181452973836,606.2252293865176,355.2958149974395,491.1876663080059,2.930709288941774
1653511651.5243845,360.5787635981529,-512.4231947680852,22.238310694213045,740.4389481792024,-39.66327640463929,43.6311245841752,606.461623057025,606.8388193969562,379.8601845810495,472.7599183634459,21.392813889962152
1653511651.6589723,360.5204782245389,-513.4911108898793,22.272092116550006,760.5058047521915,-53.86617866830946,59.1616369297682,609.2974148616713,610.4131209874522,399.98532652765255,459.6249322215699,36.889544813218194
1653511651.7930808,360.45618867650154,-514.491094710826,22.30494640556116,758.828593409997,-48.6437675039506,58.60562249789948,612.9553859123334,614.029351255865,398.37240473349544,465.84732720687543,36.30067609233832
1653511651.9265997,360.389941704713,-515.4697642951518,22.336390037435056,762.9835541661726,-54.739959104044516,60.12589555673493,611.8444003063227,613.0102910340061,402.59361246145954,460.7298051911073,37.78950551929988
1653511652.0585656,360.33198778639763,-516.4542133462871,22.3680189785541,754.5453651962106,-49.35153502971819,51.98423003572485,611.2193542578341,611.9364501128746,394.21337740981295,467.1026783165689,29.616211057170748
1653511652.1916902,360.2805508066469,-517.5533028457515,22.38679848955063,723.4945632930826,-23.300739140904668,26.487426468613187,613.3596135998117,613.3733208618818,363.2140124864357,494.25256370484686,4.100627979062558
1653511652.325305,360.21566011140254,-518.5710598016982,22.40797219988116,722.8590550724746,-22.7611715450231,25.51000891786341,614.2781757493821,614.286008170289,362.64339496107203,495.8098882566751,3.102036717982248
1653511652.4587448,360.15675723955883,-519.6639185136032,22.425429359489485,730.5675675810298,-28.891982466407068,30.903874216901208,614.866864962927,614.9253171374054,370.410810341471,490.77193604719616,8.478444857411723
1653511652.5928242,360.08494737416817,-520.6696200270297,22.441600921247506,763.8514624671395,-55.27346978092331,55.61097258473798,616.1338940313373,617.0260793441149,403.76651509297136,465.39615024610646,33.16937166349047
1653511652.7246232,360.00504386376633,-521.6585038326289,22.45774451805682,767.8948928464451,-55.66450957184949,58.10386408058939,619.2935746398696,620.3186096112981,407.8898489826788,465.99399426077935,35.64611956253257
1653511652.8578887,359.9342383743873,-522.776557414887,22.466453624186684,770.7347633879721,-55.79156933928532,56.135497692814766,621.9582385011124,622.8688906727498,410.8005250135848,466.9849880756016,33.66904406862808
1653511652.9971688,359.8408176703114,-523.8085686635764,22.472131713656957,778.9057788275953,-61.58487755629609,53.72867913645352,623.9119988352479,624.6944485485587,419.0649611572839,462.2236911072803,31.256547422796565
1653511653.1245859,359.75423749442575,-524.8157682013554,22.477935183571184,752.7565463275141,-42.1425797197628,37.931448650784354,622.4341102696134,622.6259171489784,393.00230883308836,482.67318848159255,15.45351346721317
1653511653.2581217,359.66972363635966,-525.9254138982385,22.47997499173363,731.6447055081683,-26.287874250966855,25.261616347119176,622.8989148837163,622.9051257550714,371.9749818718086,499.63753964727164,2.7816413553855455
1653511653.391241,359.56701146349303,-526.8904846690322,22.481746689973058,733.9387916215998,-27.4523880259191,24.578025906608882,624.1735673330338,624.1770874870364,374.37178015810673,499.43809664311306,2.096279216635825
1653511653.5244534,359.4710156317329,-527.9752330818325,22.481122887380867,756.7875855820788,-46.18822515931552,42.86411570086413,624.4831284830997,624.8156881481723,397.3165699503459,481.787007922517,20.382992813483266
1653511653.6582408,359.3621592105401,-528.9958761499004,22.47735974442334,776.3575093050293,-61.03755155740094,59.40364299635859,626.7935190761347,627.880295877046,416.99535009448925,467.9583245924994,36.92628325193525
1653511653.7911847,359.25467296522925,-530.0537236651217,22.473306130814997,774.5675173401675,-55.482736376736334,58.81658706961331,630.636488540486,631.6828434808649,415.3128443749382,474.5709872883853,36.343280938798316
1653511653.9254744,359.1483016160931,-531.1519393726952,22.46627810302489,781.9816093609003,-59.53281530180455,58.38229475928276,633.4134544890951,634.4308981916483,422.8333077448072,471.6191240708907,35.91601665625787
1653511654.0580337,359.04216574893746,-532.2286706999876,22.461815279167926,775.1709772986533,-54.184476034368394,50.2063125937771,633.7897442017181,634.3967189279273,416.1288115497158,478.04419466561916,27.744497314609173
1653511654.1937988,358.9280557602727,-533.2408966980587,22.45292079217486,738.8722115002214,-29.103723710468614,26.037537186349695,631.2779504060487,631.2881276751173,379.9441557399487,504.1371729875901,3.5846163941748337
1653511654.3252301,358.8286335243552,-534.3493800257387,22.447688754225595,739.4789098145498,-29.221328323870704,24.736874452539706,632.4942540892577,632.4983966992231,380.65027629019454,505.128051701868,2.2891856983141103
1653511654.4587066,358.71887800802284,-535.39787793034,22.440279771384446,748.8670522127658,-35.686261462538845,28.68755939226343,633.9773635297693,634.0081434578098,390.14817420474293,499.71161646780115,6.2472796208789845
1653511654.5925856,358.6007092735591,-536.3002675616634,22.43100917236475,785.1506430332181,-61.749826953314425,48.7355711190763,638.0775553739119,638.6195241700303,426.549933759659,474.550440608349,26.304561946711548
1653511654.7247515,358.50820478873123,-537.498023063239,22.416009117728358,788.0600806342017,-62.44448051222802,54.10670959631593,640.4613043210554,641.2448696320705,429.5518758454704,475.05354255101093,31.690700478587573
1653511654.8594193,358.401203616587,-538.5861803056681,22.41161943237281,788.5625915365129,-62.29529575099564,54.95180136101841,641.7879917597938,642.61239468829,430.16138791992586,476.29088455467246,32.5401819286456
1653511654.9915373,358.30710074995216,-539.7882074521685,22.409846009006877,794.6830667988114,-67.72751209480732,53.71378623164124,642.8571255312883,643.6188472378764,436.37596604885925,472.0606953573612,31.30394022263436
1653511655.124391,358.20585677709477,-540.8447842308924,22.421780899676786,765.2275535272737,-46.03371754180923,35.800711787043795,640.7063706124538,640.8460416785548,407.02169675017893,494.8110666890832,13.378930887367009
1653511655.2579467,358.099915566219,-541.7351165179722,22.443438057091797,747.1742455763133,-32.39423522012897,24.58339579352177,640.9422498432034,640.9458222448923,389.0743300100943,509.3408812978432,2.139957736429974
1653511655.3915987,358.0134963474923,-542.8880423058771,22.46090303018569,749.0431761351484,-33.27000985130277,24.139129401065738,642.3509550687291,642.3531473585697,391.0296797876561,509.61803245457435,1.6782263708800471
1653511655.5250475,357.91964130774045,-544.0371122016155,22.47729894932832,774.3484605313685,-50.06898236086455,40.527784210414495,646.078536076191,646.3306389120933,416.428819223628,493.968129840751,18.050485261086177
1653511655.6581402,357.817959585086,-545.028003217181,22.491717533622197,797.0135413265021,-65.02802921794436,56.44500885088312,650.6095096603252,651.4948657140159,439.19558174141616,479.9999739992366,33.95329131726092
1653511655.8009214,357.7221728818448,-546.0904365636113,22.51573267365658,793.6145184945343,-62.14844711409415,56.58740000404205,651.3079042327745,652.1984856090678,435.8923456126895,483.94198944951717,34.07166733038547
1653511655.9345212,357.62967649080235,-547.19529906147,22.531194096197886,798.9915400661314,-66.04427229171276,57.32950463160998,652.9215919084611,653.848245081684,441.36186357532904,481.1510267697572,34.79831053541209
1653511656.058977,357.53942178996186,-548.0653070673018,22.538892180539367,790.6830425579695,-60.49505479650559,49.763236507674534,652.1795359495937,652.7475101717891,433.1436207680077,487.5702522707962,27.224344327135167
1653511656.1925578,357.4480527904692,-549.2640478398062,22.54761438735127,756.2503504416965,-36.83257314036953,26.645601584419868,649.3298767764636,649.3428080556562,398.80229765122726,512.4314746994366,4.097987197068598
1653511656.3279598,357.32578683722863,-550.1144775206809,22.561707289060614,756.004420842959,-36.3205336598676,24.67437592767508,650.329816293797,650.3332479041036,398.6786340057304,513.7939438608133,2.1126686386144655
1653511656.4583926,357.2157954255135,-551.2894148098019,22.56827517924787,766.0018263394212,-42.76124932165914,29.88664520161367,652.4621936672517,652.5032357811465,408.7860309139077,508.52816548814275,7.3183700223658015
1653511656.591302,357.09753650687134,-552.3084374098776,22.576254890162176,800.2124623162528,-65.60187952597474,52.34040101769605,658.2052194887629,658.8778455502595,443.1149258093814,486.70655788390286,29.764146127533877
1653511656.7246687,356.9773106956458,-553.3334191388554,22.582026294341574,802.8580220081235,-66.3526253056613,57.13540845504825,660.2725969498726,661.1761024883407,445.8807113124777,486.9807938331941,34.553382160706676
1653511656.858238,356.8631801162548,-554.3857450772907,22.583199337222172,803.6514360081756,-66.58639314868762,57.77084939196763,661.4891936720581,662.4244289436228,446.78825589192076,487.7993519286031,35.18765005474546
1653511656.9924443,356.75573675869,-555.3778825507276,22.586086320703924,809.6276944159326,-71.34370891060462,57.70800278225609,662.8590282132243,663.788852196022,452.87195765724266,484.03417364012296,35.12191646155216
1653511657.1245463,356.6485649053971,-556.3797380736682,22.59617754600022,781.1633471843244,-51.864043455271975,38.180952220386416,659.3549017711235,659.539060019389,424.51478227892727,504.51569461839625,15.584774674386196
1653511657.2580945,356.5421031671861,-557.346137395385,22.619880916446935,762.6203983778228,-38.994598311622354,25.01023321352924,658.4739174118307,658.4782560539009,406.07829521063667,518.3515390837626,2.3903522970823055
1653511657.3916295,356.4197342587546,-558.2576158837569,22.65751531837351,764.3422580990971,-39.88704892202914,24.33904082160509,659.6277966766545,659.629939948541,407.9225238403425,518.3705669617277,1.6815255032315797
1653511657.5246327,356.3144316156249,-559.4144757536858,22.681176875847363,786.5139159467572,-57.971464628234415,41.61583374878866,660.6940969354363,660.9653629020416,430.1994843311322,501.4430111254514,18.934656872941297
1653511657.659315,356.1932392603207,-560.4006403902906,22.69637921332356,807.298470309492,-73.71503281389265,58.79269300514285,663.595366245074,664.5763718123684,451.1052310491713,486.68560757639796,36.09631379181929
1653511657.7916324,356.07191143748815,-561.3485934708434,22.69872147269498,805.6754618212323,-68.70275952373512,58.2427569190523,666.965718926475,667.9121564090008,449.6035503837441,492.64583394710826,35.54403544635731
1653511657.9245567,355.9537170801313,-562.3395330661145,22.700023162671084,812.5339855136691,-72.28688272338792,57.799119553853856,669.7888784018231,670.707900802018,456.5802684335378,490.0526503427266,35.09909639118277
1653511658.0577095,355.83694586542174,-563.2811481456574,22.710157514915345,806.5638962223061,-67.56163037381195,50.136695421279825,669.9944955579623,670.55561966141,450.72695035688434,495.71951777184546,27.42653790636448
1653511658.191068,355.72465521831305,-564.3085065311597,22.72303944286332,770.7581160122904,-42.93595376093286,26.558254158563162,666.3948621956571,666.4058982577243,415.0334607939774,521.3725527702268,3.8352147156998413
1653511658.3244684,355.61283437795976,-565.3430318071972,22.7397783083662,769.6783060228436,-42.47404443232812,25.567937489610014,666.9649111961746,666.970907349995,414.0654716448838,522.8689873748691,2.8281591812438123
1653511658.4579492,355.48219333381604,-566.1411098604419,22.766612832506016,778.4330404446732,-49.55645151292904,31.849335000012864,667.6429646988039,667.7047432464296,422.9508471108572,516.5846583475129,9.082722167506848
1653511658.5912554,355.36133269754134,-567.0287890712618,22.795192127085627,810.9234684192462,-75.22389368121898,56.15313955611799,670.3796794600296,671.209108467406,455.56213572170486,491.8048953900428,33.357947429032365
1653511658.7244756,355.270482919944,-568.1943778617899,22.83060261973475,813.7561590182936,-73.93325448056522,58.91918142739838,674.1685051034577,675.1337340066691,458.4856760983496,494.2611233812247,36.08857880766362
1653511658.857823,355.157547663457,-569.1615673533826,22.85569764740784,814.9207502063299,-74.36517320101788,59.376646268921185,675.4299919892964,676.416627358373,459.7632025428729,494.79639415236466,36.52094862151334
1653511658.992459,355.04075521816924,-570.0444776174588,22.87849455322263,818.8829602358345,-80.27699146193444,60.86562104490458,674.553023602112,675.6217902272296,463.84220501766526,489.76748615552435,37.98712649168195
1653511659.1248236,354.9360759000113,-571.0176561153845,22.894022729581607,794.4677231680945,-60.31173520710827,40.870456498081225,673.8016077459041,674.0413628049828,439.5316472680832,510.70592090827625,17.976433768499618
1653511659.258552,354.8392181510332,-572.0109471282998,22.911183093394193,775.9979606812688,-44.67911723591226,25.280732772709715,674.8729845143479,674.8771443699852,421.15874253023554,527.3318298923875,2.369549679315522
1653511659.391178,354.7507780844294,-572.9526307497297,22.92403139072985,777.4918825303395,-45.336286699446624,24.690387399128078,676.0836101379285,676.08591755093,422.7411044459101,527.616344050283,1.7663560083982262
1653511659.5244014,354.67153024705897,-573.7958983813525,22.944231091789206,802.6043676066895,-62.04186952759544,40.32183900555972,680.1000020828563,680.3219782499357,447.9328373596305,511.754028853757,17.37760791377051
1653511659.6581213,354.5581029035263,-574.7115365436835,22.94961040360381,826.5952783787848,-77.75606178147731,56.86356029967863,685.4077902437276,686.2463077673666,472.0371754752585,496.9554747622061,33.913949896074826
1653511659.7947505,354.4476187378408,-575.5617689792979,22.974968409438954,822.6370877418934,-73.94229366385248,58.06829566327939,686.1657794600657,687.0626016017643,468.1894690040526,501.6194753154454,35.09332725384044
1653511659.9251502,354.3395046000562,-576.4500926714987,22.990530910400107,824.8180861238158,-80.17547204082437,59.959842639593916,683.8410595706641,684.8396343411054,470.47858152375954,496.27462063067435,36.969311729193805
1653511660.0577242,354.21243130145893,-577.3517916745143,23.00025314671843,815.3890290689296,-75.25077133166212,52.34690151876447,681.7545665103481,682.3858986881141,461.1765977674707,502.10102034285217,29.34664837204604
1653511660.1926708,354.07855715948784,-578.1618726793895,23.00922469980454,784.6093107745237,-49.54310344619029,27.46784470424749,681.7584124849161,681.7729917548047,430.53075361503585,528.6187692331991,4.458620004442949
1653511660.3285446,353.9448627435645,-579.1188783459168,23.019967685765014,783.3211732425359,-48.48338974064545,26.016162314605236,682.5965409999263,682.6031167283944,429.3763104989714,530.6354886052713,2.9961946288402217
1653511660.4581876,353.81567557256943,-580.0478066497857,23.025074786499584,794.0917526508827,-55.54094657461737,32.33029087429059,684.7995840487793,684.8628018514522,440.2760770783132,524.5068600751683,9.305216087791006
1653511660.5925062,353.69023042127117,-580.8210252217527,23.021326061640043,830.7738737113996,-79.23447466781612,54.51795584930059,692.2411937985049,692.9573638251925,477.0836432901284,501.5865505539366,31.49662978766055
1653511660.7255528,353.5770197923118,-581.6207430310058,23.004115223978093,831.1177967232301,-78.32885096407735,57.82582069460647,693.7924201460361,694.6657278317226,477.5407769309183,503.2918920669284,34.82170547062837
1653511660.857988,353.48664487124046,-582.6529134095372,22.99037377505891,830.3267915224337,-79.69000680259893,59.37457379660054,693.071577025657,694.0259511661209,476.84014665119327,502.96290660693825,36.38420002154163
1653511660.9913416,353.3990381923125,-583.5047376219147,22.97192482393176,832.6168906660865,-86.250431408178,61.35275439300347,690.5878620260281,691.6535861658571,479.21785247377403,497.25430621373675,38.38082956907171
1653511661.126652,353.3050618864897,-584.4060932339669,22.95425028103967,805.7532931925892,-64.45608415825336,39.681148040098925,689.2440888029815,689.4470270140371,452.44823130609956,519.9500090757135,16.726897759059256
1653511661.2583172,353.2017946322227,-585.1839872534773,22.931761738126244,789.8278984311061,-50.95503090288702,25.996843376826213,689.9586453708905,689.9654535174107,436.6261037988834,534.2289563505904,3.0650816386999686
1653511661.393377,353.0889486159745,-586.1042640301038,22.917594547664034,791.3080881777936,-51.64967843606525,25.305629535027503,691.1423285697357,691.1464541266904,438.2191395618191,534.4545855940385,2.3880349873634685
1653511661.5249667,352.97295878137965,-587.0038436848292,22.91540863871379,816.7011557534646,-68.52733806150756,41.12183323241129,695.6017018023684,695.839925160117,463.72819697208496,518.4765056233217,18.206424593697502
1653511661.661727,352.8483207105747,-587.9241128841543,22.912263464076304,839.2191833490951,-83.12746307523025,56.95526098486034,700.9823633174034,701.8085204400501,486.37086263852046,504.79664980892403,34.042997520784034
1653511661.792818,352.72203618160125,-588.7968266344435,22.904393648121786,835.3891905665851,-79.3806400279912,58.172688282121015,701.7638015021562,702.6494757026068,482.6671543849838,509.4161866064523,35.26829463399923
1653511661.9245625,352.60513812876167,-589.7578608306267,22.90009031682098,840.8409655479077,-83.74224134097173,58.2594580941396,703.1543431872958,704.0428362200478,488.235827419146,506.0156194896549,35.359367777318624
1653511662.058046,352.4800207913121,-590.6301475323162,22.893654914133414,833.3309224727313,-79.00999920786182,50.84253572046691,702.1201932855731,702.6762453347183,480.85090168141926,511.62014832445436,27.9488808063335
1653511662.191872,352.3521301071343,-591.4984140455264,22.882612616942776,800.2513173111462,-56.25473690015454,28.984405107594092,697.9251219307939,697.9517946776214,447.89918720401187,535.2436771453719,6.101792490651317
1653511662.3244305,352.2280671046973,-592.3518827464243,22.864695112559037,796.9286222307743,-53.718420422107236,25.248692186587533,698.4873588440399,698.4914272251102,444.700555126077,538.6334623243171,2.383997074028496
1653511662.4581594,352.10557849937777,-593.2759903976204,22.84125161742812,807.8154247275768,-60.81430288844427,31.053500075436695,700.8472819483916,700.8953942202677,455.709846228199,532.4616875091762,8.212248458008574
1653511662.5910177,351.98161632689624,-594.1267550157885,22.811579522390183,841.9485516220705,-83.65763495187018,53.28791741116239,707.5636510034815,708.2196886506948,489.9669352951742,510.4691200639183,30.476337888772207
1653511662.7246559,351.8700114713544,-595.073282788095,22.77866509161541,843.7432341589142,-83.78590347277269,57.7634086470527,709.4744896359389,710.3365285030861,491.8732226875598,511.28737931532226,34.98474355543729
1653511662.857744,351.7614906601017,-595.8982143535443,22.747952133518805,844.445246322881,-83.99357118078524,58.39999999999999,710.4812782866351,711.3752282114446,492.6837556627793,511.90464317275905,35.65204786648118
1653511662.9916496,351.6509426397108,-596.6702631880272,22.724356497441807,850.1123871793556,-88.56572459574411,58.39999999999999,711.7822938445619,712.6757926083557,498.46144453964473,508.1045385922831,35.67564350255819
1653511663.1243742,351.5482084367284,-597.5986906275477,22.701230265409958,821.5688355402914,-69.19394647691561,38.77286654452067,707.1993803332422,707.3819767540093,470.020627103563,528.4047441506322,16.07163627911071
1653511663.2578344,351.43781190511777,-598.461727682147,22.681514677200134,803.2238369133719,-56.536614954380596,25.69642291505728,705.5447825600875,705.5512241286552,451.7860250082541,541.9251127277664,3.0149082378571457
1653511663.3915474,351.3311996344055,-599.2314030676558,22.66191071235174,804.998531138886,-57.44698164223775,25.0273168432889,706.6430548541966,706.6470138052205,453.66733150448056,541.784421425418,2.36540613093716
1653511663.5249758,351.2308362350578,-600.162237829784,22.638980545220814,827.4489288120242,-75.70754768887251,42.867867433555475,708.4041175123446,708.6928824061836,476.2180925769664,524.4546901409115,20.22888688833466
1653511663.6578152,351.1219720088174,-600.9996034997819,22.617445481018468,847.4343417211306,-90.69519987804178,59.73455945471552,711.8543057994324,712.8213190098401,496.3123697123132,510.3044036217401,37.11711397369706
1653511663.7921276,351.02101373513517,-601.887160715965,22.592134620646636,845.4477896444586,-85.16466002032469,59.01279163623786,715.1643024237468,716.091086188546,494.4267759093234,516.7225006956403,36.42065701559122
1653511663.9243133,350.9223234969951,-602.8756376148519,22.559411885373773,849.3627807904517,-91.06641844712152,60.45068261829663,714.4169414928456,715.4210750947638,498.4404572934566,511.8092191677304,37.89127073292286
1653511664.057693,350.82440768951557,-603.6530994429714,22.53585405279704,840.2145273489607,-85.14555468728864,51.884833708825255,712.9886136460052,713.5924087290324,489.39011965944513,518.5075447556828,29.348979656028217
1653511664.1914647,350.7360513293336,-604.5657990251507,22.5124433996934,808.4314438719902,-58.47327394836701,26.10109515593731,712.5321875533161,712.5412245764743,457.6953925426566,546.0925250767837,3.588651756243909
1653511664.324447,350.64423601238815,-605.3758953351131,22.495825693282015,809.0881474955847,-59.10670908081565,26.158962050294594,713.148542610125,713.1579505235255,458.4439114831966,546.2691862542974,3.6631363570125792
1653511664.4575937,350.55444218057113,-606.1872097160882,22.483530295089807,818.6927356449946,-66.80529375158139,33.00945453188274,714.20327153922,714.2808328370318,468.1382934644235,539.3819159645068,10.525924236792932
1653511664.5918612,350.45243107724434,-607.0450511171679,22.469937428012177,850.2863774633589,-91.8668084569502,56.550167018120064,717.804009232595,718.6125922354142,499.8339463861146,515.1782426602176,34.08022959010789
1653511664.7243848,350.3684760613583,-607.9145729036776,22.34909734500854,852.9892618749517,-90.70031266979015,59.05566754845398,721.2061046061393,722.1396108906241,502.6207858135934,517.2142602338874,36.70657020344544
1653511664.8578506,350.25789371002026,-608.549853775301,22.284889329540757,853.9632798615498,-90.83410427290009,59.33465005165148,722.3217519366935,723.2713170660509,503.7053861515296,517.715749502401,37.04976072211072
1653511664.9919038,350.14518200447856,-609.6418076839936,22.40551875411371,858.1509420117936,-97.07724542855205,60.881058816669736,721.6593952002027,722.684336251885,508.0057600073151,512.5645622554416,38.47554006255602
1653511665.1247056,350.02959774534696,-610.4556323155186,22.40021227405057,832.0507702692241,-75.52187132477953,39.565987424059344,720.0684268935769,720.2730060508246,482.02117252387717,534.9337609907391,17.165775150008773
1653511665.258502,349.9135175649976,-611.3255808217257,22.398489506315364,815.4006180520036,-61.54677933137411,25.92554420301612,720.3714120424042,720.380046505177,465.48710048700593,549.7788014903516,3.5270546967007554
1653511665.3925831,349.7946749277555,-612.2026550323149,22.402426194719745,816.0319911712896,-62.12481526573786,25.981179043880513,721.0845060464392,721.0933866928697,466.2373162435341,550.077839766577,3.578752849160768
1653511665.525041,349.6794621217234,-613.0541591827393,22.408685532244306,838.4534071530668,-79.87063301184465,42.47258436643999,723.3150364270964,723.5932572640244,488.7739450313434,533.1835261708947,20.063898834195683
1653511665.6595306,349.56454713393936,-613.937443832834,22.420721819781278,860.600495663806,-95.98374803918234,59.14920114630851,727.6219977956433,728.5483874594482,511.03594852986663,517.9536957936516,36.728479326527236
1653511665.7910082,349.451418245527,-614.7543739590992,22.431523335098387,858.6308339938438,-90.36713581755849,58.41620038068501,730.9210989891523,731.8063609518472,509.1794157483168,524.3872381415407,35.98467704558662
1653511665.9259248,349.338019588766,-615.7136934238381,22.43960738206573,862.7241985982075,-96.486800755629,59.90126722709201,730.1793854032023,731.1397341316793,513.3861790094415,519.2268926682091,37.46165984502628
1653511666.0576258,349.222464534844,-616.5482827297028,22.446658088344694,853.5592745974104,-90.45157965703868,51.47144340252507,728.7889673753384,729.3667096396342,504.3368100625664,526.0967030726641,29.024785314180374
1653511666.1913104,349.1096657685908,-617.3291017819408,22.454353546011966,824.0130100969,-65.64736303638122,27.79540579718862,727.932639273399,727.9522334320338,474.9033443283092,551.6817387455596,5.341052251176656
1653511666.324329,349.00612468018954,-618.196604897082,22.457494667477302,822.0581748971086,-64.05716947493661,25.756227696201524,728.593683821377,728.6011513468802,473.0520502169191,554.1394354221454,3.2987330287242216
1653511666.459528,348.90915778846477,-619.1268186889232,22.45706821962447,832.8859981068398,-71.06972322847122,31.732250658094316,731.1635670963816,731.2223949376631,483.976840318375,548.057095460452,9.275182438469844
1653511666.591657,348.80287715363795,-619.918499464208,22.464284352087624,866.2405748527026,-92.22456187537053,50.91673810292694,739.0552501458335,739.6027345085768,517.4376976990646,527.6939375888375,28.452453750839318
1653511666.7268765,348.69297348736995,-620.8703150162127,22.47138964313574,873.3673099456399,-96.85116149715509,54.78768822222705,741.5384228701541,742.2422621668807,524.67433645827,524.0191535190576,32.31629857909131
1653511666.8593032,348.5731810861215,-621.7123887149485,22.48827986480336,873.2338936278854,-96.44275335739748,55.91936713823384,742.4129936319043,743.1653185595852,524.6607125417639,525.269635357551,33.43108727343048
1653511666.9928784,348.4602536106307,-622.5716558594363,22.506768631735167,869.5635318812912,-92.99352027553681,57.64208461560143,742.9681206572382,743.7984395938422,521.1032782706604,529.5781355838994,35.13531598386626
1653511667.124664,348.331981177236,-623.4386987492337,22.525206336617618,846.4285949943568,-77.75103095286148,39.2952347142475,738.8337211315722,739.0240194560068,498.0966138171208,545.6876677963722,16.77002837762988
1653511667.2583807,348.1987243046803,-624.374523881398,22.540937391158625,834.5002851203913,-69.9175438251161,28.416103462948758,737.5037293362853,737.5271305933768,486.30156081571096,554.4569800562819,5.875166071790133
1653511667.3918688,348.0596698713924,-625.2632806489265,22.554358440672697,866.1299418787142,-90.7434495205887,47.616654681168555,744.3844817076772,744.8062669580954,518.0702720073218,534.5198311283378,25.062296240495858
1653511667.525021,347.9189962453718,-626.1803508539807,22.564101632616183,876.500460775257,-101.37449667242275,57.53498435036584,744.8621008131593,745.6825811736866,528.5814645298852,524.805854181558,34.97088271774966
1653511667.6580327,347.78715966199223,-626.9906444493823,22.57068694680937,875.2983957875228,-102.64321591509048,60.46940948693126,743.7797591015834,744.7446832434473,527.5112361255306,524.3474285342918,37.898722540121895
1653511667.7911358,347.6608657689618,-627.8790517415456,22.577516369652738,873.0237086825515,-96.77433866207689,59.34733033360389,747.0464061686355,747.9507685592799,525.3628429135897,531.1047130794688,36.76981396395115
1653511667.9242547,347.53806061042906,-628.8305999950652,22.578114308955495,876.5878342915731,-102.36505314454209,60.363732864170515,746.3642777174495,747.3201375731088,529.0497736811441,526.4655468505231,37.785618555215024
1653511668.0584414,347.41633038612656,-629.7253314710599,22.578362945783198,867.268602622948,-96.16132667339562,51.70265078495847,744.9408917259868,745.5099974565381,519.8522722368215,533.5640047976643,29.124287839175274
1653511668.191491,347.2873104800591,-630.5150258277333,22.57693874874428,837.0495921351958,-70.77422576287833,27.37817795829762,743.7586004808882,743.7740972144948,489.7622816551367,559.740800064855,4.801239209553341
1653511668.324243,347.1685113866473,-631.3963963227328,22.56960007464645,835.3107155304995,-69.39140505773473,25.555574258903867,744.400713106314,744.4067018203274,488.14220414385215,562.0049912649981,2.985974184257419
1653511668.4581375,347.0393508344664,-632.305006702844,22.559511595494214,844.5549295409593,-76.82884522234129,32.1130882628116,745.7047116847057,745.765906874207,497.5155787064929,555.4761614805027,9.553576667317387
1653511668.5918994,346.89865057984787,-633.0656012013945,22.550547989126965,877.1503350847612,-102.75888886625705,56.322941660927945,749.9280352593844,750.6881061015445,530.2516845049133,530.3067123351375,33.772393671800984
1653511668.7248387,346.76307435327925,-633.996621571131,22.53933722716523,879.7715344356811,-101.4733063966722,58.93705740488956,753.4448219503597,754.3234675906253,533.0084600824018,532.5233151744587,36.397720177724324
1653511668.8579576,346.61001486995406,-634.7754736848406,22.52865161597429,880.7301246593452,-101.61485625332944,59.30635870202482,754.6817446191351,755.5773523603581,534.1201097893911,533.1606174315111,36.77770708605053
1653511668.9915185,346.4680949501971,-635.4997046360334,22.52367312750883,884.798080691498,-107.76529749196786,60.77970146702188,753.8585928620349,754.8286572038988,538.3299857413008,527.7344071440655,38.25602833951305
1653511669.124881,346.3152194406322,-636.5294393979465,22.513857304519618,858.9863998312187,-86.55080709769234,39.66413824216263,751.8698259605418,752.0654009633574,512.6711803905865,549.9786323002542,17.15028093764301
1653511669.2581766,346.15594735297765,-637.3124092313384,22.510112058847586,841.7176036148091,-72.11629652217155,25.524982650010678,751.6834446617293,751.689490696261,495.5616562618315,565.1961127091669,3.014870591163092
1653511669.3972282,345.9909343287294,-638.239751482655,22.508491178288423,842.365859870069,-72.73839140212723,25.5848580791406,752.4492374632971,752.4555262554763,496.3749255413396,565.5013600805278,3.0763669008521752
1653511669.5245202,345.83874282784274,-639.1140309238065,22.49901898814574,869.3103275788582,-89.90661227393812,41.071147159600976,758.7168699467485,758.9441433245323,523.4715847510154,549.2074186498684,18.572128171455237
1653511669.6580675,345.68003199452454,-639.8984496585766,22.50233300789475,892.6224894493766,-104.75451425982088,54.45193592995107,765.1961077794505,765.8628209331599,546.942457454852,535.1439353987557,31.949602922056318
1653511669.7907763,345.51965350788936,-640.8143921139239,22.500115635070397,894.4229076254383,-105.99322026696532,55.286497334066844,766.3735826844428,767.0745824634661,548.9032541175488,534.8211718469586,32.78638169899645
1653511669.9242868,345.3569286670444,-641.6970358757598,22.49567669080359,891.5495343575351,-103.26619769982588,56.88632168003866,766.9642299415316,767.7348803282173,546.1926056904907,538.4308381759339,34.39064498923507
1653511670.0602474,345.19433935519027,-642.5272424489373,22.492894782684186,877.3451515132724,-93.48635425225402,48.03728119736478,764.6112631869277,765.0378418546443,532.1508121580821,549.0408881966832,25.54438641468059
1653511670.1911402,345.0323688418586,-643.4387089049818,22.486907692101926,852.5949985924804,-77.3725251699048,28.372724132784686,760.296486568076,760.3192686779246,507.56262975062174,566.066183735077,5.88581644068276
1653511670.326652,344.86622670065157,-644.3488387870315,22.481958496257235,873.8594686112988,-91.39442810724724,40.21466267691905,765.2401128256176,765.4455428539138,528.9932419106472,552.9544106797842,17.732704180661813
1653511670.4582226,344.7081495198444,-645.1353303400244,22.48281626974078,897.5632723199037,-107.01851039401686,54.47205999953033,771.5040497074999,772.1669576131036,552.8551228000592,538.1168199460076,31.98924372978955
1653511670.5912495,344.53773206391315,-646.066273736789,22.483634138047258,899.5063278018088,-108.41313692923451,55.437531594800475,772.6972484578256,773.399636107934,554.9685957378956,537.6531368075545,32.95389745675322
1653511670.7244294,344.3657415025604,-646.8322047159427,22.499573950311326,896.8457783869192,-105.95555529964564,56.882099161779976,773.1634633371796,773.9275799966425,552.4800368843587,540.876649416297,34.382525211468646
1653511670.85905,344.18575304176153,-647.7623727481597,22.505499304772382,895.673162582422,-106.9227356978921,58.69541718969166,772.4285571407452,773.2758796464885,551.4874095406606,540.8396370502676,36.18991788491928
1653511670.9910896,344.011189659877,-648.6029041757002,22.512338552626197,897.9803375148904,-113.8344487227098,60.83343752888093,769.9734526091057,770.9264714287184,553.9691478550134,534.7684554529905,38.32109897625473
1653511671.1246903,343.83769640046677,-649.3528102040215,22.522120200561638,872.4289873599394,-93.07052806875885,40.36379299771657,767.3713118795997,767.5786966715651,528.5912909594726,556.2822821352627,17.841672797154935
1653511671.2580261,343.65516847798966,-650.2872310219494,22.5234479323608,854.8005850629139,-78.37433642802786,26.023525935032392,767.0423690374436,767.0503545691107,511.14541658492425,571.9128945939216,3.500078002671593
1653511671.3923168,343.4782499797595,-651.1478697487131,22.529726365562286,855.4953949180009,-79.10429234010431,26.08405490910811,767.7209201038794,767.7291478226828,512.0171449382415,572.0435774086088,3.554328543545825
1653511671.5244198,343.30341317324223,-651.9811277883706,22.535634011538264,879.4154758157567,-98.1872780413828,43.72551018165221,770.781273597381,771.0724885382083,536.1120626425145,553.7938497469878,21.189876170113948
1653511671.6576014,343.13346408662386,-652.759143673413,22.543346600987988,900.2330399510415,-113.42440682645862,59.47871047262836,775.3978951467998,776.2770877092908,557.0995758644176,539.3347368469543,36.93536387164037
1653511671.79102,342.957874604479,-653.6164809899509,22.548303039721944,898.1929142784621,-107.90176071649972,58.83004659825044,778.518146997808,779.3631182706476,555.2350396739831,545.7147202734511,36.2817435585285
1653511671.9243703,342.78026565340315,-654.5241287971121,22.542830720342874,901.9767997789224,-113.5934235910969,60.11085043398609,778.0146474280995,778.9211434528368,559.1965341255193,540.9307052060152,37.56801971364321
1653511672.0578368,342.6044527423022,-655.4041643329158,22.533027851482107,894.0386710084445,-108.79461302107683,52.512362407245,776.4416904443767,777.0202437263315,551.4342182661422,546.6095513118389,29.979334555762893
1653511672.1909845,342.43683838798563,-656.1675549189362,22.527696396879662,864.2291063360726,-83.88105274932983,28.572851976309906,774.4540086124747,774.4776015882644,521.792267948087,572.2865021696064,6.045155579430244
1653511672.3244455,342.2721541470036,-657.0725619886408,22.512102738588233,861.9060763260183,-82.03363690493252,26.306426001919977,775.0414043395184,775.0506921031679,519.6339221790147,575.0389250837082,3.7943232633317443
1653511672.460148,342.097668695293,-657.9840735938988,22.492666822581338,869.5065659584275,-88.17873059082348,31.595904790488518,776.4266055636989,776.4799693286801,527.4088972631345,569.8053430030752,9.10323796790718
1653511672.5929053,341.9340761912312,-658.7654590754033,22.479917463485545,900.7223592134308,-112.98357011796591,54.61814151412166,781.1032041650107,781.7640827014088,558.7882830221995,545.7818889574374,32.13822405063611
1653511672.724345,341.7738012249178,-659.6134230233374,22.467998680263285,905.8521786211398,-113.78423487247619,59.17871130967349,784.9292442528708,785.78724531844,564.0783773962221,545.8291881508612,36.7107126294102
1653511672.8577778,341.60389731515704,-660.5608849048671,22.448827760246438,906.7462288612858,-113.74560519654374,59.67262262711726,786.3795553216567,787.2600688033004,565.1423315461287,546.8152797083234,37.223794866870826
1653511672.991314,341.4354010343149,-661.4650457853096,22.435410283602177,910.7618726514776,-119.82819752874973,61.24821849185012,785.813659001514,786.7715937642628,569.3264716171627,541.6368482565599,38.812808208247944
1653511673.1253893,341.26474342319636,-662.3666179224488,22.42925924957952,883.9167355389467,-97.80708871330734,39.328968021255946,783.0700138353145,783.2523518793973,542.6519921157503,564.5595292091414,16.899708771676426
1653511673.259421,341.0975464377065,-663.1905050121397,22.428805096288546,868.2367527868713,-84.76689440113239,26.428759144461917,782.5916024228101,782.6018245666753,527.1392063491649,578.4236106110073,3.9999540481733717
1653511673.3926897,340.9151609864326,-664.1377361235651,22.423327221834064,868.9175999497215,-85.48537616599604,26.484882896668335,783.3422810212952,783.3528103416401,528.0024389632889,578.652359957569,4.0615556748342705
1653511673.524408,340.7329192422465,-664.9558305186002,22.418864247778977,892.5320393938947,-104.26974030815389,43.693915686865,786.6709354969266,786.95856852146,551.7991201516481,560.6860902104463,21.27505143908602
1653511673.6575878,340.5474763613925,-665.8760524011986,22.39740558421918,913.5867190371995,-119.67773704395952,59.403563198597126,791.6480110159745,792.512478795715,573.0392426758069,546.1983153572392,37.00615761437795
1653511673.7910776,340.36335929038114,-666.7576406002491,22.37819972257683,911.7241840049659,-114.31118622541855,58.81475652703159,794.7642901954341,795.5990822277364,571.3608247145847,552.4464543748306,36.43655680445476
1653511673.9242225,340.18112055229267,-667.73773946114,22.34669378683284,915.6723723241272,-120.22018465487088,60.2612535032645,794.3334650428301,795.237805643972,575.4912517718345,547.5175548062691,37.914559716431654
1653511674.0584598,340.00285926931014,-668.7124515370052,22.313547570151098,906.5189560860072,-114.28829128968621,51.780830661223746,792.6705730745718,793.2181025362063,566.516096816697,554.424160247319,29.467283091072648
1653511674.1908824,339.8416932588659,-669.5818549398226,22.289678136032162,875.9989246337229,-88.73026992551598,27.252012497121207,790.4765275257605,790.4921032695365,536.157231374857,580.8515850143067,4.962334361089045
1653511674.3242595,339.66945021998487,-670.5206900628403,22.257356250130908,875.5442217744444,-88.43392808963246,26.357681468088256,791.1932565770504,791.2038813857597,535.8747715544596,582.0867619732079,4.100325217957348
1653511674.4576154,339.5007218291598,-671.398692348083,22.241345113693384,885.5480974237668,-96.48931788106667,33.37267419387136,792.8988114783714,792.9769427485928,546.047375594607,574.9093744670164,11.131329080177977
1653511674.591391,339.3277750532417,-672.382158205693,22.221088354925985,917.8001882752875,-122.1898498123322,57.12355202275144,798.3369646171674,799.099550146436,578.4724132220458,550.1923083933608,34.90246366782546
1653511674.7246983,339.15587101787514,-673.3929590563733,22.1985799669462,919.8343124809317,-120.45153277311593,59.167613096566456,801.8302022748503,802.6819935009545,580.6784414630565,552.9414262832574,36.96903312962026
1653511674.8577666,338.98648225359534,-674.3067709027949,22.177982417601438,920.9434878333998,-120.81812599686934,59.53865440697625,803.1336354450673,804.0021493719454,581.9570055798044,553.4886449059256,37.36067198937481
1653511674.9927435,338.82907628263143,-675.10002480655,22.158441969203466,925.2220801600596,-127.23911551802334,61.088285966174844,802.5012965240895,803.4449972938241,586.3930038774281,547.8609092885266,38.92984399697138
1653511675.1250339,338.6662346320578,-676.212289011611,22.11864575104887,898.1901942362011,-104.78460795118588,39.160487486072086,799.747870302381,799.9294221510518,559.5239596041433,571.4276810604251,17.041841735023215
1653511675.2576044,338.4985684213339,-677.1361021447572,22.077018589548256,882.9258629578185,-91.70597370196985,25.998044394658493,799.4557613307035,799.4653768414358,544.4272945364846,585.4301284427873,3.9210258051102365
1653511675.3909926,338.33977889200327,-677.9926538837576,22.034471954294165,884.4317810551837,-92.34854686459492,25.338349202605908,800.7468357182959,800.7536515793953,546.0920021631805,585.6441070191627,3.3038772483117427
1653511675.52483,338.18542086710755,-678.938069401689,21.987701434823396,906.6112107702365,-110.31248918833104,42.13810969201496,804.0167467783082,804.2692136672307,568.425789903129,568.6255802133579,20.15040825719156
1653511675.657668,338.02535652775526,-679.9581830861117,21.935041450106315,927.8987029425468,-126.39845967546479,59.14364580486471,808.9369148413593,809.7922032417239,589.8733464147915,553.5597234106469,37.20860435475839
1653511675.7921717,337.858252996134,-681.0374233386528,21.88354582619755,926.0912663441371,-120.98760016162528,58.40898036646111,812.2031041759764,813.023978614067,588.2330133480032,560.0498231770275,36.52543454026356
1653511675.9241543,337.69987642846246,-681.8909132633675,21.85558950904642,930.0523327673648,-126.94252925052905,59.78113227474453,811.6952269474006,812.580757982408,592.3524563389024,554.9483840128385,37.92554276569811
1653511676.058454,337.5360166998871,-682.7701231528094,21.83579822672569,922.0241377849654,-121.97093553949318,52.117327130162856,810.0136372415717,810.5794615644108,584.4881210850783,560.7991876133162,30.281528903437167
1653511676.191046,337.3617650459528,-683.9332677718498,21.799816275501033,891.1819799431252,-96.09957102554205,27.33363926591548,807.6294233490879,807.6483818197555,553.8202148971724,587.8336967463079,5.533822990414446
1653511676.3245723,337.19200481211936,-684.8380678225493,21.78985806066895,890.9553600032989,-95.2593830489568,25.236670282858835,808.8614708909997,808.8688148312102,553.7633551911795,589.5786847735925,3.446812222189884
1653511676.458582,337.01553279783053,-685.907664138123,21.773218754598595,900.7458194368642,-101.37550408443879,29.81822139024152,812.077386836472,812.1172355507304,563.7302866390337,584.5321600536842,8.045002635642923
1653511676.597408,336.837899732784,-686.9015311900566,21.769066678286862,937.5407463138434,-125.46620590832774,51.89516488278143,822.2247468696065,822.7764679169036,600.7028465810595,561.4353252817289,30.126098204494568
1653511676.7248187,336.6748180257911,-687.9245813317054,21.75691519386423,941.9593049134153,-128.35897166476215,54.13537708386496,824.3075770540704,824.9432382795283,605.2844868876241,559.5656096669433,32.37846189000073
1653511676.857447,336.5143783183031,-688.9206434769352,21.753850935555487,941.9045221685617,-128.33581435180471,54.51232282388155,825.0773157203441,825.7273729244699,605.3901438502586,560.5848291251305,32.758471888326056
1653511676.993064,336.36248147343684,-689.9446314857768,21.749489495800937,938.9594240608594,-126.43752239447205,54.30769106240916,825.0232343468571,825.6654126832497,602.5969425874225,563.5071090913048,32.558201566608226
1653511677.124641,336.22905312284104,-690.9843720265335,21.744102242720945,913.6711725970812,-108.99197757690483,36.16745641433869,819.8503208147905,819.977183637249,577.4421194742401,581.9923944496287,14.423354171617742
1653511677.2608452,336.09351359681676,-692.0126929416284,21.744203244821644,907.7217702271946,-104.54063851067791,30.393736910885124,819.6842553786224,819.7298902371725,571.6282566303778,587.4720544309505,8.64953366606348
1653511677.391027,335.96591974513274,-693.1084488314169,21.73265908330662,936.2193140709667,-123.31666265082234,47.088999698426804,827.6272210352663,828.0155560180905,600.2533943258339,569.7917861805946,25.356340615120185
1653511677.5244353,335.8434323506428,-694.0347962775212,21.73219393522537,948.0483486307348,-131.09266829040072,53.735524194471644,831.6842543779352,832.2997729952017,612.204916280092,562.9421279871204,32.00333025924627
1653511677.6577113,335.721673579197,-695.0898996606431,21.72862918661421,948.6012117451841,-131.1265403961079,54.93633686946843,832.8721383834933,833.5338929791893,612.879538165987,563.9633592645353,33.20770768285422
1653511677.7914789,335.606095669139,-696.1048939672016,21.725635405130802,945.2026183358741,-127.91256878968112,56.61275224686298,833.3369299617127,834.066873673533,609.5965226667352,568.1923251775205,34.88711684173218
1653511677.9240992,335.4895267894229,-697.1716624265648,21.719365830534198,949.3197024351865,-130.88628775300816,55.521086842585675,835.1446641765002,835.8284312260836,613.8301756457636,566.2853746735566,33.80172101205147
1653511678.058966,335.37414376090413,-698.2523489793945,21.704901613365525,940.0546116418213,-124.78985933514561,46.75371119268339,833.3652832135889,833.7416495096105,604.6804678809171,573.4624896442489,25.048809579317865
1653511678.191225,335.25340074447325,-699.3493386098392,21.693982256224476,907.0547147741548,-102.36525827796157,26.045629316244643,826.6478905167352,826.6593444266526,571.8013140296816,596.9840803318775,4.351647060020166
1653511678.3241482,335.1313203741931,-700.3312677869059,21.69212394529349,905.5129371680245,-101.49797258321288,24.60000000000001,827.0045370013748,827.0096492568922,570.3816167938314,598.833295203693,2.90787605470652
1653511678.4574635,335.00796928984573,-701.368801525118,21.69033457957028,916.4036202453656,-108.64387836590616,30.481803057086417,830.267268705738,830.3138126046546,581.3956509555198,592.7249231592118,8.791468477516137
1653511678.5921857,334.8818292960675,-702.526528672526,21.687283169916327,954.1165188247495,-132.82247119211792,52.026033759661715,841.435864356472,841.9826326075081,619.234689528682,569.704057480408,30.338750589745388
1653511678.7242286,334.76081386375813,-703.5263123064344,21.692327483838707,958.2376543040192,-135.4284957874415,53.931044844960965,843.4799936566475,844.095868131167,623.4768404402611,568.0978165189929,32.238717361122255
1653511678.8593767,334.6450644827572,-704.7120656960714,21.697049503358397,958.1379500426194,-134.86390521838646,55.10295212483096,844.67171394783,845.3320404867663,623.4928855598622,569.8481604776849,33.40590262147256
1653511678.9912782,334.53719492866753,-705.7487754935429,21.713046039857336,954.729796631435,-131.53692480029824,56.78408313961438,845.197085112939,845.9243998884659,620.1926017027674,574.2118506932446,35.07103709975705
1653511679.124048,334.440105415105,-706.7805991239618,21.731851992998106,929.3920017306166,-114.7893015710092,36.731327184771494,839.2981921271198,839.4322126079511,594.9518963155116,591.9912975529526,14.999475191773389
1653511679.2581918,334.3550585543882,-707.9492805689291,21.74754906656627,923.6729366249767,-110.91771681126392,30.009793401815077,838.8934673345263,838.934153684304,589.3178780705884,597.0315637576653,8.262244335248809
1653511679.3908741,334.28553968532157,-709.0334950227732,21.765318240800088,954.3455160660728,-130.91697067252093,48.21985922993724,847.7576835606468,848.1703441968834,620.0599763807513,578.1165243502522,26.454540989137154
1653511679.5257049,334.23291997586244,-710.2288449558458,21.774630031632128,964.7182211330118,-138.75399587965674,51.64058935617534,850.9378462037484,851.4617981026803,630.4853011571493,571.4748490761891,29.865959324543212
1653511679.663349,334.1754348014457,-711.3188620106001,21.777189353709705,967.1160430226935,-141.50798842767202,49.67214850096947,851.644435893773,852.1011524077702,632.9406082212478,569.8108735829281,27.894959147259765
1653511679.7913394,334.12804942179093,-712.2436132507222,21.762212137581937,968.6257652964377,-142.13369795492662,49.51885274691386,853.0021494514086,853.4536297108583,634.4977158746468,570.1099152957956,27.75664060933192
1653511679.9240909,334.09162453229493,-713.3669269069405,21.735348001852632,966.3434058728533,-140.2139372125777,50.02074498060622,853.3736957534464,853.8423322172199,632.2517813405584,573.1529896943629,28.285396978753585
1653511680.0577018,334.0684795413548,-714.4357711101658,21.702186604962744,954.4726697457095,-131.19823851201107,44.086399832866164,851.5088834852545,851.8030474564745,620.4041902043547,583.2375325981548,22.38421322790342
1653511680.190895,334.06541611391054,-715.5685640810998,21.667849724347963,926.7475813133818,-110.38641809639486,26.709239831241263,847.0640936577267,847.0790957038167,592.6821651994712,605.1821459847049,5.041390106893299
1653511680.3257532,334.08451467253445,-716.7171822974321,21.64211349289921,950.3346200333042,-125.3981786882832,40.43043384943307,854.0622672770859,854.2689022598776,616.2501053607698,591.3190036091489,18.788320356533863
1653511680.4578452,334.11694033431144,-717.8704127620243,21.64099767952673,971.3621684965734,-140.93663322590797,54.592080616493064,859.6127423354086,860.2440587717654,637.245228162262,576.9337795361164,32.95108293696633
1653511680.5910096,334.1588626918103,-718.9520867414819,21.647236259503014,971.0325707398941,-145.36552507272984,59.1136539452866,857.093731006065,857.912231049367,636.8737080480838,573.5865616687521,37.46641768578358
1653511680.7246099,334.21216700913425,-720.1525893662664,21.662540358339886,969.4614729674096,-141.54619523958652,57.96419523450145,859.2595882762957,860.026075297428,635.2493059582753,578.6063941266799,36.301654876161564
1653511680.8573687,334.26002950409537,-721.1902790891911,21.672394802478593,971.2692428863569,-139.6830334020157,56.244218283210515,862.5145881204402,863.2071742631404,637.0092133822616,581.5072456871754,34.57182348073192
1653511680.9911385,334.3531430094626,-722.4288167423589,21.67115172257647,977.245529840829,-141.49135099974097,54.81636714687203,866.486560858959,867.1202716202115,642.8923868313664,580.9374657426179,33.14521542429556
1653511681.1247368,334.44225174986883,-723.5676440995272,21.656729173544946,948.9582812204519,-121.52261249340816,35.67086741142309,860.2837732736238,860.3979117992175,614.5160294705831,602.0450316061191,14.014138237878143
1653511681.2581267,334.55652716048553,-724.7218086136168,21.64116766709977,931.4954646203495,-109.10851540322855,24.045770521754132,857.505581225598,857.5089526925881,596.938937459864,615.6132932103882,2.404602854654364
1653511681.3907213,334.7108896620232,-725.9268631977842,21.631965755886768,932.2854337994744,-109.02528608181382,23.933621264200355,858.8730358145226,858.8761198609105,597.5745441374512,616.9015771159704,2.301655508313587
1653511681.5259597,334.86214946155945,-727.0039961798084,21.634003616688982,958.8972791596995,-125.66111573861173,40.634207045585796,866.6216607924648,866.8299202756151,624.03512969814,601.3428804411967,19.000203428896814
1653511681.658563,335.024133837658,-727.9752292923029,21.641190597178035,982.9078254308437,-140.97173798725848,55.1052279655456,874.2576145717721,874.8978331403713,647.8836915931856,587.0034913050443,33.46403736836757
1653511681.7910874,335.2803068364399,-729.3056194128146,21.635195085169922,985.3340616335548,-142.89298674007472,54.577568209299,875.4711073953276,876.0906687273017,650.053754797115,586.4126326727398,32.94237312412908
1653511681.925798,335.5105902855236,-730.388461567354,21.639306357072954,983.2407581506376,-141.49718592358073,53.87184087839991,875.4126483504333,876.0058453992118,647.730167865114,588.8912756437733,32.232534521326954
1653511682.0580359,335.75628264777015,-731.5270269002881,21.644360558641814,968.8189477982432,-131.19898294057518,44.30603595052253,872.4460432438874,872.7403106901171,633.0626651504731,600.3280439597129,22.661675391880713
1653511682.1916504,335.97830251343805,-732.5376770838006,21.659582482916512,941.7496588398376,-111.78159670439229,25.11987709634095,867.3505908648084,867.3574932588891,605.7713563263995,620.7560803794083,3.4602946134244377
1653511682.3249779,336.2280628562208,-733.6300743043001,21.678531869744923,967.9446414649516,-128.47192991321037,40.2381675383493,874.8041011632191,875.00095742127,631.7165786087307,605.1581443910898,18.55963566860438
1653511682.4656255,336.57139372669707,-735.0000852225138,21.6940778481901,990.7032613446294,-142.92330484613993,53.39117028014063,882.2944032998153,882.8635906881746,654.1318676179324,592.0767803763739,31.697092431950527
1653511682.5933447,336.8073554034215,-735.9200480110355,21.712045084834614,993.0794174470556,-143.92841266448073,54.20378362389026,883.8252744401983,884.4223136107445,656.272062043634,591.9916353465549,32.491738539055646
1653511682.7244692,337.0865205105173,-736.8884059130966,21.72092093262954,990.989932578801,-142.09689257854706,54.00301871682561,883.9494423604482,884.5387218695945,653.9034120682837,594.7915133345496,32.28209778419607
1653511682.8590264,337.4781043043368,-738.1343595726597,21.724243345759792,991.3039335098476,-141.55710581402784,53.90124190229903,885.0947037681702,885.6793967766059,653.8258292055109,596.5772537586319,32.17699855653923
1653511682.9907277,337.81944420815154,-739.1487039334335,21.7205035816065,995.9151755637257,-143.44860859547782,54.142543562682654,887.6646862493052,888.256598000044,658.0957313555741,595.7000953379556,32.42203998107615
1653511683.1250749,338.224612064941,-740.2585197286907,21.70956862148378,968.4898126391694,-123.97781264102736,36.205517770454485,881.4965303297245,881.6157130661138,630.2652005742284,616.2807070876634,14.495949148970706
1653511683.2596648,338.6610160247555,-741.3600363843359,21.699996343768703,949.6622540016735,-110.36509292101569,23.704354107186816,878.337709247192,878.3399962062805,611.001237976918,630.9949434633202,2.0043577634181133
1653511683.3922887,339.12075885463685,-742.4625553896344,21.68109875695294,951.0639410746796,-110.38653012271277,23.299949421567604,879.7696061940436,879.7710956040196,611.9431822200428,632.0760252669216,1.618850664614662
1653511683.5313702,339.675383345742,-743.6934084447345,21.666097870125963,980.1915809069517,-128.88438958279528,40.39891423238379,887.8350798499973,888.0326837572552,640.5161975612098,614.8090188619392,18.732816362257825
1653511683.6592367,340.17726326163375,-744.7513121953499,21.654577710376486,1002.1182093662563,-142.68687151108,53.34790894176332,894.7890292501052,895.3501405097829,661.9409461046225,602.0644406842699,31.693331231386836
1653511683.7911205,340.6046075112214,-745.6304591419563,21.65286437999246,1004.3335415127198,-143.35598802828525,54.26591835863782,896.2536674323946,896.8468362411899,663.7289340014984,602.2744711136711,32.613053978645354
1653511683.9323,341.2734479863082,-746.9700580405365,21.63560329763172,1001.7497247979595,-140.6376866734909,54.53673963269192,896.5867815212123,897.1902482588096,660.4762768116514,606.3323713670457,32.9011363350602
1653511684.0577283,341.7020026570081,-747.828802182646,21.629943679938915,987.3240299860117,-130.00657730873561,44.97744423177013,893.6062352739945,893.9111865854344,645.6220273290037,617.8222248739104,23.347500551831214
1653511684.1907678,342.29261356794706,-748.9732010832018,21.611905891218942,962.1123712795358,-112.027155164893,26.430908846076157,888.7501321859935,888.7631969484896,619.8197577115886,636.9460459183089,4.819002954857215
1653511684.324032,342.8624373331817,-750.0490596348367,21.589279347865936,986.0671607137152,-126.9511596623883,39.76307492553272,895.5240416254072,895.7084324571266,643.2047233805336,623.0978999724484,18.173795577666784
1653511684.4578688,343.42624885544063,-751.0896879252007,21.568743718900162,1009.3206989664421,-141.4568265579275,53.13016841117564,902.8109682250664,903.3624786740304,665.8944501110016,609.6328613672731,31.561424692275477
1653511684.592925,344.06335802049466,-752.2003470157966,21.543448782372653,1011.4638879265092,-141.94261447560552,53.85021308508845,904.3439431123119,904.9208222069132,667.4005299060145,610.2577325401911,32.30676430271579
1653511684.7239516,344.6564809820967,-753.2016441079222,21.51953032842114,1009.3403315021701,-139.41108270815192,54.17961217422899,904.7339246461561,905.3232325262682,664.6838505200734,613.7905613997702,32.66008184580785
1653511684.8582273,345.20520195226027,-754.1039060251928,21.50032775026963,1009.8886301523021,-138.6241455565291,54.211194400961716,905.8804530788397,906.4708467829306,664.6834282000418,615.4797604686637,32.71086665069208
1653511684.9922335,345.8177953405388,-755.0701219390986,21.470386639173967,1014.5491360653878,-140.63081443558795,54.02890685134096,908.1504658772399,908.7339137016147,668.7313407248489,614.4393075035107,32.558520212167
1653511685.1242864,346.4482503398658,-756.0366685452706,21.44292129621796,987.8703395370065,-121.56699753144153,36.75065684603293,902.2051096876038,902.3349636992265,641.4220891971407,634.469671013829,15.307735549814971
1653511685.2577655,347.1498065383491,-757.0898616087168,21.405663372431587,967.7942323626321,-106.9478865212151,23.629424186337072,898.8237263654268,898.8264772410686,620.644425824283,650.1419750875017,2.2237608139054856
1653511685.3909264,347.73573607956945,-757.9732782248357,21.377400632358846,969.1419427730368,-106.76981503205103,23.177760166427262,900.1175613170985,900.1193617992519,621.4062066934673,651.2034631927846,1.8003595340684164
1653511685.5257738,348.4136685621633,-758.9836492486266,21.33561450273181,993.5630954437829,-121.8289459595753,37.144058179915845,906.7435684519859,906.8813625941025,645.1494268816195,637.1547032890513,15.808443677184034
1653511685.6608744,349.0622689098375,-759.9572901886439,21.29738849812823,1020.0912884126809,-138.30749933547094,52.66352436256594,914.7285977177827,915.2662137115121,671.0290195028434,621.649790853173,31.366135864437705
1653511685.7919846,349.7227799630731,-760.9285075137373,21.26123268106889,1022.2472178016031,-138.76178678163708,53.411695515853154,916.177137826832,916.7410758426049,672.52443783853,622.1667207321002,32.150462834784264
1653511685.9240522,350.37097687276486,-761.8822859346714,21.2305240177395,1019.7876740073735,-135.99314190869725,53.62571646717671,916.436541726799,917.0089331658722,669.4166971346087,625.8891440259741,32.395192449437204
1653511686.0584822,351.00213304557974,-762.8021803897158,21.199266312390577,1005.364829880984,-125.12182188902098,44.36650306802573,913.6885566905595,913.9822205525495,654.3626968354042,637.6803585006948,23.16723675563515
1653511686.1909873,351.7708739126535,-763.855728212101,21.162264527703755,979.4465914892507,-106.51350099775715,25.495748640168983,908.8870172438433,908.8973479986413,627.6757175765972,657.3422272143439,4.333484112465229
1653511686.3244083,352.45330643440985,-764.7900612018177,21.132311302490066,1003.1356738886352,-120.97118020215498,38.68413610772764,915.3634769027512,915.5317369711917,650.6823674542254,643.8188809996627,17.551824805237572
1653511686.4579144,353.17938851664485,-765.7509228165931,21.09965280428982,1026.7303266294266,-135.4456873241561,52.212528849324116,922.4725232340445,922.9970569712443,673.5509381127818,630.305235492437,31.112876045034294
1653511686.5937924,353.913303747689,-766.7092151131069,21.067081805947907,1028.9834317426423,-135.88817121867325,53.007508940120225,923.9344495856757,924.4863752466549,675.0701279949533,630.8210438944336,31.940427134172317
1653511686.7241678,354.5815514233731,-767.5801474180837,21.034300291593116,1026.411645269191,-132.51818579893535,54.047328577361654,924.4778905373785,925.0671489838119,671.8300938458178,635.0619616191484,33.01302828576854
1653511686.8582134,355.4545742217453,-768.6763910831324,20.983606532765666,1027.0398641448037,-131.6256498330564,54.15831696820291,925.6675691458082,926.2618474172326,671.5852899230583,637.050741250076,33.17471043543725
1653511686.9945533,356.1843985314376,-769.6255447008039,20.944429463494796,1031.6682779754876,-133.86435593451418,53.26229839552084,927.6156318919543,928.1784339137693,675.48387944405,635.7611887662897,32.317868932026045
1653511687.1240625,356.7829303486441,-770.434910850316,20.910555162148707,1005.5699216762408,-115.09259475322409,36.14413892631593,922.1703266660752,922.296141951009,648.7869913275968,655.342316097092,15.233583764167225
1653511687.2583961,357.6113914550416,-771.4861936536788,20.847720566115942,985.0366862926792,-99.97681255824511,22.693054188427517,919.0143358518782,919.0161885176161,627.4252948376376,671.5093810954337,1.8453336223115748
1653511687.3920336,358.301092130307,-772.4080016282853,20.79600603837117,986.3278624228703,-99.62907729157914,22.16591984902727,920.3527069747573,920.3537265093308,628.0267702925634,672.7789243367062,1.3699138106560973
1653511687.5241752,358.93822455454966,-773.2694488038328,20.750052488408578,1012.8781054994366,-115.98858490882316,37.70189145772521,927.1760900351039,927.331044868673,653.9398809448869,657.2808638950096,16.951838969316633
1653511687.657471,359.6379724139521,-774.1938286637234,20.698952614833797,1036.9561862325036,-130.75123900513586,51.930303909479946,934.2260588085211,934.7479479841568,677.3182138185514,643.4425896585875,31.23135129464615
1653511687.7910976,360.4084523592652,-775.2013686146436,20.64470479587448,1038.9005377614938,-130.95476116512953,52.51104871048297,935.6309107568397,936.1734161137867,678.4920854022286,644.246607449514,31.86634391460849
1653511687.924002,361.0484366449815,-776.0816211381976,20.607938666410682,1036.5664119147852,-127.62796134198813,53.85764207582479,936.3849015312633,936.9750405387155,675.5179752698037,648.4536597962095,33.24970340941411
1653511688.0591018,361.81244606178086,-777.0771643874336,20.565205776483943,1025.614615287829,-118.76049762278011,48.0575321136629,934.8872411201958,935.2913886146717,663.8021692260482,658.3166667646535,27.49232633717896
1653511688.1926217,362.53921452530807,-778.0282133994143,20.5212997457903,997.6732124834731,-99.37663076175288,26.258271701051,929.4961893299644,929.5138938316848,635.1339979581651,678.6515826376615,5.7369719552606995
1653511688.3242288,363.20956293844716,-778.8996987869067,20.481693305686374,1019.0434821840018,-112.35840210848005,37.649343865187184,935.0911344947845,935.248714533453,655.8339192455546,666.5412966784266,17.16765055950081
1653511688.461439,363.9979093778963,-779.8898698919611,20.443767767628525,1043.3753946496286,-127.20144346416242,51.651002477328795,942.1018785072763,942.618608444139,679.3774852717322,652.6884264277987,31.20723470970027
1653511688.5918155,364.7616598228844,-780.8396997795719,20.403501504206012,1045.5417581746524,-127.48155992157885,52.40590116286367,943.5774484537767,944.1199896276172,680.780098351768,653.358139857993,32.00239965865766
1653511688.7240777,365.42104307130916,-781.6877254012301,20.373785941991063,1042.8318095809268,-123.68662736688195,53.884556127378396,944.3785213554761,944.9728902545158,677.4107665096176,658.0010980343482,33.51077018538733
1653511688.8574362,366.20022779787695,-782.6593801697177,20.33827201230507,1043.423146887638,-122.6818379792005,54.01388548949615,945.6221435310686,946.2215836046851,677.222919089761,659.9775421905172,33.67561347719108
1653511688.9917383,366.9559550898005,-783.6024313484338,20.30061052917265,1048.268817494933,-125.26496041581657,52.59696843431443,947.4151371561622,947.9654512937519,681.3128624051326,658.3374709326172,32.296357905141775
1653511689.1242912,367.654424082657,-784.4875241618594,20.26404564993565,1021.9143272947402,-106.27814900963276,35.5710680082122,942.3502414152915,942.4745526691609,654.2599032120833,678.2093751522266,15.307022358276551
1653511689.2574582,368.51493161650154,-785.5369691851703,20.203919704242818,1001.0341324753552,-90.86511253727696,22.114098702502314,939.4942936887666,939.4962355739164,632.5192008588538,694.6718566478933,1.9101789982594966
1653511689.391775,369.1982127952814,-786.4068479474214,20.165586509971096,1002.3778999339607,-90.37838930503996,21.538233590470483,940.9421509556925,940.9431521644295,633.1796871386794,696.0284586423815,1.3726470804993873
1653511689.5240533,369.9004659014492,-787.2883118281839,20.129841017407056,1028.1334786175548,-106.02951004712051,36.76845870871879,947.3036757204582,947.4497863381303,658.2330127161056,681.2588017810633,16.638617691311733
1653511689.6596985,370.65267670859237,-788.2254583448336,20.084701032624128,1053.016227578248,-121.15152905950946,51.590806908423104,954.2576395751865,954.7776062492583,682.3635508696556,667.0739292853241,31.506105875798976
1653511689.793168,371.44000150218733,-789.200417496571,20.038426353747518,1055.2269215276363,-121.51533623788345,52.22109018079192,955.7028407058913,956.2445521854305,683.7869200254489,667.6850812586877,32.1826638270444
1653511689.9264517,372.1309664267581,-790.0882725837188,20.003752857140288,1052.489218365453,-117.71725302239058,53.55937716922498,956.5407147252107,957.1291024987124,680.358251938695,672.3710195613282,33.55562431208469
1653511690.0597694,372.829844197819,-790.9813390231707,19.971427662724015,1038.0969166400268,-106.70173992849443,44.41901748924697,954.3682975733196,954.6813772465254,665.2670724422078,684.2795990946762,24.447589826522954
1653511690.1906507,373.59636721126094,-791.9303771935452,19.929652566177303,1012.5935132799092,-89.00809243593908,24.45007176036667,949.9563627307996,949.9671180006294,638.9971460686482,702.9222847576061,4.520419194189365
1653511690.323935,374.31443304684404,-792.8305855893805,19.89721293299494,1036.378070711208,-103.42535294909621,37.65165560900546,955.8283502330189,955.9932297584071,662.063637664364,689.4052326402842,17.75444267601052
1653511690.458142,375.0978002667165,-793.8057849308685,19.850297419455234,1059.6158612497554,-117.47013178283296,51.142567092773,962.2862835617888,962.7949406142862,684.5180609830389,676.3356531480356,31.292269673317765
1653511690.5917523,375.8871527276011,-794.7819404264873,19.800951557049583,1061.8173188654353,-117.78834279539055,51.89722116804228,963.7533522906014,964.2876617349791,685.9301661378341,676.9935976310967,32.09626961099269
1653511690.7239988,376.575427798696,-795.659929867878,19.75776671064864,1059.1907616115702,-114.02683058400477,53.305037473156915,964.6695682956938,965.2527106262968,682.6153338128743,681.6330992838732,33.547270762508276
1653511690.8573577,377.37784316203226,-796.6433708964609,19.70919590424654,1059.6691858158702,-112.89677718581247,53.3692462509995,965.9352362717137,966.521536056304,682.2913426538379,683.7465937106484,33.66005034675297
1653511690.9915586,378.1202759241284,-797.5846907163453,19.674614537986745,1064.4187885055837,-115.39164005266895,51.8341959461597,967.6740188438105,968.2082655202238,686.2985125814553,682.1930506636763,32.159581408172954
1653511691.1246989,378.89659600737343,-798.5667609630538,19.636539535082637,1034.1213300310008,-93.60863669657004,32.29274806031008,962.4372234310414,962.5204354505344,655.2247340236273,704.9581242664838,12.656208525227445
1653511691.2574265,379.5981464145201,-799.4730551362975,19.60783772397613,1017.4668740024603,-81.27724685285723,21.67111120607852,960.5632372054231,960.5654531410256,637.8687275879402,718.1958082834402,2.0632734821023924
1653511691.3906384,380.3755563416129,-800.4659443030366,19.566917883983123,1018.1535136964021,-80.95506051103551,21.61684403448742,961.4866794619642,961.4888647197201,637.7779573547892,719.5108837920011,2.049926150504298
1653511691.5259852,381.11629064967013,-801.4319710029297,19.533408281023892,1042.981722727312,-99.46312635952495,39.48337389192929,964.7932986030323,964.9995389414423,661.8654320776418,701.9688446434047,19.949965610905398
1653511691.6574216,381.86715340712163,-802.401569820327,19.50262948358293,1066.4466586407952,-114.99334504676763,54.38049710389324,970.1438895711902,970.7706382673806,684.5795052336737,687.4082247735594,34.87786762031031
1653511691.7906427,382.579950046413,-803.3322147404964,19.478694289836533,1071.1205819916913,-112.43554951817207,51.84434901315903,975.4108897561745,975.9477134870501,688.5406319452784,690.8966652223244,32.3656547233225
1653511691.9254434,383.3100468666472,-804.2785160607868,19.45242835248885,1069.0872000330623,-108.19367354507678,52.64105244395453,977.1511714085767,977.71462940586,685.7771531664151,696.0848425157101,33.18862409146568
1653511692.0577805,384.0448449117179,-805.2106002572787,19.42487244968952,1056.0989043891616,-97.88058301550096,44.873309153241344,975.6907359155178,976.0225586952483,672.0540594774436,707.3300172417777,25.448436703551824
1653511692.1910224,384.7808664061213,-806.1325970898304,19.39585674721985,1029.5102184833618,-79.32290677421562,24.048151092451587,971.5597065371835,971.5708451828373,644.7293520772405,726.8096903156147,4.652294345231738
1653511692.3249085,385.5645389135438,-807.0995464021914,19.370482660171128,1052.4339805548404,-93.17570819571807,36.458544214418396,976.935053601025,977.0844901041665,666.8694416412966,713.9238382064734,17.08806155424727
1653511692.4602463,386.3546867642205,-808.0717559653555,19.351493401805996,1075.9145977723904,-107.36668890094678,49.98515201577027,983.0973816867445,983.5745436515778,689.5599110081698,700.7050670644087,30.633658613964272
1653511692.59066,387.08590947273433,-808.9657240117834,19.326796783886454,1078.0365341101217,-107.5884261966366,50.84830869027433,984.5521213106357,985.0565898922443,690.9506246373874,701.3772978151468,31.521511906387875
1653511692.7239041,387.84369312101506,-809.8925991237226,19.30143145391092,1075.5729706656668,-103.8270370837234,52.38158599481011,985.6470651764497,986.2020247978596,687.7292775446517,706.0655620399991,33.08015454089919
1653511692.8574436,388.64366862035916,-810.8590936293666,19.27472760097917,1076.1240806467165,-102.9213663760042,51.91302065254613,986.8156578554001,987.3552556004886,687.4804120263573,707.9377272533624,32.63829305156696
1653511692.9914372,389.44582193169435,-811.8298592364689,19.246824074022527,1081.5475877342944,-106.52854948671295,48.825894513184984,988.1572707630088,988.599875161758,692.1017658026001,705.301309749756,29.579070439162457
1653511693.127545,390.1925905558303,-812.7546279682813,19.223418372706735,1053.1939026990653,-85.30687057001904,31.465861922339236,984.2514819127337,984.3276167371706,663.001312143235,727.4477573982622,12.242443549632501
1653511693.257873,390.99960307612577,-813.7352424410606,19.19540348215883,1044.3112778648328,-77.47731840221866,26.045119203364727,984.3230542485584,984.3468868903237,653.311674788707,736.2579240388419,6.849715721205897
1653511693.3913345,391.72169498869215,-814.6443588544433,19.17505370099813,1074.4855227013209,-96.55559240569856,43.657526949150714,990.8672569687021,991.1696688403184,682.7638277126287,718.0887664487448,24.482473248152584
1653511693.5246212,392.4609225828925,-815.5713547229826,19.154653681381706,1085.34678478418,-102.56126330478449,49.79311936311631,994.2204023769624,994.6923766079339,692.8858622012875,713.0100914181982,30.638465681734605
1653511693.657855,393.30758028552657,-816.5930795345857,19.123813953431807,1085.8330117057628,-101.22044936764205,51.0252274371427,995.6653419476622,996.1762762373003,692.5254314202363,715.3726301669437,31.901413483710897
1653511693.7995012,394.13531629344374,-817.6096723841729,19.103473990372365,1082.4817218688017,-96.46146274302835,52.710960801420704,996.933054089964,997.4993621586422,688.346405575358,721.1482096411445,33.60748681104834
1653511693.9249759,394.8395970358385,-818.4774520422022,19.084141730530202,1086.8729326408977,-98.66154993051762,51.41835734811846,998.5214421941688,999.0448298355421,692.0333356050592,719.8159021116846,32.33421561758826
1653511694.058721,395.5530399226352,-819.3626908067849,19.06037591968496,1078.157913510394,-91.74702258726529,43.18123587431549,997.684305822387,997.9758463856975,682.6048735877589,727.6156682195196,24.12085995463053
1653511694.1944244,396.3785186499609,-820.3520497187969,19.03252629053738,1042.1475520940398,-65.95181335122595,20.912140687579306,993.0444910409336,993.046269887274,645.769033444079,754.400236367571,1.8796143970419266
1653511694.323954,397.13221426878744,-821.2648817822324,19.005499218518445,1042.731726156583,-64.97677204979398,19.929311632122047,994.3693653127214,994.3697944435962,645.5995118877954,756.2881097324383,0.9238124136036028
1653511694.4580338,397.9322870878919,-822.2234969978508,18.978224316827543,1053.6017409456917,-70.77527355421765,25.313973351470302,997.2847463181105,997.3048716188084,655.6694538577999,751.4482234436332,6.33574903464276
1653511694.590785,398.7554209808939,-823.1931064926375,18.94169583552999,1087.8138321380322,-92.04450262396358,45.34661348789185,1004.6789412172981,1005.0258676281617,689.0584111571384,731.148603868674,26.40491765236186
1653511694.7242103,399.4742568981164,-824.0688261801524,18.920625064986538,1095.3794617979502,-95.75555791080454,49.4540810311335,1007.3352326528933,1007.7978779879899,695.9052048998337,728.3132682693479,30.53345596614696
1653511694.8578856,400.3106403620254,-825.0490328315018,18.88756568522669,1095.4800051065595,-94.2070089685764,50.60438749466809,1008.6577762171746,1009.1563141104889,695.169364744534,730.8420238629254,31.7168218094414
1653511694.992541,401.0561314265491,-825.9455661103744,18.86821075446497,1092.3635304482718,-90.00895474226189,52.13504139457169,1009.7071931476768,1010.2550657705198,691.3073990217227,735.9366113681126,33.26683064010672
1653511695.124266,401.8587039390246,-826.894790940407,18.84983133193115,1067.7503435514004,-72.98498041701575,32.76693339023856,1005.8785603188259,1005.9748326070464,665.8916396123758,753.9098105233912,13.917102058307414
1653511695.2585187,402.6153598308515,-827.8225817923877,18.83208060986621,1063.1212627526454,-72.72507308659564,30.721786088322578,1003.2149796769523,1003.2854332365204,660.5059029217939,755.097508705792,11.889705478456367
1653511695.391867,403.35620243273627,-828.738367549549,18.812807740331746,1098.2690018160627,-104.56983723812091,63.54874258160238,1003.6552490971114,1004.6517620082628,694.9127993833264,724.1685303114281,44.735934841270634
1653511695.523967,404.11905005045054,-829.6829359601164,18.798489253214374,1106.6422749932578,-108.70465881460774,72.45795570336114,1006.6521532782554,1008.081294360461,702.5232249428072,720.9782771455086,53.659466450146766
1653511695.6571527,404.87241786303804,-830.6213027078269,18.78875780093985,1106.107375170517,-104.6304411868156,72.53184092997877,1009.3528601842083,1010.7826251703464,701.2349573074789,725.9908615210113,53.74308312903892
1653511695.7918704,405.6638620049583,-831.5952627671528,18.78659462375205,1106.6718823500657,-102.83642850372763,72.59946004939972,1011.1882530494275,1012.6191325421775,701.0080203451075,728.7588342634251,53.81286542564767
1653511695.9278615,406.346811892357,-832.4642337525047,18.795406464927137,1107.4836754641806,-101.70867246546526,72.6,1012.7174294003585,1014.1457124579014,701.1368635718236,730.7555612870394,53.804593535072854
1653511696.057939,407.2237178418168,-833.5056135856806,18.779780913422634,1095.4414887126125,-89.3989700446487,58.691252824367915,1013.5770306712102,1014.3625203517554,688.2177708707957,744.1066435410319,39.91147191094528
1653511696.190577,407.92805573209,-834.3867122655846,18.773691028969818,1061.6541480869516,-57.99676716596359,21.17497477608528,1014.9577088122193,1014.9605494012976,653.7260923548616,776.3899450996211,2.4012837471154604
1653511696.323987,408.71603381582975,-835.3525380267522,18.76063513193402,1060.5224897823225,-55.71389630950396,19.000031929499666,1016.2126094958255,1016.2126376940713,651.8064559664928,779.6386417172482,0.23939679756564658
1653511696.4572308,409.41407482753493,-836.2404851346383,18.751379610935142,1072.4581448338886,-65.66996336200896,29.420820519988823,1016.5659682458058,1016.6219576444553,663.0440700063536,770.5705217726294,10.66944090905368
1653511696.5904374,410.2145109643761,-837.2248639685785,18.73581784424402,1113.336777426625,-102.80288173251796,67.5465649223575,1016.7382011051587,1017.9091602971641,703.122266462249,734.4219822360606,48.81074707811348
1653511696.724185,410.99883980421424,-838.2032339868753,18.71376238958718,1116.533890429613,-101.89287157529046,71.76420302097428,1019.7708847852361,1021.149845373757,705.5350506253988,736.3103624115848,53.0504406313871
1653511696.8586447,411.74620314005574,-839.1638782347165,18.699476497799775,1116.0887162950196,-98.21614367332137,71.83373713660959,1022.3022650806923,1023.682162999213,704.3425131549639,740.9477345613952,53.134260638809806
1653511696.9910574,412.3399532319078,-839.9760016620746,18.6984208855417,1116.5858960095027,-96.43606892948895,71.89945227426281,1024.1161943288864,1025.497113222414,704.2459427775948,743.5399327325856,53.20103138872111
1653511697.12421,413.1096566105299,-840.9587783759196,18.691600751741323,1085.5646699713377,-67.41408671210374,38.161974023549185,1024.9717727797931,1025.1566857952473,672.4550133608078,773.5446916638158,19.470373271807862
1653511697.257475,413.82077727082634,-841.8916515604726,18.68101559783922,1068.5530864656837,-50.969997864792646,19.230591832366823,1026.7577411387458,1026.7578882201867,654.7323091948574,790.92165369568,0.5495762345276027
1653511697.3928595,414.5475073100935,-842.8513868899438,18.666900391316144,1068.4775953375593,-49.70299412753247,18.1888779950876,1027.9634881498491,1027.963599294555,653.9300880274657,793.1483927624113,0.4780223962285426
1653511697.523813,415.19993290804376,-843.7301614385153,18.660094720898694,1098.9874059315864,-77.0900079061317,46.40290184410148,1027.279140872664,1027.6536851581636,683.7874730235426,766.6401535323836,27.742807123202784
1653511697.65731,415.8871159695967,-844.6436727053257,18.647824600978826,1125.0871923331479,-99.13301847493678,71.38437064003058,1028.956210868611,1030.306763625872,709.2000763635511,745.5106542303889,52.73654603905176
1653511697.7907763,416.68871339681,-845.6703305902276,18.629672612609117,1123.636753436881,-93.53496297053408,71.60039088955736,1032.222428811208,1033.5806884494723,706.948040040071,752.1353676196936,52.97071827694825
1653511697.923848,417.3445114556145,-846.5547905898284,18.620484479145723,1124.0956348904476,-91.81426045211379,71.66435227044838,1033.9876296692128,1035.347318642019,706.7511234348331,754.7405301377146,53.04386779130265
1653511698.0577302,418.0437597794117,-847.4861929486395,18.601198079259202,1109.8598502164657,-77.31970174071805,55.924273210566845,1035.2612844915682,1035.933848807147,691.8160904370541,770.1664912079215,37.32307513130765
1653511698.1911917,418.8029138875061,-848.4741959289162,18.573982962889602,1077.4728291679205,-47.06918885385267,20.667219365285447,1037.350491714585,1037.3526036498522,658.6699152804144,801.4050070750635,2.0932364023958456
1653511698.3239622,419.4893654996705,-849.3899058426083,18.553084770866143,1076.3159116044371,-44.79709019244638,18.496335362175795,1038.6485019792656,1038.6485035295955,656.8265461047666,804.5928156501619,0.05674940869034728
1653511698.4574728,420.19093412964327,-850.3169441346006,18.527723919435804,1089.0304099758573,-55.52802719680119,29.733598875631703,1038.766415965302,1038.8268568779556,668.8394758462141,794.7889169377994,11.205874956195899
1653511698.5910065,420.8734211913362,-851.2284014670458,18.504733695367655,1127.3937208146854,-90.40503374848674,65.5750312490655,1038.278927189836,1039.3453437420453,706.5202996233492,760.8233677185591,47.07029755369785
1653511698.7244244,421.60235308600113,-852.1877317499615,18.475475337878407,1132.264920499744,-91.18650078213636,71.42592505293383,1041.2320386242625,1042.5775311134728,710.6625674137429,761.0012309678251,52.95044971505543
1653511698.8604648,422.30135895179086,-853.1228554644509,18.453954922265925,1131.7743759100238,-87.50671892633993,71.53344073058948,1043.8007617928627,1045.149492720078,709.4730169582328,765.616136538111,53.079485808323554
1653511698.9905276,422.8935692611509,-853.9372950103929,18.44016440539046,1132.2356677496202,-85.90673473123807,71.59548203664319,1045.4841721474015,1046.83458196757,709.3420984884693,768.0305602791548,53.15531763125273
1653511699.1239216,423.6137878740452,-854.8883811218167,18.42211671081269,1102.355745065758,-57.90595315654187,39.10585575301316,1046.8388772575563,1047.043194905839,678.7419571917127,796.9824279652748,20.683739042200468
1653511699.2573643,424.3147764899092,-855.8155562053539,18.403648690705896,1084.0928739468666,-40.428344546661094,18.93248126102918,1048.8867635834006,1048.8868968980153,659.7780974569573,815.3872116586929,0.528832570323285
1653511699.3904748,425.0115373625634,-856.7436715690355,18.38677103339462,1084.0240017498486,-39.32140893996106,18.08770065309782,1049.9888493024287,1049.988891894829,659.0124643872853,817.4222626290745,0.29907038029680066
1653511699.5246778,425.6529954816544,-857.6164807455714,18.370865846970027,1111.2504390325055,-63.63247324900257,43.049298299386066,1049.0254805121626,1049.3157216929908,685.597443550851,793.9840074965688,24.67843245241604
1653511699.6570864,426.348571627483,-858.5463423509505,18.356162394460906,1140.8400683070683,-88.96726956677973,71.15598074035105,1050.1190637707602,1051.4456091078305,714.4914966795853,769.5790727841708,52.799818345890145
1653511699.7938097,426.9360436811529,-859.3767864894118,18.34701156839891,1139.3811023618362,-83.43833968937797,71.30204729670369,1053.403263171788,1054.7334595384548,712.4450586806832,775.9384468000338,52.95503572830478
1653511699.9239707,427.64243894843156,-860.3267022097576,18.330229143479997,1139.8667828302837,-81.85770186167606,71.36515445756058,1055.1196617070862,1056.4517044446216,712.2243438818521,778.4690003480815,53.03492531408058
1653511700.0573156,428.25375759697886,-861.1924323743032,18.318434174011,1124.7392014750985,-66.52655901752739,54.44779750164366,1056.6862466276302,1057.3037192341892,696.4854438781197,794.6658733567758,36.12936332763266
1653511700.1915388,428.8833939160818,-862.0834515293016,18.31184538079795,1091.9134609519035,-35.67602270534259,18.28912581102121,1059.508427625261,1059.5084278688546,663.0300670358217,826.407428823959,0.022719569776739945
1653511700.3273637,429.5213579765346,-862.9817062496479,18.298723068889245,1092.051568645687,-34.79206728364264,17.818565416527278,1060.586798965532,1060.5869076560039,662.5302106691524,828.1896389660053,0.4801576523619673
1653511700.4572005,430.13237790896767,-863.8376494045848,18.28373560051683,1101.2437154231648,-41.037754546531,23.965500654025504,1061.7862752543558,1061.8014771004239,671.1113375141971,822.7998948580538,5.6817650535086734
1653511700.5907445,430.7266943628035,-864.6918710008422,18.27647677224348,1133.3167410028786,-65.16348561083416,46.756594923563895,1064.3676116277006,1064.7485758675468,702.5900466400751,799.528385390008,28.480118151320415
1653511700.7249281,431.42666662743056,-865.6621072812574,18.259841436816373,1139.7868834068972,-69.0750062771333,51.07473304981122,1065.9855562820762,1066.4905172169042,708.3602167794667,796.5871010041241,32.81489161299485
1653511700.8575463,432.0275485720194,-866.5254339303772,18.24557008465712,1140.325225844378,-66.82896037013175,51.483126814792755,1068.2696520327208,1068.7865945227325,708.2976772723587,799.6964735602454,33.23755673013564
1653511700.9906948,432.6873480637538,-867.4527069826061,18.22804543583137,1137.9699798386694,-59.65272640624174,50.43757525718162,1072.3639304371095,1072.847544208327,705.2826317749156,807.7999805763643,32.20952982135025
1653511701.1244395,433.31041681678926,-868.356661574964,18.210699837424727,1115.734814464019,-43.21274526584001,31.944626550086305,1070.7780073974918,1070.8660802682527,682.4243976472299,825.143916309124,13.733926712661578
1653511701.2586048,433.98355095309296,-869.3199754977555,18.1885469254489,1105.2481723763426,-35.52082153924516,22.439288706317843,1070.428522189327,1070.436962143084,671.2646214232497,833.7991539585104,4.2507417808689425
1653511701.3909528,434.55421520273956,-870.1630988241479,18.178055075572676,1135.9121618949716,-58.46718305220307,44.450420758295785,1072.7316668529927,1073.0533380348652,701.3579466922321,811.6959157719449,26.27236568272311
1653511701.5239117,435.2066274299933,-871.0994471853062,18.170127212762736,1145.6853292211104,-64.88558823392454,51.24161478800216,1074.59795833794,1075.1067367264093,710.478701791117,806.2138589513817,33.07148757523942
1653511701.6571786,435.82144865797,-871.9970649982721,18.162510190772135,1146.4839692616906,-62.98133153243211,51.771833246149896,1076.82295442942,1077.3473264376466,710.6625206037206,809.01573346584,33.60932305537776
1653511701.7904756,436.4657034181978,-872.9233697749316,18.15409292897141,1144.4240972689581,-56.346548528030425,50.7804457881531,1080.7417787896616,1081.2341426917362,707.9583938507603,816.5768212469012,32.626352859181694
1653511701.9274573,437.1471032206384,-873.8891356671262,18.152793821233935,1147.9161486312162,-60.45807157865044,51.46332360864187,1080.2142065062717,1080.727682319969,710.7690454105777,813.4310640884758,33.31052978740794
1653511702.0574925,437.68037466240435,-874.6775406445249,18.15419123910326,1137.1938609565989,-52.02115582513103,41.83712191752757,1079.8530663898553,1080.1127377256005,699.5134862941945,822.6563848193939,23.68293067842431
1653511702.1904988,438.33397216724535,-875.5880517821062,18.146265218576424,1107.733526147967,-26.511555703462932,18.70473468746819,1081.2153620175657,1081.2155062479094,669.3995539807217,849.0764960786432,0.5584694688917651
1653511702.3247938,438.98830968041636,-876.5022475653835,18.140548842109492,1107.717230027965,-25.5089215875938,18.158376617435216,1082.3068002040543,1082.306800350884,668.7289203475485,850.9933259777897,0.017827775325724105
1653511702.4578373,439.69008080324267,-877.4573620387907,18.124960045904967,1117.8159282466165,-32.43441027406647,24.996252632220283,1083.4751746025202,1083.496962913034,678.1258474433739,845.0229517647242,6.871292586315317
1653511702.5910058,440.3710991818225,-878.3952941026508,18.109298768720283,1149.832450745254,-56.42671148507351,47.754150435434916,1085.8028182743678,1086.2074283500833,709.4613515634314,821.9685826175773,29.644851666714633
1653511702.7253063,440.94377549310724,-879.2307768173586,18.10253475914884,1155.2168050426271,-59.573034881089654,51.319539035206276,1087.2096277433861,1087.7169411344976,714.2730295495198,819.6577419362688,33.21700427605744
1653511702.8618577,441.6502908635811,-880.2275874730346,18.08979188012293,1155.8691124893833,-57.624875177200394,51.78739123478049,1089.396047101793,1089.917095766132,714.2188216258021,822.6027122958343,33.69759935465756
1653511702.990414,442.23179843543113,-881.0942043942446,18.078172260043374,1153.796950283604,-51.06968280925546,50.89724956697093,1093.2820641340018,1093.7745487953089,711.565151848173,830.0245215849891,32.819077306927554
1653511703.1239696,442.8263219354437,-881.9937169151291,18.063810700164183,1130.3596646287644,-33.18346249392887,31.44233960609951,1092.3282223423662,1092.4101475001598,687.5333426933207,848.8102544212002,13.378528905935326
1653511703.258726,443.38147601398884,-882.8520140599961,18.06315586754055,1123.9564424462305,-28.578331268411134,24.920734523389918,1092.22974233654,1092.2512698228213,680.5749664322417,854.273682791585,6.857578655849366
1653511703.3904455,444.0348635362401,-883.8119421314417,18.05669333600788,1151.8660789920725,-49.58031590455208,45.00041187509128,1094.0600695441003,1094.3917944408918,707.8312154558324,834.2316262268896,26.943718539083402
1653511703.5257785,444.6114160506772,-884.6746972666369,18.057430761879218,1161.3806802873169,-55.861020753576646,51.57922244657691,1095.7601418784266,1096.2727758396547,716.7692642366396,828.8136765130603,33.52179168469769
1653511703.6618955,445.26744456585567,-885.6226582024586,18.060542486087034,1161.9128068487482,-53.291910468951244,51.905494154158234,1098.341954449614,1098.8632897943276,716.6453622828926,832.3307477335075,33.844951668071204
1653511703.7902968,445.82369436329435,-886.436879709219,18.062028312734935,1160.0885011911812,-47.04458187778797,50.83972592933695,1102.1586292052557,1102.6459184129117,714.2648068278868,839.392297831431,32.77769761660201
1653511703.9240959,446.4695280274749,-887.3662807840268,18.061229652959014,1163.5689426574083,-51.42757229271794,51.439315870392306,1101.374184742275,1101.8798443824305,717.0994146299334,835.9387084913088,33.37808621743329
1653511704.0580657,447.11218715601916,-888.298720355148,18.059679189926204,1153.8991893299794,-43.976012513220525,42.44710912318314,1101.1034017836737,1101.373437194818,706.7870021739602,844.3227078419275,24.387429933256936
1653511704.1906118,447.6741039394241,-889.1556305867589,18.067972459456843,1124.7459478749006,-18.97457272606035,19.267868469453084,1102.5612705467893,1102.561923458354,677.0718439354764,870.1810578606985,1.199896009996241
1653511704.3240979,448.3271148637719,-890.1211379754851,18.06992987497267,1123.8936594459187,-17.297739376485918,18.0,1103.725890473069,1103.725892688378,675.5665445821469,872.8233985989992,0.06992987497266867
1653511704.4573932,448.9135788225651,-891.0123420518901,18.077979901166668,1133.6653058059048,-23.875536498323868,24.64581518816789,1104.903238818816,1104.922759116069,684.7517269833397,867.1368055535662,6.567835287001223
1653511704.5905025,449.51629586710885,-891.9140181297493,18.085826014621542,1164.407766721668,-46.56434109617634,46.79883669042072,1107.1069919214497,1107.4792677713788,714.8914708545591,845.3496770335729,28.71301067579918
1653511704.7240376,450.1041516145504,-892.7936456917413,18.098737954645394,1170.7552115317876,-50.39055894903372,51.18555852010175,1108.5941145042577,1109.087755053048,720.6510599172373,842.4030867427076,33.08682056545636
1653511704.8595622,450.71616080609635,-893.6877194674499,18.11496724806168,1171.2655773258616,-48.1547744237358,51.59261821201191,1110.908377320682,1111.412693789006,720.5494165197653,845.5329450437141,33.477650963950225
1653511704.9909596,451.32879332327855,-894.5670862749143,18.129982605509102,1169.1337201769095,-41.43119691041403,50.52675483949161,1114.937109767678,1115.4076876139432,717.804926853631,853.1358893645004,32.3967722339825
1653511705.1239076,451.88921835719475,-895.3907544017613,18.141103191646927,1145.423122226808,-23.8374891781949,30.708742088214958,1113.8197205735255,1113.8906209704437,693.5339038696131,871.5532652235664,12.567638896568031
1653511705.2573938,452.5396944106192,-896.3074272862989,18.147624034636557,1138.969616091921,-19.159097573308475,24.22933350521569,1113.8111283775572,1113.8277321416322,686.4299216813017,877.1483297129904,6.081709470579131
1653511705.3915436,453.13463209181583,-897.1688148911085,18.15662590943243,1165.6388886331586,-39.017025635938225,43.45382862700587,1115.386394480129,1115.673230590712,712.5042565413428,858.1517892551702,25.297202717573438
1653511705.523807,453.77017349276133,-898.0651427141657,18.16043299534619,1176.4690000549294,-46.303810802356715,50.92637299615325,1117.0456393784964,1117.52609243751,722.698826562168,851.7613319118091,32.765940000807056
1653511705.6575794,454.3207001426222,-898.8689371193794,18.162365668907963,1177.1618889355723,-44.12633341747989,51.31489329019145,1119.4124810804585,1119.903296220878,722.8411887929501,854.7426037018995,33.15252762128348
1653511705.7905076,454.94117906690434,-899.7428886695195,18.160979002746085,1175.1331218797334,-37.71959726389627,50.355681788856266,1123.2811711313875,1123.7424474966617,720.191942812829,862.0232914056232,32.194702786110184
1653511705.9258344,455.46812584127287,-900.5070973400536,18.158358482542212,1178.478181647983,-41.77478060852646,51.03232358474432,1122.5705913646225,1123.0518377075293,723.0100558067102,858.7323167315271,32.873965102202106
1653511706.0572836,456.1068821257243,-901.3835561423327,18.14948020184189,1170.298420075862,-35.87477918485495,43.35677240501515,1122.1296698109413,1122.4127598393686,714.1915379501377,865.5087769574778,25.20729220317326
1653511706.191725,456.66272111039046,-902.1788095073615,18.144990445668878,1142.3329314562607,-12.387461006574185,21.44116175196264,1123.3308867927558,1123.3357227329147,685.6702103458701,889.7913485007873,3.296171306293761
1653511706.3240645,457.2322498103181,-902.9882961786616,18.13879500595213,1163.1631468959465,-27.272652250543807,36.12987622918206,1124.8183499928145,1124.962221358628,705.9308970856284,875.7156439281177,17.99108122322993
1653511706.4570458,457.8770499152929,-903.8965445352502,18.126196590132988,1182.8920841941697,-41.42827078027938,50.15755720740417,1126.720161869965,1127.1753773159141,725.0150342788768,862.4682737549708,32.031360617271176
1653511706.5904076,458.38311916139486,-904.6620097776236,18.1170055311436,1184.8817964351651,-41.91620609759923,51.20952461552204,1127.887693809995,1128.3730609454387,726.4986772737702,862.7458036800243,33.09251908437844
1653511706.7241828,459.0196990879632,-905.5776559020271,18.10694097763147,1183.3489724688347,-36.15710469414117,50.52798478500283,1131.6116785978684,1132.0760200713753,724.3292733808715,869.420551207886,32.42104380737136
1653511706.8582218,459.53124004525,-906.3516719874146,18.100127328380495,1184.0219047046344,-35.028826626805206,50.377769938834064,1133.1770488436064,1133.636657063626,724.4906646593844,871.3228453606094,32.27764261045357
1653511706.994134,460.19536439193723,-907.2969489747038,18.094998912561078,1187.6760426197184,-39.87424448710682,51.13659640458712,1132.099944993961,1132.5820202617356,727.4806782277811,867.422704487597,33.04159749202604
1653511707.123907,460.71016720625977,-908.0731745154931,18.08696641998734,1162.0419165706314,-17.961650885162754,30.918420549218506,1133.2099307568735,1133.2825743745768,701.3317493643717,890.1115236303303,12.831454129231165
1653511707.2583072,461.3029569763507,-908.9255293922623,18.08071096829004,1145.6937021672613,-3.4705314991866936,17.900000000000006,1135.006363555958,1135.0063779419804,684.3907451909106,905.4549978930756,0.18071096829003608
1653511707.3917546,461.86404841451787,-909.7401513316495,18.0699853712769,1146.3836788325095,-3.0913644193832592,17.900000000000006,1136.0365959057253,1136.0366086231968,684.5196304179917,906.6487869122662,0.16998537127689417
1653511707.5240211,462.4849205585898,-910.6011752102679,18.0625171041779,1169.9726959700934,-20.493771978473884,34.64897425583267,1137.026886948926,1137.1478585503335,707.4877754115035,890.107403231794,16.58645715165477
1653511707.657043,463.1076023946055,-911.4571396035501,18.05460581213275,1191.5325187619317,-36.262127690207556,49.98202355499185,1138.6699116349487,1139.1174336592646,728.4249163673262,875.1950119133426,31.9274177428591
1653511707.7906659,463.72819920973944,-912.2965741544941,18.05137100451222,1193.5813069645505,-36.76455015204253,51.200624750860655,1139.842920736531,1140.3248471278373,729.8531077548112,875.5320240024516,33.149253746348435
1653511707.9247289,464.3200388544182,-913.1033122023025,18.043178116459135,1191.9616660881582,-30.968129589466784,50.482476779461415,1143.5142404389837,1143.9742681478867,727.6416272337399,882.1351826128357,32.439298663002276
1653511708.0624714,464.9856945569779,-913.9941745504481,18.035816605338898,1178.2497518306404,-18.08289504813711,39.63878851831957,1145.1648947369783,1145.3686413262008,713.2640572736625,895.911279502311,21.602971912980674
1653511708.1912549,465.492869965961,-914.6997844436668,18.019503543355672,1154.1034992981529,-0.36026966464311627,19.770967119745315,1144.640269742253,1144.6416097365484,688.6106293321918,914.3395147790236,1.751463576389643
1653511708.3241527,466.01299699987845,-915.4277106001647,18.00509968309284,1175.897873515958,-16.915152476003193,35.035069685248274,1145.1032071446984,1145.2298349638595,709.8848765160797,898.5125581241615,17.029970002155434
1653511708.4573724,466.5461559337933,-916.1786970133786,17.982036630788443,1197.1024514485532,-32.65991042390151,50.157162972840965,1146.437066381226,1146.8884801618326,730.55629551476,883.5187865894771,32.17512634205252
1653511708.590498,467.13472427379776,-916.9972798935622,17.95406492449088,1199.1663073431369,-33.20065701341649,51.40626249796491,1147.5916997021864,1148.079160488443,732.0315830693391,883.7966228801457,33.45219757347403
1653511708.7243226,467.7368570414839,-917.8286796699741,17.917290387631667,1197.3811188816621,-27.17871196501021,50.654319372596945,1151.3635888845677,1151.8289052094128,729.6442618401782,890.649967704964,32.73702898496528
1653511708.8575473,468.2579535961604,-918.5724052759874,17.884432409525665,1197.845505844627,-25.855922855771603,50.499212407940945,1152.9270204052955,1153.3882426377415,729.5875522484666,892.7164824202158,32.61477999841528
1653511708.9984026,468.8402934447478,-919.3775373051835,17.85024671037198,1201.422263436015,-30.60729243402539,51.33992396644277,1151.7764066539237,1152.2631858248967,732.5819699912673,888.7702448711582,33.48967725607079
1653511709.124503,469.3830249315789,-920.1071967331992,17.824545681084857,1173.672135359472,-6.839074334589725,29.656845985719748,1153.2917299871679,1153.35242566498,704.289110427893,913.2681223986094,11.832300304634892
1653511709.2593184,469.9792257326113,-920.889734541039,17.79962643356572,1158.982704517478,6.263615875828803,18.0,1155.135978561343,1155.1359959400615,689.0034787848666,927.1533504168679,0.20037356643427984
1653511709.3911018,470.5744169478412,-921.6659244985802,17.76751255699296,1159.572356440485,6.586961941317947,18.0,1156.0153899534,1156.015413331294,688.9979394926438,928.2528864398981,0.2324874430070416
1653511709.5240097,471.09090933463983,-922.3594466839636,17.731605450020304,1182.5060203701166,-10.379447239251608,34.32174001507448,1156.641249306282,1156.760222415036,711.4151110354768,911.979999444712,16.59013456505418
1653511709.6573963,471.7098425017054,-923.1582479199847,17.69380014677447,1204.8373935584295,-26.80197169177956,50.25875897684176,1157.985569880784,1158.443376516836,733.1275510567241,896.356276228205,32.56495883006729
1653511709.7904384,472.286478212437,-923.9349854907248,17.656564684284433,1206.7289866697415,-27.244240270269767,51.38443274429114,1159.0772583365929,1159.5678763560786,734.4425084573045,896.690745220455,33.727868060006706
1653511709.926247,472.8914542001539,-924.7542374722989,17.62085767837006,1205.026130270398,-21.46556542625694,50.64051834621641,1162.7345393301014,1163.2032956202465,732.134676070244,903.2886720460419,33.01966066784635
1653511710.0585492,473.4638779088582,-925.5461956977173,17.586007717940536,1192.6565736616496,-9.49503596346198,40.91918956892155,1164.6406574023772,1164.874370157543,719.1926957527915,916.0511597342553,23.333181850981017
1653511710.1906266,473.8842875324911,-926.1997569785719,17.563682558603844,1167.9049635327524,8.647802925394242,20.469240802555866,1164.304366982388,1164.3079924328306,694.0206760002613,934.8475599039662,2.9055582439520222
1653511710.3237715,474.4597353785351,-927.0138807179497,17.53737013670176,1188.3483362290253,-6.866723946377455,34.697049236274985,1164.6062530053148,1164.732664230672,713.8886008504903,920.1471567715723,17.159679099573225
1653511710.4591165,474.96984360322887,-927.7826073639699,17.515662016326278,1209.7208717722692,-22.668797215079508,49.96944875298521,1165.800189877195,1166.251830005532,734.7510281690404,905.1138101488904,32.45378673665893
1653511710.5915647,475.4838201996324,-928.5471951240727,17.497654159660716,1211.6744563331738,-23.125559856867977,51.13201319644484,1166.946866974091,1167.4314799800725,736.1906361335414,905.4216352672047,33.63435903678412
1653511710.72371,476.02054487501215,-929.3327582046443,17.476185989265698,1209.8895107491714,-17.25423083449421,50.32098464692312,1170.6625898024201,1171.1232556660173,733.8689658741594,912.07852737015,32.84479865765742
1653511710.857624,476.6031389669037,-930.1658156053157,17.450585105432467,1210.2759385311058,-15.739619489045849,50.12471955817338,1172.3698413743186,1172.8250696614055,733.672799564202,914.4261961162699,32.674134452740915
1653511710.990329,477.12090353515737,-930.9248244059962,17.432944224183846,1213.8959491599876,-20.540407405063377,51.030370001906036,1171.1691827287802,1171.6509896690604,736.7750456248302,910.3844170009329,33.597425777722194
1653511711.1244671,477.6584829508908,-931.6986780200403,17.418080029192776,1186.7159517762664,2.6390767762368164,29.71254885825962,1172.9234988415897,1172.9879317787484,709.0574688253755,934.3377547962772,12.294468829066844
1653511711.2572665,478.21395238945695,-932.4798598195534,17.40753472045101,1171.3009004088208,16.235893778499165,17.5253034123987,1174.9174858856757,1174.9174917879902,693.0869480193638,948.7157535980526,0.11776869194768835
1653511711.3911438,478.7432071747801,-933.2448462179302,17.397791307815197,1171.8707894149377,16.560121575794142,17.579914434737287,1175.821126748335,1175.8211408528755,693.1275822401576,949.8049677937244,0.18212312692208954
1653511711.5239933,479.28881550224605,-934.0202813317271,17.3921148807864,1193.7986864910795,0.4264079094376072,33.16498968065512,1176.3141462952203,1176.4198886255306,714.5098709888334,934.4466892411647,15.772874799868717
1653511711.6570716,479.84140932956365,-934.8122533832587,17.38116414285917,1217.3812267842775,-16.89129346468011,50.00973960832207,1177.5159748338776,1177.9679515699409,737.5398174547138,917.9209599185787,32.6285754654629
1653511711.7907026,480.41137232857216,-935.6439037015278,17.37096228936812,1219.3211362474567,-17.357457803292473,51.232073537750246,1178.659253531348,1179.1455426664045,738.9097639188846,918.2864458982353,33.86111124838213
1653511711.9253917,480.8817250987154,-936.370352373062,17.366636245239757,1217.5302379331931,-11.379324891788716,50.50601294855,1182.4802038013615,1182.944483342474,736.6485128344777,924.9910274812732,33.13937670331025
1653511712.057626,481.4763598996609,-937.2395317220739,17.35941821626145,1204.4134225422574,0.8056323085090922,40.15290197339534,1184.3000997650338,1184.5194254233468,722.9370626425965,938.045164030583,22.793483757133888
1653511712.1905334,481.94771207926317,-937.976344498399,17.36343527744763,1180.4855864674887,18.352644674221406,20.439539060321522,1184.280497807317,1184.2844928061963,698.5378743882255,956.3289891726205,3.0761037828738935
1653511712.3238351,482.4286526799239,-938.7361173357376,17.370008121689207,1200.1203764194704,3.3872591788535615,34.11573425018896,1184.3470213157525,1184.465401032494,717.6917237395464,942.1233765145912,16.74572612849975
1653511712.4571085,482.9703403990753,-939.5551001268816,17.379552373859525,1222.4363175859407,-13.230591464323592,50.087743614829606,1185.2793032723787,1185.7305142991436,739.4659771868654,926.3245086625581,32.70819124097008
1653511712.5917037,483.49510725451444,-940.3558305660176,17.398306465056542,1224.4960986873548,-13.68542852805582,51.24140126981774,1186.5076920600432,1186.990252017098,741.0009914328404,926.6704020379618,33.8430948047612
1653511712.7238238,484.0299810683992,-941.1552131388604,17.420089295949296,1222.578433628083,-7.438809776664884,50.35367320333191,1190.495753325453,1190.9511995186547,738.5484525596839,933.7164033621955,32.93358390738261
1653511712.8579116,484.59147645724,-941.9718963780003,17.440151526054347,1223.2187751568,-6.495508449597039,50.19723344956658,1191.925483726135,1192.3755218771998,738.6272986995599,935.4763879284033,32.75708192351223
1653511712.9917624,485.1611701334485,-942.791401176312,17.459341506139506,1226.4850051161866,-10.829969044745216,50.91607262514993,1190.8455564405633,1191.315446114674,741.3238349827382,931.9614321315668,33.45673111901043
1653511713.1237347,485.6377393112046,-943.492807025006,17.474865875413766,1200.900358614184,10.896934175311573,30.84731231708791,1192.6694398200063,1192.7444047256743,715.2626193029794,954.3897412003175,13.372446441674143
1653511713.2571273,486.1983402623688,-944.2787429928532,17.48560803326151,1183.971529554756,25.750958831065336,17.5,1194.9247031155853,1194.9247032022554,697.7731892923872,970.0297018239185,0.01439196673848997
1653511713.395524,486.80839565300846,-945.1346748203084,17.495769409437894,1184.6315938241535,26.06767201237059,17.5,1195.9060223943638,1195.906022401847,697.823198171145,971.202346832679,0.004230590562105618
1653511713.5237632,487.31270793500994,-945.8649146941628,17.49982321832844,1207.5230864115724,9.191466564013034,33.70310039837308,1196.1754389082378,1196.285177889741,720.2103784765625,955.0563812581759,16.20327718004464
1653511713.6570182,487.82778640767594,-946.6176679598742,17.49983453133959,1230.021936311586,-7.280160569747145,49.66583871979918,1197.1662829120626,1197.5983303123535,742.19414990391,939.337507390127,32.166004188459596
1653511713.790293,488.3797930105964,-947.4163127289097,17.49028251529476,1232.0170255663886,-7.787817616219696,50.858548478192674,1198.2896321303026,1198.7541381135443,743.6372325557923,939.62849511269,33.368265962897915
1653511713.9255133,488.8925285952342,-948.1828149716054,17.48522771689693,1230.1551753663382,-1.7606480950297794,50.10979813150082,1202.158570843903,1202.601177468321,741.2626467711041,946.4221668765756,32.62457041460389
1653511714.0578175,489.4244195059309,-948.9787888411962,17.480637319700737,1217.4183925964962,10.153218377513996,40.12330885797416,1204.1218510298609,1204.3347220361825,727.9939730905653,959.1320072187102,22.642671538273422
1653511714.1902149,489.88159324125724,-949.7003052391256,17.47499061622979,1193.52525857392,27.610089786201286,20.49374470846603,1204.2632668928106,1204.2670504766018,703.6436653326627,977.3103950253269,3.0187540922362395
1653511714.3241997,490.38362779053693,-950.482871219386,17.470453525371184,1213.4479488915895,12.391388122357597,34.305493981365615,1204.1382195380386,1204.2558990261964,723.0643211010525,962.8742593417436,16.83504045599443
1653511714.4570081,490.8739571846671,-951.254700056958,17.466814686892054,1235.2147907641483,-3.761843818124248,49.8199615493737,1204.9008212950228,1205.3351049684588,744.3408335794812,947.4928562388337,32.35314686248165
1653511714.5910766,491.3665647537948,-952.0285598694994,17.466049644670083,1237.2198563429613,-4.1267740690603825,50.91270295725219,1206.1570909703494,1206.6207385570112,745.8532915891665,947.901785800439,33.446653312582114
1653511714.7248704,491.83652038739956,-952.7736251017459,17.4658447710074,1235.1365684366267,2.177624774466941,50.02279117251407,1210.1350548885544,1210.5729246225173,743.3000480492271,954.9512498762128,32.556946401506664
1653511714.8577344,492.4257589336389,-953.6281604971007,17.476262291671315,1235.6286205106935,3.311920450856302,49.89683014237156,1211.645497652265,1212.0791662266813,743.2028615770546,956.940080947957,32.42056785070025
1653511714.9904082,492.9093736114341,-954.3592521025579,17.480456247777983,1238.9788482704762,-1.150479073553635,50.68244333916141,1210.4654584074174,1210.9207232285255,746.069474659042,953.2087730290043,33.20198709138343
1653511715.1237607,493.4721168011722,-955.167020189525,17.483205194327255,1215.0484058930879,18.69480803096317,32.013372725191715,1212.0557748901704,1212.1428658425898,721.5762890919157,973.8618282204882,14.53016753086446
1653511715.25692,493.97104221043054,-955.910180266706,17.49107869991208,1205.8617721367152,27.291507820585945,24.438557430510624,1213.8673612931022,1213.8872428168074,711.8907299262846,983.2016880872919,6.947478730598544
1653511715.3902557,494.55848924625593,-956.7462581941504,17.501970339841705,1232.7879978014807,7.207615551259302,43.684351808829845,1214.1622123960497,1214.4444800442125,738.2295085552248,963.9538737454097,26.18238146898814
1653511715.5239804,495.0845025096489,-957.5299628398234,17.5262083040169,1242.2927677088057,0.8159849849836858,50.28938177404201,1215.2148564324586,1215.6564370042993,747.2082651991568,958.345947824807,32.76317347002511
1653511715.6572258,495.60578188128767,-958.3140913038626,17.54692683857024,1242.8413484411572,2.7674592328537835,50.73466296630765,1217.3901341452165,1217.8424218852751,747.2355665598695,961.0815505367163,33.18773612773741
1653511715.7915344,496.0207150653202,-958.9715096647179,17.57932297734482,1240.503485427891,9.392300053810256,49.700671424271135,1221.4675858733667,1221.889865890277,744.4827703625708,968.3638097185282,32.12134844692632
1653511715.9281769,496.5691938267069,-959.7928343370991,17.596330591946106,1243.57999794606,5.594492084408395,50.38216536625969,1220.6546733152293,1221.0948949398476,747.0108041193532,965.3873264215075,32.785834774313585
1653511716.0573912,497.08319017207566,-960.558596692428,17.61622141571769,1235.0078991184907,11.860368705093599,42.60399488276993,1220.7094332143245,1220.9651547694873,737.9247089464151,972.4189653975216,24.987773467052243
1653511716.1904352,497.4946054426629,-961.211203425712,17.637675930260624,1204.8120049189095,37.69971906443804,19.32198498761535,1223.9775057867537,1223.9786646706564,707.3173994762466,998.91092249015,1.684309057354728
1653511716.3236454,498.0470813030542,-962.0001614070278,17.654010333008245,1203.2738187747984,39.85242742458813,17.759383374647307,1225.1748287463513,1225.1748332777363,705.2267374717442,1001.8525888316159,0.10537304163906214
1653511716.4570825,498.6080648593036,-962.8234718551183,17.671275110950234,1214.424607707755,32.033091275637986,25.50371826073376,1225.6153165736177,1225.640343406476,715.8165428484515,994.8565631307563,7.832443149783526
1653511716.5915606,499.1199570733315,-963.5744689902139,17.68573540693695,1244.1695631264622,9.759026275418545,46.79192316201831,1225.7556887430455,1226.1012106068456,745.0496060531307,973.3334952656325,29.106187755081358
1653511716.726546,499.6150769162626,-964.293555321991,17.703781450077656,1249.8334866469436,6.310122687939265,50.679344082728726,1226.7433154760765,1227.1864364456512,750.2184097306811,970.6036780099303,32.97556263265107
1653511716.8575685,500.11582766401176,-965.0044013046162,17.71597383459962,1250.1898474706816,8.34802012103988,51.052895784194256,1228.83114034603,1229.283255335888,750.0740198066699,973.3524214256561,33.33692194959464
1653511716.9915802,500.59795292182906,-965.6962755716806,17.727182151009504,1247.7549081192287,15.274588402607208,50.024021097333296,1233.1047610265357,1233.527639525047,747.1569551973996,980.9708639742878,32.29683894632379
1653511717.123879,501.0353821977191,-966.3384217169959,17.741372154500894,1223.7978186236537,32.88758968556918,30.47123884733163,1233.222673069155,1233.2883729598077,722.7624364259345,999.2260114025651,12.729866692830736
1653511717.257494,501.5576296149091,-967.067351510393,17.754900737509004,1217.3872172738365,37.29319222495726,24.221834960475345,1233.349950492689,1233.3669047037718,715.8295876589275,1004.3605437353502,6.466934222966341
1653511717.3902302,502.0458901019407,-967.7918436546374,17.765515699985805,1245.1043925181777,16.269136122015738,43.9822401977109,1233.0904062282082,1233.369071517296,743.058502416237,984.0609797766532,26.216724497725096
1653511717.524464,502.506605471316,-968.4978619020623,17.769707684504777,1254.472540351399,9.907851237920775,50.79835352046019,1233.9896704288233,1234.4316093533869,751.965934880083,978.405713139983,33.028645835955416
1653511717.6568918,502.9329421820977,-969.1713771865401,17.766067503659247,1255.095461384192,11.663975076121122,51.60243047463819,1236.0365866513255,1236.499633238831,752.1625192020944,980.8353522626612,33.83636297097894
1653511717.790517,503.440939568951,-969.9374516558449,17.760631025745713,1252.4123297966503,19.15145896593191,50.507480508896776,1240.6671658807554,1241.0992597877328,748.9713902276992,989.0889106217769,32.74684948315107
1653511717.9262,503.87448025451107,-970.6286414514523,17.757094505904163,1255.8174361053705,14.597493428692253,51.304673781402556,1239.3904734604814,1239.8444199897995,751.9429558508593,985.2261348801445,33.54757927549839
1653511718.0569263,504.34416320402113,-971.3728148509908,17.750756951945686,1246.5436659722254,21.495075014016205,42.98205873307103,1239.6155648564443,1239.8723189199488,742.1995027682043,992.867889865007,25.231301781125342
1653511718.1902423,504.8250163745376,-972.1213696832373,17.742837566071135,1215.0795248344882,48.40842357905733,18.60053868964523,1243.359371108638,1243.3596669406986,710.2545084599506,1020.5297932622946,0.8577011235740954
1653511718.3236494,505.2411212820487,-972.7923466747264,17.730958145053087,1215.6401361692454,48.73168314491472,18.6586164913763,1244.2580535611007,1244.2583993695466,710.3990148871967,1021.5240298196412,0.9276583463232129
1653511718.4569967,505.7814125682007,-973.5933796209366,17.71747445597154,1225.061680176062,42.22408651604648,25.147242609925257,1244.6884059390115,1244.7105805502815,719.2802676078613,1015.8174661369831,7.429768153953717
1653511718.590855,506.23377219196533,-974.2949542091943,17.704740628435992,1256.60395514548,18.66744932078305,47.687580024469476,1244.6002355333703,1244.9613315071151,750.3701829535148,992.9624035299773,29.982839396033484
1653511718.7238648,506.78041688688563,-975.0819153819657,17.691632373717795,1261.850957666926,15.561812380347432,51.2828508916002,1245.5948446058512,1246.0477064985075,755.0705407800403,990.6437277623131,33.5912185178824
1653511718.8568997,507.2628520593063,-975.8026448072137,17.68198503158184,1262.2183177439815,17.545744368672086,51.442223823836116,1247.677353102753,1248.1340197145505,754.9554656846752,993.3483891758858,33.76023879225428
1653511718.9902787,507.77786604708297,-976.5456918394219,17.673697941720935,1259.9802678437832,23.912229613831972,49.86946829826821,1251.6886617155599,1252.1026609252697,752.2024017967002,1000.4579214532539,32.19577035654727
1653511719.1236563,508.29918535020346,-977.3007453803726,17.670812960598557,1236.152274628043,41.86250264269126,30.987551882682393,1252.3832662935959,1252.4540635199899,727.8530892778394,1019.1632480230639,13.316738922083836
1653511719.2573974,508.80089785839897,-978.0430892066437,17.67137323254374,1228.6451990156427,47.33396270428009,24.295967790012433,1252.8263712478667,1252.843885624681,719.8443011572438,1025.3770519109237,6.6245945574686935
1653511719.3901775,509.3107432859701,-978.8062602840082,17.6650375161882,1256.7635286588277,26.03679258440733,44.33954444991532,1252.355870852834,1252.6399149714643,747.4527853728575,1004.8430528684155,26.674506933727123
1653511719.5238822,509.77963750822926,-979.5346238452865,17.66707735387764,1266.5180459413655,19.384325839122464,51.10968609819531,1253.1927572550517,1253.6389013253156,756.7384084331362,998.918949684409,33.44260874431767
1653511719.6614313,510.36522659360026,-980.4026363879952,17.658805235999356,1267.0491134164504,21.41967360253284,51.3250126787152,1255.4753862071902,1255.9266932809692,756.6838868228501,1001.8223099905281,33.666207442715844
1653511719.7904358,510.82300747723684,-981.1202077628578,17.648616071883126,1264.7121838718235,28.046913354490865,49.7014368745427,1259.6694680070584,1260.0772007899332,753.8891763945867,1009.1671211173486,32.052820802659575
1653511719.923501,511.2883247447351,-981.8593460495749,17.633864841229947,1268.0351810398536,23.80740894846143,50.789554475997804,1258.5831027869494,1259.0197482073036,756.7468562951185,1005.6667549980364,33.15568963476785
1653511720.0571733,511.8675729863147,-982.7109205497882,17.6105742750872,1257.5138968690073,32.04995642255818,41.88777213849721,1259.2569546178645,1259.4909527620903,745.6463238826926,1014.7608769723463,24.277197863410013
1653511720.1901555,512.3379972312647,-983.4551649411875,17.58727063774208,1229.6077628479138,55.980300708321366,20.45552809437462,1262.8942964150935,1262.8975535721859,717.2697656166491,1039.4354656495088,2.8682574566325414
1653511720.323847,512.8796636329228,-984.2745669943286,17.56087596267348,1227.3575661075033,58.73653820955766,18.299999999999997,1264.25900776032,1264.2592238174302,714.4779024745806,1043.0111052038862,0.7391240373265155
1653511720.4578767,513.3478245100326,-985.0090905999714,17.538176520724317,1236.468073198513,52.575237839557715,24.50022538945973,1264.707133168228,1264.7262956114453,723.1202486884803,1037.5843284395291,6.962048868735412
1653511720.5909615,513.8733265222307,-985.8231556651857,17.509208806082107,1267.487353734282,29.505058417558164,46.70233344381837,1264.4467107487055,1264.7836664225763,753.6140272120512,1015.3282140827439,29.19312463773626
1653511720.724246,514.392029770108,-986.6494698784459,17.47965375099287,1273.8122713576997,25.548023107775986,50.9757798775865,1265.4101580675529,1265.853411183948,759.4202415875917,1012.1974929862218,33.49612612659362
1653511720.8577137,514.8545443444527,-987.4160612292145,17.45455802125353,1274.4090364355568,27.20126640692289,51.13921783372197,1267.4270582543486,1267.8746011739306,759.5544920911041,1014.6173276361374,33.68465981246844
1653511720.9943538,515.2965965470725,-988.1705254893701,17.433235715083384,1271.995672032633,34.03809277884903,49.227923552230685,1271.8112871422882,1272.208651235003,756.6990754855605,1022.2086182682191,31.7946878371473
1653511721.1237779,515.7765725671451,-988.9807370733982,17.401562131643068,1248.3672763769325,51.61522859135809,30.371669222529615,1272.6072069048982,1272.6732992972845,732.5907038097874,1040.5959656647562,12.970107090886547
1653511721.2574334,516.2344586943245,-989.7790730087148,17.36825522466735,1241.396568446371,56.618593878326514,23.96075650489269,1273.1096428378362,1273.1267115883684,725.1621097520465,1046.3976668870414,6.592501280225338
1653511721.3954961,516.6170875953385,-990.4805577421199,17.28962758881688,1270.969402574419,34.214280828784794,44.93089263451519,1272.4177487398354,1272.7179447314622,754.3523149790806,1024.6948385709047,27.641265045698308
1653511721.523693,517.0558148496023,-991.292232513761,17.2972468039228,1278.8671809976734,29.042904930344875,50.09244013778519,1273.3579034566335,1273.7801517535427,761.8113661480711,1020.3351374441058,32.795193333862386
1653511721.658353,517.4998802328217,-992.1265505411027,17.25401366781184,1279.1515212790819,31.55150169096626,50.22271620300418,1275.9427796457423,1276.3686427819189,761.6516410462601,1023.6780522320689,32.96870253519234
1653511721.7901704,517.9208502629124,-992.9265626945761,17.20848249443624,1277.0004556226581,38.02389698787066,49.3431203864611,1280.2580589836393,1280.6612872047813,759.0796053597458,1030.9504596824468,32.13463789202486
1653511721.9237068,518.3705374745072,-993.784934639441,17.16035240440343,1280.3240272454198,33.55071804125313,50.05748927825519,1279.0588977224386,1279.4818816448465,761.9534897709126,1027.335652680694,32.897136873851764
1653511722.0571206,518.8454282546658,-994.6803673541256,17.113289277210697,1271.8139800748406,39.679709226825636,42.42251890072807,1279.3992371635693,1279.6495477898857,752.9685518201749,1034.3600765809513,25.309229623517375
1653511722.190246,519.2520183431393,-995.5049654150322,17.076830099052327,1244.060546520323,63.05054782993436,21.21125327441714,1282.9213448764854,1282.9280067855261,724.8085281771837,1058.5555132449665,4.134423175364812
1653511722.3239634,519.6811923730605,-996.3681413359216,17.042517671983383,1264.1034182465967,48.480827216723235,35.11432185525185,1282.9161381244041,1283.0434160878867,744.4222258735361,1044.8489685526447,18.07180418326847
1653511722.4571757,520.1210230135372,-997.2537723195024,17.004639988002555,1284.351349797017,33.699685113486666,49.308231170760656,1283.3210914531946,1283.7275979630265,764.2303267834799,1030.9534574329891,32.3035911827581
1653511722.5902417,520.4813690682694,-998.034507211465,16.964936862076176,1286.2024567268393,33.42865308872384,50.282120012563624,1284.6186341251152,1285.0506098339315,765.7210876585699,1031.4631603001887,33.31718315048745
1653511722.7235372,520.9300147454304,-998.954281859129,16.92948191260024,1287.3646075043544,33.64534581706374,50.516936549645344,1285.956444073651,1286.3949988878007,766.4345927589239,1032.5996276761928,33.5874546370451
1653511722.8569467,521.3054828323944,-999.7776543247779,16.894522470930777,1287.167517864335,36.24098584621019,50.218115557125806,1288.3630231751488,1288.7939095686256,765.8620350319405,1036.0186401709882,33.32359308619503
1653511722.9904313,521.7304582071371,-1000.6939843152061,16.853317292860584,1284.8700445089469,42.67596393045044,49.201987578691885,1292.672764887944,1293.077458450306,763.1395863018098,1043.3699482456566,32.348670285831304
1653511723.1236076,522.0356108422001,-1001.4551571230948,16.823657462275794,1261.4497161788563,60.25195492117662,30.079544169139382,1293.8142103625987,1293.8821157542059,739.4141053366562,1061.7071120442713,13.255886706863588
1653511723.256924,522.4256594411585,-1002.3502435624388,16.784079470708516,1254.9234303312483,64.67354398854438,23.606103494514514,1294.2537415663885,1294.2717209189025,732.4977708900898,1067.0237875509831,6.822024023805998
1653511723.390115,522.7805374592584,-1003.2343069389017,16.746436555231817,1282.8703702663036,43.31445893409508,43.40630540077295,1293.4453499421359,1293.720070917119,760.0898328070451,1046.5487658729967,26.659868845541133
1653511723.5258994,523.1265165381478,-1004.1302340538733,16.714499570440914,1292.1386066385558,36.98242552951582,49.722910473031334,1294.3319375899662,1294.752763988442,769.0120901004079,1041.1126595833891,33.00841090259042
1653511723.656844,523.4063451397692,-1004.9226048420443,16.69137742570972,1292.3440332839266,39.475798605191365,49.975325662464286,1296.9322238928355,1297.3592465396173,768.9376881441574,1044.3984034472358,33.28394823675457
1653511723.7902322,523.7259008628203,-1005.8156618204235,16.676740016814804,1290.0345108598656,46.057278879029575,49.00111671717869,1301.4090706351014,1301.8104449037062,766.3086099970453,1051.872940699453,32.324376700363885
1653511723.9238615,524.0691992787517,-1006.7476894514855,16.661799086603782,1293.39438310038,41.5470361974607,49.483691796390694,1300.301145998719,1300.71532124698,769.3251838216283,1048.2947256489463,32.82189270978691
1653511724.0583215,524.3786746162402,-1007.6531095987145,16.64960132488973,1285.4479518099138,47.091136312432475,42.07684615273036,1300.6582444942158,1300.906765971455,761.0692771936735,1054.7442459111471,25.42724482784063
1653511724.19021,524.6400838207427,-1008.4715948581296,16.645572783448717,1256.8911748048997,71.0098334915546,20.34513663923567,1304.4047739867262,1304.4100203433295,732.251090984157,1079.4814283496842,3.699563855786952
1653511724.32398,524.9886255032632,-1009.4499026903113,16.63187931651113,1277.6092669421712,55.80017769464868,34.59900016903117,1304.2988782024147,1304.422623658378,752.620641438908,1065.25008038496,17.96712085252004
1653511724.4574392,525.205967316772,-1010.2030185836403,16.630003733119167,1297.6620511507501,41.02777877347378,48.5140934264658,1304.5208280300471,1304.9104129938473,772.4560838339781,1051.2307973571142,31.88408969334663
1653511724.5901663,525.5304026632523,-1011.1361461665545,16.606233704221406,1299.5762847976246,40.47292196241549,49.48778304850976,1305.7674600863122,1306.1814024504943,774.0458821343723,1051.60906812897,32.88154934428836
1653511724.7240984,525.7606604293846,-1011.9146055868995,16.59043096450298,1297.734657347364,46.37112277809773,48.89018347386523,1309.9284464345956,1310.326603862838,771.9739969179793,1058.285728364997,32.29975250936225
1653511724.862254,526.0479524132353,-1012.7984576700732,16.57198099440196,1298.429270996698,47.152915779363724,48.83212075026001,1311.5143214521436,1311.9110228941381,772.3813185834628,1059.951373449437,32.26013975585805
1653511724.9903708,526.3578975926247,-1013.7314121827409,16.542294619837087,1301.6403937496348,42.769633337362954,49.41546439652011,1310.4416843310948,1310.8539404997352,775.2824961570101,1056.5010455201038,32.87316977668302
1653511725.123995,526.6128930547128,-1014.5601880542437,16.520901214325335,1277.4852476650321,62.70183043641914,30.81117466586649,1313.127088061404,1313.2048436233938,750.8723546103193,1077.2620184906627,14.290273451541154
1653511725.257022,526.850576273373,-1015.348018303219,16.501173626575184,1269.9528193103938,69.8948946448582,24.532246789450394,1315.2768239844718,1315.3013426005566,743.1022430370208,1085.2429129480772,8.03107316287521
1653511725.390216,527.1122929090368,-1016.1944142844292,16.487966853657618,1297.3881644370529,49.3826920294111,43.858032045968656,1314.8305927983354,1315.1154353238553,770.2758715280161,1065.5771063138402,27.37006519231104
1653511725.5236032,527.3636590988208,-1017.0167287193527,16.479201383272358,1304.9763946461412,44.32849344376056,48.98125063829305,1315.7261292130117,1316.127512933162,777.6127355473204,1061.3452221631132,32.502049255020694
1653511725.6574378,527.6259866562954,-1017.8625933482128,16.472961350852362,1306.6268397625445,43.980822021768745,49.75016979839499,1316.9486580367707,1317.3690221448628,779.0008531062491,1061.8434153699816,33.277208447542634
1653511725.7903028,527.8596819838309,-1018.6618956954271,16.476717620736594,1307.6406094258446,44.25908606792257,49.88651644157368,1318.2789189982102,1318.702211620326,779.7809274420136,1062.9209817633496,33.40979882083709
1653511725.9241235,528.092529355389,-1019.4839842719339,16.479329538420313,1305.6707539146405,50.1169347698486,49.01834085420703,1322.3743877297925,1322.7746628134182,777.5782245592515,1069.6009190417824,32.53901131578672
1653511726.057261,528.324018964551,-1020.3111628034959,16.49236641696274,1293.0219230404052,61.80624166251805,39.17122859202473,1325.0437583514997,1325.2378248208217,764.6979040758542,1082.117404466014,22.678862175061994
1653511726.1903865,528.5603739395083,-1021.1834658104202,16.510835049996803,1268.5495527221217,79.49203313586887,19.200838713905366,1326.2995659714395,1326.3022939042744,739.9891787826134,1100.675498946289,2.6900036639085627
1653511726.3236744,528.7522433769864,-1021.9863679869538,16.531458812350504,1290.126411697473,62.978857440322244,34.12895405605785,1325.4584733488155,1325.5752850785295,761.3741683204867,1084.965225427276,17.597495243707346
1653511726.4566827,528.968623780171,-1022.8364032646311,16.55900516658258,1310.7324022873554,47.59368843655955,48.67694244330972,1325.5094064567215,1325.8984683979997,781.7637785071844,1070.4300917011908,32.11793727672714
1653511726.591589,529.1728821276218,-1023.6781247364028,16.590474569651853,1312.736847662248,46.900560222203964,49.875245503208404,1326.6918288630743,1327.1092964590928,783.5639655346262,1070.5786849586068,33.28477093355655
1653511726.723917,529.4092762515289,-1024.591580354029,16.620796189838174,1311.0709566667847,52.065264910286494,48.26003249992207,1330.482974368372,1330.8591158940887,781.6616804152558,1076.6568452643155,31.639236310083895
1653511726.8569982,529.5725513573217,-1025.3451670404484,16.647616317889664,1311.6358799799712,52.94566416158997,48.07791694926379,1332.0413531984361,1332.412109832577,782.0633286226495,1078.2908312020384,31.430300631374124
1653511726.9905338,529.7868793600503,-1026.2080087785703,16.661511334567493,1314.7847920763038,48.989780279572784,49.60965442929967,1331.2670688349478,1331.6747308174713,784.9979127162535,1075.1977890581431,32.948143094732174
1653511727.123555,529.9911492616142,-1027.039341080391,16.67683258208722,1290.36412523577,69.28294796272249,30.895344777526468,1334.199994020584,1334.27575490735,760.3729759741558,1096.3222890431136,14.21851219543925
1653511727.2573776,530.2345603946901,-1027.9416879809362,16.69203313223744,1282.9017029199388,76.37679926661052,24.69820232454631,1336.423267050463,1336.4472482888987,752.6671425252487,1104.3184872475467,8.006169192308867
1653511727.3901458,530.4351352419596,-1028.7074714526889,16.711919428740234,1309.738094121822,56.102436174448385,43.806348980133265,1335.7116595301948,1335.986431636797,779.3029588798624,1084.8099076271374,27.09442955139303
1653511727.5234156,530.6571534950851,-1029.5090429967786,16.741862167319642,1318.1559101417697,50.39367139573714,49.6278561905923,1336.5418677588807,1336.9463911747907,787.4987566466846,1079.9027143925157,32.88599402327266
1653511727.6573389,530.896247224826,-1030.3860155392588,16.76765014633029,1318.6045238446375,52.23724419005296,49.81903456669852,1338.864239406772,1339.2721327550937,787.7082766198115,1082.6232597293117,33.05138442036823
1653511727.7942965,531.1267156418377,-1031.2489391594527,16.80487697254864,1316.3704514061246,58.30473229443366,48.26845636925131,1343.03199051091,1343.4004929149569,785.243735764287,1089.5536714538864,31.46357939670267
1653511727.9235165,531.3137418011897,-1031.9975194091585,16.839521704857443,1319.3799247407896,54.454035755415674,49.46677046808719,1342.1718557668062,1342.5683698696205,788.0661829395999,1086.451555164574,32.627248763229744
1653511728.0599525,531.5294034406024,-1032.8660509235503,16.87233595635349,1309.852714451627,61.384257723802385,41.431715866855434,1342.8219965572468,1343.0465656780405,778.3233110110245,1094.2503086473528,24.559379910501946
1653511728.2015095,531.7245887830654,-1033.737157114471,16.901081963711537,1280.2945643268695,86.00647735418099,18.778823726911362,1346.9160386671167,1346.9173475506384,748.569975543804,1119.743634468652,1.8777417631998254
1653511728.327297,531.8620194719425,-1034.4538713161,16.91787149340984,1303.8910465975596,68.33685216211764,35.53828346315777,1346.1709395593628,1346.299713383339,772.0290271256171,1102.7907234782176,18.620411969747927
1653511728.456623,532.0570068377265,-1035.3304443688487,16.930935502966026,1323.3493081334516,53.90057526595883,49.33171550738164,1346.31635220871,1346.7061783364113,791.2923012957251,1089.2310196348076,32.40078000441561
1653511728.5935953,532.1988290849764,-1036.1242580490743,16.939819135311843,1325.417529977346,53.12068501313614,50.511652069435165,1347.4607428166419,1347.8788971560216,793.2187008923696,1089.2449430622105,33.57183293412332
1653511728.7235725,532.3399101696425,-1036.8951829873713,16.939697254244802,1323.399460924654,58.99580365861497,49.70987296510561,1351.5739962919654,1351.9712097040951,791.0595507550115,1095.8909866459862,32.77017571086081
1653511728.8568866,532.5003694316304,-1037.7166507717784,16.940721207272656,1323.8566053658392,60.01399276836902,49.56923966071155,1353.239541958121,1353.6328446574764,791.3562359342088,1097.7306435401474,32.6285184534389
1653511728.9938676,532.6739792832695,-1038.5810093960565,16.946669682981927,1327.4576075634693,54.97674213025517,50.35054139964983,1351.8689180928457,1352.2815499559197,794.7836282801998,1093.5577515263117,33.4038717166679
1653511729.1234994,532.8063923466495,-1039.3324037544558,16.95493550633892,1302.3642782192692,75.85230875069445,31.183327039935108,1354.9377412685537,1355.0124463781,769.5578858726196,1115.1847125051502,14.228391533596188
1653511729.2600417,532.9574056811106,-1040.1764075528072,16.972444908536776,1295.0723382536526,82.71274156314394,25.0753345733434,1357.0921898133504,1357.1163798559485,762.114932572542,1122.889149115951,8.102889664806625
1653511729.3904226,533.0838607867413,-1040.9587218702761,16.99132858640514,1320.2252914673275,63.52372851132779,42.75023959163076,1356.2717703671458,1356.5163606057272,787.1414306805862,1104.482450381604,25.75891100522562
1653511729.5237906,533.1849894314599,-1041.7343402592637,17.010690681265416,1330.4459191732253,56.20134961049482,49.77020298465238,1356.8668944235048,1357.262301410027,797.2609297417654,1097.9356898697586,32.75951230338696
1653511729.6573112,533.2934354866644,-1042.6054302496373,17.02605911667951,1330.9109316517197,58.0899520666473,50.2440544421092,1359.3101172436714,1359.715937265738,797.6174961650553,1100.6953823162846,33.2179953254297
1653511729.7907064,533.3418374376357,-1043.3419647211444,17.034898876766174,1328.4752458707544,64.66584803686727,49.30924625112878,1363.7882718146766,1364.1701081015165,795.1334084331187,1108.0078127580118,32.274347374362605
1653511729.9248073,533.3924363000383,-1044.0997036986275,17.04724288511654,1331.8480321008622,59.81166335802503,49.98483035218042,1362.406563688878,1362.8046556461006,798.4555958008239,1103.9113670566526,32.93758746706388
1653511730.0588934,533.4645580086069,-1044.9753940854719,17.05144890744748,1322.9714678123732,65.98132956400161,42.11382873334256,1362.9181936014595,1363.1486072077405,789.5069098037663,1110.9567236494736,25.06237982589508
1653511730.1904144,533.4996738234684,-1045.7482650515208,17.050983013657405,1295.1047044003742,89.27578142061479,21.02483912164026,1366.8656878676961,1366.8714644041688,761.6050305769058,1135.0240464721355,3.9738561079828543
1653511730.326441,533.5564774866616,-1046.6196739344496,17.056005685967236,1316.2820020927804,73.41363793047574,35.64056453044559,1366.4310690836319,1366.557445695014,782.7255246061188,1120.0333118649253,18.58455884447835
1653511730.4569435,533.582709837046,-1047.3543459762202,17.050515389780028,1335.8202762593914,58.69644341018549,49.28852786182895,1366.357735617411,1366.7379965193352,802.2375664223455,1106.0507893864058,32.23801247204892
1653511730.590112,533.6125772245055,-1048.1002305702177,17.04630397626497,1337.7734804008735,57.78327220224446,50.53633195403897,1367.3525806834616,1367.7626482236142,804.160903176368,1105.8835027724622,33.490027977774005
1653511730.7234762,533.6644296246354,-1048.922058256229,17.029861814581025,1335.7287485772856,63.68818352820819,49.764580721778714,1371.5716247650366,1371.9622019875533,802.0643189526502,1112.6102417844372,32.73471890719769
1653511730.8577182,533.7004546105888,-1049.722644917841,17.010580044954352,1336.518675315905,63.89970879112893,49.71061615488879,1372.833508542371,1373.2229005293887,802.8182207053162,1113.62235370897,32.70003610993444
1653511730.9911346,533.7164658160239,-1050.4460048322424,16.988630767185025,1339.8813386390343,59.06166742939005,50.42504133304112,1371.462386280122,1371.8699174968067,806.1648728230105,1109.5076722616325,33.43641056585609
1653511731.1235588,533.7435018744465,-1051.2904941498573,16.960318781849622,1315.185334392953,79.34406671272154,31.600405858644706,1374.403815414814,1374.4817859747777,781.4418325185067,1130.6345608625788,14.640087076795083
1653511731.2571688,533.7292225282621,-1051.988789508222,16.93459097923366,1307.3072333208459,86.52771177623605,25.249339547102203,1376.460229167125,1376.4853422839492,773.5780107925838,1138.516501284458,8.314748567868541
1653511731.3926265,533.6900260070387,-1052.7361282321751,16.916262214252107,1334.9837833352328,65.3391737606053,45.0069332326254,1375.5595466788714,1375.846340351147,801.2937573281941,1118.0753019927804,28.090671018373293
1653511731.5236022,533.638804622274,-1053.4250724951373,16.90876259721641,1342.801250155982,59.663749057135526,50.2963541179652,1376.1215745444579,1376.5265414056769,809.1624455337079,1113.0888215522727,33.38759152074879
1653511731.6575074,533.5896739215315,-1054.281789132327,16.90244972092742,1343.2919980236854,61.14664245134144,50.64414119393542,1378.3317596433858,1378.7446976815875,809.702324102154,1115.4284315836685,33.741691473008
1653511731.790257,533.5049189954939,-1054.9649585516836,16.903239220422254,1340.790438431077,67.69729753353816,49.60350435006656,1382.7799720594521,1383.1665693141547,807.2855194355832,1122.6622560852218,32.70026512964431
1653511731.9240713,533.4157880529426,-1055.7195988487213,16.900744764775308,1344.3518864182981,62.59628706806279,50.33634110891111,1381.393418373588,1381.7980009497608,810.9360983653555,1118.315885916784,33.4355963441358
1653511732.0570343,533.3214433383484,-1056.4843598298262,16.89961694193827,1335.2569500352238,68.9482597733445,42.12553364853019,1381.9186438311153,1382.1488650075712,801.9355066968753,1125.4326196031707,25.225916706591917
1653511732.1930172,533.2162904519573,-1057.2336286946934,16.90012912979418,1303.7687022951566,95.53692120274994,18.044754006145183,1386.5896870048562,1386.5901594466668,770.5524118431993,1152.7705498974433,1.1446248763510027
1653511732.3262868,533.1145678180673,-1057.968533692252,16.898812002924963,1304.2785897233598,95.46451286241835,18.0,1387.4803571818718,1387.4807941663696,771.1640219052925,1153.4330465546705,1.1011879970750371
1653511732.461171,533.0093702543907,-1058.6631374808494,16.902974793542953,1315.4165004362885,87.02268301858852,25.64709388052877,1387.3560886279138,1387.383644228067,782.4071301818979,1145.685820499438,8.744119086985819
1653511732.5900867,532.9156209891717,-1059.4353252268,16.902590848417326,1346.1816730362061,63.10772504403391,47.523815640075846,1386.183455074947,1386.52163002647,813.2660520470345,1122.5430502708339,30.62122479165852
1653511732.7236304,532.80352536199,-1060.231394307449,16.90061803265607,1350.412823652665,60.219134852177845,50.32022961688884,1387.0451877806497,1387.4477371720704,817.6092982906752,1120.4505291596267,33.41961158423277
1653511732.857705,532.6745233838682,-1060.91346438216,16.902219778879225,1350.6561116281487,61.660629372937606,50.207320927952445,1388.9803723151435,1389.379611351507,817.9815882442805,1122.5740937550977,33.305101149073224
1653511732.9943779,532.536689840172,-1061.5905848498683,16.907494277473536,1348.4223304080629,67.24104537791096,48.23140456725,1392.8137807645296,1393.1659683050777,815.8856405678908,1128.8316302277792,31.323910289776467
1653511733.1243913,532.3960137135729,-1062.3463600059256,16.913517902844713,1324.2523596308067,85.23663822916461,29.583569886045712,1394.267983713186,1394.325550445408,791.8563459172339,1147.5829982350901,12.670051983200999
1653511733.2574956,532.2567355381708,-1063.0268366821927,16.9215248379344,1318.4010285996953,89.18050366638978,24.41587779275809,1394.8493125303387,1394.8694455011084,786.1442930615245,1152.2073403485824,7.49435295482369
1653511733.394494,532.1180000303473,-1063.7359456560378,16.929376524648145,1346.7079761241189,67.0604391502906,44.41243433954336,1393.6489131210606,1393.9198727008559,814.5899760937716,1130.7963848063284,27.483057814895215
1653511733.5239744,531.9877715235717,-1064.4821864600378,16.926828567052628,1354.806577436611,61.08722292594502,49.97107361775081,1394.251513432806,1394.64303850148,822.8188059130392,1125.569409385983,33.04424505069818
1653511733.6574464,531.8586393426114,-1065.222532830581,16.929171073013382,1356.4092826143874,60.384668800897764,50.77772484597639,1395.3047465283519,1395.7152504279193,824.550643271776,1125.6072016314788,33.848553772963
1653511733.790376,531.7444219727173,-1065.9081215275742,16.93210003889474,1357.3769682669226,60.2740678742542,50.9764338512202,1396.4080439564034,1396.8229815874572,825.6325462942053,1126.1821894018283,34.04433381232546
1653511733.9235556,531.6198598175486,-1066.628405059868,16.93146918250031,1355.494961953587,65.1057654324122,49.13478392606902,1399.8544269242848,1400.2247926886564,823.8751021360385,1131.7341704922803,32.20331474356871
1653511734.0592663,531.4891298546364,-1067.3687762066393,16.92718986601625,1342.0119650373795,76.91609299456806,38.594326600207125,1402.2607204922685,1402.4281061964475,810.522835182743,1144.2848692012074,21.667136734190876
1653511734.196788,531.3465930138797,-1068.1269205644305,16.92800638015899,1317.8964935430624,94.69305197837747,20.07072690565604,1403.855774133128,1403.85929183064,786.5499005291828,1162.819972542808,3.142720525497051
1653511734.3240347,531.2203077510814,-1068.7799888068355,16.92362968034979,1340.088504191335,77.17578485001081,35.59962205893305,1402.6697381743038,1402.794064387676,808.8681964402537,1145.9557736568463,18.67599237858326
1653511734.456809,531.0835059418015,-1069.5352417809606,16.909290914148304,1360.2494952159316,61.539542899738066,49.83656953064043,1402.4430135693342,1402.829502108693,829.1659892741301,1131.0747846806987,32.92727861649213
1653511734.590052,530.9459887215778,-1070.1708267715453,16.896185736829718,1362.0584860157126,60.47571481790692,50.97001846801383,1403.2496517607556,1403.6632827155074,831.1124972941348,1130.6465415894522,34.07383273118411
1653511734.7233346,530.7968607469157,-1070.9269583992373,16.88078879383739,1360.0705257257086,65.82716649937281,50.20408203637643,1407.0908826018895,1407.4854151194222,829.2736649787929,1136.7541248986101,33.32329324253904
1653511734.8567593,530.6499514387308,-1071.5963846420404,16.872687606494303,1360.506182872406,66.35225503070681,50.040345710641496,1408.3992585138483,1408.789751853154,829.8562314336752,1137.9486396727473,33.16765810414719
1653511734.989941,530.4836396030059,-1072.3625118962245,16.864236539428912,1363.8259978184287,61.2768170944873,50.71656294467023,1406.9817391247668,1407.3889278495838,833.3423582154228,1133.6393289907119,33.852326405241314
1653511735.1242616,530.33235258268,-1073.006841655906,16.863479699174334,1338.8603483475642,81.59337303082924,31.542351995168165,1409.5457338058372,1409.622163908513,808.5279957648843,1154.6002146867354,14.67887229599383
1653511735.2573388,530.1701667210801,-1073.7730149245308,16.86528744073925,1331.8328261878999,87.8996771391024,25.69052867898878,1411.4341865881606,1411.461777007332,801.6626594668197,1161.6726920636331,8.825241238249529
1653511735.3899722,530.0173589814971,-1074.4423863888226,16.86294398595253,1358.408031118072,67.25768702407409,44.53653433897152,1410.5708643361027,1410.8422983866506,828.3906721365748,1141.7000734128967,27.67359035301899
1653511735.52346,529.8605505452902,-1075.1347793422055,16.86420427846161,1366.5531531528243,61.09701246589832,50.18151640474221,1411.0553483026893,1411.448631463768,836.6926026075341,1136.231791808104,33.3173121262806
1653511735.6570706,529.7016044167318,-1075.7758297438756,16.865276270028943,1367.2497119182399,61.78487485947796,50.72563746250222,1412.6327155481838,1413.0384683713041,837.5481075015081,1137.5607046033535,33.86036119247328
1653511735.790458,529.5364131087956,-1076.3932260734061,16.862680638018567,1364.3632743214418,68.72292547849459,49.50550191239086,1417.1192217831194,1417.4951296311197,834.8268612126462,1145.1161515519007,32.642821274372295
1653511735.9239957,529.3546507604284,-1077.1425828505182,16.85335943907829,1367.786329375704,63.5196364453263,50.31389911236199,1415.654611208027,1416.0499941562014,838.4316786152757,1140.6622192958446,33.4605396732837
1653511736.058229,529.174792777782,-1077.7579908984674,16.843927630397026,1358.0545781067365,70.05799509494108,41.79453638393346,1415.8118647013077,1416.0316977759242,828.8797853289544,1147.8159859934085,24.950608753536436
1653511736.1914608,528.9841485616572,-1078.492517756179,16.833746604909994,1328.9303823151356,93.93811335163542,19.548987137128492,1419.3334920504915,1419.3360892288304,799.9462337534784,1172.4306311078144,2.7152405322184983
1653511736.3247182,528.8041378034715,-1079.0687734000912,16.831335196623773,1351.7335348613901,76.35742430503832,35.64763945114716,1418.5282834280897,1418.6530739371208,822.9293970579187,1155.4261977051297,18.816304254523384
1653511736.4577065,528.618497666706,-1079.6773045032119,16.831363412202773,1371.3057558264113,61.26197512658229,49.49389456006992,1418.4020074953628,1418.7780290827245,842.6872581597053,1140.939279629794,32.66253114786714
1653511736.5902536,528.4374978591383,-1080.276493828593,16.825754844474535,1373.092893740848,60.1220519934787,50.553215635861065,1419.1376188041747,1419.5383484487545,844.6553958817098,1140.3985458220716,33.727460791386534
1653511736.7237587,528.246643793682,-1080.8769746514151,16.822093451929874,1371.0235883412306,65.48812574147212,49.74161247772355,1422.8232222098766,1423.2039967596302,842.7769445475486,1146.3651003928871,32.919519025793676
1653511736.8573327,528.0488319266825,-1081.5714908288383,16.799895359840594,1371.433181882932,65.96467496006095,49.61280198922504,1424.1265440769698,1424.5045104828844,843.3843499562496,1147.536165788899,32.81290662938444
1653511736.99007,527.8616916548355,-1082.1807411893494,16.77071047535824,1374.763860256482,60.839237752870154,50.41265091863519,1422.5814407067328,1422.9791760950097,846.9021686016466,1143.0199789422195,33.64194044327695
1653511737.1239455,527.6833508145681,-1082.7966079535654,16.737162011780967,1351.072526513463,80.00994642433123,32.1214993426129,1424.8118533905806,1424.894906790466,823.3891756988947,1162.8065543778966,15.384337330831933
1653511737.2576025,527.4904401456172,-1083.5015599118879,16.69689767969081,1341.9244679265198,87.90600945500859,24.696856007453114,1426.7089679319622,1426.731396763501,814.4340277809026,1171.4075693668965,7.999958327762304
1653511737.3900628,527.3267343988439,-1084.034988821117,16.67111056486575,1369.7270840185683,66.3048933949293,44.60451162930479,1425.8051036716977,1426.0787034912512,842.4003496197245,1150.3398822160461,27.93340106443904
1653511737.5236018,527.1542645829842,-1084.633400639947,16.652952347460456,1377.4259770799974,60.434862993104495,49.936489682223865,1426.233961680977,1426.6222721203148,850.2717124970133,1145.0682636330514,33.28353733476341
1653511737.6568072,526.9705926551052,-1085.2867636379328,16.638137479383804,1378.1431084048832,60.93930311970273,50.469984074547696,1427.700545521534,1428.1013414763408,851.172515749778,1146.2260667576356,33.831846595163896
1653511737.7923226,526.7935212796375,-1085.8841028815793,16.627647632716723,1375.0595373599692,68.12841430999819,49.305652390063116,1432.2360573144492,1432.6088007081905,848.2660160803317,1154.0125171915774,32.67800475734639
1653511737.9234211,526.6178692008294,-1086.4547488843398,16.61193552140559,1378.4674420509532,62.82018225281835,50.13402732791998,1430.5525373453636,1430.9452444955195,851.8495728501238,1149.274931137158,33.52209180651439
1653511738.0573282,526.4301233394947,-1087.0622192876774,16.59360438855509,1368.0238590937101,69.92681015599447,41.20293200256748,1430.7003985159668,1430.9120340955135,841.5937357542155,1156.9890294436718,24.60932761401239
1653511738.189893,526.2424627025896,-1087.6286009087542,16.578835709089574,1340.787913134638,92.16533926597636,20.49693904575761,1433.6659415960764,1433.671295529879,814.5454504320485,1179.7939401747306,3.918103336668036
1653511738.323443,526.0482688086872,-1088.2498056518423,16.562342038914206,1362.6926556388087,75.30853418085213,36.17350042738329,1433.1231071364964,1433.2572824660278,836.6443868301214,1163.5583398326944,19.611158388469082
1653511738.4568753,525.8621290373171,-1088.8081833726446,16.548895109897458,1381.8629575166249,60.4937782116543,49.933438037358236,1433.0500400400463,1433.4388528867403,856.0008284793078,1149.3019615842989,33.38454292746078
1653511738.5905657,525.6676868354514,-1089.381719598798,16.538326596656418,1383.5520639943825,59.305462371213466,50.97771418284303,1433.6833146115546,1434.0968997989241,857.8843771589311,1148.6871819700116,34.43938758618661
1653511738.7233891,525.4606805447567,-1089.9786154032215,16.52901663419802,1381.4016241819684,64.5221791961028,50.135604952549414,1437.1871776929518,1437.5800452508483,855.9409436372117,1154.5007945993243,33.6065883183514
1653511738.8566,525.259846757055,-1090.5211910869177,16.524326280548124,1381.7927317887315,64.7884525928448,49.976703401475625,1438.1894714953753,1438.5784710801104,856.5328850316765,1155.3096436797625,33.4523771209275
1653511738.9925735,525.0541527980196,-1091.1132966285763,16.520709725132694,1385.1757363763209,59.38395690978864,50.72843621313292,1436.4724393236945,1436.8796878959781,860.1215835783013,1150.497253538365,34.20772648800023
1653511739.1233757,524.8532961056393,-1091.6581821825694,16.526084845952592,1361.0390913312488,78.72072114792442,32.22993707981078,1438.399618151428,1438.485339679608,836.1857952256095,1170.3789033304938,15.70385223385819
1653511739.256691,524.6392991927381,-1092.2419937568327,16.527304221213335,1353.0690455690672,85.5194355572013,25.746645404267568,1439.936744812419,1439.9662583938677,828.429746376329,1177.761429314034,9.219341183054233
1653511739.392165,524.4116862710522,-1092.825199286155,16.529977469104796,1379.7297058115942,64.798825315484,44.78687056011003,1439.3270291652454,1439.60437235124,855.318019540542,1157.6240246016391,28.256893091005235
1653511739.5238724,524.1899531602274,-1093.3390365644127,16.532574401661595,1387.5636783356433,58.81122624328415,50.27812370981231,1439.744566723945,1440.1399860809465,863.3737251754159,1152.150262807697,33.745549308150714
1653511739.6585772,523.9523726273311,-1093.8772782307838,16.533491781635398,1387.6275426392326,60.457211010432886,50.594252243115434,1441.6736497373001,1442.0759507564371,863.6751700119015,1154.3344892412167,34.06076046148004
1653511739.790586,523.7305950379139,-1094.3792453683054,16.53131483798015,1385.0419597165376,66.39701390529079,49.60622700091997,1445.4268542606214,1445.8052223008265,861.3113646786237,1160.7762592735962,33.074912162939825
1653511739.9233983,523.482545605899,-1094.9998214063637,16.522513906342958,1388.223668136074,61.39160827789389,50.34536656995259,1443.9592610741997,1444.3553347442771,864.741122530175,1156.3914296842577,33.82285266360963
1653511740.0567942,523.2433132480942,-1095.585170785461,16.514607962163907,1379.510795816933,66.98693309298834,42.6735791412609,1443.8725353787781,1444.1094799890657,856.2674825688389,1162.5721038784493,26.158971179096994
1653511740.190412,523.016675203563,-1096.1159045465333,16.509582528667217,1351.937349869205,89.40272489463972,21.673046337530575,1446.5697030009376,1446.578918344494,828.9206746656421,1185.518629441173,5.163463808863359
1653511740.3234508,522.8066871067782,-1096.6535419095019,16.509739911077173,1372.5088330334504,73.58888122756592,36.15905444681721,1446.188461336249,1446.3219424678007,849.7021459266722,1170.2424231370678,19.649314535740036
1653511740.457903,522.5890286051798,-1097.23443363038,16.513349811756267,1391.5539081903012,58.875913773161464,49.693947955775606,1446.2679894562839,1446.6485576736034,868.9648795851214,1156.1103474035415,33.18059814401934
1653511740.5906477,522.3852099894767,-1097.7956234486558,16.51949287791564,1393.2743657881197,57.70336599575515,50.793061962756454,1446.9367077708437,1447.3425696194186,870.889155798643,1155.4989894444109,34.273569084840815
1653511740.7241642,522.1889096893696,-1098.368538345034,16.52509997178772,1391.0136787613887,63.12956846694586,50.044933951064365,1450.494512737246,1450.8817700801326,868.8247690720192,1161.4981068119798,33.51983397927664
1653511740.8568144,522.0170048047681,-1098.8782387554916,16.531675936988425,1391.3961699630079,63.380208249261045,49.97666038889359,1451.4354379183173,1451.8207180744205,869.3791651582397,1162.2584470047527,33.44498445190517
1653511740.9903889,521.8205204445339,-1099.4463404689081,16.537699156969865,1394.5416757037026,58.349804547143435,50.6964833407032,1449.873831838801,1450.2761636280998,872.7211552591687,1157.7961450160515,34.15878418373334
1653511741.124032,521.6432626571467,-1099.9723162134812,16.54386563989303,1370.3624411162207,77.63211719919593,32.08496960917459,1451.5772268389437,1451.660418758472,848.719178459074,1177.6044334126773,15.541103969281561
1653511741.2570581,521.4570806230832,-1100.5072330104663,16.550443999425198,1362.410656252839,84.43855449181505,25.58422752233963,1453.0311199984235,1453.0592021416787,840.9535756297558,1184.9457875022813,9.033783522914433
1653511741.39026,521.2492735318374,-1101.056480772939,16.555434813603032,1388.8801196382308,63.867963377435025,44.471928622939046,1452.5261600722908,1452.7944026327195,867.6308461063934,1164.924444150374,27.916493809336014
1653511741.5247986,521.0518026043246,-1101.5957934566397,16.564827389387506,1397.065156331133,57.61136409227047,50.28362120326061,1452.9833550389742,1453.3745515442936,876.0133537268084,1159.2071575489101,33.718793813873106
1653511741.6564834,520.8678894612262,-1102.0712693578732,16.575569876014313,1396.9605377546036,59.4981177220015,50.630063602073676,1454.9164131986481,1455.314906794319,876.0926482933774,1161.5693870798748,34.05449372605936
1653511741.7920506,520.6461719233316,-1102.7149492376227,16.59465243551983,1394.5099244542807,65.20093884623394,49.825764189267694,1458.6519048855266,1459.0303925602666,873.8637525309491,1167.9158880838565,33.23111175374787
1653511741.9233308,520.4513287784783,-1103.2112623474497,16.620135023125798,1397.6434759786619,60.2624698306296,50.61041627844266,1457.0988945771862,1457.4952925474145,877.1921472001835,1163.4737321780794,33.990281255316866
1653511742.0566545,520.2568627616065,-1103.7222764774865,16.64700147923765,1388.8616338162938,65.83579561184477,42.85598551958407,1456.825429585947,1457.0611665721883,868.6047710546873,1169.5580720893313,26.208984040346415
1653511742.1900089,520.056778594007,-1104.2757313989532,16.66993104878526,1361.011202821859,88.2849140682707,21.472089698791684,1459.248175172955,1459.2560767299544,840.9544242278519,1192.5606454672238,4.802158650006426
1653511742.3234258,519.848110439211,-1104.8791531788884,16.688578917294937,1381.2521226959334,72.74752997687199,35.809814410234466,1459.0481408138724,1459.1734300141275,861.4040122567224,1177.6266831557605,19.12123549293953
1653511742.457403,519.6696307596955,-1105.3614947934095,16.703291089850286,1400.71004362923,57.71454135261084,49.733999558082076,1459.1018041817572,1459.4756259247265,881.0404128695346,1163.0760361460204,33.03070846823179
1653511742.590613,519.485432605264,-1105.9034814906122,16.715229408699713,1402.384472013482,56.45216980511314,50.85631641323344,1459.6511137552918,1460.05033738872,882.8990394082181,1162.3556512957252,34.14108700453373
1653511742.7235315,519.30114264378,-1106.4435534414474,16.724913416732132,1400.4911980076783,60.84009526756076,49.2258328313528,1462.5481291963167,1462.9092042838615,881.1900553638983,1167.2836487090083,32.50091941462067
1653511742.857341,519.1261732058184,-1106.9291080496782,16.734488545545663,1400.720309303659,61.27570074151431,48.96228149963117,1463.5268006035847,1463.8815958688926,881.5941360978405,1168.2048087911926,32.2277929540855
1653511742.9897733,518.951191765807,-1107.456722455946,16.739314200665287,1403.5898298520913,56.92519589547169,50.47315456541465,1462.3169190633348,1462.7059662709514,884.6386380862842,1164.3819183514177,33.73384036474937
1653511743.126187,518.7714212442722,-1107.9679371086581,16.74427282517677,1380.064734402047,75.64260558199183,32.500361038642694,1463.8169585227354,1463.9017529788473,861.2933131577747,1183.61054269065,15.756088213465926
1653511743.2595239,518.5905647818125,-1108.4915690625,16.745095615957396,1371.0786398078021,83.17937828584395,25.235236818130183,1465.2015440940597,1465.2261420385764,852.4880750259896,1191.670947348344,8.490141202172786
1653511743.390138,518.4128578716262,-1109.0167378706378,16.736502629503985,1396.985284053721,63.006501126429335,43.661918201238066,1464.7620901691403,1465.0095422216127,878.5724261820948,1172.0232389970672,26.92541557173408
1653511743.525301,518.2402786163678,-1109.4656391985902,16.731623227811586,1405.7636415873008,56.26186942097447,49.94981631381512,1465.134241007155,1465.5107616539399,887.5233629709329,1165.7275086195648,33.21819308600354
1653511743.6578393,518.0711269453766,-1109.966375456386,16.733433597700692,1407.1680929998292,55.31997738636991,50.8,1465.7372544793982,1466.1330874498558,889.0969660544527,1165.2863528427558,34.0665664022993
1653511743.7898636,517.8976583510621,-1110.4928774519035,16.741263176698588,1407.9373021984316,54.925603919902564,50.8,1466.4142676416236,1466.8097360928984,890.0396438473695,1165.4184813718061,34.05873682330141
1653511743.9234974,517.727963857134,-1111.0049473648958,16.75489254027612,1405.995729315079,59.032234758127736,48.56846346903586,1469.0155311302995,1469.3599742735867,888.267765457945,1170.0371821230235,31.81357092875974
1653511744.0567894,517.5562450424551,-1111.5252177797354,16.773259173418026,1393.108132396126,70.18868510552828,38.738615561538445,1470.7273220148245,1470.891339495258,875.5518873536708,1181.7139028852637,21.96535638812042
1653511744.1901176,517.3882945070258,-1112.0051936356797,16.792899176034997,1367.4920485793905,89.1327599481442,20.122511191763042,1471.5327982166975,1471.5365651398674,850.1037540723647,1201.137953583824,3.3296120157280455
1653511744.323213,517.2151367931768,-1112.455739833528,16.816687484704538,1389.4456087214153,71.4355847133337,35.70936511470366,1470.5049012150487,1470.6262603957236,872.2304719282384,1183.8913245468616,18.89267762999912
1653511744.4565554,517.0291326101234,-1112.9266386760785,16.840639215282824,1409.2284693669956,55.729098706777,49.87779621767193,1470.2978912544452,1470.669011970426,892.1993367568722,1168.6557373828555,33.03715700238911
1653511744.5952,516.824034162934,-1113.4344651436982,16.855871037549502,1410.878412502347,54.57516626251491,51.27545260192781,1470.9111905501131,1471.3138475799847,894.0543783394129,1168.009631406213,34.419581564378305
1653511744.7234323,516.632646184738,-1113.8680991884269,16.86137848663487,1408.8468815386782,59.13219802198761,49.60140148130918,1473.7625110661272,1474.1261303326892,892.2142353539402,1173.0002972104144,32.74002299467431
1653511744.8564918,516.4182901633171,-1114.3929018175338,16.85775882054597,1409.6253708042934,58.21249730961353,48.093218899251376,1474.0496297510854,1474.3805359999978,893.2070806409763,1172.6053991271474,31.235460078705405
1653511745.0053735,516.2074059593865,-1114.8883827378995,16.85575131628467,1413.674717852422,50.84998066888725,46.84008813822816,1471.187788093296,1471.4933123495655,897.4673118930355,1165.7383634067867,29.98433682194349
1653511745.1248827,516.0351366265328,-1115.3322540583004,16.850498481348996,1384.8599170402651,76.34712578124262,28.15109303260061,1474.7732854224503,1474.81658074248,868.8247804137324,1191.679379839543,11.300594551251613
1653511745.256647,515.8614779409345,-1115.794071642254,16.833416320783662,1370.5564853724584,88.9521715631297,18.81754176423442,1477.1313639097434,1477.1326964763978,854.6950074315239,1204.7462432053837,1.9841254434507576
1653511745.3900697,515.6990127635908,-1116.2462023213448,16.81316371711313,1371.0583870423138,88.41167063260737,19.037409045905306,1477.4438229714283,1477.4454972362641,855.3593742787231,1204.6578729539522,2.2242453287921755
1653511745.5237577,515.5289907321105,-1116.745736359423,16.78717593134017,1394.0110753530855,70.46741909221277,35.42140295876429,1476.8906017296758,1477.008152954598,878.482084620975,1187.2131554516359,18.63422702742412
1653511745.657235,515.3729284692748,-1117.2038387629825,16.76322026387042,1414.290934880995,54.653619334819,49.91190375746999,1476.9236555593056,1477.2956100821602,898.9180064117203,1171.8574580978016,33.14868349359958
1653511745.7920518,515.1970555139177,-1117.7132141395484,16.7376439525016,1415.8912284925366,53.41438562688661,51.002407509636555,1477.4267657560322,1477.8240498090277,900.6941729786189,1171.127599766435,34.264763557134955
1653511745.9238994,515.0346521565349,-1118.1616439791676,16.711678887319668,1413.5247567283495,58.699115421580196,50.27453192419788,1480.6369288352819,1481.0172788103284,898.4901045718146,1176.8607594007478,33.56285303687821
1653511746.0600433,514.8619416423239,-1118.6247239882557,16.68360919872476,1399.5808371723347,70.5867472590735,39.721820639847934,1482.2116743077147,1482.390706474,884.7188955300107,1189.2114712473292,23.038211441123174
1653511746.1911366,514.6795399639673,-1119.065774251481,16.652274458934,1375.2245228699157,87.70444238664385,20.086306828453022,1482.1713879877138,1482.1753661249875,860.5449829059485,1206.7702166381248,3.4340323695190236
1653511746.3251898,514.4843323795781,-1119.5208381202451,16.626560847518864,1397.689411283918,69.64109216088505,35.92639580749152,1481.268816870309,1481.3945428081768,883.2050789043399,1189.1619302811303,19.299834959972653
1653511746.4564826,514.2732876621826,-1119.979408392335,16.60620097515905,1417.2835124840262,54.15185271974047,49.935901825786026,1481.2196611081793,1481.5945981989207,903.0102248218436,1174.1312611120754,33.32970085062698
1653511746.5924442,514.0674273797692,-1120.4330171134163,16.584465460259093,1418.9391200326515,52.92268940171435,50.98196348427966,1481.7410010444178,1482.1402032353167,904.8716926528823,1173.3557065151306,34.397498024020564
1653511746.723143,513.8690949867291,-1120.9323651061977,16.556453028864563,1416.6439512806407,58.25698597312578,50.206095592766744,1485.0892117497078,1485.4703851979168,902.7748562939116,1179.1893510793234,33.64964256390218
1653511746.8565414,513.6819216774938,-1121.4088117740214,16.525574831819064,1417.0158262115563,58.45467046095408,49.96389293808087,1485.964326554442,1486.3405063814187,903.3339045340624,1179.8634822349754,33.438318106261804
1653511746.9897916,513.493615018519,-1121.9274299042218,16.489656283865024,1420.4936649659378,52.77742452048341,50.48034425960623,1484.1093577002969,1484.498552536395,907.0000499474188,1174.7048544247052,33.9906879757412
1653511747.1264887,513.3305511104061,-1122.3686744504496,16.45908268122548,1394.0992229657943,74.079606447541,30.69835624486896,1485.6789499032627,1485.7471854583073,880.7686718553882,1196.4482808979906,14.239273563643483
1653511747.257656,513.170319277239,-1122.8121855604927,16.43076045731118,1388.6375061117762,78.80323189900513,26.224522485454372,1486.7153078852527,1486.7475658211133,875.4671868345373,1201.6154174594978,9.793762028143192
1653511747.3905165,513.0040632709809,-1123.280933527422,16.399758149498098,1414.03664603931,58.92898749094738,44.19728031544999,1486.4319737426347,1486.691869488426,901.0325827683291,1182.2099210183692,27.79752216595189
1653511747.5236568,512.8166564332498,-1123.8001724501323,16.365242520216245,1422.1366119499517,52.6176869882911,49.916402617930544,1486.883237348037,1487.2617260759728,909.3199555167018,1176.4178594384234,33.5511600977143
1653511747.6568394,512.6405654148593,-1124.2283412480233,16.337635581349804,1422.4389768535523,53.48468841926683,50.067499197217586,1488.2006348958719,1488.5828271896803,909.7984114386929,1177.7130296672901,33.729863615867785
1653511747.7911518,512.4278554166185,-1124.7635115770438,16.299171073632902,1419.816197555476,59.01280733747607,48.03304256021396,1491.5361130969357,1491.873659286148,907.3883421388575,1183.7763189145198,31.733871486581055
1653511747.9252043,512.2344576536394,-1125.1615019951996,16.27606079895962,1422.7024211696923,54.609693566404076,49.52002917604646,1490.238902480379,1490.609656449126,910.4679635160529,1179.7711955616037,33.24396837708684
1653511748.057132,512.03578184981,-1125.5731708002006,16.25099059046228,1415.0731670581174,59.445728351903114,43.37400848326506,1489.8813074978561,1490.1281718466819,903.0373852083075,1185.0188991521038,27.12301789280278
1653511748.1900008,511.81458671132157,-1126.044152316628,16.223014054912653,1386.0154316866356,83.03559652570297,21.649402004357732,1492.0123848065696,1492.022252549326,874.200844975314,1209.079748842331,5.426387949445079
1653511748.323529,511.59250630382655,-1126.5137224836112,16.19540934393865,1406.1562348752764,67.44375920127058,35.85342843100544,1491.9043979246655,1492.0339038578804,894.5637285714498,1193.9574816848817,19.65801908706679
1653511748.4600134,511.36805814131066,-1126.9811311933536,16.16920948658733,1425.4524419106767,52.42218156944935,49.60002203095349,1492.1603247663757,1492.53477481574,914.084383769366,1179.403312762803,33.43081254436616
1653511748.5899072,511.16122009261153,-1127.3936806967092,16.143905384002718,1426.9825331088048,51.33403525111145,50.69118311227274,1492.6914301751283,1493.0911626945972,915.8213130161932,1178.7277159478206,34.54727772827002
1653511748.724318,510.94409895576547,-1127.830363101607,16.117558767010927,1424.7481647918612,56.260425428904924,48.86653229249833,1495.6967828478435,1496.0552668562623,913.8040658360958,1184.0907885305119,32.7489735254874
1653511748.8594768,510.7095385166911,-1128.3205708963392,16.088363790107035,1425.5058830096182,55.756034827549136,49.08885441913766,1496.29200362771,1496.655869764985,914.7963444929271,1184.0766057238884,33.00049062903062
1653511748.9897938,510.4921929529353,-1128.755375524836,16.060638899778215,1428.4560751986455,51.298991697121686,50.846633428488445,1495.0538447518306,1495.4584795715937,917.9638822457102,1180.0543672219576,34.78599452871023
1653511749.1237514,510.26474445701473,-1129.2063442425983,16.033117428990472,1401.7342445609004,73.23132714733727,30.550000061189102,1496.8547769216364,1496.9251694972863,891.4695001038856,1202.4376713899355,14.51688263219863
1653511749.256882,510.0412471890342,-1129.6549379843307,16.009340906712897,1386.015330233788,86.22290805849354,18.552597763637486,1498.562488074433,1498.5646461929082,875.9740830447538,1215.8778460428243,2.5432568569245895
1653511749.3897777,509.8022336352501,-1130.1338660573551,15.98477351240831,1386.4046232127557,85.87151988255906,18.667382261485557,1499.0333045159048,1499.035704857484,876.6023895775056,1216.0053859399143,2.6826087490772466
1653511749.5237346,509.5574596290556,-1130.625952817581,15.960543505935886,1409.7243974778862,67.6851964276299,35.3671587171708,1498.7495209011809,1498.8751592829458,900.1669378488307,1198.311149245211,19.406615211234914
1653511749.657016,509.31890984719195,-1131.0970763108187,15.944261353719657,1430.4502827135934,51.55291222228292,50.23536932321385,1499.0476981924514,1499.4398559268266,921.1313728664015,1182.6499885331016,34.29110796949419
1653511749.7902236,509.07746811562174,-1131.5810573318179,15.933909352021693,1432.1240103618206,50.299303192998615,51.395630812380375,1499.6186534405786,1500.0378793336743,923.0465422461989,1181.8803605248165,35.46172146035868
1653511749.9231896,508.8409709976324,-1132.0468055428742,15.937060082878869,1430.1180072016189,54.787543433923645,49.48223962689133,1502.4403979352994,1502.8148350407714,921.2770362039864,1186.8343489767979,33.545179544012456
1653511750.056444,508.5902746423374,-1132.5438282297978,15.947818192354884,1416.171812736238,66.52370681434736,38.69958147607372,1503.8175427510257,1503.9896424571052,907.5815380939007,1199.0675350441452,22.751763283718834
1653511750.1912541,508.3034842311699,-1133.1444220267692,15.950179658863782,1390.9515400185114,84.80049373258507,19.570840188434943,1504.146737592192,1504.151095266664,882.6480557873415,1217.9449157593542,3.620660529571161
1653511750.3237882,508.0440823152876,-1133.6277933071835,15.95664425421566,1414.3039858090726,66.11289405367611,36.00702692849602,1503.5573582639515,1503.6910412165985,906.259903493785,1199.7406873608597,20.050382674280357
1653511750.4576743,507.7698902523655,-1134.1480755371654,15.964271056193871,1434.0686410871836,50.48768200204017,50.00743838894864,1503.7922907897325,1504.1775796363531,926.2987508348181,1184.6357575392055,34.04316733275477
1653511750.5994751,507.45037344907274,-1134.7896945265215,15.97417157156452,1435.9292805600696,49.16446153404228,51.28369370938669,1504.599788848554,1505.014048757258,928.4789071109969,1183.9541560605637,35.30952213782217
1653511750.72323,507.183473808366,-1135.2839404690353,15.999234802492117,1433.507783953297,54.69286091079528,50.38236762583843,1508.019069968167,1508.4109901516904,926.3243101449309,1189.9768013798307,34.38313282334631
1653511750.856449,506.88790499917985,-1135.8340038246383,16.037261237811276,1433.9087394176802,54.94999188042403,50.31292999925493,1509.0838783425152,1509.4730780448954,927.0208344185003,1190.7839957050624,34.275668761443654
1653511750.9907105,506.5651287147784,-1136.4447960408752,16.069173371169093,1437.1844800901297,49.78711674754057,51.115048385188175,1507.7130125033552,1508.1202675607278,930.6193513753512,1186.2319127884157,35.04587501401908
1653511751.1234765,506.2566583057321,-1137.0175581144922,16.109252470460717,1412.9400400122554,69.22099403173348,32.62809958514023,1509.0017227778767,1509.0921349131065,906.6833817065233,1206.2385521462256,16.51884711467951
1653511751.256833,505.9430527158324,-1137.612863911504,16.14437609180726,1405.226938436417,75.84761649661468,26.299909438585825,1510.3634809637765,1510.3976229743523,899.2838857205845,1213.4604804081187,10.155533346778565
1653511751.390051,505.6090497454081,-1138.2864556789139,16.162395014763657,1431.9206621689827,55.138207632870255,45.089523731307835,1510.7334742804928,1511.0103934412205,926.3116124235746,1193.4246633117841,28.92712871654418
1653511751.5238943,505.28458930881135,-1138.9119498408802,16.194209342236427,1439.87776194695,49.13213725920873,50.63090896888362,1511.5929184920474,1511.9851313807558,934.5931726381386,1188.044087100089,34.43669962664719
1653511751.6567445,504.9534974796302,-1139.553579835008,16.228912972092168,1441.3567194547418,48.28566154602007,51.4495014860816,1512.5518362985204,1512.9618459648273,936.4032219751116,1187.839241381028,35.22058851398943
1653511751.7907617,504.6176405753454,-1140.2038769670974,16.267229719257628,1442.2171929091012,48.06086797733866,51.58412515178151,1513.6267785072794,1514.0387404942176,937.5995523337558,1188.264744944436,35.31689543252388
1653511751.923636,504.29301714189984,-1140.8408563936387,16.312530703437403,1440.2704381781139,52.76988172966569,49.72608990884363,1516.8257404372007,1517.193722894883,935.9774210362141,1193.6107381233044,33.41355920540623
1653511752.0564752,503.9290047162637,-1141.5854054033225,16.35198040914341,1426.8931292928548,64.32665937449062,39.34699676419038,1518.5804829616775,1518.7545733295062,922.9641245765911,1205.9120647778132,22.99501635504697
1653511752.192617,503.60137451596734,-1142.2122844786802,16.399507669918833,1402.618457578206,82.08094536710504,20.82175913442093,1518.922522146525,1518.9289596923143,899.0170830622387,1224.2932298457852,4.4222514645020965
1653511752.324768,503.2459918710254,-1142.950418890784,16.43760694623538,1424.795488164253,64.38288512210502,36.17023632571984,1518.8506118433704,1518.9787877910637,921.5494962932275,1207.3333040128891,19.73262937948446
1653511752.4569268,502.9256304336585,-1143.6010297849846,16.474215256189357,1444.7392499493124,48.74370217296227,50.12963579597084,1519.4403093682374,1519.8129954256724,941.8136195156538,1192.3447319579468,33.65542053978149
1653511752.5898507,502.6078693313493,-1144.24420963913,16.499958700945484,1446.5550204820324,47.526889622593345,51.26733267152976,1520.3139732308546,1520.7114609595726,943.9471511506831,1191.7710992617235,34.76737397058427
1653511752.7232769,502.283809807568,-1144.931592086032,16.538838372020727,1444.808832284376,51.98651384523522,49.53182152667163,1523.4718147379688,1523.82902821755,942.525022476808,1196.9181059312673,32.9929831546509
1653511752.8573813,501.9418081258737,-1145.6784450686748,16.577176859105233,1445.3191439553557,52.229333238699525,49.280198364795766,1524.776653508979,1525.1273162269576,943.377335829482,1197.9077783073744,32.70302150569053
1653511752.9901545,501.6265838244607,-1146.3592295335404,16.63180636596883,1448.383202407509,47.80435875121681,50.7820959266607,1523.9339783651833,1524.3165723343081,946.7566185830484,1194.1635882847572,34.150289560691874
1653511753.1232696,501.30379902232085,-1147.0520385591158,16.69076600794814,1425.169541582643,66.38781959797143,33.07599426653124,1525.1112089420978,1525.199224805046,923.8657425603221,1213.4398581570872,16.385228258583098
1653511753.2565155,500.96074159146383,-1147.740500609774,16.745098215298086,1415.401219617508,74.66403679430276,25.17571231411326,1526.5890871215395,1526.6123660486503,914.4404780260443,1222.4045374040768,8.430614098815173
1653511753.390343,500.6320439830336,-1148.4207812256147,16.800442047578606,1442.2995494014685,53.83787112550921,44.029362871981334,1527.1422847639703,1527.3850110706799,941.667505418435,1202.258652351124,27.228920824402728
1653511753.5249288,500.2841940127139,-1149.133726865704,16.842875691653596,1451.2177129504803,47.066160070494114,50.00042553078985,1528.1258871393864,1528.485574042775,950.9335189377664,1196.199886936198,33.15754983913625
1653511753.6569288,499.96106172666,-1149.8235278131247,16.87805303640815,1452.717164438481,46.16386807434772,50.622940495677035,1529.0945171493863,1529.4668220677277,952.756102711821,1195.9873958874723,33.74488745926888
1653511753.7941408,499.6269410047871,-1150.5404571005092,16.910930461837218,1453.5666529659582,45.91264737781112,50.687419178831156,1530.1963943469389,1530.5691282860835,953.939711961171,1196.4531044783203,33.77648871699394
1653511753.923248,499.3345596270968,-1151.1504639733976,16.936374611523497,1451.7691474074036,50.322451304639635,48.87935129938071,1533.1890979742025,1533.5218172255095,952.4345877803069,1201.4729152780371,31.94297668785721
1653511754.057748,499.01860059465906,-1151.8577928833502,16.962387141597194,1437.3024878686604,62.83181548900792,37.597623163948036,1534.8770301903028,1535.0157363269934,938.2838872740012,1214.6896083723582,20.635236022350842
1653511754.1939862,498.745878436601,-1152.495953808669,16.985383373293914,1410.9482259793733,82.0480519252957,17.42012950385898,1534.9957735955522,1534.9958351606058,912.2023475427723,1234.5440057339647,0.43474613056506684
1653511754.323767,498.48580355904886,-1153.1095072872938,16.998435113471793,1436.004473012183,62.103172544864016,34.82548916372076,1534.823479361073,1534.9270069466302,937.5186694531342,1215.2126798321578,17.827054050248968
1653511754.4571476,498.2275001714324,-1153.7988527665138,17.011446181544244,1455.9869198729234,46.26441639889137,48.688089974570495,1535.4005848725265,1535.7273084076114,957.759419701491,1200.0632691654052,31.67664379302625
1653511754.5897858,497.996493828453,-1154.4189111920596,17.018887308786642,1457.7205405466646,45.00023556787895,49.700040139067916,1536.123867226702,1536.471474910561,959.7240467182115,1199.4191467599385,32.68115283028128
1653511754.7230713,497.76417382132865,-1155.0624204932878,17.023846010714124,1455.7245350995734,50.02848386257674,49.02850428363321,1539.458392273588,1539.7910376712637,957.9603612782447,1205.0909043558645,32.00465827291909
1653511754.8564644,497.54820684917274,-1155.6381522398758,17.023075923047188,1455.9957344178572,50.58670837660874,48.94115858878067,1540.649238948237,1540.9798316242943,958.4475275686844,1206.2248606164846,31.91808266573348
1653511754.990983,497.34975986129746,-1156.1415209530674,17.01950211531989,1459.3153263091683,45.39415124236436,49.80802250189856,1539.1769627269962,1539.5261640058743,961.9655664478709,1201.5356721954317,32.78852038657867
1653511755.123086,497.15900931966274,-1156.6563386095906,17.012745976529335,1435.6951650835217,64.27961472902454,31.751251216075588,1539.9788043446817,1540.049330822741,938.5361557638589,1220.9359533386153,14.738505239546253
1653511755.2564542,496.9669121222696,-1157.1674228569589,16.999645901875535,1425.3241493698379,73.00076785427396,23.467509733992088,1541.1557148411987,1541.1692868242076,928.3572372475683,1230.168190711233,6.467863832116553
1653511755.3911383,496.77801333291933,-1157.6751578891651,16.977643972312404,1454.0927432396618,50.72283788045071,43.79917220168178,1541.6475629262493,1541.8808652593762,957.3147299067425,1208.3979957696158,26.821528229369374
1653511755.5245667,496.5887824909092,-1158.2122014059366,16.952400033923624,1461.5898562918971,45.04290497803939,49.07032848948565,1542.4169097478714,1542.7512712049372,965.001073800988,1203.255106383976,32.11792845556202
1653511755.6566374,496.4317167687521,-1158.6926879469909,16.914801260861953,1461.667777909858,46.48505002882257,49.37410848544199,1544.064128797666,1544.4052707968833,965.2360611411059,1205.1777379758134,32.45930722458003
1653511755.7896605,496.29074538945775,-1159.1905399487657,16.873144045851827,1458.7273732754265,52.924563918825825,48.10520353395087,1547.7426425993624,1548.0577280128562,962.4366278859688,1212.1151038675916,31.232059488099043
1653511755.9265616,496.16783868565534,-1159.6890943833066,16.83174133787376,1462.1373778069724,47.32162161895581,48.961224005180135,1545.9534336630402,1546.2872704355464,965.969539121317,1207.0107160022624,32.12948266730638
1653511756.059916,496.0756434183894,-1160.081387982566,16.796989687958995,1450.8049278022145,54.98546584789672,39.63059464808794,1545.2816784449071,1545.4503677740624,954.7292843838251,1215.0668538304626,22.833604960128948
1653511756.1896632,495.9639791693517,-1160.5678142857057,16.76481107543115,1424.2479970952347,76.37550625811429,19.789129954787406,1546.5251359659799,1546.5280930779359,928.2840179258831,1236.94332054382,3.0243188793562545
1653511756.323444,495.8657660506153,-1160.9486082300868,16.73275344959668,1444.7637779262222,60.407691997895846,34.189867637460786,1546.6475516574762,1546.7460683266124,948.8980118756069,1221.3563002279827,17.457114187864107
1653511756.4564185,495.749032455628,-1161.336440850593,16.69933554562004,1464.5001851492425,44.970327632510006,48.1816518836742,1547.144083637123,1547.4643620372528,968.7511526936145,1206.3067684831028,31.482316338054158
1653511756.5910776,495.62700163774485,-1161.7021765486988,16.661108865929723,1465.83885414214,43.92735724331641,49.1621456248206,1547.5314573512107,1547.872710813769,970.2118525043952,1205.6295337920153,32.501036758890876
1653511756.72321,495.5174236823273,-1162.0118401722661,16.619062691587363,1463.6614547771217,48.87835289463196,48.43487212705169,1550.3412284429735,1550.6676530901461,968.1440310947944,1210.890193066898,31.815809435464327
1653511756.8569195,495.41601439930326,-1162.2992188143044,16.570421145920875,1463.6077925802335,49.60745025562923,48.243879945973475,1551.1650762808363,1551.4884149956426,968.1917781809302,1211.9066690699335,31.6734588000526
1653511756.9925754,495.32212454673015,-1162.5990435372953,16.514591431771017,1466.7712825626504,44.254771399505586,49.12576866018644,1549.2609842235588,1549.6041707860668,971.4491580159203,1206.853814936801,32.61117722841542
1653511757.124994,495.23918813540956,-1162.9588479045865,16.451168991605932,1441.093081048553,64.76369526846923,30.071970306516803,1549.8200636700583,1549.8799166331319,945.8538929131433,1227.7225431730558,13.62080131491087
1653511757.256616,495.1722000411739,-1163.2189605446206,16.393691827351645,1433.80260169576,70.86592809209498,24.413453188453516,1550.4813908176209,1550.5021315187003,938.630401654586,1234.0848886367155,8.019761361101871
1653511757.3900251,495.11404988991484,-1163.4464840998303,16.334742122364,1460.1355054360622,50.15054819594238,43.08381121720997,1550.51093722731,1550.7416545508,965.0214555461473,1213.5970322957726,26.74906909484597
1653511757.524206,495.0476494710545,-1163.690067565861,16.270612814266904,1467.639686290759,44.13521042209416,48.59599915560599,1550.7343977070293,1551.0712758715829,972.5920368197046,1207.8252779879551,32.32538634133908
1653511757.6573849,494.9870749604965,-1163.915726009588,16.20003285182043,1467.0681817186323,46.06385742241029,48.777122665679215,1552.0928678524344,1552.4347127074732,972.0811067581358,1209.9795834319984,32.577089813858784
1653511757.7923543,494.92324299971824,-1164.1104171982454,16.12155944476609,1464.3222912023227,51.45732982831179,47.68091122828213,1554.7795542350484,1555.099821539547,969.3990482026045,1215.567747026557,31.55935178351604
1653511757.924095,494.8596378636979,-1164.3122230575734,16.036913154542344,1467.0962684408169,46.53350852824016,48.434197749142186,1552.8655613205972,1553.203475268014,972.236630577119,1210.8457315858136,32.39728459459984
1653511758.0564163,494.81540144621215,-1164.490839599434,15.944566853157653,1457.9226476721908,52.234999816099155,40.9091495091283,1551.772320939648,1551.9731203927497,963.1072462259787,1216.725839415533,24.964582655970645
1653511758.1896725,494.7703370335541,-1164.6334074885851,15.845490246086706,1429.3920137115315,75.15130533759441,19.97193373055421,1552.6054916410176,1552.6109751672107,934.6216766779773,1239.7847128261797,4.126443484467503
1653511758.325633,494.73261719461925,-1164.7821377289886,15.739511582177075,1449.8009727139913,59.08730399901492,34.37337058418639,1552.4213262223927,1552.5331541746216,955.0683555193721,1223.8694417280035,18.633859002009316
1653511758.4563062,494.69835473888224,-1164.9291421319972,15.635756279316015,1468.3548166661017,44.41634686527591,47.73447584411862,1552.586041934773,1552.9178166948773,973.6564619272194,1209.3454889972732,32.09871956480261
1653511758.5901394,494.665069003682,-1165.0425829774429,15.53605111802816,1469.460461329759,43.483454406347846,49.09927008980557,1552.6626291421835,1553.0253473792582,974.795392326077,1208.5260373837907,33.56321897177741
1653511758.723256,494.6368240683173,-1165.146597888157,15.437416244902083,1470.624048211182,40.98172378263948,46.82137241552637,1551.5465155858224,1551.8638931077126,975.9872241428648,1206.1283216707964,31.383956170624288
1653511758.8567593,494.6074932354843,-1165.2202430918296,15.3341879623357,1469.6570382070508,42.7009105241163,45.534985469788815,1552.3514835571668,1552.645232070811,975.0495449715665,1207.921153615946,30.200797507453117
1653511758.9910097,494.59373610006736,-1165.2757104925354,15.237469278265623,1465.1400239457903,50.9531191044934,45.70492894587812,1556.011781058894,1556.3100362372109,970.5462878457229,1216.2288295970288,30.467459667612502
1653511759.123803,494.56561727480783,-1165.3232438735195,15.120797613172124,1439.8847577533595,68.98776999684598,26.803992648889732,1554.7192532148038,1554.7631502460558,945.3191404785516,1234.3110138703655,11.683195035717608
1653511759.2572522,494.53403477641166,-1165.3501981316435,15.008303716789714,1434.7370624381235,71.76923056147845,22.623311529456227,1553.8488388753415,1553.8674983467006,940.2030276617119,1237.119428693122,7.615007812666514
1653511759.3896265,494.5068228997226,-1165.3768018629703,14.89823619353553,1460.4542847437867,51.1547057696029,41.04449607845196,1553.3845010510988,1553.6045297989258,965.9474618440642,1216.5315076325733,26.146259884916425
1653511759.5231678,494.4869690540026,-1165.3992898241686,14.786289659929308,1469.516385801972,43.767326089761895,47.722960762665316,1553.3081692196922,1553.6573280063922,975.0294167479694,1209.1666159139304,32.93667110273601
1653511759.6564004,494.4756541146922,-1165.4002321222104,14.675517050578904,1468.989446016217,45.21456482210058,47.280924639763185,1554.1123888531367,1554.454383309739,974.5137919015249,1210.614796944311,32.60540758918428
1653511759.7897494,494.47794468029133,-1165.4201632678248,14.568508120219848,1466.3148423127209,49.72724092307324,44.79350521188693,1555.9724192644621,1556.2659541225253,971.8368976324296,1215.147404190898,30.224997091667085
1653511759.925591,494.48036408829995,-1165.415870367644,14.434050849335947,1469.4901347337072,43.55002154215666,44.60955745774423,1553.1395882712118,1553.4326962743971,975.0097706454073,1208.9658919098006,30.175506608408284
1653511760.0563614,494.4822890156521,-1165.4060118287516,14.319129791531497,1459.4142990818602,50.26095724136419,36.97154801674761,1552.0760173839858,1552.2413136461691,964.9320100662081,1215.6669690701158,22.652418225216117
1653511760.1919713,494.4947610520585,-1165.4107001219877,14.20450730424107,1426.8692341464284,78.5173159888524,16.497428497451864,1554.5671639859936,1554.568854966242,932.3744730943699,1243.9280161108402,2.2929211932107947
1653511760.3230596,494.4914545255822,-1165.3959706118135,14.093205181355447,1425.996130006109,78.85219129844123,16.057431158255657,1554.3019168936032,1554.3031580238192,931.5046754805269,1244.2481619102548,1.9642259769002095
1653511760.456887,494.4914348906155,-1165.3677402502594,13.976852682843985,1434.8096118710225,71.50050193392248,22.394090722612496,1553.7185467398992,1553.7413466789646,940.3181769804071,1236.868242184182,8.417238039768511
1653511760.5898318,494.50504731122464,-1165.3274170334787,13.861355388398232,1464.980408645556,47.39307312623904,43.79207278510974,1553.2267748819638,1553.5151309382566,970.4753613343314,1212.7204901597177,29.930717396711508
1653511760.7232232,494.48942329330595,-1165.2825814824664,13.742528241644267,1469.5940611763829,43.48017500952299,47.313148944309084,1553.0410349708084,1553.4038247917254,975.104637883077,1208.7627564919894,33.57062070266482
1653511760.8604817,494.47276419478806,-1165.2397076474915,13.624510986092153,1468.7598597960864,45.440389236819364,47.491482435879306,1554.0211200775288,1554.3901097865355,974.2870956012983,1210.6800968843108,33.86697144978715
1653511760.993887,494.4785976489627,-1165.1781031961552,13.51298538846892,1464.5008431562128,52.29391810768853,45.848496402448866,1556.6570847288733,1556.992891669429,970.0222455072501,1217.4720213038438,32.335511013979946
1653511761.1231534,494.4687324500188,-1165.1144904718917,13.400929708856443,1440.0881113982698,69.30559945066999,26.93570660585014,1554.9884141841383,1555.0473171040655,945.619378948251,1234.4200899225616,13.534776896993696
1653511761.2569973,494.48266078557197,-1165.037492971191,13.272821570805553,1435.0877029811868,71.67603647252056,22.46353733377275,1553.7690302335598,1553.7962120462169,940.6050421956148,1236.7135294437116,9.190715762967196
1653511761.3900445,494.519140860004,-1164.9864033184601,13.128471537904456,1462.2621859911721,49.8663790010403,41.97264476133641,1553.1882964113454,1553.4561050889467,967.7430451311682,1214.8527823195004,28.844173223431955
1653511761.523455,494.55391666045574,-1164.9390236668448,12.994668562909977,1469.134492027212,44.065534728459056,47.02569912624431,1552.9002930332717,1553.2731347525535,974.5805753667562,1209.0045583953038,34.03103056333433
1653511761.6562364,494.5849676282924,-1164.8766748626877,12.879021296088009,1468.4863023127548,45.67469739589229,47.188572770062365,1553.6789998507763,1554.0577788163648,973.9013346844624,1210.55137225858,34.30955147397435
1653511761.7898648,494.6366872759605,-1164.8086808344608,12.717507842032454,1465.0063320460745,51.94247541779112,46.10114858231572,1556.3099381975524,1556.6679450677802,970.369644770114,1216.751156252252,33.38364074028327
1653511761.9230797,494.6725994819203,-1164.744860335839,12.57857408961933,1467.707614753173,46.81544627267769,46.849520934094585,1553.9226227496818,1554.300490668026,973.0350152712526,1211.5603066085166,34.270946844475255
1653511762.0567234,494.71022942256224,-1164.6765595316124,12.437050675175419,1457.875537640991,52.858361616943704,38.92819763689911,1552.4428154272614,1552.6688236836178,963.1653082184289,1217.5349211485561,26.491146961723686
1653511762.1978216,494.7305294150886,-1164.620822521885,12.293767713461836,1427.7491823382354,76.85979503762138,16.91598871249722,1552.9964360804106,1553.00331467947,933.0186529231469,1241.4806175595063,4.622220999035385
1653511762.3229816,494.74829980193994,-1164.5570315510317,12.157645466925747,1448.9042138153804,60.0922241982379,31.90612360382881,1552.475219723028,1552.6008212811134,954.1559140134405,1224.6492557492697,19.748478136903064
1653511762.4563313,494.7729647351819,-1164.4883299612363,12.009467783226384,1468.2877854992266,44.696222198886666,45.8076652224464,1552.3718586182654,1552.7397417404077,973.5148207640448,1209.184552160123,33.79819743922002
1653511762.5916374,494.7837001602533,-1164.4193846069732,11.861009399450387,1469.2106404685521,43.86579981981604,46.962732756493274,1552.2438432488218,1552.6406795799558,974.4269403082988,1208.285184426789,35.101723357042886
1653511762.723011,494.79501475488047,-1164.352038395478,11.7140414877389,1466.3034144852486,49.204768840833445,46.01686438712805,1554.5252314247753,1554.9036557919328,971.5083997303682,1213.5568072363114,34.302822899389156
1653511762.8568082,494.8068842212967,-1164.274437640698,11.56390605224985,1465.949343241172,49.70498725762625,45.6817886207365,1554.626553159194,1555.0008841472063,971.1424590198753,1213.9794248983242,34.11788256848665
1653511762.9896708,494.8321955246472,-1164.2186484497643,11.414772204617751,1468.6093216303282,44.64162336278902,46.23127150100575,1552.2838168625476,1552.674221051092,973.777126105681,1208.8602718125533,34.816499296388
1653511763.1230803,494.8634359972439,-1164.165090813069,11.26294165951898,1442.298400911591,65.32480274233184,26.90556542570119,1552.1850440901435,1552.263863772977,947.4349649143471,1229.4898935554008,15.642623766182211
1653511763.2562044,494.8954744008985,-1164.1082409877954,11.1073891642543,1436.5971649015828,69.94285332838336,22.510555588856043,1552.3157466426746,1552.3576293751746,941.7016905006843,1234.0510943161787,11.403166424601743
1653511763.389745,494.9356404988224,-1164.0713918951583,10.956866603107626,1461.3831354174408,50.239630531752816,40.004108789541256,1551.9574799658535,1552.229287798874,966.4474949186184,1214.311022426911,29.04724218643363
1653511763.5229456,494.9712110865421,-1164.0307521129187,10.803892871035874,1468.3262436070881,44.600488403247645,45.3962321719439,1551.8406796075171,1552.2261835257868,973.355032520546,1208.6312405161664,34.59233930090802
1653511763.6563141,494.9951763669905,-1163.981507839507,10.65131866193186,1467.5167142429407,46.523384835821076,45.677373678240826,1552.7782316942464,1553.1732232283418,972.5215378759501,1210.5048926753282,35.026055016308966
1653511763.7976294,495.0158409018795,-1163.9349428783041,10.484931832018985,1464.363461825295,52.135340122947156,44.464470746617856,1555.1404256171302,1555.5116047312142,969.3476209234154,1216.0702830012513,33.97953891459887
1653511763.922906,495.02944076971403,-1163.8973338664432,10.331831315858501,1466.848313521546,47.43000563679982,45.14683603756086,1552.9796665972951,1553.3698624018743,971.818872751832,1211.327339503243,34.81500472170236
1653511764.0563455,495.0421548895844,-1163.864355159322,10.178441058238699,1457.621644055663,52.94823253969498,37.6045907564886,1551.51285735762,1551.7552449511095,962.5794891660785,1216.812587699017,27.4261496982499
1653511764.1989698,495.05507849991085,-1163.8348892546503,10.007535967843294,1426.7451878164366,77.48353813147568,14.907830114721044,1552.0689088976058,1552.0766446439848,931.6901093165256,1241.318427386126,4.90029414687775
1653511764.3232696,495.07251827453524,-1163.7915794553253,9.849764475582294,1449.1538206160672,59.75573552667916,30.80384279586492,1551.5602352075753,1551.7017229079945,954.0813023415319,1223.5473149820045,20.954078320282626
1653511764.4568732,495.08235810227814,-1163.7653223150528,9.69698909269851,1484.9787814237663,27.340334382629468,42.14443755936055,1548.750339571195,1549.090201129001,989.8964233214882,1191.1056566976822,32.44744846666204
1653511764.5899339,495.077215120956,-1163.7475972866107,9.539054440308135,1535.7311468370845,-24.398901448250363,37.98512696074851,1543.0735744950107,1543.3357493904712,1040.6539317161285,1139.3486958383603,28.446072520440374
1653511764.7229514,495.10105607942063,-1163.689738905116,9.356523097329411,1535.7777908301714,-24.425438684416378,37.69906130187164,1543.0266400839764,1543.28691806829,1040.6767347507507,1139.2643002206996,28.342538204542226
1653511764.8564036,495.1110912405569,-1163.6369342558744,9.155993655138529,1535.7939431173695,-24.443449951214532,37.457355619551684,1542.978481014122,1543.2380114427222,1040.6828518768125,1139.19348430466,28.301361964413154
1653511764.9901488,495.1027091753421,-1163.6159362053006,8.98350834694094,1535.7963224422638,-24.453181477546604,37.26351924982794,1542.9630515516196,1543.2221931627842,1040.6936132669216,1139.162754727754,28.280010902886996
1653511765.1230636,495.09393308875894,-1163.595010143688,8.806779928095075,1535.8047912116244,-24.453181477546604,37.133672729051355,1542.9592334315482,1543.2192355227523,1040.7108581228654,1139.1418286661412,28.32689280095628
1653511765.2570634,495.072198764102,-1163.5834132166344,8.634371366928661,1535.8069873935042,-24.461769976715082,37.00741783891793,1542.9604720669615,1543.2213218223765,1040.7347886294021,1139.1216432399194,28.37304647198927
1653511765.38977,495.03543852829023,-1163.5805714303935,8.483331997803194,1535.808187075776,-24.471734725965305,36.872408995497665,1542.976621980127,1543.2377638167052,1040.7727485474857,1139.1088367044283,28.38907699769447
