timestamp,latitude,longitude,altitude,status,service
1748025976.226576,45.3259775,-75.66628616666667,59.599999999999994,2,1
1748025976.448802,45.32602516666667,-75.66631133333334,51.599999999999994,2,1
1748025976.6281629,45.32542516666667,-75.6654665,89.0,1,1
1748025976.824948,45.325493,-75.66557583333334,80.0,1,1
1748025977.0369773,45.3255105,-75.66560483333333,77.8,1,1
1748025977.2386918,45.325978166666665,-75.66628816666666,59.7,2,1
1748025977.4608765,45.326026,-75.666313,51.5,2,1
1748025977.6420538,45.32542566666667,-75.66546766666667,89.1,1,1
1748025977.8300214,45.325493333333334,-75.66557733333333,80.0,1,1
1748025978.0224016,45.3255105,-75.66560583333333,77.8,1,1
1748025978.2253835,45.32597716666667,-75.66628783333333,59.599999999999994,2,1
1748025978.445387,45.326025,-75.66631233333334,51.39999999999999,2,1
1748025978.650953,45.325423,-75.66546366666667,89.1,1,1
1748025978.821236,45.325491,-75.6655745,80.2,1,1
1748025979.023327,45.32550883333333,-75.66560433333333,77.89999999999999,1,1
1748025979.2381542,45.325979,-75.66629133333333,59.39999999999999,2,1
1748025979.4621415,45.32602683333333,-75.66631616666666,51.3,2,1
1748025979.6443505,45.3254255,-75.66546816666667,88.89999999999999,1,1
1748025979.8261542,45.325492833333335,-75.665578,80.0,1,1
1748025980.030742,45.325510666666666,-75.66560783333334,77.7,1,1
1748025980.2272024,45.3259795,-75.66629216666666,59.599999999999994,2,1
1748025980.4500601,45.32602766666667,-75.66631716666667,51.39999999999999,2,1
1748025980.6418304,45.3254275,-75.66547066666666,89.0,1,1
1748025980.8269253,45.325494666666664,-75.66558,80.0,1,1
1748025981.0280375,45.3255125,-75.6656095,77.8,1,1
1748025981.2307537,45.325979,-75.66629233333333,59.599999999999994,2,1
1748025981.4553776,45.32602816666667,-75.66631766666667,51.3,2,1
1748025981.637686,45.3254305,-75.66547416666667,88.8,1,1
1748025981.8250873,45.325497666666664,-75.66558383333333,79.89999999999999,1,1
1748025982.0125108,45.3255155,-75.66561333333334,77.7,1,1
1748025982.2286656,45.325980333333334,-75.66629383333333,59.5,2,1
1748025982.4491649,45.32602933333333,-75.66631783333334,51.099999999999994,2,1
1748025982.642424,45.325435,-75.6654755,88.0,1,1
1748025982.8219235,45.3255005,-75.66558383333333,79.5,1,1
1748025983.027481,45.325518,-75.66561266666666,77.3,1,1
1748025983.2342172,45.32598133333333,-75.66629183333333,59.8,2,1
1748025983.4692652,45.32602983333334,-75.66631616666666,51.5,2,1
1748025983.6435769,45.3254355,-75.66547483333333,88.39999999999999,1,1
1748025983.8253412,45.325502166666666,-75.6655835,79.89999999999999,1,1
1748025984.0304651,45.3255205,-75.66561283333333,77.8,1,1
1748025984.2462382,45.325986,-75.666295,60.3,2,1
1748025984.4543765,45.3260355,-75.6663195,51.89999999999999,2,1
1748025984.6445618,45.32543916666667,-75.66547583333333,89.1,1,1
1748025984.8248749,45.32550616666666,-75.6655845,80.39999999999999,1,1
1748025985.038942,45.325524333333334,-75.6656145,78.3,1,1
1748025985.227118,45.3259945,-75.666302,60.7,2,1
1748025985.4646518,45.32604366666666,-75.666326,52.3,2,1
1748025985.6321216,45.325442833333334,-75.665476,89.3,1,1
1748025985.8288937,45.325509833333335,-75.66558733333333,80.89999999999999,1,1
1748025986.029624,45.325527666666666,-75.66561616666667,78.8,1,1
1748025986.2348096,45.325995,-75.666299,61.5,2,1
1748025986.4603174,45.32604516666667,-75.66632233333333,52.89999999999999,2,1
1748025986.6423178,45.325444166666664,-75.66547416666667,90.6,1,1
1748025986.8248966,45.325512833333335,-75.66558316666666,81.8,1,1
1748025987.0235627,45.325531166666664,-75.665611,79.7,1,1
1748025987.23205,45.325997666666666,-75.66629,61.89999999999999,2,1
1748025987.4499633,45.326048666666665,-75.6663145,53.39999999999999,2,1
1748025987.6425896,45.32544816666667,-75.66546483333333,91.0,1,1
1748025987.8336222,45.32551616666667,-75.66557266666666,82.2,1,1
1748025988.04002,45.3255355,-75.66559966666667,80.0,1,1
1748025988.2234187,45.3260035,-75.66627716666666,62.39999999999999,2,1
1748025988.4504113,45.32605383333333,-75.666298,53.8,2,1
1748025988.643965,45.32545416666667,-75.66544616666667,90.8,1,1
1748025988.8246322,45.3255225,-75.66555383333333,82.2,1,1
1748025989.0367644,45.325541666666666,-75.66558,80.0,1,1
1748025989.252353,45.326009,-75.66625616666667,62.39999999999999,2,1
1748025989.4657247,45.32606033333333,-75.666277,53.8,2,1
1748025989.6436977,45.325462333333334,-75.6654255,90.8,1,1
1748025989.8234751,45.325530666666666,-75.66553216666667,82.1,1,1
1748025990.0405705,45.32554916666667,-75.66555633333333,79.89999999999999,1,1
1748025990.231498,45.32602083333333,-75.66623666666666,61.89999999999999,2,1
1748025990.4589553,45.32607133333333,-75.66625566666667,53.3,2,1
1748025990.6486104,45.3254695,-75.6654005,90.8,1,1
1748025990.8325458,45.3255385,-75.66550583333333,81.89999999999999,1,1
1748025991.0208256,45.32555816666667,-75.66552933333334,79.7,1,1
1748025991.224801,45.326027833333335,-75.66620316666666,61.599999999999994,2,1
1748025991.464041,45.3260815,-75.66622666666666,52.89999999999999,2,1
1748025991.6361527,45.325477,-75.66536483333333,90.1,1,1
1748025991.823355,45.32554533333333,-75.66547133333333,81.5,1,1
1748025992.023302,45.325564666666665,-75.66549566666667,79.3,1,1
1748025992.2255523,45.32603433333333,-75.66617233333334,61.3,2,1
1748025992.4561086,45.32608783333333,-75.66619383333334,52.5,2,1
1748025992.6419623,45.32548633333333,-75.66533716666666,90.0,1,1
1748025992.8115723,45.32555383333333,-75.6654405,81.3,1,1
1748025993.019741,45.32557216666667,-75.66546283333334,79.0,1,1
1748025993.223799,45.32604166666667,-75.6661395,61.39999999999999,2,1
1748025993.455381,45.32609333333333,-75.66615933333334,52.7,2,1
1748025993.6448736,45.32549,-75.66530033333333,89.7,1,1
1748025993.8258867,45.325557,-75.665404,81.39999999999999,1,1
1748025994.0253367,45.325576,-75.66542683333333,79.3,1,1
1748025994.2313378,45.32604466666667,-75.66610116666666,61.7,2,1
1748025994.4487107,45.326096666666665,-75.66611983333334,52.89999999999999,2,1
1748025994.63593,45.325497,-75.66526633333334,89.6,1,1
1748025994.8267677,45.3255635,-75.665369,81.3,1,1
1748025995.0337727,45.325581166666666,-75.66539066666667,79.2,1,1
1748025995.2272096,45.32605316666667,-75.6660715,61.3,2,1
1748025995.4648695,45.326103333333336,-75.6660885,52.3,2,1
1748025995.6439476,45.32549683333333,-75.6652265,88.89999999999999,1,1
1748025995.8295712,45.3255615,-75.66532816666667,80.8,1,1
1748025996.0195863,45.325578166666666,-75.66535016666667,78.6,1,1
1748025996.226822,45.326049833333336,-75.666033,60.89999999999999,2,1
1748025996.437484,45.326100333333336,-75.66605033333333,51.7,2,1
1748025996.6410465,45.325494,-75.66518833333333,88.7,1,1
1748025996.8412657,45.325559166666665,-75.6652915,80.3,1,1
1748025997.0230436,45.325575666666666,-75.6653135,78.2,1,1
1748025997.2255003,45.32604833333333,-75.66599916666667,60.599999999999994,2,1
1748025997.464941,45.3260975,-75.666017,51.599999999999994,2,1
1748025997.640654,45.325489833333336,-75.66515483333333,88.5,1,1
1748025997.8199234,45.325556,-75.66526016666667,80.2,1,1
1748025998.0243587,45.32557383333334,-75.66528383333333,78.0,1,1
1748025998.248945,45.326047833333334,-75.66597,60.39999999999999,2,1
1748025998.4452715,45.32609683333333,-75.66598933333333,51.5,2,1
1748025998.644105,45.325488166666666,-75.6651285,88.2,1,1
1748025998.826389,45.3255525,-75.66523366666667,79.89999999999999,1,1
1748025999.030515,45.32556966666667,-75.66525833333333,77.8,1,1
1748025999.2302408,45.32604033333333,-75.66594,60.599999999999994,2,1
1748025999.4617822,45.3260905,-75.66595933333333,51.599999999999994,2,1
1748025999.6456323,45.32548416666667,-75.6651005,88.3,1,1
1748025999.8266013,45.325547666666665,-75.66520816666667,79.8,1,1
1748026000.032594,45.325563,-75.665235,77.6,1,1
1748026000.2379186,45.32602583333333,-75.66590883333333,60.8,2,1
1748026000.4572465,45.326049166666664,-75.66591866666667,57.5,2,1
1748026000.6412187,45.325481833333335,-75.66509616666667,86.8,1,1
1748026000.8236303,45.325516,-75.66515266666667,82.5,1,1
1748026001.0439093,45.32552466666667,-75.665167,81.3,1,1
1748026001.2378006,45.326000666666665,-75.66586666666667,61.8,2,1
1748026001.460533,45.3260395,-75.66590266666667,57.5,2,1
1748026001.6474833,45.32547433333333,-75.66508166666667,87.0,1,1
1748026001.813325,45.325509,-75.66513933333333,82.6,1,1
1748026002.0545683,45.32551866666667,-75.66515466666667,81.39999999999999,1,1
1748026002.221827,45.32599366666667,-75.66585433333333,62.099999999999994,2,1
1748026002.4486024,45.32603316666667,-75.66589216666667,57.8,2,1
1748026002.6373718,45.3254695,-75.66507483333334,87.1,1,1
1748026002.8337507,45.325503833333336,-75.66513316666666,82.89999999999999,1,1
1748026003.0207856,45.32551316666667,-75.66514933333333,81.7,1,1
1748026003.2213674,45.32599,-75.66585016666667,62.39999999999999,2,1
1748026003.47684,45.326058,-75.66590566666666,52.2,2,1
1748026003.6286755,45.32545866666667,-75.66505966666666,88.2,1,1
1748026003.834069,45.325522666666664,-75.66516716666666,80.1,1,1
1748026004.0314884,45.3255395,-75.66519533333333,78.1,1,1
1748026004.2265866,45.326002333333335,-75.66586983333333,61.8,2,1
1748026004.4490244,45.326026,-75.66588183333333,58.7,2,1
1748026004.6504931,45.325461833333335,-75.66506433333333,87.6,1,1
1748026004.830576,45.325497166666665,-75.66512333333333,83.3,1,1
1748026005.0285466,45.32550716666667,-75.6651405,82.1,1,1
1748026005.2234416,45.3259835,-75.665839,62.8,2,1
1748026005.4477725,45.326022,-75.665877,58.8,2,1
1748026005.6390624,45.32545733333333,-75.66505883333333,87.5,1,1
1748026005.8254836,45.3254925,-75.66511733333333,83.3,1,1
1748026006.020338,45.325502166666666,-75.66513433333333,82.1,1,1
1748026006.2471244,45.32597766666667,-75.66583016666667,63.2,2,1
1748026006.4482994,45.326017,-75.66587033333333,59.099999999999994,2,1
1748026006.6377823,45.32545666666667,-75.66505866666667,87.5,1,1
1748026006.8222961,45.32549216666666,-75.6651165,83.2,1,1
1748026007.0262585,45.325502166666666,-75.66513283333333,82.0,1,1
1748026007.2178311,45.325978166666665,-75.66582833333334,63.099999999999994,2,1
1748026007.459285,45.32601733333333,-75.66586783333334,59.0,2,1
1748026007.6395497,45.325456833333334,-75.66505633333334,87.39999999999999,1,1
1748026007.8196812,45.325492,-75.665114,83.2,1,1
1748026008.0230358,45.32550233333333,-75.66513,81.89999999999999,1,1
1748026008.2314484,45.32597916666667,-75.66582883333334,62.8,2,1
1748026008.4466505,45.326017666666665,-75.66586833333334,58.8,2,1
1748026008.637557,45.32545266666666,-75.66504916666666,87.5,1,1
1748026008.8229282,45.32548933333333,-75.66510833333334,83.2,1,1
1748026009.0121684,45.32550033333333,-75.66512483333334,81.89999999999999,1,1
1748026009.2295809,45.32597766666667,-75.6658225,62.599999999999994,2,1
1748026009.460639,45.326017,-75.66586116666667,58.599999999999994,2,1
1748026009.6412735,45.32545483333333,-75.66504516666667,87.39999999999999,1,1
1748026009.8186486,45.32549016666667,-75.665103,83.0,1,1
1748026010.0231836,45.3255,-75.66511966666667,81.7,1,1
1748026010.2246966,45.32597533333333,-75.66581783333334,62.39999999999999,2,1
1748026010.4481244,45.32601433333333,-75.6658565,58.39999999999999,2,1
1748026010.6395273,45.325455166666664,-75.66504233333333,87.2,1,1
1748026010.8152492,45.32549066666667,-75.665099,82.89999999999999,1,1
1748026011.022262,45.325501333333335,-75.6651155,81.6,1,1
1748026011.247647,45.325978,-75.665817,62.2,2,1
1748026011.4629123,45.326016333333335,-75.66585583333334,58.39999999999999,2,1
1748026011.6457777,45.32545483333333,-75.665038,87.0,1,1
1748026011.8237596,45.32549083333333,-75.66509733333334,82.6,1,1
1748026012.022229,45.3255015,-75.66511416666667,81.3,1,1
1748026012.2296362,45.325979,-75.665816,61.599999999999994,2,1
1748026012.4577727,45.326016833333334,-75.6658495,58.599999999999994,2,1
1748026012.6382468,45.32545733333333,-75.66503533333334,86.89999999999999,1,1
1748026012.8375468,45.325487333333335,-75.66508283333333,83.5,1,1
1748026013.0206094,45.32549433333333,-75.66509416666666,82.7,1,1
1748026013.2285187,45.325977333333334,-75.665808,61.599999999999994,2,1
1748026013.4577448,45.32602266666667,-75.665855,58.099999999999994,2,1
1748026013.6451066,45.3254585,-75.66503416666667,86.7,1,1
1748026013.8188114,45.325488666666665,-75.66508133333333,83.39999999999999,1,1
1748026014.0249286,45.3254965,-75.66509166666667,82.6,1,1
1748026014.2252643,45.325979333333336,-75.665807,61.599999999999994,2,1
1748026014.4522476,45.3260245,-75.66585333333333,58.2,2,1
1748026014.6510465,45.325459,-75.66503016666667,87.39999999999999,1,1
1748026014.8240788,45.325488,-75.6650785,83.89999999999999,1,1
1748026015.0407202,45.325494666666664,-75.6650895,83.1,1,1
1748026015.21937,45.32598,-75.66580716666667,62.0,2,1
1748026015.462993,45.3260255,-75.66585366666666,58.5,2,1
1748026015.6443007,45.325458,-75.66502666666666,87.7,1,1
1748026015.8249383,45.325487333333335,-75.66507383333334,84.2,1,1
1748026016.0403779,45.325494166666665,-75.6650845,83.39999999999999,1,1
1748026016.2329376,45.32597416666667,-75.66579316666666,63.39999999999999,2,1
1748026016.4474208,45.326022333333334,-75.665848,58.89999999999999,2,1
1748026016.6394458,45.325456833333334,-75.66502433333333,87.6,1,1
1748026016.8330576,45.32549183333333,-75.665083,83.3,1,1
1748026017.0250113,45.325501333333335,-75.66510016666666,82.0,1,1
1748026017.2287114,45.32598216666667,-75.66581083333334,61.89999999999999,2,1
1748026017.460733,45.32601833333333,-75.66584483333334,59.099999999999994,2,1
1748026017.6499984,45.3254515,-75.66502116666666,87.5,1,1
1748026017.8197637,45.325480166666665,-75.66506883333334,84.1,1,1
1748026018.0109901,45.32548666666667,-75.6650795,83.3,1,1
1748026018.2242734,45.32596866666667,-75.665792,62.39999999999999,2,1
1748026018.4569178,45.32601433333333,-75.66584033333334,59.099999999999994,2,1
1748026018.6467755,45.3254505,-75.66501916666667,87.2,1,1
1748026018.8370607,45.325479,-75.6650655,83.89999999999999,1,1
1748026019.02736,45.32548533333333,-75.66507566666667,83.1,1,1
1748026019.2295628,45.325970166666664,-75.66578733333333,63.0,2,1
1748026019.4685984,45.326018833333336,-75.66584433333334,58.39999999999999,2,1
1748026019.6406791,45.325449,-75.66501583333333,87.1,1,1
1748026019.816213,45.325484,-75.66507416666667,82.8,1,1
1748026020.0232508,45.32549383333333,-75.66509066666667,81.6,1,1
1748026020.2366245,45.325980666666666,-75.66580816666666,61.3,2,1
1748026020.4539678,45.32601733333333,-75.6658415,58.39999999999999,2,1
1748026020.6388545,45.325448333333334,-75.665012,87.1,1,1
1748026020.8303645,45.325479,-75.665061,83.6,1,1
1748026021.0250506,45.325486,-75.66507166666666,82.8,1,1
1748026021.2311928,45.32596566666667,-75.66577666666667,63.2,2,1
1748026021.4620256,45.326013833333334,-75.66583283333334,58.599999999999994,2,1
1748026021.6302938,45.32544583333333,-75.665007,87.0,1,1
1748026021.8182623,45.3254805,-75.6650655,82.8,1,1
1748026022.0381517,45.32549,-75.66508216666666,81.5,1,1
1748026022.232735,45.325976833333335,-75.66580116666667,61.3,2,1
1748026022.4486465,45.326014666666666,-75.66583516666667,58.099999999999994,2,1
1748026022.6424823,45.3254455,-75.6650065,86.7,1,1
1748026022.8246953,45.32547433333333,-75.6650565,83.3,1,1
1748026023.023454,45.32548033333333,-75.665068,82.5,1,1
1748026023.2532437,45.32595516666667,-75.66576433333333,63.3,2,1
1748026023.4527292,45.32600266666667,-75.66582166666667,58.8,2,1
1748026023.6382873,45.3254405,-75.6650055,86.5,1,1
1748026023.816718,45.3254745,-75.66506466666667,82.39999999999999,1,1
1748026024.0335338,45.325484,-75.66508216666666,81.2,1,1
1748026024.2388947,45.32596516666667,-75.6657905,62.3,2,1
1748026024.4466894,45.326003666666665,-75.665831,58.39999999999999,2,1
1748026024.6407948,45.325436,-75.665004,86.7,1,1
1748026024.8395348,45.32547016666667,-75.66506316666667,82.6,1,1
1748026025.022983,45.3254805,-75.66508066666667,81.39999999999999,1,1
1748026025.2200356,45.325963333333334,-75.66578883333334,62.3,2,1
1748026025.4544747,45.326002333333335,-75.66582883333334,58.39999999999999,2,1
1748026025.6463208,45.32543533333333,-75.6650025,86.7,1,1
1748026025.8247364,45.32546966666666,-75.66506116666666,82.5,1,1
1748026026.0280406,45.32547916666667,-75.665078,81.3,1,1
1748026026.2250476,45.32596233333334,-75.6657895,62.099999999999994,2,1
1748026026.4489658,45.326002,-75.66582883333334,58.099999999999994,2,1
1748026026.6313848,45.3254325,-75.66499733333333,86.5,1,1
1748026026.818919,45.32546833333333,-75.665057,82.39999999999999,1,1
1748026027.0178447,45.325479,-75.665074,81.2,1,1
1748026027.2203333,45.325965333333336,-75.66578966666667,61.89999999999999,2,1
1748026027.4685779,45.326005333333335,-75.66582983333333,57.89999999999999,2,1
1748026027.6367261,45.32543366666667,-75.66499616666667,86.6,1,1
1748026027.8242524,45.32546933333333,-75.6650555,82.39999999999999,1,1
1748026028.038437,45.32547983333333,-75.66507266666666,81.2,1,1
1748026028.2220788,45.325963,-75.66578233333334,61.7,2,1
1748026028.4461153,45.32600466666667,-75.66582416666667,57.8,2,1
1748026028.6363745,45.325437,-75.66499366666666,86.39999999999999,1,1
1748026028.8075323,45.32547233333333,-75.66505266666667,82.2,1,1
1748026029.0244012,45.32548283333333,-75.6650695,81.0,1,1
1748026029.2371109,45.325966666666666,-75.6657795,61.8,2,1
1748026029.4587133,45.326008,-75.665821,58.0,2,1
1748026029.6384406,45.325439333333335,-75.664992,86.5,1,1
1748026029.8226933,45.325476,-75.665051,82.3,1,1
1748026030.0598867,45.32548666666667,-75.66506766666667,81.1,1,1
1748026030.222417,45.3259715,-75.66578066666666,62.0,2,1
1748026030.4529312,45.326010333333336,-75.66582033333333,58.3,2,1
1748026030.6344604,45.32544016666667,-75.664987,86.8,1,1
1748026030.8414924,45.32547516666666,-75.66504516666667,82.6,1,1
1748026031.0420003,45.3254855,-75.66506183333334,81.3,1,1
1748026031.2293792,45.32597116666667,-75.66577483333333,62.39999999999999,2,1
1748026031.455504,45.32601116666667,-75.66581533333333,58.5,2,1
1748026031.6417482,45.325443,-75.66498466666667,86.6,1,1
1748026031.832936,45.32547783333333,-75.66504333333333,82.39999999999999,1,1
1748026032.0269563,45.325487333333335,-75.66505983333333,81.2,1,1
1748026032.2320116,45.32597066666667,-75.66577083333334,62.3,2,1
1748026032.4377875,45.32600933333333,-75.66581083333334,58.39999999999999,2,1
1748026032.6423535,45.325442333333335,-75.66498083333333,86.3,1,1
1748026032.8282778,45.32547733333333,-75.6650405,82.1,1,1
1748026033.0265503,45.325487333333335,-75.665057,80.89999999999999,1,1
1748026033.2232676,45.325970166666664,-75.66576683333334,62.2,2,1
1748026033.4644012,45.326008333333334,-75.66580616666667,58.599999999999994,2,1
1748026033.6404245,45.325443,-75.664979,86.2,1,1
1748026033.832149,45.325477,-75.665038,82.0,1,1
1748026034.03045,45.3254865,-75.6650545,80.8,1,1
1748026034.2261388,45.3259705,-75.66576433333333,62.0,2,1
1748026034.4474366,45.32600933333333,-75.665805,58.39999999999999,2,1
1748026034.6458995,45.32544383333333,-75.664978,86.0,1,1
1748026034.8240385,45.325478,-75.665036,81.89999999999999,1,1
1748026035.030861,45.325487833333334,-75.66505266666667,80.7,1,1
1748026035.230312,45.32596683333333,-75.66575766666666,62.3,2,1
1748026035.4602396,45.326005,-75.66579766666666,58.599999999999994,2,1
1748026035.6402476,45.3254415,-75.66497383333333,86.3,1,1
1748026035.821615,45.325475,-75.66503233333333,82.2,1,1
1748026036.0165956,45.32548416666667,-75.665048,81.0,1,1
1748026036.2349813,45.3259655,-75.665757,62.5,2,1
1748026036.4471662,45.326003166666666,-75.66579566666667,59.0,2,1
1748026036.6377451,45.32543833333333,-75.66496733333334,86.5,1,1
1748026036.8344054,45.32547233333333,-75.665024,82.39999999999999,1,1
1748026037.0240169,45.32548233333333,-75.66503916666667,81.2,1,1
1748026037.2243502,45.325964,-75.66574716666666,62.7,2,1
1748026037.4628253,45.32600166666667,-75.66578616666666,59.39999999999999,2,1
1748026037.647197,45.32543833333333,-75.66495683333333,86.7,1,1
1748026037.8222294,45.32547233333333,-75.66501316666667,82.7,1,1
1748026038.022286,45.325481833333335,-75.66502816666667,81.5,1,1
1748026038.2299209,45.3259575,-75.66572483333333,63.2,2,1
1748026038.450878,45.325995,-75.66576333333333,59.7,2,1
1748026038.6430695,45.32543883333334,-75.6649465,86.7,1,1
1748026038.826863,45.3254725,-75.665001,82.7,1,1
1748026039.0393803,45.32548166666667,-75.66501416666667,81.5,1,1
1748026039.2362099,45.325958,-75.66571133333333,63.5,2,1
1748026039.4716384,45.3259955,-75.665749,60.0,2,1
1748026039.6442113,45.32543583333333,-75.6649275,87.39999999999999,1,1
1748026039.829174,45.3254685,-75.66498183333333,83.3,1,1
1748026040.022932,45.3254775,-75.66499516666667,82.2,1,1
1748026040.2319152,45.3259565,-75.66569783333334,63.89999999999999,2,1
1748026040.4463327,45.3259935,-75.665735,60.39999999999999,2,1
1748026040.6429765,45.3254295,-75.66490816666666,87.89999999999999,1,1
1748026040.8205872,45.325462,-75.66496166666667,83.89999999999999,1,1
1748026041.0268092,45.3254705,-75.66497416666667,82.8,1,1
1748026041.2981992,45.325949333333334,-75.66567683333334,64.6,2,1
1748026041.4493942,45.32598633333333,-75.66571333333333,61.099999999999994,2,1
1748026041.640027,45.3254235,-75.66488466666667,88.39999999999999,1,1
1748026041.8225882,45.325457,-75.66493783333334,84.3,1,1
1748026042.026883,45.325466,-75.66494866666666,83.2,1,1
1748026042.2247434,45.325948,-75.66565466666667,64.7,2,1
1748026042.4500968,45.325985833333334,-75.66568866666667,61.2,2,1
1748026042.6374958,45.3254195,-75.66485383333334,88.6,1,1
1748026042.8392255,45.32545266666666,-75.66490666666667,84.8,1,1
1748026043.0276423,45.32546216666667,-75.664918,83.7,1,1
1748026043.222175,45.32594116666667,-75.66561783333333,65.3,2,1
1748026043.4618306,45.325979,-75.66565216666666,61.7,2,1
1748026043.6380122,45.32541766666667,-75.664825,89.0,1,1
1748026043.8355966,45.32544983333333,-75.66487683333334,84.89999999999999,1,1
1748026044.0305274,45.32545733333333,-75.66488816666667,83.7,1,1
1748026044.2241392,45.325935333333334,-75.66559083333334,65.39999999999999,2,1
1748026044.444876,45.325972,-75.66562616666667,61.8,2,1
1748026044.6374853,45.325408833333334,-75.66479666666666,89.0,1,1
1748026044.8317566,45.3254415,-75.66484783333334,84.89999999999999,1,1
1748026045.0201342,45.325449666666664,-75.664858,83.8,1,1
1748026045.2378466,45.325928,-75.66555866666667,65.6,2,1
1748026045.458492,45.32596433333333,-75.665593,62.2,2,1
1748026045.656414,45.325402,-75.66476533333334,89.5,1,1
1748026045.826493,45.3254325,-75.664815,85.5,1,1
1748026046.0446382,45.3254395,-75.66482533333334,84.39999999999999,1,1
1748026046.2354639,45.325916166666666,-75.665526,66.3,2,1
1748026046.4487276,45.325951833333335,-75.66556066666666,62.7,2,1
1748026046.6414757,45.32538866666667,-75.66472966666667,90.0,1,1
1748026046.8141203,45.325419833333335,-75.66477933333333,85.89999999999999,1,1
1748026047.0250173,45.32542766666667,-75.66478816666667,84.7,1,1
1748026047.2331612,45.32590366666667,-75.66548583333334,66.3,2,1
1748026047.46978,45.325940833333334,-75.66551966666667,62.8,2,1
1748026047.651703,45.325377833333334,-75.66468966666666,89.89999999999999,1,1
1748026047.8483524,45.32540916666667,-75.6647385,85.7,1,1
1748026048.0325189,45.325417,-75.66474783333334,84.39999999999999,1,1
1748026048.22547,45.32589316666667,-75.66544266666666,66.2,2,1
1748026048.448846,45.325929,-75.66547633333333,62.89999999999999,2,1
1748026048.6360843,45.325371,-75.664651,89.3,1,1
1748026048.8431425,45.325403333333334,-75.66469966666666,85.3,1,1
1748026049.0204873,45.325411833333334,-75.66470766666667,84.2,1,1
1748026049.2297294,45.325888,-75.66540333333333,66.2,2,1
1748026049.457664,45.32592433333333,-75.66543566666667,62.8,2,1
1748026049.640518,45.32536133333333,-75.66460616666667,89.7,1,1
1748026049.8205578,45.325393166666665,-75.66465416666666,85.6,1,1
1748026050.0241458,45.32540133333333,-75.66466266666667,84.5,1,1
1748026050.2356842,45.32588166666667,-75.66536366666666,66.5,2,1
1748026050.4431598,45.3259175,-75.665396,63.099999999999994,2,1
1748026050.63497,45.32535433333334,-75.66456483333333,89.89999999999999,1,1
1748026050.8275206,45.32538516666666,-75.66461366666667,85.89999999999999,1,1
1748026051.0382,45.325391833333335,-75.66462166666666,84.8,1,1
1748026051.2433224,45.32587083333333,-75.66532433333333,66.6,2,1
1748026051.471697,45.3259055,-75.66535616666667,63.2,2,1
1748026051.65003,45.32534116666667,-75.66452333333334,89.8,1,1
1748026051.828802,45.32537166666667,-75.66457266666667,85.89999999999999,1,1
1748026052.0265777,45.32537833333333,-75.66458066666667,84.7,1,1
1748026052.214265,45.32585533333334,-75.66527866666667,66.6,2,1
1748026052.462961,45.32589,-75.66531116666667,63.3,2,1
1748026052.639716,45.325328999999996,-75.66448366666667,89.5,1,1
1748026052.8355463,45.3253585,-75.66453166666666,85.7,1,1
1748026053.0199084,45.325364666666665,-75.664539,84.6,1,1
1748026053.2236054,45.3258375,-75.66523016666666,66.89999999999999,2,1
1748026053.459494,45.32587216666667,-75.665261,63.5,2,1
1748026053.645434,45.325312833333335,-75.664436,90.3,1,1
1748026053.8233197,45.325342666666664,-75.664482,86.39999999999999,1,1
1748026054.0191205,45.32534916666667,-75.664488,85.3,1,1
1748026054.227542,45.32582466666667,-75.66518483333333,66.7,2,1
1748026054.4492197,45.325857,-75.66521083333333,64.2,2,1
1748026054.6368332,45.325297166666665,-75.66438566666666,90.7,1,1
1748026054.8336172,45.32531916666667,-75.66441916666666,87.8,1,1
1748026055.0244622,45.3253225,-75.66441883333333,87.2,1,1
1748026055.223676,45.3257995,-75.66511366666667,66.6,2,1
1748026055.4627054,45.32584333333333,-75.66515866666667,64.39999999999999,2,1
1748026055.6401453,45.32528383333333,-75.66433283333333,91.2,1,1
1748026055.8173454,45.325308,-75.66436466666667,88.0,1,1
1748026056.018299,45.325312333333336,-75.66436383333334,87.3,1,1
1748026056.229085,45.3257925,-75.6650665,67.3,2,1
1748026056.4492416,45.32583433333333,-75.6651045,64.8,2,1
1748026056.6461833,45.325274,-75.6642745,91.39999999999999,1,1
1748026056.8257113,45.3252995,-75.6643075,88.2,1,1
1748026057.03289,45.325304333333335,-75.6643055,87.5,1,1
1748026057.2380924,45.325791,-75.66501283333334,66.89999999999999,2,1
1748026057.4591932,45.325833333333335,-75.6650515,64.6,2,1
1748026057.6545815,45.32526716666667,-75.66420983333333,91.1,1,1
1748026057.818473,45.325294,-75.66424216666667,87.8,1,1
1748026058.0231612,45.32529983333333,-75.66424016666667,87.1,1,1
1748026058.2299614,45.32578816666667,-75.664953,66.89999999999999,2,1
1748026058.4525857,45.3258315,-75.66498933333334,64.3,2,1
1748026058.6401489,45.325269,-75.66414616666667,90.5,1,1
1748026058.8268242,45.32529683333333,-75.66417933333334,87.39999999999999,1,1
1748026059.02314,45.32530466666667,-75.66417783333333,86.7,1,1
1748026059.2356155,45.325794,-75.66489016666667,66.89999999999999,2,1
1748026059.4522274,45.32583966666667,-75.664927,64.3,2,1
1748026059.6560338,45.325279333333334,-75.66408566666667,90.6,1,1
1748026059.8290348,45.3253085,-75.66411816666667,87.6,1,1
1748026060.0167065,45.325317,-75.66411583333333,86.89999999999999,1,1
1748026060.2244692,45.3258065,-75.66482766666667,67.2,2,1
1748026060.446196,45.32585233333333,-75.66486416666666,64.39999999999999,2,1
1748026060.64653,45.325291,-75.66402166666667,90.5,1,1
1748026060.8335936,45.325320833333336,-75.66405366666666,87.5,1,1
1748026061.0293508,45.3253315,-75.66405283333333,86.8,1,1
1748026061.2360704,45.3258255,-75.66476833333333,66.89999999999999,2,1
1748026061.464299,45.32587316666667,-75.66480516666667,64.3,2,1
1748026061.6390944,45.325313,-75.6639635,90.2,1,1
1748026061.818395,45.32534283333333,-75.66399333333334,87.39999999999999,1,1
1748026062.022525,45.3253535,-75.66399116666666,86.7,1,1
1748026062.2338865,45.3258475,-75.66470633333333,66.89999999999999,2,1
1748026062.445777,45.325896,-75.66474366666667,64.1,2,1
1748026062.6376543,45.3253365,-75.66390333333334,89.89999999999999,1,1
1748026062.8237872,45.325368,-75.663934,87.0,1,1
1748026063.0085,45.32537933333333,-75.66393216666667,86.3,1,1
1748026063.2269409,45.32587216666667,-75.66464483333333,66.6,2,1
1748026063.4693656,45.32592066666667,-75.664681,63.8,2,1
1748026063.6393356,45.32536266666666,-75.66384233333333,89.6,1,1
1748026063.8180313,45.3253935,-75.66387233333333,86.8,1,1
1748026064.01706,45.325405,-75.66386983333334,86.1,1,1
1748026064.24975,45.3258615,-75.66452733333334,67.5,2,1
1748026064.4533439,45.32591516666667,-75.6645785,67.0,2,1
1748026064.6462822,45.325342166666665,-75.6637325,91.0,1,1
1748026064.821476,45.32537083333333,-75.6637595,88.1,1,1
1748026065.029906,45.3253815,-75.66375616666667,87.39999999999999,1,1
1748026065.2256863,45.32589883333333,-75.66448166666666,67.39999999999999,2,1
1748026065.4548066,45.32595083333333,-75.66453183333333,66.8,2,1
1748026065.654932,45.32537,-75.66367283333334,91.3,1,1
1748026065.8314393,45.32539966666667,-75.66369833333333,88.39999999999999,1,1
1748026066.033939,45.325410833333336,-75.6636945,87.7,1,1
1748026066.242627,45.325934333333336,-75.664429,67.39999999999999,2,1
1748026066.4515896,45.32598466666666,-75.66447583333333,66.39999999999999,2,1
1748026066.6435728,45.3253975,-75.66360666666667,91.39999999999999,1,1
1748026066.8390763,45.32542566666667,-75.66363183333333,88.5,1,1
1748026067.032245,45.32543666666667,-75.66362783333334,87.8,1,1
1748026067.2227077,45.325963333333334,-75.66436683333333,67.6,2,1
1748026067.460195,45.32601283333333,-75.66441183333333,66.7,2,1
1748026067.6401,45.325429666666665,-75.66354733333333,91.39999999999999,1,1
1748026067.8392231,45.32545866666667,-75.6635735,88.5,1,1
1748026068.0187256,45.32547,-75.66356983333333,87.8,1,1
1748026068.2346957,45.32599833333333,-75.66430866666667,67.3,2,1
1748026068.4490597,45.326047333333335,-75.66435316666667,66.39999999999999,2,1
1748026068.6644142,45.32546083333333,-75.663481,91.5,1,1
1748026068.8344605,45.3254905,-75.6635085,88.5,1,1
1748026069.0206633,45.325502,-75.66350516666667,87.8,1,1
1748026069.2265546,45.3260265,-75.6642415,67.6,2,1
1748026069.4637506,45.326076,-75.66428633333334,66.7,2,1
1748026069.6550298,45.3254925,-75.6634185,91.5,1,1
1748026069.8373647,45.325522666666664,-75.66344566666666,88.39999999999999,1,1
1748026070.0282574,45.325534166666664,-75.6634415,87.7,1,1
1748026070.2125106,45.326062666666665,-75.664183,67.39999999999999,2,1
1748026070.4473042,45.326110166666666,-75.66422466666667,66.39999999999999,2,1
1748026070.6545658,45.325522,-75.66334983333333,91.3,1,1
1748026070.831265,45.32555116666666,-75.663376,88.3,1,1
1748026071.0233166,45.325563,-75.66337216666666,87.6,1,1
1748026071.2269168,45.326093,-75.66411566666666,67.3,2,1
1748026071.4582832,45.32614083333333,-75.66415766666667,66.39999999999999,2,1
1748026071.643761,45.32555283333333,-75.6632845,91.5,1,1
1748026071.8322048,45.32558133333333,-75.66330983333333,88.5,1,1
1748026072.0111077,45.325591833333334,-75.66330433333333,87.7,1,1
1748026072.2346652,45.3261225,-75.66404783333333,67.0,2,1
1748026072.4578898,45.326169166666666,-75.6640885,66.2,2,1
1748026072.6345887,45.325577833333334,-75.66320866666666,91.3,1,1
1748026072.8427374,45.32560816666667,-75.6632355,88.2,1,1
1748026073.0250568,45.325619833333334,-75.66323116666666,87.5,1,1
1748026073.221634,45.326154333333335,-75.66398016666666,67.1,2,1
1748026073.4604852,45.32620133333333,-75.6640205,66.2,2,1
1748026073.647023,45.32561116666667,-75.6631415,91.1,1,1
1748026073.811434,45.325641,-75.66316833333333,88.1,1,1
1748026074.0138788,45.3256525,-75.66316366666666,87.3,1,1
1748026074.2256548,45.32618033333333,-75.66390383333334,67.3,2,1
1748026074.4499981,45.326227833333334,-75.663945,66.39999999999999,2,1
1748026074.6391308,45.3256415,-75.66307233333333,91.3,1,1
1748026074.8200321,45.32567216666666,-75.66309933333334,88.2,1,1
1748026075.018886,45.325683833333336,-75.66309483333333,87.5,1,1
1748026075.2309618,45.32621266666666,-75.66383666666667,67.3,2,1
1748026075.4678955,45.32626,-75.66387716666667,66.2,2,1
1748026075.6447756,45.3256735,-75.66300533333333,91.2,1,1
1748026075.8160753,45.3257025,-75.6630305,88.2,1,1
1748026076.0203388,45.325714,-75.6630255,87.6,1,1
1748026076.2355473,45.32623866666667,-75.66376183333334,67.7,2,1
1748026076.4481964,45.326286,-75.6638035,67.0,2,1
1748026076.6411185,45.325703,-75.66293716666667,91.6,1,1
1748026076.8277133,45.32573216666667,-75.66296183333333,88.6,1,1
1748026077.030546,45.325744,-75.66295683333334,87.89999999999999,1,1
1748026077.2191122,45.326272,-75.66369716666667,67.7,2,1
1748026077.4482687,45.3263195,-75.66373883333333,66.8,2,1
1748026077.6438084,45.325735,-75.66286816666667,91.5,1,1
1748026077.818789,45.32576433333333,-75.662894,88.6,1,1
1748026078.0236466,45.325775666666665,-75.66288983333334,87.89999999999999,1,1
1748026078.223677,45.3263405,-75.66367766666667,68.5,2,1
1748026078.4585905,45.32638,-75.6637215,65.5,2,1
1748026078.6365845,45.3259125,-75.6628495,120.60000000000001,1,1
1748026078.832369,45.326019,-75.66295633333333,116.8,1,1
1748026079.0176387,45.326052,-75.66297683333333,115.8,1,1
1748026079.2151215,45.326398,-75.663654,67.6,2,1
1748026079.4550378,45.326411666666665,-75.663657,65.6,2,1
1748026079.6411994,45.32595516666667,-75.6627965,120.10000000000001,1,1
1748026079.8183575,45.3260595,-75.662903,116.2,1,1
1748026080.0303342,45.32609133333333,-75.66292333333334,115.10000000000001,1,1
1748026080.2198918,45.326427333333335,-75.663589,68.0,2,1
1748026080.4555652,45.32644166666667,-75.66359133333333,65.6,2,1
1748026080.6463244,45.32598483333334,-75.66273683333333,119.89999999999999,1,1
1748026080.8402817,45.326090666666666,-75.66284466666667,115.8,1,1
1748026081.0091147,45.326123,-75.66286566666666,114.8,1,1
1748026081.2302723,45.32645983333333,-75.663531,68.0,2,1
1748026081.4672735,45.32647516666667,-75.6635335,65.39999999999999,2,1
1748026081.6583295,45.326024333333336,-75.66268433333333,118.99999999999999,1,1
1748026081.841731,45.32612833333334,-75.662792,115.39999999999999,1,1
1748026082.0291376,45.3261605,-75.66281333333333,114.39999999999999,1,1
1748026082.2374063,45.3264915,-75.66347233333333,68.1,2,1
1748026082.4505072,45.32650783333333,-75.66347416666666,65.1,2,1
1748026082.6366327,45.3260565,-75.66262583333334,118.89999999999999,1,1
1748026082.8091424,45.326160333333334,-75.6627335,115.2,1,1
1748026083.016901,45.326192666666664,-75.6627545,114.3,1,1
1748026083.2249994,45.326522833333335,-75.66341266666667,67.89999999999999,2,1
1748026083.4588802,45.32653833333333,-75.6634145,65.2,2,1
1748026083.6454766,45.32608716666667,-75.66256516666667,118.49999999999999,1,1
1748026083.817485,45.3261905,-75.66267283333333,114.89999999999999,1,1
1748026084.0234969,45.3262225,-75.66269416666667,113.99999999999999,1,1
1748026084.2293332,45.32655166666667,-75.66335166666667,67.8,2,1
1748026084.46368,45.32656566666667,-75.6633535,65.3,2,1
1748026084.6379495,45.326113,-75.6625005,119.10000000000001,1,1
1748026084.8252435,45.326216333333335,-75.6626085,115.10000000000001,1,1
1748026085.0390708,45.3262475,-75.66262916666666,113.99999999999999,1,1
1748026085.2227905,45.32657433333333,-75.663283,67.89999999999999,2,1
1748026085.466131,45.326589166666665,-75.66328483333334,65.1,2,1
1748026085.6420097,45.326138666666665,-75.66243816666666,118.39999999999999,1,1
1748026085.8195324,45.32624033333333,-75.66254433333333,114.8,1,1
1748026086.0270078,45.32627133333333,-75.6625645,113.89999999999999,1,1
1748026086.2341347,45.326600166666665,-75.66322016666666,68.0,2,1
1748026086.4387038,45.32661516666667,-75.663222,65.39999999999999,2,1
1748026086.6401467,45.326162333333336,-75.66237216666667,118.99999999999999,1,1
1748026086.826232,45.3262665,-75.66248016666667,115.39999999999999,1,1
1748026087.0278068,45.32629883333333,-75.662502,114.49999999999999,1,1
1748026087.2234643,45.3266275,-75.66315716666666,68.8,2,1
1748026087.462535,45.32664233333333,-75.66315933333334,66.1,2,1
1748026087.6413465,45.32619233333333,-75.66231516666667,119.3,1,1
1748026087.8514445,45.32629516666667,-75.66242266666667,115.8,1,1
1748026088.0467467,45.32632566666667,-75.66244316666666,114.89999999999999,1,1
1748026088.2115982,45.3266515,-75.66309516666666,69.39999999999999,2,1
1748026088.447996,45.326665166666665,-75.663097,67.0,2,1
1748026088.6591032,45.32621266666666,-75.6622515,120.39999999999999,1,1
1748026088.819764,45.326317,-75.66236,116.60000000000001,1,1
1748026089.0362718,45.326349,-75.66238216666666,115.60000000000001,1,1
1748026089.260881,45.3266765,-75.66303616666667,69.89999999999999,2,1
1748026089.4600618,45.32668983333333,-75.66303866666667,67.6,2,1
1748026089.6440282,45.326239666666666,-75.66219266666667,120.99999999999999,1,1
1748026089.8218834,45.326344166666665,-75.66230183333333,117.10000000000001,1,1
1748026090.0199664,45.3263765,-75.6623245,116.10000000000001,1,1
1748026090.229682,45.3267035,-75.662977,70.39999999999999,2,1
1748026090.4545848,45.32671716666667,-75.66298,68.1,2,1
1748026090.6475096,45.3262685,-75.6621405,120.60000000000001,1,1
1748026090.8424253,45.3263735,-75.66224916666667,116.89999999999999,1,1
1748026091.0413613,45.3264055,-75.66227066666667,116.2,1,1
1748026091.244486,45.32673166666667,-75.66292033333333,70.7,2,1
1748026091.4700515,45.326744166666664,-75.662923,68.6,2,1
1748026091.6360369,45.326296166666665,-75.66208316666666,121.3,1,1
1748026091.8084044,45.32640033333333,-75.66219083333333,117.49999999999999,1,1
1748026092.0145235,45.326431666666664,-75.6622125,116.49999999999999,1,1
1748026092.2450821,45.326761166666664,-75.66286983333333,70.3,2,1
1748026092.4611804,45.326775,-75.66287283333334,67.89999999999999,2,1
1748026092.6466596,45.3263265,-75.6620295,121.39999999999999,1,1
1748026092.828612,45.3264265,-75.66213783333333,116.39999999999999,1,1
1748026093.0335283,45.326461,-75.6621615,115.7,1,1
1748026093.270872,45.32678816666667,-75.6628115,70.8,2,1
1748026093.4816265,45.326802666666666,-75.662815,68.5,2,1
1748026093.6541305,45.32635783333333,-75.66197616666666,120.89999999999999,1,1
1748026093.834826,45.326465,-75.66208816666666,117.10000000000001,1,1
1748026094.020267,45.326498666666666,-75.6621115,116.3,1,1
1748026094.2287636,45.326821,-75.66275866666666,71.39999999999999,2,1
1748026094.4504232,45.326835,-75.66276133333334,69.1,2,1
1748026094.6446054,45.326389,-75.66192066666666,121.2,1,1
1748026094.8245375,45.326494333333336,-75.6620305,117.49999999999999,1,1
1748026095.0218112,45.32652733333333,-75.662053,116.60000000000001,1,1
1748026095.2490084,45.32685216666667,-75.66270316666666,71.8,2,1
1748026095.462447,45.3268675,-75.66270583333333,69.3,2,1
1748026095.6406183,45.326421833333335,-75.66186383333333,121.89999999999999,1,1
1748026095.8295016,45.32652016666667,-75.6619715,116.8,1,1
1748026096.0249557,45.326551,-75.6619925,115.7,1,1
1748026096.2197607,45.3268815,-75.66264316666667,71.8,2,1
1748026096.4487624,45.326897833333334,-75.662646,69.39999999999999,2,1
1748026096.637978,45.3264525,-75.66180416666667,121.8,1,1
1748026096.8307726,45.3265585,-75.66191416666666,117.99999999999999,1,1
1748026097.0291448,45.32658833333333,-75.661935,116.39999999999999,1,1
1748026097.211547,45.326915166666666,-75.662584,71.89999999999999,2,1
1748026097.46498,45.3269295,-75.66258583333334,69.6,2,1
1748026097.642578,45.326483,-75.66174133333334,122.2,1,1
1748026097.8363369,45.326583,-75.66185016666667,117.2,1,1
1748026098.0325718,45.32661433333333,-75.66187116666667,115.99999999999999,1,1
1748026098.2226758,45.32694016666667,-75.66251433333333,72.39999999999999,2,1
1748026098.459455,45.32695533333333,-75.66251566666666,70.0,2,1
1748026098.6485116,45.326516833333336,-75.661687,121.60000000000001,1,1
1748026098.8349237,45.3266185,-75.6617945,116.8,1,1
1748026099.014659,45.326650666666666,-75.66181533333334,115.7,1,1
1748026099.2154484,45.326976333333334,-75.6624575,72.5,2,1
1748026099.4599433,45.326992833333335,-75.6624595,70.0,2,1
1748026099.636101,45.32655333333334,-75.66162716666666,122.3,1,1
1748026099.8393078,45.326658,-75.66173583333334,118.2,1,1
1748026100.0213413,45.326690166666666,-75.66175633333333,117.3,1,1
1748026100.2567644,45.32700366666667,-75.66238833333334,73.3,2,1
1748026100.448032,45.327018833333334,-75.66238916666667,70.7,2,1
1748026100.6525478,45.32658266666667,-75.66156566666666,122.60000000000001,1,1
1748026100.8124046,45.326686,-75.66167283333333,118.39999999999999,1,1
1748026101.019762,45.326717,-75.6616915,117.39999999999999,1,1
1748026101.2365942,45.327019166666666,-75.66229733333333,74.89999999999999,2,1
1748026101.4555697,45.327036666666665,-75.66230933333334,71.6,2,1
1748026101.6391065,45.326656,-75.66158866666666,116.89999999999999,1,1
1748026101.8364415,45.32674816666667,-75.66168283333333,113.2,1,1
1748026102.0329046,45.32677,-75.661697,111.49999999999999,1,1
1748026102.2225513,45.32704066666667,-75.66223633333334,74.6,2,1
1748026102.4471335,45.3270545,-75.66223883333333,71.7,2,1
1748026102.6323407,45.326674833333335,-75.6615185,116.8,1,1
1748026102.8439589,45.3267655,-75.6616115,113.3,1,1
1748026103.0307906,45.3267925,-75.66162716666666,112.39999999999999,1,1
1748026103.3625448,45.32706,-75.6621685,74.6,2,1
1748026103.4531646,45.3270725,-75.66216783333333,71.8,2,1
1748026103.6354873,45.326691833333335,-75.66144616666666,116.99999999999999,1,1
1748026103.829003,45.326781,-75.66153866666667,113.2,1,1
1748026104.0175138,45.32680583333333,-75.66155383333333,112.3,1,1
1748026104.22949,45.3270705,-75.66209416666666,74.6,2,1
1748026104.4367607,45.32708066666667,-75.66209316666666,72.0,2,1
1748026104.6409838,45.3266995,-75.66136916666666,117.2,1,1
1748026104.8283882,45.32678666666666,-75.661462,113.39999999999999,1,1
1748026105.0403361,45.32681083333333,-75.66147666666667,112.39999999999999,1,1
1748026105.2219028,45.32707516666667,-75.66201783333334,74.89999999999999,2,1
1748026105.4607813,45.32708483333333,-75.662016,72.3,2,1
1748026105.6379414,45.32670483333333,-75.66129683333334,117.10000000000001,1,1
1748026105.8541634,45.32679,-75.66138833333333,113.49999999999999,1,1
1748026106.050092,45.32681183333333,-75.66140283333333,112.60000000000001,1,1
1748026106.2333548,45.32707116666667,-75.6619535,74.8,2,1
1748026106.455184,45.32669666666666,-75.66123433333334,117.39999999999999,1,1
1748026106.6658745,45.32678216666667,-75.66132666666667,113.7,1,1
1748026106.829246,45.326804,-75.66134166666667,112.8,1,1
1748026107.0501602,45.326813666666666,-75.66134066666666,112.49999999999999,1,1
1748026107.2626295,45.32706433333333,-75.66187866666667,74.8,2,1
1748026107.4555006,45.326689,-75.66116116666667,117.60000000000001,1,1
1748026107.6272938,45.3267725,-75.66125383333333,113.99999999999999,1,1
1748026107.821507,45.32679266666667,-75.66126933333334,113.10000000000001,1,1
1748026108.0080385,45.326801,-75.66126916666667,112.7,1,1
1748026108.2409906,45.327049333333335,-75.66180633333333,75.3,2,1
1748026108.4523757,45.326677,-75.66108966666667,117.89999999999999,1,1
1748026108.6504402,45.32676083333333,-75.661183,114.10000000000001,1,1
1748026108.8310652,45.32678083333333,-75.661199,113.2,1,1
1748026109.0399969,45.32665566666667,-75.661032,119.60000000000001,1,1
1748026109.220998,45.327033,-75.66172316666666,75.3,2,1
1748026109.4618104,45.3270165,-75.6616895,75.3,2,1
1748026109.6450918,45.3266545,-75.66100316666666,118.2,1,1
1748026109.8085873,45.32673783333333,-75.66109616666667,114.39999999999999,1,1
1748026110.0194678,45.32675783333333,-75.66111283333333,113.39999999999999,1,1
1748026110.2490113,45.32701266666667,-75.6616605,75.8,2,1
1748026110.4451015,45.32664116666667,-75.66094966666667,117.89999999999999,1,1
1748026110.6178195,45.3267235,-75.661042,114.10000000000001,1,1
1748026110.822618,45.3267425,-75.661057,113.2,1,1
1748026111.0459416,45.32661933333333,-75.66089266666667,119.39999999999999,1,1
1748026111.2323868,45.3269855,-75.66156133333334,75.6,2,1
1748026111.461154,45.32696383333333,-75.6615235,76.5,2,1
1748026111.641205,45.326614,-75.66085933333333,117.99999999999999,1,1
1748026111.8357198,45.32669683333334,-75.66095216666666,114.39999999999999,1,1
1748026112.0228045,45.326716166666664,-75.66096716666667,113.60000000000001,1,1
1748026112.25268,45.32697116666667,-75.66151483333333,76.5,2,1
1748026112.4420621,45.32659966666667,-75.66080233333334,118.49999999999999,1,1
1748026112.6421814,45.326673166666666,-75.66089016666666,113.2,1,1
1748026112.8423836,45.32668366666667,-75.6609005,110.99999999999999,1,1
1748026113.0415404,45.32654983333333,-75.660731,114.99999999999999,1,1
1748026113.232477,45.32693616666667,-75.661401,76.7,2,1
1748026113.445779,45.3269115,-75.66135383333334,78.1,2,1
1748026113.6446025,45.3265715,-75.66070316666666,118.89999999999999,1,1
1748026113.8296459,45.32665183333334,-75.66079383333333,114.99999999999999,1,1
1748026114.0416682,45.326670666666665,-75.66080866666667,114.10000000000001,1,1
1748026114.2489274,45.3269235,-75.66135233333333,77.0,2,1
1748026114.4514132,45.326549,-75.66064,118.89999999999999,1,1
1748026114.6365182,45.326632833333335,-75.66073116666666,115.2,1,1
1748026114.8305273,45.32665216666667,-75.66074383333333,114.39999999999999,1,1
1748026115.0627904,45.326526333333334,-75.6605755,120.60000000000001,1,1
1748026115.2181306,45.326892,-75.661243,77.0,2,1
1748026115.45718,45.326870166666666,-75.66120316666667,77.3,2,1
1748026115.6597536,45.326518666666665,-75.66053433333333,119.10000000000001,1,1
1748026115.8206527,45.326602333333334,-75.66062366666667,115.49999999999999,1,1
1748026116.0209901,45.3266225,-75.66063633333333,114.7,1,1
1748026116.246003,45.32687116666666,-75.661172,77.7,2,1
1748026116.4557362,45.326506333333334,-75.66046733333333,119.10000000000001,1,1
1748026116.626919,45.32658933333333,-75.66055533333333,115.49999999999999,1,1
1748026116.8306818,45.3266085,-75.66056783333333,114.60000000000001,1,1
1748026117.0461056,45.326483333333336,-75.660401,120.49999999999999,1,1
1748026117.224435,45.32684916666667,-75.66106866666667,77.1,2,1
1748026117.462478,45.3268295,-75.6610275,77.3,2,1
1748026117.6445909,45.3264815,-75.66036083333333,118.49999999999999,1,1
1748026117.822173,45.326564166666664,-75.66044733333334,115.10000000000001,1,1
1748026118.035449,45.32658416666666,-75.66045933333334,114.3,1,1
1748026118.2475946,45.32683216666667,-75.66099583333333,77.7,2,1
1748026118.4477012,45.32646783333333,-75.66029266666666,118.60000000000001,1,1
1748026118.617348,45.326549666666665,-75.66038,115.10000000000001,1,1
1748026118.8126574,45.32656866666667,-75.66039233333333,114.2,1,1
1748026119.0448673,45.32644416666667,-75.66022516666666,120.39999999999999,1,1
1748026119.2405298,45.326815,-75.66090516666667,76.8,2,1
1748026119.4652495,45.32679916666667,-75.66086916666667,76.8,2,1
1748026119.6414447,45.32644333333333,-75.66018916666667,118.89999999999999,1,1
1748026119.826501,45.326526333333334,-75.66027783333334,115.2,1,1
1748026120.0132065,45.3265455,-75.6602905,114.3,1,1
1748026120.2433589,45.32679383333333,-75.66083033333334,77.7,2,1
1748026120.452067,45.3264265,-75.66012283333333,118.99999999999999,1,1
1748026120.6125228,45.32650866666667,-75.6602105,115.49999999999999,1,1
1748026120.8172271,45.32652733333333,-75.66022283333334,114.7,1,1
1748026121.0473304,45.326401833333335,-75.66005883333334,120.7,1,1
1748026121.2334847,45.3267725,-75.66073833333333,77.0,2,1
1748026121.4574234,45.32675866666666,-75.66070916666666,76.8,2,1
1748026121.645317,45.3263955,-75.66001966666667,119.39999999999999,1,1
1748026121.8305295,45.326478,-75.66010783333333,115.7,1,1
1748026122.0235112,45.326497833333335,-75.66012133333334,114.89999999999999,1,1
1748026122.2282925,45.32674983333333,-75.66064833333333,78.2,2,1
1748026122.4421098,45.32675,-75.66064383333334,76.8,2,1
1748026122.6525958,45.32637583333333,-75.6599395,119.8,1,1
1748026122.8367271,45.32645866666667,-75.6600295,116.2,1,1
1748026123.0205333,45.3264775,-75.66004366666667,115.3,1,1
1748026123.2427518,45.32672316666667,-75.6605805,79.2,2,1
1748026123.4588428,45.326357,-75.65987533333333,120.10000000000001,1,1
1748026123.6183708,45.326440833333336,-75.6599645,116.39999999999999,1,1
1748026123.8135056,45.3264605,-75.65997816666666,115.60000000000001,1,1
1748026124.0423963,45.32633633333333,-75.6598145,121.7,1,1
1748026124.20823,45.326706333333334,-75.66049416666667,78.0,2,1
1748026124.4555671,45.32669,-75.6604625,78.1,2,1
1748026124.6397502,45.326331333333336,-75.65978466666667,119.89999999999999,1,1
1748026124.8199756,45.32641516666666,-75.6598765,116.3,1,1
1748026125.0235384,45.32643516666667,-75.659892,115.3,1,1
1748026125.2417197,45.326687,-75.66043666666667,78.89999999999999,2,1
1748026125.45402,45.32631883333333,-75.65972916666666,119.7,1,1
1748026125.6231632,45.32640383333333,-75.65982016666666,116.2,1,1
1748026125.8443418,45.326425,-75.65983566666667,115.3,1,1
1748026126.0264144,45.3263005,-75.6596725,121.2,1,1
1748026126.2338855,45.32666783333333,-75.660347,78.6,2,1
1748026126.4457164,45.326649,-75.66031183333334,78.89999999999999,2,1
1748026126.6463768,45.32630316666667,-75.65965166666666,119.89999999999999,1,1
1748026126.8381119,45.32638716666666,-75.65974266666667,116.3,1,1
1748026127.0234942,45.326408,-75.65975766666666,115.39999999999999,1,1
1748026127.2552261,45.326655833333334,-75.66029683333333,79.2,2,1
1748026127.459651,45.32629083333333,-75.65959483333333,120.3,1,1
1748026127.6456068,45.326375,-75.659686,116.49999999999999,1,1
1748026127.8511672,45.32639483333333,-75.659702,115.7,1,1
1748026128.0429757,45.326272,-75.65954266666667,121.7,1,1
1748026128.2337947,45.326635833333334,-75.66021116666667,79.1,2,1
1748026128.445494,45.32661816666667,-75.660175,79.3,2,1
1748026128.6485944,45.326275333333335,-75.65951733333333,120.2,1,1
1748026128.830059,45.326359833333335,-75.659608,116.7,1,1
1748026129.0470138,45.32638133333333,-75.65962483333334,115.8,1,1
1748026129.2470698,45.32662783333333,-75.660163,80.0,2,1
1748026129.4641807,45.32626466666667,-75.6594655,120.2,1,1
1748026129.6108205,45.326348,-75.65955666666666,116.8,1,1
1748026129.8365426,45.32636816666667,-75.65957333333333,115.99999999999999,1,1
1748026130.0423436,45.326244333333335,-75.65941416666666,122.10000000000001,1,1
1748026130.2276025,45.32661316666667,-75.66008916666667,78.6,2,1
1748026130.4564283,45.326598833333335,-75.6600645,79.2,2,1
1748026130.6589868,45.32624533333333,-75.65939033333333,121.10000000000001,1,1
1748026130.8316605,45.32632733333333,-75.65948166666666,117.2,1,1
1748026131.0216072,45.3263465,-75.65949883333333,116.3,1,1
1748026131.2519484,45.326594666666665,-75.6600435,80.2,2,1
1748026131.473883,45.32622683333334,-75.65934033333333,120.89999999999999,1,1
1748026131.6228673,45.326310666666664,-75.65943266666666,117.2,1,1
1748026131.826043,45.326331,-75.65944983333333,116.3,1,1
1748026132.0507693,45.32620716666667,-75.65928933333333,122.60000000000001,1,1
1748026132.2369921,45.326575,-75.6599685,79.5,2,1
1748026132.4512262,45.326558666666664,-75.65993766666666,79.6,2,1
1748026132.6491804,45.326207333333336,-75.659269,121.10000000000001,1,1
1748026132.820345,45.3262885,-75.65936133333334,117.49999999999999,1,1
1748026133.0415387,45.32630666666667,-75.6593785,116.60000000000001,1,1
1748026133.23247,45.32656016666667,-75.6599155,77.8,2,1
1748026133.464919,45.326162333333336,-75.65920933333334,116.39999999999999,1,1
1748026133.6243017,45.326253,-75.65930383333334,114.7,1,1
1748026133.8209085,45.326269833333335,-75.65931966666666,113.60000000000001,1,1
1748026134.0446796,45.326139833333336,-75.65915983333333,117.99999999999999,1,1
1748026134.3852084,45.326517333333335,-75.65982166666667,80.5,2,1
1748026134.4593148,45.326490666666665,-75.65977833333334,82.0,2,1
1748026134.660494,45.326162333333336,-75.6591445,121.7,1,1
1748026134.818411,45.32624416666667,-75.659235,117.99999999999999,1,1
1748026135.0088947,45.32626416666667,-75.6592505,117.10000000000001,1,1
1748026135.241501,45.326507166666666,-75.65978366666667,81.8,2,1
1748026135.4659326,45.3261475,-75.6590885,122.10000000000001,1,1
1748026135.6256742,45.32623133333333,-75.65918016666667,118.39999999999999,1,1
1748026135.818785,45.326251,-75.65919633333333,117.39999999999999,1,1
1748026136.0382686,45.32612866666667,-75.659038,123.39999999999999,1,1
1748026136.2308195,45.3264915,-75.659703,80.2,2,1
1748026136.4522617,45.326468,-75.65966083333333,81.3,2,1
1748026136.6576345,45.326131333333336,-75.65901133333334,121.49999999999999,1,1
1748026136.8170543,45.326205,-75.65909466666666,116.3,1,1
1748026137.0286882,45.326227833333334,-75.65910966666667,115.99999999999999,1,1
1748026137.2614276,45.326475333333335,-75.659644,81.5,2,1
1748026137.459051,45.3261115,-75.65894533333334,121.39999999999999,1,1
1748026137.6250217,45.3261955,-75.65903533333334,117.7,1,1
1748026137.8143656,45.3262165,-75.65905033333334,116.8,1,1
1748026138.0356085,45.32609566666667,-75.658891,122.99999999999999,1,1
1748026138.2360032,45.32646166666667,-75.6595595,80.6,2,1
1748026138.451175,45.32644283333333,-75.65952133333333,80.6,2,1
1748026138.6317563,45.3260955,-75.65885816666666,121.60000000000001,1,1
1748026138.8258924,45.3261775,-75.65894666666667,117.8,1,1
1748026139.0237453,45.326197,-75.65896033333334,116.8,1,1
1748026139.2384784,45.326443166666664,-75.659496,81.5,2,1
1748026139.4639902,45.32607983333333,-75.65879616666666,121.39999999999999,1,1
1748026139.656863,45.326162,-75.6588835,117.7,1,1
1748026139.816532,45.32618133333333,-75.6588975,116.8,1,1
1748026140.038883,45.3260565,-75.65873483333333,123.10000000000001,1,1
1748026140.2776752,45.326424833333334,-75.65941283333333,80.7,2,1
1748026140.456031,45.32641233333333,-75.659384,80.39999999999999,2,1
1748026140.6680717,45.326058,-75.658706,121.7,1,1
1748026140.824219,45.326139166666664,-75.658793,117.89999999999999,1,1
1748026141.016863,45.326158,-75.658806,116.99999999999999,1,1
1748026141.2379782,45.326403666666664,-75.65934066666667,81.6,2,1
1748026141.4642031,45.3260405,-75.658642,121.89999999999999,1,1
1748026141.6331317,45.32612116666667,-75.65873016666667,118.2,1,1
1748026141.8232958,45.32613883333333,-75.65874333333333,117.3,1,1
1748026142.042744,45.3260135,-75.65857933333334,123.7,1,1
1748026142.2094657,45.32637916666667,-75.65925383333334,81.1,2,1
1748026142.467941,45.326362,-75.65922,81.3,2,1
1748026142.6643603,45.3260105,-75.6585465,122.10000000000001,1,1
1748026142.8274984,45.32609133333333,-75.65863483333334,118.39999999999999,1,1
1748026143.0240943,45.326109833333334,-75.65864783333333,117.39999999999999,1,1
1748026143.2401688,45.32635666666667,-75.65918633333334,82.0,2,1
1748026143.4776344,45.325991333333334,-75.65848133333333,122.3,1,1
1748026143.6511335,45.326072833333335,-75.6585705,118.49999999999999,1,1
1748026143.837572,45.326091,-75.65858383333334,117.60000000000001,1,1
1748026144.0422046,45.3259675,-75.6584205,123.7,1,1
1748026144.2368612,45.32633416666667,-75.65909833333333,81.0,2,1
1748026144.491248,45.326316166666665,-75.65906433333333,81.39999999999999,2,1
1748026144.638333,45.32596233333334,-75.65838883333333,122.3,1,1
1748026144.8276258,45.32604416666667,-75.6584775,118.39999999999999,1,1
1748026145.0149636,45.326063,-75.65849083333333,117.49999999999999,1,1
1748026145.2382386,45.3263085,-75.65902416666667,82.39999999999999,2,1
1748026145.457842,45.3259445,-75.65832233333333,122.2,1,1
1748026145.6223845,45.3260255,-75.65840966666667,118.49999999999999,1,1
1748026145.8101516,45.326044333333336,-75.65842266666667,117.60000000000001,1,1
1748026146.0466275,45.32591933333333,-75.65825683333334,123.8,1,1
1748026146.2209713,45.326282666666664,-75.658925,82.0,2,1
1748026146.4510386,45.3262665,-75.65889166666666,82.2,2,1
1748026146.6413147,45.3259175,-75.65822283333333,122.89999999999999,1,1
1748026146.8343487,45.32599866666666,-75.65830983333333,118.89999999999999,1,1
1748026147.019841,45.3260175,-75.65832233333333,117.99999999999999,1,1
1748026147.237999,45.32626166666667,-75.65885683333333,83.1,2,1
1748026147.4610264,45.32590016666666,-75.658156,122.7,1,1
1748026147.6510742,45.32597366666667,-75.65824,117.49999999999999,1,1
1748026147.82257,45.32599666666667,-75.658253,117.3,1,1
1748026148.0365448,45.325881,-75.65809116666667,124.49999999999999,1,1
1748026148.2345726,45.32623483333333,-75.65874333333333,82.8,2,1
1748026148.448114,45.32621133333333,-75.65869783333333,83.8,2,1
1748026148.635555,45.325878,-75.65805266666666,122.89999999999999,1,1
1748026148.8153362,45.325959,-75.65813916666667,119.3,1,1
1748026149.0328588,45.32597833333333,-75.658151,118.49999999999999,1,1
1748026149.2436278,45.326222333333334,-75.65868516666667,83.7,2,1
1748026149.4568946,45.3258615,-75.65798416666667,123.60000000000001,1,1
1748026149.6465871,45.325935,-75.6580665,118.3,1,1
1748026149.831095,45.32595766666667,-75.65807916666667,117.99999999999999,1,1
1748026150.0490956,45.3258385,-75.65791583333333,124.8,1,1
1748026150.24789,45.32619916666667,-75.65857483333333,83.5,2,1
1748026150.4475744,45.3261825,-75.65854083333333,83.7,2,1
1748026150.6580195,45.3258365,-75.6578765,123.89999999999999,1,1
1748026150.8338466,45.3259185,-75.657964,119.99999999999999,1,1
1748026151.024304,45.325937,-75.65797633333334,118.99999999999999,1,1
1748026151.2309432,45.326179,-75.65850633333334,84.2,2,1
1748026151.4559917,45.32581666666667,-75.657807,123.99999999999999,1,1
1748026151.641789,45.3258985,-75.65789266666667,120.10000000000001,1,1
1748026151.822784,45.3259175,-75.65790433333333,119.2,1,1
1748026152.0512097,45.32584033333333,-75.65785433333333,119.39999999999999,1,1
1748026152.2135048,45.32614733333333,-75.6583955,84.3,2,1
1748026152.4487972,45.326133166666665,-75.6583595,84.2,2,1
1748026152.6417124,45.32578933333333,-75.65769816666666,123.99999999999999,1,1
1748026152.824971,45.325870333333334,-75.6577845,120.3,1,1
1748026153.004762,45.325889,-75.6577965,119.39999999999999,1,1
1748026153.2354262,45.326131833333335,-75.65832833333333,84.7,2,1
1748026153.4733808,45.32577116666667,-75.65762933333333,124.2,1,1
1748026153.613662,45.325851666666665,-75.65771533333333,120.39999999999999,1,1
1748026153.8163373,45.32586916666666,-75.657727,119.49999999999999,1,1
1748026154.0385656,45.32574483333333,-75.65756183333333,125.60000000000001,1,1
1748026154.2328904,45.326104666666666,-75.65822466666667,84.2,2,1
1748026154.4539392,45.326087666666666,-75.65818883333333,84.2,2,1
1748026154.642596,45.325742,-75.65752233333333,124.3,1,1
1748026154.8058753,45.325823666666665,-75.65760866666666,120.60000000000001,1,1
1748026155.0107398,45.32584166666667,-75.6576195,119.7,1,1
1748026155.243745,45.3260815,-75.65814716666667,85.1,2,1
1748026155.461687,45.3257225,-75.65744933333333,124.39999999999999,1,1
1748026155.6254706,45.325793833333336,-75.65753133333334,119.2,1,1
1748026155.8424196,45.32580983333333,-75.657541,117.99999999999999,1,1
1748026156.040851,45.32569866666667,-75.6573805,125.60000000000001,1,1
1748026156.2269363,45.32605183333333,-75.65803333333334,83.89999999999999,2,1
1748026156.4492624,45.326041833333335,-75.65801933333333,83.89999999999999,2,1
1748026156.6313894,45.32569383333333,-75.6573375,123.49999999999999,1,1
1748026156.8379455,45.32577283333333,-75.65742066666667,119.99999999999999,1,1
1748026157.037736,45.3257165,-75.65739766666667,119.39999999999999,1,1
1748026157.2216084,45.3260265,-75.6579435,84.3,2,1
1748026157.4499657,45.32601566666666,-75.65792683333333,84.39999999999999,2,1
1748026157.6675746,45.325693666666666,-75.65734316666666,118.89999999999999,1,1
1748026157.8225932,45.32576316666667,-75.65737566666667,117.8,1,1
1748026158.0458305,45.325671166666666,-75.657287,120.60000000000001,1,1
1748026158.226756,45.326005,-75.65785333333334,84.2,2,1
1748026158.4511843,45.3259945,-75.65781766666667,83.1,2,1
1748026158.6332283,45.325697166666664,-75.65717683333334,115.39999999999999,1,1
1748026158.8272967,45.3257445,-75.657245,117.10000000000001,1,1
1748026159.0436432,45.32567566666667,-75.65712283333333,116.99999999999999,1,1
1748026159.2274103,45.325982833333335,-75.65775483333333,83.89999999999999,2,1
1748026159.467422,45.3259705,-75.65773783333333,84.2,2,1
1748026159.6456256,45.3256445,-75.65715166666666,118.89999999999999,1,1
1748026159.8330746,45.32571433333333,-75.65718416666667,117.99999999999999,1,1
1748026160.0350547,45.32562183333334,-75.65709566666666,120.60000000000001,1,1
1748026160.218961,45.32595583333333,-75.657662,84.3,2,1
1748026160.4555695,45.325946333333334,-75.6576455,84.39999999999999,2,1
1748026160.6364424,45.325646,-75.65698466666667,115.89999999999999,1,1
1748026160.837866,45.3256925,-75.65705033333333,117.49999999999999,1,1
1748026161.0367024,45.32562466666667,-75.65692916666667,117.39999999999999,1,1
1748026161.22625,45.325928833333336,-75.65755433333334,84.3,2,1
1748026161.460667,45.3259145,-75.65751433333334,83.1,2,1
1748026161.639786,45.32562016666667,-75.65688933333334,115.60000000000001,1,1
1748026161.8191745,45.3256655,-75.65695416666667,117.3,1,1
1748026162.031362,45.32559716666667,-75.65683233333333,117.3,1,1
1748026162.244363,45.325903833333335,-75.65746516666667,83.89999999999999,2,1
1748026162.4707181,45.3258915,-75.65742783333333,82.8,2,1
1748026162.639462,45.32559216666667,-75.6567895,115.60000000000001,1,1
1748026162.8463268,45.32563833333333,-75.65685433333333,117.3,1,1
1748026163.0365622,45.325569,-75.65673216666667,117.10000000000001,1,1
1748026163.227148,45.3258745,-75.657364,83.6,2,1
1748026163.5213602,45.325861333333336,-75.65732766666666,82.6,2,1
1748026163.6876442,45.32556183333333,-75.65669116666666,115.3,1,1
1748026163.810039,45.3256075,-75.65675683333333,116.99999999999999,1,1
1748026164.0403478,45.325537833333335,-75.65663483333333,116.8,1,1
1748026164.2608674,45.3258375,-75.6572535,84.2,2,1
1748026164.4500213,45.3258235,-75.65721366666666,83.0,2,1
1748026164.6432736,45.325531,-75.65659016666666,115.39999999999999,1,1
1748026164.8382993,45.32557716666667,-75.6566565,117.10000000000001,1,1
1748026165.0365286,45.32550633333334,-75.656532,117.10000000000001,1,1
1748026165.3023126,45.32580733333333,-75.65715383333334,84.39999999999999,2,1
1748026165.459152,45.325793833333336,-75.657136,84.8,2,1
1748026165.631691,45.3254735,-75.65656,118.99999999999999,1,1
1748026165.8563492,45.325541,-75.65659083333334,118.2,1,1
1748026166.0367973,45.3254505,-75.6565035,120.7,1,1
1748026166.2295032,45.325778166666666,-75.657059,85.0,2,1
1748026166.4609318,45.325768833333335,-75.657043,85.2,2,1
1748026166.6392806,45.325443666666665,-75.6564595,119.10000000000001,1,1
1748026166.8239307,45.32549933333333,-75.65648466666667,116.8,1,1
1748026167.039263,45.32541716666667,-75.65631983333333,112.99999999999999,1,1
1748026167.244375,45.325745,-75.65694816666667,85.1,2,1
1748026167.4434514,45.325728166666664,-75.656901,84.0,2,1
1748026167.6526446,45.3254125,-75.656359,119.2,1,1
1748026167.8430374,45.3254805,-75.65639016666667,118.39999999999999,1,1
1748026168.035928,45.32541716666667,-75.65623033333334,117.7,1,1
1748026168.2239163,45.325722,-75.65685783333333,85.0,2,1
1748026168.47729,45.325709333333336,-75.65682166666667,83.8,2,1
1748026168.6456194,45.3253835,-75.6561765,111.7,1,1
1748026168.821163,45.3254395,-75.65624533333333,115.10000000000001,1,1
1748026169.0399,45.32536066666667,-75.656119,113.10000000000001,1,1
1748026169.2146068,45.325690333333334,-75.65675116666667,84.39999999999999,2,1
1748026169.455421,45.32567616666667,-75.65670816666666,83.6,2,1
1748026169.6348867,45.32538516666666,-75.656089,115.99999999999999,1,1
1748026169.8579628,45.3254215,-75.65615,116.2,1,1
1748026170.0351586,45.32536016666667,-75.65603066666667,117.39999999999999,1,1
1748026170.2344868,45.325659,-75.65664916666667,84.89999999999999,2,1
1748026170.4470942,45.325645333333334,-75.65660966666667,83.8,2,1
1748026170.6327589,45.32535383333333,-75.65598866666667,115.7,1,1
1748026170.8180265,45.325399166666664,-75.65605333333333,117.39999999999999,1,1
1748026171.0408747,45.325331166666665,-75.65593183333333,117.3,1,1
1748026171.2211144,45.32563066666667,-75.65655166666667,84.89999999999999,2,1
1748026171.4617908,45.325616333333336,-75.65651233333334,83.7,2,1
1748026171.6316216,45.325298333333336,-75.6559635,118.60000000000001,1,1
1748026171.8246245,45.325363833333334,-75.65599366666666,117.8,1,1
1748026172.0374582,45.3253015,-75.65583783333334,117.10000000000001,1,1
1748026172.2336767,45.32560266666667,-75.65646066666666,85.0,2,1
1748026172.4534729,45.32559066666666,-75.65644516666667,85.3,2,1
1748026172.6404192,45.32527,-75.65586783333333,119.10000000000001,1,1
1748026172.809287,45.325337166666664,-75.65590033333334,118.2,1,1
1748026173.045164,45.325248,-75.65581533333334,120.7,1,1
1748026173.2389011,45.32557833333333,-75.65637833333334,85.1,2,1
1748026173.471799,45.32556833333334,-75.656346,84.1,2,1
1748026173.642592,45.325268666666666,-75.6557095,116.10000000000001,1,1
1748026173.8296916,45.325314166666665,-75.65577666666667,117.7,1,1
1748026174.0296192,45.32521933333334,-75.655728,120.8,1,1
1748026174.2359362,45.325547,-75.656286,85.5,2,1
1748026174.4427357,45.325538333333334,-75.65627166666667,85.7,2,1
1748026174.6270165,45.32524383333333,-75.65562316666667,116.39999999999999,1,1
1748026174.811806,45.32529066666667,-75.6556915,117.99999999999999,1,1
1748026175.0406053,45.32519533333333,-75.65564416666666,121.2,1,1
1748026175.216428,45.3255225,-75.65620283333334,85.89999999999999,2,1
1748026175.4509592,45.325511666666664,-75.65617,84.7,2,1
1748026175.6301801,45.325218166666666,-75.65554516666667,116.10000000000001,1,1
1748026175.8183994,45.32526516666667,-75.6556135,117.8,1,1
1748026176.0545871,45.325198,-75.6554945,117.89999999999999,1,1
1748026176.2365618,45.325501,-75.656121,85.5,2,1
1748026176.4629285,45.325489833333336,-75.65608933333333,84.3,2,1
1748026176.6327202,45.3251945,-75.65546166666667,116.3,1,1
1748026176.8122,45.325243,-75.655532,117.99999999999999,1,1
1748026177.046644,45.3251755,-75.655413,117.99999999999999,1,1
1748026177.2239242,45.325473333333335,-75.65603366666667,85.6,2,1
1748026177.4558294,45.32545866666667,-75.655993,84.39999999999999,2,1
1748026177.646173,45.3251445,-75.65544916666667,119.60000000000001,1,1
1748026177.8161178,45.32521333333333,-75.65548433333333,118.60000000000001,1,1
1748026178.0339406,45.32512416666667,-75.65540083333333,120.99999999999999,1,1
1748026178.2064447,45.32545233333333,-75.655957,85.7,2,1
1748026178.441134,45.3254425,-75.6559425,85.8,2,1
1748026178.6343837,45.32512116666667,-75.65536633333333,119.39999999999999,1,1
1748026178.8125243,45.32518816666666,-75.6554005,118.2,1,1
1748026179.0385904,45.3250975,-75.655314,120.7,1,1
1748026179.2279406,45.325427,-75.6558715,85.5,2,1
1748026179.4595554,45.32541766666667,-75.655857,85.6,2,1
1748026179.6351862,45.325098,-75.65528166666667,118.99999999999999,1,1
1748026179.83317,45.325166833333334,-75.655316,117.99999999999999,1,1
1748026180.0272794,45.32507716666667,-75.6552315,120.39999999999999,1,1
1748026180.223557,45.3254075,-75.65579116666666,85.3,2,1
1748026180.4503434,45.325397833333334,-75.65577616666667,85.39999999999999,2,1
1748026180.640714,45.3251175,-75.6551475,113.7,1,1
1748026180.833491,45.3251,-75.655112,114.89999999999999,1,1
1748026181.0159466,45.32514316666666,-75.65517733333333,117.3,1,1
1748026181.2663503,45.3253905,-75.6557125,83.8,2,1
1748026181.4564672,45.32509916666667,-75.65508316666667,113.7,1,1
1748026181.6377304,45.325035166666666,-75.655091,120.49999999999999,1,1
1748026181.8035126,45.3251105,-75.65513366666667,118.89999999999999,1,1
1748026182.0265462,45.3250265,-75.6550575,120.60000000000001,1,1
1748026182.239491,45.32535933333333,-75.655621,85.1,2,1
1748026182.4531386,45.32535,-75.65560733333334,85.2,2,1
1748026182.634103,45.32502383333333,-75.65502416666666,119.10000000000001,1,1
1748026182.8113954,45.32509116666667,-75.655058,118.2,1,1
1748026183.048651,45.32500116666667,-75.65497333333333,120.60000000000001,1,1
1748026183.230376,45.325332,-75.655535,85.1,2,1
1748026183.453081,45.325322666666665,-75.65552116666667,85.2,2,1
1748026183.6303132,45.325041166666665,-75.65489083333334,113.7,1,1
1748026183.8277824,45.32502383333333,-75.654855,114.99999999999999,1,1
1748026184.013821,45.32506583333333,-75.65491933333334,117.39999999999999,1,1
1748026184.2366457,45.32531316666667,-75.65545966666667,83.8,2,1
1748026184.4415524,45.32501966666667,-75.654825,113.8,1,1
1748026184.6599798,45.3250015,-75.654789,115.2,1,1
1748026184.8386161,45.325043,-75.6548545,117.39999999999999,1,1
1748026185.0319538,45.32494716666667,-75.654809,120.7,1,1
1748026185.2302847,45.325276,-75.65536783333333,85.6,2,1
1748026185.4487123,45.32526516666667,-75.65535316666667,85.7,2,1
1748026185.634991,45.32494166666667,-75.654775,119.3,1,1
1748026185.8260682,45.3250105,-75.65481116666666,118.39999999999999,1,1
1748026186.0294902,45.32492083333333,-75.654728,120.60000000000001,1,1
1748026186.2368014,45.325246166666666,-75.65528166666667,85.8,2,1
1748026186.4495442,45.325235666666664,-75.6552665,86.0,2,1
1748026186.6548183,45.32491433333333,-75.65469133333333,119.2,1,1
1748026186.8107936,45.3249825,-75.65472583333333,118.49999999999999,1,1
1748026187.0467284,45.32489233333333,-75.65464116666666,121.10000000000001,1,1
1748026187.225437,45.32521933333334,-75.65519716666667,86.0,2,1
1748026187.4486604,45.32520783333333,-75.65518166666666,86.1,2,1
1748026187.6511176,45.32488633333333,-75.65460533333334,119.2,1,1
1748026187.8243263,45.32495183333333,-75.65463766666667,118.39999999999999,1,1
1748026188.0320408,45.32486266666667,-75.65455383333334,120.8,1,1
1748026188.2281506,45.325189333333334,-75.65510866666666,85.89999999999999,2,1
1748026188.44502,45.3251785,-75.6550925,86.0,2,1
1748026188.6288068,45.324853833333336,-75.654513,119.39999999999999,1,1
1748026188.8252463,45.324919666666666,-75.65454533333333,118.39999999999999,1,1
1748026189.0379844,45.32483033333333,-75.65446066666667,120.8,1,1
1748026189.2180915,45.32515633333333,-75.65501383333333,85.89999999999999,2,1
1748026189.463407,45.32514583333333,-75.65497883333333,84.7,2,1
1748026189.6315134,45.32482516666666,-75.65442233333333,118.99999999999999,1,1
1748026189.820821,45.324891,-75.65445383333333,117.99999999999999,1,1
1748026190.031464,45.32480133333333,-75.654369,120.3,1,1
1748026190.2277896,45.32512766666667,-75.65492233333333,85.5,2,1
1748026190.444951,45.325117,-75.65488633333334,84.3,2,1
1748026190.6418147,45.324835666666665,-75.65427516666666,112.99999999999999,1,1
1748026190.8215544,45.324817333333336,-75.65423533333333,114.2,1,1
1748026191.0167375,45.324842333333336,-75.6542905,113.89999999999999,1,1
1748026191.2298944,45.325104,-75.65482983333334,83.5,2,1
1748026191.4550498,45.324809,-75.654193,112.7,1,1
1748026191.6347594,45.32479033333333,-75.654152,113.99999999999999,1,1
1748026191.836763,45.32483166666667,-75.65421416666666,116.39999999999999,1,1
1748026192.048611,45.32478016666666,-75.65411533333334,114.2,1,1
1748026192.2303019,45.325072,-75.65472616666666,84.2,2,1
1748026192.443498,45.32506083333333,-75.65470883333333,84.2,2,1
1748026192.621347,45.3247725,-75.65406916666667,112.8,1,1
1748026192.8259156,45.3247535,-75.65402583333334,113.99999999999999,1,1
1748026193.0118372,45.324796166666665,-75.654088,116.39999999999999,1,1
1748026193.2406452,45.325045333333335,-75.6546245,83.1,2,1
1748026193.4464564,45.32475133333333,-75.65398316666666,112.89999999999999,1,1
1748026193.670147,45.324707333333336,-75.65393283333333,109.3,1,1
1748026193.8322208,45.3247,-75.65390766666667,109.10000000000001,1,1
1748026194.0304456,45.324731,-75.65396216666667,109.99999999999999,1,1
1748026194.2545037,45.32501933333333,-75.6545085,83.2,2,1
1748026194.4306226,45.32472633333333,-75.6538735,112.49999999999999,1,1
1748026194.6314404,45.3246665,-75.65387983333333,119.3,1,1
1748026194.824395,45.32473016666667,-75.65391133333333,116.49999999999999,1,1
1748026195.029416,45.324704,-75.65378833333334,114.2,1,1
1748026195.2195454,45.324997,-75.65438933333333,83.7,2,1
1748026195.4492195,45.32499833333333,-75.65437133333333,83.5,2,1
1748026195.6410174,45.3247175,-75.653739,114.89999999999999,1,1
1748026195.8340778,45.324691333333334,-75.653692,114.10000000000001,1,1
1748026196.0147305,45.32471533333333,-75.65374183333333,113.10000000000001,1,1
1748026196.2851398,45.324987166666666,-75.65428083333333,83.2,2,1
1748026196.4395032,45.324696833333334,-75.65363883333333,112.7,1,1
1748026196.6345901,45.3246835,-75.653594,113.89999999999999,1,1
1748026196.8270557,45.324713,-75.653645,113.39999999999999,1,1
1748026197.0546303,45.324684833333336,-75.65354733333334,113.8,1,1
1748026197.2595923,45.32498616666667,-75.654161,83.5,2,1
1748026197.4455843,45.324985833333336,-75.65413,82.8,2,1
1748026197.635367,45.324698,-75.65349283333333,112.60000000000001,1,1
1748026197.8361847,45.32468883333333,-75.65344966666666,113.99999999999999,1,1
1748026198.009097,45.32472583333333,-75.653504,114.2,1,1
1748026198.2519464,45.324996666666664,-75.65404416666667,83.1,2,1
1748026198.4539127,45.32470816666667,-75.65339883333333,112.49999999999999,1,1
1748026198.6500726,45.3247015,-75.653357,113.60000000000001,1,1
1748026198.8183722,45.324741,-75.65341183333334,113.89999999999999,1,1
1748026199.0682046,45.32471133333333,-75.65331383333333,113.60000000000001,1,1
1748026199.2332842,45.325016166666664,-75.65392716666666,83.39999999999999,2,1
1748026199.4747553,45.325019,-75.65389666666667,82.6,2,1
1748026199.6404295,45.3247365,-75.65326216666666,111.99999999999999,1,1
1748026199.8322961,45.3247305,-75.65322166666667,113.10000000000001,1,1
1748026200.0149891,45.32477083333333,-75.65327683333334,113.3,1,1
1748026200.2474623,45.325043666666666,-75.65381733333334,82.5,2,1
1748026200.4595175,45.32476183333333,-75.65317533333334,111.60000000000001,1,1
1748026200.6323657,45.32475633333333,-75.6531355,112.7,1,1
1748026200.8169382,45.324805,-75.65319283333334,114.2,1,1
1748026201.0372593,45.32477133333333,-75.65309383333333,112.7,1,1
1748026201.231697,45.325078166666664,-75.65370683333333,82.5,2,1
1748026201.4777794,45.3250835,-75.65367866666666,81.6,2,1
1748026201.6352162,45.32480366666667,-75.65304683333333,111.3,1,1
1748026201.8539412,45.324800833333335,-75.65300833333333,112.2,1,1
1748026202.040135,45.324856,-75.65306983333333,114.49999999999999,1,1
1748026202.275953,45.325118,-75.653607,81.7,2,1
1748026202.4488904,45.324835666666665,-75.65296416666666,110.99999999999999,1,1
1748026202.651916,45.324832,-75.65292383333333,112.10000000000001,1,1
1748026202.8132894,45.324886666666664,-75.65298433333334,114.3,1,1
1748026203.0459805,45.324849,-75.65288383333333,111.99999999999999,1,1
1748026203.2640235,45.32515983333333,-75.6535015,81.89999999999999,2,1
1748026203.4446445,45.32516666666667,-75.65347466666667,81.0,2,1
1748026203.6538203,45.32489016666667,-75.65284033333333,110.99999999999999,1,1
1748026203.8553474,45.3248855,-75.6528,111.89999999999999,1,1
1748026204.0282204,45.32494033333333,-75.65286116666667,113.89999999999999,1,1
1748026204.240824,45.325203,-75.65339966666667,80.89999999999999,2,1
1748026204.4367013,45.324923166666665,-75.6527565,110.49999999999999,1,1
1748026204.6375725,45.324919,-75.6527155,111.60000000000001,1,1
1748026204.8111897,45.324974,-75.65277566666667,113.7,1,1
1748026205.0384605,45.3249375,-75.65267683333333,111.2,1,1
1748026205.2148743,45.325245833333334,-75.65329066666666,81.3,2,1
1748026205.4502785,45.32525116666667,-75.6532745,81.2,2,1
1748026205.6317852,45.32493616666667,-75.65268183333333,114.89999999999999,1,1
1748026205.8647454,45.3249715,-75.65259,110.99999999999999,1,1
1748026206.0312963,45.32502916666667,-75.65265166666667,113.10000000000001,1,1
1748026206.2416718,45.325293333333335,-75.65319,80.1,2,1
1748026206.437528,45.32501366666666,-75.65254816666666,109.3,1,1
1748026206.6632519,45.325010666666664,-75.65250733333333,110.60000000000001,1,1
1748026206.819735,45.3250675,-75.65256766666667,112.89999999999999,1,1
1748026207.0370543,45.325018166666666,-75.65246216666667,108.2,1,1
1748026207.2465794,45.32534033333334,-75.65307533333333,79.6,2,1
1748026207.4611862,45.32505716666667,-75.65243833333334,108.7,1,1
1748026207.6526742,45.325055166666665,-75.65239866666667,110.10000000000001,1,1
1748026207.8203409,45.32511233333334,-75.65245916666667,112.39999999999999,1,1
1748026208.0486805,45.32507716666667,-75.65235933333334,110.10000000000001,1,1
1748026208.222853,45.325389333333334,-75.65297916666667,80.1,2,1
1748026208.4503615,45.32539716666667,-75.65295116666667,79.1,2,1
1748026208.6362493,45.32511866666667,-75.652314,108.3,1,1
1748026208.8276591,45.325116333333334,-75.6522735,109.60000000000001,1,1
1748026209.0349457,45.325173,-75.65233333333333,111.89999999999999,1,1
1748026209.2402701,45.32542983333333,-75.6528685,78.2,2,1
1748026209.445681,45.324961,-75.6521325,132.0,1,1
1748026209.6590004,45.32503,-75.65215683333334,132.10000000000002,1,1
1748026209.8108165,45.325053833333335,-75.65214616666667,132.2,1,1
1748026210.0362074,45.32506983333333,-75.65212966666667,132.2,1,1
1748026210.2110088,45.325462333333334,-75.65273033333334,80.0,2,1
1748026210.4366481,45.3254875,-75.65273983333333,77.6,2,1
1748026210.6419687,45.32501766666667,-75.65200416666667,131.3,1,1
1748026210.8101873,45.325087,-75.65202916666667,131.39999999999998,1,1
1748026211.0169966,45.32511133333333,-75.6520195,131.5,1,1
1748026211.2134874,45.3255145,-75.65263283333333,79.3,2,1
1748026211.449213,45.325534166666664,-75.6526345,77.5,2,1
1748026211.624217,45.32506733333334,-75.65190366666667,130.89999999999998,1,1
1748026211.8086827,45.325137166666664,-75.6519295,131.2,1,1
1748026212.021171,45.325161333333334,-75.65192033333334,131.3,1,1
1748026212.2237043,45.32556366666667,-75.652533,79.1,2,1
1748026212.4388325,45.325583,-75.65253483333333,77.39999999999999,2,1
1748026212.6295362,45.325115333333336,-75.65180316666667,130.89999999999998,1,1
1748026212.8105264,45.32518366666667,-75.65182866666666,131.10000000000002,1,1
1748026213.0468953,45.32520683333333,-75.65181916666667,131.2,1,1
1748026213.2195365,45.32561,-75.65243433333333,78.89999999999999,2,1
1748026213.483431,45.32562883333333,-75.652436,77.3,2,1
1748026213.63809,45.325159166666666,-75.65170233333333,130.7,1,1
1748026213.8122218,45.3252275,-75.6517285,130.89999999999998,1,1
1748026214.0206857,45.32525,-75.65171866666667,131.0,1,1
1748026214.2071598,45.32565683333333,-75.65233483333333,77.89999999999999,2,1
1748026214.446179,45.325670333333335,-75.65233183333333,77.1,2,1
1748026214.633416,45.325360333333336,-75.65174566666667,109.7,1,1
1748026214.8294404,45.3253545,-75.65170633333334,111.39999999999999,1,1
1748026215.0096638,45.32544033333333,-75.65174383333333,110.2,1,1
1748026215.25129,45.32570466666667,-75.65225233333334,77.1,2,1
1748026215.4494374,45.3253975,-75.6516685,109.89999999999999,1,1
1748026215.6335297,45.325392,-75.65162883333333,111.7,1,1
1748026215.8226426,45.32547616666667,-75.651666,110.3,1,1
1748026216.0483427,45.3254105,-75.6515925,111.49999999999999,1,1
1748026216.218169,45.32574533333333,-75.6521425,77.7,2,1
1748026216.4461179,45.3257505,-75.652126,77.8,2,1
1748026216.6513066,45.3254465,-75.651549,109.89999999999999,1,1
1748026216.8492157,45.32543916666667,-75.65150833333334,111.7,1,1
1748026217.032429,45.325525166666665,-75.651547,110.39999999999999,1,1
1748026217.2396865,45.3257905,-75.65205716666667,77.1,2,1
1748026217.4559884,45.3254795,-75.65146933333334,110.2,1,1
1748026217.6306484,45.3254725,-75.65142866666666,111.99999999999999,1,1
1748026217.812523,45.3255575,-75.65146666666666,110.39999999999999,1,1
1748026218.0427268,45.32549183333333,-75.6513925,111.39999999999999,1,1
1748026218.2272968,45.325819333333335,-75.65193566666667,77.6,2,1
1748026218.449546,45.32582416666666,-75.65191916666667,77.6,2,1
1748026218.634042,45.32552883333334,-75.65135,109.7,1,1
1748026218.826374,45.32552183333333,-75.6513105,111.60000000000001,1,1
1748026219.0121555,45.32560683333333,-75.65134883333333,110.10000000000001,1,1
1748026219.2364562,45.325867833333334,-75.65185283333334,77.1,2,1
1748026219.465584,45.32556533333333,-75.651275,109.7,1,1
1748026219.637565,45.325558,-75.65123516666667,111.3,1,1
1748026219.824691,45.325642,-75.651273,109.89999999999999,1,1
1748026220.0247114,45.325576833333336,-75.6512005,111.10000000000001,1,1
1748026220.2410724,45.3258955,-75.65174016666667,78.0,2,1
1748026220.4440024,45.32560683333333,-75.651181,109.39999999999999,1,1
1748026220.6372526,45.32560016666667,-75.65114233333334,110.99999999999999,1,1
1748026220.807889,45.3256845,-75.65118116666666,109.60000000000001,1,1
1748026221.0565295,45.325615666666664,-75.65110733333333,110.8,1,1
1748026221.241733,45.32594483333333,-75.6516515,77.5,2,1
1748026221.443665,45.3259505,-75.65163683333333,77.5,2,1
1748026221.657872,45.32565316666667,-75.65107016666667,109.2,1,1
1748026221.8375094,45.3256465,-75.6510315,110.99999999999999,1,1
1748026222.020682,45.32573283333333,-75.65107233333333,109.49999999999999,1,1
1748026222.2292368,45.325995666666664,-75.65158166666667,76.7,2,1
1748026222.4548774,45.3256855,-75.65099833333333,109.39999999999999,1,1
1748026222.6347725,45.3256785,-75.65096033333333,111.2,1,1
1748026222.811942,45.3257655,-75.651003,109.7,1,1
1748026223.0260692,45.3256995,-75.65093233333333,110.99999999999999,1,1
1748026223.2047243,45.326032166666664,-75.651482,77.6,2,1
1748026223.4491475,45.3260375,-75.65146816666666,77.6,2,1
1748026223.633627,45.325738,-75.65089966666666,109.49999999999999,1,1
1748026223.854956,45.325732,-75.65086316666667,111.2,1,1
1748026224.0219376,45.325819833333334,-75.65090716666667,109.60000000000001,1,1
1748026224.254218,45.32608283333333,-75.6514175,76.6,2,1
1748026224.4622073,45.325775166666666,-75.6508375,109.2,1,1
1748026224.6365845,45.32576916666667,-75.650801,110.89999999999999,1,1
1748026224.856203,45.325856333333334,-75.65084416666667,109.3,1,1
1748026225.030357,45.325789666666665,-75.65077266666667,110.7,1,1
1748026225.2133732,45.326122,-75.65132383333334,77.1,2,1
1748026225.477853,45.32612733333333,-75.6513105,77.2,2,1
1748026225.6419365,45.32582716666667,-75.65074,109.2,1,1
1748026225.8370845,45.325821,-75.6507035,110.99999999999999,1,1
1748026226.0104141,45.325906,-75.65074466666667,109.60000000000001,1,1
1748026226.236892,45.32617066666667,-75.651258,76.5,2,1
1748026226.4733763,45.325859666666666,-75.65067366666666,109.39999999999999,1,1
1748026226.637453,45.325854,-75.65063716666667,110.99999999999999,1,1
1748026226.808841,45.32594066666667,-75.65068016666666,109.39999999999999,1,1
1748026227.0341494,45.32587566666667,-75.6506105,110.60000000000001,1,1
1748026227.2381492,45.32620766666667,-75.651162,77.1,2,1
1748026227.4615166,45.32621233333333,-75.65114816666667,77.1,2,1
1748026227.6365862,45.3259135,-75.650578,108.89999999999999,1,1
1748026227.846779,45.325907,-75.65054166666667,110.60000000000001,1,1
1748026228.048326,45.325993,-75.65058383333333,109.2,1,1
1748026228.248422,45.326255833333335,-75.6510955,76.3,2,1
1748026228.437086,45.325944666666665,-75.65051133333333,109.10000000000001,1,1
1748026228.6390905,45.32594016666667,-75.65047616666666,110.60000000000001,1,1
1748026228.812018,45.3260275,-75.65052016666667,109.10000000000001,1,1
1748026229.040563,45.325961166666666,-75.65044933333333,110.39999999999999,1,1
1748026229.2335453,45.32628583333333,-75.65099933333333,77.3,2,1
1748026229.4482243,45.32598866666667,-75.65043266666666,108.99999999999999,1,1
1748026229.6644073,45.32598133333333,-75.65039583333333,110.7,1,1
1748026229.8523672,45.32606766666667,-75.65043916666667,109.2,1,1
1748026230.0474553,45.32600133333333,-75.650369,110.49999999999999,1,1
1748026230.2235813,45.32633233333333,-75.65091916666667,77.3,2,1
1748026230.433982,45.32633766666667,-75.650907,77.39999999999999,2,1
1748026230.6379437,45.32603783333333,-75.6503375,109.3,1,1
1748026230.8336833,45.3260315,-75.650302,110.99999999999999,1,1
1748026231.0157154,45.326116166666665,-75.65034433333334,109.60000000000001,1,1
1748026231.2354496,45.32637866666666,-75.65085566666667,76.89999999999999,2,1
1748026231.4479215,45.326069,-75.650275,109.3,1,1
1748026231.6395662,45.326064,-75.6502405,111.49999999999999,1,1
1748026231.826627,45.32615,-75.65028433333333,110.10000000000001,1,1
1748026232.0457127,45.32608316666666,-75.65021366666667,111.39999999999999,1,1
1748026232.2071507,45.32641233333333,-75.65076116666667,78.2,2,1
1748026232.435979,45.32641733333333,-75.65074883333334,78.3,2,1
1748026232.6430223,45.32612066666667,-75.65018383333333,109.89999999999999,1,1
1748026232.8379307,45.326114833333335,-75.65014866666667,111.60000000000001,1,1
1748026233.0181553,45.32619483333333,-75.65018866666666,109.39999999999999,1,1
1748026233.2373471,45.326465666666664,-75.650706,77.3,2,1
1748026233.4524245,45.3261545,-75.65012166666666,109.89999999999999,1,1
1748026233.6486712,45.326148833333335,-75.6500865,111.49999999999999,1,1
1748026233.838611,45.3262295,-75.650127,109.3,1,1
1748026234.018262,45.32617,-75.65006066666666,110.99999999999999,1,1
1748026234.229482,45.326502,-75.65061133333333,77.89999999999999,2,1
1748026234.4638982,45.326507666666664,-75.6505985,77.89999999999999,2,1
1748026234.6332316,45.326210833333334,-75.65003083333333,109.7,1,1
1748026234.838804,45.32620383333333,-75.649994,111.3,1,1
1748026235.0142581,45.32628416666667,-75.65003433333334,108.8,1,1
1748026235.2428339,45.326551,-75.65054666666667,76.8,2,1
1748026235.4845731,45.326241,-75.64996466666666,109.10000000000001,1,1
1748026235.6333485,45.32623616666667,-75.64993016666666,110.2,1,1
1748026235.8001292,45.3263215,-75.6499725,108.89999999999999,1,1
1748026236.042619,45.326254,-75.64990116666667,110.10000000000001,1,1
1748026236.240564,45.32657666666667,-75.65044616666667,77.5,2,1
1748026236.4471402,45.326281,-75.6498835,108.60000000000001,1,1
1748026236.6363652,45.3262775,-75.6498495,109.99999999999999,1,1
1748026236.844961,45.326281333333334,-75.649829,110.2,1,1
1748026237.0383549,45.326366666666665,-75.64987233333333,108.7,1,1
1748026237.2290184,45.326627333333334,-75.65038016666666,76.1,2,1
1748026237.454084,45.326314333333336,-75.64979766666667,108.39999999999999,1,1
1748026237.6277406,45.326306333333335,-75.649761,109.99999999999999,1,1
1748026237.8076026,45.32639133333333,-75.6498035,108.60000000000001,1,1
1748026238.0335996,45.326324166666666,-75.64973233333333,109.39999999999999,1,1
1748026238.237602,45.3266455,-75.650278,76.89999999999999,2,1
1748026238.4404237,45.32634766666666,-75.64971383333334,107.8,1,1
1748026238.633967,45.3263405,-75.64967866666667,109.2,1,1
1748026238.8168464,45.3264235,-75.6497195,108.10000000000001,1,1
1748026239.032908,45.326356,-75.64964916666666,109.10000000000001,1,1
1748026239.2330673,45.32667433333334,-75.65019116666667,76.89999999999999,2,1
1748026239.437379,45.326380666666665,-75.6496325,107.7,1,1
1748026239.632058,45.32637166666667,-75.64959616666667,109.3,1,1
1748026239.8217354,45.32637533333333,-75.64957716666666,109.49999999999999,1,1
1748026240.012951,45.3264585,-75.64961916666667,108.10000000000001,1,1
1748026240.238751,45.32671466666667,-75.65012333333334,75.89999999999999,2,1
1748026240.434538,45.326407,-75.649547,107.89999999999999,1,1
1748026240.6301932,45.326398166666664,-75.64951066666667,109.60000000000001,1,1
1748026240.8080475,45.326471166666664,-75.64954783333333,106.89999999999999,1,1
1748026241.0267375,45.32641316666667,-75.64948216666667,109.39999999999999,1,1
1748026241.2368202,45.32673316666666,-75.6500255,77.0,2,1
1748026241.4429648,45.32643483333333,-75.64946383333333,108.3,1,1
1748026241.6304023,45.32642633333333,-75.64942766666667,109.99999999999999,1,1
1748026241.8197887,45.32650366666667,-75.64946816666667,107.8,1,1
1748026242.0397902,45.32644233333333,-75.64940233333333,109.89999999999999,1,1
1748026242.266739,45.32675966666667,-75.64994416666667,77.39999999999999,2,1
1748026242.4365957,45.32646366666667,-75.64938516666666,108.60000000000001,1,1
1748026242.6290388,45.326454166666664,-75.64934933333333,110.2,1,1
1748026242.823674,45.326538,-75.649393,108.8,1,1
1748026243.0352654,45.3264685,-75.64932233333333,109.99999999999999,1,1
1748026243.2267225,45.3267905,-75.6498695,77.5,2,1
1748026243.4725652,45.326488166666664,-75.64930583333333,108.49999999999999,1,1
1748026243.6482372,45.32647683333333,-75.64926916666667,110.2,1,1
1748026243.809537,45.326559,-75.64931283333334,108.89999999999999,1,1
1748026244.0402997,45.326488,-75.64924266666667,109.99999999999999,1,1
1748026244.242952,45.3268085,-75.649788,77.7,2,1
1748026244.4436054,45.32650733333333,-75.64922616666666,108.49999999999999,1,1
1748026244.6519606,45.3264955,-75.64919016666667,110.3,1,1
1748026244.799824,45.3265765,-75.64923416666667,108.89999999999999,1,1
1748026245.0527778,45.3265035,-75.649162,110.10000000000001,1,1
1748026245.2368543,45.32682366666667,-75.64971066666666,77.7,2,1
1748026245.4516227,45.326521166666666,-75.64914866666666,109.10000000000001,1,1
1748026245.6435957,45.32650666666667,-75.649112,110.60000000000001,1,1
1748026245.8276,45.32658583333333,-75.649155,109.2,1,1
1748026246.0419052,45.32651083333333,-75.64908066666666,110.39999999999999,1,1
1748026246.2110782,45.326836166666666,-75.64962866666667,77.6,2,1
1748026246.4347506,45.32683433333333,-75.6496165,77.6,2,1
1748026246.6549325,45.326525,-75.6490505,109.10000000000001,1,1
1748026246.8307014,45.32651383333334,-75.64901883333333,110.49999999999999,1,1
1748026247.017586,45.326582333333334,-75.64905783333333,107.8,1,1
1748026247.2741127,45.326849333333335,-75.64956966666666,76.89999999999999,2,1
1748026247.4544225,45.32653333333333,-75.6489945,108.7,1,1
1748026247.6299286,45.326520333333335,-75.64896016666667,110.3,1,1
1748026247.8274899,45.32651883333333,-75.6489415,110.60000000000001,1,1
1748026248.0130265,45.3265865,-75.64898116666667,107.7,1,1
1748026248.2382948,45.326851166666664,-75.64949183333333,77.0,2,1
1748026248.4390988,45.326534,-75.64891516666667,108.99999999999999,1,1
1748026248.6456978,45.32651966666667,-75.6488805,110.7,1,1
1748026248.8134863,45.3265965,-75.64892433333333,109.3,1,1
1748026249.0551164,45.32652233333334,-75.64885533333333,110.39999999999999,1,1
1748026249.232789,45.32683983333333,-75.6494025,77.89999999999999,2,1
1748026249.4500191,45.326533833333336,-75.64884216666667,108.99999999999999,1,1
1748026249.6472416,45.3265185,-75.6488085,110.60000000000001,1,1
1748026249.816711,45.326595166666664,-75.648854,109.10000000000001,1,1
1748026250.0365744,45.32652,-75.64878366666667,110.39999999999999,1,1
1748026250.2259643,45.326835333333335,-75.64933066666667,77.7,2,1
1748026250.446153,45.32653066666666,-75.64877133333333,108.8,1,1
1748026250.6376746,45.326516166666664,-75.648739,110.3,1,1
1748026250.8192031,45.326593833333334,-75.64878533333334,108.8,1,1
1748026251.0263844,45.326519,-75.64871616666667,110.10000000000001,1,1
1748026251.2417545,45.3268305,-75.64925633333333,77.8,2,1
1748026251.44267,45.326528333333336,-75.64870316666666,108.8,1,1
1748026251.66123,45.32651216666667,-75.64866983333333,110.3,1,1
1748026251.8124678,45.32658983333334,-75.64871733333334,108.89999999999999,1,1
1748026252.0153842,45.326515,-75.648649,110.2,1,1
1748026252.236777,45.326825666666664,-75.64919016666667,78.0,2,1
1748026252.4331772,45.32652433333333,-75.648637,109.2,1,1
1748026252.6316137,45.326509,-75.648606,110.7,1,1
1748026252.8069453,45.32658383333333,-75.64865266666666,109.2,1,1
1748026253.0373063,45.326506333333334,-75.64858366666667,110.39999999999999,1,1
1748026253.237753,45.32681266666667,-75.6491205,78.5,2,1
1748026253.4442282,45.3265145,-75.64857483333333,108.99999999999999,1,1
1748026253.6349988,45.326498666666666,-75.64854283333334,110.60000000000001,1,1
1748026253.8400667,45.32657433333333,-75.64858983333333,109.2,1,1
1748026254.030771,45.32650133333333,-75.64852383333333,110.39999999999999,1,1
1748026254.2469854,45.326808166666666,-75.64906066666667,78.39999999999999,2,1
1748026254.4343393,45.326510166666665,-75.64851416666667,108.89999999999999,1,1
1748026254.6212642,45.326494833333335,-75.64848216666667,110.49999999999999,1,1
1748026254.8135953,45.3265705,-75.64852933333333,109.2,1,1
1748026255.0307848,45.32649516666667,-75.64846233333333,110.39999999999999,1,1
1748026255.2493591,45.32680533333333,-75.6490055,78.1,2,1
1748026255.4542081,45.326504,-75.648454,108.89999999999999,1,1
1748026255.623284,45.3264885,-75.64842266666666,110.60000000000001,1,1
1748026255.809225,45.32656466666667,-75.64846983333334,109.39999999999999,1,1
1748026256.0270536,45.32649116666666,-75.6484035,110.7,1,1
1748026256.2329812,45.32679483333333,-75.64893933333333,78.5,2,1
1748026256.446791,45.32649933333333,-75.64839566666667,108.99999999999999,1,1
1748026256.6533506,45.32648316666667,-75.64836516666666,110.60000000000001,1,1
1748026256.8224354,45.32654766666667,-75.64840766666667,107.8,1,1
1748026257.032826,45.326483,-75.648347,110.3,1,1
1748026257.2473252,45.326788,-75.6488835,78.39999999999999,2,1
1748026257.4502184,45.326491,-75.648341,108.60000000000001,1,1
1748026257.6612954,45.32647566666667,-75.64831016666666,110.39999999999999,1,1
1748026257.8279047,45.3264705,-75.64829583333334,110.39999999999999,1,1
1748026258.0153022,45.32653066666666,-75.64833766666666,106.8,1,1
1748026258.2405117,45.32680216666667,-75.64885983333333,77.1,2,1
1748026258.4336405,45.326481666666666,-75.64828766666666,108.99999999999999,1,1
1748026258.638897,45.326466833333335,-75.6482575,110.99999999999999,1,1
1748026258.8069537,45.326532,-75.64830083333334,108.2,1,1
1748026259.0260513,45.32643233333334,-75.6482205,106.60000000000001,1,1
1748026259.202093,45.32677916666667,-75.648778,78.3,2,1
1748026259.4518325,45.326770333333336,-75.64876633333333,78.7,2,1
1748026259.636878,45.32647266666667,-75.6482235,109.10000000000001,1,1
1748026259.8391364,45.32645633333333,-75.6481935,110.7,1,1
1748026260.0096595,45.326532666666665,-75.648244,109.39999999999999,1,1
1748026260.2267213,45.326784833333335,-75.64875433333333,77.2,2,1
1748026260.4739468,45.3264675,-75.64818433333333,109.2,1,1
1748026260.6384401,45.326451666666664,-75.648154,110.7,1,1
1748026260.8246853,45.32652866666667,-75.64820366666666,109.3,1,1
1748026261.0347393,45.32644966666667,-75.64813483333333,110.10000000000001,1,1
1748026261.2332888,45.32675716666667,-75.648674,78.6,2,1
1748026261.4571052,45.32645816666667,-75.6481305,108.7,1,1
1748026261.642034,45.3264425,-75.64810116666666,110.3,1,1
1748026261.8055947,45.3265085,-75.648146,107.60000000000001,1,1
1748026262.032845,45.326442,-75.648084,110.10000000000001,1,1
1748026262.2450874,45.32675316666667,-75.64862916666667,78.2,2,1
1748026262.4474602,45.326452,-75.64808033333334,108.8,1,1
1748026262.6236897,45.32643766666666,-75.64805166666666,110.39999999999999,1,1
1748026262.8067079,45.32650316666667,-75.64809583333333,107.60000000000001,1,1
1748026263.0463982,45.32643483333333,-75.6480315,110.60000000000001,1,1
1748026263.2349162,45.3267535,-75.64857933333333,78.1,2,1
1748026263.4563518,45.326748,-75.64857066666667,78.3,2,1
1748026263.629973,45.32644483333333,-75.64801733333333,109.39999999999999,1,1
1748026263.8508508,45.32642833333333,-75.647986,111.10000000000001,1,1
1748026264.0209737,45.326491833333336,-75.64802833333333,107.99999999999999,1,1
1748026264.2246974,45.32675533333333,-75.6485455,77.3,2,1
1748026264.431724,45.32643483333333,-75.64797066666667,109.2,1,1
1748026264.6196094,45.326419,-75.647939,110.89999999999999,1,1
1748026264.8275633,45.326495,-75.64798666666667,109.49999999999999,1,1
1748026265.0326655,45.32641983333333,-75.64791883333334,110.8,1,1
1748026265.2403681,45.326727166666664,-75.64845683333333,79.0,2,1
1748026265.440716,45.32642716666667,-75.64790683333334,109.3,1,1
1748026265.625762,45.326412,-75.647874,110.99999999999999,1,1
1748026265.8307867,45.326409,-75.64785766666667,111.2,1,1
1748026266.0100238,45.326474833333336,-75.64789816666666,108.3,1,1
1748026266.253725,45.32674,-75.64841383333334,77.5,2,1
1748026266.424478,45.3264195,-75.6478355,109.3,1,1
1748026266.6297657,45.326403166666665,-75.64780083333333,110.99999999999999,1,1
1748026266.813936,45.32646733333333,-75.64783966666667,108.10000000000001,1,1
1748026267.0285323,45.32640116666666,-75.6477745,110.60000000000001,1,1
1748026267.2590828,45.3267095,-75.64831416666667,78.6,2,1
1748026267.4631963,45.32640883333333,-75.64776183333333,108.89999999999999,1,1
1748026267.6334016,45.326393,-75.64772866666667,110.2,1,1
1748026267.8524647,45.3263895,-75.64771183333333,110.3,1,1
1748026268.015047,45.3264555,-75.64775316666666,107.3,1,1
1748026268.2313178,45.326719,-75.64826716666667,76.5,2,1
1748026268.4401972,45.326396333333335,-75.64768933333333,107.99999999999999,1,1
1748026268.6422007,45.3263795,-75.6476565,109.49999999999999,1,1
1748026268.8065844,45.32645566666667,-75.6477045,108.10000000000001,1,1
1748026269.0331273,45.32638033333333,-75.647636,109.49999999999999,1,1
1748026269.2399743,45.326693,-75.6481845,77.0,2,1
1748026269.4406643,45.32638983333333,-75.64762766666666,107.8,1,1
1748026269.6394331,45.326375666666664,-75.64759783333334,109.39999999999999,1,1
1748026269.8408375,45.32645316666667,-75.64764816666667,107.7,1,1
1748026270.020642,45.326376833333335,-75.64758216666667,108.99999999999999,1,1
1748026270.2441556,45.32668866666667,-75.64813283333334,76.8,2,1
1748026270.4566514,45.326384166666664,-75.64757916666667,107.49999999999999,1,1
1748026270.6526115,45.32636983333333,-75.647553,108.99999999999999,1,1
1748026270.8094954,45.326447333333334,-75.647606,107.39999999999999,1,1
1748026271.0556178,45.326371,-75.64754183333334,108.8,1,1
1748026271.233979,45.326685,-75.64809466666667,76.89999999999999,2,1
1748026271.441425,45.326382,-75.64754683333334,107.3,1,1
1748026271.646765,45.32636766666667,-75.64752416666667,108.89999999999999,1,1
1748026271.79657,45.3264445,-75.64758033333334,107.2,1,1
1748026272.0328338,45.32636816666667,-75.64751916666667,108.49999999999999,1,1
1748026272.2307773,45.326680833333334,-75.64807283333333,76.7,2,1
1748026272.4334228,45.32637916666667,-75.6475295,106.89999999999999,1,1
1748026272.6266644,45.3263675,-75.64750983333333,108.8,1,1
1748026272.8290527,45.32633166666667,-75.64748716666666,104.89999999999999,1,1
1748026273.0106802,45.32643183333333,-75.64755933333333,105.7,1,1
1748026273.226537,45.32669583333333,-75.64808516666666,74.89999999999999,2,1
1748026273.4535942,45.326378166666665,-75.6475215,106.49999999999999,1,1
1748026273.6171837,45.3263645,-75.64750083333334,107.99999999999999,1,1
1748026273.802637,45.326426166666664,-75.6475525,104.39999999999999,1,1
1748026274.0455773,45.326335666666665,-75.64748633333333,104.10000000000001,1,1
1748026274.217637,45.326689,-75.64806516666667,75.6,2,1
1748026274.4367416,45.3266835,-75.648067,75.7,2,1
1748026274.6246777,45.32637583333333,-75.64751933333334,106.10000000000001,1,1
1748026274.8380365,45.3263625,-75.64750183333334,107.49999999999999,1,1
1748026275.0123305,45.326442,-75.6475635,106.10000000000001,1,1
1748026275.2458317,45.326697333333335,-75.64808466666666,74.5,2,1
1748026275.449509,45.326382,-75.64752583333333,105.89999999999999,1,1
1748026275.6322207,45.3263665,-75.6475065,107.2,1,1
1748026275.8091488,45.32644416666667,-75.64756783333333,105.7,1,1
1748026276.0251756,45.32637033333334,-75.6475125,106.89999999999999,1,1
1748026276.2259746,45.326680833333334,-75.64806683333333,75.2,2,1
1748026276.4541657,45.326381,-75.647529,105.10000000000001,1,1
1748026276.649894,45.32637066666667,-75.64751266666667,106.7,1,1
1748026276.809734,45.326447333333334,-75.64757316666666,104.99999999999999,1,1
1748026277.0338292,45.32637283333333,-75.6475175,105.89999999999999,1,1
1748026277.255449,45.32668483333333,-75.64807216666667,74.3,2,1
1748026277.4434803,45.32638433333333,-75.6475345,103.99999999999999,1,1
1748026277.625035,45.32637316666667,-75.647518,105.8,1,1
1748026277.8102922,45.326449833333335,-75.647579,103.99999999999999,1,1
1748026278.193836,45.3263755,-75.64752316666667,105.2,1,1
1748026278.3733315,45.326683333333335,-75.64807416666666,73.5,2,1
1748026278.4382112,45.32638633333333,-75.64754033333334,103.2,1,1
1748026278.6032543,45.32575833333333,-75.64666416666667,97.60000000000001,1,1
1748026278.8072357,45.325758,-75.64666333333334,97.2,1,1
1748026278.970701,45.325757833333334,-75.64666333333334,96.89999999999999,1,1
1748026279.1750808,45.325757833333334,-75.64666316666667,96.7,1,1
1748026279.3896952,45.32575766666667,-75.64666316666667,96.49999999999999,1,1
1748026279.589652,45.32575766666667,-75.646663,96.2,1,1
1748026279.7789493,45.3257575,-75.646663,95.89999999999999,1,1
1748026279.9887083,45.325757333333335,-75.6466625,95.7,1,1
1748026280.1755912,45.32575716666667,-75.64666183333334,95.39999999999999,1,1
1748026280.3856313,45.325757333333335,-75.64666116666666,95.10000000000001,1,1
1748026280.598576,45.32575766666667,-75.64666016666666,94.89999999999999,1,1
1748026280.7710476,45.32575833333333,-75.64665883333333,94.7,1,1
1748026280.9745843,45.325759166666664,-75.64665733333334,94.49999999999999,1,1
1748026281.1761696,45.32576,-75.64665583333333,94.2,1,1
1748026281.3997595,45.32576066666667,-75.64665433333333,94.10000000000001,1,1
1748026281.574004,45.32576133333333,-75.64665266666667,93.89999999999999,1,1
1748026281.7756035,45.325762,-75.64665083333334,93.7,1,1
1748026281.97653,45.32576316666667,-75.64664883333333,93.6,1,1
1748026282.1774013,45.325764666666664,-75.6466465,93.39999999999999,1,1
1748026282.3860965,45.3257665,-75.64664383333333,93.3,1,1
1748026282.5707102,45.325768833333335,-75.64664083333334,93.2,1,1
1748026282.7808084,45.3257715,-75.6466375,93.1,1,1
1748026282.9882007,45.325774,-75.64663383333334,93.0,1,1
1748026283.1784134,45.32577633333333,-75.64663033333333,92.89999999999999,1,1
1748026283.385356,45.32577833333333,-75.64662666666666,92.89999999999999,1,1
1748026283.5731122,45.32578016666667,-75.64662316666667,92.8,1,1
1748026283.7907822,45.32578216666667,-75.6466195,92.8,1,1
1748026283.980074,45.32578433333333,-75.64661533333333,92.7,1,1
1748026284.191324,45.325786666666666,-75.64661100000001,92.7,1,1
1748026284.3796623,45.325789,-75.64660633333334,92.6,1,1
1748026284.5796897,45.32579116666667,-75.64660166666667,92.6,1,1
1748026284.7818341,45.325793166666664,-75.646597,92.6,1,1
1748026284.9991074,45.32579483333333,-75.64659266666666,92.5,1,1
1748026285.1800714,45.325796,-75.64658866666667,92.5,1,1
1748026285.3829434,45.325797333333334,-75.6465845,92.5,1,1
1748026285.5860915,45.325798666666664,-75.64658016666667,92.5,1,1
1748026285.780653,45.32580033333333,-75.64657533333333,92.5,1,1
1748026285.9750824,45.32580216666667,-75.64656983333333,92.5,1,1
1748026286.169476,45.325804,-75.64656416666666,92.39999999999999,1,1
1748026286.3861384,45.325805333333335,-75.64655866666666,92.5,1,1
1748026286.5837836,45.3258065,-75.64655316666666,92.5,1,1
1748026286.791735,45.32580766666667,-75.64654766666666,92.5,1,1
1748026286.9735096,45.32580883333333,-75.646542,92.5,1,1
1748026287.1746392,45.32580983333333,-75.64653633333333,92.5,1,1
1748026287.3862426,45.32581066666667,-75.64653033333333,92.5,1,1
1748026287.5952642,45.325811333333334,-75.646524,92.5,1,1
1748026287.779764,45.325812,-75.64651716666667,92.5,1,1
1748026287.969705,45.325812166666665,-75.64650983333334,92.5,1,1
1748026288.184743,45.32581233333333,-75.64650266666666,92.5,1,1
1748026288.3890772,45.325812166666665,-75.64649566666667,92.5,1,1
1748026288.5739033,45.32581166666667,-75.64648933333334,92.5,1,1
1748026288.7755046,45.32581116666667,-75.64648383333333,92.5,1,1
1748026288.976376,45.32581033333334,-75.64647833333333,92.5,1,1
1748026289.1807716,45.3258095,-75.64647216666667,92.5,1,1
1748026289.38402,45.32580816666667,-75.646465,92.5,1,1
1748026289.580191,45.3258065,-75.64645816666666,92.5,1,1
1748026289.7698689,45.325804833333336,-75.64645266666666,92.6,1,1
1748026289.9810624,45.32580316666667,-75.64644833333334,92.6,1,1
1748026290.190417,45.32580133333333,-75.6464435,92.6,1,1
1748026290.3857331,45.32579916666667,-75.64643783333334,92.6,1,1
1748026290.5773015,45.3257965,-75.64643116666667,92.5,1,1
1748026290.7772193,45.325793166666664,-75.64642466666666,92.5,1,1
1748026290.9784355,45.325789666666665,-75.64641866666666,92.5,1,1
1748026291.177622,45.325786,-75.64641333333333,92.5,1,1
1748026291.3815546,45.325782333333336,-75.64640883333334,92.5,1,1
1748026291.5716958,45.32577883333333,-75.64640483333334,92.5,1,1
