timestamp,x,y,z,qx,qy,qz,qw,roll,pitch,yaw,vx,vy,vz,wx,wy,wz
1748023035.8972063,-0.002053082820351616,0.00720419784040735,0.0073489587173912446,0.9996733626260851,-0.002067724533324525,0.019352878167864414,0.016563776070987055,3.1085250827450275,-0.0387713251218205,-0.003495618912927888,-0.015241988989607309,0.07099260830359241,0.10144698357016653,0.0,0.0,0.0
1748023035.975014,-0.006522293104486114,0.024283680200416907,0.036453924739227414,0.9995194249096271,-0.0014927515363481203,0.020536839650024175,0.023171731449511537,3.0952770529349967,-0.04113471904411022,-0.002034042072474026,-0.05345055296140581,0.1897601161972227,0.3936557908357335,0.0,0.0,0.0
1748023036.0643642,-0.017830634608782377,0.0473881528546254,0.08610183407938447,0.9997772829503123,-0.0020818207550185675,0.004037831324873982,0.020609377405134313,3.1003868599170903,-0.00815976466952835,-0.003996423498172282,-0.1478795486848941,0.2637979082688078,0.5750640575458473,0.0,0.0,0.0
1748023036.1393225,-0.026931786856636906,0.07555372239453806,0.15420010063754797,0.9998285143024902,-0.0008508369340819913,-0.007818663792168242,0.016765636304417953,3.1080434481547052,0.015606749911094982,-0.001963792220765112,-0.05519690156620427,0.2954861480731759,0.7330709270472522,0.0,0.0,0.0
1748023036.2149923,-0.032698890980740164,0.10802836460431645,0.23142531270406283,0.9996752151750944,-0.0008555869169627466,-0.022387636502573,0.012146022702310579,3.1172434034591774,0.044754885894806584,-0.00225672119547735,-0.0185081396743636,0.348703781189251,0.7925412860196707,0.0,0.0,0.0
1748023036.2848105,-0.03024126998719943,0.141717466204746,0.3106980001905192,0.9995218774647788,-0.0011444552291874858,-0.0290790120557693,0.010445944158971921,3.120607200243149,0.058139055202416454,-0.0029002358451140995,0.07261049599659773,0.35521117802687235,0.80315519851338,0.0,0.0,0.0
1748023036.3507373,-0.019453290524575933,0.17922368595128557,0.3910159845546949,0.9995616990731021,-0.0008256330756071399,-0.029215996673780255,0.004706762632185846,3.1321187006437885,0.05843185522608699,-0.0019288610172152265,0.14655168895538848,0.38262698083850816,0.7831128945056905,0.0,0.0,0.0
1748023036.4208534,-0.0006103749568412086,0.2176049845341649,0.46634344369062664,0.9996307190072983,-0.001403214649592624,-0.027070537242381072,0.001908564646036325,3.13769524149711,0.054142172920899276,-0.0029129972932319622,0.23685298438768726,0.3973737042917151,0.7308129190545637,0.0,0.0,0.0
1748023036.4837196,0.024500712618515278,0.2558092602931054,0.5337115453766784,0.9996806624296257,-0.0015484005192592063,-0.025219560863518748,0.0003864840852648319,3.1407407485781955,0.050443207302441284,-0.0031192787711195953,0.2837915113128597,0.38668931438944837,0.6436327817977855,0.0,0.0,0.0
1748023036.5334053,0.0555219372840554,0.29524804498779944,0.5934798165867925,0.9997133879835698,-0.0013154943311730067,-0.023791167767188853,-0.0023220028748029346,-3.137007365087389,0.047592771835715524,-0.002522607346226656,0.33065237285414983,0.39462243337330044,0.5456082321326612,0.0,0.0,0.0
1748023036.592158,0.09043828142753854,0.3331037431490163,0.6410031144179907,0.9996870135212049,-0.0016610092681785343,-0.024914562630946817,-0.0015429239040958254,-3.138586801301069,0.04983928556414038,-0.0032481352202888302,0.37972177719794675,0.39296591194021296,0.4416169250284358,0.0,0.0,0.0
1748023036.644406,0.13129726870012837,0.37182629009046425,0.6796148190615717,0.999598016543426,-0.0013679437860641202,-0.02831320457576503,-0.0005445171236835267,-3.140579894875003,0.056635408154965074,-0.0027082994150359504,0.43526953342484476,0.3818258648773085,0.33611458481699347,0.0,0.0,0.0
1748023036.7238317,0.17677598450479148,0.40899860832773505,0.7084066989566078,0.9995302456406497,-0.001066864940459986,-0.030593464241937193,0.0014797953976402904,3.138563500535002,0.06119321180100099,-0.0022274426755395016,0.4958493731828781,0.3914650664569601,0.2663407325055009,0.0,0.0,0.0
1748023036.84368,0.23030407707012696,0.4483883412405762,0.7343384116401561,0.9994128459954973,-0.0006418057826890816,-0.03424917966373089,0.000738266130445306,3.1400694517016157,0.06851077515590362,-0.001336563809034224,0.5715264145209917,0.39816503682840226,0.2523364273193165,0.0,0.0,0.0
1748023036.9412131,0.2919039977488084,0.4888610855314322,0.761152899271311,0.9993556445385147,-0.0009096588617347762,-0.0358811811911528,-9.532099899818264e-05,-3.1414670903852695,0.07177791358192709,-0.0018159819956811841,0.6513567447514921,0.41172160572271016,0.27013927690958583,0.0,0.0,0.0
1748023037.0455132,0.36139548688612794,0.5298255304721141,0.7908431746196549,0.9992782335281273,-0.0005996088254104332,-0.037954997666792216,-0.0014389643067635562,-3.138754136084741,0.07592987096713225,-0.001092267676174134,0.7383527932075729,0.4095640861046916,0.3066598421528011,0.0,0.0,0.0
1748023037.173796,0.43929821871961394,0.5703481190043854,0.823704113658773,0.9992562273142114,-0.0005825713088051526,-0.038550147468484924,-0.0007341080284341149,-3.1401662056707282,0.07712022826092695,-0.0011109784501997792,0.8334648676817018,0.42369040533324415,0.3441173841918424,0.0,0.0,0.0
1748023037.2407916,0.5272949176989241,0.6130252781345699,0.8596939682548397,0.9993664165765231,-0.0007620767623183733,-0.0355722889005606,-0.0008927039726960411,-3.1398582039465848,0.07116090550477543,-0.0014633809453883171,0.9245201200917706,0.4239729303196933,0.3483996848110498,0.0,0.0,0.0
1748023037.3431106,0.6241839339221094,0.6562787326554425,0.8937435279325047,0.9996582783410154,-0.0008769782822872531,-0.026118849039594914,-0.0006026426936513833,-3.1404320075065324,0.052244668108865605,-0.0017242299980312803,1.0147209615071036,0.43767355844156225,0.32514270792413547,0.0,0.0,0.0
1748023037.4488873,0.7260214469877387,0.6995233038321615,0.9222446479312004,0.9998482261980987,-0.0012166397628640892,-0.01736308843634408,-0.0007533366809982627,-3.1401275741586008,0.03472972056877386,-0.0024082042271146155,1.0351519123703188,0.4484056470467155,0.2350878524080619,0.0,0.0,0.0
1748023037.5543723,0.8303468093713811,0.7450769117310345,0.9415546127928214,0.9999256173730062,-0.0009852410294903047,-0.01051037064659237,-0.0061091022415310624,-3.1293930675740973,0.021032766293535954,-0.0018423261601337206,1.0487234692675056,0.4562381908870569,0.14215400083674445,0.0,0.0,0.0
1748023037.648082,0.936181882862305,0.7896679147624927,0.9523489251979739,0.9999557596636067,-0.0018289813329159525,-0.005803405788093872,-0.007173146040745815,-3.1272667655602695,0.011632799547910102,-0.003574792966493692,1.062991851606304,0.4487823012871404,0.07075186126335273,0.0,0.0,0.0
1748023037.772046,1.0411238916667205,0.8333117737523454,0.9550684270708386,0.9999626783253994,-0.002057002394790851,-0.0033170548675206623,-0.007707648438252675,-3.12619062732877,0.006665620800916494,-0.0040628192956060245,1.0562454909163053,0.43896019450253904,0.003065633215468164,0.0,0.0,0.0
1748023037.8844452,1.1487113315997435,0.8776969670276362,0.9550598176039091,0.9999621270394673,-0.0020655186084145693,-0.003974540793133987,-0.007461979969580657,-3.126684651016698,0.007979690932802359,-0.004071705758132189,1.0460756373276499,0.4303826952668969,-0.005239966966528089,0.0,0.0,0.0
1748023037.9927404,1.2530308031913344,0.9192092614200831,0.9592520016304871,0.9999634518663558,-0.0026942051312692198,-0.006463366310200616,-0.004905210104901385,-3.131816443367358,0.012953053667890454,-0.005325276889613486,1.0716443434635718,0.42227104329819565,0.07486376531378218,0.0,0.0,0.0
1748023038.0973227,1.361494431877531,0.961527118788347,0.9717028718802283,0.9999800696853288,-0.0028199413762545564,-0.004422043994820936,-0.0035147815959568306,-3.134587837851746,0.008863850748780655,-0.0056089350581710416,1.1107206917629862,0.4387243616443156,0.17226154284982384,0.0,0.0,0.0
1748023038.196483,1.4740681377753648,1.0056880773934007,0.9961288306776451,0.9999816378933796,-0.00229147295495938,0.004808307249332075,-0.002890191891021499,-3.1357900396061544,-0.00960333993353459,-0.004610884571741053,1.1249000876588056,0.4418204784107329,0.31317301350464394,0.0,0.0,0.0
1748023038.3149807,1.5857858993511642,1.049864330913902,1.0369096002775153,0.9998634384551637,-0.001878124534065809,0.016417676341987965,-0.00019233403570927262,-3.141146128451547,-0.03283604653498299,-0.003764089398030872,1.0963653929933497,0.4432543572856714,0.47036713383591644,0.0,0.0,0.0
1748023038.4126256,1.6907822401875525,1.0937654660506149,1.0882921433011696,0.9997594778781319,-0.002272002218522346,0.021758095260521557,0.0015523174282533853,3.1385847809721357,-0.043526520269261376,-0.004479618308727187,1.0408887867517493,0.4665988699415178,0.5884345953303765,0.0,0.0,0.0
1748023038.5206845,1.7883491584146083,1.1386662607314642,1.1526784176074076,0.9996839050386902,-0.0021898064579959423,0.024912234249113853,0.0025836677396209886,3.136529748760187,-0.04984066693760964,-0.004254795049657105,0.9716402505290135,0.4867001198780393,0.68098806220667,0.0,0.0,0.0
1748023038.622568,1.882658846187309,1.188534236170585,1.2232833053766035,0.9997838214565788,-0.001960709062356124,0.020691586422179938,-0.0005694075745043691,-3.1403718987682407,-0.041383805244525625,-0.003947524354754542,0.9004474165956118,0.5028149062247963,0.7243039092927367,0.0,0.0,0.0
1748023038.7164254,1.973410363692358,1.240506502706245,1.2971609487016607,0.9999102559003271,-0.0025300415778500445,0.012598135881574017,-0.003790251609917344,-3.1339465852662807,-0.025177491501270376,-0.0051567864735004645,0.865569491022514,0.5141249878410833,0.7243338476924903,0.0,0.0,0.0
1748023038.8237538,2.0603852172432617,1.2918569630735734,1.3689082815638627,0.9999750551317647,-0.00310450597328385,0.00502042341691169,-0.0038789825471501806,-3.1338032406140703,-0.010016679218425393,-0.006248159433621335,0.8572114964152735,0.5079758322799401,0.7252748872274271,0.0,0.0,0.0
1748023038.9252524,2.1448836104968905,1.3421424061029703,1.4429842578831615,0.9999821351509277,-0.0035767842112610845,0.002616525981737959,-0.004011207484621988,-3.1335514688896313,-0.005204287521244175,-0.007174590193277105,0.866456250908766,0.5116774365651057,0.7477766122249629,0.0,0.0,0.0
1748023039.042518,2.2304447801244676,1.3969103573136883,1.5188309462546443,0.9999201130380889,-0.004494933944823973,0.001373574165577158,-0.01173355891188371,-3.118112822972512,-0.002641448797001452,-0.009021537389376394,0.8426096562901549,0.5489272118502272,0.759139024630716,0.0,0.0,0.0
1748023039.1569238,2.3169084854741024,1.4518282143871273,1.595174185931267,0.9995856274209447,-0.00526875835653892,-0.0002123716049177804,-0.02829785393202848,-3.084992404721457,0.0007227563795744412,-0.010521327796297995,0.8539975890354001,0.5470564357857234,0.7486756286832319,0.0,0.0,0.0
1748023039.2603607,2.4035040527695366,1.5020667645808112,1.6627704635959324,0.9991987940469829,-0.004473355405987726,0.0007172071093134912,-0.03976486741370328,-3.062036280650226,-0.001077500396686567,-0.008996708534036512,0.8629498498809951,0.43143902941333956,0.606140510836173,0.0,0.0,0.0
1748023039.3560672,2.4868766691846993,1.5386236150191108,1.7157436145918898,0.9991859607793485,-0.004465260827383268,0.0018022221118959617,-0.04005283039503304,-3.0614499226300778,-0.0032438230844388724,-0.009067792025559861,0.8491199481593827,0.3587862751363165,0.46726015570237944,0.0,0.0,0.0
1748023039.462788,2.5747761264725995,1.5715139497087312,1.7618137543249848,0.9994012596455095,-0.0043210610218833035,0.0055433809500998465,-0.033878039764072304,-3.0737733159389364,-0.010787554880023966,-0.009013191878042398,0.8468868416247339,0.2741401816174986,0.3924917323947148,0.0,0.0,0.0
1748023039.553665,2.660222613460144,1.5998171214178565,1.803191997142405,0.9994632206269864,-0.00410672232521763,0.009910714009818201,-0.03095453429614377,-3.07958383332419,-0.019557791740715258,-0.008824401064701537,0.8347239693023185,0.24119109384740503,0.4049211364134533,0.0,0.0,0.0
1748023039.6562483,2.7418924323643785,1.6237226474433655,1.8467901154839628,0.9995344126535562,-0.005219562737470844,0.014134089513722923,-0.0265318977790529,-3.088360050218898,-0.027981699265497366,-0.011188886978421658,0.7837450708887356,0.21287807481447438,0.42197850573583673,0.0,0.0,0.0
1748023039.7671096,2.818337980386122,1.6432262477198532,1.8895909212075774,0.9996019859183931,-0.0050552759079890925,0.01025303632300597,-0.02579126169185777,-3.0898933866948988,-0.020238528634591656,-0.010637784284049887,0.7359891434508606,0.1682962127372498,0.3812559772326051,0.0,0.0,0.0
1748023039.8628366,2.8953395394193175,1.660587463578293,1.9286822985659737,0.9996484861327581,-0.005157970139311398,0.005082754992576017,-0.02550421765536925,-3.0905250204197916,-0.009898998347865794,-0.010572292387293849,0.7182030836132582,0.14327232545525392,0.3211994429990705,0.0,0.0,0.0
1748023039.9756606,2.9724828869726094,1.6736244783714633,1.9611149724253065,0.9996808979416967,-0.005697067081208749,0.0015669595616470784,-0.024559933934918326,-3.0924506291203033,-0.002853083771700236,-0.011467765142580636,0.7311037944115373,0.10282804349741365,0.2810848465775103,0.0,0.0,0.0
1748023040.0896354,3.0471842329236205,1.6850243422330187,1.989092129629715,0.9996906361061682,-0.005431467573794439,-0.0033706122764119192,-0.02403685117734811,-3.0935507834299294,0.007000306990886944,-0.010698002912698484,0.7281489335137614,0.08224766239885943,0.25616581108954195,0.0,0.0,0.0
1748023040.1857636,3.127195453759489,1.6959374718371385,2.0175208339349946,0.9996806186706111,-0.005437744252324461,-0.007403637456033184,-0.023543103962953293,-3.0945793569519253,0.015059157676499657,-0.010524793522844364,0.741778792267194,0.05130309313786036,0.25421810692750724,0.0,0.0,0.0
1748023040.2836504,3.201984314902406,1.700082015415388,2.0440460918673136,0.9996996323815023,-0.006023535386616167,-0.009719924130021432,-0.021676833547407452,-3.0983472414343294,0.01969642501755086,-0.011624574421044413,0.7763477209594253,0.03291114820222109,0.2713575970219296,0.0,0.0,0.0
1748023040.39888,3.2867799856417497,1.7049428836324965,2.0741509076432982,0.9996639751956174,-0.00773739787538757,-0.006259758949656409,-0.02393501176323497,-3.0938134420085937,0.012886057068759211,-0.015171782643424283,0.8174046796714506,0.00969770105797817,0.2921246100967245,0.0,0.0,0.0
1748023040.530666,3.365973766166001,1.700843222135249,2.10283041737325,0.9996515565951629,-0.012160930843729195,0.00029720097117598817,-0.023426242324889705,-3.09473211751527,-2.4425001234918937e-05,-0.02432971170277936,0.8222838087441351,-0.04071692304587731,0.31046618811405413,0.0,0.0,0.0
1748023040.615647,3.4485520186014176,1.6960105964137666,2.1343915292000895,0.9995756117813273,-0.018668126499985352,0.006381891884028768,-0.02143289156755757,-3.0984903606266894,-0.011958428121657606,-0.03760552377321541,0.8045269630419165,-0.07848478926028797,0.3416590590288062,0.0,0.0,0.0
1748023040.7309468,3.5296511218511872,1.6895258004747578,2.1680623105815418,0.9993458020351066,-0.028121459815651246,0.011114545345107807,-0.01983981689477071,-3.101293989005346,-0.021100264916497358,-0.05669011926286887,0.7820856154255198,-0.09075644150205478,0.34776903010547117,0.0,0.0,0.0
1748023040.8213723,3.6083397826082226,1.6836500897605073,2.202550934842222,0.9988920664713941,-0.04014066660453331,0.01354936284915964,-0.020488562454049706,-3.099547193951954,-0.02542659267820783,-0.08086180203592512,0.7433560536650137,-0.08607684107642723,0.32848366598837586,0.0,0.0,0.0
1748023040.9220543,3.679919260009471,1.6738423028731333,2.2321443092716446,0.997837783492425,-0.0593320649483284,0.014463175075323803,-0.02429568831361371,-3.09135199704483,-0.025983702134279755,-0.1194343017896586,0.7146782723648772,-0.11729208213324761,0.27267241724041946,0.0,0.0,0.0
1748023041.032673,3.7506210055166918,1.6606021851273471,2.258753537188448,0.9962802485871394,-0.08098602529993294,0.013559945091552684,-0.026135375841576273,-3.0872792097933535,-0.02278778268199149,-0.1628391374908303,0.6566372824354643,-0.13959116707931005,0.24158317673536361,0.0,0.0,0.0
1748023041.1499362,3.809481116834551,1.6468099855724192,2.28006693654334,0.994432759312628,-0.10062555148264256,0.0035712812088893207,-0.03106817576257558,-3.079042703447017,-0.0008502935167968499,-0.20171787474992667,0.5841156587019525,-0.14851851868748564,0.19984482339097248,0.0,0.0,0.0
1748023041.3166487,3.8728234090031837,1.6335943886721653,2.2992076590293284,0.9932267876692132,-0.10855992106679857,-0.009351546887305816,-0.04034650375287327,-3.063367645608625,0.027339846087038763,-0.21666620798549535,0.597501941750733,-0.1468182420358533,0.1596068373660428,0.0,0.0,0.0
1748023041.4343271,3.936714940690854,1.615549754301576,2.3122885311408194,0.9923212292033838,-0.10941211674065203,-0.014659130589832512,-0.05579136736956246,-3.0337739137665456,0.04131338742246616,-0.21740073395983328,0.6374634594556349,-0.22286228080710166,0.08468386971117248,0.0,0.0,0.0
1748023041.5578973,4.004743798214805,1.5881626956943182,2.3177256670188418,0.9916277529102435,-0.11010478182582853,-0.01276879026505323,-0.06624420482151419,-3.0125650448453762,0.03992198456498615,-0.21858342909605785,0.6603258776335179,-0.3348900473341016,0.022946239221929562,0.0,0.0,0.0
1748023041.6580842,4.080678722161377,1.546411061727708,2.31979861654551,0.9913254336621868,-0.10965854507332629,-0.009536811659042356,-0.07181878090206294,-3.000743078414494,0.034666196858075995,-0.21789476295739574,0.6749439709182229,-0.48168047780242274,-0.01619071794022655,0.0,0.0,0.0
1748023041.7830555,4.1409117296817834,1.4901268396869434,2.3157229240273103,0.9916180818728678,-0.10915969832333229,-0.0049359159946081145,-0.0689447365505719,-3.0054747455725432,0.024843615910237524,-0.21758834911006403,0.6643862684973416,-0.6109296494638609,-0.04053285634609982,0.0,0.0,0.0
1748023041.8952065,4.217630271641311,1.4207573091987504,2.312478416064784,0.9922517034086501,-0.10878371293859095,0.0017807496145330432,-0.05999574828883416,-3.0218521103752494,0.009519360612658803,-0.2178235493001859,0.6527947351276054,-0.7321626153296817,-0.06428852628160825,0.0,0.0,0.0
1748023041.9921317,4.2800360867806475,1.3451163068211958,2.308252496741674,0.9927104350924514,-0.10950879869447708,0.006066773811551076,-0.049970084276173526,-3.0408820555983183,-0.0011007717629541991,-0.21979289061972565,0.6244144738507136,-0.792440134806977,-0.05123616184670411,0.0,0.0,0.0
1748023042.1258328,4.347043141674961,1.2603189709848304,2.3071067216001198,0.992984166789468,-0.10981430487903414,0.008484433785624702,-0.04302647246403109,-3.0541662972625496,-0.007400040034773527,-0.22060892814755267,0.593193286799751,-0.8548044918157939,-0.03146747712262396,0.0,0.0,0.0
1748023042.2365031,4.4109040664733925,1.1726993284813199,2.3051443159549443,0.9932256177450062,-0.10970979519669587,0.008293731709180567,-0.03738779356001536,-3.0654275955999455,-0.008271573573585201,-0.22033937292301742,0.5739106199192757,-0.8914969328941116,-0.02310497220321391,0.0,0.0,0.0
1748023042.33087,4.466443600865534,1.0859661356152561,2.302541083132774,0.9933781857274901,-0.11002258789335533,0.006930087069630236,-0.03235404406278314,-3.0757390760490364,-0.006649092320214885,-0.2208318544565158,0.5342258834909444,-0.9017627118721154,-0.028606763412434035,0.0,0.0,0.0
1748023042.4446137,4.519282137320642,0.9958128769858834,2.3006607770121152,0.9935257817975183,-0.1100871801838653,0.005732795860911349,-0.027467593895579418,-3.0857210522994394,-0.005343726494411656,-0.22085810334669295,0.5180074390426955,-0.9304953633321497,-0.01703133397558387,0.0,0.0,0.0
1748023042.5602643,4.5764972999603035,0.9024468879741477,2.3000203450174133,0.9935264524050291,-0.11033017118628947,0.005669812524347929,-0.02646308605246578,-3.087731167263132,-0.005426890455641105,-0.22133802383553083,0.5049389781820284,-0.922325558029055,0.003685128251409698,0.0,0.0,0.0
1748023042.653119,4.624261219544042,0.8161968411522385,2.3020961055917417,0.9935757077592412,-0.11064306120167883,0.007456552956148271,-0.0225793218821306,-3.095055050674919,-0.009820967049469947,-0.22203166014971856,0.48881960149047604,-0.9153572837510416,0.02323123672620168,0.0,0.0,0.0
1748023042.7653847,4.679459020878469,0.7224244032758281,2.3040647689991762,0.9935532741360954,-0.11057512237626653,0.009629815708848721,-0.023071636576805766,-3.0935940645190185,-0.014033632410603559,-0.22200984447423772,0.4714097072203446,-0.9236425803709425,0.027170584050225575,0.0,0.0,0.0
1748023042.8693051,4.725388233114265,0.6355012810992156,2.3085067402245594,0.9934584445299073,-0.11151199128277925,0.0132169962052882,-0.020753452813353567,-3.097384820742582,-0.02163424286185819,-0.22403506417501465,0.44274748375420786,-0.9144498887771007,0.05597961558059543,0.0,0.0,0.0
1748023042.9781985,4.763603968010462,0.5545122169836,2.3157873810708742,0.9934031140968439,-0.11224390650858497,0.014004566598162356,-0.01885286367591684,-3.100969336187857,-0.02359431106919402,-0.22550353762572192,0.39103579142505945,-0.8874675170050993,0.0838961919484316,0.0,0.0,0.0
1748023043.0862381,4.808511809796343,0.4610188667675894,2.324253830491838,0.9934602015087621,-0.11163605783532439,0.015324366706515935,-0.018422334113846008,-3.101542845867156,-0.026338148374095247,-0.22433054934686258,0.3704239952062498,-0.8864336638719502,0.13422068206778404,0.0,0.0,0.0
1748023043.2058146,4.845513183566201,0.3736603424111187,2.3404154036759386,0.9934020358764403,-0.11207287921814185,0.01739617234391077,-0.01701287888867045,-3.103865332981571,-0.030754269201338086,-0.2252647122024622,0.32768532943159717,-0.87554696772121,0.1912051569834004,0.0,0.0,0.0
1748023043.3016813,4.87044015423566,0.29924227406872606,2.3632476176902184,0.9933967855872464,-0.11249817605872336,0.017624498848647665,-0.01401298714482587,-3.109764761057406,-0.031868764159656136,-0.2260383267051039,0.2789534461552281,-0.8447788909395345,0.25193305901403223,0.0,0.0,0.0
1748023043.4112208,4.898953785982407,0.21345703570690233,2.386352262757599,0.9934158273714884,-0.11256270409126612,0.015021132899462431,-0.015132651515846697,-3.108127042288443,-0.02644079874120042,-0.22609755814084306,0.22837909087080752,-0.8120166265524562,0.22595524246838675,0.0,0.0,0.0
1748023043.512239,4.928376461028158,0.12322350561757978,2.406930149639998,0.993453316652627,-0.11276686721809932,0.012085947643738758,-0.013713903866650775,-3.1116075634221514,-0.02092222797166999,-0.22636612940540446,0.2119368020870814,-0.8173315145250364,0.20326048536849198,0.0,0.0,0.0
1748023043.629376,4.947738541384888,0.0511923159219112,2.4213761221280956,0.9934785731596357,-0.11275046860046009,0.008548591633666345,-0.01464848402231412,-3.110551137955513,-0.013682865310715957,-0.226226515198479,0.19523303084503071,-0.7718437913135311,0.11089193116335348,0.0,0.0,0.0
1748023043.743963,4.967357759282766,-0.024830157032619593,2.428306583723835,0.993517375984474,-0.11257465746266167,0.005182872865003421,-0.014943491658749726,-3.1107268534270665,-0.0069340871550652924,-0.2257629728019921,0.18537239875919545,-0.7648738357817848,0.05041235313745797,0.0,0.0,0.0
1748023043.8639848,4.9918816847118785,-0.10863269045241186,2.432480714782717,0.9935501014047629,-0.11254732562073888,0.004974798853390987,-0.012905303970575085,-3.114824872278306,-0.006980565605794566,-0.22568769284436235,0.18498085500625558,-0.7706409661613812,0.013718523895496096,0.0,0.0,0.0
1748023043.9538674,5.010222869925938,-0.18150786780251948,2.4315917950458923,0.9935563377893194,-0.11308549586094314,0.005817533737927736,-0.004861128034582211,-3.130616466145332,-0.010460839668557941,-0.22671979825648103,0.18529212581787124,-0.7325119836434095,-0.013010992863969291,0.0,0.0,0.0
1748023044.086804,5.029327136451205,-0.25089364842281103,2.428815976613842,0.9935497553740984,-0.11313202405519868,0.007469040138574351,-0.002059652556023238,-3.1358093138846996,-0.014376195875041601,-0.2267979101678737,0.17830338434002985,-0.6750011398316124,-0.0373982570666196,0.0,0.0,0.0
1748023044.1642997,5.0462040851067975,-0.31568987817136274,2.423252847473597,0.9935109711484678,-0.11343427067566278,0.008040939982092203,-0.0019899065589420134,-3.1358137005307185,-0.015526700833936848,-0.22741061198336637,0.15608514266065499,-0.6304920642917107,-0.06282779436817401,0.0,0.0,0.0
1748023044.2764604,5.066763850749983,-0.3850470502413348,2.419571245235143,0.9934374188586322,-0.11389486910302338,0.010324289119727314,-0.0018608217743693032,-3.1355424086193944,-0.020090545661771677,-0.22835851468635288,0.1580127978098143,-0.5915706128622232,-0.03913467978523099,0.0,0.0,0.0
1748023044.3962872,5.079117243501054,-0.43956725382035655,2.416117990037098,0.9934317404994077,-0.11381485267835788,0.011600579577640364,-0.002232225701867417,-3.134515032045642,-0.02254255622384987,-0.22821980481551815,0.12085090436181391,-0.5548713651633879,-0.03997670399949953,0.0,0.0,0.0
1748023044.4833634,5.091842612363271,-0.4931663243832924,2.4130841706066968,0.9934486953225469,-0.11357184780287921,0.012338184050331076,-0.002982341849829532,-3.1328619139158365,-0.023839543578223255,-0.22775735116044585,0.09697858449391568,-0.5009065664814986,-0.04443316510376785,0.0,0.0,0.0
1748023044.5615563,5.099855224878329,-0.5400981646564064,2.409810924967326,0.9934704981549549,-0.11353970068034323,0.010609390688739595,-0.003542103100917926,-3.1321434465120945,-0.02027728418763344,-0.22768024800888248,0.07259175498940115,-0.47409129124117405,-0.038195240479835316,0.0,0.0,0.0
1748023044.6607974,5.106180532099062,-0.5854527558298283,2.4066260609719614,0.9935095514306977,-0.11327874104464238,0.0094927401777535,-0.004072582378837296,-3.1313478754504636,-0.017940544446837604,-0.22714890287172484,0.05536466419571488,-0.422648747751943,-0.02573240423184375,0.0,0.0,0.0
1748023044.7621737,5.109418655364521,-0.6245023295386002,2.40543480949899,0.9935031617910868,-0.1134738868457202,0.007719411296333714,-0.003944008681092678,-3.1320028328889338,-0.014443937298646865,-0.22751550172163726,0.03547639707413101,-0.39015452976186493,-0.023977725652276217,0.0,0.0,0.0
1748023044.8666906,5.112244769266832,-0.6632027250236602,2.4032912832317193,0.9934902816461512,-0.11364463237919997,0.005984865392946196,-0.005112650220414871,-3.130072703383625,-0.010729966593034341,-0.22785026725538393,0.02233395628939082,-0.3503248140855234,-0.023223707604598316,0.0,0.0,0.0
1748023044.9630218,5.1184742314464415,-0.7026029757732498,2.400923951942305,0.9935126737065749,-0.11354571923019321,0.004399201852600918,-0.004536943020472116,-3.1315781466090837,-0.007711101090945746,-0.22762543533758545,0.03011972158885511,-0.3253682068298548,-0.02566391962124954,0.0,0.0,0.0
1748023045.0819416,5.120218394127569,-0.7319624341937423,2.3982650251196698,0.9935301770625806,-0.1134005969753318,0.004770473723843122,-0.003915922890712174,-3.1327290861730748,-0.008591188903454918,-0.22733255029220392,0.019668194439063525,-0.2802981030492204,-0.030207494227404402,0.0,0.0,0.0
1748023045.1773312,5.120000079655813,-0.7539547084223667,2.399082318936908,0.9936444839239236,-0.11236553461642164,0.00620849970861591,-0.00246591348056231,-3.135296449397375,-0.011784188342136239,-0.22524883107088195,0.010829898670940587,-0.2472530283876139,0.04133757867735694,0.0,0.0,0.0
1748023045.3015797,5.119663922761608,-0.7820819122854881,2.407915155513431,0.9939804069032624,-0.10936953371297056,0.0062150093546616695,-0.0016215568302517139,-3.1370092507128424,-0.012000785280150552,-0.21920955535841288,-0.007170224664895585,-0.20058368248120811,0.1272338539202835,0.0,0.0,0.0
1748023045.364539,5.119519113003934,-0.801796332598385,2.425106890835844,0.9943459376405529,-0.10594509951916599,0.005791181458097789,-0.004272517164760002,-3.131868138034262,-0.010611770165089643,-0.21234571990716616,-0.016822607155552716,-0.15221911987739822,0.1966860993325487,0.0,0.0,0.0
1748023045.4519472,5.11772100992649,-0.8142865651111695,2.447447428782453,0.9945050187830925,-0.10431349226709395,0.005449885821412108,-0.006982957168521544,-3.126565261356968,-0.009383181993547865,-0.20908593925404562,-0.027493976162777923,-0.1190920279717208,0.26646654318948604,0.0,0.0,0.0
1748023045.583595,5.11552282460067,-0.8264427267572432,2.4752295653186134,0.9944934094146104,-0.10437769145651012,0.004111835989448653,-0.008440910016690914,-3.123944147512839,-0.006416346207734454,-0.20920218185880557,-0.03904180841336414,-0.09479688031238502,0.30701644313900284,0.0,0.0,0.0
1748023045.646358,5.112563182954995,-0.8339957596077884,2.50769079965791,0.9944227765302732,-0.10476288677570027,0.0032676124957035893,-0.011721850571564304,-3.117592554100367,-0.0040427577851336535,-0.20997506209750455,-0.044553725625600345,-0.07033439880869934,0.33360152656547637,0.0,0.0,0.0
1748023045.7494214,5.106520312899338,-0.8412453869411813,2.5424710380181867,0.9944096411431129,-0.10469901554690693,0.0027587666159353064,-0.013415325262281919,-3.1143308412874955,-0.0026775487440373388,-0.20983874743775954,-0.05270085417489002,-0.04059025866960076,0.34970453335199064,0.0,0.0,0.0
1748023045.8421392,5.101860708055514,-0.845497090302202,2.5775635103055126,0.9946801219870162,-0.10177491546742788,0.0011788800348824975,-0.015872357964589162,-3.1097714723518823,0.0008855988221800224,-0.20391470811690263,-0.05638333083590136,-0.03894146135334973,0.36206511826549453,0.0,0.0,0.0
1748023045.952255,5.098067086332678,-0.8498211765577401,2.617556266475908,0.9950455397256525,-0.09812289192296145,0.002100427988175004,-0.015870102552482872,-3.109592024391927,-0.0010656024888365413,-0.19660439290859022,-0.04846942435833595,-0.02847348854072267,0.45653632340909556,0.0,0.0,0.0
1748023046.073673,5.093511321988874,-0.85691100226852,2.6694671469404696,0.9955494646238487,-0.09314813587688806,0.0034227084544082233,-0.013891484321888425,-3.1132916656268894,-0.004227031988354122,-0.18664570256722035,-0.04795366423086739,-0.04397212491453319,0.6046826942669624,0.0,0.0,0.0
1748023046.1535175,5.092636729262695,-0.8584482985556243,2.7360993891224124,0.9961090706916487,-0.08730492139124454,0.0044975099255300695,-0.011150891944531413,-3.1185897406960015,-0.007013022861552652,-0.17492575941809002,-0.05987535341670443,-0.009143355618411123,0.7175131292267111,0.0,0.0,0.0
1748023046.2703097,5.089486520367741,-0.8567231865002087,2.8126216807465125,0.9963844332379153,-0.08413500332016616,0.005153646111905709,-0.010620845033573105,-3.1195579844344437,-0.008482957595691934,-0.16857439594409554,-0.0549483620406317,0.028800098952062068,0.7924108307281421,0.0,0.0,0.0
1748023046.3709953,5.083894127036209,-0.8542492873439649,2.8927376256617436,0.9964031356667006,-0.08358229742043463,0.0035004547768156986,-0.013510647943169283,-3.114079620513249,-0.004717243737270334,-0.16744108227457455,-0.0639037951394874,0.05202009208036323,0.7966124103209568,0.0,0.0,0.0
1748023046.4779396,5.076230254707648,-0.8474788703564786,2.9728243359064823,0.9963656845788801,-0.08349015699867149,0.0018339381434524147,-0.016776559506726605,-3.1078488300028524,-0.0008531909968354963,-0.16721318149316255,-0.06490062922064532,0.07590817851476707,0.785806964080988,0.0,0.0,0.0
1748023046.5720809,5.069678561962208,-0.8385636005252713,3.045741431366894,0.9962936539256183,-0.08340505519980236,0.0001637845867757987,-0.021036280309675956,-3.0996361865149025,0.0031827145253291423,-0.16697439293613783,-0.07177365864583757,0.08119782677063984,0.7467767661270532,0.0,0.0,0.0
1748023046.706657,5.061769877040423,-0.8345142120230178,3.1192518331309977,0.9961946249376968,-0.08386050547251064,-0.0036210798965380857,-0.023464284509005662,-3.0954307351449994,0.011150285226694444,-0.16770827150343662,-0.07063355840571572,0.06409407404408071,0.732531419063272,0.0,0.0,0.0
1748023046.8114426,5.056715818903429,-0.8270417610375758,3.19528436718502,0.9961655074030721,-0.08399290802285861,-0.004712812837329665,-0.024026290962274963,-3.0944943606982536,0.013425962625779685,-0.1679182833837891,-0.04412226085406433,0.062355506634802244,0.765828257353723,0.0,0.0,0.0
1748023046.914693,5.053620159379924,-0.819482333778711,3.2694640064446188,0.9962219199785103,-0.08370424400852147,-0.0029120886181755864,-0.02295659881542443,-3.0963228622294885,0.009645452086065287,-0.16743123104163254,-0.0283315584869952,0.05973241133346218,0.76969435594108,0.0,0.0,0.0
1748023047.0511305,5.0502788785157,-0.8141449614713591,3.3472759333938455,0.996295298163853,-0.08339132290601593,-0.002252979732264632,-0.020892347951104714,-3.1003254920513243,0.007973831795156509,-0.1668489682978873,-0.01859092746392099,0.05462593942013037,0.7811365111730564,0.0,0.0,0.0
1748023047.134192,5.0486554047512096,-0.8101497768473986,3.4270112561524266,0.9962982893140174,-0.08349780703150417,0.0002948943272734411,-0.02043888373243706,-3.100805487023397,0.00282560227202542,-0.16716766043517975,-0.004685094260100092,0.061304203000451016,0.8055948883699682,0.0,0.0,0.0
1748023047.2612872,5.046684325969229,-0.8078007250834442,3.511429536049567,0.9963029376442366,-0.08373321895223429,0.002560888403467585,-0.019043275347132602,-3.1032085533464193,-0.001913732958423388,-0.16773051470004888,-0.020654699866805733,0.0650347081285694,0.8360929464549951,0.0,0.0,0.0
1748023047.3196461,5.045255966200211,-0.801826413507039,3.5933234951858104,0.9963525910451204,-0.08316680770353918,0.0051553766583064976,-0.018390717919344223,-3.1040780875747984,-0.007214213758163721,-0.1666917500923225,-0.02505965924179359,0.07032229738945743,0.871439505766555,0.0,0.0,0.0
1748023047.4386659,5.042998819489904,-0.7946418249075459,3.683873417050589,0.9963082488006657,-0.08360048575415996,0.005309171167565515,-0.018778840617378622,-3.103275491787652,-0.0074393702829017964,-0.16757085364620253,-0.03394271010574553,0.08701872588408723,0.923807928591784,0.0,0.0,0.0
1748023047.5413728,5.040668923658353,-0.7863176840752713,3.778148515241215,0.9962964820879957,-0.08378008643262161,0.0053297298626422225,-0.018595990858729674,-3.1036351801174424,-0.0075041052101942896,-0.16793072256126818,-0.040681298018644854,0.09636713291790235,0.9641948636987039,0.0,0.0,0.0
1748023047.6847417,5.0367944549980885,-0.7734172000964733,3.8756771991268586,0.9963188821963129,-0.08333372443801977,0.0057569525659017535,-0.01926221294482768,-3.1022390444266885,-0.008261231167759486,-0.16705734397214544,-0.04926536661574185,0.1152148910385245,0.9835789484470994,0.0,0.0,0.0
1748023047.737913,5.031744051791895,-0.763021123805376,3.9733618382974445,0.9962925096129314,-0.08364955428934157,0.006836919631320432,-0.018900896442141147,-3.1027753289587685,-0.010461231316125405,-0.1677318194225559,-0.05815944258003259,0.12037837243058601,0.9932394998786495,0.0,0.0,0.0
1748023047.841192,5.025795202082437,-0.7540058882890557,4.072723996791489,0.9962372734592884,-0.08392650113519129,0.006946938621586787,-0.02047870653619516,-3.0996086830627303,-0.01040437372075046,-0.16830852181934586,-0.067919913924077,0.12637578918237635,0.9914909083575862,0.0,0.0,0.0
1748023047.9623084,5.017169975346792,-0.7422129191716675,4.171035184335474,0.9962565117998031,-0.08357804425141624,0.007440570016995549,-0.020792093050471146,-3.098904688426989,-0.011350151413176966,-0.16763452209875257,-0.08511357875917851,0.12941817858232127,0.9782880469542,0.0,0.0,0.0
1748023048.0828366,5.008798150623918,-0.7304796230395012,4.268379229721287,0.9962412343246786,-0.08349367444590466,0.006609571845683949,-0.022102554575861806,-3.0964326096126533,-0.009478750973920471,-0.16744065498020683,-0.09198700482523793,0.13512851853068267,0.9562559628335535,0.0,0.0,0.0
1748023048.1887,5.000717098835648,-0.7223454321286846,4.36310290690884,0.9961773857538629,-0.08386915295455508,0.006438577242867211,-0.023561112417982012,-3.0935501922664352,-0.008875945553491565,-0.16819906491454595,-0.1019907645172908,0.12746384897554983,0.941714260558911,0.0,0.0,0.0
1748023048.3077464,4.990934769197548,-0.7101758244097764,4.45647763281916,0.9961847854210025,-0.08364740263930448,0.007080984191067321,-0.023850471489996757,-3.092867316963356,-0.010118050088414496,-0.1677890489930912,-0.10930594094328555,0.12609458033839419,0.9327528796744307,0.0,0.0,0.0
1748023048.390506,4.9821084922515775,-0.6957423530474875,4.547630131157613,0.9961619703364607,-0.08361400851177607,0.005929052802337735,-0.025196681702959415,-3.090377332806854,-0.0075990758626214815,-0.16767437640206714,-0.1214742877559432,0.1419797629435234,0.9039951779404074,0.0,0.0,0.0
1748023048.5281162,4.972910722852706,-0.6808612051480392,4.636271512059997,0.9961465167176167,-0.08358274999279983,0.00579639763327195,-0.02593150418848318,-3.088934839473258,-0.007213332314792873,-0.1676099683250843,-0.1289763882810276,0.13916628787675256,0.8658976657663208,0.0,0.0,0.0
1748023048.5979795,4.962798404206424,-0.6665015422994376,4.72125532643191,0.996215874271004,-0.08386882597508091,0.004399703318252429,-0.022373969042888544,-3.096259956715031,-0.005013172541789918,-0.16809234995070405,-0.13079296942050242,0.12180657169827992,0.8646136044796612,0.0,0.0,0.0
1748023048.7357237,4.950563354247743,-0.6495478369093359,4.809139344899538,0.9962628773121637,-0.08367131345322644,0.002720001569759825,-0.021260107858641075,-3.098763001605836,-0.0018619519588413862,-0.16761696835927695,-0.14259633201174307,0.14728496561557847,0.8865372796629235,0.0,0.0,0.0
1748023048.8394759,4.93896799851665,-0.6334743658034615,4.8992677172196615,0.9962580877634004,-0.08407844546747455,-0.0003534225159937598,-0.020012812553739455,-3.101765373339172,0.004069503650217733,-0.16830841129109045,-0.13312040546403114,0.16001028042095664,0.8869744812682899,0.0,0.0,0.0
1748023048.9564893,4.926956304370397,-0.6207215662127041,4.98749188399824,0.9963018068117784,-0.08360969643676704,-0.003848113143165486,-0.01942473759345973,-3.1035188644449168,0.010916173780914674,-0.167239908528165,-0.12218855481137283,0.1660612997460256,0.8676601227187549,0.0,0.0,0.0
1748023049.0151775,4.9184161810309535,-0.6011794783744389,5.073578683234219,0.9962967104598957,-0.08323970986962993,-0.006209554551002319,-0.020626605631786796,-3.1015102395712666,0.015807681218283968,-0.1663941919798586,-0.10637846749505632,0.17920012788323192,0.8492795102543144,0.0,0.0,0.0
1748023049.1364338,4.910509374771422,-0.5816982783521474,5.158627928212065,0.9962427422101053,-0.08383353535525011,-0.007097396451473057,-0.020541760078930365,-3.101836876645207,0.01758654267904543,-0.16755420348370106,-0.08412070134468908,0.18958567870939846,0.845956479990025,0.0,0.0,0.0
1748023049.2154095,4.903655332638717,-0.5605338660942121,5.245630485814941,0.9962601195158166,-0.08353711637887658,-0.007842634401319442,-0.020635346740001406,-3.1017688409664363,0.019075399305504784,-0.16693014354540744,-0.07036145872982248,0.19274558100417086,0.8470809135825972,0.0,0.0,0.0
1748023049.3042343,4.896677431758,-0.5411545268542042,5.331363683561219,0.9962135079990475,-0.08359385732775171,-0.00885165961931063,-0.022189223043701224,-3.0988393731938433,0.021347672653670855,-0.1669745135001116,-0.057322770463437284,0.19835645662529883,0.8530515114577474,0.0,0.0,0.0
1748023049.4564712,4.892417842826582,-0.518987175620989,5.416279541583189,0.9961625701193503,-0.08419135296915899,-0.00978451555596861,-0.021822310458980997,-3.099739610190943,0.023170509224662385,-0.16814563934854088,-0.03889448261793208,0.20565100547462078,0.8565154724932719,0.0,0.0,0.0
1748023049.5174477,4.889920589838996,-0.49778151510542096,5.504649511898463,0.9961630607099569,-0.08356647689991678,-0.011017098920487833,-0.023546208758154986,-3.096491851941349,0.025887892889478546,-0.16680087983592398,-0.017020704527044423,0.19947361025468177,0.8579285594843968,0.0,0.0,0.0
1748023049.6273015,4.8911646072067585,-0.47921735628521117,5.588734725243796,0.996128424737851,-0.08352208103252326,-0.012753643599361231,-0.02428102107047038,-3.0953124391038087,0.029468801618530473,-0.16661999016499335,0.004236911394210895,0.21209130550313296,0.8255462219828544,0.0,0.0,0.0
1748023049.7632449,4.8956654007963065,-0.4598452017891432,5.665572037006481,0.9960500332123117,-0.08350918558699934,-0.015042407675417854,-0.026158616776801803,-3.09194477476796,0.03434170065878836,-0.16643671058630224,0.0333415305299216,0.20514310564100507,0.7508997030206587,0.0,0.0,0.0
1748023049.8751607,4.906437358844507,-0.43845032011616125,5.734831727151875,0.9960117939781695,-0.08327412834708643,-0.01638706978819067,-0.027520714892208264,-3.0894402063253747,0.03723556048389799,-0.1658558521802163,0.0724148657768268,0.19421821136604725,0.6691697284385845,0.0,0.0,0.0
1748023049.941245,4.919091535009228,-0.4182224041140494,5.793665752312695,0.9959766380477708,-0.08347123191304362,-0.01769765547937697,-0.027383989784400282,-3.089935582868094,0.039834987900324206,-0.16619680978006168,0.10365820897430741,0.19461775612522583,0.5380435083569876,0.0,0.0,0.0
1748023050.066214,4.935347996938872,-0.3948159506186289,5.835774580292709,0.9959247036079871,-0.08337442258006181,-0.019914821586188007,-0.02803730165288129,-3.0889913752938982,0.04435705758982518,-0.1658745981398447,0.13785144339271949,0.19734651029423142,0.35824851806038577,0.0,0.0,0.0
1748023050.1234024,4.954690953631819,-0.3721137182409421,5.863870019883527,0.9958907012446091,-0.08326761966885571,-0.020998464910388648,-0.028762460962353343,-3.087716505987729,0.046631213068239766,-0.16557767132562873,0.18290987711907464,0.19997093514956943,0.18899601660107765,0.0,0.0,0.0
1748023050.2286878,4.974057841561258,-0.35491529209611006,5.876855013331763,0.995906073834043,-0.08323961809253394,-0.020292148586414725,-0.028818167638102493,-3.087488798705166,0.04523119580625592,-0.16555185333041775,0.2180683858299571,0.19170354561195285,0.07876791564668992,0.0,0.0,0.0
1748023050.3259919,4.9977326256839705,-0.3350322466155765,5.882683247130242,0.9959834071347149,-0.08304979859378094,-0.017346517817710072,-0.028616114087292175,-3.0874031785147653,0.039316941574279916,-0.1653188498640321,0.25660691960988946,0.17830484949154365,0.007862651689096146,0.0,0.0,0.0
1748023050.4085467,5.024727345545424,-0.319011586555332,5.885589614353467,0.9961748672450638,-0.08149638761745501,-0.012902308631748485,-0.02876635372368539,-3.086329354526122,0.030399300874873508,-0.16241481539411437,0.2837207977581124,0.17537340824232575,-0.03888865161621345,0.0,0.0,0.0
1748023050.5611844,5.0527808996540005,-0.30570396294473373,5.888022790688682,0.9968196132868171,-0.074293609559862,-0.006896712352639199,-0.02799202572184386,-3.086775179515885,0.0179097709808454,-0.14829518490408866,0.29485213033932456,0.17236525499395194,-0.04472400846957262,0.0,0.0,0.0
1748023050.687575,5.086139952168073,-0.2885979824399614,5.884445593996477,0.9976264077221625,-0.06333944108071336,-0.0031485823787213993,-0.026828198746115188,-3.08843495216566,0.0096809352996856,-0.12655270321542783,0.28953417461019737,0.155790941771915,-0.05217734775128653,0.0,0.0,0.0
1748023050.769496,5.117668392061172,-0.27503874499745395,5.8848289647058625,0.9983009193897809,-0.05224841903588735,-0.00043020723000881586,-0.025791315893297497,-3.0901195687419705,0.0035540709892079515,-0.10448778089627953,0.28527512712714304,0.15767205327181824,-0.036804885998400295,0.0,0.0,0.0
1748023050.87754,5.149031621773458,-0.25950807378866014,5.881229307202973,0.9988705008903006,-0.04109345735281317,0.001417687029855533,-0.023812609630988427,-3.0938866000042307,-0.0008750867022613708,-0.08225435486394639,0.2801080099524573,0.15260412971508142,0.01084276747626913,0.0,0.0,0.0
1748023050.9516416,5.182643981286127,-0.24129710699618057,5.886111448210347,0.9992421405021337,-0.03224773539190812,0.0007788110197332555,-0.021785813278447252,-3.0979900030724927,-0.00015135529758593012,-0.06452529308089289,0.28318751077463405,0.1478259362408085,0.07338438853063398,0.0,0.0,0.0
1748023051.0907552,5.2108657931030855,-0.22685258299128347,5.894895646899409,0.9994892856095613,-0.0243039609680716,0.00010076102038352772,-0.020747898210855376,-3.1001012345580614,0.0008070931836347922,-0.048606431366092,0.2697003963170161,0.1733494599309618,0.11155377463802535,0.0,0.0,0.0
1748023051.1672037,5.243203455677141,-0.20523291004818045,5.907448060231981,0.9996506184383938,-0.0175585991130343,-0.001656277875834214,-0.01968739181615244,-3.102279349853732,0.004002775135603703,-0.03504716837247999,0.27554546369422783,0.17530578800075583,0.16494206224558494,0.0,0.0,0.0
1748023051.2563999,5.273136455904142,-0.18737116842485246,5.924927717602991,0.9996987845557641,-0.013974525961933148,-0.0029140803657192703,-0.01996399052016693,-3.101746790404493,0.006384423179411259,-0.02782843865936188,0.275251768167807,0.18545514929707335,0.20680109325353277,0.0,0.0,0.0
1748023051.3644083,5.300695597294204,-0.1668678875530223,5.9466778934701825,0.9997015098871616,-0.012839162228438662,-0.0060846555804528,-0.01987521091884985,-3.1019968143711667,0.012676380349639787,-0.02543357726014976,0.27664359166884717,0.20987831708762353,0.23747131419701228,0.0,0.0,0.0
1748023051.4734998,5.334103919076902,-0.14117436168766007,5.970280927191936,0.9996598855499629,-0.01273899017558668,-0.008594201507408247,-0.021070620588665,-3.099665845063268,0.017720321225737155,-0.0251137268487764,0.29184680074819386,0.21121490131586879,0.2575082465139982,0.0,0.0,0.0
1748023051.5516665,5.366949613175099,-0.1227457855363136,5.997070635309977,0.9996311839882699,-0.012843130600838762,-0.010720720980453992,-0.021391964291265223,-3.0990768011085437,0.021984784540473968,-0.02522688433712163,0.3068895590930152,0.2228600853692886,0.26872653898206,0.0,0.0,0.0
1748023051.6551054,5.402676173482382,-0.09944243924719848,6.022248654402484,0.9996083344556407,-0.010136130375956082,-0.012539590313286851,-0.022873461097888917,-3.096087320839964,0.025535829880900588,-0.019698368709159843,0.3273187000058143,0.23610549231142064,0.2651956361710095,0.0,0.0,0.0
1748023051.7648878,5.442771230597267,-0.07499899165756352,6.044807902277017,0.9995733764198349,-0.005204787501415203,-0.015967615575276123,-0.023895827932012215,-3.0939449226323408,0.032175903845719,-0.00964715817225031,0.35482461905161583,0.23307176693764411,0.24498180988573567,0.0,0.0,0.0
1748023051.8879113,5.487149864935165,-0.05170758976307088,6.065923310801508,0.9995447006395053,0.0009505783013968961,-0.017661297262553922,-0.02444517137142833,-3.0926410185118494,0.035267348455070735,0.0027654810615572226,0.3967203374138142,0.23807512752086485,0.23063336003548596,0.0,0.0,0.0
1748023051.9661896,5.5363558838332905,-0.02581416919717905,6.082037194612181,0.999559645562973,0.006977412006390678,-0.01760284594630371,-0.022846673681466194,-3.0956296565947503,0.03487843880475144,0.014762526208342059,0.4426504729407619,0.23389258020734702,0.21017506435021177,0.0,0.0,0.0
1748023052.0663145,5.586215050859156,-0.0035435169949141754,6.10124342773614,0.999542481467765,0.012873466224543776,-0.015377288034184984,-0.022641568438203113,-3.09589763932362,0.03016212749108219,0.02644659500423231,0.4727269727726903,0.2391846176620267,0.1995592722984813,0.0,0.0,0.0
1748023052.181558,5.641061883462015,0.021119404527459418,6.117462906180468,0.9994938666768078,0.018080627928447453,-0.013742542303136901,-0.02227653249954413,-3.0965339282464845,0.026668787233193793,0.036776589901917005,0.5120878149868173,0.23426115165005051,0.19349586521422724,0.0,0.0,0.0
1748023052.2647974,5.6992223388672185,0.04990198226672815,6.1332364521697675,0.9993990904539573,0.02274769503763652,-0.011732577155192346,-0.023374066902765025,-3.0943093699552784,0.022389512144259927,0.046044331666001914,0.5282035572120916,0.24772142174556083,0.18780833468090694,0.0,0.0,0.0
1748023052.385279,5.752650976152949,0.07438074507075287,6.149209581767795,0.9993200894242268,0.027326230556138913,-0.010831442134493916,-0.02225569271075175,-3.096494870751919,0.02043324890850286,0.05513686133556466,0.5358628880763503,0.24718012519846305,0.17745510065815073,0.0,0.0,0.0
1748023052.467263,5.8154508749064355,0.10190355415931807,6.1660121356066355,0.9992299212328993,0.031126111251051226,-0.01080384550587945,-0.021307431416440138,-3.098315652430964,0.0202660036425108,0.062718669121238,0.5575501490181825,0.23368438770430042,0.17711810180439586,0.0,0.0,0.0
1748023052.5985441,5.875238357242927,0.1257474828037506,6.183464337300983,0.9991414767596599,0.03412888617804162,-0.010765622065605402,-0.020871749526879375,-3.0991288284014895,0.020089451206292762,0.06871648794063996,0.5725905923213618,0.2543227552811773,0.18429086455358348,0.0,0.0,0.0
1748023052.672384,5.935862634289712,0.15101230992889664,6.199402038681144,0.9990709399118521,0.037242589232841336,-0.00986198440967743,-0.01931289295744176,-3.1022514715339566,0.01826813585986056,0.07487934076125088,0.5948660218112315,0.2553037700278119,0.19779358112938877,0.0,0.0,0.0
1748023052.7921515,5.999328198686143,0.17045758022356883,6.220434586416881,0.998939680767692,0.04111193847672157,-0.009512768165148027,-0.018407333980349716,-3.104020257813391,0.01749273292718793,0.08259339683963933,0.6049314396942163,0.2516559192263426,0.22266013199460566,0.0,0.0,0.0
1748023052.858089,6.066130728442356,0.19710467663509185,6.2409025784804255,0.9988752907701907,0.04375411722481311,-0.009335861190775544,-0.015702624317961527,-3.109395394662333,0.01727747276606501,0.08782897415691383,0.6233550319560437,0.26926037850353146,0.2484745321101143,0.0,0.0,0.0
1748023052.9838305,6.131599085346906,0.2236372672476672,6.265161547460484,0.9987739473739767,0.046456614942573034,-0.009923775201053659,-0.013924929473484057,-3.1128459962952073,0.018530466562319534,0.093226654870709,0.6278254990904475,0.27713279762594817,0.2611964230132246,0.0,0.0,0.0
1748023053.065792,6.205457376758137,0.2560076016147588,6.2896690932713595,0.9986739625541419,0.04880078339386055,-0.01106508651977249,-0.012098095588312976,-3.1163403681476316,0.020921560752110244,0.09791766655660361,0.6489791164411203,0.29779274333447586,0.27082218451209306,0.0,0.0,0.0
1748023053.188402,6.27241502560579,0.28826459186712483,6.3153375954836255,0.9985701923653788,0.05077199684283193,-0.012225502598081124,-0.011415443144539364,-3.1175441628374783,0.02325897232462117,0.10188159473910988,0.6573622382220732,0.32518565371884534,0.2734593320370557,0.0,0.0,0.0
1748023053.3236003,6.345121529708042,0.3239002792173127,6.340722690321657,0.9983883359667625,0.05380363342743257,-0.014013005894131781,-0.011381357622733278,-3.1173476686423522,0.026759319923653904,0.10800124129688009,0.6735545718899318,0.34928151135179897,0.26997781703886636,0.0,0.0,0.0
1748023053.386447,6.413637620644144,0.35748586364389706,6.365464849458297,0.9981677345269272,0.057414588786361985,-0.015861553391165944,-0.010637192669783635,-3.11852314118639,0.030448226055372965,0.11526459640919516,0.6924584571863079,0.36551559288994534,0.28115475861135575,0.0,0.0,0.0
1748023053.475129,6.488065180753988,0.3920127546020851,6.39233080530275,0.9979554497547659,0.060605247736088684,-0.017930210464684626,-0.009509563833449046,-3.120424802265325,0.034641371553759515,0.1216765298728395,0.7036698151411117,0.3824325997240144,0.26679497815573805,0.0,0.0,0.0
1748023053.598922,6.5663649011984075,0.43521195482415337,6.414699484955259,0.997634679471677,0.06457049785477417,-0.020882434769221966,-0.010937140409636215,-3.117050981371827,0.04026452784208006,0.12976104614926817,0.7381152917864205,0.40871829903233386,0.2434123668856474,0.0,0.0,0.0
1748023053.7090065,6.6539690734401695,0.4870084005957782,6.436982612693074,0.9974256371183404,0.06777567159234849,-0.02153483973783109,-0.00920909532716971,-3.1202826448798455,0.04172260114342877,0.13613725074732905,0.7798398252941325,0.4478529561941447,0.2329399648981393,0.0,0.0,0.0
1748023053.8048863,6.734087192727798,0.5318858710219528,6.459083347460524,0.9971549313309157,0.07133348140094328,-0.02138365738696162,-0.011675467888493912,-3.1152322176218057,0.040991413937496404,0.1433710850826077,0.8040085437457284,0.46131152071013704,0.2193544515238654,0.0,0.0,0.0
1748023053.955814,6.8187322347036385,0.5785981249878215,6.4796033862720535,0.9969991533643577,0.07414293027936084,-0.019935587548558335,-0.009903859320368698,-3.118869597782757,0.03829228281608127,0.14889404131642547,0.8348851240885585,0.4887826828994978,0.2228161238439422,0.0,0.0,0.0
1748023054.0366278,6.90401915176434,0.6295159003310968,6.500030324162932,0.9968971461672032,0.07611469393503677,-0.017226001907947888,-0.010290684580195034,-3.118438331686879,0.032784432242226866,0.152787107589722,0.865398747731222,0.5052378725301464,0.2524364982577011,0.0,0.0,0.0
1748023054.171867,6.994463563704559,0.6798376721200167,6.525996464756361,0.9969511470400677,0.07632274433775527,-0.01364788750932701,-0.008774068541997778,-3.1220069213177863,0.025876119798265797,0.15306765420872626,0.868435423081258,0.5313283810492112,0.2869817875580187,0.0,0.0,0.0
1748023054.3075097,7.08437376604325,0.7397084583176479,6.557043382930767,0.9970119227699558,0.075646315283864,-0.01232754997699531,-0.009638067757331375,-3.1205018468109897,0.023125321093206568,0.15169976055383103,0.8663925161752924,0.5667785245399779,0.3218254447336611,0.0,0.0,0.0
1748023054.375795,7.16982670095172,0.7973846584667651,6.589978478710998,0.997033257461024,0.07548246727106388,-0.011561386276908739,-0.00966514349032687,-3.1205678991116756,0.02159675430631166,0.1513529027194045,0.8692267226637916,0.5740156136892847,0.34028107550927705,0.0,0.0,0.0
1748023054.5420537,7.25740421372098,0.8548404409349454,6.624336206128741,0.9969750775651673,0.07588533289900692,-0.011963767462945519,-0.011788945365401662,-3.116261459198351,0.022067730965982982,0.15221771040490306,0.8679973775357605,0.592205377604773,0.35262118378794616,0.0,0.0,0.0
1748023054.6327436,7.347240416267153,0.9157241762226893,6.660845141558193,0.9969755117444983,0.07540837112637852,-0.013628812447486236,-0.012948436860618492,-3.113706166868558,0.02522501849867587,0.15133853688966098,0.8637279518857401,0.6007542584044644,0.3398244920842897,0.0,0.0,0.0
1748023054.7927065,7.438140091207063,0.9754091873525503,6.692122128511705,0.9969172930214676,0.07572019957806062,-0.01481232045507129,-0.014246312271752984,-3.1109283835492962,0.02737927017271567,0.1520374143643078,0.8793002736811777,0.6144210831658059,0.3184256691951021,0.0,0.0,0.0
1748023054.8983784,7.521675907209817,1.0296287159341768,6.718216580700708,0.9971202627892385,0.0726196620791277,-0.01683544935904173,-0.01393319272501684,-3.111341675367208,0.031555524530843586,0.1458794378469171,0.8897009043646459,0.6110747287316561,0.266394892860982,0.0,0.0,0.0
1748023055.0305896,7.624337782707882,1.100014476126634,6.743728459748992,0.9977389188574569,0.06374076464354672,-0.01652612799236324,-0.013455549538724213,-3.112617411775075,0.0312672825768186,0.12805008612379964,0.9159495990107569,0.6168842161125098,0.2111323859130589,0.0,0.0,0.0
1748023055.1665306,7.721384196001406,1.1692754082961412,6.76243912453824,0.9984841001599822,0.051560221820925234,-0.015117349531023437,-0.011937796976181473,-3.1161809543344487,0.02896188402310486,0.10355338145147987,0.9295151492753493,0.6428289627871163,0.1671829934273085,0.0,0.0,0.0
1748023055.270241,7.804093789675681,1.2308664123764743,6.773980349182846,0.998973582035869,0.04116531285543379,-0.014034914222635097,-0.01265782740846743,-3.1151347494612995,0.027002171390339794,0.08272586975948241,0.9296067462183163,0.6640647307570445,0.13156473556185214,0.0,0.0,0.0
1748023055.3924556,7.893832292835457,1.2967500370930014,6.784169629191607,0.9992204886631247,0.03455952317557737,-0.012498524333290732,-0.014416701536517697,-3.1119049430940033,0.023983393676586397,0.06950145433920517,0.9148695597798021,0.6853828142695324,0.07575903634654851,0.0,0.0,0.0
1748023055.5363827,7.982076912384254,1.3633803648620157,6.788826711894701,0.9992027919962575,0.03388928488405336,-0.011182792971094983,-0.01789530604088335,-3.105056333017802,0.021136411408424555,0.06819283543468257,0.9149044839847031,0.6852760726872094,0.0325087944965007,0.0,0.0,0.0
1748023055.6173286,8.079510058893039,1.4329688124349733,6.791190464988368,0.999058016406878,0.037073652217955666,-0.009752022104326314,-0.02033524598457505,-3.1002188988596906,0.017978836604116484,0.0745551661138989,0.8966505737225718,0.69387879539905,0.0037954438994652014,0.0,0.0,0.0
1748023055.7631896,8.166692686723424,1.4916311877672652,6.78962665180325,0.998238045498605,0.05484098531981516,-0.008459498950682667,-0.02101684385869171,-3.0986874486180414,0.01458453558318922,0.1100781552491373,0.9042543177502472,0.6695578653033337,-0.010048642150635582,0.0,0.0,0.0
1748023055.8705695,8.257006636456559,1.5498220432046392,6.789647510506008,0.9965429764240674,0.0794250127847113,-0.007793625716622123,-0.023087288324927856,-3.0943187527616622,0.011866228070243208,0.15934538183357125,0.8758354399789304,0.651425402127438,-0.012483094743531237,0.0,0.0,0.0
1748023055.9809954,8.348731052320286,1.607907856602182,6.791534899005859,0.9935423576638593,0.11104702881693644,-0.009047620231179823,-0.021454171781329766,-3.0969332326961663,0.013213928346738818,0.22290878510178255,0.8959368939569358,0.6092937757910648,0.01270427986618306,0.0,0.0,0.0
1748023056.090258,8.449092292186226,1.6697404552472974,6.796253104224134,0.9900678958261624,0.13933518700287212,-0.009692413244228398,-0.016041335441070184,-3.107117078148223,0.014722581283747477,0.2798832955957061,0.9065467909198025,0.5885221951704208,0.0316647290989621,0.0,0.0,0.0
1748023056.228719,8.542419309753766,1.723361820063063,6.801930529427474,0.9862555783814,0.16465466074793939,-0.008461886072004297,-0.010824661179713998,-3.1174498855414594,0.013126879845516021,0.33100575349021466,0.9285057927761284,0.5902112718164633,0.05911659122560967,0.0,0.0,0.0
1748023056.3468924,8.640716065804618,1.7821461669535323,6.809766902296129,0.9825236929293013,0.18599212855768307,-0.005392305937321041,-0.00500439644998851,-3.129752196177265,0.008734691058324237,0.37422498439769347,0.9318190473910245,0.6304099684439902,0.07801059536504772,0.0,0.0,0.0
1748023056.4774532,8.740963505224709,1.851105708800322,6.818150558453262,0.9794750931306718,0.2013026734297885,-0.003463663977750749,-0.009683937139986781,-3.1212263207377413,0.002886344330830361,0.4054264071064708,0.9079697347706888,0.6842829040361063,0.08234683698169362,0.0,0.0,0.0
1748023056.5689402,8.83928986168194,1.9309993794796312,6.828507526163385,0.9775548924277306,0.20970090538379782,-0.005226277326499584,-0.019612460251836324,-3.101045040141253,0.0019924459144618207,0.4226668885129516,0.8953882974098937,0.7137276515074578,0.0902649379855108,0.0,0.0,0.0
1748023056.6903455,8.930292413097158,2.002854432170164,6.838826256325409,0.9763841675545328,0.21406185833436722,-0.007193560138040149,-0.028279512863904756,-3.0832563909776125,0.001940227518716709,0.4317059740419377,0.9013646111335799,0.6912004952739164,0.0840285183924797,0.0,0.0,0.0
1748023056.8200676,9.025725022045384,2.076635307129986,6.847424134130678,0.9760168431830281,0.214579164095867,-0.010080770765279475,-0.035288556498293586,-3.068315643984498,0.004533641737911891,0.43298426900133774,0.9093664325841193,0.6651321540606093,0.08113896713243868,0.0,0.0,0.0
1748023056.9117749,9.120709791793526,2.1439396920544884,6.855324390637079,0.9760846540007672,0.21416578109391704,-0.009297629210843318,-0.036129219804650316,-3.067010440093573,0.0026752644141944688,0.43208071286281535,0.9284231762090888,0.6168416207154895,0.0642164527785362,0.0,0.0,0.0
1748023057.0666533,9.215546289876974,2.2086182139584674,6.861437174580877,0.9760122715793548,0.21423226117659877,-0.008650094867763303,-0.03781216545568586,-3.0639982605785647,0.0006840261247563367,0.4321684718167762,0.9343894427258199,0.5882134623686882,0.04867450651842602,0.0,0.0,0.0
1748023057.18892,9.311662937551777,2.2648269140858295,6.865276798807147,0.9760751265197064,0.21417840829267878,-0.0075802832216981106,-0.03670825679643,-3.0666152935630495,-0.0009263803468684489,0.43197492948863714,0.9485893660146031,0.5408749957312451,0.030032700016385062,0.0,0.0,0.0
1748023057.2998192,9.404570450971306,2.3196673868976276,6.867495008559719,0.976102831991072,0.21425214525000832,-0.005215581622207374,-0.035945477366712275,-3.0691203795932966,-0.005220927010580731,0.43195266298608903,0.9371217362232577,0.5122754012998822,0.01756589786533616,0.0,0.0,0.0
1748023057.436597,9.497455678036177,2.371872616902862,6.868903397131832,0.9761607122144583,0.21434025981444663,-0.0030930096501150845,-0.03404335827942459,-3.0737486484263448,-0.008555279875037049,0.4319990063053777,0.9303264201820212,0.47905773198387736,0.011041085114598411,0.0,0.0,0.0
1748023057.5142977,9.597340009179572,2.4290894130293044,6.8703205931968325,0.9758695099233333,0.215866258386401,-0.002225954456875448,-0.03279486574152641,-3.0765756915647477,-0.009814285305485292,0.4350777372920348,0.9197891573104735,0.4638027427614296,0.017226773971097595,0.0,0.0,0.0
1748023057.646449,9.693600491143844,2.4785627879084062,6.871257310134361,0.9760065817301077,0.21558806649285506,-0.003110038727772391,-0.030385286974044298,-3.080900446353459,-0.007030631921941218,0.4345807379970136,0.9031984580281712,0.4419853011691071,0.010680163336689575,0.0,0.0,0.0
1748023057.7556036,9.786581350159341,2.524306508074878,6.873213283265737,0.976020194182866,0.21541911734370633,-0.0060628929408110595,-0.03069895371649222,-3.0790140335822516,-0.001391271583996081,0.43441462898016114,0.8972734989139712,0.426323871142337,0.009867575512232009,0.0,0.0,0.0
1748023057.897875,9.886486588603095,2.573938602932871,6.87306201609938,0.9759381993939396,0.2159586290102917,-0.008338192338680439,-0.028930538678594835,-3.0814857935636932,0.0037795308936417445,0.4356612996768578,0.9175644753539232,0.41857596401437747,0.010618755450647745,0.0,0.0,0.0
1748023057.9809384,9.990763757984173,2.6240578183686747,6.8775020016096935,0.9759067711147733,0.2159392490864472,-0.008520676979883976,-0.03006015402693954,-3.079200052890163,0.0036484466364730705,0.4356372569129744,0.9280449770586213,0.40728607436323666,0.011453998117679597,0.0,0.0,0.0
1748023058.104393,10.087397497076424,2.6672528302893665,6.879625496964235,0.975974678478175,0.21553606959282268,-0.007520950815722493,-0.03100104792952171,-3.077794781176831,0.0013168274410448834,0.4347483479588912,0.9403411639543686,0.40321135931150226,0.025641445022456532,0.0,0.0,0.0
1748023058.2103388,10.207283138822346,2.729743876043555,6.884905977623119,0.9758768850690435,0.21590141146765243,-0.007621707313402188,-0.031508654237294036,-3.0767589810743408,0.0012701704788003695,0.4355035844857511,0.959844614228657,0.3842987951817891,0.01768610007930407,0.0,0.0,0.0
1748023058.3424401,10.304678247023485,2.7750758894219247,6.88649249676935,0.9750566569350538,0.21943737358986198,-0.008076126987332613,-0.03235013155312381,-3.07491234087322,0.0015517075785942377,0.4427775227166535,0.9412015399157158,0.3825990023309808,0.009328400803207654,0.0,0.0,0.0
1748023058.445786,10.369463743837185,2.7943251616155633,6.8887644125623675,0.971980395959389,0.23241794033843657,-0.0076950950329830745,-0.034304466063501474,-3.071271182510281,-0.0009869838198124932,0.4693868508343888,0.9298442934362365,0.35104873952780385,-0.008091309555439484,0.0,0.0,0.0
1748023058.5315197,10.469059292968945,2.829538635460126,6.888534309620483,0.9680627980920907,0.2478930696214518,-0.0084509872382326,-0.036496928616872815,-3.0666699455706437,-0.001732499494913694,0.501304239767167,0.9354468788771881,0.3110283859936767,-0.017292988624691998,0.0,0.0,0.0
1748023058.6813138,10.597959942258683,2.8800669899279265,6.889736951767219,0.9648012174039486,0.2606667020098522,-0.010139927399896607,-0.03329659489332663,-3.072000851933627,0.0022074032342551397,0.5278296747030146,0.9804638001752973,0.2744327439705098,-0.02004314594703509,0.0,0.0,0.0
1748023058.7964678,10.689665114423413,2.906952652581454,6.890057596308546,0.9618317951851196,0.27187363890439054,-0.011048414037044029,-0.029021626197048005,-3.0797168612362578,0.005473028895353185,0.5511209630353643,0.9911421853945457,0.2636113607140342,-0.023265532555272497,0.0,0.0,0.0
1748023058.907791,10.785916474066429,2.928983697215866,6.889772817416628,0.9595765914532174,0.28013129877827214,-0.012619374765406245,-0.02408260700908191,-3.0882759557414823,0.01072613496088012,0.568363613320773,0.9995692809380834,0.25651025591143967,-0.012951367786484357,0.0,0.0,0.0
1748023059.0354478,10.88711340325185,2.949466257554705,6.889237622691928,0.9578787268558974,0.2860515154445067,-0.01451874752043674,-0.020786561025434667,-3.093439716399152,0.01592301706808215,0.5807826994294543,1.0147936300651064,0.243325834639125,-0.01133284024765333,0.0,0.0,0.0
1748023059.1071234,10.974622157445426,2.963547177943235,6.88883995890262,0.9568513111736647,0.28979455437556595,-0.015136932203857869,-0.015018583254147356,-3.1040618364188277,0.020264366449963496,0.5885423959399431,1.0166499949220966,0.25435278556635,0.0022866791482336044,0.0,0.0,0.0
1748023059.2417269,11.091166118216805,2.990912575112021,6.888987825928754,0.9555834000569143,0.29392673523063223,-0.01744691243066356,-0.012768911424468864,-3.10691438081766,0.025840586592369968,0.5972568388398407,1.0404127098123488,0.26675714870809847,0.0057929643914806685,0.0,0.0,0.0
1748023059.3349714,11.20347997130681,3.024422866934268,6.889981529638351,0.9547959896787762,0.296600909728826,-0.015982816418060642,-0.011707605250677808,-3.109740631464673,0.023577869794849198,0.602760346373284,1.0578929126184595,0.3170724842150688,0.017045467574932957,0.0,0.0,0.0
1748023059.4693882,11.307515397529599,3.0687704453346116,6.892864460453742,0.9541262395524652,0.2987985589795486,-0.014055435475038706,-0.01284464412991741,-3.1086703616547906,0.019146567082078788,0.6072956577587962,1.0677610170194534,0.36305153176304567,0.03903357338712546,0.0,0.0,0.0
1748023059.56574,11.412391077519494,3.1108900710754566,6.897120185892593,0.9526584799070378,0.30340557086374825,-0.012336631451445958,-0.015319522005805417,-3.104906171408014,0.014209614672200265,0.6169132619539947,1.0649634698817014,0.3865805937307236,0.03174540557194158,0.0,0.0,0.0
1748023059.6880546,11.523218763475395,3.1490246318515616,6.899455846804158,0.9503915124007264,0.31043078755088327,-0.008724650495602466,-0.017679925648260757,-3.1025596265136537,0.0056069104514822575,0.6315287656172508,1.0741191577655653,0.4112712133722024,0.03824286031198886,0.0,0.0,0.0
1748023059.7973218,11.619624765725074,3.193915571576756,6.903832990851346,0.9474061273957352,0.3194576400792476,-0.004008972588461674,-0.018771630371356846,-3.103452929922116,-0.004397245258677343,0.6503545444704033,1.0628661471803404,0.4078469036200475,0.03596242270382197,0.0,0.0,0.0
1748023059.9077868,11.719932846025513,3.2319500930349694,6.908045470781426,0.9437387605647803,0.3301679004206338,-0.001761125548656712,-0.01852586776063429,-3.105453260238817,-0.008909326703158216,0.6729230482237442,1.0350142493018262,0.4066447119054955,0.031184917413363444,0.0,0.0,0.0
1748023060.0180092,11.822400266373846,3.266898219148053,6.910645472082551,0.9403696695150127,0.33971857546300566,-0.0005681196385503153,-0.01720033085984866,-3.1088496172532647,-0.01061825836996816,0.6931684714680858,1.0435093494946959,0.3876341804447733,0.030829373252724338,0.0,0.0,0.0
1748023060.1289265,11.956069727916994,3.313760424011994,6.910314926045235,0.9368523680340759,0.3494833755775003,0.0012100730345757744,-0.012943972618615136,-3.1181816346790026,-0.011314967502299968,0.7139699011084497,1.0523180918492794,0.4035908498820322,0.01452574540808527,0.0,0.0,0.0
1748023060.242134,12.021253318772933,3.339162489830553,6.909373844986973,0.9333858877393474,0.35872733961634196,0.0020878237471178454,-0.010055912331218737,-3.124316553215886,-0.01111238049991993,0.7337528079150532,0.9944687743065908,0.40123998063584204,0.0003024771769684628,0.0,0.0,0.0
1748023060.3865132,12.163234402193632,3.3985981405905,6.9069633514439825,0.9301371974696931,0.3671476994096935,0.002918309141842289,-0.006232509378017475,-3.13214076311164,-0.010005525674731116,0.7518528168766461,0.9978674586664341,0.4379751544198561,-0.015909182806954685,0.0,0.0,0.0
1748023060.486454,12.255252042164974,3.4390761153971323,6.904299001120157,0.9279197371466756,0.37274345760714916,0.002632052823130103,-0.004510933678098733,-3.135182983855329,-0.008247603064084664,0.7639121092985462,0.9707355675872654,0.44961608737961195,-0.034702421370890385,0.0,0.0,0.0
1748023060.5789409,12.345351527744278,3.4783261189713786,6.900435595124358,0.9262973255484075,0.3767804924379345,0.002506946433801128,-0.0018548368319908756,-3.1400455009615786,-0.006042124987263953,0.7726356313434284,0.9254131785929329,0.4769462230435187,-0.045619519844628156,0.0,0.0,0.0
1748023060.7240217,12.440700094514145,3.522855229536609,6.89502077306947,0.9235798904032883,0.3834034043382198,0.0014114244779251722,0.00015318438721424044,3.1402274029957535,-0.0024896662701767523,0.7869595355183312,0.8957863625597605,0.5025291930122558,-0.053888859515362986,0.0,0.0,0.0
1748023060.8089232,12.525164826358731,3.573451643496158,6.889974244773282,0.9214310527310389,0.38853217663165585,0.0025847866636530816,0.0009389689774485585,3.137853678535182,-0.0040337770111166914,0.7980868929653163,0.8673055469691694,0.5292103128472666,-0.05419875556144748,0.0,0.0,0.0
1748023060.9223678,12.6198666934728,3.6330048773477324,6.885853639506206,0.9198864111335726,0.39215853371706627,0.00412763683527938,0.0019072647515023734,3.1348461671024674,-0.006098051566874317,0.8059832158976978,0.846509508904339,0.5666900607487373,-0.045885669645876,0.0,0.0,0.0
1748023061.0403843,12.711288019918841,3.6868438307013456,6.883194813833478,0.9189052832924494,0.3944206295825827,0.005930387504011532,0.003205900958330401,3.131022113468419,-0.008370079601908782,0.8109383101877558,0.8253694101941278,0.5933019367628746,-0.0006685462391124692,0.0,0.0,0.0
1748023061.1401613,12.801644980859418,3.7479076364817185,6.88483850056347,0.9171699571946139,0.3983733101962514,0.008879717392833879,0.00437332390008155,3.1264937948167386,-0.012804338882926666,0.8196245609780217,0.7875327307273384,0.6199244625129031,0.016329836720796288,0.0,0.0,0.0
1748023061.2950432,12.905956612470964,3.824316515511321,6.886161953388146,0.9157861652986264,0.4015402383322651,0.009696371121627492,0.0026677396380648277,3.128917644008187,-0.015617830333753751,0.8265393299190611,0.7648610854155842,0.6599243422399539,0.03300284648783301,0.0,0.0,0.0
1748023061.3908253,12.976351648970956,3.8895487108216575,6.88912627562474,0.9147440348013693,0.40387818462490505,0.010764180524475732,0.0031456632112904035,3.1271402358108173,-0.01715285146132526,0.8316839225979582,0.7161990022179832,0.6795551617695132,0.04489506932045919,0.0,0.0,0.0
1748023061.5132382,13.046765464735662,3.956973761761123,6.894268536966871,0.9135405216509583,0.4066034394784392,0.010595436433429601,0.002257217930036411,3.1288499503699048,-0.017524032805493743,0.8376303232675042,0.6722992356621604,0.6920174322252948,0.0489421478838277,0.0,0.0,0.0
1748023061.616367,13.102921081075852,4.024727573563476,6.8990898744859015,0.9124958395956702,0.40895276743150005,0.010040214103673298,0.0028584666278881742,3.128161909264874,-0.015986032392005533,0.8427685660176336,0.6176137454265713,0.7168670131636757,0.05103936946214732,0.0,0.0,0.0
1748023061.76076,13.167958963339156,4.095858779678194,6.905126983183449,0.9117047020504883,0.410726644611702,0.009698008331478077,0.002026894039092837,3.1299285741045733,-0.016019125926268994,0.8466394288511919,0.5896991860438677,0.7298878053647715,0.06344488428666997,0.0,0.0,0.0
1748023061.905276,13.217999595631744,4.1671079471968575,6.91135952509903,0.9109721993009596,0.4123206549618657,0.010993257962015985,0.0006912828446132601,3.131265541121222,-0.019460272627224863,0.8501551270009264,0.5429502124708032,0.7533579463867699,0.05855748478793556,0.0,0.0,0.0
1748023062.0172691,13.272778080247061,4.2428932479402794,6.915604617891898,0.91062961846572,0.4130822786511779,0.010737901806138058,-0.0011943626458359154,3.1348951602351094,-0.020544688170499315,0.8517937816951051,0.5118033827679338,0.7616295880598252,0.04082190532860263,0.0,0.0,0.0
1748023062.1014733,13.32278841425032,4.311891781760696,6.920371714647472,0.9104171071564756,0.4135087561119273,0.012018106638193457,-0.002600909155281073,3.136387766348493,-0.024036291578134965,0.8527399592616729,0.4763176325297428,0.7686975842073217,0.041225819574616636,0.0,0.0,0.0
1748023062.2364194,13.36389034144597,4.386751372949415,6.922290325899457,0.910259114281174,0.4138315580831795,0.012307202548864606,-0.004507678773167641,3.139612069465991,-0.02613930261153748,0.8534218378456303,0.4425776458848759,0.7672698077805541,0.026321729355608635,0.0,0.0,0.0
1748023062.3344707,13.434001597887162,4.480990780502343,6.924293007249519,0.9101717608783594,0.4140009188740431,0.012809658114993006,-0.005149517454255823,3.140359654461002,-0.02758528644296675,0.8537936507957264,0.4123843460829961,0.7954941890958119,0.019836347278881134,0.0,0.0,0.0
1748023062.498876,13.474418722402405,4.55696871253121,6.9262622024272,0.9101320776816277,0.4140706448735914,0.013382980079452779,-0.005098830560520293,3.1397901362604457,-0.028587004518255302,0.8539622240966931,0.37894317976378217,0.7882669791875785,0.020815197021915047,0.0,0.0,0.0
1748023062.5548089,13.530146839096059,4.64708947888673,6.927683664642293,0.9100878558856483,0.41411992018691235,0.014392122887055426,-0.0061362099583292746,3.140841136574969,-0.03128354848826103,0.854074558470585,0.367828436725783,0.7891515625314707,0.00996186505476308,0.0,0.0,0.0
1748023062.6584768,13.567418886843093,4.727176972755254,6.927456814509001,0.9100727516978063,0.4141523369600528,0.014921938375298946,-0.004771180444463218,3.1379151963860834,-0.03111711150649798,0.8541915547025445,0.32776866904575275,0.7908432083951706,0.014251235897795918,0.0,0.0,0.0
1748023062.764406,13.582973807271696,4.776514208023378,6.927727184253397,0.9096628806124195,0.41503889541470607,0.01508308419607381,-0.005353456826207868,3.138810784268069,-0.03189023430324123,0.8561323489135222,0.2769076191588058,0.7689250384048274,0.010097512010732433,0.0,0.0,0.0
1748023062.8895438,13.606515041037238,4.849623216762663,6.926914412784574,0.9095236087319551,0.41537500924437676,0.01423366595135247,-0.0052734815843492305,3.13935972208387,-0.03027728108810332,0.8568490780328544,0.23576432292670738,0.7687391854590354,0.0041896664392169145,0.0,0.0,0.0
1748023063.0221248,13.637723683709803,4.928561374579314,6.927174187021678,0.9085947316153815,0.41738484075260796,0.014303439482414386,-0.006396874992202809,3.1412767547009115,-0.031337105477099496,0.8612489225282836,0.2129166019427907,0.7649193359681254,0.00921881760689548,0.0,0.0,0.0
1748023063.10712,13.682899682822592,5.026810599834606,6.927498972878445,0.907665677414275,0.4193628199742967,0.015540006883915674,-0.0060292166438849285,3.1395027190826483,-0.03327325952408653,0.8656498016911394,0.19952713264278824,0.7691384874731154,0.003746829526219673,0.0,0.0,0.0
1748023063.2698896,13.698278382946903,5.103849351250673,6.925336628925533,0.9067592232556616,0.42129461293911297,0.016185334657253195,-0.006049387680162513,3.138924154053458,-0.03445636944632412,0.8699293510507748,0.17183939494410153,0.7583404702241044,-0.0076003367733920345,0.0,0.0,0.0
1748023063.3828046,13.737688039030468,5.197188414867339,6.9264816697901725,0.9067085058859925,0.4214034140312625,0.016097485373310273,-0.006302298108114792,3.139453002007106,-0.03450992313754785,0.870160414777761,0.15012330942619906,0.7561664214316649,-0.00709218713614731,0.0,0.0,0.0
1748023063.4938128,13.74989521428205,5.268080942216434,6.927483998321416,0.9067871678370283,0.4212917783016081,0.014855139683231038,-0.005440092514055719,3.138940648109386,-0.03152985646051723,0.8698964908913208,0.10555768322453975,0.7369916592806092,-0.0035377279169689223,0.0,0.0,0.0
1748023063.6360698,13.758972601010216,5.340934540797655,6.92821256807138,0.9066105940952794,0.4217841016488328,0.011401365865045523,-0.005040945040694399,3.141115023814975,-0.024928160812867264,0.8709024867437484,0.0791704398209437,0.7381897472013004,0.0007222938205437036,0.0,0.0,0.0
1748023063.6812623,13.761236450665224,5.390420418234015,6.927512463989735,0.9067002311266299,0.42165889831524017,0.008969232935629855,-0.00424466807186893,-3.141459258034274,-0.019845717966014906,0.8705925348031126,0.056471653843834554,0.7237096788493771,-0.007564864212709543,0.0,0.0,0.0
1748023063.7662847,13.771001580928317,5.464320227281503,6.926755846067371,0.9065529327649897,0.42198936468894926,0.008153707696218425,-0.004502580972922353,-3.1403103316829655,-0.01858468762924944,0.871305496620169,0.04601269299012645,0.7327325014326153,-0.00931073938113035,0.0,0.0,0.0
1748023063.865373,13.774342115986844,5.5387108845198725,6.924785902570463,0.9064484866662817,0.42221857223790976,0.007850928415191714,-0.0045805240757412465,-3.139917975776333,-0.018101877614037542,0.8718060254223339,0.028043268943314468,0.7420702136373485,-0.01883716732111594,0.0,0.0,0.0
1748023064.015888,13.777258032312773,5.614772692103455,6.923296129506725,0.9062610034430558,0.42258649743192234,0.00851145620292748,-0.006261065397457882,-3.1374370837112986,-0.02072036769810631,0.8726035376413481,0.009686473967927661,0.7463405071954372,-0.022136881343797953,0.0,0.0,0.0
1748023064.097236,13.779734899403051,5.679448461807523,6.921494156002296,0.9061151081681634,0.422883373970933,0.008863278285758839,-0.0068194623238893295,-3.13672930584531,-0.02183170940739683,0.8732549822087918,-0.007007211439526333,0.7401197317895729,-0.021641360110784033,0.0,0.0,0.0
1748023064.223491,13.777114427798631,5.753926714376572,6.917835899799532,0.9058991350471209,0.42332112027032337,0.00932396264772161,-0.007684398122190404,-3.135562447410284,-0.02340121119608174,0.8742136037997379,-0.021531033191802447,0.7330008004980566,-0.03479836190719768,0.0,0.0,0.0
1748023064.3219142,13.78202217879088,5.82511814600804,6.917084595705964,0.9059001706585003,0.4233235905361232,0.009370645127666909,-0.007362710533240687,-3.1361850391482666,-0.023213440916497886,0.8742249960062926,-0.03730122713232697,0.722339034639643,-0.030059523281799692,0.0,0.0,0.0
1748023064.423796,13.776098515488108,5.899861489645819,6.91335465505101,0.9057092742974993,0.42373565217136533,0.009323486242702786,-0.00720278659181111,-3.136445395892141,-0.022994917301146882,0.875136903374834,-0.06015434243266984,0.7200613654314598,-0.03150042065174709,0.0,0.0,0.0
1748023064.5425603,13.76516487305406,5.981123678121298,6.908745175081668,0.9055599371959762,0.4241153989968699,0.007525047844158907,-0.0055409506665119995,-3.13793968328165,-0.018329795106232175,0.8759771378945567,-0.08439555488965664,0.7231678990102708,-0.03274371829893741,0.0,0.0,0.0
1748023064.615133,13.768203659808234,6.070446505658966,6.9097931850694545,0.9056772729027678,0.4238731020385641,0.0070658334470320725,-0.005508603571639689,-3.137604033762397,-0.017469515857659716,0.875437375685649,-0.09354154862778002,0.7436888912506306,-0.01585645295312608,0.0,0.0,0.0
1748023064.753048,13.761340706201544,6.142746366719924,6.909766291891715,0.9054565865199425,0.42431468473091083,0.008197835683651553,-0.006181726252883087,-3.137354139956576,-0.0200929150576298,0.876416673244815,-0.10507348616655211,0.7446558068792839,-0.012187095184441785,0.0,0.0,0.0
1748023064.8967597,13.74495082751091,6.223687528368006,6.905771553346751,0.905237271227388,0.4247355105657207,0.0089868286469942,-0.008029056989386142,-3.1346884051016373,-0.02309292817983543,0.8773278485998052,-0.13179493299266185,0.7503816679329842,-0.014153118287808493,0.0,0.0,0.0
1748023065.0430353,13.734985041205185,6.300830076598589,6.903714490814191,0.9042568364009602,0.4267253954827635,0.010175918861115726,-0.011020950391782823,-3.130341171319989,-0.02781271282409488,0.8816874051042012,-0.14994034857177377,0.74381478575711,-0.015305144485617855,0.0,0.0,0.0
1748023065.1502662,13.72409270836702,6.355318722266436,6.902182299959159,0.9018069274011951,0.4318165045956818,0.010883538140748585,-0.012661779003057712,-3.1281483901946454,-0.03056959147306717,0.8929394960425227,-0.15987816170659225,0.7195217948414255,-0.019186355947886473,0.0,0.0,0.0
1748023065.3179984,13.709157182840515,6.424696256341669,6.898558170048576,0.8979421149406916,0.4397579467514669,0.011170254760127873,-0.013716118013690418,-3.1267763214923585,-0.03212955580717841,0.9105734928901401,-0.1691447324985125,0.702592873174432,-0.020921860654877594,0.0,0.0,0.0
1748023065.404494,13.692521493541243,6.504002428876581,6.892552166422547,0.8948129368868637,0.4460987168232681,0.010105569878274183,-0.014269558016096718,-3.1250630439431766,-0.03082133194335521,0.924700724286293,-0.19890078408832068,0.6928784083191203,-0.028482144634418526,0.0,0.0,0.0
1748023065.5144832,13.672702535934015,6.575779788171028,6.888649946196059,0.8915050020027065,0.4526045039875868,0.006303987654435062,-0.01811778446603257,-3.1149815822892397,-0.027643975493748765,0.9391869232310186,-0.2135886779074488,0.6957163973696086,-0.017490945821291442,0.0,0.0,0.0
1748023065.653957,13.654811453461146,6.644839046373378,6.884545770079318,0.8896344759282261,0.45581458027244576,0.00015428793318931182,-0.027991853211215053,-3.0918912836952708,-0.02579557005690692,0.9463346864454363,-0.20820638810677805,0.6939547189149173,-0.009443549806568544,0.0,0.0,0.0
1748023065.7489867,13.63511234074725,6.731889823006122,6.881049805565713,0.8889410764466683,0.45633229062311614,-0.004409573556767533,-0.039053281572055856,-3.0680413540002083,-0.02780642791505906,0.9475078446666856,-0.18167399957896863,0.6616280339260104,-0.012432766467873793,0.0,0.0,0.0
1748023065.8564298,13.618556407686876,6.791313676246458,6.879237399020536,0.8879247116668273,0.45607147088208094,-0.01399686169069539,-0.05824609619234865,-3.0250793087316623,-0.02827621462906989,0.9473468047522094,-0.16646419896492118,0.6277577021648387,0.010971986524986963,0.0,0.0,0.0
1748023065.9649403,13.610779482706688,6.8489375014492735,6.876138899204652,0.8868068517823793,0.45579608994374654,-0.020384128440942253,-0.07353923668029556,-2.9919514782279246,-0.030889135386741155,0.9472135319402744,-0.0199426785175579,0.5169036674300796,-0.009667527417590121,0.0,0.0,0.0
1748023066.0593598,13.616155655409173,6.89953464848329,6.871857348192367,0.8861657671410784,0.4560584870636317,-0.021516028285542933,-0.07910720606437259,-2.9809811102476598,-0.03402805652066116,0.9478468044095887,0.0877840876919123,0.4101801928311503,-0.01974241055114931,0.0,0.0,0.0
1748023066.1582918,13.634614121206981,6.933652943123782,6.8673403069987025,0.8861986524084134,0.45616311424122546,-0.019721799750703962,-0.07860160488089082,-2.9835228657985207,-0.036763721914659035,0.9478300763505212,0.22346431148135254,0.28632285263371116,-0.030136980252498523,0.0,0.0,0.0
1748023066.2664828,13.667826536409944,6.94973292797329,6.8642083512890615,0.8866729338541525,0.4561313143562736,-0.0173594034535757,-0.07385109034959524,-2.99416091945728,-0.03659553121164327,0.947547122527411,0.3122819105925488,0.19133255774235283,-0.028511667277122045,0.0,0.0,0.0
1748023066.3786442,13.709859382252741,6.95090236857691,6.864422512394769,0.8868374795514267,0.45713477106011763,-0.014935990085284996,-0.06575714524566302,-3.0108595218731065,-0.033634504785776995,0.9496858794921645,0.3934900912728502,0.08403348044796011,-0.02236098763692678,0.0,0.0,0.0
1748023066.4926798,13.752306623966374,6.959973759639969,6.867008198472771,0.8852774840905592,0.46096732096264786,-0.017254701600748813,-0.05912005107810854,-3.020680633968644,-0.023956716968809126,0.9586960468949575,0.44685995882396035,0.02832363780690251,-0.010335127549780013,0.0,0.0,0.0
1748023066.6165228,13.806945579293364,6.954824200029336,6.8684720845562826,0.8844459202454785,0.4632036216405382,-0.018406112778906476,-0.05346993615657187,-3.0297091951266757,-0.01697732899344725,0.9639381776959518,0.5266015240793421,-0.028662450258253123,-0.007844920425415477,0.0,0.0,0.0
1748023066.6819134,13.862055803598627,6.958025945504466,6.869377665886768,0.8842000855970129,0.46424806173403366,-0.019785236752087525,-0.047670643095010845,-3.03873568162433,-0.009273924191880277,0.9664929105346146,0.5768369690423238,-0.04325503801843818,-0.014097266533674253,0.0,0.0,0.0
1748023066.7706542,13.923293736509867,6.952101526651892,6.869523140174005,0.8839031179947306,0.46483398181612734,-0.021567160571056513,-0.04668516823424345,-3.0388298260094677,-0.005275168799735095,0.9680143596321714,0.6325389622004296,-0.06126479349157055,-0.027178608364620015,0.0,0.0,0.0
1748023066.847763,13.989675448372285,6.943157206247011,6.868131762365222,0.8838928452983539,0.4650756425166962,-0.021204197664975024,-0.04459222767980424,-3.042879015040744,-0.003993051277309491,0.9685262721905724,0.695594621891505,-0.08346695287693887,-0.03838067421868199,0.0,0.0,0.0
1748023066.9597352,14.061238355154682,6.936567498135678,6.862768971991378,0.8840156446308489,0.4649705802398997,-0.020062590782414944,-0.0437743304959998,-3.0453916061129642,-0.005236287382384226,0.9681707891446583,0.7382528640958006,-0.10160826589963476,-0.05632382868835701,0.0,0.0,0.0
1748023067.0640714,14.13579054351349,6.932698943545066,6.859989193497372,0.8841841072086585,0.4650629050800691,-0.017347028549497167,-0.040423254181439314,-3.0538599335774514,-0.006922833440018137,0.9681255635898943,0.7952790651072222,-0.11383671649798807,-0.062261254260587276,0.0,0.0,0.0
1748023067.1966736,14.218049269212655,6.922864879642443,6.853818058210807,0.8844278702193991,0.4652489271990268,-0.012884959725177546,-0.034128520803181676,-3.0691685913805204,-0.008965000493479466,0.9682070467484168,0.8292842706221978,-0.12524318750749594,-0.06313563586746476,0.0,0.0,0.0
1748023067.3045645,14.30111293459861,6.922502579394464,6.84958454542754,0.8845077638447942,0.465454396729389,-0.01072328750792188,-0.029719208747624213,-3.0789932671819393,-0.008696320259291453,0.9685489911537333,0.838421539649056,-0.11589418410835278,-0.0589870155536575,0.0,0.0,0.0
1748023067.3995683,14.386299557803197,6.920887565084844,6.843201109260815,0.8847754481102844,0.46520998032577454,-0.010634987508507148,-0.02527800758034434,-3.0869391202414347,-0.0047000284454085635,0.9680106420850416,0.8493023149419505,-0.10887429766162848,-0.06934432039667301,0.0,0.0,0.0
1748023067.527512,14.46083966096105,6.908214588705377,6.836069693151839,0.8849269053348948,0.46526231127588685,-0.00883564249817126,-0.018901993076671807,-3.099904953352579,-0.0019509756657101031,0.9680500938847963,0.8549138002909816,-0.10856177927486525,-0.06320126978528064,0.0,0.0,0.0
1748023067.6511302,14.54825854567644,6.895977599036173,6.829584944858259,0.8848189874673507,0.46570924024844146,-0.008610143915735887,-0.011667407005086622,-3.112921718380822,0.004369613044123782,0.9690451175335097,0.854699777616758,-0.08983632606235403,-0.05438575522944393,0.0,0.0,0.0
1748023067.7724864,14.643718554392635,6.891991651287163,6.820157072703146,0.8848114688992034,0.46583351629945685,-0.00863787972341604,-0.005760783835698638,-3.1233487011728793,0.009918820350597303,0.9692999178385031,0.8600526516267891,-0.05443622831564714,-0.06483289417897435,0.0,0.0,0.0
1748023067.8831863,14.724743724956458,6.890943344360851,6.81230556995342,0.8848424603987468,0.46579912931266654,-0.009102024357998473,-0.0014644315076170157,-3.1305202115017647,0.014743987594278496,0.9692013292217934,0.8449416682246973,-0.009261067369037824,-0.0638074770653941,0.0,0.0,0.0
1748023067.9728107,14.805648731960027,6.892774218101566,6.805413998119995,0.8847672651962614,0.4659551756021418,-0.008436927627704583,0.0012161492140383649,-3.1358814435554416,0.016063467622694564,0.9695118047435164,0.8283800731422468,0.04737388124549797,-0.060669424007703254,0.0,0.0,0.0
1748023068.1699572,14.887352288555286,6.900169869902486,6.799042839218328,0.8846856277986277,0.466140528803325,-0.0064694710545074524,0.001579024312472057,-3.1383548926438944,0.012919349969713166,0.969890939175775,0.811859182803803,0.1018574159327484,-0.06506580361196639,0.0,0.0,0.0
1748023068.2534883,14.968901807133815,6.912151748326784,6.791012396559851,0.884422997337148,0.4666662950570139,-0.004284298941858207,0.00041907220387189884,-3.1383351427438932,0.007969483129023711,0.9710581625167121,0.7941068106844001,0.14129810710207086,-0.07570705257661421,0.0,0.0,0.0
1748023068.3796704,15.046672952083139,6.927583852171074,6.783610772915897,0.8843220282540638,0.4668672785526477,-0.002623236453952968,-0.0016165370302173524,-3.1362841175116625,0.003130160186643433,0.9715032433012345,0.7741097804783584,0.16992203317622237,-0.07956164791533142,0.0,0.0,0.0
1748023068.473372,15.13507082791044,6.949454273485119,6.772876565080819,0.8844820867308195,0.46655978546589455,-0.0018274991682465317,-0.003172551828400076,-3.1342751822530173,0.0002724103581526613,0.9708026257695077,0.7580549545781671,0.21158615320654628,-0.08542006439243235,0.0,0.0,0.0
1748023068.5983443,15.211158890748539,6.971958192820067,6.763576429481021,0.8842681942385647,0.46694776147363953,-0.0004613588748636071,-0.005416258931568129,-3.1315826843536736,-0.0042423027338408074,0.9716663182027048,0.7509890683608755,0.2302314619745244,-0.09416978525973593,0.0,0.0,0.0
1748023068.7505326,15.280421654612857,6.997888150152091,6.753327481607017,0.8841959012401143,0.46706436710215854,0.0012649762267166146,-0.006847265789204896,-3.130665030829087,-0.008633308559549557,0.9719141256261626,0.7232203697396796,0.2559785630403882,-0.08760941875798586,0.0,0.0,0.0
1748023068.8547752,15.352992556078393,7.022620597258516,6.744462228656956,0.8841743427887271,0.46709359884858226,0.0027498987229860918,-0.007193019241989885,-3.131440952336043,-0.011582665263976933,0.9719743395382915,0.7098413753918067,0.2574102979273108,-0.09258410064140599,0.0,0.0,0.0
1748023068.9584963,15.427069307006256,7.047040067296881,6.737184550779859,0.8840960511468414,0.46724766475741863,0.00285513128396706,-0.006755764253720414,-3.132314539473537,-0.011361895184365452,0.9723260239953053,0.6851946780353086,0.2621038632309602,-0.07496647803077766,0.0,0.0,0.0
1748023069.0619726,15.497553296192088,7.073824889562615,6.7296463375311575,0.884042780227865,0.46738065494143727,0.0010252253792015138,-0.004757628234916451,-3.1341388857593935,-0.006259973875122537,0.9726403476978898,0.6576121795665144,0.27386340283998806,-0.060575999827658225,0.0,0.0,0.0
1748023069.1190464,15.568306816103787,7.100050098149661,6.724970517207435,0.883960704470744,0.4675356772976045,-0.0024533000156112474,-0.004224301657040733,-3.1318302538858456,0.000387218157164193,0.9730163905565243,0.6444007258076508,0.2941147562571877,-0.044391053411477005,0.0,0.0,0.0
1748023069.214989,15.64144034583413,7.129172982725926,6.721695140895529,0.8836553691832106,0.4680946562205138,-0.004282370624348025,-0.004716209634691095,-3.129248161167677,0.003153019759152025,0.9743077441461153,0.653842234962162,0.3176151404296826,-0.028107703440815462,0.0,0.0,0.0
1748023069.3372953,15.713796946652899,7.159566597991915,6.720197749776694,0.8836749798232888,0.46806295531888786,-0.0038624427589969215,-0.004547683849215841,-3.1299392697651203,0.0025690861956917214,0.9742288646709982,0.6514045613752375,0.3375710876686517,-0.01767776697769209,0.0,0.0,0.0
1748023069.4650855,15.770567620274745,7.198451905544226,6.717680406879112,0.8834878008699308,0.46842143757177546,-0.0031716786064595257,-0.004539051885808147,-3.1306006637556263,0.0013519007068449268,0.975030138817317,0.6459697313073396,0.36117897580446456,-0.017199787182563923,0.0,0.0,0.0
1748023069.5454183,15.857289387786164,7.239056459695236,6.717996941063368,0.8831092868988909,0.4691382397005831,-0.0018965866775565584,-0.0048685113274368474,-3.1312140817648375,-0.0012182233528353805,0.9766376140872551,0.6390501731037005,0.38478118576912296,-0.008544010733686536,0.0,0.0,0.0
1748023069.6509752,15.92841662345325,7.275131613003022,6.719542973651787,0.8831511327952439,0.4690631218542346,-0.0013698206874582354,-0.004689131062480941,-3.132025001320252,-0.001979480818906062,0.9764625243320958,0.6311770496260358,0.40161386269761573,0.0007578207355245361,0.0,0.0,0.0
1748023069.7589042,15.983574483341283,7.3095632749845425,6.723082482744524,0.8830130720100985,0.46931750305051056,-0.001172135921996149,-0.00525567189832931,-3.131210562742055,-0.00286313885355532,0.97703597890821,0.6234380169672754,0.40706134765610125,-0.0027840693658239164,0.0,0.0,0.0
1748023069.85977,16.039287464243003,7.351613779811219,6.723391236183468,0.8829961976908055,0.46933046991851324,-0.0018723388742581263,-0.006566522427236361,-3.1282382821122057,-0.0028572057870178465,0.9770705034649368,0.5870814668041846,0.4341361717256324,0.003257795238133065,0.0,0.0,0.0
1748023070.0040798,16.09556576058043,7.395034927634471,6.726543478887275,0.8831185137408959,0.4690999584255565,-0.0018392414186830853,-0.006598248571867777,-3.128212549368516,-0.0029419442091033216,0.9765479805278662,0.5965120794859128,0.43100808662102863,0.054434295774553915,0.0,0.0,0.0
1748023070.0850735,16.154049352818426,7.432365127915609,6.740126543051787,0.8827439422589745,0.4698423985790257,-0.00011830620987513812,-0.0033524477972318107,-3.135562714447451,-0.002941380289457237,0.9782215911697905,0.5789896413151757,0.4450555940862964,0.0993540420976375,0.0,0.0,0.0
1748023070.198628,16.215392780430058,7.478718102993244,6.752024509939426,0.882669183738284,0.46998560816220136,-0.0010536877880768058,-0.002744073840586542,-3.1357579639493145,-0.0007192350079965259,0.9785514485569621,0.5633651382669121,0.4698437630475648,0.12691824452351247,0.0,0.0,0.0
1748023070.3115926,16.28808360029268,7.531498871851337,6.769208787757792,0.8825106763011528,0.47028820819736317,-0.0012105210963343934,-0.0015627167596908504,-3.1376958268175765,0.0006667411025350158,0.9792380340885486,0.556356982483827,0.4934004226038366,0.14588940906313197,0.0,0.0,0.0
1748023070.3859713,16.34217540257694,7.5869576047972345,6.783416708456441,0.8822818169806983,0.47071237020967827,-0.0019020700740943486,-0.0022454590305019547,-3.1358397062437335,0.0012423933166947213,0.9802042295040508,0.5383807599133954,0.5238113355786383,0.15122331054069696,0.0,0.0,0.0
1748023070.4878213,16.396684471213327,7.641948120775238,6.798031033908931,0.8821920126642997,0.4708780295687342,-0.0017673263087374846,-0.002830303605093664,-3.134934470985586,0.0004527867528552091,0.9805790273740315,0.5268927578868535,0.5450819134297833,0.1554743471928461,0.0,0.0,0.0
1748023070.6186268,16.44325701382523,7.691676489586171,6.815753581136073,0.8819877858203715,0.47125415381634417,-0.0018115692267610234,-0.0037130030240633332,-3.1333354937008813,-0.00030397233878356366,0.9814322365967751,0.5177644090203813,0.5639691333128034,0.1513481714074276,0.0,0.0,0.0
1748023070.70753,16.498089744344327,7.752394463630499,6.835520603520672,0.8818125772247871,0.4715563657824375,-0.0032022914284416167,-0.005560383785868185,-3.128765746284437,0.0004035729851937755,0.9821343303402655,0.5048143060062911,0.5886101735642318,0.1354711136723275,0.0,0.0,0.0
1748023070.7871199,16.550144309917112,7.811905527275909,6.84672068956361,0.8816890524562189,0.4717627986205853,-0.0041139807606632465,-0.0068812628803954085,-3.1255760497047107,0.0007618560020859972,0.9826184365834312,0.5081074556041685,0.5952420813826944,0.10983843670026883,0.0,0.0,0.0
1748023070.917564,16.5983923029827,7.872076389619013,6.85795978691855,0.881626821050721,0.47187600063877516,-0.004275030784680268,-0.006993749848605331,-3.125225591918095,0.0009375983224997298,0.9828783601836233,0.5037716337298014,0.6083275154017034,0.11692825058955911,0.0,0.0,0.0
1748023071.0343359,16.638832348656774,7.922990556183188,6.878718753612668,0.8813942366923785,0.47232928639810107,-0.0034863578637220533,-0.006090159683142695,-3.12756311114427,0.00039258991196976613,0.9838922601965728,0.5119082648964575,0.6107898450351055,0.14331443000687882,0.0,0.0,0.0
1748023071.134219,16.69142725570107,7.986390710018063,6.894743286829665,0.8811962722674704,0.472731571435185,-0.0018738552920186818,-0.0038052301742979265,-3.1331145812534995,-0.00029523628803483295,0.984784437073514,0.5071904873420988,0.6259012180510083,0.1559901137669509,0.0,0.0,0.0
1748023071.3038208,16.743419240155237,8.053931381615207,6.908398256205237,0.8811549910295231,0.47281782772836034,-0.0011396120782092047,-0.002807997561753464,-3.135566395906643,-0.0006469929188649955,0.9849747890524658,0.4926918321080906,0.6486850842470969,0.16233749151633528,0.0,0.0,0.0
1748023071.373419,16.778912127345038,8.10957728095861,6.929177845511634,0.8811185582870755,0.47288800756307026,-0.0010487498497844113,-0.002432831454865594,-3.1363135201858814,-0.0004527677430341183,0.9851336754227376,0.4774505183883544,0.6593416748214813,0.17257160385920262,0.0,0.0,0.0
1748023071.4739625,16.830018783245972,8.174984777390264,6.947522262079082,0.8809727572737768,0.4731611608329654,-0.001288593356209444,-0.001963758590579352,-3.1369131758174866,0.0004120827070833155,0.9857550945271998,0.47374319463732706,0.6722308408912486,0.18248996045497098,0.0,0.0,0.0
1748023071.6581867,16.87837612328502,8.242261304744646,6.965694127054867,0.8809225815313974,0.47325068093776224,-0.0025504428315417183,-0.0016412133822842052,-3.1362870442946686,0.00294007890066279,0.9859671433207424,0.46965892437272605,0.6911798923445076,0.19556484729107407,0.0,0.0,0.0
1748023071.7606335,16.9474664114609,8.333816445703132,6.989038262003452,0.8808352652436975,0.47341217046027595,-0.00297362861740846,-0.0011445068813997381,-3.1367608450818447,0.004154918884868938,0.9863365498359254,0.4782512186871734,0.7218148048552443,0.21771778934797703,0.0,0.0,0.0
1748023071.9006329,16.995045759686683,8.406294773674134,7.010888647738202,0.880793470351691,0.4734890588471436,-0.0028968679417699845,-0.0016068273084036437,-3.136018752427043,0.0035814620916793886,0.9865115195855108,0.46941663343776235,0.744271791875125,0.247775872181214,0.0,0.0,0.0
1748023072.0636652,17.042753116890278,8.480381064359506,7.03826932386539,0.8806725117367135,0.47371613559012576,-0.002442242982086865,-0.0017278316244764785,-3.136235441497573,0.00266463223568148,0.9870232414306582,0.4716481169255973,0.754941010593492,0.2881572335446995,0.0,0.0,0.0
1748023072.166515,17.0925394407737,8.557126455060413,7.069786033642427,0.8804719949239369,0.47409201176108134,-0.0019075501063122475,-0.0014804700555252391,-3.137176897416705,0.0019553320870698623,0.987872451097583,0.4651884118312122,0.7798208097360373,0.3221986158055229,0.0,0.0,0.0
1748023072.2604086,17.138331987523962,8.633437680416185,7.103201932948293,0.8804549463189456,0.47411944699318626,-0.0021269027257508795,-0.0023051616370525583,-3.135516614996674,0.001559440761330371,0.9879373492080771,0.4562532591209994,0.799233605775965,0.3429799932486612,0.0,0.0,0.0
1748023072.3877466,17.18196730517224,8.712942282458927,7.137962373693934,0.8803199712482473,0.47436253301537845,-0.0020926880303717586,-0.0035434657507090197,-3.133368407524312,0.0003226953607381972,0.9884899871956342,0.4473375121900935,0.8088553195244099,0.3507291779497597,0.0,0.0,0.0
1748023072.4797106,17.212810651282595,8.776067066932999,7.1716553695124885,0.8801128020116694,0.4747319983662965,-0.002413137420741536,-0.005016196776395452,-3.130471597777369,-0.0005150319884668707,0.9893328587690049,0.4384546821158659,0.8085357068154486,0.35469826746908695,0.0,0.0,0.0
1748023072.6010273,17.258049790515884,8.856801385314904,7.209132289954843,0.880215190886849,0.4745485067215028,-0.002295210813316394,-0.0044344681465093225,-3.1316075373455585,-0.0001681816265152769,0.9889146699910454,0.43667630709587274,0.8203646194794099,0.36695738522375837,0.0,0.0,0.0
1748023072.693744,17.303588557455246,8.943795058029048,7.2476205034596095,0.8800812853533345,0.4747919799332913,-0.003867889152067764,-0.0038139736961957183,-3.131206314881221,0.0031864308600022943,0.9894877796073032,0.4273772336443968,0.8355620974145374,0.37679489990952325,0.0,0.0,0.0
1748023072.8266006,17.347190264049193,9.025466053640324,7.284041427799072,0.879932117287897,0.4750579553104577,-0.005351010711950226,-0.003282490799155088,-3.1307314060502813,0.006298347277676881,0.9901152647017152,0.43763235588190624,0.8446917285493564,0.38144959633218317,0.0,0.0,0.0
1748023072.9374998,17.39128795473728,9.106809653208357,7.322414082131949,0.8799429465677707,0.4750245994090306,-0.00663672330222927,-0.0028274804560233357,-3.130310701363107,0.008993751420936363,0.9900628006312293,0.43776848391535106,0.8572080104844548,0.3887134623581385,0.0,0.0,0.0
1748023073.096208,17.453551813438533,9.210209611610418,7.364946566683193,0.8798412571794266,0.475212018245955,-0.0070963082320763815,-0.0015944557088987392,-3.13204169575096,0.010972060627592371,0.9904909320516644,0.45514221197529325,0.8866257066018532,0.4060491111358752,0.0,0.0,0.0
1748023073.2102728,17.51411579011,9.312738472267466,7.414805072596052,0.8796355786143862,0.4755820152834572,-0.007777369640519563,-0.0015836969830682,-3.1314080158473505,0.012176447371758761,0.9913471501918864,0.4614426605954427,0.9062572331951781,0.4221832956781462,0.0,0.0,0.0
1748023073.2779043,17.55311570641528,9.398151043645198,7.454463479392107,0.8795210230006955,0.4757829594913169,-0.008324073608927108,-0.0020137914606982526,-3.130128225476659,0.012726483684792917,0.9918206033112601,0.45733796449854136,0.9189250535485033,0.42261850563002573,0.0,0.0,0.0
1748023073.416798,17.60155719026564,9.49173883653072,7.496945422370544,0.8794849829943764,0.47585178250077614,-0.008346884807290079,-0.0012551064614400222,-3.131440101126406,0.013487839343420306,0.9919714884650453,0.4768173175287823,0.9286532632696326,0.42424353090895817,0.0,0.0,0.0
1748023073.515152,17.63663814023843,9.546846103446025,7.528772381275696,0.8794117181114881,0.4760009426838912,-0.007572792628360802,-0.0008862415332952022,-3.1328238035732534,0.012475825175136101,0.9922898354388666,0.4777368278517851,0.9312317764512317,0.4254525173628871,0.0,0.0,0.0
1748023073.6039286,17.686819434877176,9.63937963343203,7.57263689220103,0.8793190822595874,0.476181615680015,-0.006989143319119035,0.0004151363538500735,-3.1356660134414116,0.012687075130866442,0.9926787146972516,0.4799297369962905,0.9533552185076023,0.4321532512594235,0.0,0.0,0.0
1748023073.7350948,17.735526384026354,9.737151817529575,7.6172840137651,0.879178685089901,0.47643960416219816,-0.007073375134130182,0.00033261625403512273,-3.135436900141639,0.012754810245594854,0.993267823236375,0.47668248306256,0.9744374539271224,0.4378739850720439,0.0,0.0,0.0
1748023073.8165824,17.796649919999062,9.861423932371505,7.666358127278178,0.8790991911495458,0.47657927870224953,-0.007526586152657207,0.0003920876747866602,-3.135107345646503,0.013607373241338495,0.9935940527505774,0.49080754470035054,1.0025805466704507,0.43590670180192864,0.0,0.0,0.0
1748023073.9130418,17.84628008624321,9.960944143798825,7.71093157935672,0.8790399298287519,0.4766876122894517,-0.007596016638714584,0.00015029194456807975,-3.134614332419157,0.013498098368056544,0.9938439973668906,0.4913302450144594,1.027822433338862,0.4325898608019697,0.0,0.0,0.0
1748023074.0517325,17.8977728628399,10.058880253518328,7.751733880299593,0.8789713039469718,0.4768322294994799,-0.006356073053417297,0.0002684839943585588,-3.136002677821868,0.01142990415336661,0.9941485368194356,0.5011260093458474,1.0374977133998005,0.40632927272075414,0.0,0.0,0.0
1748023074.15604,17.939753687489038,10.154632122864427,7.787629934906262,0.8787326702924139,0.477280034506523,-0.005616555434374581,-0.0010569424150734905,-3.1343734281944338,0.008862102484540156,0.99516340814085,0.48791610081353004,1.0588216881022507,0.39339944570733176,0.0,0.0,0.0
1748023074.2812684,17.985806758929108,10.25947094729458,7.82591737477149,0.8772772119021696,0.47996277289791445,-0.00400698041275918,-0.002091462950372806,-3.1340764995796233,0.005022837615238345,1.001254609101594,0.47914399331527535,1.0656587081747881,0.3841439302513561,0.0,0.0,0.0
1748023074.3671968,18.045294920998987,10.382774804650985,7.868756805642872,0.8746175190990828,0.48479348132894157,-0.003405667875633042,-0.002806630052472353,-3.1333809715078695,0.003236047316621724,1.0122781434201726,0.4863912101817608,1.0789257347562684,0.3753816345259691,0.0,0.0,0.0
1748023074.5074742,18.09554392694591,10.488864144252219,7.905255486463356,0.8714182124909521,0.49052216740634147,-0.003495141051252429,-0.002467024744694961,-3.133864015653186,0.0036712067315475363,1.0254022098741955,0.4825635509389072,1.0814323924746456,0.3624849404495272,0.0,0.0,0.0
1748023074.6480079,18.138584091129786,10.58854326588018,7.937671863125386,0.867932642742795,0.496667630326637,-0.0032035363138798014,-0.0019824233444526483,-3.1349691569938707,0.0035917041908313666,1.039530300169068,0.4823071380797413,1.086124631740551,0.35167249004468315,0.0,0.0,0.0
1748023074.7731228,18.188174563278004,10.695584986652804,7.97071386443949,0.8645781835844014,0.5024894163960707,-0.0028095706434400447,-0.0010281987322260807,-3.136991128281271,0.003824878331450578,1.0529654009722855,0.47881612984349753,1.0910463339404155,0.3443517894718342,0.0,0.0,0.0
1748023074.8592715,18.248934600477753,10.823507729958695,8.009738889681895,0.8614187591056865,0.5078725050393308,-0.004356663618308861,0.0020638720917943907,-3.1407230703322337,0.009602338877651218,1.0654444145752713,0.48534670462077945,1.1113613528177437,0.347478841287353,0.0,0.0,0.0
1748023074.965242,18.29877052033576,10.932252362776296,8.042270724068517,0.8585271531632139,0.5127315274413637,-0.004346061297702291,0.00431506666344107,3.138639962169194,0.011887644693438747,1.0767315331928586,0.48467604384081897,1.1360656272317908,0.3520004309714255,0.0,0.0,0.0
1748023075.0526843,18.33662052501407,11.04081094751879,8.07468258330925,0.8560607861829069,0.516819875171671,-0.0054604389303394285,0.005227867072714714,3.1382856704154896,0.014753201686769832,1.0862742604624656,0.4660151129280435,1.1644367407605227,0.36904900474683683,0.0,0.0,0.0
1748023075.1646965,18.386661596150635,11.153554653157768,8.110573887066732,0.8540675781684363,0.5200992884630802,-0.005762521897508636,0.00566528049443661,3.137909291477249,0.015736832474696233,1.093945174409363,0.4612799346644463,1.183530123791054,0.38472600561247616,0.0,0.0,0.0
1748023075.269201,18.436360563764808,11.295856516593641,8.157178495026496,0.8525292185960103,0.522633865592536,-0.004965700042371,0.004807889242524161,3.1385851291930376,0.013492749632570175,1.0998838107512663,0.45914419448032184,1.2285069707494953,0.41443256868055656,0.0,0.0,0.0
1748023075.390079,18.474606091425404,11.414844592592875,8.199062069041794,0.85173657223775,0.5239537304494307,-0.0028921784506156104,0.002989174572208579,3.1395313419571416,0.008059213897755471,1.1029748704086708,0.4441933883733035,1.255959220155471,0.43434221950287916,0.0,0.0,0.0
1748023075.4951725,18.51299783284562,11.525098683496106,8.238093004902964,0.8511561010401477,0.5249104160707307,0.000266910119951855,0.0015084832031082697,3.1387445307556643,0.0011292729775247321,1.105219559390899,0.436470686265823,1.2601700664913416,0.4518840049264605,0.0,0.0,0.0
1748023075.6524992,18.55553902102181,11.65173112353036,8.282980604642075,0.8510766778065662,0.5250313875718189,0.003114259445530213,-0.0009121108785829482,3.1398750037801237,-0.006258761707253898,1.1055158560369072,0.4207283470626531,1.2699973596036445,0.4677878918342665,0.0,0.0,0.0
1748023075.793106,18.6081308610921,11.79929692578413,8.33597872094656,0.85098069893381,0.5251461435074588,0.006806187582759583,-0.002655901345316511,3.1389641342766526,-0.014373836181709223,1.1058254976327835,0.41614510738379606,1.2814302003269635,0.4793923154490373,0.0,0.0,0.0
1748023075.885581,18.643309085198847,11.914101768664223,8.37968010312581,0.8508954582539603,0.5252315959929149,0.00957653591379143,-0.004120637500477731,3.1385446654411866,-0.020627302590429726,1.1060730268720043,0.3883927922206374,1.26175230642686,0.4821693389675601,0.0,0.0,0.0
1748023075.990374,18.677417145843915,12.031521308903462,8.423124727794182,0.8506872956929598,0.5255193974332972,0.011591594349768966,-0.005111047678665039,3.138104139308188,-0.02509618775122099,1.106793906754709,0.36372820389771693,1.2434169569934792,0.4787885086545685,0.0,0.0,0.0
1748023076.119558,18.713712920387866,12.154445983464617,8.470628172753681,0.8504695907431052,0.5258291241769577,0.012623771463836307,-0.0067710990671801235,3.139833267646231,-0.028597047261194854,1.1075312043461842,0.33408162875635083,1.2354570048014533,0.48217002841317563,0.0,0.0,0.0
1748023076.2224844,18.754359381440953,12.30604243229289,8.526233091773694,0.8504749620187949,0.5258153906220248,0.012897004159582481,-0.006646897610530327,3.139334860256269,-0.02893127620706558,1.1075096939980251,0.3127446562793003,1.2298032238277796,0.4818046377146184,0.0,0.0,0.0
1748023076.343984,18.78486497568871,12.419735040364221,8.573686533778607,0.8501222498792818,0.5263814475833468,0.01268297099418773,-0.007339901021752784,3.1407197440061925,-0.02929551731250825,1.1088238596036801,0.29480198917405825,1.205573096304996,0.47440517749598654,0.0,0.0,0.0
1748023076.4356585,18.809759068686727,12.51690181361599,8.612521931069363,0.8502216915062606,0.5262255886300301,0.012861845313713975,-0.0066541790130299,3.1393703156052495,-0.02887805189512625,1.1084733979022485,0.27087491851582013,1.1751440657628789,0.4671197501591587,0.0,0.0,0.0
1748023076.529595,18.829657941270394,12.628660471990662,8.658563526786445,0.8502074327033884,0.5262716768278809,0.012391577674714662,-0.00564733099929962,3.138151523755012,-0.027018170600801774,1.1085811921709854,0.23988625848382425,1.1402169215188487,0.45284533174082026,0.0,0.0,0.0
1748023076.6523373,18.855746663728453,12.744055309862942,8.705112262292158,0.8499188645000796,0.5267892602888824,0.010524822884804311,-0.00449745644015796,3.1381479835312787,-0.022630846234686825,1.1097577069450975,0.22289261930968296,1.1297505141992368,0.4479839140860033,0.0,0.0,0.0
1748023076.7479873,18.89697631550708,12.90656169613935,8.765232690813972,0.8500084401600796,0.5266924981093013,0.008529875744185551,-0.0028116386326951506,3.137386589840868,-0.01746355834973377,1.1094965723574457,0.21163186126723982,1.154879523982972,0.4578340298593031,0.0,0.0,0.0
1748023076.8384545,18.915179795457423,13.011096912513331,8.807814526806073,0.849882825928578,0.5269189730832594,0.007085375540200701,-0.0023185016696471565,3.1380663481293287,-0.014487309777422743,1.1100027554379013,0.203328418434983,1.139829090622605,0.4500509498687246,0.0,0.0,0.0
1748023076.9605446,18.93741520104411,13.12810602880747,8.853855132645,0.8495035290246372,0.5275352704557656,0.006661671742790237,-0.0024320216777808114,3.1386958587038922,-0.013884627851974607,1.111444677739372,0.19198068360933726,1.1423487792323153,0.4441756828005653,0.0,0.0,0.0
1748023077.075627,18.958529597809818,13.24300857508075,8.8979577199454,0.8496906969456786,0.5272291021414843,0.00718324264632998,-0.001895891382826216,3.137239613963253,-0.014206685008174513,1.1107377932876388,0.17925887581377128,1.1435990407605425,0.44049268348911413,0.0,0.0,0.0
1748023077.163454,18.971411553787537,13.302610993087898,8.921733778596673,0.8494655259424513,0.5275793768870258,0.007764556900048387,-0.002834250334432836,3.1382145605659924,-0.016182737188321458,1.111566940854292,0.17108421052540904,1.1095311271620636,0.42429372988795944,0.0,0.0,0.0
1748023077.2724206,18.98525774011717,13.4183207929694,8.965417020119798,0.8492705898047969,0.5278844590154715,0.008231210852554637,-0.0031161499412413252,3.1381947926670852,-0.017271843576410352,1.1122930061221694,0.14540950895637686,1.1056701451316147,0.42744424125109526,0.0,0.0,0.0
1748023077.363699,19.011129785220657,13.561257137868587,9.01808036856435,0.8493341702806914,0.527797146255479,0.007289263817755658,-0.002916544389747025,3.138852058928143,-0.015461345291536784,1.1120694031852179,0.1343230924784431,1.1209457219213534,0.4313527836047768,0.0,0.0,0.0
1748023077.4691265,19.026186029614703,13.673649958538972,9.061712852212754,0.8491124000909954,0.5281633617580804,0.0067513367545695546,-0.002452500792782423,3.1386256363624567,-0.014056392515368556,1.112925295777838,0.12405035630123823,1.114857687261719,0.42455951364163935,0.0,0.0,0.0
1748023077.5952344,19.03911527444854,13.786041802824299,9.104079661256494,0.848857576144152,0.5285741920446934,0.006224768589833038,-0.003375082662345266,3.140741993412598,-0.014136317955403164,1.1138773640894355,0.11450011330601428,1.110973152864784,0.4104073777006316,0.0,0.0,0.0
1748023077.6567533,19.06437327622069,13.946943474721172,9.160462836039034,0.8490138428312445,0.5283237427010992,0.00597548647080804,-0.003716334304507929,3.141589109023554,-0.014073861365907454,1.1132809581815262,0.11050141792326054,1.1325702292244177,0.3727194575681969,0.0,0.0,0.0
1748023077.7657118,19.075846949254853,14.05663278301684,9.193108228095895,0.8487741945992616,0.5287151877596035,0.005443842631557722,-0.0036029699006442876,-3.1412328917484915,-0.01305144663325173,1.1141965360667643,0.11664750429839119,1.1276139564383487,0.34006551107096633,0.0,0.0,0.0
1748023077.880274,19.085232870498036,14.176024286661217,9.225354548568937,0.8485923896093744,0.5289929797092091,0.006509277158612332,-0.003874664668911987,3.1412819159981176,-0.015147366169934921,1.1148650818793382,0.09640574024056257,1.1287022836737055,0.3424258542970033,0.0,0.0,0.0
1748023077.974895,19.08920974888021,14.212317484340078,9.23129551707753,0.8485693157942051,0.5290174670066946,0.007563887549006726,-0.0036638094275546064,3.1398075385537867,-0.016714182342630047,1.114943622590807,0.0890943352699331,1.0836239996714776,0.3223432214007939,0.0,0.0,0.0
1748023078.0625207,19.101017054855145,14.322205979775855,9.26521902737839,0.8484656729198402,0.5291648756129207,0.00876390725914792,-0.0037054316614946437,3.1386048808217857,-0.018794423949258288,1.1153166410754698,0.07166149947730008,1.0892225011965968,0.3233879798594708,0.0,0.0,0.0
1748023078.190367,19.109575156141396,14.437193890122078,9.296083040288922,0.8482793914454027,0.5294664549916102,0.008632596461625595,-0.003581252010873367,3.138526591633705,-0.018439057818036446,1.1160258017632623,0.06018483040156145,1.0841768887559806,0.3206972071449219,0.0,0.0,0.0
1748023078.3104668,19.131265671727643,14.658009823012474,9.361931649902644,0.8480516379854915,0.5298326752945659,0.008399887127748027,-0.0038983838406483166,3.139303257197263,-0.018379093052474173,1.116881136997764,0.052857999766762566,1.1236036015599966,0.3324557544400327,0.0,0.0,0.0
1748023078.3952909,19.14065132360234,14.766627967373912,9.393687991672925,0.8481404316778037,0.5296878240070021,0.008854817755114137,-0.003195223722959082,3.1376313907913493,-0.018406239398186072,1.1165567509639385,0.04363871885654628,1.1241411767478566,0.33488137588449607,0.0,0.0,0.0
1748023078.5379736,19.14576155794625,14.878979824299554,9.424030103835234,0.8478924250774899,0.5300879749518835,0.00869860871678664,-0.003083587848058361,3.1375990403088276,-0.018021089960019242,1.117497861962612,0.03721336348449877,1.1220293181580228,0.33356545292598855,0.0,0.0,0.0
1748023078.5912275,19.147802666840732,14.973069347018063,9.449099721266325,0.84769140083508,0.5304113552515778,0.008444575553340904,-0.003431080612348451,3.138450939411368,-0.017957521514835824,1.118251654358456,0.018995862890971653,1.101454408925609,0.3255097684102086,0.0,0.0,0.0
1748023078.68643,19.14859581961663,15.085741621190522,9.483803271840394,0.8477508604629262,0.53031589219713,0.008325735614780389,-0.003770304232136883,3.1391542685425873,-0.018116194497293743,1.1180205913369436,0.005257494591115358,1.0995567779782571,0.33372027540889015,0.0,0.0,0.0
1748023078.828248,19.14953858745134,15.194198941587457,9.51581764950065,0.8477194523615436,0.5303605722586033,0.008831632078079575,-0.0033757600935338332,3.137947514137728,-0.018555297471001545,1.118141399907164,0.0005585227792252626,1.0930197272361453,0.3368644165800821,0.0,0.0,0.0
1748023078.9201348,19.1512147789962,15.30083682125403,9.545463163571748,0.847473044609118,0.5307542303720482,0.008395176114753496,-0.004348174459330163,3.1400507499833825,-0.018846110495540865,1.1190509867108427,-0.02285801686189517,1.0835789350215055,0.33533502890913625,0.0,0.0,0.0
1748023079.0170677,19.151858386098944,15.405693323549691,9.577764763563449,0.8474971764789307,0.5307214407436823,0.007683543578156781,-0.004924566303026672,-3.1414011522537684,-0.018251722157487337,1.1189535093250154,-0.0296923827723901,1.0753287483132117,0.3330280850594197,0.0,0.0,0.0
1748023079.1302762,19.150532644443924,15.510238599504142,9.609408712334233,0.8474231862131524,0.5308363224942538,0.007842388248572502,-0.005023856654410451,-3.141404004712969,-0.018626411489049036,1.1192267836050136,-0.03179342509795938,1.0596481215867342,0.31814960656134555,0.0,0.0,0.0
1748023079.2426872,19.149401675943146,15.600420281267859,9.63210572325833,0.8472652957745281,0.5310818012251151,0.007813566465848467,-0.005708516678845171,-3.1402184268529965,-0.019304905113339578,1.1197990048604662,-0.040696687526014616,1.05238844746714,0.29512426884727583,0.0,0.0,0.0
1748023079.3338356,19.1435118483605,15.70946525136168,9.660309163846778,0.8472513194397323,0.5311029773721225,0.007535854075330402,-0.006167660614429055,-3.1391457062748658,-0.019322052713972186,1.1198393627269598,-0.056232127838662764,1.0478481287271033,0.26837580372292213,0.0,0.0,0.0
1748023079.4664123,19.138182421849418,15.816291440726294,9.685450879180616,0.8470161301813018,0.5314704527189787,0.007363748808358991,-0.006971965494992533,-3.1376083505914267,-0.019886526095650118,1.1206959788087743,-0.055187751902982876,1.0319057898575235,0.2345178941917272,0.0,0.0,0.0
1748023079.5463834,19.139563466839373,15.9571243666968,9.716661284089493,0.846830385572157,0.5317493946611441,0.0076119533484495456,-0.0079333167994262,-3.1362503685793754,-0.021330757139432797,1.12134866450489,-0.053159589072994395,1.0376299370919602,0.2053734573737613,0.0,0.0,0.0
1748023079.6475778,19.135837121178177,16.054220149975492,9.73218456193084,0.8469033720449731,0.5316253301216931,0.007808037120651175,-0.008259621551702269,-3.135902942836906,-0.022009130835481984,1.1210552485501868,-0.053461187751622494,1.0195359856498927,0.16460730109762162,0.0,0.0,0.0
1748023079.7923288,19.13257665693729,16.15681895665646,9.743827502494092,0.8467690186876271,0.5318480622082685,0.007899085385096581,-0.007581039914252828,-3.1371550659175544,-0.021442967547339202,1.1215904658043605,-0.05882992349540001,1.0138104235067036,0.10849844426623359,0.0,0.0,0.0
1748023079.9080663,19.13426690847084,16.257711397748157,9.749777632532794,0.8464785552355867,0.5323192651767502,0.00714014927081714,-0.007698942547456116,-3.1361592074112554,-0.020285948672858333,1.1226900243380218,-0.05732342138642725,0.999675297188583,0.07246710492615552,0.0,0.0,0.0
1748023080.0051098,19.131312257643398,16.35148415671564,9.751981919517405,0.8464065639122286,0.5324452519539088,0.007271587237713857,-0.006716119197687176,-3.1379662682924327,-0.019462598584767805,1.1229998122142018,-0.05690082195140127,0.9943624031189138,0.05014690103837217,0.0,0.0,0.0
1748023080.11271,19.130544470255312,16.444622719338973,9.752123799541911,0.8463019152404623,0.5326012391764425,0.008202346028945321,-0.006458313066487799,-3.1393979726071954,-0.020764225452977913,1.1233878520138205,-0.0536586295241144,0.9869922880447025,0.03964811716216338,0.0,0.0,0.0
1748023080.2536218,19.126633116299537,16.542520143937566,9.754495981973726,0.8461277076816197,0.5328714543332681,0.00920539646610185,-0.005583558551438763,3.14123079090509,-0.021530183294839758,1.124057539753735,-0.059236495686412406,0.9773660741918916,0.0294210829912039,0.0,0.0,0.0
1748023080.3279777,19.125124491076278,16.63378798181343,9.75308665350968,0.8461118043287845,0.5328672927209257,0.010666735698624665,-0.00578650786708565,3.140016346708436,-0.024219751339601744,1.1240826416139513,-0.06910090877630788,0.9691678333915587,0.028101756263919093,0.0,0.0,0.0
1748023080.4458685,19.115767190298772,16.725049048386673,9.756096650783725,0.8460367478410572,0.5329770279285931,0.01115762943370788,-0.0057285520292059255,3.1393915753530335,-0.02498850280339346,1.1243567813347919,-0.0907455592357722,0.9491863901443407,0.030060598710193048,0.0,0.0,0.0
1748023080.587442,19.107881847290553,16.82057811116632,9.75751862949548,0.8459295996173827,0.5331471768262867,0.011140029459828624,-0.00575326663464188,3.1394471489016462,-0.024984636336276157,1.1247582655710797,-0.09691677150409016,0.9425714652459163,0.031086751817868914,0.0,0.0,0.0
1748023080.649483,19.102556207486455,16.91368689608014,9.756408009640063,0.8458340075178978,0.5333001584872565,0.0109993089681254,-0.005898125626298198,3.1398379127476392,-0.024900695008625913,1.125114119317158,-0.10796207560313814,0.9278129250661409,0.019464726173256335,0.0,0.0,0.0
1748023080.7531674,19.08894127817667,17.008228106403383,9.757470409314521,0.8468863418838225,0.5316365020973313,0.01011272006879312,-0.006624685740621808,-3.141124387248531,-0.024174853177069827,1.121149239226542,-0.1152873450325321,0.9195312940739228,0.013649216109895338,0.0,0.0,0.0
1748023080.8805792,19.078599836596638,17.09998472218268,9.75867997899755,0.8487422425922925,0.5286605837725297,0.00987141122442842,-0.007559632605661604,-3.1391968103915695,-0.024752054345323453,1.114110319561061,-0.13542735374497444,0.9093190784567637,0.006434585267752779,0.0,0.0,0.0
1748023080.9653769,19.07061321342826,17.20300208693906,9.759409623263846,0.8495853758552364,0.5272686410585409,0.007122268721630129,-0.01190556917804402,-3.1288695452534054,-0.024659316331951647,1.1107282604090463,-0.1381062313831727,0.9011506459174342,0.014998473413182375,0.0,0.0,0.0
1748023081.076086,19.056845392155456,17.285616487333215,9.759040486667606,0.8497376850165943,0.5269842415837785,0.004631896973270223,-0.014560951735304976,-3.1217218839909515,-0.023220665741467653,1.1100104217210602,-0.13038294350502566,0.8764416516766251,0.009949541957914572,0.0,0.0,0.0
1748023081.163656,19.05063549808992,17.38507702428084,9.759461356787751,0.8494549909119592,0.5273992700737175,0.0034659702695944753,-0.016254703644291064,-3.1176246225277326,-0.023035846437692516,1.1109685957321287,-0.10956824109328774,0.8612515650846937,0.0030880714129311406,0.0,0.0,0.0
1748023081.2669299,19.03950365743748,17.47358872384653,9.759277005003513,0.849133743846677,0.52787150740714,0.003249026318535157,-0.017691821743996066,-3.1149664045622565,-0.02419809444324539,1.1120639781394426,-0.09571772674285182,0.8474183345230629,0.00396533021885871,0.0,0.0,0.0
1748023081.3650575,19.04177766293624,17.523821805305673,9.751771298747354,0.849022084640903,0.5280449298193625,0.003410040667391086,-0.017844425088158585,-3.114882059116069,-0.024638208718466018,1.112469614218317,-0.0735118210376099,0.8042843069074267,-0.012345415530337646,0.0,0.0,0.0
1748023081.423169,19.033575950890686,17.603091378102057,9.749962659999117,0.8488547955930773,0.5282944348181273,0.001999455606665373,-0.01861527104576864,-3.1120898058087025,-0.023065228233584215,1.1130589634492978,-0.08248810271506515,0.7850504743164599,-0.025847864701266196,0.0,0.0,0.0
1748023081.5607717,19.02729065996095,17.685827574036644,9.746163970799092,0.8485567369339891,0.5285283619916277,-0.0043038269056994505,-0.024304564352270706,-3.0957718849733844,-0.01838825678771819,1.113690288311772,-0.0598519398253454,0.768188998382653,-0.033238391052727766,0.0,0.0,0.0
1748023081.6829276,19.027353411681872,17.794438560366054,9.742207932223186,0.848681247898164,0.5283063438383113,-0.0053903978063451615,-0.02456603626351606,-3.0941751598282314,-0.016808117935019434,1.113204351440105,-0.010106645201013257,0.7499905363056861,-0.05346849589644413,0.0,0.0,0.0
1748023081.752849,19.040426536692234,17.832086610806048,9.73423183232997,0.8481035816778327,0.5291322174835411,-0.006334551151815878,-0.02644399039266057,-3.0900039938661417,-0.017240877633784582,1.1151716663726974,0.046166381618103075,0.7056947106667254,-0.06227831866039844,0.0,0.0,0.0
1748023081.850342,19.049068765116953,17.891379874675515,9.728315336982146,0.8482571907100278,0.5289190949900844,-0.007313776616620737,-0.025511527496483825,-3.090547601047102,-0.014579657376665242,1.114719858372306,0.0762074108262749,0.6794263692000155,-0.06431853800499991,0.0,0.0,0.0
1748023081.9586802,19.05915122289234,17.958258737455203,9.722317162586899,0.848255313107428,0.5290272950124265,-0.007417503472175154,-0.023195377968356266,-3.094372403482355,-0.011958387678502424,1.1149953301377962,0.12286325424901542,0.6586192411867958,-0.07017525399554517,0.0,0.0,0.0
1748023082.066439,19.06804893521628,18.034396564731185,9.716399912116326,0.8478751417143561,0.5297526065446423,-0.005829502761111133,-0.020879100066245004,-3.0999954167990897,-0.012236439764399245,1.1166567933122202,0.15706938189508599,0.6449554257335495,-0.0651277262280845,0.0,0.0,0.0
1748023082.1813154,19.084092661716372,18.10087262205011,9.710501578950758,0.8481085516910355,0.529447425432337,-0.005133374600925099,-0.019260236675875723,-3.1034755746400178,-0.011687513726334907,1.1159234159418612,0.17280811800859755,0.6352809035323947,-0.06096831092209731,0.0,0.0,0.0
1748023082.2740254,19.10874281713376,18.165296112882263,9.705445571266027,0.8482401878631091,0.5293168907759418,-0.0031087300625094383,-0.01739392510751031,-3.108784477091684,-0.013140275313144049,1.1155696836896873,0.20662301495308813,0.629883971889481,-0.04630593792696503,0.0,0.0,0.0
1748023082.3674905,19.131594076217404,18.219934880315314,9.701141200226017,0.8479618979009602,0.5298212067179614,-0.0014447581181448988,-0.015748691822016155,-3.1133465268345475,-0.014238263216891868,1.1167346484932876,0.22746371034739107,0.6135769426328875,-0.038018740996336425,0.0,0.0,0.0
1748023082.5379176,19.151517557831937,18.289632774094095,9.698376789703104,0.848121243933698,0.5295939382411029,-0.0012620230501602728,-0.014799441356226194,-3.1151469883016163,-0.013535105010858547,1.1162023572356865,0.2224241803636264,0.611138993604037,-0.029373644933013896,0.0,0.0,0.0
1748023082.6099823,19.177058387717196,18.373713698100328,9.696952759862393,0.8482297250394124,0.5294261696366996,-0.0028351975791124206,-0.014360575129939707,-3.11422356904495,-0.010396118110189282,1.1158395015562483,0.23425536567271898,0.6208109544612693,-0.018837464614671173,0.0,0.0,0.0
1748023082.69061,19.202427303279016,18.437709198969447,9.694601094691317,0.8478641997460252,0.5299805579442404,-0.004664463569752927,-0.01500499149451869,-3.1111984625817537,-0.007995129362096644,1.117188105964351,0.25605919833466684,0.619092575311506,-0.014690003665899466,0.0,0.0,0.0
1748023082.8084972,19.23006330840056,18.502553521434663,9.692950420236558,0.8478239591195676,0.5300141834334496,-0.006874044157576502,-0.01523965941597631,-3.1084584772984987,-0.004498527789230035,1.117334783696886,0.2748812933657516,0.6178020855537258,0.00030487736313193934,0.0,0.0,0.0
1748023082.895485,19.262281444674617,18.56406688213539,9.69478268188689,0.8479531388675107,0.5298308223111649,-0.007327346424857562,-0.014180409309373263,-3.1097740242084724,-0.0025999459782828165,1.1169199815004647,0.30606445143540134,0.6172611010250351,0.047220547586240294,0.0,0.0,0.0
1748023082.9946854,19.2994543847305,18.61970906772072,9.701702429671656,0.8476044060619085,0.5303886964312003,-0.00794304396444213,-0.013838698458691722,-3.109701939729669,-0.0012146606466958603,1.1182579547897082,0.334070012381202,0.6249765061725054,0.08023834249782526,0.0,0.0,0.0
1748023083.1229682,19.33315091823754,18.68117048494105,9.712690790215518,0.8475766213929364,0.5304304267037065,-0.008007619788316834,-0.013903644140456356,-3.109523357008725,-0.0011756894080044652,1.1183587117849105,0.35283254103223305,0.6341320480872268,0.10620881533329286,0.0,0.0,0.0
1748023083.2044504,19.37213742524975,18.73008937786383,9.726876955255523,0.8476590498466814,0.5302712087531163,-0.008140114589239026,-0.01484314370355554,-3.1077893656412114,-0.0019417011301473826,1.1179873029187841,0.37352661747721394,0.6301172836711479,0.12216116859717256,0.0,0.0,0.0
1748023083.3246403,19.411253874880753,18.793646817887144,9.740148163379535,0.8473572849571307,0.530740300728792,-0.007912256986361632,-0.015419500697920543,-3.107055276878882,-0.002958487995078405,1.1190846517168214,0.39974970111105085,0.6312262833165092,0.13118196139723573,0.0,0.0,0.0
1748023083.4707088,19.45124101963062,18.85553385173112,9.754293249412067,0.8473583341580521,0.5307541790716396,-0.007989583231880985,-0.014833121406560226,-3.1079672882151534,-0.0022054042622268177,1.1191210764395214,0.42191528729550065,0.6285311912434319,0.1327792387086272,0.0,0.0,0.0
1748023083.5897312,19.494633241777173,18.918375451968046,9.768337731005028,0.8471741281936123,0.5310335004624563,-0.008440409702577742,-0.015105541699521639,-3.107027389848976,-0.0017421047885946958,1.1197971494839618,0.44249851650330224,0.6285194486270287,0.12888187914947544,0.0,0.0,0.0
1748023083.6836894,19.543763212000727,18.975796817009957,9.78302504692666,0.847160005568443,0.5310576145731903,-0.008135421191180336,-0.015216763491325351,-3.1071629328396875,-0.0023779515602928144,1.119842194035828,0.46196365007748014,0.6331422110318486,0.1299119508900223,0.0,0.0,0.0
1748023083.7923365,19.593314858344677,19.038562956893923,9.793969011499177,0.8468202194369546,0.5315835686726426,-0.0074607234665238255,-0.016086114364942117,-3.1064089544236833,-0.004466460044642035,1.1210569626735365,0.48567373896233157,0.6382993400814305,0.11116041279382183,0.0,0.0,0.0
1748023083.9315207,19.64625567380974,19.095272345534305,9.805081355190445,0.8466837389667016,0.5318131286744872,-0.0064675077356835114,-0.016112531846631334,-3.107421902011545,-0.006185884132127586,1.1215639035409952,0.512399674506768,0.631231839572352,0.10261352692436286,0.0,0.0,0.0
1748023084.0391376,19.705632545944106,19.17828195044669,9.81668560913438,0.8466812165416918,0.5318067742416034,-0.006815784075565152,-0.016310043337045433,-3.1067168213047847,-0.005806022984083305,1.1215602668754876,0.5298562757970144,0.6318678651032086,0.09687625905081358,0.0,0.0,0.0
1748023084.1396644,19.756914649301716,19.23686634820609,9.828407064721532,0.8466181928852664,0.5319123707674108,-0.006116434089345958,-0.01641507034127898,-3.10728364868746,-0.007106249021166766,1.1217855278865754,0.5522219627818061,0.6253924296755613,0.11657591106287246,0.0,0.0,0.0
1748023084.2968926,19.81620099614715,19.291672052214757,9.843239157753928,0.8464547593689264,0.532231229314434,-0.0053799511307716374,-0.014673616117703861,-3.1110193823694106,-0.006511789030230446,1.122521857341711,0.5797162808476218,0.6197738665977316,0.17113894959504627,0.0,0.0,0.0
1748023084.4062884,19.874524486465063,19.337709816613142,9.86405871135309,0.8464567449381146,0.5322555970444042,-0.005132195463325656,-0.0137338608338208,-3.112874683448247,-0.005931520444436149,1.122575379863667,0.5919232039562837,0.6108179990483411,0.2171648724886245,0.0,0.0,0.0
1748023084.490789,19.930011934692033,19.391694737443633,9.888999426062302,0.8464155669348319,0.5323698309827147,-0.004376836131528461,-0.01199559983080469,-3.116622984040564,-0.005362972145416828,1.122830864586125,0.6060418184569426,0.611121007774062,0.2765698036051306,0.0,0.0,0.0
1748023084.6151981,19.99338556933823,19.45458693194227,9.9200523827966,0.8463747332653585,0.5324245514779652,-0.005224227516468676,-0.012108481339011563,-3.1155298499999176,-0.004050408225494354,1.1229811712107256,0.6141235343561925,0.6150893854424573,0.3304822019221757,0.0,0.0,0.0
1748023084.75201,20.0629324498464,19.526686691311063,9.956087097123175,0.846438917545137,0.532322479067794,-0.00598564904734516,-0.011751984922426344,-3.115322291837605,-0.002378721138124805,1.1227615384873588,0.6326138623150767,0.627635850186687,0.3725824064139029,0.0,0.0,0.0
1748023084.8276188,20.127393598847494,19.585941188530057,9.994359434171907,0.8462146559453413,0.5326522964884657,-0.006580861670229228,-0.012608702096124975,-3.113238820812352,-0.002294467079519383,1.123557504146024,0.6463832027564657,0.6306342575839462,0.39438083039851113,0.0,0.0,0.0
1748023084.9797578,20.19472791959719,19.652235200547157,10.0335927292752,0.8460926271332089,0.5328072860642541,-0.007420762688520181,-0.013732971593563532,-3.110441143459798,-0.002076750944604853,1.1239500794676183,0.6663213517215723,0.6364223038067055,0.40991675389655646,0.0,0.0,0.0
1748023085.1542766,20.26721364231542,19.721418304822517,10.073087299036333,0.846190793479698,0.5326094009028789,-0.008348102121282088,-0.014787707430445034,-3.107667102400267,-0.0016239703882089099,1.123515296585119,0.6820738572577154,0.644528966931347,0.41872703152380797,0.0,0.0,0.0
1748023085.2285078,20.34318569813423,19.794375444284825,10.11644714638464,0.8458801868175962,0.5330960652650493,-0.008116151498976718,-0.015146710309386153,-3.107307855904282,-0.0024187222012389173,1.1246562024352553,0.7226569515243791,0.6509744264231389,0.41510984329898476,0.0,0.0,0.0
1748023085.3174238,20.414239413773238,19.85344766471678,10.158742375977207,0.8455779139860606,0.5335785727989946,-0.007739974829806822,-0.01523124480809876,-3.107567740676932,-0.0031646334737774964,1.1257827282686845,0.7398658317397934,0.6486079840756923,0.40777502889020284,0.0,0.0,0.0
1748023085.4515536,20.49006374720452,19.918807921562482,10.199458328049278,0.8456080422244417,0.5335835426141132,-0.005979419893178452,-0.014138193465246291,-3.1112958637032238,-0.004975344138309557,1.1257374441999657,0.7627619777059407,0.6494271209309496,0.39394570365300086,0.0,0.0,0.0
1748023085.5829852,20.570257964492,19.987704476152533,10.238447231632133,0.8453457841088647,0.5340147683860518,-0.005234122415793636,-0.013832440041325585,-3.1126115012711,-0.005924202547111368,1.126736365786362,0.7843906096422639,0.6550052817355875,0.38229922624190665,0.0,0.0,0.0
1748023085.6814208,20.64355367148536,20.035730063000155,10.276175520337086,0.8454761915175882,0.5338633497456257,-0.003232597493786268,-0.012226352225321284,-3.1174639076709356,-0.007588307098133653,1.126335308066903,0.7894896816510308,0.6550759817866945,0.38351815617862356,0.0,0.0,0.0
1748023085.8196497,20.72177516051582,20.100526762814173,10.315204596167115,0.8454972952335185,0.5338444799025455,-0.0029568464776299915,-0.011646977689218746,-3.1187380637157966,-0.0074354066065838945,1.126287441148362,0.788914644618651,0.6570534951140244,0.36956938952849816,0.0,0.0,0.0
1748023085.8863714,20.8097922883384,20.168068261213264,10.355310322887531,0.8452326558100526,0.5342672383736071,-0.0021729879037748557,-0.011642752101398495,-3.119586450701121,-0.008767433672591394,1.127273515259501,0.8037076621630764,0.659556474428259,0.3596408131664566,0.0,0.0,0.0
1748023085.9903393,20.892545478126195,20.232670844252695,10.391057696337857,0.8453865336082992,0.5340388550244671,-0.0016259415216259355,-0.01102118106503983,-3.1212194670540976,-0.009022502113465902,1.1267275057203485,0.8077400836826945,0.6548731186670625,0.35788168850746654,0.0,0.0,0.0
1748023086.1150389,20.973872773162135,20.300297062217485,10.427324760826323,0.8454664489752431,0.5339173450243858,-0.0018128824431342362,-0.010745501223814041,-3.1214848074289607,-0.008409055509010131,1.1264440337627093,0.8131730988616116,0.6622789562371799,0.3559111655605701,0.0,0.0,0.0
1748023086.2170155,21.05313995178098,20.362635074123787,10.466894592854922,0.8452099883371073,0.5343481616656747,-0.0020025631698114155,-0.009386558498838321,-3.1235839245709345,-0.006646256700082194,1.1274711792838763,0.8100179419309401,0.6620427106747403,0.3681912197218242,0.0,0.0,0.0
1748023086.2902188,21.139567131650438,20.435228746591395,10.506646359789997,0.8450708661196841,0.5345761565894933,-0.0021053808143098383,-0.008895583924585178,-3.124305715982931,-0.005952377303041837,1.1280137093200153,0.8126133696998301,0.6717994386015195,0.3890769493642457,0.0,0.0,0.0
1748023086.4256487,21.21859668161518,20.501229222757626,10.545199448346468,0.84519126076089,0.5343877857099434,-0.002185092651370665,-0.008755146346346634,-3.1244566201260544,-0.005663674392493372,1.1275695015827174,0.8196913894560554,0.6847148985372811,0.3994186473594072,0.0,0.0,0.0
1748023086.5282667,21.295235481380583,20.569364894313164,10.585560735930192,0.8451073983411435,0.5345109053858479,-0.0020802139860557974,-0.009340770976605003,-3.123579599105762,-0.006469524573876269,1.1278575348418907,0.810303590323561,0.6901324460283375,0.3972800879799272,0.0,0.0,0.0
1748023086.6326685,21.378484184231713,20.634436919020292,10.621548713104573,0.8450411985523931,0.5346268632140101,-0.0018712167112398027,-0.008717134110633263,-3.124858074853426,-0.006158356632970616,1.1281310599275103,0.8171995487384048,0.6933194212756985,0.3782444883370763,0.0,0.0,0.0
1748023086.7416723,21.460906036756167,20.70914423576557,10.660112946205933,0.8448900073521591,0.5348575232062416,-0.002157077940027845,-0.009146166459994755,-3.1238289166568958,-0.006138843243415132,1.1286796064685771,0.8141080948091605,0.7004733851619136,0.3518071254178526,0.0,0.0,0.0
1748023086.8229566,21.558892044193836,20.80877469162529,10.707504556590353,0.8449963215589958,0.5346874801981831,-0.003127084807250846,-0.008985344272317902,-3.12306222799551,-0.0043239653306483715,1.1282929717558705,0.8206464910761108,0.7261427630097596,0.3388756077833557,0.0,0.0,0.0
1748023086.9072633,21.64668974982537,20.883182234525062,10.739625104336831,0.8451027330452312,0.534532650089401,-0.0035278813941128392,-0.00798565218075392,-3.1243228093839637,-0.002574342073154443,1.1279353187869332,0.8304981253731925,0.7372715586306522,0.33965811519301103,0.0,0.0,0.0
1748023087.0172536,21.72532989186665,20.956157023758507,10.774260935166279,0.8448396357960245,0.5349624880802681,-0.003372654608106063,-0.007053462688933204,-3.1260654260637293,-0.0018479723695545437,1.1289510532735598,0.8333440093193774,0.7506384647793178,0.34513089126969126,0.0,0.0,0.0
1748023087.160219,21.811130222764415,21.03342550204161,10.806802426141946,0.8447031086016734,0.5351774510156625,-0.0032894223334507147,-0.007136802068150684,-3.126014182618692,-0.002081742040923086,1.129458508566541,0.8295058742494046,0.769288119813153,0.33103977316252614,0.0,0.0,0.0
1748023087.280082,21.88301884380426,21.110368972876373,10.838568445074426,0.8447719906115272,0.5350521717632964,-0.0025326430381459445,-0.008546524958089267,-3.1244416875445236,-0.004866680888885529,1.1291475929382242,0.8299940102850059,0.7764802878585252,0.31500270609796854,0.0,0.0,0.0
1748023087.3545263,21.96057345443958,21.183973833437783,10.869202109603217,0.8446540103670918,0.5352487614095611,-0.002307059255033117,-0.007940003646932366,-3.125709004433763,-0.004602436779823669,1.1296112075176183,0.827118511504133,0.7825280020374838,0.31206067919840264,0.0,0.0,0.0
1748023087.5029385,22.047549973221095,21.25911723267654,10.894472707400695,0.8444237114942136,0.5356201822335176,-0.0017228888073778862,-0.007526453655473095,-3.1270352862780375,-0.005152967439087687,1.1304842870390053,0.82758135577766,0.7887823296252755,0.2911286156003416,0.0,0.0,0.0
1748023087.708204,22.14862012416235,21.359621488496487,10.93038682945711,0.8443301370259145,0.5357710893906972,-0.0017071102854309842,-0.007283217515590772,-3.127463891659521,-0.004921565310937605,1.1308421465778784,0.8406005478092958,0.8046184202687278,0.25758861475865574,0.0,0.0,0.0
1748023087.7979403,22.22400869596568,21.436377532037675,10.954456347186541,0.8441908628173184,0.5359970820219291,-0.0019186947610806558,-0.006725608533292391,-3.128179921591209,-0.003970334356742569,1.1313811789014947,0.8341920200519,0.8069128052980441,0.2471428150166991,0.0,0.0,0.0
1748023087.9300978,22.311137596273145,21.52068517912692,10.977842547237952,0.8441205827400855,0.536127867212297,-0.0004665790702288186,-0.00520903992147806,-3.132298005078529,-0.004797743339334037,1.131681675431716,0.8365728596204292,0.823622554902122,0.2417921944965187,0.0,0.0,0.0
1748023088.0144718,22.383160784176905,21.593690033995856,10.99355598128311,0.8439457964161723,0.5364073937484359,-2.1120716494393775e-05,-0.004753966491064465,-3.1335456248547677,-0.0050644977210447814,1.1323429353941796,0.8318422173347603,0.8285202974753663,0.23133813730221994,0.0,0.0,0.0
1748023088.1382554,22.46452862729605,21.68147082117391,11.017378380995327,0.8440676730777247,0.5362211868486425,0.0005561086087408653,-0.004036431964485163,-3.135374878225569,-0.0052676516372109905,1.1319018791262816,0.8117567708596028,0.8347024667827837,0.23027620362189577,0.0,0.0,0.0
1748023088.2274628,22.552173576459747,21.77000345150205,11.040155309442884,0.8437162190131777,0.5367834903114749,0.0009833973710272161,-0.0023365001068127336,-3.1387056813798724,-0.004167818054551439,1.1332384135029567,0.8223333472413075,0.8474408362426866,0.2200013189469328,0.0,0.0,0.0
1748023088.310462,22.637448289299968,21.860878524334115,11.059107995524641,0.843721967566374,0.5367640816503144,-0.0001775766510581833,-0.004186951463076696,-3.134336646679544,-0.004195171976591228,1.133190286787599,0.7976423396625947,0.8723779413236974,0.15592633228874161,0.0,0.0,0.0
1748023088.4387262,22.723702198439245,21.943508720418716,11.06714816087371,0.8439514786504348,0.5364063712794979,3.100235625382315e-05,-0.00375573872364668,-3.135286496490679,-0.004081544661658496,1.1323426211903742,0.8259959031110468,0.8690338355706677,0.09622390862971483,0.0,0.0,0.0
1748023088.5549335,22.817642108037585,22.0406566938169,11.077822107665632,0.8436254825882986,0.5369241932171248,0.0016115203783014548,-0.0024205098367817758,-3.139239139132736,-0.0053183249673301744,1.1335730120782554,0.8030232379966605,0.889764166376946,0.06661490248970188,0.0,0.0,0.0
1748023088.7020624,22.889862462939845,22.120906080755947,11.083096807943331,0.8437246922069189,0.5367728284779217,0.0016814825133150174,-0.0008642827714007724,3.1412459363062393,-0.0037652725444943286,1.1332179946463492,0.7964619898580119,0.8956296795715111,0.04034092211582024,0.0,0.0,0.0
1748023088.8059547,22.963248569988977,22.2030139935435,11.085333449671735,0.8433850630461863,0.5372867912603657,0.004813533518511635,-0.0011701550268804577,3.1383937940889837,-0.009376879630424278,1.1344642506720657,0.7879900903697006,0.9181187715984106,0.025992330903883414,0.0,0.0,0.0
1748023088.9386077,23.038336279665348,22.293647685651294,11.0870905282593,0.8432354718485078,0.537436015369719,0.010371898706233925,-0.00298196532027072,3.1354718382902766,-0.020698614880530368,1.1349250841518808,0.7735679030911902,0.9367902694097994,0.0221314768251035,0.0,0.0,0.0
1748023089.0642724,23.108500852652174,22.37844687306831,11.088827448747647,0.8429555795775292,0.5375514491876656,0.02032976013113757,-0.007143611716963326,3.1317707586092833,-0.04196660461376395,1.1355635313021502,0.7419255364530993,0.9381441572734691,0.021724913326418693,0.0,0.0,0.0
1748023089.202582,23.21317208672383,22.5062516029017,11.101232696458675,0.8421378192707931,0.5379541488176308,0.03488591470775097,-0.01386362430012364,3.127369642701321,-0.07374029527755781,1.137441608265166,0.7218032945659049,0.9224118405482363,0.03737377941056177,0.0,0.0,0.0
1748023089.3232298,23.256227854168593,22.563872076321978,11.099956908138745,0.8416201518079031,0.537874081474033,0.04561398745094043,-0.016922077240491096,3.120912447683472,-0.09512659856319718,1.138324259187053,0.6225617881517769,0.8412288632674328,0.04744306871255939,0.0,0.0,0.0
1748023089.4444904,23.322035139160256,22.653898810634693,11.107424368273923,0.8415401945865688,0.5374076897130763,0.05148295301576072,-0.01877715317163663,3.1177225822679846,-0.10703618561104239,1.1379177076222255,0.5398303848131449,0.7458830490254067,0.043034619540263684,0.0,0.0,0.0
1748023089.5422432,23.36278642697321,22.714605182371287,11.11169952293294,0.8420736209690417,0.5372851382128796,0.04434502640479199,-0.016438240684826185,3.1215381894104497,-0.09247936297819564,1.1367853030651016,0.4366899579598311,0.6554355654081172,0.04107337198721993,0.0,0.0,0.0
1748023089.6198254,23.408868792658556,22.78267578409046,11.118097090133578,0.841999403253532,0.537845183773706,0.03941165014033974,-0.014362626686653663,3.123322297705121,-0.08191047426616331,1.1376310042182605,0.3776796913957965,0.6061404136331408,0.0446280653631939,0.0,0.0,0.0
1748023089.7355802,23.443254420190208,22.840649149891515,11.123498775466695,0.8419374390811462,0.538389165753417,0.033617545501127416,-0.012178485427206995,3.1258621274790226,-0.06977787996755244,1.1384155678706562,0.3220403842715362,0.5757344313745019,0.05559816375511222,0.0,0.0,0.0
1748023089.789918,23.45793880980858,22.869401264091998,11.128296237146827,0.8420639485856497,0.5384303975146102,0.029932956419914825,-0.011181754985993818,3.128163915622655,-0.06249278859468265,1.1382193844936073,0.26168567010424343,0.5218438167922357,0.0500577971900897,0.0,0.0,0.0
1748023089.862841,23.48538283838573,22.925558317257682,11.133073245844791,0.841666819409958,0.5391092539676597,0.028226024127178527,-0.012707043429950044,3.1325319095122977,-0.061253081106142686,1.1396497201019598,0.2276188442467735,0.5127325375255462,0.04451806494045511,0.0,0.0,0.0
1748023089.9457397,23.503782526836623,22.97520850318314,11.136703632345675,0.8414544104765119,0.5393957470444393,0.02908397966674627,-0.012681691004809249,3.131539329968248,-0.06266759658237182,1.1403992329376829,0.19445511107647448,0.4811923566563471,0.025436187101678748,0.0,0.0,0.0
1748023090.0282845,23.523217453158967,23.027076740293086,11.137343388803414,0.8413200908764147,0.5395650810343446,0.029262697519879,-0.013918424837699927,3.1334171076389055,-0.0643026870699548,1.1407773842334896,0.1442655272365573,0.4506934977436703,0.0018680702338383561,0.0,0.0,0.0
1748023090.1327896,23.546137653628982,23.07386811803889,11.136851662792,0.841261847098302,0.5395668765439423,0.03079053275429206,-0.014072435683782455,3.1320211088198655,-0.06704205157605485,1.140901354277375,0.11452685918769057,0.4169186663191609,-0.007821186516782952,0.0,0.0,0.0
1748023090.2295501,23.563022607190316,23.11142430052286,11.136330570494406,0.8409536828671421,0.5400208137198754,0.03136576983980726,-0.013806248725486718,3.130912466923205,-0.06771738544301678,1.1420397264583908,0.08654013696836214,0.38156222931842976,-0.02073230456585106,0.0,0.0,0.0
1748023090.3423555,23.57611385945998,23.14723384960246,11.134949505493015,0.8409427556722237,0.5399618331627573,0.03234274764966858,-0.014506794421633136,3.1310375884455683,-0.07012047750723477,1.1419606814891767,0.041937218422140425,0.3536007629407537,-0.027897543574496836,0.0,0.0,0.0
1748023090.4269552,23.57545307871066,23.179408769573193,11.131250913575316,0.8408690996373458,0.5399912562947192,0.03385910054395838,-0.014218358227464728,3.1289034271456235,-0.07236085251614231,1.142178968975469,-0.004382890744348376,0.31828513351371635,-0.04342596235566525,0.0,0.0,0.0
1748023090.531448,23.569675584839658,23.21079523001676,11.126729178185986,0.8404901006525942,0.540551101851073,0.03354809740191196,-0.015981932088925694,3.1321632796935672,-0.07373859549287913,1.1434201474437855,-0.05709113879511384,0.2907773315681861,-0.04939956443126359,0.0,0.0,0.0
1748023090.6166928,23.585097636163546,23.254900961790963,11.12703979263184,0.8405177751494584,0.5404491210605056,0.033940469499711544,-0.01710735902676647,3.1336417334594535,-0.07561849592503808,1.1431714645805533,-0.0785464922445719,0.256186661296652,-0.05161833936847601,0.0,0.0,0.0
1748023090.757779,23.57114058071456,23.280680966079508,11.11985830249287,0.8403535121943012,0.5407823540488855,0.03194010685903163,-0.018445857688980005,3.138039791966714,-0.0736990492049416,1.143740446234936,-0.12850864515192809,0.2172755200814562,-0.05116099183852101,0.0,0.0,0.0
1748023090.8406646,23.55376474426806,23.299011346903978,11.115003670822277,0.8405067015387381,0.5406082840694428,0.0310509889140277,-0.018083250576834763,3.1384097880026305,-0.07181074149151388,1.143264943570997,-0.17557185403788328,0.1743991087996507,-0.05168894274453985,0.0,0.0,0.0
1748023090.916442,23.537570267411265,23.313253534062238,11.111462512571551,0.8402074115086655,0.5411015789561786,0.029461789382872892,-0.019813880573924383,-3.1401771887899406,-0.07101033456019358,1.144254640390038,-0.21048390838966244,0.12534857004642647,-0.04940074557697951,0.0,0.0,0.0
1748023091.0258112,23.524425524015356,23.325810003886335,11.108226645789122,0.840452909548573,0.5407708923439404,0.02741749565235236,-0.02130797402452776,-3.1354143025843855,-0.06918687659780237,1.1432687178601073,-0.24172077962474198,0.10871891841481304,-0.03047573352610512,0.0,0.0,0.0
1748023091.0930114,23.504852780609376,23.32619161545228,11.107162245324716,0.8401909020840248,0.5412247786258187,0.026147983309417748,-0.021708754582342997,-3.1333987856906775,-0.06748844698685785,1.144253480646974,-0.26635004991824573,0.06147600356759409,-0.031781269208514075,0.0,0.0,0.0
1748023091.1909692,23.47427818564092,23.32706670754407,11.103268432322464,0.8395959292099805,0.5420340943450503,0.024992538340271965,-0.025555610907985235,-3.125734296754881,-0.0697277803148021,1.1459833915851583,-0.29031531167490937,0.030573349292723203,-0.051308263706445506,0.0,0.0,0.0
1748023091.3191755,23.445157694126515,23.330019251017568,11.097074273300471,0.8400033624394248,0.541484560110834,0.022356543539126784,-0.026248946893547807,-3.1216609356255676,-0.06603392187278358,1.1445120217858644,-0.31349686846455593,0.004472002286571308,-0.066849437548229,0.0,0.0,0.0
1748023091.388133,23.41194788828601,23.318542937829942,11.091504719575294,0.839516200455759,0.5421327678302963,0.021714823681407147,-0.028863084545371762,-3.1166152447299105,-0.06780708900987834,1.1459417690672495,-0.3111804118097422,-0.046083371933240934,-0.08268234694090355,0.0,0.0,0.0
1748023091.4583828,23.3767321852432,23.30968994015976,11.082701540430431,0.8394942166455859,0.5422490682088459,0.018863499509697536,-0.029318537335622803,-3.1127624886502607,-0.0635101831609866,1.1460924694291823,-0.33964322377525585,-0.08129028131077946,-0.09784658875750832,0.0,0.0,0.0
1748023091.5908422,23.34634568254323,23.310768987924504,11.072046388266912,0.839441144726095,0.542440901426481,0.016506671144495375,-0.0287047523643281,-3.1112512995816153,-0.05888805079207313,1.1464947283215656,-0.323261133643384,-0.12033596026017496,-0.11195384790686709,0.0,0.0,0.0
1748023091.6587605,23.316816357992924,23.29716689514924,11.065929997262291,0.8393251065486123,0.5426913312627502,0.014579849747503468,-0.028406204793404433,-3.1096790338850178,-0.0553343036342506,1.147052075987083,-0.3385545849219872,-0.15267035451579694,-0.09621612529953165,0.0,0.0,0.0
1748023091.7444723,23.280766687195456,23.27868295641294,11.059334223829584,0.8394541999660632,0.5425984623322265,0.01292419449370848,-0.0271389025336171,-3.110007629099764,-0.051171922181629005,1.146830663356629,-0.3387072875288417,-0.17956817810252418,-0.06956431282340013,0.0,0.0,0.0
1748023091.8474963,23.244246819658443,23.25631897077424,11.05527789049757,0.8391861050507439,0.5431052193660665,0.011398312880385867,-0.025951498041146034,-3.1103773163553607,-0.04733707648365931,1.14804273050534,-0.34036147826394925,-0.2149899499233058,-0.044505014223713335,0.0,0.0,0.0
1748023091.9658196,23.214324063850576,23.223738532213005,11.05705248877638,0.8389674499480895,0.5435020329082763,0.01068197965120633,-0.025001069235181608,-3.1112182701526625,-0.04511523328041717,1.149000610977167,-0.34026556081527504,-0.24224355099057995,-0.020549719253844773,0.0,0.0,0.0
1748023092.0560815,23.18373775114088,23.197399877601274,11.056271254347859,0.8389475516133614,0.5435539929924069,0.010157778178158328,-0.024756451410494214,-3.1110622792430034,-0.04397079000493015,1.1491234653889912,-0.33223733882727524,-0.2670186282708868,-0.012652672534149263,0.0,0.0,0.0
1748023092.1385999,23.15019057234281,23.169429199112884,11.056683527983722,0.838798893955521,0.5439010687374572,0.009729492594193107,-0.022212156561354342,-3.11488828726859,-0.04049567387130012,1.1499984853957494,-0.3297025882034279,-0.2830908784398365,-0.0051806232717082545,0.0,0.0,0.0
1748023092.261239,23.12041761523754,23.14590796537393,11.056593018266618,0.8385225851172042,0.5443667251930842,0.00768870914608489,-0.022036934963495153,-3.112983303193297,-0.03689503072667274,1.1510937964622496,-0.3251823975369,-0.2923373942593605,-0.0016014857344397583,0.0,0.0,0.0
1748023092.337801,23.094060571074486,23.131155967942444,11.064271576121206,0.8385113121506306,0.5444010751731486,0.008370817036796725,-0.021358327834453447,-3.114866647527519,-0.0373016925904179,1.1511930308254519,-0.3250664553020102,-0.3070126271978599,0.008029989688381811,0.0,0.0,0.0
1748023092.4282553,23.0612430592365,23.09353987501903,11.066237529860826,0.8386907916344511,0.5441750295134797,0.0055598074452170585,-0.02098527633254492,-3.112424127688788,-0.03217079431077731,1.1506475318422116,-0.31943219401050443,-0.3164352265800523,0.017552688925454606,0.0,0.0,0.0
1748023092.514194,23.026074060088266,23.060150329241047,11.068582598728868,0.8385366056529572,0.5444394063516376,0.004534630732073227,-0.020531218074369424,-3.1120804302556886,-0.029965400330864332,1.1512861033854125,-0.32115902068928665,-0.32685502530521954,0.020634060045766817,0.0,0.0,0.0
1748023092.6142101,22.993991176876488,23.02984881509087,11.070859547235587,0.838364380631148,0.5446928360131521,0.002095316428447701,-0.021224734014016096,-3.108269151958836,-0.026638348771116635,1.1518972596385983,-0.3076219167473952,-0.3281814364194293,0.012867170758352604,0.0,0.0,0.0
1748023092.6724231,22.973629413510597,23.002184286089598,11.078110870427512,0.8382645206875421,0.5448087288504446,0.0012719756385724174,-0.02223565611406353,-3.105679700636491,-0.026363917144194383,1.152170938156838,-0.29779990727088546,-0.3298758169407562,0.015378451729582627,0.0,0.0,0.0
1748023092.7401106,22.949455218801695,22.965803347885657,11.078761199591861,0.8379298800769099,0.5453130088877783,0.0028898106841864345,-0.02233578756754872,-3.1072913562505127,-0.02920706083722531,1.1533540925313968,-0.23015546530552705,-0.3174304690610243,0.019424245943316997,0.0,0.0,0.0
1748023092.8104854,22.925565853232808,22.931450957021116,11.081838673015499,0.838434359878724,0.5444819290481117,0.016558817422579582,-0.017118956754645014,-3.1309066471629285,-0.04642556346012768,1.1516629816593769,-0.2634498862519755,-0.34707507239722846,0.009483741279081118,0.0,0.0,0.0
1748023092.9271793,22.895369267669444,22.898557873778888,11.082822261786225,0.8376892556407282,0.5455022782590413,0.018959407962576738,-0.01856114888650402,-3.131166201452577,-0.052037965550336775,1.1541637193645797,-0.2800392489843412,-0.34135880270164226,0.0008853221197552216,0.0,0.0,0.0
1748023092.998229,22.8698249421885,22.86403735002032,11.080123594452282,0.8382701309587638,0.544568868008504,0.02065918108098469,-0.017920205784992538,-3.134038243873029,-0.05418002467982521,1.152031218610446,-0.3360528162832085,-0.37711696614314666,-0.013599928623589662,0.0,0.0,0.0
1748023093.067049,22.834389137423212,22.820805628153465,11.077945716477748,0.8380750679565216,0.5449550336830997,0.01797287809029206,-0.018198005008102328,-3.1306650226797994,-0.049980236958527956,1.1528232523970536,-0.34463366093929515,-0.3913709220558521,-0.012858004300957043,0.0,0.0,0.0
1748023093.1809964,22.793941103273053,22.77846366233032,11.076865697115302,0.8381013236025476,0.5450048581367083,0.01411439389050322,-0.01888544063949146,-3.125304985488936,-0.04425834566419365,1.1527908255380857,-0.38790056834056313,-0.4087599507965712,-0.015580410802068439,0.0,0.0,0.0
1748023093.2667828,22.758647669994417,22.734416134690576,11.074772081117501,0.8381364550439848,0.5450205042934468,0.010000541975460743,-0.019491582445163427,-3.1198029735196795,-0.03801942048727605,1.1527249694441453,-0.3708962885653377,-0.41824172869356496,-0.014344756178887101,0.0,0.0,0.0
1748023093.3595214,22.71900686188361,22.690588887144028,11.07259211195309,0.8381240451594887,0.5451061922839932,0.008280939867949533,-0.018405164874163233,-3.119754693380256,-0.03395297147127659,1.152925702559621,-0.385011268185129,-0.42321143093346136,-0.01752717853743539,0.0,0.0,0.0
1748023093.4242005,22.682460447472486,22.651018576244162,11.071688075154839,0.8377323416876833,0.5457459159974261,0.007289006645547494,-0.017685848713652152,-3.119904056246277,-0.03152165242721699,1.1544545684966998,-0.3762873067396492,-0.41594880258071615,-0.017593868101906888,0.0,0.0,0.0
1748023093.4973843,22.649846507337454,22.61062767711599,11.069359673748046,0.837389100950095,0.5462921277009576,0.00691635348278245,-0.017221175234391928,-3.120296252382333,-0.030403626840482416,1.1557629205435178,-0.36818166637236094,-0.41798733977723496,-0.023095334633690668,0.0,0.0,0.0
1748023093.609349,22.614386032625646,22.567968287783472,11.06603885731655,0.8374309364012307,0.5462695355172738,0.0059961036767567436,-0.016219373125917976,-3.1209690103950862,-0.027766512044286616,1.1557167772346053,-0.37300285752307444,-0.413640819317259,-0.018657103982020688,0.0,0.0,0.0
1748023093.729379,22.579395967786603,22.52335286344184,11.064574705320398,0.8373008294575978,0.5464417344294146,0.0056965490077102,-0.017213401546322435,-3.118981711837085,-0.028355492054736742,1.156113213274307,-0.36845949046417587,-0.4074974106028029,-0.021018779101124277,0.0,0.0,0.0
1748023093.816092,22.53766685328805,22.482938310283284,11.061806892476044,0.8372856671677608,0.5464762128856765,0.003471117248332216,-0.017447396671565266,-3.1161588938422775,-0.0248843760792875,1.1561916678674298,-0.36617447239460243,-0.411295868151782,-0.030245453937424508,0.0,0.0,0.0
1748023093.8945534,22.494501381060907,22.44296825960632,11.058811129607719,0.83735753909415,0.5463932269191191,0.001031024548725775,-0.01690355842658824,-3.114401802024238,-0.02020002573986345,1.1560159145210467,-0.3730703494376762,-0.3927411567334309,-0.03499959277729118,0.0,0.0,0.0
1748023094.0135162,22.45673310098669,22.40647864795916,11.055532032932168,0.83724269347197,0.5465535032882817,0.0024948580643346465,-0.017254447378752577,-3.115417544928622,-0.023040599232234935,1.1563830284594223,-0.35541809461979607,-0.3860474884708991,-0.03296745946765098,0.0,0.0,0.0
1748023094.0858247,22.442129445462488,22.381395949831482,11.053418192387758,0.8369382829483799,0.5469692072730319,0.002621627863997194,-0.018764964638166123,-3.1130375742428065,-0.024918575835671936,1.15735797028293,-0.3373999555190355,-0.3722432755360189,-0.021429880670284854,0.0,0.0,0.0
1748023094.1640031,22.408163836234923,22.342411343835593,11.051509299454642,0.8372133078021,0.5465797642730872,0.004249536466127848,-0.017503712922281228,-3.1169183868760553,-0.026252903073621516,1.1564368027423975,-0.34328796895719416,-0.37911563278020877,-0.008796034187738732,0.0,0.0,0.0
1748023094.2334955,22.3766706622818,22.305341444699305,11.050810362599394,0.8368476416591636,0.5471344503049435,0.004252199937050639,-0.01765889958913222,-3.1166788002898973,-0.02644355333651937,1.1577602290892197,-0.3381684537377114,-0.3763266700757879,0.006889088916842025,0.0,0.0,0.0
1748023094.3499217,22.346290799660263,22.27275240884683,11.050537175235982,0.8369666195183909,0.5469550981657127,0.004268482347824613,-0.01757209324295044,-3.1168363438851108,-0.02637050270160952,1.1573327009633991,-0.33492275109103137,-0.36294017607380613,0.021554645226373292,0.0,0.0,0.0
1748023094.4166145,22.324445147436567,22.24322370744485,11.049814356665575,0.837008335382708,0.5468924344986699,0.004003959757703097,-0.01759772412117188,-3.11650215910572,-0.02595373338089144,1.1571829460103382,-0.3208438090489374,-0.3574490952802262,0.014432595045098431,0.0,0.0,0.0
1748023094.511926,22.297295840029122,22.20900873792987,11.047844498759376,0.8368820863827419,0.5471611854184318,0.004257248305383723,-0.014996216190483636,-3.1211442370716025,-0.02353849810993628,1.1578560453878615,-0.3226458073458812,-0.36068806043642454,0.004052835312338526,0.0,0.0,0.0
1748023094.5783336,22.2637717710941,22.173814102392992,11.046609481753046,0.8366785718180634,0.5474541778984604,0.0024506550829040876,-0.016027627761819836,-3.117447946556953,-0.021651296320782252,1.1585486136795324,-0.3195765121129597,-0.344044203691,0.0016307311722718357,0.0,0.0,0.0
1748023094.700446,22.240160374497822,22.142940202672325,11.04506702212691,0.8367670048499998,0.5472969498168466,0.0008848043171119718,-0.01691878946192588,-3.1142381033701416,-0.02000128741498506,1.1581764056096708,-0.31268698517089544,-0.33004057617844446,0.0014856375795394162,0.0,0.0,0.0
1748023094.7442927,22.207932596881644,22.112763571758794,11.040316163575909,0.8366105296131533,0.5475516900838379,-0.0007331987892315228,-0.016414348792062567,-3.113317157857567,-0.01674938833088883,1.158810934780544,-0.3015122595284902,-0.3270861101278958,-0.010673040254634626,0.0,0.0,0.0
1748023094.839976,22.16947389639847,22.073466373797835,11.039996458708954,0.8363480158291581,0.5479857387503785,-0.0027423705116662116,-0.01503681977045835,-3.1134293505730155,-0.011893053674843968,1.1598942623082535,-0.3027482055033279,-0.3320702802357591,-0.005222814772320207,0.0,0.0,0.0
1748023094.9854457,22.139839326605813,22.043636622525067,11.038609648004197,0.8365283575059225,0.547750226297525,-0.0053717440365947415,-0.012694134293413647,-3.1144662441047126,-0.004919217271739313,1.1594033091924028,-0.291105832064531,-0.3123796579870781,-0.007401506153627391,0.0,0.0,0.0
1748023095.0838084,22.117640515557582,22.019843835711196,11.035946913321077,0.8366498963257833,0.5475797278114273,-0.008518755986897934,-0.010041088808244747,-3.1154583920801002,0.0032578450363103485,1.1590941314103598,-0.2728687531711389,-0.2823526869656673,-0.005581956655216061,0.0,0.0,0.0
1748023095.141,22.090591681778765,21.992622301506298,11.027860024227712,0.836359604759604,0.5480412569251346,-0.008326752829376975,-0.009168283459634571,-3.117127256922845,0.0038791339571431025,1.1601893833007326,-0.2526367890193381,-0.252574251971729,-0.012961253993047173,0.0,0.0,0.0
1748023095.194216,22.06646226173043,21.967082692802094,11.026802542534492,0.8361618076859273,0.5483667984106827,-0.007775678987362708,-0.008174630542459487,-3.11939217293609,0.004038070612730545,1.1609482023444022,-0.24149612028066736,-0.21748890278421384,-0.013885992016360909,0.0,0.0,0.0
1748023095.3029644,22.04931609257333,21.950658461547707,11.023888078071149,0.8362713294664903,0.5481884167699359,-0.007716103531496253,-0.008954606519049094,-3.1181536771857528,0.0030878940834426247,1.1605210831928348,-0.2274724002378639,-0.18782025743098982,-0.020044578660255375,0.0,0.0,0.0
1748023095.3763618,22.030108348393902,21.934145801878362,11.02144687125135,0.836338182647971,0.5481061321821931,-0.007605470961423049,-0.007763306049651937,-3.1202681392911256,0.004211272668155239,1.16031884845108,-0.21852975689284262,-0.1649310111996558,-0.013958486405995263,0.0,0.0,0.0
1748023095.487331,22.008855131893874,21.92731279927075,11.018003052536457,0.8360507300826162,0.5485246139436271,-0.009182101793326302,-0.0074574548591747995,-3.1190473250309947,0.007172272212646769,1.1613700240046543,-0.2050638658266065,-0.12597573189116745,-0.013438574554389796,0.0,0.0,0.0
1748023095.57636,22.00516486190116,21.93686792436584,11.009302655127888,0.8360428709299565,0.5484926283663039,-0.011471441194755542,-0.007520680284055676,-3.11642927070423,0.010931375574228698,1.161381844824707,-0.1907199333990023,-0.08328118318739255,-0.016943930042204403,0.0,0.0,0.0
1748023095.646873,21.993118176624968,21.935763625554998,11.008561473595396,0.8359631736906958,0.5485841337096291,-0.013352505069497065,-0.0065369016670376225,-3.1160077625431892,0.015152903823887589,1.1616786386593654,-0.1671599291614621,-0.05087422246081876,-0.018420669893302256,0.0,0.0,0.0
1748023095.7256536,21.977292793989054,21.933129226223652,11.006725404678969,0.8359220481928621,0.5486002156268412,-0.015412627355291445,-0.0058807888280854505,-3.114841969924376,0.019316307208909946,1.1618151944645552,-0.1557175820564,-0.027433417917994578,-0.00944088259352808,0.0,0.0,0.0
1748023095.83141,21.96410085187638,21.928515456291784,11.007134290926038,0.8358827800863288,0.5485975337274352,-0.01810438646023524,-0.0035993241343533536,-3.1156995234468963,0.026320167868775675,1.161936216386291,-0.1302520384226154,0.02328788251055799,0.011883131539287252,0.0,0.0,0.0
1748023095.8895922,21.9501594203056,21.93468693544893,11.001990012182164,0.8356406807513173,0.5488615658433357,-0.021336384077753172,-0.0006268396632610509,-3.1171061626797494,0.03497813664687877,1.162731044531352,-0.09980206484072897,0.08855882026135971,0.011989226090505144,0.0,0.0,0.0
1748023095.9804509,21.942143973084345,21.94452087654223,11.002903102886446,0.835555984540437,0.5489437135755489,-0.02251566302670395,0.00020234380305869654,-3.1171912258893935,0.03785738679763326,1.1629950746340334,-0.08434311680400859,0.14708738829643797,-0.0004732433232571778,0.0,0.0,0.0
1748023096.143988,21.938687378565234,21.97111055407234,11.002296599104811,0.8355137785742316,0.5489583060056472,-0.023694896591418782,-0.00023654923801280954,-3.1151588189596575,0.039345264449376485,1.1631239906697837,-0.055658182293223286,0.22060953507100464,-0.006116915490522791,0.0,0.0,0.0
1748023096.2111704,21.94671242401764,22.00838531507272,10.998466725340847,0.8354582197072167,0.5489725929466195,-0.02523992405059769,-0.0012655240153456873,-3.1117367431028367,0.040795643009802804,1.1632979192661546,-0.02299948629263902,0.2915336266558195,-0.014572503155034142,0.0,0.0,0.0
1748023096.268895,21.9519609995991,22.040596436655512,10.998437646548755,0.8354141230683488,0.5491106926336878,-0.02357443923079838,-0.0022217174092887307,-3.1119660308097816,0.03695731378987931,1.16351569282617,0.025498120465327602,0.35235440216305575,-0.0014175737663026493,0.0,0.0,0.0
1748023096.3524518,21.95090587950966,22.072264981941597,10.99950853582547,0.8353494982968195,0.5493264868082334,-0.020653267905525224,-0.0022514686314793397,-3.115123681422512,0.03203729142671801,1.1638239299036177,0.04180008770475934,0.3949606234308301,0.007705720175955125,0.0,0.0,0.0
1748023096.441467,21.95565503813235,22.10900748051962,11.001279425911857,0.8355159194783557,0.5491652621630635,-0.01798819233943561,-0.0026623425720731305,-3.1173755304192667,0.027138040962308894,1.1632761412608283,0.06576239235568666,0.4325050826385014,0.018761027816306945,0.0,0.0,0.0
1748023096.5725164,21.966213848156542,22.158215890689224,11.001898999968779,0.8356096554194979,0.5490725766412669,-0.01659104677010258,-0.0007392680844566632,-3.1221295173133714,0.02691870492459846,1.1629515759805333,0.07630625653866199,0.47927953674718604,0.004940345935650705,0.0,0.0,0.0
1748023096.6506615,21.983620543564076,22.225626371748582,11.000345311150205,0.8353160944804994,0.5494613176347976,-0.018417111426803235,0.0003045185879832293,-3.121851579001636,0.031107878486617325,1.1639690199464212,0.0829274244822033,0.5351954774872069,-0.010566693630365952,0.0,0.0,0.0
1748023096.7237787,21.993226682352265,22.279854834807853,10.999289479236277,0.8352445210820186,0.5495246039867911,-0.019728238907067357,0.00031016972039437556,-3.1204151586234494,0.03330285428180346,1.164199064062846,0.10205817822378412,0.5852885549359663,-0.01902042517878939,0.0,0.0,0.0
1748023096.8060732,22.00202345557159,22.34229026735424,10.997064659825746,0.8353898362775815,0.5492246559271556,-0.02181910191214201,0.00015986732195429927,-3.117874439110517,0.03663871482167515,1.16361989965439,0.10225117709926049,0.6498421820857482,-0.03479887489369591,0.0,0.0,0.0
1748023096.8953342,22.01689378384263,22.41098402242998,10.993477513963654,0.8351362334988298,0.549613375535506,-0.02170757301430483,-0.001179068990127093,-3.1157430623385207,0.03496862355260007,1.164565836841348,0.12616125001979153,0.7009139447191008,-0.036545154207522884,0.0,0.0,0.0
1748023096.9790514,22.03763910563407,22.486628785148163,10.98993701468529,0.8348344022053228,0.5500955282868998,-0.021063842656346428,-0.0016568602194677617,-3.1156346442499396,0.03335296159544591,1.1656843863099169,0.14219760231933368,0.7615958439806549,-0.03132579154488468,0.0,0.0,0.0
1748023097.0790658,22.054512886668704,22.567888560084125,10.986440899648377,0.8349035830418409,0.5499855754893576,-0.021147648102231464,-0.002156561448297647,-3.1147119860777375,0.03294629895234328,1.1654344960100596,0.1518056119032436,0.8180662452292856,-0.048841669323457085,0.0,0.0,0.0
1748023097.2224972,22.07426364456539,22.64942140187725,10.983078233155366,0.8346187229753738,0.5504395781239543,-0.020415942704167557,-0.0033237594948479377,-3.113552374459764,0.030424692120353706,1.1664901455747487,0.1841618352514181,0.8463899982516397,-0.05182068765010823,0.0,0.0,0.0
1748023097.3147085,22.097336536845695,22.741565408872635,10.980454729529475,0.8344410848320171,0.5507421261083747,-0.019393614801415535,-0.003882547994314691,-3.113736785007132,0.028092787487420504,1.167155721414205,0.20457392443152814,0.8984821751460808,-0.04197813711932292,0.0,0.0,0.0
1748023097.369265,22.115606407856212,22.830090237957712,10.977324784209538,0.8347870121549089,0.5502845009266538,-0.01736963185224923,-0.003988516854785803,-3.115806384244932,0.02461273307409292,1.165936602855014,0.21822499641003876,0.9400839712495275,-0.027103728108116787,0.0,0.0,0.0
1748023097.5193012,22.141404524070936,22.92268353178647,10.975776157736215,0.8345699348962377,0.5506230989388147,-0.016815822870469926,-0.004945177802164809,-3.1148100441890207,0.02262403210112706,1.1667267046121343,0.2335540630649326,0.9774688898963836,-0.011647409854734322,0.0,0.0,0.0
1748023097.6082783,22.16773251726,23.030415877442756,10.974708870084857,0.8346059910537664,0.5506128076074905,-0.01565059306146553,-0.0036653420824414853,-3.118231763237689,0.022089585266451005,1.1666248462177284,0.23397239897299407,1.012748291400174,-0.016189461495188674,0.0,0.0,0.0
1748023097.6964424,22.194234776320112,23.134563600914696,10.97311714676552,0.8345496084659231,0.5506839026973046,-0.01554388580681809,-0.005707708249788189,-3.1149380806928977,0.019659267836156763,1.1668096473200438,0.2545500600294066,1.0516277143696515,-0.008930068763305023,0.0,0.0,0.0
1748023097.823371,22.222618798780623,23.23923934196235,10.97385586728548,0.8366129821017017,0.5475463587822093,-0.015131073986241032,-0.006538636193052108,-3.114074099714992,0.01815829083507597,1.1592860129887919,0.25634205388175557,1.0730255841771625,-0.004681855325045133,0.0,0.0,0.0
1748023097.888046,22.25421823633042,23.358246835816317,10.97635414452307,0.8377098764108919,0.5458547611991346,-0.014960838826768358,-0.007804866525668132,-3.112175066994227,0.016545792710046425,1.1552467864504368,0.2852040575692717,1.0938227778259726,-0.013160669964043815,0.0,0.0,0.0
1748023098.0101073,22.281245495463132,23.466742615274676,10.97435182729123,0.8393632985696674,0.5432953799442032,-0.014728321251523797,-0.009080732274608011,-3.1103363903474235,0.014858331539850141,1.1491407416952266,0.29072309533248747,1.119537911936777,-0.02097470819463712,0.0,0.0,0.0
1748023098.076709,22.31103528116476,23.578192223222388,10.976531431093742,0.8413516869578038,0.5401971039961991,-0.014478671866299475,-0.010236979455156543,-3.108715348980744,0.01330372912115925,1.1417632294857905,0.2941923250637721,1.141895417842692,-0.022686525466301906,0.0,0.0,0.0
1748023098.2013392,22.34288695749277,23.69471405230105,10.97402330668263,0.8423955418668719,0.538552693691045,-0.01377717395301573,-0.011871673799730715,-3.1067429481184523,0.010424804849112472,1.1378300930437266,0.31846678353876945,1.153440992307661,-0.029463747501934742,0.0,0.0,0.0
1748023098.2995992,22.381429522722463,23.82735275905941,10.974251238177828,0.8437815849589196,0.536352898004302,-0.013682708602884069,-0.013076282800895232,-3.104838295633792,0.009063554843857943,1.1326140966943532,0.33307723669663125,1.172656286379963,-0.038367888493861996,0.0,0.0,0.0
1748023098.397085,22.413404116929524,23.939367533982622,10.970646728874783,0.844773906091246,0.5348445622597383,-0.011925034674979337,-0.012495413419664347,-3.107717718169038,0.006781760388566106,1.1289513236426454,0.3477841318793864,1.1803800450679989,-0.04199218760305269,0.0,0.0,0.0
1748023098.4805343,22.44745519159681,24.036809872962266,10.971323891202925,0.8444583299160717,0.5353226631015993,-0.011192054507420213,-0.013946803256437428,-3.106047179563944,0.003970378024784387,1.1300527151613686,0.35438706344245946,1.1759562912700103,-0.048035967351108655,0.0,0.0,0.0
1748023098.61438,22.483512745548246,24.159856799469924,10.963176652374472,0.8442358170690045,0.535710415700991,-0.01124163563977342,-0.01240408462742178,-3.108597665244762,0.005691218957801377,1.1309694249916762,0.3619361742221008,1.1872395757456418,-0.06389900890119675,0.0,0.0,0.0
1748023098.6771324,22.52745873174923,24.31165501697205,10.957779851399268,0.8441948094544441,0.535764174850083,-0.011168593469114089,-0.012928076318849594,-3.1077906995723357,0.005004157873654967,1.131094854510578,0.3692114382955015,1.2255138436773259,-0.06480508390083775,0.0,0.0,0.0
1748023098.7986395,22.56468207231786,24.43338576716707,10.949690199815795,0.8439576112871834,0.536184160213575,-0.009808435230423245,-0.012078546469891597,-3.1106817130383577,0.0036031643404650744,1.1320294849887855,0.38350489480672295,1.2318064816698833,-0.06399027504192926,0.0,0.0,0.0
1748023098.890926,22.600693877027133,24.558298177681685,10.942689869305203,0.8439165682995928,0.5362571196822269,-0.011021694651851249,-0.010566436795896993,-3.1119322145015222,0.007270191576919264,1.1322488211386479,0.3674886632682635,1.2280229667894147,-0.060139330323748345,0.0,0.0,0.0
1748023098.965441,22.639401309261753,24.661925436715155,10.940015761953397,0.8438888921740039,0.5362112512461494,-0.01596863925580633,-0.00860431651494187,-3.1099350915994664,0.01772498004247187,1.1323738411787467,0.38122069411979526,1.2403856888051898,-0.03867316553304531,0.0,0.0,0.0
1748023099.0641057,22.68060336525942,24.791736265133416,10.938021496165561,0.8439755786835401,0.5360163712223392,-0.01879401277926922,-0.0062014071847980076,-3.1109627653071352,0.025077892572364313,1.1320553314319164,0.411419417559464,1.2654508044614619,0.0005918500119856492,0.0,0.0,0.0
1748023099.1524425,22.721991823681165,24.92554696317304,10.938401379202055,0.8438801868545969,0.5361952115184202,-0.018372956978928833,-0.004833200887371698,-3.1137194806581765,0.02582894219222398,1.1324355143407345,0.4234254879863662,1.3114979773547142,0.046858555423369946,0.0,0.0,0.0
1748023099.270808,22.76763318894274,25.056285220724575,10.943318531744683,0.8438547667719289,0.5363236268677787,-0.01569345930549725,-0.004451426143580543,-3.1172382455624765,0.021712896906319404,1.1325840006801835,0.44400090125826097,1.3485942583410913,0.09070433551916378,0.0,0.0,0.0
1748023099.397879,22.80958042829826,25.19280204577219,10.955311687322673,0.8439635173242271,0.5362067237836303,-0.012565124340857941,-0.007074492578526458,-3.1161713215078817,0.013622653429964783,1.1321787159885968,0.4519604456443674,1.3789633655106484,0.1557147650257203,0.0,0.0,0.0
1748023099.5008326,22.859281760414596,25.31676890383096,10.973648240449176,0.8441800704428954,0.5359427998931182,-0.008676010274173893,-0.007074655855648611,-3.1203462675077853,0.007065066969242306,1.1314027759877725,0.45801213302020594,1.3969080283710693,0.21790626639404057,0.0,0.0,0.0
1748023099.6154454,22.90774701386713,25.46651135767749,10.997527401448709,0.8437096803219576,0.5366419508964538,-0.00656935807543052,-0.011235452974630928,-3.1155800006079724,-0.0009735689573360642,1.1329999275733,0.4545889021194183,1.4085547161419585,0.2638700327892389,0.0,0.0,0.0
1748023099.771567,22.959825889030817,25.616533607408947,11.023525680013353,0.8437941289987193,0.5364775423846427,-0.0053279879225337015,-0.013225994439889435,-3.1135518754253426,-0.005199471556080791,1.1325715551727882,0.4611647297549373,1.4177276551613185,0.29030021828976466,0.0,0.0,0.0
1748023099.8784194,23.013672670923192,25.766926738574075,11.051150073327328,0.8436169443793415,0.5366675908779793,-0.004528644536884573,-0.016668516309114582,-3.1086004967279774,-0.010250201940908458,1.1329863166894176,0.4638774509711695,1.4246348697996336,0.30062150561907414,0.0,0.0,0.0
1748023099.974601,23.061995851115487,25.907550576974437,11.08110491208061,0.8433916121786642,0.5369275446752202,-0.004372580196490234,-0.019500790192672562,-3.10399121130932,-0.013565843960173674,1.1335810373559454,0.46989042890946364,1.4181411648268374,0.3098540944411519,0.0,0.0,0.0
1748023100.065479,23.118972821732665,26.05069268429024,11.108093310294006,0.8433115296702103,0.5370043213558985,-0.003869735896295464,-0.02090569095902134,-3.102161286222097,-0.015926780304430732,1.1337376586874255,0.4942706042071682,1.3932128979080187,0.3011100349000367,0.0,0.0,0.0
1748023100.25345,23.164892938554484,26.182942451213844,11.141147907069762,0.8435272895708413,0.5366739253215459,-0.0031158550081866448,-0.02081108062551811,-3.1031237302343744,-0.01708174188925998,1.132933772006905,0.4980151867808222,1.3727979223677265,0.3101954228899369,0.0,0.0,0.0
1748023100.3453596,23.22017769210409,26.28975789393255,11.167488712012151,0.8434418013068302,0.5368004479524827,-0.0029857217103855115,-0.021030747779659725,-3.102895145946653,-0.017542964472997757,1.1332282387807393,0.5046563677535056,1.342450722964324,0.29106373264673835,0.0,0.0,0.0
1748023100.454544,23.26882860697072,26.429530996538674,11.196693499200732,0.8432025866422299,0.5371385630116051,-0.002314942263034013,-0.022050012426295014,-3.101902322851558,-0.019785184174570623,1.134002591695392,0.5109899218744239,1.3296768081773573,0.281274353525014,0.0,0.0,0.0
1748023100.6052098,23.325014165625824,26.568086166266788,11.221349559327287,0.843320437368098,0.5369447938486317,-0.0029868790421386194,-0.022181226966013736,-3.100954960450273,-0.01878350091347602,1.133559970721549,0.5294496325351589,1.310688696395924,0.2594076807539399,0.0,0.0,0.0
1748023100.6641953,23.3940961844496,26.729019571782608,11.246293818114292,0.8431589283170264,0.5372313547619596,-0.0022833323208576806,-0.021454124391956878,-3.1029440806721045,-0.019202412630348373,1.1342276487871943,0.5530140484201583,1.30255465980456,0.26004269065244173,0.0,0.0,0.0
1748023100.7793422,23.44193638889239,26.84994427883735,11.274645026713904,0.8431663705463911,0.5372527377334098,-0.000840225344941426,-0.02071862444642294,-3.1057358594263,-0.020846885853834284,1.1342530491337142,0.5576548237022946,1.2817738943067698,0.27674182471095776,0.0,0.0,0.0
1748023100.9368792,23.49959248890768,26.97833126807311,11.303430355607627,0.8436702151775914,0.5364778030435763,0.0006923507772700056,-0.02028929555543085,-3.108085482731083,-0.022939756755992646,1.132393517652115,0.5548783328359777,1.2663689565333276,0.2872140362646916,0.0,0.0,0.0
1748023101.046939,23.564248204843004,27.091202416171125,11.331558176370777,0.8449429461129794,0.534508754769085,0.0024304195303988347,-0.019128563720971357,-3.1118523741022037,-0.02455836973302443,1.1277227808242878,0.5685799691333495,1.2365764393433039,0.2990798060510424,0.0,0.0,0.0
1748023101.1755269,23.62189745083855,27.213736082516018,11.359523153578852,0.846025231825447,0.5327644457972011,0.002403126983778386,-0.01993934276248397,-3.110399829820306,-0.025314861638664636,1.1235868784864338,0.5630565583140354,1.214779543573976,0.29633233614538423,0.0,0.0,0.0
1748023101.2761157,23.68335335452203,27.338073468123053,11.392566160568974,0.8473264083801944,0.5306916886242643,0.003151354930172903,-0.019858455346555767,-3.111269033322577,-0.02642096073860604,1.1186854762109162,0.5529784982673536,1.2031705873513099,0.3268942765466066,0.0,0.0,0.0
1748023101.414429,23.73715977364107,27.456287424135482,11.425410053274737,0.8488843028072653,0.5281929893758801,0.0035440463167362136,-0.01987576809332061,-3.1115766202258843,-0.027016739789597847,1.1127902463583668,0.5698295729103096,1.1705562009495936,0.3333898947387502,0.0,0.0,0.0
1748023101.5008812,23.79962427446112,27.587430163774897,11.46652299464691,0.851242557431199,0.5243438159116378,0.004374219199235332,-0.020749393716715907,-3.1108363416975044,-0.02921082959041839,1.103716358780052,0.5526855816361635,1.1558948041065327,0.3616399265833904,0.0,0.0,0.0
1748023101.605902,23.85220388039943,27.697357343686043,11.504293726074751,0.854235433531191,0.5194723026772796,0.0048293317079171234,-0.0201749450110206,-3.112124918019852,-0.02921557879527354,1.0922977487851817,0.5554918652996353,1.1193311189139714,0.3759167419181694,0.0,0.0,0.0
1748023101.844206,23.923805547382447,27.84688535214364,11.550657756318149,0.857475353780093,0.5141041962044649,0.00368601640151577,-0.020476972133427727,-3.110248771267076,-0.027379351631882487,1.0797562723682066,0.5556562019423784,1.1059142327090365,0.38330161493657505,0.0,0.0,0.0
1748023102.0595257,23.974295234653034,27.94382428868283,11.587193576202385,0.8607304851823926,0.5086217156605073,0.0039137478494866585,-0.02077654480455569,-3.109790163018168,-0.02787577794579519,1.066987261176335,0.553096048758905,1.0760113615061475,0.3895036385297231,0.0,0.0,0.0
1748023102.198804,24.015829178813497,28.008050001117148,11.622724622267812,0.8632845158406514,0.5042669831766696,0.0056282223497799875,-0.02056641682097632,-3.111741286502028,-0.030464156242620066,1.0568766508277945,0.5374501186503537,1.0242948382865482,0.38657483327016084,0.0,0.0,0.0
1748023102.3170643,24.068028546325927,28.116411678703113,11.663360788125809,0.8655671791780757,0.5003577095616941,0.004906677958801525,-0.020286579881611092,-3.1113669125516266,-0.028799192900879348,1.047840280129932,0.5275196181320435,0.9947861088256884,0.3944507778369534,0.0,0.0,0.0
1748023102.4270878,24.12789215238183,28.2435140997736,11.708545226096057,0.8675560361360632,0.4969349780149146,0.004460916724065983,-0.019551266229556934,-3.112087413577911,-0.02717495112951396,1.0399558005633611,0.520231926491846,0.9858996531730506,0.39022849979451474,0.0,0.0,0.0
1748023102.5514235,24.180639051255557,28.34808638437626,11.746722686189315,0.8694969968858969,0.49352903482058563,0.0031724721867250802,-0.01984942356070671,-3.1101909800197656,-0.025112083048110974,1.0321204852480244,0.5150511514378096,0.9720822568273152,0.38933786251012403,0.0,0.0,0.0
1748023102.6889641,24.235642817306488,28.45415872957519,11.78452119429195,0.8713930161501026,0.49017973181316665,0.0020004895150020395,-0.01985043994725391,-3.108944387924533,-0.022949006166248054,1.024441141095967,0.5167302208233228,0.9509383243057428,0.3896793412921987,0.0,0.0,0.0
1748023102.818532,24.302485450509074,28.59367714771145,11.831238234760042,0.8732998651001472,0.48678801495159923,0.000977640281611116,-0.01959128211797144,-3.108313004489504,-0.020782644952468825,1.0166864491577543,0.5210641779358548,0.9539470416165017,0.39402874002866933,0.0,0.0,0.0
1748023102.9499452,24.352353000080768,28.683581240011474,11.869288629383256,0.8748541998340565,0.48402332787755675,0.0008905007455577897,-0.018728430566122875,-3.109673802200701,-0.01968938335666809,1.010373633870755,0.5286680316001224,0.9226499201037921,0.3952155605594836,0.0,0.0,0.0
1748023103.0540123,24.403484891712218,28.76946710314301,11.910878230796142,0.8766403601843618,0.48080980039485177,0.0005150961047776507,-0.01798191914390917,-3.1105505048385687,-0.018195878040429447,1.0030511300742442,0.5219057873768204,0.8978534849002052,0.39294964956871714,0.0,0.0,0.0
1748023103.1427176,24.448946264556525,28.835660363098782,11.943749183182105,0.8784890673110279,0.4774747280140824,0.0007163819966415224,-0.01656289587341066,-3.113168145238341,-0.017076225794023524,0.9954634942930709,0.5139860418035845,0.8682261445406786,0.3969547054031445,0.0,0.0,0.0
1748023103.2222807,24.50148974131985,28.928839217473065,11.983211267768192,0.8800396807960926,0.4746227254089947,-0.00012236106430023555,-0.016230027030770852,-3.1129031217884338,-0.015191498454716476,0.9889948478265829,0.5215314495038634,0.8581222250203985,0.3936103490748162,0.0,0.0,0.0
1748023103.3344913,24.55644970022,29.027121541157943,12.021625934516182,0.8820034125224862,0.4709830589505625,-0.0006275486632152979,-0.015637923869090534,-3.1134097737981494,-0.01362381575913693,0.9807484991100753,0.5072192954522337,0.8621939061355889,0.40118246997169305,0.0,0.0,0.0
1748023103.4180322,24.611677034984886,29.105447181983553,12.055739160393072,0.8837359697711737,0.46771478861128757,-0.0011518131428139514,-0.01588350003574907,-3.1124350449959035,-0.012822449678485674,0.9733544194743325,0.5180751663932591,0.8447128585435506,0.3964467167380808,0.0,0.0,0.0
1748023103.5114472,24.66078205763591,29.195607111970574,12.098389403977576,0.8853264044577487,0.46464449895187687,-0.0023445786230509064,-0.017238042660188604,-3.1088831382992286,-0.011867967260773535,0.9664309260656665,0.5025013355795657,0.8434361174188266,0.3937212993964054,0.0,0.0,0.0
1748023103.6298432,24.71683869081665,29.28369605809279,12.138621265427188,0.887230188689898,0.461005938114941,-0.0019821778689432055,-0.017093515464851276,-3.109425338469582,-0.012243434058677954,0.9582138287344012,0.5149437206289369,0.8253229509756043,0.3948524083723252,0.0,0.0,0.0
1748023103.7221735,24.791230375194505,29.403872991362938,12.182342594525108,0.8887773043651087,0.45794312004829685,-0.0028949912821113356,-0.018831385275615807,-3.1054568459458416,-0.012101696942389108,0.9513285048549802,0.5294417990023452,0.8267069408675216,0.38089431824207504,0.0,0.0,0.0
1748023103.817457,24.840645052278738,29.485569357333063,12.21883479985662,0.8909429105719094,0.4537093047431998,-0.0023621931710499813,-0.01905300329395774,-3.1054879476698978,-0.013080264225010517,0.9417982225810126,0.5300986798000095,0.8220084771954324,0.37869648733265204,0.0,0.0,0.0
1748023103.9394228,24.898448665043375,29.56850473759351,12.253481894062773,0.892810356028864,0.44994840265204245,-0.003073802907982975,-0.02065562524281051,-3.1019296352229273,-0.013099659679704301,0.9333751002714702,0.5397861647712462,0.806889240948915,0.35754521687830565,0.0,0.0,0.0
1748023104.0272772,24.95847422555335,29.646683608856243,12.282513095497318,0.895193311465826,0.4451833549997367,-0.0015828977362698606,-0.020933465379233362,-3.102689627865282,-0.015805119782482478,0.9226697407781849,0.550566958525815,0.7821897124046225,0.3313021093752663,0.0,0.0,0.0
1748023104.1870015,25.006768874578103,29.719565492047636,12.316306962402018,0.8980194819993569,0.4394223858809538,-0.0010374203208544876,-0.021631007729062433,-3.101814453365925,-0.01714789111002144,0.9097994930047915,0.5400261924028549,0.7571057473525873,0.3147138306684597,0.0,0.0,0.0
1748023104.3243368,25.0640722336609,29.780967200433352,12.339668861049024,0.9006325740117543,0.43414009867114606,-0.00045170631025482684,-0.01957389374086868,-3.105930446155001,-0.016182687795745106,0.8980632223491144,0.5470559779555054,0.7233668429444148,0.2912884641633691,0.0,0.0,0.0
1748023104.4541948,25.118413736215306,29.85040659794739,12.365677839432735,0.9033517003456415,0.428490854711246,-0.00019243838361367836,-0.018741821654605494,-3.1075560514079292,-0.015714366023499286,0.8855429126232781,0.5466232980609167,0.7048821151612582,0.28118773612452286,0.0,0.0,0.0
1748023104.5460875,25.19256029884638,29.95459219629999,12.397268179189524,0.9058359943524829,0.4232894992071808,-0.00012914631436197865,-0.01694504404280041,-3.110776514401627,-0.014111816028060279,0.8740628733989791,0.5527031704294828,0.7118569833497006,0.26732575930662966,0.0,0.0,0.0
1748023104.6531503,25.245226217106516,30.018383632946843,12.422062850983895,0.9083967139877271,0.4177235315381201,-0.0008064055651802691,-0.0179390893215095,-3.1083181433205196,-0.01352249926921196,0.8617999572339482,0.5498748561521751,0.6850637736701087,0.2561916299768937,0.0,0.0,0.0
1748023104.739613,25.30040533947615,30.07854748704496,12.4392497491905,0.9107185466420493,0.4126438088950642,-0.000581894768186058,-0.017789805542668416,-3.1087004294247937,-0.013622242821236315,0.8506286979577036,0.5533366797350385,0.6650308251335765,0.24587610018282624,0.0,0.0,0.0
1748023104.8962958,25.355883132359384,30.16206926892241,12.463727475039779,0.912997119061068,0.40759655734882905,-0.0007291226044043324,-0.017342877610152203,-3.1093220365906777,-0.012806770819734793,0.8395688836537707,0.5461091725114877,0.6597669152599602,0.23551053643995404,0.0,0.0,0.0
1748023105.0059717,25.422487257564903,30.2434071316509,12.490620506330849,0.9149910888244417,0.4030730800649439,-0.001614845854037044,-0.017910660839003174,-3.107505813918656,-0.011483723730969817,0.8296913597402232,0.5531233855788023,0.6521029913045661,0.2413952625959648,0.0,0.0,0.0
1748023105.1317253,25.482292866112722,30.304204562839175,12.5175764875996,0.9171194744943258,0.3982004426209283,-0.00032898299789037896,-0.01811542905744793,-3.1080931600775874,-0.013824150621043571,0.8190193810057212,0.5386118234434933,0.6380684593461413,0.2526714929259396,0.0,0.0,0.0
1748023105.2820365,25.539697066167403,30.375956284080182,12.541954598585669,0.91903062935097,0.3937270973955502,-0.0014344389337150848,-0.018963582894078946,-3.1055963776621525,-0.012296676156968724,0.8092989887345744,0.5498037064758863,0.6185867940234374,0.25716844639376285,0.0,0.0,0.0
1748023105.3552191,25.600544930032502,30.436861750738064,12.567210881116509,0.9202236828458428,0.39089254899449105,-0.002789533008559126,-0.019585892265035224,-3.103353736018186,-0.010178145759175765,0.8031738320075358,0.5438751057762035,0.5960846734143441,0.25096485676244823,0.0,0.0,0.0
1748023105.4099793,25.658477934623694,30.504791937877282,12.592788878034739,0.9212832316591362,0.3883761053829336,-0.003762633173812303,-0.019673597100739126,-3.102408718229156,-0.008348705326894973,0.797742975781311,0.5441035590804587,0.5807910487308806,0.2210317091520827,0.0,0.0,0.0
1748023105.506552,25.716053976766762,30.580299110052014,12.616851305460314,0.9222109388742595,0.386092985145983,-0.005569698605519343,-0.020692256985745488,-3.0991130931302826,-0.005705427531287146,0.7928558395651797,0.5509954026033691,0.5743875976203922,0.20520139412621133,0.0,0.0,0.0
1748023105.5777109,25.773148374863894,30.623230205185315,12.630378632017601,0.9231313184249925,0.3838178372268491,-0.006545941760270996,-0.021669965757017403,-3.0965436054067994,-0.004549126774634595,0.7879651289509428,0.5597021948828094,0.5497044733681719,0.17905262732490104,0.0,0.0,0.0
1748023105.6893497,25.8350142860046,30.688900839405104,12.648592294985852,0.9239566479900598,0.38185605547830825,-0.007382135762227206,-0.020870304288818753,-3.0973737888233277,-0.0022973593378269727,0.7837591576346018,0.5720563822038568,0.5263025770867295,0.15693002882849066,0.0,0.0,0.0
1748023105.8291507,25.898833395674842,30.741348530451354,12.662935251503848,0.9247054471011356,0.380096326433187,-0.007261620788036493,-0.0198466016490503,-3.0993552860890836,-0.0016575209219853201,0.7799494617536724,0.5998002466681396,0.514749909276653,0.14365445422832648,0.0,0.0,0.0
1748023105.927597,25.96161839175462,30.78375205169745,12.675907438895848,0.9253208766924209,0.3786897727359736,-0.007656530311462184,-0.01779631214425961,-3.102849454828347,0.0006909319325259732,0.7769274539071925,0.5939541445734077,0.48529562680918753,0.1347663863303947,0.0,0.0,0.0
1748023106.0789256,26.028008039701884,30.856269746517434,12.689331772047609,0.9258411527379471,0.3774795047302342,-0.007352385726923152,-0.016532568754109855,-3.105420928218204,0.001132871065457763,0.7742998135238904,0.6173833852608143,0.502570551887262,0.1280352844358162,0.0,0.0,0.0
1748023106.1509397,26.09354180381848,30.91392478479116,12.699471531186978,0.9262773464130424,0.376451603137408,-0.006700970648131567,-0.01579762670976876,-3.107274763437317,0.0005198308427802178,0.7720548925550421,0.6165291381465174,0.5070635959825656,0.13884420310390214,0.0,0.0,0.0
1748023106.2567937,26.15540026831999,30.9553614151213,12.714370582663168,0.9263793252665207,0.3762035141072742,-0.005814165941338241,-0.016076603076846954,-3.107425291422509,-0.0013239032881248475,0.771486816474998,0.6147483193403799,0.4951567310205963,0.14213709119067333,0.0,0.0,0.0
1748023106.3570676,26.219302884456813,31.009077880583924,12.725878992531216,0.9263510568026899,0.37623657171400376,-0.0046289937300600294,-0.017272350230360216,-3.1061011429385057,-0.0044208476047621105,0.7715135185932908,0.6205548505233759,0.4881042158628148,0.1287706978279808,0.0,0.0,0.0
1748023106.4808705,26.285075938786143,31.064194569598772,12.737690436720873,0.926275700962109,0.3762873645978302,-0.005135141262719364,-0.019868955065257165,-3.1009079907987482,-0.005439787160648754,0.771632167962381,0.6221219354714748,0.4829398449221553,0.11797755187675299,0.0,0.0,0.0
1748023106.6111217,26.364782900844293,31.141907395191144,12.748632646271515,0.9263092624609347,0.376161425988325,-0.005972446083146524,-0.020446558764082867,-3.099206686978067,-0.004317762565817043,0.7713926429001731,0.6387913824467847,0.4816679348034125,0.08435604861531533,0.0,0.0,0.0
1748023106.7198162,26.430164993751507,31.18906639657886,12.752952791292678,0.9262584034295458,0.3763300760241341,-0.005602460143400495,-0.019739716212745863,-3.100796024191077,-0.004478661203119923,0.7717436531040288,0.6513411105742078,0.459741553123404,0.07309460408858773,0.0,0.0,0.0
1748023106.8517187,26.49621075833002,31.22975284486358,12.756582562743244,0.9261944315413136,0.3765475704399437,-0.004816244757982674,-0.01877780509190868,-3.1031717908521053,-0.005219939324787908,0.7721859741599009,0.6569108043777033,0.440418817248975,0.06586811512539388,0.0,0.0,0.0
1748023106.940792,26.564809133844594,31.279110546339737,12.762278228685675,0.9262052768433772,0.3765727935730328,-0.0044152814063346014,-0.01781071526324254,-3.105266060237912,-0.005235171643213164,0.7722297346072879,0.6602869009538039,0.4236895423192043,0.06335456619360202,0.0,0.0,0.0
1748023107.0894945,26.634168621368687,31.33357674861584,12.768436567275925,0.9263394369386694,0.37629660726107833,-0.004243685501521503,-0.01667639257498239,-3.1074959034331737,-0.0046883705942762045,0.7716320498213173,0.6547702342602719,0.4194753201361053,0.06352062861515165,0.0,0.0,0.0
1748023107.1972744,26.706149641131887,31.394186582871036,12.775409860718256,0.9262557567866612,0.3765596070465652,-0.003972718844432198,-0.01540626059397216,-3.1100549359024723,-0.004243256204596986,0.772195452273492,0.6547375704442269,0.43485840058487574,0.08109288355867855,0.0,0.0,0.0
1748023107.3041615,26.776447565307983,31.440100836307995,12.782887238380342,0.9262367942930014,0.3766190430543878,-0.0018585263206290091,-0.01549332716162238,-3.111486194752638,-0.00822738599416843,0.772262928247789,0.655448247833523,0.42486145617667154,0.08069065756653475,0.0,0.0,0.0
1748023107.4290705,26.83751149527137,31.47149547890172,12.793090535345799,0.9263591606717022,0.37633766000724683,-0.0009533311181102458,-0.01509179444825937,-3.1129090079628354,-0.009593114325365531,0.7716356232520927,0.6370824303944472,0.4084980338483727,0.1105398451607646,0.0,0.0,0.0
1748023107.5452302,26.90850955126282,31.501787293777447,12.80079576980972,0.9263845198180117,0.37628645296067137,-0.00156373058136048,-0.01475742208169618,-3.11306890898824,-0.008208896606237718,0.7715421486351658,0.6358488482817012,0.38261013360938584,0.11748209619811469,0.0,0.0,0.0
1748023107.6667368,26.98542502596324,31.576710140049055,12.814091317033398,0.9264582406747388,0.3760726543833019,-0.0036097144950498487,-0.015213706722218532,-3.1106826247134074,-0.004754436571279395,0.7711340409259623,0.6286175533396614,0.39734019571122237,0.12677011803550486,0.0,0.0,0.0
1748023107.7243378,27.041259366196208,31.61963974529448,12.82854242792252,0.9266824139375481,0.37554284016406203,-0.004285810862315362,-0.014453744346737874,-3.1115809486533537,-0.002912833413853318,0.7700132301073253,0.624962625689484,0.3929431120897287,0.1489283113083317,0.0,0.0,0.0
1748023107.819525,27.105044915179914,31.65800658448126,12.843822441891719,0.9265247246119886,0.3759217957772674,-0.0052488622694335145,-0.014394012197769594,-3.110968708945448,-0.001095644709433373,0.7708611360469159,0.6103914899979094,0.3907589231062726,0.1646559655619229,0.0,0.0,0.0
1748023107.9066265,27.169315990142753,31.689038232116534,12.855845592335978,0.9265865171030284,0.3757375898091689,-0.00791352650008142,-0.014002357858887211,-3.109691358465073,0.004142721377989241,0.7705561018708699,0.6088648815390522,0.37338409527860206,0.15522408969115656,0.0,0.0,0.0
1748023107.989663,27.233178300432847,31.740616410756918,12.87094624996474,0.926533805764642,0.37588966746443825,-0.008906464398416684,-0.012756941666515788,-3.111252102441418,0.0069139306718228495,0.7709164297558404,0.6293842472737957,0.3800825023615963,0.15208135952774574,0.0,0.0,0.0
1748023108.0710166,27.306345136855477,31.79750116425897,12.885051176427412,0.9264187125025456,0.3761077183895899,-0.010152440908211376,-0.013721561008437567,-3.108524791492397,0.00848935443234222,0.7714426298203308,0.6357661607219446,0.397606988008318,0.1480768673667516,0.0,0.0,0.0
1748023108.1685665,27.382093056897283,31.836590274730455,12.89550524038695,0.9263982012050673,0.3761786532425979,-0.009960720433857161,-0.01329577741388478,-3.109457586107851,0.00845211233611988,0.7715849722184441,0.6538313350282873,0.3919582740367836,0.13991364851150176,0.0,0.0,0.0
1748023108.2762604,27.451147342172113,31.885945251801246,12.907351397082333,0.926312775861891,0.3763168394036276,-0.01063925773346473,-0.014733765682384313,-3.1062803886601835,0.008621539267629718,0.7719217932528283,0.6629206342287878,0.3905118765634614,0.13530664299176182,0.0,0.0,0.0
1748023108.3756669,27.5218076066531,31.94791104108371,12.918210987718544,0.9264470465668795,0.37599283299948016,-0.010753984318721039,-0.014477957791205602,-3.1066711653647143,0.009038900371668341,0.7712258473347389,0.6671461081297105,0.40546288100213224,0.1237658335558041,0.0,0.0,0.0
1748023108.4838197,27.594804244049918,31.995371401724743,12.92823026219817,0.9263439206017904,0.3762267714133093,-0.01017820766120627,-0.015387050556453357,-3.1054177761959805,0.007279065154091922,0.7717108613623996,0.6942145071978957,0.3993643928411278,0.10371265664644704,0.0,0.0,0.0
1748023108.6109338,27.665925761320064,32.046869524617755,12.934995103318462,0.9262992420352579,0.37637368796443416,-0.010177159955600566,-0.014456369813881648,-3.1071420655972988,0.007972281112162406,0.7720224348951805,0.689718484715318,0.4219487238834674,0.09713074533186114,0.0,0.0,0.0
1748023108.6956723,27.73159685836305,32.08343747831062,12.937129765498646,0.9262738030882297,0.3764555849528023,-0.009977490465995928,-0.014088433351940276,-3.107973620868656,0.007876518683638032,0.7721884328441925,0.704385438147716,0.41935799895111514,0.07898484685359354,0.0,0.0,0.0
1748023108.777042,27.819114457563504,32.13271126435565,12.93987152898513,0.9262237749477873,0.37657976949379496,-0.010787552530400488,-0.013447105260050985,-3.1085502315205544,0.009855719211369053,0.772486667992748,0.7244722511831755,0.41863269002455655,0.03611369297709645,0.0,0.0,0.0
1748023108.8780239,27.89859714714607,32.18243701005535,12.935174233848082,0.9261948393838914,0.37660342791992424,-0.011450819208997032,-0.014207614755937008,-3.106640733036641,0.010510299981653669,0.7725731611900937,0.7396907632810867,0.4252854518401507,0.021350197629533735,0.0,0.0,0.0
1748023109.0002255,27.980658619986496,32.23665970249344,12.93622203338814,0.9260548531896081,0.3769695083637435,-0.011243580130293031,-0.013783343347121998,-3.107579006982597,0.010432732815493088,0.7733507262868804,0.7517996322019096,0.43092797873984096,0.01735015918669009,0.0,0.0,0.0
1748023109.1014416,28.059920712360697,32.27948957760974,12.936309609520878,0.9260099130009225,0.3770279856835943,-0.012358017612471127,-0.014241433779138475,-3.105888379204471,0.012148754287805768,0.7735324232250147,0.7592261632283318,0.4217071299095429,-0.01418215115127193,0.0,0.0,0.0
1748023109.2213807,28.14146781008762,32.31992130606015,12.93428039405796,0.9259472291865906,0.3771220714068255,-0.016060655617440803,-0.01194685568001115,-3.1073406250661897,0.02073327861390866,0.7738922416667033,0.7764774354034999,0.4369142554136535,-0.030420340472341205,0.0,0.0,0.0
1748023109.3155725,28.244472193093568,32.38695230679512,12.934342601185714,0.9258141762748202,0.37735091835805223,-0.018766135518678513,-0.01105565830719504,-3.1069398320650268,0.02640725200849163,0.774519115298624,0.8075809833724926,0.4544437605069546,-0.03831410232547581,0.0,0.0,0.0
1748023109.4133356,28.328625289778216,32.43635794380441,12.928976161664773,0.9257441529172415,0.3774413037943295,-0.020514031335326043,-0.010723807530395353,-3.1062287997846423,0.029890724136982464,0.7748104383395783,0.8340896384092733,0.4787268461600684,-0.04382219716606939,0.0,0.0,0.0
1748023109.510097,28.41970583628467,32.499711389331615,12.928123858682898,0.9256597241986468,0.37756375282055615,-0.02199328964288985,-0.010769529387441475,-3.1050195073620257,0.032590005700681435,0.7751685087168483,0.8627058212863651,0.5121390575338879,-0.05123356199698382,0.0,0.0,0.0
1748023109.5806696,28.508100811781762,32.554510903161955,12.926615192129653,0.9257773910273,0.3771878342321394,-0.02357629239071313,-0.010474655462668889,-3.1043805030884193,0.035758591829521215,0.7744526090693278,0.8862046873000151,0.5409380002498403,-0.060751067788158926,0.0,0.0,0.0
1748023109.683168,28.598903437968403,32.60632839805335,12.920597389060624,0.9258653216297232,0.37700415633507417,-0.022956409452395098,-0.010689975426647813,-3.1044578049910685,0.03445557363589785,0.7740203342781876,0.9118884849949134,0.5560217802366026,-0.0649504610581773,0.0,0.0,0.0
1748023109.7965007,28.693193806947708,32.66173114153921,12.91360610154148,0.9258384053068971,0.3771558181318301,-0.02226833096818466,-0.008992082294065685,-3.108118844648855,0.03445773816863116,0.7742585884290084,0.9456089474470385,0.5899444431183961,-0.07207866827109931,0.0,0.0,0.0
1748023109.8886333,28.789639711652878,32.72347487730949,12.90971377314521,0.9259281285398439,0.37705910887790106,-0.02044479535210319,-0.008095649073196409,-3.11116284195363,0.03176108539758757,0.7739181970339177,0.966370973957933,0.6101102302322281,-0.0749071273517879,0.0,0.0,0.0
1748023110.0287576,28.883920821619174,32.791559711486165,12.907411976156258,0.9261774691122308,0.37658484466391307,-0.018312624775660005,-0.006618024791815702,-3.115527343477233,0.028941025174254176,0.7727453416681681,0.9871574696357276,0.6389431525649619,-0.068876423276981,0.0,0.0,0.0
1748023110.166987,29.002361021181326,32.89620050491625,12.908562353536318,0.9262142220189953,0.37663507070899976,-0.01529677291066569,-0.006264757001962258,-3.1184565206046333,0.023619318881293833,0.7727067469429002,0.9866260532897227,0.677608124217214,-0.07687794404789007,0.0,0.0,0.0
1748023110.3066092,29.106748239059314,32.981758651528445,12.89557713930813,0.9262944889767037,0.3764866469029625,-0.014133737650355502,-0.006046639991117429,-3.1197415368729855,0.021632735382373112,0.7723343678739452,0.9821449284041333,0.7106696883066943,-0.08278685511145761,0.0,0.0,0.0
1748023110.390588,29.15426524782346,33.02433208273425,12.893957195158519,0.9261459866566348,0.37685374698339724,-0.01366438772454467,-0.00693896912339202,-3.1184339661667764,0.020081832413366044,0.7731226426640088,0.9614167710828104,0.7232852206337118,-0.08147713922124085,0.0,0.0,0.0
1748023110.4956381,29.260414433021367,33.10537987356806,12.887249416467554,0.9261992988516268,0.3767012871876851,-0.014963254547959774,-0.005205770954368066,-3.120668685077613,0.023798116784822687,0.7728164261314723,0.9570314808341917,0.7412988345899357,-0.0799667719176619,0.0,0.0,0.0
1748023110.5702446,29.350883544000496,33.181591671660485,12.881177311788143,0.926122009141302,0.3767937405130259,-0.01747344408897079,-0.004379502934148346,-3.120302374600881,0.029068837383556534,0.7731064618143538,0.970994976340064,0.7691950481306141,-0.07897250011834676,0.0,0.0,0.0
1748023110.6780987,29.444597743580154,33.252542539986656,12.877075001452246,0.9258895422023616,0.3773588274943902,-0.017863428626597316,-0.0031255191669084426,-3.1223127440614338,0.030725073014391792,0.7743154698254213,0.9880620975243989,0.7972563431741378,-0.061554915821937485,0.0,0.0,0.0
1748023110.8086529,29.538995478249973,33.31574612361886,12.8716184034857,0.9260411615590808,0.3769704019150962,-0.018463597574032195,0.00042277997074555065,-3.128447006545708,0.03452171021637295,0.773412192387922,0.9890752703611084,0.8300783999427844,-0.05337702147372705,0.0,0.0,0.0
1748023110.9214854,29.683430046065244,33.44985963009245,12.875836776560545,0.9260355349442747,0.37707043255159706,-0.016606916785726223,0.0005359390770740313,-3.1300554375808463,0.031166409009263162,0.7735546304242598,1.0119399251677976,0.8750332570697094,-0.04239630234223343,0.0,0.0,0.0
1748023111.056679,29.76980040914618,33.53537796137554,12.870265871200484,0.9263614739824537,0.3762236931763136,-0.017610742088432867,-0.00011822404865656837,-3.128114915652632,0.03254461326518964,0.7717796060712203,0.9971539295093629,0.9316316087673908,-0.009798489271316553,0.0,0.0,0.0
1748023111.2148666,29.866832956455664,33.634052894623956,12.866484039679074,0.9264071295053496,0.37613961292453835,-0.01681221630607341,-0.0024842249323689166,-3.1243341085928846,0.029285269081849932,0.7716228166598329,1.0149239567418107,0.9701459091624951,0.03167995187885683,0.0,0.0,0.0
1748023111.361553,29.973225654880675,33.73226723748935,12.86745823298023,0.926312659638935,0.37644529208064886,-0.014223120102614442,-0.005612621268551708,-3.1204793799230908,0.022126228060946232,0.7722412795587377,1.0216993874958193,0.9945919461994592,0.0784590504083329,0.0,0.0,0.0
1748023111.4940093,30.021384460665267,33.78913112978953,12.883478900474275,0.9265719905946732,0.3759119267622176,-0.010657428945019462,-0.006402247388518392,-3.1217123309779216,0.01493694343128231,0.7709725622408955,1.0204276245737394,0.9848813650915405,0.144680013409577,0.0,0.0,0.0
1748023111.60179,30.11007547118975,33.884894076616966,12.901005995432044,0.9266104248121455,0.3758513688242999,-0.008282215479273493,-0.007763638909051425,-3.1209767589706847,0.009512969266443107,0.7707810040197963,0.9994388705759769,0.9936074019542787,0.20206225864812735,0.0,0.0,0.0
1748023111.7363987,30.236234519673264,34.01468921098972,12.92569613318664,0.9265533999181782,0.37596477727131633,-0.007515803354482775,-0.009633070711399355,-3.118087500695617,0.006684245507801456,0.7710145735014395,1.006136626382773,0.9971122398782266,0.2294176546624168,0.0,0.0,0.0
1748023111.8670115,30.33863284040792,34.11835426987381,12.948272487490733,0.9266098993380691,0.37579838273661204,-0.006649131012469615,-0.011200849879327813,-3.1158345069692612,0.0039037886117791083,0.7706354061218308,0.9984571265235228,1.0117527281646082,0.23697247156361703,0.0,0.0,0.0
1748023111.9899125,30.438643071868725,34.2074875225885,12.975289823730643,0.9268975812485919,0.374942755982907,-0.005788511915637722,-0.015661952025687008,-3.1082116653045593,-0.0010139556996421445,0.7687659114836072,0.9824253292915314,0.996465575590831,0.23071087100494103,0.0,0.0,0.0
1748023112.1268568,30.534250159147625,34.31062500534152,12.997749679479425,0.9267405155483377,0.3751307825840533,-0.006043718788292815,-0.019808742067204656,-3.1003311727283642,-0.003659827866126629,0.769173829901549,0.9806059531700471,0.9852898405721511,0.22166304127764913,0.0,0.0,0.0
1748023112.2125788,30.623121138326827,34.38883336345992,13.024449651683987,0.9266810257823032,0.3750010736912114,-0.007108590602423137,-0.02420617948260812,-3.0913766566656626,-0.0049799151124944796,0.7689283989832147,0.9730977995807993,0.9484690324767614,0.21001915168021906,0.0,0.0,0.0
1748023112.3542817,30.721490539384018,34.48250829391137,13.0445088963223,0.9268248338288406,0.37457289870040916,-0.006817736888771407,-0.025384826590515074,-3.0894058529825816,-0.006379283707665085,0.7679849473700366,0.9907164484210738,0.9106470797023839,0.20649940698419567,0.0,0.0,0.0
1748023112.4223392,30.826754199613394,34.56435657364713,13.071101522268714,0.9268803203131664,0.37440979335378904,-0.0060447411658787874,-0.025954567250732866,-3.0889265516223228,-0.008229877968301828,0.767590525076316,0.999165627448781,0.8763331196309986,0.2144415638615945,0.0,0.0,0.0
1748023112.5409563,30.919692487550925,34.654856601997736,13.092797419533595,0.9267978854961783,0.37477764581265693,-0.0056153199742543245,-0.02357676442013684,-3.0936622562218643,-0.00726361904492091,0.7683773080408565,0.9962181891767194,0.8290817091176953,0.1966131335083123,0.0,0.0,0.0
1748023112.6163757,31.013578559392272,34.730736753613975,13.118455158995008,0.9268294885556553,0.3748999344227901,-0.005077124901480834,-0.020282039251140152,-3.1001773079045294,-0.005796244674368928,0.7686344614261225,0.9938983140420642,0.805541938192896,0.20391931446039663,0.0,0.0,0.0
1748023112.7422132,31.113250135301058,34.79918322887745,13.13938722605908,0.9269896009969865,0.37467721142475985,-0.004677477965099906,-0.01689343311170801,-3.1067601710301194,-0.003987232519134699,0.7681519527398609,0.9895550625662223,0.7918749824749189,0.2139839976898346,0.0,0.0,0.0
1748023112.8150992,31.249637704910928,34.9020236853029,13.164901619391028,0.926868324740905,0.37506661447958006,-0.004540140178636809,-0.014816559046310084,-3.110715926743602,-0.0026981723103900812,0.7689927903793663,1.0042830904966877,0.7826895771285515,0.21890965058770306,0.0,0.0,0.0
1748023112.9181159,31.332840555174464,34.97319372317581,13.190126549368944,0.9268591171888292,0.37511630146919167,-0.005198616740079952,-0.01388926347969907,-3.111941347035538,-0.0007834077287776788,0.7691218699628798,0.9849859951883807,0.7762804624249424,0.2298379603191152,0.0,0.0,0.0
1748023113.0779736,31.424337883425792,35.04138998343548,13.216214755662904,0.9268133593176534,0.37532196177465466,-0.004225659367332842,-0.011513722372128152,-3.1170760806783724,-0.0008099107174762258,0.7695391990072787,0.9769499693718402,0.7537198477913071,0.23810646223700818,0.0,0.0,0.0
1748023113.162497,31.451959916307715,35.033349279310634,13.24819660757477,0.9267073004212061,0.3755741517994754,-0.0038521403855509635,-0.011949764039304,-3.116548597624631,-0.0018364327836796778,0.770073293471626,0.9231068289316761,0.7097803684915454,0.2632683275215574,0.0,0.0,0.0
1748023113.2621052,31.541381518985137,35.11140837310144,13.277882414741526,0.9268708579614037,0.3751881801007282,-0.0043094800645411034,-0.011210287960988954,-3.1175756321935304,-0.00042327212003839636,0.7692528593157688,0.9193845418854681,0.7093400077902756,0.30122137247727976,0.0,0.0,0.0
1748023113.3657558,31.63690572541124,35.17521895283278,13.308691180775117,0.9267312132171674,0.3755533293666785,-0.00502265231067718,-0.010184704924840254,-3.1189411699136977,0.0016594984142935016,0.7700585236391023,0.9159739997866889,0.6927611169433382,0.3153624158182693,0.0,0.0,0.0
1748023113.4773295,31.72729128543028,35.223208167165524,13.338852480192395,0.9268057502793517,0.37540041260743695,-0.005592603975352705,-0.008622890702600795,-3.121408709207217,0.0038924514207304066,0.7697395611069504,0.8987258267388685,0.686345793587993,0.32851351961860764,0.0,0.0,0.0
1748023113.5968757,31.88198091757408,35.36876248803033,13.383180801601334,0.9268460056069645,0.37533262716565513,-0.0052517598710687475,-0.007370203090723664,-3.123987188413819,0.004202602311198227,0.769581386381859,0.9306684086954226,0.7178538746333666,0.3516640213395594,0.0,0.0,0.0
1748023113.7229006,31.963441803611985,35.44813034338969,13.418958471569525,0.9268309261622432,0.3753389395221421,-0.005429897494742194,-0.008696608582038136,-3.121394478423665,0.003536849536709972,0.7696031341252133,0.9092587535234117,0.7283188272734186,0.3655584367527325,0.0,0.0,0.0
1748023113.8610399,32.041440654235714,35.50818352155188,13.461609676979046,0.9269850929780662,0.37497965579112286,-0.005113732332715377,-0.007921166634199254,-3.1230707805738063,0.003540162002556376,0.7688184040847262,0.8884134019540112,0.730573767449571,0.39442011836768104,0.0,0.0,0.0
1748023113.9099693,32.12486807141422,35.562935285708015,13.50216696437218,0.926698504403601,0.37567307621153156,-0.006469451226338738,-0.007600522792812854,-3.1226435624882116,0.006279879271133216,0.7703457710215305,0.8826118335769059,0.7130468506444785,0.4069124392606805,0.0,0.0,0.0
1748023114.0234332,32.21902557569043,35.62333054998967,13.541183618442064,0.926763617074291,0.3754706772359162,-0.008334973991532772,-0.00784199030475338,-3.12079578487374,0.009560372104828052,0.7699615905754259,0.8714540741164004,0.7100924281807828,0.4141622420092155,0.0,0.0,0.0
1748023114.1304054,32.31582063258342,35.70328594187426,13.5788043460047,0.926813138289919,0.37537228061945294,-0.00872248011404548,-0.006080787482072388,-3.12377064850817,0.011603360579870178,0.7697459796747699,0.8808887080906141,0.7195362062632954,0.4195951700098366,0.0,0.0,0.0
1748023114.258011,32.408957805766846,35.79569338230413,13.621132088308393,0.9266670236929107,0.3757172893503688,-0.009387361360105352,-0.006051704720881622,-3.1233203098104876,0.012850809937747645,0.7705092913921576,0.8882795362623467,0.7471986432830853,0.4292381368332984,0.0,0.0,0.0
1748023114.3544598,32.48325305948898,35.86853225601623,13.666798316247208,0.9266121494675872,0.3758253765968356,-0.009152677269685465,-0.007838320209178731,-3.120183924226217,0.011070510752741741,0.7707519765962421,0.8677911559139904,0.7614250554483258,0.44117434287217266,0.0,0.0,0.0
1748023114.4650862,32.5795833137329,35.955125388821294,13.711288352762393,0.9265391465265399,0.3760419958567352,-0.007908324890184174,-0.007421974359002396,-3.1218893437063233,0.00907292156290271,0.7711792316451485,0.8762337804487799,0.7683587788324607,0.45112474705008376,0.0,0.0,0.0
1748023114.5912561,32.671143439560886,36.03444267180031,13.754958708714986,0.926412543868053,0.376334956153192,-0.007467990740934258,-0.008719429762952447,-3.1198138456678066,0.0072740923128744965,0.7718072326560709,0.8760853726276233,0.7713296519962949,0.46404178026491166,0.0,0.0,0.0
1748023114.7088249,32.76843191802786,36.126233252242045,13.799874918993732,0.9265164149916845,0.37615505410931555,-0.00594484924625076,-0.006274295690672967,-3.1254927929266954,0.006295826344204903,0.7713671506848527,0.8801294715087721,0.791620320812112,0.4729183216076437,0.0,0.0,0.0
1748023114.7942157,32.956666078070576,36.31645153168847,13.875308329939838,0.9264453864998495,0.37634219187767437,-0.005607548111248833,-0.005835739030507996,-3.126558115897101,0.005997740477829142,0.7717617920131166,0.9034291963198089,0.8443140999797474,0.4870807676618701,0.0,0.0,0.0
1748023114.905964,33.04700743298916,36.39849885214673,13.92330982560894,0.9263823553989456,0.376496009213415,-0.005098821487991965,-0.006363070902283349,-3.1259632027939936,0.004655591735451789,0.7720855585683029,0.8908422583514627,0.8411248952081196,0.46603785520028096,0.0,0.0,0.0
1748023115.0151203,33.13136432889587,36.47789115167344,13.969541698403624,0.9264692796323531,0.3762887549202075,-0.005157923947961962,-0.005902765339716602,-3.126772718180934,0.005115050033171988,0.7716376032730486,0.8835682003424726,0.8449197999968913,0.4782941556567306,0.0,0.0,0.0
1748023115.1542034,33.2183365693053,36.56532128399322,14.016096246666537,0.9266416994265463,0.3758698993500143,-0.005997241115895901,-0.00458396613099878,-3.1285881515057214,0.007668712787310812,0.770743638414007,0.8747255031288559,0.8584429087748501,0.470938077641522,0.0,0.0,0.0
1748023115.2444484,33.16485719556022,36.529361670573316,14.021813845429632,0.9263873544496293,0.37649956912382443,-0.004788170057979511,-0.005622934544121831,-3.12756852426216,0.004637352140238503,0.7720845251977575,0.8115974565977734,0.8276729731203707,0.4523980479080678,0.0,0.0,0.0
1748023115.3495526,33.25288015665967,36.61854601447492,14.06805849903487,0.9264699957190023,0.3762924441118679,-0.0040544732612740626,-0.006395684742245666,-3.126689892332324,0.0026994032414976747,0.7716261121154517,0.7934054342097534,0.852563346810704,0.4623366827677631,0.0,0.0,0.0
1748023115.464156,33.34132708897499,36.7025764034348,14.116310621784763,0.9265478616046008,0.3761195401797079,-0.002985913786569558,-0.005851151152193824,-3.1285034072342532,0.0011317197475756854,0.7712344038902501,0.7913022318687973,0.8469843187229795,0.47292849719248276,0.0,0.0,0.0
1748023115.5736706,33.418422988487954,36.784585998302916,14.165353238347032,0.9264695676745751,0.37630193441485577,-0.003160455605651897,-0.006403580942601518,-3.1273481473723908,0.0010367722712170666,0.7716312898017572,0.7789450555684715,0.8557633175269838,0.5060271731622998,0.0,0.0,0.0
1748023115.6934235,33.490689829031695,36.876981071290665,14.216687397075724,0.9266449571473414,0.3758655839619699,-0.003899791701659612,-0.006243221204877955,-3.127090004781769,0.0025342233731700126,0.7707017032028205,0.7469628786177498,0.8707096423801153,0.5233713428649909,0.0,0.0,0.0
1748023115.7982402,33.68203076532876,37.0923501961517,14.310879249780282,0.9264881079822854,0.37625190012136694,-0.003867349509465281,-0.006271923966181808,-3.127060177440727,0.0024464624808945715,0.7715350127988804,0.7866639468224911,0.8950888757728517,0.542493612189116,0.0,0.0,0.0
1748023115.889256,33.76942947925686,37.17314347730136,14.36692771304519,0.9265129637904029,0.37615083881617806,-0.005283357031481142,-0.007507364696557036,-3.1237055265282585,0.00414240635513094,0.7713483022569251,0.7737342822308039,0.9107717008676677,0.5399568859411824,0.0,0.0,0.0
1748023116.0126007,33.84849369768622,37.257621049975924,14.421357810346684,0.9265811359792646,0.37596859630478235,-0.004879314523895385,-0.008438325056784192,-3.122284860065114,0.0026970744050235375,0.7709482704177557,0.7762928946688,0.8975963407866248,0.5247887058750504,0.0,0.0,0.0
1748023116.1213393,33.92777481786018,37.35198045134017,14.472487908613521,0.9266180243418299,0.3758376219653063,-0.004871183547914197,-0.01006928255389326,-3.1192684701140627,0.001458623048068487,0.7706680300703147,0.7616055764226631,0.9038625037729842,0.505862084566393,0.0,0.0,0.0
1748023116.3061118,34.00194222937707,37.458159530083826,14.521357431707425,0.9267088768269214,0.37558852772816825,-0.0047720869244874805,-0.011006481524909129,-3.117606059056216,0.000576854277001074,0.7701286735405973,0.7495210033779439,0.9072965370315327,0.48688882448402065,0.0,0.0,0.0
1748023116.3639874,33.991555923728136,37.46219747226849,14.53550481455394,0.9266595533081008,0.3757403922704075,-0.004885017349183197,-0.009867445708483705,-3.119632336747912,0.0016383008798422413,0.7704583057223103,0.7231267977334713,0.8753437313369747,0.46976480415392813,0.0,0.0,0.0
1748023116.4900467,34.08089720360861,37.554066963291206,14.589207221758839,0.9267077315135362,0.3756491040083221,-0.004647999296857819,-0.00888409327488222,-3.12163334145095,0.0019400716286954102,0.7702542640358461,0.7234049746406284,0.8768832557021327,0.46470740892367435,0.0,0.0,0.0
1748023116.626804,34.15282392510797,37.65493188846391,14.637569161191562,0.9267630333519168,0.37555791259688037,-0.0035013729035331953,-0.007367135536869494,-3.125306811888455,0.0009563140036232547,0.7700321081663717,0.7147554417066277,0.8831038065486979,0.4641265774694245,0.0,0.0,0.0
1748023116.725832,34.22809489604524,37.75818277525704,14.683932648531055,0.9266760368723721,0.37579241083150744,-0.0021483553234053145,-0.006853555089306432,-3.127275432885694,-0.0011693694522843588,0.7705159721599923,0.6995349045673549,0.9054889547714917,0.45067727327385043,0.0,0.0,0.0
1748023116.904507,34.31076184970814,37.85696522644163,14.72377370007635,0.926553558862819,0.3760914116720413,-0.001776089825901907,-0.007113236261094049,-3.1270745798048027,-0.0020591708910948445,0.7711556359882273,0.6927522681824034,0.9158567031764373,0.42968260899225835,0.0,0.0,0.0
1748023116.9788337,34.415431807976816,38.00491416780464,14.76609259794215,0.9266146471000437,0.3759412199847909,0.000538784148476039,-0.007294148863995269,-3.128479374208053,-0.006482878422565043,0.7708037889991843,0.6834472012499773,0.9385650479526293,0.4243703504065046,0.0,0.0,0.0
1748023117.0789301,34.4853409267521,38.080459707809304,14.805332513984483,0.9266996836878267,0.3757299839429448,0.0009935807626452815,-0.0073272243301590895,-3.1287583180349734,-0.00734768383159858,0.7703437125020028,0.6624134673974431,0.9200515723759696,0.39834922281846513,0.0,0.0,0.0
1748023117.2119691,34.55471142904116,38.166197464310244,14.842178251610292,0.9269298065339092,0.3751566523858354,0.0010348121665738669,-0.007586111879164081,-3.1283047246609605,-0.007610430621249614,0.7691046897378098,0.634231618664858,0.9310618119090043,0.39353222290519135,0.0,0.0,0.0
1748023117.3655095,34.614144906713086,38.27631328292782,14.881935307189648,0.9267862906357468,0.3754147455337709,0.0006369871596761291,-0.01142517276918243,-3.1208910710011617,-0.009759213503609747,0.7696404400855292,0.608591793264573,0.9358224810912751,0.3846035333722022,0.0,0.0,0.0
1748023117.439607,34.63096126357222,38.32478070579085,14.878594003565205,0.9268089295297911,0.37538256571797546,0.00021075277309418438,-0.010634523125233417,-3.1220366052068202,-0.008374782152567544,0.7695829132377211,0.5917425401248972,0.916213965065669,0.3684516888612014,0.0,0.0,0.0
1748023117.5571172,34.7141338550319,38.43038052309936,14.918377271357011,0.9272548878218859,0.37428138010867873,0.0003397556552147494,-0.010569109728793647,-3.1222445517768898,-0.008541826007751371,0.7672059129224009,0.5755950641690741,0.9195878293069787,0.3522945222835092,0.0,0.0,0.0
1748023117.656558,34.76827242950589,38.522984840755356,14.952723853796325,0.9273153261517827,0.3741288735466414,-9.749277959209896e-05,-0.01067063062297757,-3.1217277139378936,-0.0078036481353910385,0.7668829338003411,0.5561216810979842,0.9175864252594618,0.33870647068041865,0.0,0.0,0.0
1748023117.775272,34.815233461459485,38.625075658992756,14.987001682207001,0.9271699657028323,0.37446262958638615,-0.0020585808447302102,-0.011373477338251224,-3.1189584546137326,-0.004700593111201366,0.7676350981321499,0.5296947750557316,0.9216436604993842,0.33441908314123375,0.0,0.0,0.0
1748023117.8463452,34.91479859148705,38.788162229176244,15.030898488493538,0.9272800825896836,0.3741975262114738,-0.002211597325165903,-0.011089122911858054,-3.119370034676915,-0.0041975167483744025,0.7670675195307598,0.537486130603881,0.9361776082370734,0.3344133739679433,0.0,0.0,0.0
1748023117.916043,34.97309641674666,38.891089506454094,15.070245007899857,0.9275607804375079,0.37348316825941147,-0.0018172177616180788,-0.011748163289653986,-3.118438575171777,-0.005404348950335386,0.7655164926759608,0.5276335074737436,0.929190390204365,0.34561169313930123,0.0,0.0,0.0
1748023118.0338035,35.01419612101135,38.98126844614038,15.102765697308739,0.9282888540163743,0.3716720321609447,-0.001959279206703882,-0.011656124712385542,-3.118493387731703,-0.005026978191325771,0.7616167243664405,0.5062869895972536,0.9402158766044028,0.36181878478743296,0.0,0.0,0.0
1748023118.130107,35.05880515712431,39.08724177585897,15.131965099828486,0.9291504129932258,0.36951066646533676,-0.003101145645821422,-0.011478688886108496,-3.11796769876383,-0.0027201378002240416,0.7569888173690903,0.49141933411234345,0.949842051391289,0.3394965286524379,0.0,0.0,0.0
1748023118.3321679,35.100583749928326,39.18111267145604,15.158451233116393,0.9300089028200434,0.3672358678780166,-0.004182111560089224,-0.01427473159950769,-3.111965313296692,-0.0027055882293127867,0.7521182789447539,0.4809289130077416,0.9488693512471936,0.32726324041322524,0.0,0.0,0.0
1748023118.388297,35.13536083058194,39.25141535841808,15.17440404290921,0.9313317612113591,0.36385090253107777,-0.003512038405478142,-0.014877394681417886,-3.1113204553095652,-0.004284574246112654,0.7448241373579583,0.47407850435116705,0.9422398060961102,0.3152936654954164,0.0,0.0,0.0
1748023118.5002897,35.18329734890881,39.35118268487153,15.204769801389656,0.9323262727832098,0.3612538930627846,-0.003508271683365912,-0.015844174164209506,-3.109508129826315,-0.0049058511519140926,0.7392478341350533,0.47940298503283535,0.9381058753930698,0.32623620532759756,0.0,0.0,0.0
1748023118.6122956,35.23030412717509,39.42641755486648,15.236561110741118,0.9337918031126783,0.3574404297801131,-0.0023020084924092513,-0.01624525638708256,-3.1096013050455076,-0.007314294745580804,0.7310376946229825,0.4765804650186897,0.9047104348743784,0.33548338505959346,0.0,0.0,0.0
1748023118.7551432,35.26445769268577,39.47759348742173,15.245298943538023,0.9363831369390325,0.35056502125958117,-0.002247871262532956,-0.016903662333161124,-3.1083529037163844,-0.0076420023840820285,0.7163305381709333,0.460333663749107,0.8867899424440154,0.3119452888274582,0.0,0.0,0.0
1748023118.8630958,35.31558098503733,39.595016905101524,15.291136291561019,0.9391863399218574,0.34283710955389535,-0.002506640196983284,-0.019632930801044418,-3.102984884945017,-0.00875350181891717,0.6998447818720787,0.4625432827682731,0.8822469801027322,0.3036573136460557,0.0,0.0,0.0
1748023119.0164669,35.36157930284766,39.6814703500467,15.320179115190518,0.9426386339338989,0.33318758380245445,-0.0031530140276212386,-0.02021134131265933,-3.1013756025604495,-0.007524101275528793,0.6793612426221574,0.4701014305509848,0.858806709007191,0.31794508311833186,0.0,0.0,0.0
1748023119.1335242,35.40685593977681,39.74557844972021,15.34838074165237,0.9459390802666506,0.32364413681615445,-0.0004871069047858474,-0.021295348216754,-3.1009746236290816,-0.012863036980473693,0.6590507555913561,0.465390350193492,0.8253594793211496,0.32484832722284623,0.0,0.0,0.0
1748023119.2719665,35.43923101050514,39.81819818217914,15.382715646845424,0.9472361803853099,0.3196008796843982,0.0022273193914544966,-0.024370788299435828,-3.0968228496600707,-0.019798739243453652,0.6503753060677775,0.4383663308000495,0.801634518147834,0.3064087071557394,0.0,0.0,0.0
1748023119.4187994,35.4794974312003,39.877112889314354,15.41097176565409,0.9472638523675155,0.31928498614746526,0.003825586043307646,-0.02708609440454591,-3.0926859804064084,-0.024546510231354172,0.649601638668856,0.4311685174209116,0.7476145040512815,0.2705201793810884,0.0,0.0,0.0
1748023119.5271268,35.525748644615746,39.95732776814261,15.431331824908312,0.9471140002731485,0.3196238609876145,0.005206476407584348,-0.02808114273639286,-3.091688786397968,-0.027816647043284466,0.6502460407465532,0.4161297791815684,0.709065158026598,0.20603433202097446,0.0,0.0,0.0
1748023119.6106095,35.56396410575274,40.021110308165945,15.450344797058193,0.947069250655706,0.31954960785025,0.004157599650320435,-0.030505687180241832,-3.086419126518442,-0.027374649157175857,0.6500727467875153,0.39637384722626695,0.6630985786889215,0.14302149682958334,0.0,0.0,0.0
1748023119.6861298,35.60269703013033,40.09189662294602,15.459708920604141,0.9471116043385882,0.31955450954303866,0.0033741787030736026,-0.02920854799495213,-3.088379800499037,-0.025061517423388757,0.6501433739825309,0.38246713181840153,0.6317493980217058,0.0758815651711523,0.0,0.0,0.0
1748023119.768887,35.64146615549251,40.16550890832151,15.463543411571077,0.9469586595605207,0.31993863737650863,0.0011600088808974031,-0.03012008924955416,-3.085247167249895,-0.021471771376210914,0.6510313663018328,0.3801367132018789,0.5912320876980491,0.0322533430834725,0.0,0.0,0.0
1748023119.8582191,35.67794852134032,40.220966030886785,15.466960348485477,0.9471751292123287,0.3194328612807756,0.0015230575985567005,-0.028628692445460804,-3.088295738901435,-0.021176677591178705,0.6499746261740371,0.37403472395154747,0.5634966952088086,0.025376183963330697,0.0,0.0,0.0
1748023119.9606898,35.71416650160177,40.28440245175465,15.467893524022077,0.9472256711428638,0.3194486956724284,0.0013528587607494445,-0.02672505443042195,-3.0917975022774766,-0.019638755011485192,0.6500477371210125,0.370693403722215,0.5418232235025678,0.027350338256565226,0.0,0.0,0.0
1748023120.0281723,35.75049965979154,40.34584998175521,15.468482474323958,0.9472285139502526,0.3194215042520828,0.0013770235376460087,-0.026947148032951954,-3.091391197067069,-0.019825007653130045,0.6499857007011483,0.3585888949920721,0.5214828091289959,0.022409534735315637,0.0,0.0,0.0
1748023120.124585,35.78792767606909,40.384850642602004,15.471327826738252,0.947213999979215,0.3192346626554983,0.0007162864118297598,-0.029569500103693507,-3.085992669929879,-0.020237553197782896,0.6495757079667767,0.34712987781267857,0.48013534804735136,0.03661893266241437,0.0,0.0,0.0
1748023120.240488,35.83196252380517,40.43113891702058,15.471370248155829,0.9473452087204879,0.3187161650586221,-0.0017873003505619674,-0.030884740603047033,-3.081892965518522,-0.016301273271103537,0.6485847236328879,0.3493723123246745,0.45616614042817644,0.04869329266094864,0.0,0.0,0.0
1748023120.3404036,35.84516775322529,40.404749345989956,15.459615705457354,0.9471677403051149,0.3188923531578604,-0.0033116980881261024,-0.03420484583385952,-3.0746269288605474,-0.01554248612123878,0.6489982817939146,0.3419850585551187,0.3869814774503372,0.039619790297443426,0.0,0.0,0.0
1748023120.418952,35.880281118619294,40.45049779345046,15.466742344602654,0.9470087433304629,0.3191717238685612,-0.005485020384507179,-0.03568984855403625,-3.0704286173818636,-0.012393973757408196,0.6497091114646204,0.35510606231030145,0.34919826592368414,0.03765812270312397,0.0,0.0,0.0
1748023120.5528295,35.91909275412359,40.48465220844992,15.472386461925442,0.947217320024257,0.31856989190429946,-0.007916901512109041,-0.03506986296800814,-3.070047968818934,-0.007346418523933234,0.648612715259009,0.3737485758096924,0.2985278434117121,0.043070111701005095,0.0,0.0,0.0
1748023120.6147738,35.987417237068584,40.53958524247206,15.487838209681689,0.9473703248470917,0.3184170882529969,-0.008944274706828754,-0.03193783739654281,-3.075333862872243,-0.003392032013465518,0.6483757845145358,0.4025146004547468,0.27037356065721474,0.03900738537003304,0.0,0.0,0.0
1748023120.6732774,36.03232264832118,40.58163105140735,15.48828868030058,0.9472616235538801,0.31883744480387494,-0.011444558143756153,-0.030118473100363304,-3.0771898899797177,0.002476189977260281,0.6494345839137518,0.42375162169086095,0.24648891341280996,0.03481915702525555,0.0,0.0,0.0
1748023120.7796342,36.081046312933786,40.62588743162982,15.494259772610027,0.9475744018610754,0.31809858198470237,-0.01265251822876552,-0.027494706025298202,-3.0813989895008196,0.006486396271810386,0.6479492912521913,0.4398451673821424,0.24903799273589597,0.03988612311151609,0.0,0.0,0.0
1748023120.9017937,36.1290798252174,40.66816396170064,15.500997718003518,0.9474737983948656,0.3185077073188839,-0.012171590345684734,-0.02642147085479593,-3.0837384681558726,0.006233682034903709,0.6487744821169897,0.4724603584642614,0.23564641930787825,0.028638484532783982,0.0,0.0,0.0
1748023120.9600532,36.18266633905922,40.670372161381586,15.503833770938453,0.9473615727590308,0.31884820290217303,-0.011053557641869041,-0.026827091326652733,-3.083681138291576,0.0038359011941655713,0.6494225277547915,0.4795515885713013,0.2235671751556878,0.026493589455331108,0.0,0.0,0.0
1748023121.0176,36.23419884874028,40.6928051705016,15.506745952525653,0.9477002218923198,0.31806801268496154,-0.010104077307593782,-0.024391317177416823,-3.088909056983242,0.003635085055637291,0.6477116974641872,0.4896044328257861,0.20871027242047074,0.015358445090887464,0.0,0.0,0.0
1748023121.1263618,36.28261813324242,40.70935400410482,15.51064920084513,0.9476876472023388,0.3181474005938295,-0.009928215622354504,-0.023912034000502947,-3.0899297892699518,0.0036025994806424644,0.6478675811470178,0.49910763128630625,0.1963044115587976,0.007745747852537862,0.0,0.0,0.0
1748023121.248981,36.336532892924765,40.73892148981942,15.511334621178918,0.9478143760553612,0.3179218136008187,-0.009092657776993505,-0.02215744917862103,-3.0937904075940836,0.0031476358574913372,0.6473412212328848,0.5161693828858616,0.2004769905594773,0.0020594929827936624,0.0,0.0,0.0
1748023121.3914886,36.399362411120265,40.767354323092675,15.507555198351804,0.9479347761678367,0.3176773187931169,-0.008684819849773989,-0.02062414023000352,-3.0969589632585737,0.0033616487108290662,0.6468006914318419,0.5281702355577993,0.19974907471315578,-3.193021053338359e-05,0.0,0.0,0.0
1748023121.492974,36.44935612398559,40.80239805171429,15.512640522398105,0.9480335104146272,0.3174722771866074,-0.007073626622373585,-0.019843894659978822,-3.0994634635712277,0.0008122973937624108,0.6462910940274215,0.5224160807452267,0.21347202956975891,0.013243445617206832,0.0,0.0,0.0
1748023121.5536015,36.496992787340034,40.83211391636116,15.514633638714434,0.9480024499581202,0.31762767492336563,-0.0069515035076899885,-0.018859787781446667,-3.101407580321981,0.001199303914726229,0.6466125805977516,0.520860856616503,0.21561285758723353,0.02176939934769172,0.0,0.0,0.0
1748023121.7123501,36.57027853846467,40.84756508054569,15.511791916471438,0.9480656562585347,0.3174079081273116,-0.007625078276639895,-0.01912039389220989,-3.1004856691051765,0.0023202233067325926,0.6461791555082869,0.5177638610531543,0.20786875496177004,0.02958487362120449,0.0,0.0,0.0
1748023121.7877038,36.60571082747497,40.84770546241983,15.513525421932133,0.948018400497607,0.3175252393261002,-0.008185547091653703,-0.01928293358573861,-3.0998208956827664,0.0032744681701617376,0.6464524432316102,0.5234068053005863,0.21230112246368735,0.029061344253528472,0.0,0.0,0.0
1748023121.8493104,36.66402607989369,40.894443946324664,15.516617655339418,0.9479019586175748,0.3178618099600095,-0.009075405640514603,-0.01906262391101416,-3.099671386996274,0.005086651221226465,0.6472030902443034,0.5315973001186721,0.21729853006049202,0.023359551378798228,0.0,0.0,0.0
1748023121.9698005,36.72151485753602,40.93234387706392,15.51838383718836,0.9478982947947635,0.31789986115117985,-0.007634227926497092,-0.019241090644935267,-3.1002497394639974,0.0022394650502530426,0.6472172539277696,0.5401781107859202,0.2226546777666995,0.023951757790489272,0.0,0.0,0.0
1748023122.079464,36.774887752751724,40.9656981721426,15.520999826922532,0.947953835236812,0.3177906964125874,-0.005910784094697912,-0.01891195824889015,-3.101970162690975,-0.0008137879510518422,0.6469124638036472,0.5274759472292496,0.23533715578246123,0.015839459036856136,0.0,0.0,0.0
1748023122.2320578,36.831195652761714,40.98000228049112,15.524210856420032,0.9452758866217321,0.3255906786181911,-0.005935852033724782,-0.020223101371400317,-3.0994819927084682,-0.0019468722403633365,0.6633847798514318,0.5295750478729251,0.22823942611661388,0.022562977044429697,0.0,0.0,0.0
1748023122.3175528,36.89919931200921,41.036106753234066,15.535895729969733,0.9421780169442167,0.3344406340101452,-0.0031880431832736035,-0.02097339006019406,-3.0999255013178155,-0.008021385348666971,0.6820158743085485,0.5266927434747031,0.23031811250524728,0.028334218282139837,0.0,0.0,0.0
1748023122.4722543,36.94863117021479,41.04840835003292,15.536969101400134,0.9386171033548343,0.34432442727684187,-0.0028274678820185786,-0.020751566100691978,-3.100676905830893,-0.008982843604940668,0.7030153554318609,0.513783310194537,0.21520398071891367,0.023258640925984744,0.0,0.0,0.0
1748023122.562843,37.007320981033494,41.09965671854883,15.546402607723069,0.9351761603862422,0.35360574767729813,-0.003758372994579228,-0.019859478524328,-3.1017789703073113,-0.007015427396742512,0.7228610025038045,0.5082710737429293,0.21328950102035904,0.015389633486049156,0.0,0.0,0.0
1748023122.6977396,37.056797389863185,41.1230260807196,15.548424162492394,0.9331193740969994,0.3589428136790728,-0.007833428580072237,-0.019670475074469444,-3.099246685242714,0.0004978966286443577,0.7344529608636098,0.4967590593568436,0.2179697695008997,0.010383588719039084,0.0,0.0,0.0
1748023122.798363,37.0976323533038,41.149401168944785,15.550721974186887,0.9328271339172268,0.3598011791991973,-0.010976927904007996,-0.01600489701402674,-3.103823530524722,0.008962110726060282,0.7364241419684878,0.5129685631670283,0.22256864529758466,0.006965849262078279,0.0,0.0,0.0
1748023122.8611436,37.15297743769026,41.164382907264255,15.552373599356036,0.932175307392441,0.3614565240150896,-0.013663013919350457,-0.014549899840773789,-3.1045767771226567,0.014954893392445212,0.7400904341528084,0.5162320173592555,0.24173723774371,0.003084448018467168,0.0,0.0,0.0
1748023122.9703927,37.206263798417105,41.19038295844016,15.553271088551526,0.9324470621821843,0.3607516144778962,-0.014326647123318399,-0.013981990616828444,-3.1051679095552767,0.01663039523244089,0.738605274960954,0.5328219544543824,0.25938556764748116,0.005745935399052582,0.0,0.0,0.0
1748023123.0468135,37.271666970591795,41.262256435692876,15.550393430741087,0.9325425200954255,0.3605300096024889,-0.014035271723808463,-0.013622464451831252,-3.106053092554756,0.016355089972436943,0.7381106872402651,0.5521461907765456,0.2953130223980758,0.0007026143445928491,0.0,0.0,0.0
1748023123.1368792,37.33005460658369,41.29495834201895,15.54885494103827,0.9325064073144939,0.36064282782957474,-0.01241228175393967,-0.014645351281675283,-3.1053152557756114,0.01258591500487206,0.7382848878923175,0.5591674504817262,0.31317220922343975,0.0014690394006993345,0.0,0.0,0.0
1748023123.2532952,37.39338297114941,41.32194692410743,15.545923538970554,0.9327362113163784,0.36005618603014017,-0.011190796257486915,-0.015410031788448894,-3.104776957317959,0.009779323134717792,0.7369762960909837,0.5747829524859439,0.3146221927766602,-0.00727581368519866,0.0,0.0,0.0
1748023123.3298607,37.44934892093524,41.3540267496567,15.543361247585231,0.9326962286021587,0.3601691208098274,-0.009286020726377759,-0.01642313567668546,-3.1042587492659526,0.005491887951814587,0.7371383418455817,0.5792738609399917,0.3171887405471095,-0.01709228123036118,0.0,0.0,0.0
1748023123.5018501,37.50845267946971,41.39520079100742,15.538477769853168,0.9327918802871448,0.3599683347127451,-0.007828326942897434,-0.016150026990114155,-3.1058197380617067,0.0029774073738360186,0.7366454770267282,0.5722691568998435,0.32052634142337993,-0.04146712246997452,0.0,0.0,0.0
1748023123.5591152,37.56802737651151,41.46982831721862,15.526350298392536,0.9326045589981432,0.36041217367343076,-0.008290322754946943,-0.016824748214772124,-3.1042262106270515,0.0033355036273718473,0.7376177441134445,0.5760248277147073,0.3337169736061945,-0.05774316833330373,0.0,0.0,0.0
1748023123.630213,37.62623870216845,41.50645345453261,15.516491429684603,0.932803095755534,0.35989702565525483,-0.010018483323848868,-0.015879088931136244,-3.1047479755126925,0.007260934566320766,0.7365848400965864,0.5709341141670835,0.33540054131478725,-0.0826571831195036,0.0,0.0,0.0
1748023123.7163212,37.6832616659394,41.539297585201695,15.508210354966064,0.9325661529346049,0.3605946534342778,-0.010134391768350664,-0.013753560224533112,-3.108624327191885,0.008983181741824938,0.7380716789240056,0.5851322685057605,0.3386861482815909,-0.07766594441217099,0.0,0.0,0.0
1748023123.798079,37.74181471229532,41.564057747196614,15.503634790857236,0.9324525519571604,0.36091902037358065,-0.010442174427878622,-0.012675175516409275,-3.1104103806936583,0.01032442394445497,0.7387716762661545,0.5883136270329625,0.34028286039568584,-0.07030239206589603,0.0,0.0,0.0
1748023123.920697,37.7934388202688,41.60687725958276,15.494778667259792,0.9326500030423894,0.36044710340822556,-0.010132890105316098,-0.011797542445976507,-3.1122761725652306,0.010396287246734108,0.7377402261221022,0.5792692113711785,0.36450154251790295,-0.0807015679300321,0.0,0.0,0.0
1748023124.0045917,37.855301136705194,41.66144765947395,15.478986711750357,0.9326107314475287,0.36051554623977516,-0.011720896216161302,-0.01133071490384653,-3.1120001377336317,0.013692697310921374,0.7379464578662319,0.5967771552983623,0.3848824796205958,-0.09920483030427181,0.0,0.0,0.0
1748023124.113074,37.90982957487574,41.705798776622096,15.466278330989525,0.9326978021361774,0.3603031241121603,-0.010543108698621066,-0.012054522152723266,-3.111502416634052,0.010980725307088664,0.7374499448009761,0.5933444244392259,0.4078010073491503,-0.09870496677737822,0.0,0.0,0.0
1748023124.2022724,37.96548189109506,41.75370675897196,15.454338145429155,0.9327679692891583,0.3601376407114946,-0.009389763405098726,-0.012515093053375115,-3.111476442477257,0.008502731368403234,0.7370534248752068,0.6022136102905926,0.4216526903281035,-0.09752678137615249,0.0,0.0,0.0
1748023124.3494513,38.03838704719733,41.78416002452393,15.449308781646751,0.9327447664366231,0.36019165184149904,-0.007897041247629976,-0.013667895533523723,-3.1104010110782325,0.00488574348677959,0.7371190840778432,0.6054337041898382,0.4185417933089536,-0.06775646145199145,0.0,0.0,0.0
1748023124.4131258,38.08014976420617,41.87395301016705,15.440404627963387,0.9327075273988308,0.36037808326596354,-0.006176450357952021,-0.012089536636505263,-3.114585545824386,0.002808039091928301,0.7374554948682644,0.5904016104936288,0.45300943424393686,-0.038268492960388784,0.0,0.0,0.0
1748023124.4838378,38.118925283010704,41.920890197091396,15.440077759716678,0.9327471782363141,0.3603185092084727,-0.005517339817642867,-0.01108297682548327,-3.1169388606308455,0.0023057649609734858,0.7373062658946968,0.5863415712961045,0.45484033793604417,-0.0012869272708231866,0.0,0.0,0.0
1748023124.5802672,38.178405415663114,41.97177003136952,15.440651322889485,0.932795839860769,0.36024927897013237,-0.004240343919361474,-0.00971584393596864,-3.120410101454572,0.0009104989158823614,0.7371232474209231,0.5660747013184496,0.47985880601862513,0.029615756971083883,0.0,0.0,0.0
1748023124.6935325,38.2370080658711,42.00259279639348,15.449930254083638,0.9327809588085654,0.3602626335471201,-0.004559222644466025,-0.01047526814669842,-3.1187633637106678,0.0009578169066221268,0.7371601776227019,0.5580683860144549,0.46627110418427964,0.04738643326904569,0.0,0.0,0.0
1748023124.8101134,38.27080155505538,42.040529586869546,15.453535781185213,0.9326051711663185,0.3606563780327729,-0.006220943293865818,-0.011656395783343714,-3.11536063560179,0.0031954662406595024,0.7380525037863711,0.5409368721370861,0.46687665322224176,0.034724143832316895,0.0,0.0,0.0
1748023124.9094594,38.319075159795155,42.07625791798722,15.457637753126702,0.9327252839060303,0.3602049925076292,-0.008289464098993185,-0.014394197440136331,-3.108762854258748,0.005093883977197133,0.7371654358358289,0.5372946026436871,0.46774154876632384,0.01403608346501727,0.0,0.0,0.0
1748023124.9831548,38.38096722805207,42.12812877544802,15.454981321912427,0.9327340316672009,0.3601799986845528,-0.008280753442938257,-0.01445765679015573,-3.1086508583948906,0.005032784726636174,0.7371117733360372,0.5490226636116347,0.45933293163078265,-0.016282714331131477,0.0,0.0,0.0
1748023125.0949168,38.444119241081225,42.18067478582493,15.450675581153277,0.9325094664980075,0.3607282377332721,-0.009337494560393511,-0.014630262772220258,-3.107562972701487,0.006859560121418962,0.7383304304031246,0.5548636700678273,0.45871535599439306,-0.04245910952567208,0.0,0.0,0.0
1748023125.1766953,38.50345963451666,42.22224040948517,15.44834556500196,0.932711582334561,0.36017875379323666,-0.01025543352009876,-0.014669545944765319,-3.106831890058676,0.008563510363200137,0.7371915775977558,0.5533861253976555,0.46041303280165147,-0.05836038677848155,0.0,0.0,0.0
1748023125.2861578,38.570031115444564,42.266888601891594,15.442513358480129,0.9328793074336162,0.3598134353050202,-0.009896270570290975,-0.013135956949390825,-3.1099559451072114,0.009011186432737846,0.7363827468957541,0.5772037453028176,0.4558608768982352,-0.07985067361298227,0.0,0.0,0.0
1748023125.384407,38.64008776304628,42.31993104727395,15.430281457395115,0.9325621688223736,0.3606395816908361,-0.010913538476341559,-0.012156811962631124,-3.1110401762366306,0.011586910328165315,0.7381872991010244,0.5827481571075174,0.4580573823249592,-0.10365028917376407,0.0,0.0,0.0
1748023125.4646387,38.70315944270371,42.371667718458085,15.419306188814025,0.9326783566370385,0.36031645041692223,-0.012745360595262857,-0.010986100449190753,-3.1119068391044182,0.01585836320273293,0.7375590126646786,0.5786738548124961,0.4751428939343887,-0.11071056265105912,0.0,0.0,0.0
1748023125.5481114,38.75375252973974,42.42637277911884,15.409298123953484,0.9327715966899466,0.3600319477110322,-0.015001144891727448,-0.009439845752225244,-3.113170224446735,0.021189577285831283,0.7370266979002327,0.5997059322483533,0.4739519346397225,-0.11106228958823335,0.0,0.0,0.0
1748023125.649498,38.83135546471726,42.471281790010934,15.39907256064681,0.9325594629970966,0.3605335110126198,-0.016748077990739584,-0.008242408331073734,-3.1141308584807583,0.025296526253194822,0.7381617196724174,0.6122374535161869,0.49476145065294086,-0.09570434822849845,0.0,0.0,0.0
1748023125.7493052,38.875642935714176,42.527722027254924,15.387890137749732,0.9326854164044314,0.36013655732026595,-0.018520180356175406,-0.007521770242045558,-3.114207132348588,0.02913339638496086,0.7373818073786629,0.6232646800654496,0.5274847268657812,-0.07942711188619828,0.0,0.0,0.0
1748023125.868859,38.94256402378846,42.59698997635056,15.383437482538605,0.9326035237325969,0.36033270495204484,-0.018478374369158293,-0.008340200486771735,-3.1127040130756343,0.028459341639668383,0.7378190152202345,0.6454380992980538,0.5502260860658055,-0.057256599192886996,0.0,0.0,0.0
1748023125.9263635,39.0124989276132,42.66276646539561,15.376850553098535,0.9326531050868244,0.36021823179482626,-0.018736159824903946,-0.007068760112585842,-3.1148939662957993,0.029860520066289847,0.7375572057372728,0.6606219358112739,0.5769021027230897,-0.04211880202016118,0.0,0.0,0.0
1748023126.0208893,39.07274177981697,42.73459569709209,15.373642574471972,0.9325939882494132,0.3604742398938496,-0.017019305205960972,-0.006092512151102663,-3.117947882408862,0.02735522762891072,0.7380022861456299,0.6759055608225502,0.6065352286711885,-0.014026192781134952,0.0,0.0,0.0
1748023126.1241999,39.14686793976286,42.78586773056022,15.37852736669957,0.9327563235071327,0.36007536344406466,-0.016665819663645935,-0.005798625097481715,-3.118763090472378,0.026917663738586933,0.7371248482534211,0.6854962280934788,0.6322359938225024,0.005081816061360412,0.0,0.0,0.0
1748023126.2250185,39.20512183193178,42.85490014535007,15.373580120949153,0.9327740029338742,0.3600874265251798,-0.015032043706539438,-0.006613801569062119,-3.1184202361880575,0.02328200887374459,0.7370971063916733,0.6982517668729927,0.6424404934733995,-0.00011994429042984708,0.0,0.0,0.0
1748023126.3246295,39.26624273431141,42.94481892493927,15.368884001171939,0.932837564751466,0.3599760487289665,-0.013594977263344642,-0.006818997231600286,-3.119076274761436,0.020455886181765207,0.7368040261398717,0.6897484305857698,0.6785244923464212,0.010670425238310377,0.0,0.0,0.0
1748023126.4879959,39.327986921599596,43.01764384416593,15.367810184091043,0.9327203170873024,0.3602955375792428,-0.011991334463790708,-0.008726029499380124,-3.116668111726216,0.016081916784736087,0.7374547727240126,0.6931919235041876,0.6898900909218454,0.011667164767326403,0.0,0.0,0.0
1748023126.5531719,39.3711647300439,43.060904253469616,15.379746503158907,0.9328654946526642,0.3598663113118417,-0.01117927835195681,-0.011542556249738307,-3.1120046105705264,0.01255030124176868,0.7365344999397389,0.6788115834884324,0.6978751150089934,0.0232547002927784,0.0,0.0,0.0
1748023126.5984042,39.45683373850633,43.14751077891834,15.37709571020577,0.9329931948001439,0.3595282392676484,-0.010185331143591929,-0.012625476435401519,-3.1107034242879097,0.009927421725268002,0.7357793032879809,0.6862953427768679,0.7024820312835552,0.009914180281096429,0.0,0.0,0.0
1748023126.749672,39.53410147484895,43.228875391932604,15.37354226230229,0.932929262769358,0.35961409575494,-0.01004375303086339,-0.014826187238606604,-3.106697115800776,0.008076898203950422,0.7359731415374747,0.6941391063748447,0.7047854822073575,0.002631438830288828,0.0,0.0,0.0
1748023126.8557725,39.532553734376314,43.2255918466926,15.390262451815346,0.9328126821779562,0.3599099223893133,-0.008314382798245833,-0.016006835176576206,-3.1057370705685017,0.003989496408021736,0.7365397573897335,0.6643533613309348,0.6765669472429156,0.009837102183953783,0.0,0.0,0.0
1748023126.9375825,39.60002748409125,43.28902327955142,15.394147586821767,0.9328928791728283,0.3597354078174397,-0.009184065524383455,-0.014729741732133806,-3.107495108705718,0.006537925937601589,0.7361962752390788,0.6701192136551426,0.6612900308848968,0.0032429720756928762,0.0,0.0,0.0
1748023127.0315921,39.67942829554883,43.37899702382502,15.389841179865599,0.9327544245579481,0.3601681422644395,-0.00920628818874399,-0.012780337364072166,-3.111113511380507,0.007968355676199152,0.7371134978762174,0.6664292515666691,0.672342728981112,0.00433562568029424,0.0,0.0,0.0
1748023127.135205,39.749859931448306,43.47323676164629,15.387545793017155,0.9326680502008649,0.36037565544871103,-0.010557037216223171,-0.012175551718272603,-3.111265703558792,0.010917094624835377,0.7376070593150441,0.6623918047521119,0.6802101142077848,0.013593434142869596,0.0,0.0,0.0
1748023127.2655175,39.84197676665815,43.54144305208202,15.389220807421715,0.9327806461488072,0.360091284602386,-0.011515883861877742,-0.011041618653841455,-3.112693630524941,0.013532018872375177,0.7370252933624033,0.6703588112857772,0.6878184421845009,0.015081825159578843,0.0,0.0,0.0
1748023127.3460596,39.88873202437108,43.58828087490281,15.400176358335859,0.9329025243290253,0.3597167867983721,-0.013192206419831468,-0.011076059126036139,-3.1114272169821047,0.01664636532073617,0.7362942029984395,0.6661263309936031,0.6922500827655053,0.027227177027334497,0.0,0.0,0.0
1748023127.4511642,39.949102126829374,43.662177639374335,15.405310245869968,0.9327055483480197,0.3601462812297122,-0.014837818916942011,-0.011612722635849991,-3.109230897436114,0.01931527531488937,0.73729905229087,0.6686933161524615,0.7006578789317706,0.028287741849032474,0.0,0.0,0.0
1748023127.5178208,40.01654710178095,43.741614013305025,15.407821376253798,0.932627177865741,0.3602947305928043,-0.016120484214347842,-0.01159242002074166,-3.1083396227472,0.0217171347501181,0.7376810986276285,0.6802717108811487,0.7075693970932043,0.02405312782682441,0.0,0.0,0.0
1748023127.6450932,40.09057128486692,43.803259136072505,15.415266247654856,0.932743480389996,0.359945495875254,-0.016426033294395525,-0.012610520183014205,-3.1062273457023597,0.02156602271035799,0.7369658492617088,0.6977022582665764,0.7188087401151728,0.027707620815172036,0.0,0.0,0.0
1748023127.7432058,40.16322454632576,43.87636410917617,15.415120464046623,0.9327684866223017,0.35988022141516984,-0.015260534797177835,-0.014010448822703258,-3.104456904044695,0.018385960905173478,0.7367860568859156,0.7097723526061281,0.7232966590118308,0.01697284118258887,0.0,0.0,0.0
1748023127.8548076,40.23631407813955,43.97979082432589,15.406344814591856,0.9326358109307973,0.36030976168371676,-0.013847614181669732,-0.013250033447241424,-3.1068873153759093,0.016282048375675758,0.737624366709335,0.7268225901620502,0.7342385096836802,0.01790332900021222,0.0,0.0,0.0
1748023127.9706895,40.42885831613041,44.15135480370886,15.411316856753778,0.932819701642498,0.3597102217572761,-0.014762431164453487,-0.015428260337683198,-3.1021731529425156,0.01644270827958961,0.7364145908249975,0.7539046428037113,0.7551552325613442,0.02006235607440925,0.0,0.0,0.0
1748023128.0405295,40.52464122120658,44.23486202490347,15.410970721965901,0.9329157243467315,0.35958443403936496,-0.014645275823164234,-0.012361308962493087,-3.1079840706805237,0.018436792104666585,0.7360964347411866,0.7735841432223721,0.7494945472500664,0.004378756456340507,0.0,0.0,0.0
1748023128.1416488,40.588732664499965,44.29616731485629,15.418039095890677,0.9326559913364163,0.3602043942349848,-0.014488415821993755,-0.013988638427784316,-3.1050485157001115,0.01694868901020422,0.7374403616919318,0.7778942965384088,0.76391306172415,0.020374424638748848,0.0,0.0,0.0
1748023128.245679,40.65684467491903,44.364271750379025,15.423376123348678,0.9329413372915144,0.35966339540573256,-0.011221180264467404,-0.011695652671523893,-3.1116914419139836,0.012524736995859683,0.7361027975658269,0.784965747485546,0.7534834193057102,0.02481448834133964,0.0,0.0,0.0
1748023128.4001575,40.71629183613025,44.42793071973493,15.426810271823449,0.9328799985311559,0.35987502510852315,-0.009268746866219854,-0.011788340645753287,-3.1129222183410707,0.008808712270030982,0.7364809188959288,0.7662776975452246,0.7637887539430465,0.03239555298559377,0.0,0.0,0.0
1748023128.4641588,40.64174038744162,44.35909720508919,15.444201322850192,0.9327657348864855,0.3602195781214056,-0.007735247032870784,-0.011406371598883004,-3.1147371873580356,0.006212790003384734,0.7371633085194592,0.7278339936558264,0.7299231653657371,0.025352365291907722,0.0,0.0,0.0
1748023128.5525777,40.71461015288436,44.436920685467285,15.44314273819167,0.9328564415854562,0.35998649311361525,-0.008410450630135,-0.010855804368139217,-3.1152796900286597,0.007875681621480717,0.7366832315647787,0.7181002342402504,0.733629345713899,0.005805657993558757,0.0,0.0,0.0
1748023128.6289575,40.791688811387885,44.50976792187668,15.441229575995,0.9328385630049505,0.3600185029935434,-0.009437411195815875,-0.01047989232139362,-3.11524088950348,0.010061421662412374,0.7367847930911179,0.7189029334313823,0.7354728261663477,-0.007658369660505083,0.0,0.0,0.0
1748023128.7362301,40.85648091757198,44.569020333815956,15.442663359949925,0.9327242238950836,0.3603217630664878,-0.009825417949562133,-0.009859532549181416,-3.116115219356661,0.011223838012122329,0.7374434437748634,0.7093396026016394,0.7446063730830382,-0.02485489382811623,0.0,0.0,0.0
1748023128.8598104,40.934632297665736,44.654466536322595,15.435084058228455,0.9328387697969768,0.3599882958715967,-0.010402450985943022,-0.010585150571050025,-3.1143493926758152,0.01178683145096694,0.736756266368851,0.7130996566364044,0.758958437831779,-0.04857880734057827,0.0,0.0,0.0
1748023128.950978,41.014888024287295,44.75950292385041,15.420245640564358,0.9328728613853937,0.3599105864649914,-0.009877614974577113,-0.010725062399260049,-3.1144674164078485,0.010709195593525091,0.7365713912084585,0.7130258116638558,0.7684703899565644,-0.06915447189985278,0.0,0.0,0.0
1748023129.0627303,41.097614794677426,44.84434135841608,15.408302903602602,0.9327338801124115,0.36026220458931063,-0.010872040506403528,-0.010022553074054554,-3.1150569565224693,0.01306031820448344,0.7373556658886319,0.7189378234816814,0.7751649412442021,-0.08224968626883589,0.0,0.0,0.0
1748023129.1490428,41.276834425246335,45.017727697206674,15.397287333033365,0.9328518400511047,0.35994626511692596,-0.011639539865555529,-0.009521126685540513,-3.1154439673344734,0.014862291525078128,0.7367021823465326,0.739784989660267,0.7962638437651712,-0.09037139635855398,0.0,0.0,0.0
1748023129.250734,41.33156957312829,45.07518355844679,15.38951134137645,0.9328862100692741,0.3598740708688665,-0.011667881090853365,-0.008822285968268275,-3.1167288224428487,0.015420397934623287,0.7365401008731614,0.7319115326615153,0.8136528449868372,-0.0840415105361682,0.0,0.0,0.0
1748023129.3544192,41.40242769342711,45.13689950181738,15.382249470097515,0.9327334564060056,0.360262238346586,-0.011831883431830701,-0.008912096098534229,-3.1164365376511314,0.015651242664577972,0.7373796159161591,0.7384614302606749,0.8174172180899476,-0.08110886601123006,0.0,0.0,0.0
1748023129.4534287,41.47669360874583,45.210994151229514,15.372391383166192,0.9326997923966913,0.3603080994264275,-0.0124671514914218,-0.009681987635529608,-3.114540962973498,0.01627994120860339,0.7375127913400186,0.7419626756675922,0.8407787120343437,-0.08087587875526372,0.0,0.0,0.0
1748023129.5290205,41.560787289267594,45.30393491200175,15.361789418311737,0.9328392039910215,0.35994986077031804,-0.012063667481337687,-0.010078946161472278,-3.1140972888011333,0.0152516846913366,0.736733354359651,0.746106306641406,0.8416263489158899,-0.0828253415139285,0.0,0.0,0.0
1748023129.6217682,41.641520543974565,45.39344236352923,15.354058087253945,0.9326614647671471,0.36032657025334003,-0.013187834656497565,-0.011551446876366488,-3.1105325133811834,0.016275702465474835,0.7376074540447294,0.7530284452546782,0.8560968182186105,-0.07711464700537164,0.0,0.0,0.0
1748023129.7173061,41.724056081918626,45.494874310897025,15.340885671772774,0.9328381964323749,0.3598337980218873,-0.013275482103414112,-0.012501945962919953,-3.1087041158037723,0.015771161951437598,0.7365671627610525,0.7600503699476577,0.8481713119678042,-0.0784789417266539,0.0,0.0,0.0
1748023129.8428123,41.80590748223095,45.5903047158678,15.332840359281906,0.9328871703464318,0.3596205802063953,-0.014280200739233867,-0.013807301035695807,-3.10554759942405,0.016713631035419688,0.7361758523982889,0.76006229423134,0.8651884900760785,-0.060362766574180216,0.0,0.0,0.0
1748023129.909348,41.853686336913576,45.64554181774375,15.340905258598797,0.9330043919839928,0.3593768246046768,-0.013598225970003493,-0.012891498210382851,-3.1077523817441324,0.016109294467017223,0.7356078896105006,0.772408628485774,0.8623397595699418,-0.0325462130569919,0.0,0.0,0.0
1748023130.02721,41.91821183959951,45.723840073305176,15.33858417586445,0.932905085677824,0.3596928525479049,-0.012525944101374179,-0.012339111263459226,-3.1095503809671903,0.0144949612229741,0.7362288419519184,0.7683139075339199,0.8686237913620308,-0.02680820684488191,0.0,0.0,0.0
1748023130.1383398,41.99792276537195,45.81215885819952,15.336139789626664,0.9330404705848524,0.3594607478688333,-0.010286288137038234,-0.010846348175210482,-3.1139521418287264,0.011397620162280839,0.7356235234834512,0.7687681226488372,0.8855328106297411,-0.016226779960978332,0.0,0.0,0.0
1748023130.251655,42.07737781970838,45.897324489235935,15.335273559366486,0.9330332412757207,0.3595116359009857,-0.008092268429729068,-0.011613333629115033,-3.1140987815756818,0.006750505011193776,0.735658978401896,0.7679997598479562,0.887019725387612,-0.008320169433220016,0.0,0.0,0.0
1748023130.3581784,42.15359345617932,45.9836908068889,15.335966360930742,0.9329477712224624,0.3597361092241152,-0.007438051066307637,-0.011960906640821419,-3.113919463505918,0.005273110730629548,0.7361195730573649,0.7533158327423768,0.897822382498463,-0.0012613361198489637,0.0,0.0,0.0
1748023130.4647331,42.20348669881975,46.07899183359716,15.343856104109593,0.9330558892451895,0.3594344108650609,-0.0060317888980182905,-0.013312751542990007,-3.1124093224512297,0.001685871090850507,0.7354303501884352,0.727543503501567,0.8982739649631486,0.008942599904249605,0.0,0.0,0.0
1748023130.5347037,42.28297084174235,46.18519006845731,15.340267488165718,0.9331283358379907,0.3591817880669115,-0.0059556328355559315,-0.014982737226767415,-3.1093471208620724,0.0003516868261644528,0.7348877934581434,0.7234739400645871,0.9028508333203719,0.0256560360131474,0.0,0.0,0.0
1748023130.6601036,42.3623196293584,46.25284661674008,15.346438213143783,0.9331040341952622,0.359307880874762,-0.0057529802624064555,-0.013476324718376145,-3.1123046422022047,0.001051959023933968,0.7351503677647215,0.7176379584564111,0.8761028784567864,0.034097036991095314,0.0,0.0,0.0
1748023130.7615948,42.42093902604471,46.35986220680249,15.350375113032404,0.9330448935951512,0.35943959478318266,-0.006323274842651103,-0.013799291046234567,-3.111291576640508,0.0018797765486113828,0.7354518126880073,0.6977398702815938,0.88262802668448,0.05135092607731229,0.0,0.0,0.0
1748023130.8375711,42.47680145544595,46.446247475819895,15.354953497095563,0.9332293888979295,0.35895487789066244,-0.007316707039824043,-0.013445041234242098,-3.1112403995598195,0.0040040165089181914,0.7344467049172243,0.6748810554907795,0.879815547237832,0.06067508571671548,0.0,0.0,0.0
1748023130.9331908,42.553226059387214,46.54279760516214,15.36001903410768,0.933079158517204,0.3593264845366304,-0.010287789403046348,-0.011913137310193491,-3.1119614908559052,0.010637432871390972,0.7353451810610593,0.6730496184867462,0.8851938889924881,0.0654322032982889,0.0,0.0,0.0
1748023131.0163753,42.61899841476971,46.62256549111051,15.364564919796779,0.9329694441601931,0.35947944825287964,-0.013647467487924076,-0.012501567037438741,-3.1084429547399717,0.01647797315394889,0.7358251280253663,0.6724519415154591,0.8901708792152354,0.06480082697236642,0.0,0.0,0.0
1748023131.1015906,42.694939852508654,46.70801243061206,15.369551859554777,0.9331305247769314,0.35894909979960965,-0.01669014868646897,-0.012016922210053392,-3.107168584154291,0.022523151841038966,0.7348338693882237,0.6918877698974173,0.902807686859523,0.06010617552724382,0.0,0.0,0.0
1748023131.1930661,42.75885014056763,46.782570648402924,15.381170309166073,0.9328678870157207,0.35961395181467615,-0.016975568782251784,-0.012130173105757477,-3.106735417514877,0.02294958146185515,0.7362761313531827,0.708080741359317,0.9082138536477103,0.05946290810223949,0.0,0.0,0.0
1748023131.2688198,42.82353572298846,46.87700070957267,15.387118600759997,0.9327768718952747,0.3597069186691943,-0.018551028198688806,-0.013931951462434264,-3.102233928488433,0.024587578768622772,0.7365990770843099,0.7180055900478455,0.9149401946774012,0.044761467800722037,0.0,0.0,0.0
1748023131.3606622,42.90514217687569,47.003067636928,15.378184505027672,0.9331094992535481,0.358894467391729,-0.018085443725464126,-0.01320380262094589,-3.1039499568199385,0.024276239664487283,0.7348162290869252,0.7423536783655605,0.9324902426070044,0.024712441873243392,0.0,0.0,0.0
1748023131.4502954,42.98530291375885,47.119765079971835,15.369715376667015,0.93279748148655,0.35974515201224544,-0.016513629897542712,-0.014127425938332732,-3.103337722485248,0.020644665209513562,0.7365665927634729,0.7640195132133973,0.9359556653769904,0.03182944516775421,0.0,0.0,0.0
1748023131.58723,43.0623040792066,47.20596221578834,15.37787268814525,0.9328968589953082,0.35959219210414767,-0.013968862489334249,-0.014204813802941415,-3.105030477773497,0.01584779897375128,0.7361043862534573,0.7602494984037884,0.9510861416567953,0.059733740585614384,0.0,0.0,0.0
1748023131.6882284,43.16096796816994,47.266954449589576,15.389643271107301,0.9331328711077355,0.35900204822512616,-0.012511361416506751,-0.014967967928358293,-3.10466391415553,0.01260279652739392,0.7347760478639045,0.7818702052835838,0.9329240149208238,0.06559591178179076,0.0,0.0,0.0
1748023131.746861,43.27803534957158,47.42803102099714,15.393844187362548,0.9330743070220139,0.359145853341825,-0.012978815270377234,-0.014769697252772858,-3.1046958396509234,0.013611867419082366,0.7351050122182706,0.7858577273599563,0.9405950566804291,0.07557074021138596,0.0,0.0,0.0
1748023131.8371322,43.31872129081701,47.49331184047611,15.398959888923324,0.9330566340438312,0.35923637375583034,-0.012869601639592304,-0.013744773231874846,-3.1066863141732752,0.01414136070913693,0.7352823895502685,0.7929372707461912,0.9386508914953748,0.07758121361015734,0.0,0.0,0.0
1748023131.939267,43.39540935859729,47.583727366458454,15.407371203467505,0.9330145758302625,0.35931652000282777,-0.012702194689877567,-0.01463195104534882,-3.1051495550412587,0.013188044404493279,0.7354557307860946,0.7908464882579505,0.9414447566138204,0.0735413325981298,0.0,0.0,0.0
1748023132.056261,43.473762979710656,47.67854466719339,15.413377174883818,0.9331008005445883,0.3591189103614382,-0.011252462918342058,-0.015162002576609572,-3.1052054675514773,0.010109612832710493,0.7349684791792166,0.8017223906961981,0.9318164740273887,0.05477412397448432,0.0,0.0,0.0
1748023132.201485,43.547387611513166,47.787535890868114,15.418282049751415,0.9330001728926282,0.3593629815725415,-0.010910302441787508,-0.015807914418038443,-3.104243367937392,0.008997190999357163,0.7354805193033372,0.7867935235866644,0.9322067805744211,0.062126117943855044,0.0,0.0,0.0
1748023132.2862902,43.553439321400376,47.80818534987075,15.430254977526001,0.9329413690668724,0.3595804780008873,-0.010380865356502731,-0.014646479397225274,-3.106790143881753,0.008836416344321902,0.735914527735754,0.7785385861955644,0.9054059489452443,0.05363100478249527,0.0,0.0,0.0
1748023132.3810863,43.64188786679435,47.91358034145996,15.435109219944845,0.9329541209260638,0.35951668462758457,-0.010192043312998375,-0.015507545730116161,-3.105319500900942,0.007867055913009836,0.7357751999828328,0.77738438467372,0.8952542678430037,0.07638872204262454,0.0,0.0,0.0
1748023132.487143,43.715365460561536,48.006293473018154,15.445828985533911,0.9331919153265714,0.3590687644665828,-0.007783069040660149,-0.012723811923925969,-3.1122511868866485,0.005388773437305537,0.7347045197754004,0.7725163210816886,0.8809182410483691,0.10151547858467597,0.0,0.0,0.0
1748023132.593489,43.786834823734964,48.098206128595095,15.460252056480838,0.9331831343651598,0.35908424350255275,-0.007667562575304789,-0.01299816482312583,-3.1118219495265578,0.004975628319205024,0.7347347299411765,0.7632782479793768,0.8812811021393812,0.1372106435310586,0.0,0.0,0.0
1748023132.726474,43.86404081855531,48.18131465101904,15.474997596913491,0.9331196980571868,0.3592861887974273,-0.008096043654289637,-0.01164120759337491,-3.1140456698261185,0.006744156526540226,0.7351761095941093,0.7614689260373493,0.8862123381711393,0.16314263048081806,0.0,0.0,0.0
1748023132.8167105,43.95763994969558,48.29491511547395,15.491891867474285,0.933145571361045,0.359227050493799,-0.007112434620489847,-0.012028387945348603,-3.114030436645347,0.004632045651863963,0.7350180680277268,0.7587391756850858,0.8958457357873862,0.18895743429504855,0.0,0.0,0.0
1748023132.9196146,44.035359456358954,48.384925221110215,15.510969752747918,0.9331992046595692,0.3590351279028826,-0.00719008108616855,-0.013465663313875791,-3.1112925283905417,0.003750272392683225,0.7346142489534752,0.7384243017291917,0.8987344677987621,0.20264590346047515,0.0,0.0,0.0
1748023133.0248668,44.1182617057713,48.48478688123825,15.530791222696262,0.9328660758120397,0.35984484062439637,-0.00858290950795597,-0.014103508053913054,-3.1090959759681174,0.005863294602547389,0.7364036044335018,0.7480075012134662,0.8969726437936264,0.2074104086708297,0.0,0.0,0.0
1748023133.1282454,44.195375586762886,48.570074110919975,15.551318096323278,0.9329567882298786,0.3594997850518334,-0.009925333791649298,-0.015906715330312706,-3.1047665400956426,0.007082952811518202,0.735729473657419,0.7407406692487118,0.8874346689906156,0.1981382256384852,0.0,0.0,0.0
1748023133.1994784,44.2759019810063,48.672932965368176,15.570080953250615,0.9329737239808616,0.3594536328756584,-0.01090748298829462,-0.015301731556745043,-3.1051893264195756,0.009352400388724544,0.735670961433647,0.7530167542673705,0.8787008198726441,0.20088728601704076,0.0,0.0,0.0
1748023133.330586,44.36252406954972,48.770294534542494,15.587499023394482,0.9328011182992542,0.359915765586602,-0.011147532058337682,-0.014779983453287427,-3.105985377887236,0.010157937308702266,0.7366683272239523,0.7651586126302766,0.8862386308123261,0.20225686597920153,0.0,0.0,0.0
1748023133.4184875,44.446893787331426,48.86052907305619,15.601824990361072,0.9328320107130901,0.3597670172073074,-0.01240734809110266,-0.015433432284381434,-3.103859856147202,0.012043354269122482,0.736414849936242,0.7729798728947732,0.8867151495149169,0.18415419311294556,0.0,0.0,0.0
1748023133.5683095,44.529525257100865,48.957246389069695,15.618429870862421,0.9329924755679698,0.3593719604259074,-0.013042413868811647,-0.014378109530319167,-3.105377696424538,0.014003226832579567,0.7355883694202765,0.7835566164510558,0.8762498029096742,0.16706149581928606,0.0,0.0,0.0
1748023133.617045,44.589877803421174,49.00570587684725,15.638933546556771,0.9328972345300114,0.35963183746020905,-0.01391955918884506,-0.013188523921916962,-3.106962118905095,0.01648575710365821,0.7361738513575495,0.7863946844644447,0.8678882982059889,0.15589049108528474,0.0,0.0,0.0
1748023133.7287776,44.66396314859977,49.07293821829417,15.658366916375925,0.9329560267489466,0.35954547645259805,-0.012931356838775684,-0.012364567343879192,-3.1092132204905005,0.015238115788656689,0.7359315991974392,0.7969590810548701,0.8659895959364541,0.16065254782615848,0.0,0.0,0.0
1748023133.8232896,44.738629350559336,49.13469792536659,15.677729417845008,0.9329604278822982,0.3595440187182156,-0.013304227312234029,-0.01165916571882431,-3.1102613026132917,0.016441409346958133,0.7359365780670925,0.8041593809369442,0.8656956578004885,0.1570574640395746,0.0,0.0,0.0
1748023133.9391415,44.822237409729865,49.22461178957448,15.69186958014987,0.93295050627333,0.3596044912799968,-0.011950862341193734,-0.012047389131847634,-3.1105103571142827,0.013634958143204408,0.7360109162412312,0.8104618589239967,0.883885959152186,0.1558275107951564,0.0,0.0,0.0
1748023134.0301085,44.911514598777515,49.31310441721946,15.707815559583798,0.9329069968093004,0.3597323420162894,-0.01132602522816274,-0.0122023999384699,-3.1106692825270774,0.012353374743793862,0.7362599401270012,0.8234944199824706,0.8767578661943306,0.15193708996107802,0.0,0.0,0.0
1748023134.1491942,44.999604875184694,49.39451338178145,15.72213045408424,0.9329571449444567,0.35959137200783503,-0.010816864608891622,-0.012961724987206939,-3.1096205509181654,0.010861706872134478,0.7359433830559886,0.8223632121699345,0.8834660103142385,0.1505287531441357,0.0,0.0,0.0
1748023134.230662,45.08162187368667,49.53036804186612,15.739289733707936,0.9330809813628582,0.3593256134529861,-0.009168753847752,-0.012685412426888072,-3.1113248948950867,0.007994077615563696,0.7353056232813824,0.8288246108348212,0.8999575149246608,0.12326708346279469,0.0,0.0,0.0
1748023134.3123171,45.16655231567791,49.63122478049842,15.7487094069964,0.9328591323907315,0.35978476852859226,-0.009640970458264782,-0.015356143352476705,-3.1059966947463726,0.00693757736185331,0.7363247018345711,0.8237393167259427,0.8952741350957221,0.10154257578269872,0.0,0.0,0.0
1748023134.4388025,45.25486695487897,49.73152101713855,15.758026819538028,0.9331921837527152,0.35901325756547753,-0.007988804861085053,-0.014071534100958941,-3.1095877554143607,0.004806464421271683,0.7345985634814278,0.8306034851068747,0.8875650300816799,0.09158144895718665,0.0,0.0,0.0
1748023134.5185318,45.343510096279495,49.838993793176115,15.767357256114998,0.9331915243742828,0.35902780092179626,-0.00780411461519902,-0.013846039012448448,-3.1101413318525974,0.004623257822027904,0.7346219755225151,0.8259726198149983,0.893236520112397,0.09511646329951862,0.0,0.0,0.0
1748023134.6385324,45.43070191780383,49.92595093994301,15.775677261733858,0.9330641703165944,0.3594002202826276,-0.005685150205991031,-0.013799086902379245,-3.111750861878167,0.0006904302301820093,0.7353462796969635,0.8337748003421099,0.8846196752604635,0.09588100794688077,0.0,0.0,0.0
1748023134.7115154,45.51979393060809,50.01603330121168,15.781231650123729,0.9332386195824779,0.35893753636884446,-0.004087238939866993,-0.014588296100101848,-3.111425106429353,-0.002843839504909793,0.7343040325143809,0.8211259323300937,0.8867998309558465,0.10039586891323428,0.0,0.0,0.0
1748023134.8760383,45.60276971838971,50.097762807541024,15.791629288110478,0.9332353680353207,0.35895936298210207,-0.0023298039507412584,-0.014645667926527974,-3.1125797115665907,-0.006165927433844107,0.7343005619855129,0.8212955206727294,0.8644148811204215,0.12038306538446936,0.0,0.0,0.0
1748023134.92588,45.738703806904276,50.25103273296937,15.808046521187686,0.9333054114063998,0.35878788541861967,-0.0009625753547122663,-0.014537391961868245,-3.1137616495335196,-0.008635033977896571,0.7338994217053629,0.8190147509965928,0.8752498903755142,0.167852358580563,0.0,0.0,0.0
1748023135.0063875,45.82605037152473,50.356354356599546,15.822988676807883,0.9334518000394542,0.35842513295862516,-0.0020149028099275437,-0.013967864309246174,-3.1140676005653494,-0.006251278649719701,0.7331512283837935,0.7901161394222402,0.8658671140712466,0.19408513964791688,0.0,0.0,0.0
1748023135.118395,45.910765072732254,50.45132579157218,15.842933968104719,0.9333830517757487,0.3586147706299957,-0.003777985896307445,-0.01331359329231547,-3.114026028677907,-0.0024962889912333256,0.7336062544220981,0.789519804552452,0.8624822186246391,0.2052988046362236,0.0,0.0,0.0
1748023135.217566,45.98799092339725,50.51568921250449,15.859351799306594,0.9333724991395225,0.35859694322367036,-0.005972157993050632,-0.013723829261097482,-3.111686085375553,0.0013058499888854009,0.7336344756759331,0.7743853416690568,0.8552555142702414,0.19710168307103132,0.0,0.0,0.0
1748023135.3037941,46.066464757493314,50.592490452509715,15.876952075698258,0.9334421284351245,0.35840575565360916,-0.00644548251916262,-0.013768185500095726,-3.111264128533881,0.0021637776751189286,0.7332408333443524,0.7737039793062,0.8594873698012325,0.1886162809051628,0.0,0.0,0.0
1748023135.404569,46.1558691694689,50.68608189668917,15.891198562399452,0.9332573291813787,0.35882530544009233,-0.008474945686219803,-0.014259488093187027,-3.1088887206540767,0.005585309050780824,0.7342153069006531,0.769337016514363,0.8570005515092278,0.17150501545058225,0.0,0.0,0.0
1748023135.5044296,46.2410903681297,50.79490614794305,15.90078154750631,0.9332599114300831,0.3586963576902365,-0.011186465757889223,-0.01541829047329856,-3.1047789307811904,0.009818948591926795,0.734062112213789,0.7703488863584935,0.8516505925764688,0.12996346619041002,0.0,0.0,0.0
1748023135.5993855,46.33424685924358,50.8802316901818,15.91151483052572,0.9334231121889083,0.3581615591427229,-0.014814215420920008,-0.014904033195383207,-3.103142334992722,0.016980574609923516,0.7330921166776767,0.7858289706657313,0.8584515295622512,0.0909087103453591,0.0,0.0,0.0
1748023135.6655262,46.41053309299072,50.971144568958714,15.9171651035247,0.933265531042699,0.35850208490991875,-0.016545594982490273,-0.0147630271118802,-3.1021553995908038,0.020299109002655847,0.7339148883126149,0.8054310418301689,0.8557869858333407,0.04428396897068593,0.0,0.0,0.0
1748023135.78384,46.495783223847404,51.07344077316995,15.920317785463032,0.9332628645192839,0.35852724682636367,-0.016777424401566477,-0.01404126143971507,-3.1033359848798314,0.02124874366473909,0.7339699712020114,0.82020743806188,0.8645747087510941,0.02108115398155606,0.0,0.0,0.0
1748023135.896171,46.58712956163368,51.152045744921296,15.919051840317483,0.9334811397249285,0.35805123021829754,-0.015544382831317793,-0.013063325740623136,-3.106058197867911,0.019667364581110562,0.7328674576129035,0.8350346075490339,0.8753783144964656,-0.00024145825134406893,0.0,0.0,0.0
1748023136.0188334,46.63827565161209,51.18415311334639,15.908228658766712,0.9333486576234699,0.35842862729836716,-0.013394199574457515,-0.014484400686067968,-3.1049408108265,0.014620189513769997,0.7335857156384226,0.8524526202568147,0.8728252256676005,-0.011394687501729887,0.0,0.0,0.0
1748023136.190596,46.71162133938846,51.27902664541652,15.900793030182077,0.9334534072338898,0.3582652005884203,-0.010450778091013514,-0.014197316932198955,-3.107591252425201,0.00933795534453558,0.7330962288372456,0.8362841633270801,0.8649611267828624,-0.01884714498475691,0.0,0.0,0.0
1748023136.2522268,46.677613154974026,51.23727244676608,15.888651876498356,0.9334243340862494,0.35843304203868664,-0.008659593161132222,-0.013029902410180698,-3.1110545714712154,0.006825507840244928,0.7333759570636259,0.8249792552544473,0.8436161537380205,-0.010240731365080106,0.0,0.0,0.0
1748023136.3809066,46.78557475707904,51.343021908001255,15.886713300614145,0.9333066524758606,0.35888336013606725,-0.004260616227637632,-0.011102855988883931,-3.1178075437380754,-1.633759099415802e-05,0.7341967516805836,0.8262602108101716,0.8569561655927115,0.011603798522960626,0.0,0.0,0.0
1748023136.5055182,46.885140635841076,51.4738336639296,15.889055740030432,0.9331895259394929,0.3591983092832534,-0.0005839436253376729,-0.011556050134846405,-3.1196028365753934,-0.00721202971121896,0.73478969716146,0.8076225141007669,0.8706281837929667,0.04323317180099558,0.0,0.0,0.0
1748023136.5910783,47.00872545298647,51.62316035251676,15.897115557892818,0.933281834763828,0.358957203758984,0.00037167108588784557,-0.011601923547339781,-3.1202012505170726,-0.009023058251244727,0.7342561060253278,0.7835446741129847,0.8873105914433075,0.06424591373817494,0.0,0.0,0.0
1748023136.7055182,47.10200689574773,51.70639866354552,15.90639109722764,0.9332405900163058,0.3590703349759393,-0.0005400504153028619,-0.011410698130844542,-3.1199047079272493,-0.007186554323850518,0.7345154928626859,0.7724434755845151,0.8718764768607771,0.07918247280810266,0.0,0.0,0.0
1748023136.8101141,47.186514958374275,51.81248603535077,15.918432795813175,0.9332154413944552,0.3590649263656304,-0.004941134457454963,-0.0125261241918682,-3.1146618764881664,0.00022690222815357296,0.7346044489848903,0.7507357236178033,0.8747387629252505,0.09015012842317797,0.0,0.0,0.0
1748023136.9058385,47.26680626830418,51.87993002115333,15.929911523274459,0.9331670880786651,0.3591433510248821,-0.0084389534319483,-0.01200096689340882,-3.113128684107634,0.007129832676546575,0.7348840065056411,0.7562250680043375,0.8779686206220635,0.0978253441950416,0.0,0.0,0.0
1748023136.9814045,47.33005422082094,51.942279649304595,15.946546300663334,0.9333009712577656,0.3587166980301188,-0.010657227058007403,-0.012571838175621314,-3.110473323576193,0.010873558441196432,0.7340590708968854,0.7569155434587201,0.8800790270581265,0.09218834975051377,0.0,0.0,0.0
1748023137.0805883,47.41205750253063,52.05155517727777,15.956176588623117,0.933229741102877,0.3588773185094838,-0.01092075883437429,-0.013040613750167554,-3.1094069392472643,0.011023416142215461,0.7344182978651028,0.7657689998661434,0.8887317100971838,0.0755287199022011,0.0,0.0,0.0
1748023137.163533,47.49914652639724,52.141253351666194,15.960832249378994,0.9331882768348114,0.3589249474923576,-0.011089191251033725,-0.014475906986502383,-3.1066057906900824,0.01030526063940972,0.7345398724912966,0.7752315812302513,0.8906745066516925,0.04906951565154057,0.0,0.0,0.0
1748023137.2720175,47.58117300533872,52.23568191813462,15.960518127176144,0.9333662836015796,0.3584461525464424,-0.01012163362136647,-0.015533476534990848,-3.105330648130536,0.00775863115501545,0.7334785266946172,0.7830602666689717,0.8864181084486207,0.018979018343405013,0.0,0.0,0.0
1748023137.3565788,47.696912315318215,52.38695315713566,15.970759844422789,0.93339088607641,0.3584725836563074,-0.008465848545536113,-0.014394094784669234,-3.108646015091376,0.005484142546877152,0.7334599016009435,0.7944151101612092,0.8943565731718617,-0.009807702381769468,0.0,0.0,0.0
1748023137.442724,47.79350856524809,52.496850073001646,15.970104742125782,0.9332377928590863,0.35887046949965373,-0.008029442963961077,-0.014653878199570787,-3.108472102020452,0.004469085836833103,0.7342963308121848,0.7902895326456701,0.888090029833057,-0.027727059886009223,0.0,0.0,0.0
1748023137.5580957,47.88207941531905,52.61000317607061,15.964833980357774,0.9335948312850763,0.35796750452207504,-0.01006389053636666,-0.012596619042429983,-3.1108609806803487,0.009772987377690018,0.7324303507151074,0.7820736036114804,0.9019253494872828,-0.03299375046581242,0.0,0.0,0.0
1748023137.652278,47.966487352852546,52.7070994251163,15.96015491630383,0.933326255263228,0.35869004569489676,-0.00930844558880852,-0.012526180440702242,-3.1115273466896514,0.008389699278821957,0.7339480899482012,0.8009963713333639,0.897853700460148,-0.03343832631117953,0.0,0.0,0.0
1748023137.7605536,48.04722383076569,52.77166271098575,15.954666943824165,0.9334186430357695,0.3585056772584555,-0.006256380146404668,-0.01281303688367977,-3.113182993283967,0.002492553382668007,0.7334468482822406,0.7994792415633587,0.9117992133557246,-0.02308804624556526,0.0,0.0,0.0
1748023137.8900874,48.12130639910742,52.83635539630817,15.952672452076502,0.9336549751401517,0.3579082998673102,-0.0039020652253321767,-0.013221579675349818,-3.1141071775411446,-0.0021778627060550105,0.7320965959020835,0.7843164684570709,0.8881328550859706,-0.022446989382568738,0.0,0.0,0.0
1748023137.9705813,48.1288676287641,52.86881456126419,15.95240218357881,0.9334788171770272,0.3583676624099262,-0.004362209337466182,-0.013072396502547986,-3.114056993427379,-0.001225388634863874,0.7330937116120699,0.7331875814323612,0.8656107632017371,-0.026633690437178753,0.0,0.0,0.0
1748023138.064046,48.19940859596599,52.94398286311055,15.946570590730799,0.9337045170705708,0.35776671250493464,-0.007556313094227943,-0.011906147901216902,-3.113948257855776,0.005591509686889883,0.7319039109281076,0.7233303543246709,0.8804066082177199,-0.022868089333899975,0.0,0.0,0.0
1748023138.1517606,48.27579407333141,53.0178735117581,15.94027462526112,0.9335919274732568,0.357994791876447,-0.009470075569048267,-0.012496384070010505,-3.111473428962197,0.008735202466658602,0.7324647701400795,0.7341995302572164,0.8720055502576042,-0.028598307388565395,0.0,0.0,0.0
1748023138.2712455,48.34601279410421,53.09594806960631,15.940394702348504,0.9334306436181841,0.35834661336424123,-0.011121365797839943,-0.013086384822110527,-3.1091838083894516,0.011383369748162018,0.7332902915536239,0.7363611018966196,0.8647764024201576,-0.03385328533388015,0.0,0.0,0.0
1748023138.3659327,48.41958357532611,53.19234738700267,15.944394140520904,0.9336254443840928,0.3578468362561476,-0.011549624305818568,-0.012481088032127783,-3.110013569707618,0.012633746598619504,0.7322323724510723,0.7366128791279171,0.843295379014451,-0.007694977143201118,0.0,0.0,0.0
1748023138.451278,48.483916857765564,53.278010189993154,15.95449651659095,0.9334767034036872,0.3581351665942042,-0.014022764923084092,-0.012798777872836255,-3.1076424071395965,0.017013284597209685,0.7329667570453121,0.7492149725055466,0.8378582212621155,0.002948717273261517,0.0,0.0,0.0
1748023138.5423393,48.555175554251264,53.36078688253798,15.960916548363056,0.9335591687433599,0.3579453173093775,-0.014606475185965874,-0.011361300723849577,-3.1099120210742464,0.01913973743429699,0.7325674812213666,0.7418227964634584,0.8532452361206198,-0.0035272203149625367,0.0,0.0,0.0
1748023138.635961,48.6666966585414,53.48719516386005,15.934283029682783,0.9334037890581058,0.3582267772275154,-0.016191076224246082,-0.01299198598597807,-3.105723424215361,0.020918994928005575,0.7332764953021593,0.7752991373178646,0.8348528999041366,-0.039485263891440615,0.0,0.0,0.0
1748023138.7359552,48.77867078818163,53.61675531702568,15.919355455899774,0.9334046625844976,0.3582218304310111,-0.01664218625076528,-0.012485740065014779,-3.1063450462322493,0.022124264027942223,0.7332813724220965,0.7923584102184227,0.8729993767122822,-0.03358219696182918,0.0,0.0,0.0
1748023138.8312747,48.865114516213524,53.722899696721875,15.907446976448558,0.9332813703552992,0.35853171362514147,-0.017259980181027278,-0.011957723734259369,-3.1068796393433193,0.023644592637694407,0.7339689665634292,0.8204250902790436,0.8842008733691851,-0.04684804332950904,0.0,0.0,0.0
1748023138.9176347,48.964227188452476,53.82900823383208,15.896215817676316,0.9332492309811073,0.3585575309509063,-0.018288540797718057,-0.012161379323577698,-3.1057592299847525,0.025417161612703753,0.7340852524264455,0.840725980103288,0.8971812748343869,-0.056860493231815704,0.0,0.0,0.0
1748023139.0471098,49.05031525045864,53.930146350114086,15.89088550187434,0.9334229944330714,0.3582095139961366,-0.017129965813302797,-0.01067809990049832,-3.1093709410233292,0.024331414716929033,0.7332473142850946,0.8571916962489233,0.930710749206982,-0.05382627300950851,0.0,0.0,0.0
1748023139.1334643,49.18809574457275,54.11365890378719,15.89808776885242,0.9333582738635712,0.35844664609252447,-0.01577673081977738,-0.010460845093765323,-3.1107426628012536,0.021953138119747903,0.733683172099789,0.8786373542752637,0.9558003340825386,-0.04552141532601153,0.0,0.0,0.0
1748023139.2195556,49.28945408908453,54.220787398193764,15.89024616171359,0.933453436075393,0.3582449735560609,-0.014192430259512017,-0.011126388640913946,-3.1106417373508664,0.018525059521901043,0.7331863808042968,0.8908745724783959,0.977113016253836,0.021738039629564703,0.0,0.0,0.0
1748023139.3301685,49.37452038777659,54.295726304838716,15.890457533067288,0.9337404081881306,0.35762124084214353,-0.011323312463788412,-0.010376936447531569,-3.114108961817641,0.013724473882578865,0.7317178322480653,0.89370111282757,0.9747421116874267,0.0837454387097434,0.0,0.0,0.0
1748023139.4854,49.45173417173266,54.386395325016764,15.906773108415607,0.9335776532673941,0.358038753067123,-0.011598907267180613,-0.010319010228333304,-3.1140134393225463,0.01426823426606986,0.7326223060332767,0.8847901364306215,0.9841371796780115,0.1416367640264863,0.0,0.0,0.0
1748023139.543494,49.61494111328708,54.585743398538796,15.938819378171669,0.9335592375807781,0.35802699240166996,-0.012458900968117161,-0.01134012460591656,-3.111490054933618,0.015142681463745747,0.7326447012444783,0.8869171861875284,1.012007152313557,0.17699046784947034,0.0,0.0,0.0
1748023139.6386197,49.71605172931914,54.74490025283751,15.948530299286281,0.9336023200535775,0.35788333691151636,-0.012826417419364463,-0.011904123984565008,-3.110175588823732,0.015429583110266768,0.7323600040416361,0.8944106162960604,1.0264273087700926,0.1971375674996091,0.0,0.0,0.0
1748023139.731953,49.80492167896003,54.83120862781157,15.964157513417742,0.9335422401617259,0.3579558085389177,-0.015162551637877499,-0.011688541179511923,-3.1089017907923515,0.019943124392318847,0.7326220045452423,0.893366690762261,1.0349591571647834,0.19647264777388415,0.0,0.0,0.0
1748023139.816732,49.88736178097475,54.88839877367606,15.991543278958394,0.933467258834007,0.3579049982470492,-0.01797843450915976,-0.014821093323520681,-3.1010316935359743,0.02295748975583727,0.7327204530955069,0.8980974492985793,1.0331079922429658,0.17507253353918548,0.0,0.0,0.0
1748023139.9140544,49.98371134091457,55.010371230203056,16.007605554398154,0.9334811511215457,0.3577796356617078,-0.018753535628006295,-0.015968021418402423,-3.0983361750575615,0.02358826566295687,0.7325209274665306,0.9318989517642584,1.0373985739916227,0.1551045803743579,0.0,0.0,0.0
1748023140.0638366,49.95901239421722,54.96391723758128,16.04105947400293,0.9333710849360353,0.3580889197829055,-0.017527985396555396,-0.016837846120528917,-3.0975839857041407,0.020662807540231823,0.7331219862678721,0.9226773037077093,1.0016018669808133,0.14569165899298292,0.0,0.0,0.0
1748023140.128537,50.04239934306118,55.049588878779176,16.049735459464927,0.9335380468530174,0.35770332606730665,-0.016296515682794922,-0.0170137936639689,-3.098147066963974,0.018256067735811957,0.7322240119186706,0.9275665883755397,1.0004673905573558,0.10476119045021459,0.0,0.0,0.0
1748023140.2387896,50.1288556258764,55.136667343669785,16.05923390613566,0.9334370622732872,0.3580161681258994,-0.015679341814804227,-0.01654788129392661,-3.099454062832374,0.017423420961930274,0.7328512264122427,0.9491024661396765,0.9820407945660204,0.04360845088341817,0.0,0.0,0.0
1748023140.3655264,50.22951915396543,55.250108851435535,16.060512028026942,0.9333842436888627,0.358092813484135,-0.015396700750764136,-0.018064666351133022,-3.0968226638263516,0.01580507938578012,0.733018931756011,0.9523634392024006,0.9844766550710242,-0.002874063187455471,0.0,0.0,0.0
1748023140.48154,50.40200583857061,55.42103300441213,16.080130678340364,0.9336015676366253,0.3576752611966973,-0.0132905878179725,-0.016729635673345945,-3.1008329476750593,0.012849027179087908,0.7319913749250292,0.9812212558945921,0.9859709189819054,-0.025602446593950605,0.0,0.0,0.0
1748023140.5683823,50.49657763243648,55.51556649085251,16.07810178398103,0.9334746469685908,0.3581572528118064,-0.011692035707291833,-0.014552045429561898,-3.1060397467995267,0.011404843818004952,0.7329234030099185,0.9961758999652057,0.9683389822597674,-0.05013999831606713,0.0,0.0,0.0
1748023140.6729946,50.60455206327619,55.63430207846439,16.078414129386765,0.9335387302157082,0.35809747615411874,-0.010571194869018155,-0.01264462725172156,-3.110406284871775,0.010681424569438935,0.7327296616888603,0.973670730310406,0.9843840282048869,-0.04720930232418141,0.0,0.0,0.0
1748023140.8226945,50.698518975236155,55.73217895324413,16.072412876314765,0.9336879870536486,0.3577866188641765,-0.010062073665375941,-0.010687977685173097,-3.1144290039869214,0.01114187434195496,0.7320269679555155,0.9768923912741959,0.9784650020085299,-0.04933343945843472,0.0,0.0,0.0
1748023140.912466,50.78175430267988,55.81532182024507,16.086202367919594,0.9335634819106828,0.3581872390890033,-0.00912694824549849,-0.008821893919293777,-3.118579390916602,0.010721596925062266,0.7328363650217694,0.9591980400814393,0.9843369745117235,-0.033012939470196304,0.0,0.0,0.0
1748023141.0007374,50.86820620184113,55.875739125106385,16.076098258029603,0.9335908379623253,0.3581373461914334,-0.009050684703918238,-0.007992098732546709,-3.120184204967179,0.01117496715924047,0.7327198432433875,0.9522482635672974,0.9805229207917109,-0.014189331987417038,0.0,0.0,0.0
1748023141.1073196,50.958673482953515,55.98212646185047,16.074222286940653,0.9337203759880597,0.35781760477761937,-0.008634469730123507,-0.0076332894877491455,-3.1211562231880325,0.010661911923661034,0.7320192723709416,0.9393269572129318,0.993084400169339,0.0052724851233929265,0.0,0.0,0.0
1748023141.2124145,51.063048673267055,56.10253871314625,16.080882336320528,0.9335347711978872,0.3582825378771156,-0.008755969092394966,-0.008353862705048787,-3.1197182706602864,0.010362102378779443,0.733024859854367,0.9332109053276311,1.012111778636578,0.031928751483098684,0.0,0.0,0.0
1748023141.3578575,51.15661024287774,56.1929111610677,16.085577748216423,0.9336150260908601,0.35803553987405407,-0.00929781285295654,-0.009331983744560667,-3.1175060959746324,0.010678994875039108,0.7325213862708702,0.9218844349214615,1.010305022403959,0.04280840216379559,0.0,0.0,0.0
1748023141.4203095,51.23970917679125,56.265552994107914,16.10744211191603,0.9338100327015486,0.35745886486887407,-0.009632024626238588,-0.011366919291890027,-3.113472388512347,0.009862710223361012,0.7313147858172893,0.9131422657009263,1.0079049090613177,0.05595221222796757,0.0,0.0,0.0
1748023141.4823728,51.35837987849024,56.39126156651744,16.112155653927346,0.9337025036143702,0.35761824642516366,-0.012102694450285653,-0.012741638634452969,-3.1091339139030807,0.013487756231428956,0.7317696629410836,0.9204210475060908,1.0100580499821181,0.05967623056752919,0.0,0.0,0.0
1748023141.576028,51.46034102781247,56.49611620609329,16.117744805994853,0.933636190886659,0.35769767752864084,-0.014108378693690067,-0.013296172678709762,-3.106659956781416,0.016832960633212324,0.7320406161769751,0.9320515914230862,1.0160885705110625,0.05268961604531563,0.0,0.0,0.0
1748023141.714691,51.55261219191739,56.56838880406261,16.119375067893365,0.9336659019000633,0.3576478701246547,-0.01503305839817777,-0.011401393758510587,-3.1095375394214133,0.019917656573171596,0.731951537311922,0.9498494998854882,1.0044461602393162,0.050092497250489594,0.0,0.0,0.0
1748023141.8230217,51.691562070039005,56.746749372200306,16.138474742660605,0.933627191819365,0.3576917570262203,-0.016207813686434317,-0.01158362751852835,-3.1083541249561533,0.021979144577208932,0.7321072754442891,0.9656772998705827,1.0381930729442554,0.05769070258854703,0.0,0.0,0.0
1748023141.9025342,51.7775771989401,56.85501622426213,16.144302524260276,0.9337278398423728,0.35736599329834146,-0.017245636079425506,-0.012018983875604917,-3.1068050105572813,0.023617304294552197,0.7314722344845431,0.9614126941425852,1.0455110360389295,0.050669366679274574,0.0,0.0,0.0
1748023142.03198,51.8763536923571,56.96535422154789,16.148054274471765,0.9336970668812065,0.3574869164218338,-0.017032545252858144,-0.01108080713893088,-3.1087072889103022,0.0238862592699784,0.7317021059782091,0.9848128699435973,1.0514998595346285,0.03821111347304744,0.0,0.0,0.0
1748023142.1405594,51.98009292943105,57.059294544942944,16.14652426201415,0.9336081003808515,0.3576798170515825,-0.01686943513247605,-0.012509417872766904,-3.106150722915483,0.02255206158224328,0.7321330120807724,1.0048307079424896,1.0517449635738445,0.02351420038850198,0.0,0.0,0.0
1748023142.242631,52.08538383585204,57.1599452122379,16.143431996920913,0.9338254094518612,0.3571887326783594,-0.015653078678203196,-0.011886758918439478,-3.108196740566112,0.020744340282784594,0.7310068829972187,1.0222477661849898,1.0592115321088804,0.026293390584730722,0.0,0.0,0.0
1748023142.3588314,52.19007393096719,57.277549789284166,16.146854702649883,0.9336051673109904,0.35777833848556445,-0.01424507107601793,-0.013157888537514201,-3.1068188115025412,0.01718417465615308,0.7322182614197048,1.0282463181125858,1.0639809303527548,0.027702463220841245,0.0,0.0,0.0
1748023142.511975,52.28106176920655,57.35306682189219,16.148691552829526,0.9336566371916831,0.35764694582627493,-0.013635665033755887,-0.013711841894603831,-3.1062231341898285,0.01565470097960843,0.7319140550113972,1.026946963017343,1.0504081135963805,0.0178119356134803,0.0,0.0,0.0
1748023142.635082,52.40345546076732,57.50312644061782,16.16320384567167,0.9337723193894591,0.3573376944908915,-0.0141567085332657,-0.013364701323581252,-3.106503823767201,0.016887664703464155,0.7312730279467748,1.0439940284960245,1.0608312548009142,0.02280451610382316,0.0,0.0,0.0
1748023142.7756844,52.51576999807619,57.61145149536753,16.156106433778405,0.9336398936756931,0.35775709537274336,-0.013549122218253325,-0.011951189681917801,-3.1095718869568043,0.016749539402176727,0.7321231030905708,1.0527128498085796,1.0653969075113487,0.0034240270322941687,0.0,0.0,0.0
1748023142.9065518,52.62490076478221,57.70970404629364,16.150928923070673,0.9335175164884317,0.35812266849655733,-0.012194405600314111,-0.012020698408608484,-3.1104072228141177,0.014158086276194417,0.7328461205713724,1.0632593189733583,1.0649172044125101,-0.014568135384768538,0.0,0.0,0.0
1748023143.0841706,52.731416027756296,57.807546949201196,16.14992715880141,0.9338262159820306,0.35735697107616093,-0.012089144240323719,-0.010883297271078082,-3.1126189305341856,0.014800415682852477,0.7311886172980773,1.0545002275561202,1.0664424553835614,-0.010342021738584624,0.0,0.0,0.0
1748023143.1634066,52.81530352471154,57.872780780492164,16.15383283386891,0.9337830755383949,0.357488189558586,-0.011372304783961165,-0.011046847879893374,-3.112824477548724,0.013340691889092093,0.7314420713694945,1.0530364139833994,1.058327146801144,-0.019129128734447717,0.0,0.0,0.0
1748023143.3028977,52.921402255721276,57.98374711401927,16.150400948201565,0.9336231424300949,0.35789198520732235,-0.011791806709932452,-0.01105025510258329,-3.1125117267348426,0.014109079901498857,0.7323240181401665,1.0521923436337255,1.0686551403992253,-0.012550236825028992,0.0,0.0,0.0
1748023143.3759925,53.038008905019595,58.124703816901395,16.154687312263306,0.933845749752342,0.35730860323147007,-0.011093270581714082,-0.011815966911893247,-3.1115898694875512,0.012275222172568986,0.7310540254742915,1.0488906480209508,1.0734763858932133,-0.013826772109104305,0.0,0.0,0.0
1748023143.5354047,53.15144080690977,58.21014176550798,16.14956793060669,0.9339252599276876,0.35704557679942694,-0.01140421410275015,-0.013115214739537358,-3.1089436190437647,0.011936191845490359,0.7305165097398425,1.0579038069169167,1.0707474579773486,-0.007307981125127294,0.0,0.0,0.0
1748023143.7066448,53.25360280376187,58.31843112346312,16.147365229036176,0.9339695086907703,0.35700374106219407,-0.01119554114909639,-0.01113308411437875,-3.1127966323646112,0.01296384589339287,0.7303985358347719,1.0530614630424984,1.0662339832775911,-0.00381316952007056,0.0,0.0,0.0
1748023143.7645552,53.382587895000036,58.437745565079254,16.15787499748781,0.93390694997115,0.35716079308881765,-0.010832227940853466,-0.011689290551112366,-3.1120151397048854,0.011882953000081964,0.7307257317994076,1.0603596740694177,1.0843349366387764,0.0007993479430488558,0.0,0.0,0.0
1748023143.8657663,53.51574621491504,58.57609552790251,16.157142640317446,0.9340248872856073,0.3568771356665375,-0.010174959414617088,-0.011519121948640633,-3.112806290057119,0.010785717266813617,0.7300910208319692,1.0556967076729273,1.094719848826816,0.001966965680824821,0.0,0.0,0.0
1748023143.9873729,53.62736194079945,58.69730123093819,16.164283874463408,0.9338767932834162,0.3571836716763274,-0.009916453841587843,-0.01398655060081118,-3.1083779177511217,0.008530060676858473,0.7307559506863169,1.0540391761835457,1.0943383345658209,0.014925839722054806,0.0,0.0,0.0
1748023144.0916643,53.72761853469862,58.76992210270486,16.16060841520492,0.9340430700276147,0.35674200064292827,-0.010579280637150083,-0.01366627717668438,-3.1085070291122605,0.010012504699157609,0.7298359313301244,1.0638838448966403,1.0745141608216522,0.0012536894243433184,0.0,0.0,0.0
1748023144.2285995,53.830326191811295,58.8588974391584,16.15773317890887,0.9339214755744983,0.357084448997677,-0.009242341555451204,-0.013998316589846715,-3.108838683021995,0.00726614413178558,0.7305159780495842,1.0643525574885764,1.0653969749111052,-0.0029115273562794358,0.0,0.0,0.0
1748023144.3337686,53.88504048717026,58.945594723718436,16.162121700778776,0.9338711807865105,0.3571694746660895,-0.009491522046685413,-0.0149831596265776,-3.1068199428785763,0.007024721071404685,0.7307139080706286,1.0360525611776623,1.06042939456664,0.0028379068738091295,0.0,0.0,0.0
1748023144.4441943,54.00425443137182,59.066444020242976,16.157470667840755,0.9339425934131356,0.35697437868738496,-0.009634482222535287,-0.01508979528707724,-3.1065200172516834,0.007222828833403948,0.7303029025217954,1.0402800492400837,1.0553844167942508,-0.008049769444453682,0.0,0.0,0.0
1748023144.5457036,54.10279731048144,59.16676889221185,16.160616339388547,0.9337822950211336,0.35739180594766434,-0.01029548939257297,-0.01468759492561913,-3.106795226778427,0.008729150132700378,0.7312225577230257,1.0399504403154307,1.0528518816718626,0.0019749181833806444,0.0,0.0,0.0
1748023144.6713285,54.20632499630224,59.267209364382566,16.162060796933343,0.9338812825335844,0.35717399691732293,-0.010419559664460417,-0.013561667888969472,-3.1088120505443624,0.009773668839788014,0.7307532006667555,1.0261931859235387,1.0544406447110342,-0.0017254731392989876,0.0,0.0,0.0
1748023144.7728474,54.309404921278414,59.36965786194647,16.161713796995976,0.9339283175480048,0.35697506458250305,-0.01180158662390101,-0.014402204741970237,-3.1062558583771183,0.011761487108588532,0.730395535052094,1.029635456963198,1.0450747364780821,-0.015165811401013446,0.0,0.0,0.0
1748023144.8792944,54.436716925616366,59.54706954621618,16.172376914018827,0.9338962788084627,0.35707770395109956,-0.011642651594422153,-0.014060669705525422,-3.107006313008624,0.011704821953904796,0.7306048030382702,1.0243713863693937,1.070468068654454,-0.014025873354304753,0.0,0.0,0.0
1748023144.98414,54.53402189660504,59.6509199526085,16.17560803389445,0.9339767741436811,0.35679669898500543,-0.012143697972245421,-0.015363318428182187,-3.104217758259223,0.011720969486811022,0.730038876134408,1.014259821078866,1.0645632547393509,-0.018562768196270504,0.0,0.0,0.0
1748023145.089853,54.631533582779255,59.74787606424131,16.178752301169823,0.9339578427237822,0.35677022315685925,-0.012780232593327199,-0.016565673490821338,-3.101516522614512,0.012052410656569344,0.7300253943207636,1.0166411913538898,1.050170946928001,-0.027102630347175978,0.0,0.0,0.0
1748023145.179909,54.73175539083594,59.8437823165829,16.175153659267135,0.9339070681864414,0.3569783090418068,-0.012680153563996778,-0.014942843459379088,-3.1046175639016123,0.013015995614247699,0.7304496079478129,1.0249902128193744,1.0411439101392903,-0.024775220947843183,0.0,0.0,0.0
1748023145.2748466,54.84236459490187,59.96409848252712,16.170268770980712,0.933893549109906,0.35707696291589547,-0.01227370315798292,-0.01371997436053488,-3.107191601102198,0.013126867842684837,0.730628747133858,1.0255652571094163,1.0396127299513374,-0.031762418873370564,0.0,0.0,0.0
1748023145.3822634,54.94857145657349,60.07069659432799,16.167752578796016,0.9340142923803546,0.3568007304640785,-0.012581320081532243,-0.012338993254377466,-3.109556073648955,0.014697671096817687,0.7300360202258823,1.0220774452781645,1.0457839726771274,-0.026285477739381013,0.0,0.0,0.0
1748023145.557819,55.04869087302704,60.160911232076955,16.165884330540464,0.9339360298166737,0.356987795588036,-0.013463471370003708,-0.011913897352801966,-3.1097166162467973,0.016642578345557345,0.7304712623483487,1.021606845776697,1.0362737449497528,-0.0390614968293556,0.0,0.0,0.0
1748023145.6876757,55.13899645704627,60.272729920444114,16.170501676030096,0.9338842581534433,0.3571206590151581,-0.014341165302895935,-0.010925120389588368,-3.1109336784415285,0.01898394490382521,0.7307822577597821,1.0084732962716392,1.046941376273679,-0.03296571759023888,0.0,0.0,0.0
1748023145.7866602,55.222994054676604,60.37334405912715,16.18998247519635,0.9338953146777574,0.3570676888848613,-0.015033845360762865,-0.01077915910567067,-3.110711918375268,0.02038370815541979,0.7306991113113502,1.011891720330506,1.0530988152564185,-0.017343237502517386,0.0,0.0,0.0
1748023145.8668556,55.341176428839866,60.46888412873194,16.179570940740756,0.933941965125468,0.3569133730596841,-0.015902166439218077,-0.010600519387155226,-3.110428042220137,0.022138275182391483,0.7304076926676332,1.0188807006782477,1.0721030139443957,-0.010996338257584672,0.0,0.0,0.0
1748023146.0039132,55.432021978464974,60.53452532296129,16.17933695102706,0.9339299750594601,0.356981040004755,-0.015961408203444695,-0.009196315062179015,-3.1130077676650423,0.0232499495099249,0.7305300218486431,1.0313383392052151,1.06082336339054,-0.0148213132864681,0.0,0.0,0.0
1748023146.1272547,55.531859226938494,60.63459055848809,16.184361581404442,0.9337172463268,0.3575971831621781,-0.015395407715149172,-0.0077032413734725745,-3.116187051886654,0.02324269321188526,0.7317961258277289,1.0356502138823505,1.0743590949675497,-0.007727021073255447,0.0,0.0,0.0
1748023146.248383,55.63658019119308,60.75426480167565,16.188996133134047,0.9339130533678548,0.35711942844167804,-0.014917265401650611,-0.007042568534007783,-3.1177754093181256,0.02283476604949707,0.7307402953598369,1.0295325916370004,1.1041805694125537,0.0012641222570579209,0.0,0.0,0.0
1748023146.3486345,55.74339681267387,60.88076115829195,16.192386811260473,0.9339097530169711,0.3571424970939384,-0.014368496319839675,-0.007440181637107733,-3.117424585127896,0.021525009745586385,0.7307739293524338,1.0287793686070026,1.1285886587465868,0.004980561191915279,0.0,0.0,0.0
1748023146.5086164,55.848975830334965,61.012596593924386,16.19635006662479,0.9338450236793406,0.35732883170103497,-0.01368679851440377,-0.007889824518424437,-3.1170682053603693,0.019925492271625284,0.7311525243261742,1.0202215233378276,1.155597787470881,0.0075713385222017406,0.0,0.0,0.0
1748023146.6053245,55.96342612231881,61.1440592763625,16.220117913539564,0.9338970794779196,0.357187969450498,-0.012767282940505094,-0.00948661735074984,-3.114745829476519,0.017070474372151055,0.7308369719055731,1.0268391232262921,1.1746519760383767,0.01951564991228351,0.0,0.0,0.0
1748023146.7108004,56.07277019550839,61.251566443842584,16.212374603215505,0.9339704069501567,0.35696770754553486,-0.012291110429402511,-0.011057274323116708,-3.112155669299996,0.0150654569752103,0.7303656602122103,1.0267615126376164,1.1826179754063004,0.017973596153673433,0.0,0.0,0.0
1748023146.8466742,56.18190101039653,61.36521992625285,16.20622390945885,0.9338798422749611,0.3572513287709425,-0.010807691218244417,-0.011096039582698435,-3.1131398177524487,0.0122583271709936,0.7309129028228063,1.034410411168116,1.1940631042949819,0.011152049396054652,0.0,0.0,0.0
1748023146.9486039,56.33089473939276,61.56062748488524,16.21367059075603,0.9339723582871648,0.35696362264813813,-0.01093733842040042,-0.012368536279894827,-3.1106734414689345,0.011600368653506596,0.7303142266848622,1.04780337140394,1.2224971593534717,0.016630061438687036,0.0,0.0,0.0
1748023147.0315173,56.432923974952296,61.68631557961477,16.216021086201305,0.9341313498840879,0.3565378294292127,-0.009876230271117665,-0.013485452356871604,-3.1093489414744946,0.008835359758326918,0.7293682113471699,1.0376034333654212,1.2264712379331781,0.021441423881356655,0.0,0.0,0.0
1748023147.1805058,56.532939132840895,61.8055131760168,16.216968741633888,0.9340706194974183,0.3566484870041612,-0.010230011758900686,-0.014466560363979513,-3.107261969206342,0.00879226638931565,0.7296268107203661,1.0286557214979757,1.229317915746841,0.02255058570192743,0.0,0.0,0.0
1748023147.284922,56.61444249377157,61.924382125352885,16.22608307204727,0.9341445525293139,0.35645982381464675,-0.010033468506425686,-0.014480279540440464,-3.1073783600965084,0.00842224367944327,0.7292146559191454,1.0255877361169978,1.2199007169306666,0.021479300931310518,0.0,0.0,0.0
1748023147.422042,56.72652519055211,62.06336115188527,16.226048848997415,0.9342103616192814,0.3562776888407515,-0.009267888680709272,-0.015209040629379549,-3.1065639849388114,0.0064790769120236374,0.7287967302571652,1.0359631233249313,1.2217155871472603,0.023282176796952957,0.0,0.0,0.0
1748023147.5421956,56.83161442734819,62.18458428531846,16.225484132513557,0.934182544099341,0.35644542761755676,-0.0066569824353929375,-0.014328852552627504,-3.1100701257284284,0.002222767454595154,0.7290516006789821,1.025467629266885,1.2294600694503874,0.03208961060437667,0.0,0.0,0.0
1748023147.6541088,56.95930454624487,62.32042150039004,16.223971177630023,0.9340023532404456,0.35691222430097563,-0.005407603669530966,-0.014967501741890718,-3.109767832921728,-0.0005827396053683522,0.7300081453127168,1.0320567010548272,1.2265711795431304,0.03143524608051893,0.0,0.0,0.0
1748023147.764804,57.07582743868034,62.471374304069236,16.22543852930706,0.934098920223071,0.3566772915086077,-0.003972944985038765,-0.014991086295619136,-3.11074716391108,-0.0032717187089469297,0.7294590431180856,1.0207314719933684,1.246181660340021,0.037880726493681384,0.0,0.0,0.0
1748023147.866922,57.16973431568404,62.60310335619149,16.234081249657716,0.934183919522149,0.3564441156360144,-0.003151838087009398,-0.015429285510612057,-3.1105127552605847,-0.0051105853882279575,0.7289337066943511,0.9963750319028218,1.2342006494723485,0.052318975538923736,0.0,0.0,0.0
1748023147.9636898,57.27965317335479,62.6930641335887,16.236466979339305,0.9341376827067408,0.35652792136849903,-0.003202400652649832,-0.01625963289861124,-3.108925367489922,-0.005611089433097573,0.7291110647342753,0.9909386840130715,1.212026260786221,0.0481944467260453,0.0,0.0,0.0
1748023148.0656312,57.420483470854464,62.83439429192675,16.24021332067795,0.9341862091400355,0.35643461348674566,-0.0039492879851049795,-0.015326320025856858,-3.1101366690211534,-0.0035469286031034873,0.7289379501885254,0.9992051802423931,1.2058141064153376,0.04180237082871099,0.0,0.0,0.0
1748023148.1505299,57.49099042730352,62.94235001512688,16.248230437388838,0.9341757537282693,0.35630329934498306,-0.005737432248835504,-0.018185210839842057,-3.103518461642769,-0.0022393629236371984,0.7287131413291961,0.964291883903273,1.1987460010041726,0.0431388025681724,0.0,0.0,0.0
1748023148.2501268,57.598807006143794,63.078541266821055,16.25294843762131,0.9341442511360648,0.3563517962885357,-0.006684711874516106,-0.018526466973751442,-3.1022054570177757,-0.0007149092946904953,0.728854797299511,0.9683983348428941,1.1719266876802055,0.026822207866159447,0.0,0.0,0.0
1748023148.3281915,57.70565247202224,63.178884942469615,16.24953613801208,0.9341603786863012,0.35622470771297987,-0.00833728567033872,-0.019463662941988417,-3.09927570342438,0.0017098494261196695,0.7286560250541453,0.9695989234652803,1.1613284737659966,0.012108919095447713,0.0,0.0,0.0
1748023148.481429,57.81262823338509,63.27329395192318,16.244238830056563,0.934145850992493,0.3563404158695187,-0.00989186107325911,-0.0171810411779126,-3.1024329481645165,0.006236323667034654,0.7289685896775491,0.9964599572115943,1.1395183566098448,0.004900205605209907,0.0,0.0,0.0
1748023148.5623124,57.91426070712221,63.40766452619696,16.2477556874071,0.9340855039502166,0.35659368586261797,-0.010575118594337152,-0.014607579529075907,-3.1067525893066663,0.009338324434527957,0.7295255347839265,0.9934079060527248,1.136716714411939,0.0007549919399693213,0.0,0.0,0.0
1748023148.6766746,58.01697685748761,63.542889507163736,16.246251880192748,0.9341688594045353,0.35646654096050745,-0.011129140778935278,-0.011674310258131612,-3.111840064349558,0.012470314708249141,0.7292513079754059,0.9891477447767847,1.140571147292432,0.0028872096436853606,0.0,0.0,0.0
1748023148.7794135,58.12696782391389,63.651121765903724,16.2433836998732,0.9341757720971331,0.3564706962103113,-0.010912020062803533,-0.011189163874491911,-3.1129015858576645,0.012410590044986387,0.7292466666865299,0.9990871505338738,1.154206553434874,0.008460876644128475,0.0,0.0,0.0
1748023148.915192,58.227460255449884,63.77899738602893,16.242825619755667,0.9341474386783604,0.3565950584377646,-0.00982726089505159,-0.010580739658778048,-3.1148112393425404,0.010814353023748136,0.7294660471670569,0.9946413313511508,1.1738646630747218,0.01643163811231749,0.0,0.0,0.0
1748023149.0423913,58.3332674425987,63.8970324586672,16.24543768416021,0.9342362501307118,0.3563636946612683,-0.008973922595328634,-0.011270083510323539,-3.1141343543473448,0.008735141476470832,0.7289454612910308,0.9987213365234296,1.1695993381367022,0.021562789275510186,0.0,0.0,0.0
1748023149.189498,58.436302942865034,63.98765719263855,16.24981445537666,0.9341597072758141,0.356599804748118,-0.0085314415354076,-0.010461121416820813,-3.115959588366791,0.00847869173131324,0.7294300169840332,1.0040996688916735,1.1637393742338444,0.02656279207079273,0.0,0.0,0.0
1748023149.2652617,58.52159730880232,64.0992020393351,16.253108983627993,0.9342146479051001,0.35643520822662195,-0.009067191414182281,-0.010710743011245317,-3.1151124139704223,0.00930616856388163,0.7290977975767485,0.9903232299755065,1.168414758684374,0.028953536598534706,0.0,0.0,0.0
1748023149.3876228,58.625525550733634,64.23821630867576,16.258465585409283,0.934196089445728,0.3564652578818229,-0.009860449182734326,-0.010628166797228441,-3.114700431883263,0.010846254356880152,0.7291898144160104,0.9823702887197623,1.1831551794124262,0.0325811752842971,0.0,0.0,0.0
1748023149.5415866,58.72606857291525,64.34509140883115,16.261542846859815,0.9341362614803776,0.3566114666581103,-0.009468536069521022,-0.01131607971496253,-3.113693045859703,0.009619066539049178,0.7294940541914094,0.9827262713672195,1.1802204492622228,0.03806339410447072,0.0,0.0,0.0
1748023149.6665294,58.83449122373712,64.46219385922666,16.261260806917967,0.9342535774410646,0.3562992646424408,-0.009709190862291356,-0.011261379428302425,-3.1136268542822827,0.010117022761640488,0.7288342388492508,0.9846464668304001,1.1768906814374442,0.03528790176551025,0.0,0.0,0.0
1748023149.7349396,58.90191558931223,64.51277097006803,16.266748718010785,0.9342013080879645,0.35636390985248845,-0.01099299191214681,-0.01232208789949559,-3.1107279880601535,0.0117573108809523,0.7290322984654581,0.9730180738233476,1.1553789760408162,0.03127946639518122,0.0,0.0,0.0
1748023149.8528244,59.001971480314175,64.61170694525613,16.265502395433312,0.9341010630122032,0.3566163649760925,-0.010977235157960152,-0.012628246869517292,-3.1101639605378364,0.011501068618873816,0.7295748732823644,0.9875720418637132,1.1410737154979667,0.006696562020266331,0.0,0.0,0.0
1748023149.9839046,59.11254294644078,64.75269603664103,16.267567369673102,0.9340583271974601,0.3567246005293263,-0.009448777685360933,-0.013904005556958195,-3.1088703092063907,0.0077316943336253096,0.7297533880786989,0.992501023262555,1.1481510954003074,0.005135370981057687,0.0,0.0,0.0
1748023150.0959902,59.21095742338018,64.86881932726608,16.27055578831746,0.9341980572927959,0.3564157592236221,-0.008125376116452898,-0.013258000994919002,-3.1110241695004266,0.005730731552122988,0.7290376541409012,0.9919379203996547,1.1453487765616879,0.004423827994845846,0.0,0.0,0.0
1748023150.2294536,59.315730240624106,64.97397405130889,16.271011793232052,0.9341384020038174,0.3565193713507858,-0.007388216591386851,-0.014993265454658494,-3.108306691438939,0.003112459557165157,0.729238036833741,0.9926189988377841,1.138119102319783,-0.0008285752540057006,0.0,0.0,0.0
1748023150.2978714,59.44180278572125,65.13626627785266,16.26931237624909,0.9340750982115886,0.35669024972062235,-0.0068613123677512,-0.015122798942102497,-3.108440126456873,0.0020296535787924573,0.729584365896785,0.9896919281508617,1.142947927754028,-0.006364081563536497,0.0,0.0,0.0
1748023150.4155428,59.53193683239873,65.23161410721518,16.266685157826615,0.9340075512777444,0.35689307198896303,-0.005876212792489798,-0.014923117826054011,-3.1095161828530276,0.000324939518731523,0.7299831336141303,0.9880888903986873,1.1279486443200277,-0.017916777266637866,0.0,0.0,0.0
1748023150.4907482,59.62993702473195,65.32613362595298,16.259093490563373,0.9340146367919783,0.35689489181076584,-0.005182329253633573,-0.014691423390457743,-3.110444504388466,-0.0008058452590466455,0.7299637118992263,0.9918881029363802,1.1190149755026815,-0.035098100554285756,0.0,0.0,0.0
1748023150.6219182,59.73511362781559,65.45238480711923,16.252838406791586,0.9340576886156949,0.35682064615018605,-0.0035640550759372582,-0.014232298840488058,-3.1124573202745984,-0.0034986971821251794,0.7297558298743738,0.9856450841250385,1.1184703802880465,-0.032902888547052325,0.0,0.0,0.0
1748023150.7253501,59.821847709932186,65.57218533212415,16.24047866596009,0.9340401878526923,0.35689137375439317,-0.0024307102816941506,-0.013840753712706093,-3.1139981190759314,-0.005338554394631932,0.7298777855180599,0.9676368369463538,1.1271077140841252,-0.024803582726660268,0.0,0.0,0.0
1748023150.8495724,59.92042923112753,65.68712167503978,16.238603852662102,0.9339081296714637,0.357245486945952,-0.0011290143977568153,-0.01378378455969188,-3.1150364895269247,-0.0077396754756602305,0.730604592932478,0.9549450215121447,1.1125314891987959,-0.023395790258073444,0.0,0.0,0.0
1748023150.9889777,60.01852302294797,65.84111183533308,16.238861411176316,0.9339389354187089,0.3571237889554728,0.0001580742485440255,-0.014853931586877542,-3.11395506628444,-0.010904864175153725,0.7303072931012528,0.9383621955606899,1.125819915691199,-0.004130626342563437,0.0,0.0,0.0
1748023151.1303034,60.11665970813856,65.99504546098436,16.24212294786851,0.9340842053536499,0.3567251408518993,0.0023141243223065997,-0.01511674639775631,-3.1149968677283226,-0.015108795755256782,0.7294084878914971,0.9135608223591541,1.133335167807718,0.013345600292626323,0.0,0.0,0.0
1748023151.216483,60.248588608834,66.15425980654811,16.2451433985157,0.9338865523517648,0.35715930220806896,0.0038071602009611956,-0.016692684445112554,-3.1131250299814512,-0.01903595613365337,0.7302907911141479,0.9047849169953326,1.1300310339734152,0.017214178066208473,0.0,0.0,0.0
1748023151.3067815,60.353219263139735,66.28374833380624,16.245757592898048,0.9340052222924641,0.35681519053098193,0.006453970070721941,-0.01659851821911385,-3.1151815827873,-0.023903566656525682,0.7295183662762178,0.8744081092354741,1.1185298872524634,0.028286744490697388,0.0,0.0,0.0
1748023151.4527915,60.446487591339285,66.42203150455191,16.247244417273546,0.9340357763333437,0.3567332569920634,0.0072946567499735,-0.01628925621698897,-3.116356927989407,-0.025251463066013884,0.7293404931190967,0.8560322208877664,1.10855338863206,0.03344142388637472,0.0,0.0,0.0
1748023151.5523362,60.52233213745319,66.51447819318798,16.250753512740104,0.9339827775146747,0.3568194734756568,0.007480344922530726,-0.017322791182963065,-3.11455987476415,-0.026338290177061227,0.7295020441528499,0.8168779422186887,1.089231732030316,0.046385521968989187,0.0,0.0,0.0
1748023151.6751795,60.60972016347931,66.62961133717815,16.255200581503956,0.9341521070651903,0.356428556416333,0.006756028322980119,-0.01651911371513149,-3.115535302194961,-0.024400505105081897,0.7286887980382423,0.7824871031632435,1.074709060753194,0.04633496723403183,0.0,0.0,0.0
1748023151.764824,60.69638954783678,66.73991805029624,16.255367034260356,0.9340098652845127,0.3568156081774084,0.005465334758589346,-0.016683028147464835,-3.1143186106359693,-0.022116685843146026,0.7295298883358622,0.778356480775653,1.0625864194974022,0.04758582228421241,0.0,0.0,0.0
1748023151.8613477,60.78573195671734,66.86499249472935,16.254843814356384,0.933969666513756,0.3569080357861649,0.004909398990295615,-0.01712348752443622,-3.113101051107311,-0.02139511230618945,0.7297281089694506,0.7535896102761191,1.0477160986896488,0.04010974919612278,0.0,0.0,0.0
1748023151.9526858,60.87152179776363,66.9807040761365,16.255453920393897,0.9340791657248324,0.35663138510663606,0.002933355132423474,-0.017365561994663374,-3.1112337791337312,-0.017867131302954777,0.7291665749838381,0.7376852837858231,1.0391975951689079,0.03801537948409529,0.0,0.0,0.0
1748023152.0396104,60.956945039969774,67.07959033439799,16.255566890404847,0.9340936049756711,0.3566630196311966,-0.0004219152052201681,-0.016138449698515907,-3.11113558551436,-0.010723965360824884,0.7293233048183867,0.7366053082524077,1.0124507506573124,0.031057915344193093,0.0,0.0,0.0
1748023152.1537733,61.03470513050261,67.17976539799746,16.258362675262113,0.9340237732462005,0.35682402284194875,-0.0038778614348702113,-0.016160752597284025,-3.1086298990596077,-0.004289073119177959,0.7297666240019836,0.7275479579361,1.019119329188591,0.03357850600019785,0.0,0.0,0.0
1748023152.2242703,61.10349275034575,67.31126013568945,16.26178540476887,0.9339830229346682,0.35699600483115673,-0.004853238453471315,-0.014353100045839543,-3.1113117280214815,-0.001182314378474472,0.7301698587237351,0.7352170560249308,1.0243964416760205,0.027389366226954086,0.0,0.0,0.0
1748023152.3090336,61.18629359119295,67.4513830631123,16.263107480559423,0.9339977884802684,0.356947812275837,-0.0049765056569598095,-0.014547330233012145,-3.1108607439861395,-0.0010891850616900403,0.7300704352197858,0.7291286318297089,1.0268913133002722,0.030823744867585993,0.0,0.0,0.0
1748023152.4120643,61.28400890965581,67.54656955326962,16.25950173132622,0.9340999853160896,0.35669933221995326,-0.004697014848386079,-0.014168340687416165,-3.1117680680043014,-0.0013327127164287874,0.7295300567540297,0.7272172343289601,1.0339611073509059,0.029205214921089896,0.0,0.0,0.0
1748023152.4937842,61.393565502349865,67.63061418233613,16.25205950348916,0.9339797514620407,0.3570679719909567,-0.004639271335652309,-0.01275791513705421,-3.1144449771706335,-0.00044491480624474266,0.730318517631124,0.7557774123664684,1.0219722227169281,0.01913859962745192,0.0,0.0,0.0
1748023152.656621,61.47703543931879,67.7281152350991,16.252369693007786,0.9339224373219522,0.3571703100400515,-0.004309426435805608,-0.01413080097913545,-3.1121157809461266,-0.0020448664779837357,0.7305265570184881,0.7460168513106036,1.0167981390087684,0.012445381609270863,0.0,0.0,0.0
1748023152.7489266,61.60033965714021,67.89765596398348,16.25440769936224,0.9340987334084765,0.3567008902362975,-0.0031957853593416463,-0.01462252048211836,-3.111990401156567,-0.004461388834019428,0.7294876981665915,0.7578614244774057,1.0352990639857418,0.014012772050242678,0.0,0.0,0.0
1748023152.850259,61.68116185373741,68.01278444873154,16.253984926803493,0.9341367266552949,0.3566059260942563,-0.003121430327498177,-0.014527424441353185,-3.112220686723568,-0.004529461363860368,0.729282650470369,0.7516157770240197,1.0283643392387576,0.014877225746471252,0.0,0.0,0.0
1748023152.9640343,61.7616860779177,68.10508361812471,16.25309720742631,0.9339737608069709,0.3570037311125775,-0.00344554675030099,-0.015148541295220391,-3.1108306808497663,-0.004380085019197669,0.7301414359047764,0.7448079211045957,1.0323527991964099,0.014219613110495917,0.0,0.0,0.0
1748023153.0723743,61.83969774310943,68.20847893648424,16.251840770584632,0.9341499599007449,0.35657528964299956,-0.001947481441433231,-0.014632926893930236,-3.1128604932306447,-0.006797053207323536,0.7291848308512042,0.7468983006862592,1.033953753802465,0.016717396265638937,0.0,0.0,0.0
1748023153.216655,61.920102330156425,68.33634216048448,16.25106105630465,0.9342160802415554,0.35638645033955996,-0.0031426758532080786,-0.014803277372048174,-3.111688935906541,-0.004679515396471543,0.728812460546138,0.7272461073416144,1.033512412723049,0.01619299303238542,0.0,0.0,0.0
1748023153.3266585,61.972998299649994,68.40877639233982,16.24921855510863,0.9341889042229548,0.3564230514789362,-0.0034606966880176924,-0.015547449295378398,-3.1100716448024954,-0.004617066151370873,0.7288974381570842,0.7178499553722766,1.0235045758809147,0.014245953801187292,0.0,0.0,0.0
1748023153.4043727,62.059803229677186,68.50314046016703,16.247679408717485,0.9340576518739698,0.35678790166091223,-0.0018349065831898676,-0.0153404472529327,-3.1116202498993886,-0.007518825745926694,0.7296329556341016,0.7330111714987091,1.0169790261958227,0.023940405405211293,0.0,0.0,0.0
1748023153.564393,62.141021263492235,68.60445179155464,16.247612778085056,0.9339401922226488,0.35698048883767747,-0.0003598111228223027,-0.01790302980756538,-3.1078861910125726,-0.012110276537264427,0.7299852396464166,0.7279046912248349,1.005240560270354,0.022248482387529647,0.0,0.0,0.0
1748023153.7171938,62.31989610514749,68.86089010534442,16.245287886184904,0.9340685073627439,0.3566435284791198,0.0023812181234187713,-0.017769269747167617,-3.1100858842660117,-0.017123868689573673,0.7291983257529205,0.7374207698632953,1.0140841596231598,0.01625860330799418,0.0,0.0,0.0
1748023153.8138351,62.409926522861085,68.91507412440086,16.246406497805733,0.9339876208560584,0.35679714858798905,0.0038390545483588064,-0.018659595582303644,-3.109464249667012,-0.020488073162473284,0.7294837458712027,0.7425855484324997,0.9876041502249345,0.011174257594191927,0.0,0.0,0.0
1748023153.8976986,62.47489019864365,68.98954424764993,16.247835635476736,0.9339875204652218,0.3567849200800822,0.004372901945377869,-0.01878057899140226,-3.1096184862445266,-0.021571399353360984,0.729445224439973,0.7201793150264859,0.9506953249826091,0.000922124142296656,0.0,0.0,0.0
1748023154.102629,62.57965909353342,69.16401120335762,16.247805729585966,0.9341063539340161,0.3564413266668474,0.004740314738221175,-0.019298435176434398,-3.1089041812498603,-0.022615363646608166,0.7286935528636592,0.7120778631424429,0.9533510636586562,0.0056045606881986055,0.0,0.0,0.0
1748023154.1704547,62.655101177839214,69.24081411268926,16.24647929351212,0.9341299679077872,0.3564008099814864,0.004625334249906927,-0.018928073969987858,-3.109513678411878,-0.022135095974225187,0.7286155882095777,0.7058617275198896,0.9305082092962642,0.007250278557396391,0.0,0.0,0.0
1748023154.2633321,62.73871673233152,69.33894013598831,16.24560280048211,0.9340263175482457,0.35656006427596937,0.006193893229164722,-0.020527892669389595,-3.1076442791733263,-0.02621237362797214,0.7288972333194418,0.6921199131085928,0.9123907215634935,0.0021692595196019693,0.0,0.0,0.0
1748023154.363149,62.81351269115924,69.44076802699792,16.243670245879034,0.9341198993970691,0.35624871576895284,0.006880098700993114,-0.02143665797754263,-3.106424728635502,-0.028130948054522494,0.7281988341089215,0.6831769390082744,0.8931346108873534,-0.004584805065803545,0.0,0.0,0.0
1748023154.4690075,62.896013640178744,69.52681753209798,16.238524750764107,0.9340828910495174,0.35626023362684545,0.008745752673888484,-0.022165522662197776,-3.1063898664194425,-0.032137436165883444,0.7281757126995814,0.6705068451859195,0.870318469820423,-0.017223181189026937,0.0,0.0,0.0
1748023154.542223,62.99512521614355,69.64369181502228,16.23457302987861,0.9340307739530465,0.35638218423299345,0.008889955296316743,-0.022343248752665232,-3.1061643732099204,-0.032538196484796944,0.7284300965112278,0.6598712545313027,0.8435401429412408,-0.03202114297560783,0.0,0.0,0.0
1748023154.6456172,63.05342371520314,69.73965871528728,16.23291109300452,0.9340653835323803,0.35636675260295486,0.007753929275362975,-0.021551647420196877,-3.1068353644982882,-0.02985036785703668,0.7284342189253046,0.6328426358082219,0.8214863199807351,-0.03500727489341953,0.0,0.0,0.0
1748023154.7654943,63.12441063475176,69.84633850730903,16.230272963811004,0.9341830542564441,0.3561768457684671,0.006635516110104236,-0.01990089456481478,-3.109120158788443,-0.026577177792462922,0.7280826413060136,0.612648903833829,0.8098994262060515,-0.02782642323676488,0.0,0.0,0.0
1748023154.8346453,63.18853731077943,69.91189639070656,16.22806544624416,0.9341595373744934,0.3562713317068505,0.005360177562955115,-0.01969683813695764,-3.108596501635701,-0.02405167834020797,0.7283107262100043,0.6009826744509857,0.7940870039771459,-0.022145442757168995,0.0,0.0,0.0
1748023154.9487615,63.25770003565857,69.99618420934384,16.224728800583765,0.93415026388306,0.35627114126968157,0.004156967945133739,-0.02041759053147922,-3.1063924418286746,-0.02231671434114624,0.7283210089854254,0.5889165768369257,0.7825401389829125,-0.030898824123295667,0.0,0.0,0.0
1748023155.0260427,63.32034503442512,70.09057562469006,16.22289326735453,0.9342937950476792,0.3558487149910152,0.0033320993743532483,-0.021346983121930802,-3.104057970696981,-0.021420550628918057,0.7274198799500186,0.5720616754583225,0.7670413231329201,-0.028490079454992535,0.0,0.0,0.0
1748023155.126644,63.38569358367519,70.17853575384447,16.21829293327656,0.9341948609368139,0.3561857708502631,0.0024397485558828144,-0.020142146609409998,-3.1056831466915384,-0.01890821981916988,0.7281829475445343,0.5683063303583576,0.7602933435476508,-0.022930348952180792,0.0,0.0,0.0
1748023155.2215002,63.45388442052177,70.26852544969582,16.214349188856033,0.9341933190330132,0.35613287800359944,0.0020415981650834937,-0.02116713858528683,-3.103482391396133,-0.01889224650610036,0.7280646697792609,0.5662467180128447,0.7517920075862263,-0.021078058582324838,0.0,0.0,0.0
1748023155.32409,63.513543960908585,70.327547970912,16.21431009661263,0.9341538236450515,0.3562520377755306,0.0024803731881988854,-0.020855864857614745,-3.104379099290271,-0.019495223787015965,0.7283128014553338,0.5576931825555109,0.7281168928420211,-0.01875871869495155,0.0,0.0,0.0
1748023155.4172142,63.57499176602509,70.40181121213323,16.21331660049557,0.9341585829167605,0.35616991256756736,0.0039003462064193892,-0.02180648169768845,-3.103610580552401,-0.022822690373444296,0.7280852013656216,0.5586222516750848,0.7109748962513921,-0.018320610111090763,0.0,0.0,0.0
1748023155.5394523,63.63840656961338,70.49525261701575,16.209963528237054,0.934145474258474,0.35613747468775975,0.0051484220083043266,-0.022623567275309217,-3.102969951415616,-0.025735791314099057,0.7279703238977687,0.5460700513379855,0.7047630543564312,-0.0041182997565897515,0.0,0.0,0.0
1748023155.6298847,63.771405780152534,70.67998875180437,16.21387995015873,0.9341828908405377,0.35603689588282017,0.005782284863328198,-0.02250822988822792,-3.1036336829815476,-0.026834164088394123,0.7277433385567239,0.555569856527963,0.7020921867024466,-0.0005434405789250207,0.0,0.0,0.0
1748023155.7031407,63.83247608592399,70.76353966485762,16.211277661017878,0.9341129085248187,0.35617339317529734,0.006268783624654286,-0.023114724163749555,-3.1028496060581316,-0.028180932788013747,0.7280117461625518,0.5388589423944217,0.683438424093969,-0.0046204288175468525,0.0,0.0,0.0
1748023155.7929194,63.89479508561778,70.84492756022583,16.209654848704254,0.934107619393812,0.3561602746374736,0.006876951210680595,-0.0233564060298302,-3.1028298983497318,-0.029489146843041644,0.7279653521138971,0.5256831448570823,0.6681568545104343,-0.00748895549205498,0.0,0.0,0.0
1748023155.9154577,63.949820734127634,70.90999701635961,16.207869347768515,0.9343308069376836,0.35557822857410465,0.006706433877219955,-0.023347169334408262,-3.102707716038344,-0.029139669453224847,0.726723240728713,0.5147529015534593,0.6423286022419039,-0.009566696145652882,0.0,0.0,0.0
1748023156.0141802,64.0045773965154,71.00271610666621,16.205290320235665,0.9341284751290214,0.35606101974975235,0.006573583614247055,-0.02411078941806807,-3.101200198201883,-0.029455226901816987,0.7277415895769648,0.4955667462657075,0.6362530455527406,-0.009751974102149837,0.0,0.0,0.0
1748023156.1553016,64.05301726242212,71.08019261519374,16.205096272707006,0.9342480211063081,0.35578351359685656,0.006738904654755141,-0.023522620510415173,-3.1024090339694226,-0.029333744437825868,0.7271578285255584,0.4801937584730843,0.6173671288435653,-0.0111585516875973,0.0,0.0,0.0
1748023156.263495,63.99407698925649,70.99507919146646,16.201195843249963,0.9343132309933599,0.35563238248598683,0.006160092643662937,-0.023376231020223327,-3.10226696446561,-0.02814131578020008,0.7268502145571764,0.4494681832643933,0.5738137555143912,-0.023947338820311095,0.0,0.0,0.0
1748023156.3987715,64.0449262257452,71.07040649574014,16.197546637591472,0.934443569914938,0.3553061839628168,0.00649857952986863,-0.023032558401122588,-3.1031402679063818,-0.02851619718752894,0.7261526428733086,0.4271177443841761,0.5653647704060847,-0.024481954242045675,0.0,0.0,0.0
1748023156.5316865,64.09786337630445,71.12171939621352,16.19361525394566,0.93436261715552,0.35558035843880104,0.005969693136975129,-0.022214209836754963,-3.1043036249163243,-0.02695685427841723,0.7267685607068933,0.42324859292253153,0.5513441170832666,-0.03031938281579529,0.0,0.0,0.0
1748023156.617846,64.14238342498676,71.17722269445046,16.189503180711114,0.9343631399709171,0.35560579650092256,0.004978152057598202,-0.02202857600309872,-3.1039471681839843,-0.02497237766959824,0.7268483077171943,0.4075921997239386,0.5510256261564052,-0.04188635498162807,0.0,0.0,0.0
1748023156.6944168,64.19078086545296,71.24850613506712,16.184222999530984,0.9343949734590238,0.355524481205463,0.004386082994823488,-0.02211648964142742,-3.1033600472633496,-0.023924857180015732,0.726686318619511,0.4034841684612018,0.5395600645049627,-0.06109086156698644,0.0,0.0,0.0
1748023156.796496,64.23088425251385,71.30203428202981,16.178729681662446,0.9342937880217403,0.35576561238317456,0.002762217994372119,-0.02276657333381497,-3.100996311849917,-0.021362198747694454,0.7272329030859481,0.3969860597584306,0.5223175996731886,-0.08170308410832887,0.0,0.0,0.0
1748023156.8737214,64.28560040762449,71.35321137101015,16.170629669409973,0.9343369604013704,0.35565630989072317,0.00219215819286944,-0.022764623987656194,-3.100592380703779,-0.02029058544253807,0.7270154773016058,0.39913532845545924,0.5088913089206369,-0.07690738111760925,0.0,0.0,0.0
1748023156.9580145,64.32388760348925,71.4070961541625,16.16273807415663,0.9344427383743966,0.35545925950838986,0.001861077759247244,-0.02149464860564966,-3.1027280713271903,-0.01876018535368711,0.7266232162364336,0.39516136046584227,0.4997782360593538,-0.08215635371197294,0.0,0.0,0.0
1748023157.0531702,64.37139576390136,71.4801178326526,16.153093643795277,0.9344484135975375,0.35551194034674055,0.0008684949621812319,-0.020412454836247085,-3.1040476945819893,-0.01613757074984625,0.7267793033556896,0.39155261169273364,0.4937287872281334,-0.10020516848987653,0.0,0.0,0.0
1748023157.136281,64.41677346361342,71.54179877279674,16.143664991479607,0.9345427445500271,0.3552583296139313,-0.00021318430215225392,-0.020526383053909886,-3.10306220875188,-0.014186353263175078,0.7262676752160003,0.38441546706267654,0.4921635986924281,-0.10667435314831619,0.0,0.0,0.0
1748023157.2197087,64.45241371435831,71.60590335397255,16.135284592082876,0.9345365305798647,0.35532323403884,0.0001847545531403997,-0.019668203519500493,-3.1049506829043425,-0.014322948835748762,0.7264043503598608,0.3786079492826045,0.48572503467917166,-0.09683704830990876,0.0,0.0,0.0
1748023157.3174922,64.47584184331613,71.66425994732437,16.130783889643062,0.9343943478749028,0.3556822155584574,-0.0001315169260711332,-0.019933562104157195,-3.104235166909128,-0.01393470068103936,0.7271787847415023,0.36866752212645554,0.4770800378658023,-0.09874842709145189,0.0,0.0,0.0
1748023157.3966215,64.51594643644063,71.71164099218268,16.123412566383728,0.9344385146092048,0.35557488276712557,-0.00011060403681481706,-0.019777586476486468,-3.1045400855935994,-0.01385856424977147,0.7269502282838181,0.3663585982044206,0.47593596319280257,-0.09528634663911993,0.0,0.0,0.0
1748023157.49269,64.56354721657955,71.76504466718693,16.11397106300229,0.9345211550228285,0.35537803758790215,2.555312135621383e-05,-0.01940774489754237,-3.1053254956044145,-0.013842374511427086,0.7265291531446743,0.3652971946610841,0.4765903653831545,-0.08742535370407734,0.0,0.0,0.0
1748023157.5777915,64.61577564619643,71.81136308506025,16.103837134578907,0.9343184180046994,0.35588166819483796,9.40946428454388e-05,-0.019932966820152366,-3.1043997404546513,-0.014363877606870312,0.7275988675898812,0.3691754895633419,0.4658676986271275,-0.08149573163567758,0.0,0.0,0.0
1748023157.6684222,64.65918589322366,71.87023997446232,16.094916832338033,0.934468278779885,0.35550195201671786,0.00017462980067571864,-0.01968165569496324,-3.1049210720301397,-0.014320595527121253,0.7267868693972231,0.36571878297440136,0.4626266076301828,-0.07296459065333934,0.0,0.0,0.0
1748023157.777052,64.6834656191863,71.93510187059385,16.09020730945491,0.9343989131102253,0.3556566509202279,-9.475957377781095e-06,-0.02017468078664919,-3.1038706943190246,-0.014333300930960507,0.7271176821571338,0.36269081236628564,0.4554506467924466,-0.054760522538179084,0.0,0.0,0.0
1748023157.8940241,64.71515226297305,71.99956831361922,16.08838934170972,0.9346500436040149,0.35501109760377714,-0.00010684866621755614,-0.019909925980198445,-3.1042868873534846,-0.013937208332727876,0.7257424576382191,0.35062594900148514,0.45450549758165676,-0.043532377389534985,0.0,0.0,0.0
1748023157.9873946,64.7587706265818,72.05217532507598,16.08566932195225,0.9344034703259277,0.3556154768679855,6.861208762631091e-05,-0.02068290470896159,-3.102975248477341,-0.014839089372809519,0.7270212734380899,0.3521639113228294,0.459411999069732,-0.02776454231364736,0.0,0.0,0.0
1748023158.155925,64.81261794363203,72.12542007674413,16.083091998444182,0.934365586150859,0.35570891802805,-9.558535687153478e-05,-0.020787205577361113,-3.1026649689162613,-0.014610285254258608,0.7272250791970831,0.3489548699575108,0.44895476927894873,-0.024423325868946133,0.0,0.0,0.0
1748023158.2262647,64.91476145846347,72.34307014926527,16.08672396130535,0.9344002613919473,0.35558981929178773,-9.108724657260824e-05,-0.02126084734454626,-3.1017806272510176,-0.01495061479267238,0.7269644990170256,0.3477354910103811,0.4732363951889009,-0.01813543274952955,0.0,0.0,0.0
1748023158.3248782,64.95219050934058,72.39660755538378,16.083325917537355,0.9343820282157184,0.35564584849059494,0.0009480983555949974,-0.021103480954420967,-3.1028144233273967,-0.016783290814425308,0.727054416766299,0.3469207071192523,0.458218775589313,-0.0240134246955246,0.0,0.0,0.0
1748023158.428692,64.98778007654136,72.44279055573513,16.079598279028403,0.9342899930288356,0.3558490135866092,0.0015316919434583338,-0.02171042089425832,-3.1020982096060234,-0.018314376436379686,0.7274634995038504,0.3411348495600134,0.45653405355932875,-0.013201484450123221,0.0,0.0,0.0
1748023158.520419,65.01999684676554,72.48521224574755,16.077754519290135,0.9344766045567703,0.3553949400568828,0.0008853462529582461,-0.021145408012774078,-3.102686942134465,-0.016685386944120632,0.7265188515933881,0.3333310453849379,0.4458983267883729,-0.004051600480699641,0.0,0.0,0.0
1748023158.6132038,65.05331414643905,72.53502397139705,16.076883023558608,0.9344639212746045,0.35537703772363927,0.0007456187649864012,-0.02199511190056191,-3.100998296718949,-0.017027445886795948,0.7264733586967878,0.32869741442247313,0.43422380644405845,0.006117016234531556,0.0,0.0,0.0
1748023158.716746,65.07572884543916,72.59583813403377,16.07745150285932,0.9344930889083524,0.3553523003022707,-7.600869732595616e-05,-0.02115191894578863,-3.101991250002123,-0.01489125725050202,0.7264571276075835,0.3174916657657975,0.42707210977073906,0.005810521898073786,0.0,0.0,0.0
1748023158.8183298,65.11404606265438,72.63995429742566,16.077483315938615,0.934386456553127,0.35559171256533734,-0.0011982563614509846,-0.021795594661169832,-3.0999938030925835,-0.013261785365210693,0.7269996317443828,0.33189616431995117,0.4326265950503969,0.00856585077703397,0.0,0.0,0.0
1748023158.942644,65.14109295187468,72.69211900736437,16.07756206139147,0.934517598907104,0.35533614947930636,-0.0011367586467495821,-0.02029251058643077,-3.1028447499991314,-0.012296993142664789,0.7264661292492509,0.3333080951044039,0.4337146386270186,0.005667210050883668,0.0,0.0,0.0
1748023159.0962417,65.17851062546353,72.75651314764602,16.07660578492738,0.9345444620456949,0.35522077425049253,-0.0005806377324179223,-0.02108347363285053,-3.101758880361709,-0.013893759097150689,0.7261928099576245,0.3269102950032364,0.44023105778103144,0.006516740557961511,0.0,0.0,0.0
1748023159.2091773,65.23177832687328,72.80309173178328,16.072225527219924,0.9345238692575714,0.3553515092397575,-0.0010162247785339513,-0.019733472985867886,-3.1039759810989938,-0.012125563325300221,0.7265005735691429,0.34225447306093293,0.43714204432040926,0.0035381754642045626,0.0,0.0,0.0
1748023159.2908106,65.26265129628092,72.85787584759436,16.072121968266952,0.9344302527442936,0.3555598917852089,-0.0001424839526401793,-0.020426595610855247,-3.1033036257663027,-0.014259956898283369,0.7269118217096605,0.33225198436031184,0.4425413462204583,0.0037613414078107492,0.0,0.0,0.0
1748023159.3981218,65.29420656697359,72.91274589516428,16.07189463400191,0.9344374230954179,0.35547265865676103,0.00026242909278754675,-0.021582919108875,-3.1014276189048866,-0.015835384208421562,0.726698596053505,0.32894852323513646,0.4304926664761723,0.0020205106985630595,0.0,0.0,0.0
1748023159.5286365,65.32509388282196,72.965246590617,16.069514765290208,0.9344343066245215,0.3554438398803313,7.109115520937142e-06,-0.02218565400739005,-3.1001185803642377,-0.015785449666816435,0.7266375948642179,0.3237995492726129,0.4248488032401253,-0.00960992552405932,0.0,0.0,0.0
1748023159.6330779,65.39368974503897,73.06353715372609,16.073447076405035,0.9345831181295027,0.3550683270758697,2.27157867555645e-05,-0.021928928356678815,-3.100603499606668,-0.015615630026008647,0.7258369394985925,0.3258400100354845,0.4226494895355266,-0.010128717247098155,0.0,0.0,0.0
1748023159.7552707,65.44283951601594,73.11480335019301,16.07028436721118,0.9344856525348414,0.35529558876078926,-0.001308647081950138,-0.02235838224181197,-3.098858700490544,-0.013442250138924675,0.7263640048228275,0.3287536699139424,0.4139627442688896,-0.01459577067477581,0.0,0.0,0.0
1748023159.8997142,65.48323070655172,73.16767919720105,16.06682660014629,0.9346474145596136,0.35490179588503923,-0.0002112896903417604,-0.021883351920363232,-3.1005199907971868,-0.015138497286063417,0.7254889825941161,0.3294186197838606,0.4096754222489534,-0.015401965944930665,0.0,0.0,0.0
1748023159.9802303,65.51593974472968,73.23703486442463,16.06262972949719,0.9347389242685595,0.35464229117116564,-0.0004113937870362591,-0.022177004425177727,-3.0998246231022986,-0.014961273897730954,0.7249371068083779,0.32974017432224934,0.40203108739248505,-0.023294818617708445,0.0,0.0,0.0
1748023160.097575,65.5430818191738,73.29224137765743,16.060463559436062,0.9347215540197413,0.35470409128044705,-0.0006579704645180808,-0.021913264355179558,-3.100144169991342,-0.014315899680290992,0.725080792416796,0.3254476122273072,0.39751174664400163,-0.03671794681790919,0.0,0.0,0.0
1748023160.203465,65.57944141323888,73.32419354010268,16.056518819644154,0.9347532082103326,0.3546746896135885,-0.00045967892337535793,-0.021026007307204456,-3.1019440222885786,-0.014055875360678139,0.7250213806973145,0.32913893602636224,0.3833454432438521,-0.04975494405154133,0.0,0.0,0.0
1748023160.3087506,65.63007618560512,73.35567898921526,16.048282758650416,0.9347714933220153,0.35465195340064304,-0.0009640230596569759,-0.020574690305767255,-3.1024303874655805,-0.012791774514042776,0.7249940569561019,0.33298472631908294,0.3724491728693158,-0.05434943943217078,0.0,0.0,0.0
1748023160.4077766,65.66054629375498,73.41042610541268,16.043121455681614,0.934793501280729,0.3546590580612125,-0.0014523624824532926,-0.019389511125061612,-3.1043011746279694,-0.011038237636956686,0.7250363989827785,0.3314335482520371,0.3707060617750369,-0.03647238519315804,0.0,0.0,0.0
1748023160.49669,65.69123978356942,73.48961685804875,16.03733561945065,0.9347029737264795,0.35489845853892144,-0.0022798883786431454,-0.019293448176894473,-3.103896505456996,-0.009432533013529613,0.7255764198393944,0.3302764729747561,0.3719923811713666,-0.028692939461482426,0.0,0.0,0.0
1748023160.5882394,65.71885244314699,73.54109131100535,16.03520653845662,0.9346812019720839,0.35499210724416963,-0.003435795585186258,-0.018435015135914497,-3.1046823685704066,-0.006665872010717816,0.72582178370186,0.31620231466252047,0.3779892263534175,-0.01866024460302097,0.0,0.0,0.0
1748023160.6949725,65.7561658970995,73.58201138360818,16.033409548868452,0.9346683346554523,0.35500226952384767,-0.005015333020715084,-0.0185294160731609,-3.103384458665598,-0.0037806325996247677,0.7259007260047302,0.32145622313257693,0.37653977216453166,-0.010118341643114192,0.0,0.0,0.0
1748023160.7756689,65.78214304265985,73.65181944536178,16.02890003561289,0.9348665923999984,0.3545163366397052,-0.005967296339176474,-0.017521781997814772,-3.104592116642683,-0.001266264280029188,0.7249000222806172,0.32747264965208517,0.40096497990900637,-0.008482225205157479,0.0,0.0,0.0
1748023160.852544,65.82880166847501,73.70761123489538,16.025901502714788,0.9354983759035959,0.3528212363693103,-0.00595395896100814,-0.018014278260770643,-3.1036775007718287,-0.001571802627298507,0.7212750365014359,0.34027406475767974,0.41106656877042397,-0.0037024420050742086,0.0,0.0,0.0
1748023160.9592445,65.88645082806543,73.73604288942248,16.023503440132956,0.9367039194922618,0.3495464670137542,-0.005863388908754095,-0.019200397822475564,-3.1015125749291905,-0.0024383461197450057,0.714275523739343,0.3453750295311248,0.4125878101270415,-0.00046463488365846277,0.0,0.0,0.0
1748023161.0668397,65.9006111017583,73.80492691439458,16.02292786962088,0.9383109707281304,0.34517925205831496,-0.005401944477122569,-0.019865174440762197,-3.100572187671215,-0.003576692204580172,0.7049420907039922,0.34679550992117203,0.4206127777717108,0.009823867899870152,0.0,0.0,0.0
1748023161.2160203,65.93928979233779,73.85575718820468,16.02564694984036,0.940427307121171,0.3394132147513521,-0.004977083789085292,-0.01924521524773481,-3.102006015760042,-0.0037029982041592,0.6926553441931642,0.35329002378045155,0.4191281202919182,0.012187639598842425,0.0,0.0,0.0
1748023161.3072894,65.98557318518952,73.8865423322573,16.032090424556248,0.9429755039287965,0.33216841525036894,-0.004963014857397259,-0.02089764062798163,-3.098870181686323,-0.004523084889836034,0.6772690868750252,0.36269823160204123,0.4232779541910121,0.006834473284693511,0.0,0.0,0.0
1748023161.463829,66.00907437448996,73.91810731841457,16.030919637795904,0.9457615355580742,0.32405880522540687,-0.004917028632692702,-0.022289716107225518,-3.0962281701607814,-0.005145707149199722,0.6600951575854402,0.370206848851754,0.40127798462088005,-0.0036340653785452808,0.0,0.0,0.0
1748023161.6092026,66.06174284283455,74.00424363162325,16.026781030364464,0.948911752397148,0.31463548133214775,-0.0035606233883540917,-0.023628838535733387,-3.094489726627679,-0.008111596168045958,0.6401434919693177,0.3819336666752363,0.39865408952627807,-0.017204855553720914,0.0,0.0,0.0
1748023161.7044387,66.12536258448175,74.06056843132781,16.022564744506376,0.9523632644354534,0.3040722786630292,-0.0028299626402196396,-0.02315714174881526,-3.095745813973688,-0.008692694275063481,0.6179033804709071,0.3894720230956914,0.3935297624404595,-0.02563718626811514,0.0,0.0,0.0
1748023161.864435,66.16280469140824,74.11111590828207,16.019009813755805,0.9558981548158005,0.29277570286364046,-0.0016189969715616568,-0.023205264085010075,-3.096262892618993,-0.010492875113661251,0.5941848045672918,0.38984429193774484,0.3852041475807783,-0.032909512736596105,0.0,0.0,0.0
1748023161.9829142,66.27256741429343,74.22717762367283,16.01412339973103,0.9598962668437788,0.27938526126672414,-3.872798573831525e-05,-0.023303029555071488,-3.096815318091546,-0.012947058011465359,0.5661757858654717,0.4017657149359349,0.37003075047163375,-0.027492314787507716,0.0,0.0,0.0
1748023162.098967,66.30719213721548,74.25925487337074,16.008216937641603,0.9643307356566848,0.2637405538527206,0.0002755475476190578,-0.022518361282433553,-3.098290839820015,-0.012409766611239775,0.5336660192268393,0.38291428274789363,0.3492336447215589,-0.04216701068292311,0.0,0.0,0.0
1748023162.2554023,66.32453918545178,74.22362273137601,16.006818475948542,0.9683319872557435,0.24855753942788875,0.0007394379084357594,-0.023489684597197056,-3.0964494041914885,-0.013109494663375543,0.5022273803914612,0.3809380162567084,0.33316042351783554,-0.03766923293793996,0.0,0.0,0.0
1748023162.3778243,66.40141223500524,74.32607053793217,15.99817316446046,0.9720828821175113,0.23357353228113112,0.0010720944672520554,-0.022296320891161105,-3.098729263759861,-0.01250031575706042,0.4713543158516456,0.3744188022561092,0.3213982112757386,-0.04049926551287207,0.0,0.0,0.0
1748023162.4897394,66.43022978537704,74.33783894278639,15.996781029264996,0.9751163389485036,0.22046531441490586,0.0010444548083795256,-0.023282606592844913,-3.096628133476082,-0.012303254652082759,0.4444291612628283,0.36314564934062116,0.3198648045055767,-0.03362455526643554,0.0,0.0,0.0
1748023162.612432,66.46829201748318,74.3878625888118,15.990935136199543,0.9772625633128634,0.21082404086890905,0.002605708300019823,-0.02245699051813207,-3.098780978716933,-0.014562384003704205,0.4246342429503515,0.3498149933124581,0.29837875949378323,-0.034463477501443095,0.0,0.0,0.0
1748023162.686723,66.51340670250937,74.4326264647649,15.979947984884333,0.9790407135025572,0.20234389802586117,0.002531606056012532,-0.02301780195590429,-3.0975276875915476,-0.014272598908899935,0.4072977992209431,0.33220056677844617,0.28364665359245167,-0.04788223803860777,0.0,0.0,0.0
1748023162.8528588,66.54340128557469,74.47445300956215,15.974036306070996,0.9807639389475663,0.19377993837656224,0.0013229951125272392,-0.023445281545814024,-3.0960980247447267,-0.011681807912343927,0.38987051272952244,0.30720085003817227,0.2883842470274142,-0.06163153807789511,0.0,0.0,0.0
1748023162.9498394,66.57417230655054,74.51044089516273,15.967040246681188,0.9819880353823122,0.18758173004231257,-2.363409989968504e-05,-0.022640502683226864,-3.09710211848466,-0.008447572989577509,0.37730916332137393,0.2934357980917473,0.2814794470156678,-0.06684568515490837,0.0,0.0,0.0
1748023163.0758963,66.6031159506769,74.54598155883942,15.961079790891082,0.9822013815014129,0.18654562175983347,-0.003166306625387782,-0.02170602868576605,-3.0977578355907043,-0.0018784288554910366,0.3753399537269804,0.2799972662269918,0.27107854909044726,-0.06838336356301587,0.0,0.0,0.0
1748023163.1427262,66.62089100113353,74.5832633353121,15.954093974717006,0.9824111417651831,0.18523552239330895,-0.007149119729300729,-0.022473092052578008,-3.0947706075409145,0.005721151069776862,0.37286189403522163,0.2748618059189878,0.2729274991127923,-0.07309887313122582,0.0,0.0,0.0
1748023163.240461,66.65445525434637,74.59653060256308,15.945585236920328,0.9823885565436818,0.18553342826256572,-0.0077752627268389985,-0.02072718646341767,-3.0979681193613975,0.007585559074539257,0.3734874264777692,0.28996588041886084,0.24910277575440984,-0.08004556051046181,0.0,0.0,0.0
1748023163.3236299,66.68912088574844,74.62310148394366,15.93930919698749,0.9822594137642654,0.1860133927279838,-0.010159376789955465,-0.021499973501060934,-3.0955564399302755,0.011960006078820523,0.37458875691367255,0.2996115800893931,0.2580472968348774,-0.07307569885496062,0.0,0.0,0.0
1748023163.41245,66.72336208641993,74.64807508894822,15.932960440416085,0.9824121171637255,0.18515637665179044,-0.012482502832368587,-0.020681763902212075,-3.0963122816636957,0.016868003032401702,0.37295394269123755,0.31068427569920126,0.2637080597431841,-0.06916530086531418,0.0,0.0,0.0
1748023163.538705,66.76195874996787,74.67074893296072,15.927218515185386,0.9823216012141927,0.18525289844860168,-0.014495240637387139,-0.02270514045852023,-3.0915836767722813,0.02006693656494506,0.3732971723180377,0.33846959113772357,0.24787859073127072,-0.06470155656973729,0.0,0.0,0.0
1748023163.6059494,66.80604916719473,74.72230246370296,15.920390588730912,0.9823533593144363,0.18505666595662312,-0.015765569183159703,-0.022076110549457392,-3.092351827521311,0.022806033775319562,0.37295933524848884,0.35683468913078126,0.2622735543861839,-0.06203913833450959,0.0,0.0,0.0
1748023163.6801906,66.83532509639832,74.75951848855314,15.916025655575524,0.9823216013897041,0.18503986022499508,-0.01597206536464877,-0.023439596819675678,-3.0895944439187852,0.022706841441243956,0.37296693873645903,0.3764567419474363,0.2559541798936953,-0.0684961704484714,0.0,0.0,0.0
1748023163.83045,66.88138886749931,74.78648278547743,15.909032237704565,0.9823670747466153,0.18471419840130746,-0.015733793308152146,-0.024249600220972077,-3.088097727701835,0.021955994076858706,0.37230667659331074,0.41295176715054194,0.25113918163224225,-0.06798072335903013,0.0,0.0,0.0
1748023163.9121728,66.92142088198031,74.8252131209361,15.902300440112482,0.9824666771569627,0.1843694787336711,-0.014972379866550499,-0.02330131817650038,-3.090252534022488,0.02082913091765064,0.3715394164491738,0.4300815750434487,0.23686505744371047,-0.06301677585892304,0.0,0.0,0.0
1748023164.038126,66.96518170794198,74.86773722287344,15.897083454553691,0.9824920548985266,0.18437247385689198,-0.014457953225638812,-0.02251933688378869,-3.0919808434194485,0.02010711148998426,0.37150001371987473,0.45031581508121843,0.24606465188123772,-0.05369087861801953,0.0,0.0,0.0
1748023164.1362348,67.02913734166493,74.88465462895641,15.891420493975474,0.9826067158014723,0.18405579912994546,-0.013923688982642927,-0.020338037112679293,-3.0964743821903196,0.019877662248416823,0.37078465166667257,0.47312225485874265,0.24710761651710517,-0.036560823934612276,0.0,0.0,0.0
1748023164.2344503,67.09788034304563,74.89350459099614,15.889266940259432,0.9825860263675322,0.18413834730793088,-0.015374961428574205,-0.019528963081460946,-3.0975267053583755,0.023024416782908064,0.37101348375336424,0.48495977052279515,0.22586104878243074,-0.04251647995976721,0.0,0.0,0.0
1748023164.3393624,67.14744639960263,74.94009723811506,15.883860983210967,0.9826247205041986,0.1837132943091075,-0.016555353312660493,-0.020591367726164107,-3.0950112405998125,0.024972178245908225,0.3702377261846399,0.5037555438751243,0.24296319653702328,-0.03248267284566418,0.0,0.0,0.0
1748023164.4649365,67.19677178864353,75.00309225522506,15.883758187969706,0.9826813224609269,0.1835436440388679,-0.0182120969832924,-0.01781765256279357,-3.09985910729742,0.029256914984828148,0.3699121597513495,0.5279525322748606,0.25265849062202916,-0.024270811012642453,0.0,0.0,0.0
1748023164.5396044,67.25707235048412,75.03246808667771,15.883714155187521,0.9825210197499501,0.18396282735242264,-0.02012914449082735,-0.02012315691158936,-3.094602200516261,0.03215633094215053,0.37094059145966995,0.5511354934875312,0.2696452389832085,-0.027880030277638194,0.0,0.0,0.0
1748023164.6435719,67.33631475195173,75.04009293067028,15.882189071850345,0.9827014909358814,0.18319581023270767,-0.01975174142499766,-0.018626420382287328,-3.097710817161474,0.032001028726914175,0.36931233227000676,0.6081513178747235,0.2623237082401162,-0.024986322109823333,0.0,0.0,0.0
1748023164.7882092,67.42110877228681,75.05952106522378,15.880275240137754,0.982649185100475,0.18360400359091825,-0.01846568712008039,-0.018686018461447566,-3.098055700317348,0.02943317873564239,0.3700729061368179,0.6442160760721337,0.25857817399637006,-0.014706512133927074,0.0,0.0,0.0
1748023164.8541224,67.5009344721795,75.07633839557568,15.877289947036541,0.9827112673747794,0.18351009138008884,-0.016291995841961077,-0.018362521826040087,-3.0994971661420587,0.025283933468617376,0.36975682315439584,0.6691187776046905,0.2544572897193334,-0.00589227123549754,0.0,0.0,0.0
1748023164.998977,67.5784058908044,75.10868024802723,15.878195533543876,0.9828769795405021,0.18272319977197465,-0.014544880080498108,-0.01880217588138988,-3.0992942399595993,0.021722176361667102,0.3680757064313293,0.6760737676402655,0.27208373066991703,0.010506341830856252,0.0,0.0,0.0
1748023165.057332,67.69568405221334,75.13533662835819,15.891668181713415,0.9827964063677399,0.18305968582607862,-0.013213937802792824,-0.020634119890553578,-3.0961731804291155,0.018419711737554325,0.3687259004330568,0.7128830777796358,0.2726670685559449,0.023967936026205394,0.0,0.0,0.0
1748023165.1398365,67.76535123901635,75.17595249697344,15.89661090897441,0.9828541957352273,0.18275584519684865,-0.013089155188384289,-0.020654418135108144,-3.0961847466445898,0.01818103251106077,0.36810161800196284,0.7151755693220758,0.2853288216940975,0.037193164093846716,0.0,0.0,0.0
1748023165.2311118,67.83744517225534,75.20606728073045,15.901502067845415,0.9829470588147875,0.18213921005814496,-0.013718983252997781,-0.0212644592044473,-3.0947656869640494,0.019225069126195423,0.36689213686205957,0.719368454740751,0.2782420114054657,0.033079665661708196,0.0,0.0,0.0
1748023165.3116343,67.91011703942618,75.20076420666757,15.908563051144029,0.9829652214997552,0.18184540962131418,-0.015971060373621265,-0.021366926595460852,-3.0937466295139355,0.023629237557399554,0.3664227395691638,0.7296483506130581,0.2557356474442665,0.04649373463277962,0.0,0.0,0.0
1748023165.4012702,67.99434940307253,75.21275621412013,15.917899378061414,0.9829186028324585,0.1819882197865776,-0.01835127394086203,-0.02036022616642201,-3.0948521152932855,0.028668901483889363,0.36682541826018467,0.7443221797165048,0.24717249568880936,0.047892369442086594,0.0,0.0,0.0
1748023165.493093,68.08579869067137,75.24743715917218,15.920217215394528,0.9829014227757965,0.18173385907931044,-0.02109640834850472,-0.02079757496079034,-3.092993787689901,0.033918635824693885,0.366485514208092,0.7757700004500278,0.25311582291540957,0.04698473426883412,0.0,0.0,0.0
1748023165.5907574,68.17680247784646,75.27261131102841,15.921678891552405,0.9828541643567414,0.1814365663000436,-0.026517458622710672,-0.019372361860500346,-3.09382302212353,0.04511117842654677,0.36617113173540594,0.8104716604226333,0.2511246668147738,0.026231203856940336,0.0,0.0,0.0
1748023165.682094,68.2755114484278,75.30863702300881,15.921617115710996,0.9827297925067652,0.1816214402349352,-0.03005731737014616,-0.018771388843358862,-3.093696411039585,0.05228168348561037,0.36675486140747326,0.8633264133466705,0.26797126910823604,0.031465900005895574,0.0,0.0,0.0
1748023165.7926986,68.37361468892914,75.33676569123396,15.925556694848611,0.9827269566649374,0.18137020979893065,-0.03304941937453837,-0.01613417244756976,-3.0978027982569514,0.05913906057089986,0.3663043218818667,0.9171390983781886,0.28612217781057514,0.04608092743841084,0.0,0.0,0.0
1748023165.8915,68.47152500336863,75.33024884399539,15.926116779968364,0.9826589520715641,0.18157494329056842,-0.03371197287050372,-0.016595986497371817,-3.0966370413762125,0.06026438462108185,0.3667917947868508,0.9664077689186107,0.2785336483455052,0.049914014638767726,0.0,0.0,0.0
1748023165.9783826,68.58430160425448,75.34796751333107,15.931806249246284,0.9827035757657749,0.18154090894724823,-0.033354314297465965,-0.01496897703627681,-3.0999749032636186,0.06015611964333188,0.3666056771342265,1.018837386927518,0.2922537196592815,0.049018868294161855,0.0,0.0,0.0
1748023166.0769572,68.69016488124853,75.41186479222603,15.937682377034227,0.9827861432370427,0.18130650796501024,-0.03155136482039432,-0.016243712899551576,-3.098141382951166,0.05615581624734878,0.366082561281939,1.059646398281849,0.31840302026041406,0.06334353899167638,0.0,0.0,0.0
1748023166.1667945,68.79560695561736,75.4365818360901,15.952166898885961,0.9829677854738194,0.1807828159297921,-0.0293360698844679,-0.015208589314064928,-3.101020258083765,0.05219761972904575,0.3648247953009791,1.1016297066531617,0.3182628229867742,0.04486035142809637,0.0,0.0,0.0
1748023166.273537,68.91068095798457,75.45146350909485,15.95692363709849,0.982925923364815,0.18119559683930397,-0.027284685331500105,-0.01674308244725436,-3.098728868770811,0.04758806288816227,0.3656132816444392,1.1232892879432101,0.3196603624568915,0.035848745269871925,0.0,0.0,0.0
1748023166.4147449,69.04740758861645,75.49908491015488,15.953487188165285,0.9830497694067851,0.18077447156054158,-0.024745577241989204,-0.01792756838599018,-3.0973447461457204,0.04218308367220699,0.36465297187053014,1.1599737830993122,0.3326143410166711,0.025440312332589372,0.0,0.0,0.0
1748023166.5071602,69.23678930093938,75.52935247639662,15.95651589947879,0.9830924564520931,0.18068897894202385,-0.023343984433442863,-0.018324119259859235,-3.0970790098993213,0.03928676261249922,0.3644103928491309,1.2135139464908924,0.31352704663327846,0.020953395105917674,0.0,0.0,0.0
1748023166.6325872,69.35618502079717,75.5864484496032,15.957786046434808,0.983070542077178,0.18090289465364057,-0.021892003980836627,-0.019162258940955496,-3.0959506941186334,0.03611760416472059,0.36478909692675643,1.2180183577280561,0.31549705506773856,0.012892832909754643,0.0,0.0,0.0
1748023166.7663498,69.46600049389222,75.6013661328031,15.959241310210677,0.9832362839089203,0.17990428230470412,-0.02356449920933315,-0.018043657900216496,-3.0975824394448632,0.03985723064031321,0.36281681694561735,1.2290926036360792,0.31806314438897076,0.014707532927831559,0.0,0.0,0.0
1748023166.8480306,69.60814401606933,75.61548059702878,15.960191083686288,0.9831300475465229,0.1802588127384599,-0.025888999859445764,-0.017083024543979364,-3.098613277858232,0.04476072089957945,0.3636377766463705,1.2583172166988543,0.2963784164633423,-0.011716770926310047,0.0,0.0,0.0
1748023166.929079,69.73738401376211,75.65938758304763,15.961064051362262,0.9830646081549009,0.1803061021839873,-0.02843829550343325,-0.016277255829160533,-3.099268619323014,0.05006449798474547,0.36385211345980206,1.2906695700684263,0.32307937974170864,-0.009183015318383444,0.0,0.0,0.0
1748023167.0287611,69.87759565535713,75.69331006394253,15.963524701021408,0.9831870059652011,0.1795865645919155,-0.02952385578846138,-0.014843148541988867,-3.101735322958508,0.052748140017239896,0.3623834276349225,1.3307368212411061,0.34164372986355307,0.01604193903608696,0.0,0.0,0.0
1748023167.1368263,70.0259424333589,75.75141174573984,15.96553408803447,0.9831623132736751,0.17989710876498974,-0.029035301246679798,-0.013632582215722765,-3.1042803464918443,0.05221162234223085,0.36292641964769395,1.3704724478849761,0.3535613723894525,0.02595138014634109,0.0,0.0,0.0
1748023167.2927446,70.17369081574383,75.78725857765592,15.964421938530375,0.9831474295009288,0.1800439062649738,-0.028467460847117057,-0.013961638710543916,-3.1038311669769705,0.05097007270569093,0.3632089988470954,1.4134676233395593,0.3775244910885755,0.026824889644530548,0.0,0.0,0.0
1748023167.4409847,70.30878164860887,75.83335096865866,15.965361676153458,0.9833361876851365,0.1790912339929515,-0.027977551206063624,-0.013911452988667085,-3.1041566834655607,0.05006074526004947,0.36124053502670794,1.4273505456609394,0.38897028288127966,0.04162748788587011,0.0,0.0,0.0
1748023167.502263,70.43516901346706,75.84855076625185,15.974164067957485,0.9833490446645008,0.17921017399371386,-0.02695656993483826,-0.013480105040568855,-3.105369588111424,0.048202554806939676,0.36140600742009243,1.4426412948927672,0.404162711668438,0.05388543772737843,0.0,0.0,0.0
1748023167.6033933,70.61537852247571,75.90707825969582,15.981273339752718,0.9833109850826237,0.17918827858670114,-0.02724858223287484,-0.015766489757499308,-3.1007624039234467,0.04795569905595341,0.36148261769823004,1.4725054375629938,0.41495785787123296,0.06342089771752459,0.0,0.0,0.0
1748023167.696812,70.7833022403059,75.96222167389733,15.983025138483333,0.9834200052744897,0.1786220092074008,-0.027414413700091445,-0.015090426571642671,-3.102061704634103,0.04854786923243719,0.36030931269789723,1.5004948490129761,0.4425340967635862,0.0648661584149054,0.0,0.0,0.0
1748023167.8210623,70.9288451641183,76.01428194776791,15.982793974421654,0.9832971614361824,0.1789332611875024,-0.029138239873416984,-0.01614135463430724,-3.0993529033285494,0.05154947444906002,0.36109530305420057,1.5204912202583782,0.45238220426413506,0.05695221995706786,0.0,0.0,0.0
1748023167.933075,71.03536414164364,76.0369278082208,15.98931420998743,0.9831924789410409,0.1793379055044872,-0.03001405362368818,-0.01642015798063313,-3.09846472428807,0.05315469729468432,0.36198703978138297,1.5258607136350641,0.4554230591015715,0.05330798748589093,0.0,0.0,0.0
1748023168.0188234,71.2122477752135,76.09784805743168,15.994941913109008,0.9832087162224589,0.1788061538757011,-0.03309194218930371,-0.01529388905750892,-3.0995974154507473,0.059638636202302295,0.36104042278179665,1.5632448701904242,0.4614856758871536,0.04026428066639435,0.0,0.0,0.0
1748023168.1130078,71.36773350545747,76.14154647280274,15.996187188368257,0.9832624375995475,0.17853439176113917,-0.03339012045166364,-0.014337001796043108,-3.101391459560797,0.06058025445599734,0.3604514903629938,1.6028899548181814,0.4661777816400211,0.027379738281757594,0.0,0.0,0.0
1748023168.233537,71.52303012639581,76.1905167168451,15.993198580320344,0.9832180862642139,0.17882771140680506,-0.03399659335996885,-0.012127494211838502,-3.10550724725042,0.06255545738943295,0.3609558500171349,1.6426415696917844,0.4976703205267709,0.03245444062463319,0.0,0.0,0.0
1748023168.3381205,71.70081037309227,76.26565391554637,15.996530405898698,0.9832905560114309,0.1785041204599628,-0.03427759291444728,-0.010050276689602995,-3.1095197124392877,0.06386504118986223,0.36018820055491063,1.6713240382093177,0.5236379492031993,0.03815394887930119,0.0,0.0,0.0
1748023168.461525,71.87318314751322,76.32924442269575,16.000005022148628,0.9833813606513844,0.17820766688157602,-0.03283327873374796,-0.011184936103946509,-3.1078238086922996,0.060625917518131164,0.35957145737098434,1.7052473952886804,0.5600096195612224,0.04707858662715519,0.0,0.0,0.0
1748023168.6253848,72.03719460476337,76.37647126514904,15.999855642977908,0.9834961234696872,0.1780555523276913,-0.030946077851815086,-0.008598585405063643,-3.1136086164250396,0.057840889842911254,0.3590165453229688,1.738024496490839,0.5757643492784753,0.05532079724787123,0.0,0.0,0.0
1748023168.7327163,72.23733159162532,76.44708070858444,15.99765146400297,0.9834879048951572,0.17859118679598088,-0.027680440122411616,-0.009514313341854038,-3.1129500080942565,0.0510706086613577,0.35999607777558557,1.7709079140368613,0.59952046762837,0.06557827656763772,0.0,0.0,0.0
1748023168.8776195,72.4290873771107,76.5266801764269,16.005789555579597,0.9837271492219862,0.17765860120850985,-0.02512700301046861,-0.009324753076183198,-3.114286121424455,0.04613935371126819,0.3579732333464633,1.7841991983902703,0.6267148107617121,0.06942677486417925,0.0,0.0,0.0
1748023168.9907506,72.49586979890044,76.54261255586577,16.01089000808008,0.9837715458986486,0.17777438365390635,-0.02175818574180404,-0.010788667660202401,-3.1126033061594116,0.038984144255144106,0.35812046368700073,1.7692058324104225,0.6398648141370994,0.0714095117684132,0.0,0.0,0.0
1748023169.1156638,72.70063925206804,76.6181333149255,16.017737118154503,0.9837469216907732,0.1781987805992763,-0.01934657531888053,-0.010625379065691998,-3.1137722785268847,0.03428412451670234,0.35887649519977627,1.7799088241100585,0.6489802155612244,0.06469775554205083,0.0,0.0,0.0
1748023169.2319667,72.97388357002481,76.72434619538001,16.019904617354328,0.9838697301508028,0.1774997127246759,-0.018976022151731893,-0.011580874705354542,-3.112047421004146,0.03323478163330758,0.3574706874850194,1.7949596722680672,0.6745575588673943,0.06348555102032648,0.0,0.0,0.0
1748023169.316754,73.14374727282424,76.77257522179151,16.023654310818145,0.9838751591241486,0.1773614952095513,-0.01967268838071337,-0.01206468430332351,-3.110850945579522,0.03443812470372927,0.35723503526120687,1.8074975981219783,0.6648076346204116,0.04629973381374308,0.0,0.0,0.0
1748023169.4394546,73.29791841692463,76.81863859528234,16.025631128438256,0.9837686692410988,0.17789982107598032,-0.020039965128478898,-0.012217155085408875,-3.110400476331599,0.035089720729624185,0.3583506207684365,1.8078189153969024,0.6587452345027169,0.036298763048305496,0.0,0.0,0.0
1748023169.517728,73.36425505822395,76.83136160814985,16.02871658340275,0.9837728449840004,0.1778633629804278,-0.020502700778739235,-0.011629825542807663,-3.111392697142194,0.03621087371542223,0.35827688363618304,1.774452154388607,0.6449542428916433,0.03556184579371572,0.0,0.0,0.0
1748023169.6341615,73.54296102296287,76.89773721405619,16.033971238123797,0.9838980541537391,0.1772846705792611,-0.019553067637640927,-0.011508351578164003,-3.1119918105430715,0.03440272757566682,0.35705548359305445,1.7772443044639599,0.6403151582017654,0.03327098214889884,0.0,0.0,0.0
1748023169.711077,73.73465284131376,76.9728937420001,16.03590390639374,0.9838555827766563,0.1774142218361944,-0.020438138437399552,-0.011604681239804267,-3.111481787631676,0.036106526945319024,0.35736005449595704,1.7998474872442436,0.6548645720627368,0.036543173546166145,0.0,0.0,0.0
1748023169.9028842,73.95806909292666,77.05764049131031,16.037271033592752,0.9839253932711847,0.17728433234260096,-0.01844914322786611,-0.010987042192542016,-3.1134117738233424,0.03241517650828812,0.35699267139083823,1.8101063168768199,0.6660254074461138,0.035791709477802164,0.0,0.0,0.0
1748023169.9809184,74.19315374848684,77.16391513057569,16.03894594857715,0.9839582397465486,0.1770844286317154,-0.017652491011177357,-0.012477064244165505,-3.110767820087629,0.030324287678538595,0.3565980853509707,1.8347740973472453,0.6876473993214093,0.03452408249664892,0.0,0.0,0.0
1748023170.1044898,74.392380483356,77.24296429543021,16.04571565893638,0.9840825459986453,0.17657993010036888,-0.015881454254037464,-0.012200424474173967,-3.1119564120551613,0.026951886546627793,0.35549278489401515,1.8366737498054735,0.6906447152711362,0.03886104832208774,0.0,0.0,0.0
1748023170.2567723,74.57883778803212,77.31827422079746,16.04768111636411,0.9841365363264816,0.17651403167843624,-0.013643653804120758,-0.011485869527958143,-3.1141581613404687,0.022801577870612266,0.3552573434994273,1.843287199079754,0.6901490251048432,0.03862240662241394,0.0,0.0,0.0
1748023170.3461673,74.59571118481499,77.33291876201817,16.052803114470457,0.9842633130925588,0.1760831849517899,-0.010227604044081007,-0.010762833865253075,-3.1167980588160753,0.01634373035705816,0.3542541482002404,1.7670827781998901,0.6809658839680278,0.041597571041770406,0.0,0.0,0.0
1748023170.4738548,74.78117257337914,77.41048290148423,16.05741917512312,0.9842456029365776,0.1763204967939629,-0.009392658761306563,-0.009135287173185288,-3.1202935918054813,0.015268482667168891,0.3546876111444496,1.7607835269745038,0.669751568313615,0.04222696314473835,0.0,0.0,0.0
1748023170.623258,75.09020181492345,77.53117972279085,16.055395222206272,0.9842296661099645,0.17639092646002108,-0.009575813088401493,-0.009301033025371814,-3.1199014456594663,0.015568991935507058,0.35483815021089327,1.7909043390617732,0.7068676376786668,0.04291861894706858,0.0,0.0,0.0
1748023170.7002687,75.2747924207019,77.59372149457701,16.056865614362316,0.9842521655472223,0.17629959252416436,-0.01046657894306157,-0.0075219024618621904,-3.1230912122068917,0.01795225357313264,0.3546476086823669,1.7944816712803449,0.6944608827204706,0.0341083476213019,0.0,0.0,0.0
1748023170.8799834,75.44729900052683,77.65836539305386,16.057533852304708,0.9842539458343248,0.1762948713819312,-0.00947108291025028,-0.008636377857502597,-3.1212485905617453,0.015599435863948111,0.35463029188912254,1.7861141824557918,0.7198647644686971,0.035695053402608354,0.0,0.0,0.0
1748023170.9872959,75.56035936103267,77.70925057026209,16.056059676355794,0.9843491447871705,0.1758479044957637,-0.008875572429037486,-0.00744982249934168,-3.1238017981499606,0.014853799115454263,0.3536901816291419,1.7466028707996588,0.7028892564416326,0.02448806091853619,0.0,0.0,0.0
1748023171.1053839,75.73135161176023,77.78272243211697,16.05575672522467,0.9843185789987997,0.17592820418081553,-0.00980938779805729,-0.00836528077977034,-3.121668968136998,0.01636847858304105,0.35388997514420945,1.7309654821617555,0.7093564723761773,0.03717455634157925,0.0,0.0,0.0
1748023171.2852616,75.92225218923402,77.86337988802684,16.055737532089346,0.9843443331645411,0.17567566678274327,-0.011918465285077038,-0.007889490005183429,-3.121867633493074,0.020693241503674024,0.3534246970300924,1.721130747286211,0.7246583531442945,0.03431857379319501,0.0,0.0,0.0
1748023171.3544497,76.1257287193782,77.96787366566208,16.053196876310817,0.9842339943183022,0.1760755416698711,-0.015306092283768238,-0.006824338275819113,-3.1227607526154255,0.027729908246886148,0.3543079210138602,1.7295114198017048,0.7291507498309816,0.019049048089632137,0.0,0.0,0.0
1748023171.4470685,76.3032598108414,78.04408349639479,16.05565727413873,0.9841660749650959,0.17606138318752088,-0.01849863789008383,-0.0087935563969168,-3.1177547335157967,0.033321218053148804,0.354440048914003,1.7339380730476088,0.7508599992087477,0.025484288707810658,0.0,0.0,0.0
1748023171.5319998,76.48173098604667,78.12537855676544,16.057769312879177,0.984314573976669,0.1750430507622807,-0.020839018231223843,-0.00710529071333603,-3.1202920885601624,0.038546379988526135,0.3523957982521813,1.7540257860037087,0.7571612539151449,0.043620837450152036,0.0,0.0,0.0
1748023171.622314,76.66896410632562,78.21374850546368,16.06328672707663,0.9842610277844706,0.17511961483420638,-0.02261796016591849,-0.007195662784627769,-3.119484825296244,0.042016111172316024,0.35261929269296527,1.7688449516008788,0.7675817977813839,0.04945847929882426,0.0,0.0,0.0
1748023171.7448692,76.85323300084536,78.29736360390983,16.066671760054675,0.9843555177641728,0.1745339611834311,-0.023129245339291414,-0.006866516648406408,-3.119978988087069,0.04315131014153462,0.3514345365481828,1.7869532544387385,0.7842084133898738,0.0627127861646088,0.0,0.0,0.0
1748023171.8186688,77.03851927165516,78.39178234744675,16.073350575850444,0.9843824648633754,0.1741211006253226,-0.02445773057240162,-0.008650121489291531,-3.116016528826704,0.04515452779617329,0.35072295971664086,1.8168933050680987,0.8157486484484917,0.07739377600371147,0.0,0.0,0.0
1748023171.979744,77.21657571073852,78.47346583600377,16.077478875965127,0.9843439510522036,0.17439777513836366,-0.023230378460662254,-0.01061845423309325,-3.1125558439796435,0.04204207950629968,0.3513143972582503,1.8257945988315498,0.8112075536497346,0.07310772106953779,0.0,0.0,0.0
1748023172.0579839,77.57676756438522,78.64350110922015,16.086348206735643,0.9843558606878119,0.1745077108030658,-0.02064118550581516,-0.012827309177885306,-3.1091083346981763,0.03616749965746618,0.35150384151699926,1.9197696704050424,0.8533359751823425,0.08316389865780068,0.0,0.0,0.0
1748023172.2104063,77.67664450989635,78.68802193439117,16.094432994398915,0.9845471487375779,0.1735062657550904,-0.020127564921931785,-0.012544671647484578,-3.109881442520827,0.03528723780283799,0.34943639770077267,1.8906716205255654,0.8387083023817867,0.07878269737775583,0.0,0.0,0.0
1748023172.295516,77.73573985517787,78.70967897636172,16.104280054188052,0.9838897785497834,0.17734022102882377,-0.01794072756797959,-0.013765172176102776,-3.108120865393717,0.030425853745389596,0.35716781586667257,1.8460880849100216,0.8217599441358567,0.08914933752060857,0.0,0.0,0.0
1748023172.3875465,77.92115732836457,78.77941146835403,16.11138591294269,0.98334351880313,0.18028506049612095,-0.016490325868511617,-0.016152094060485962,-3.10385831032103,0.026610488071911558,0.36315235870252754,1.8464800904167538,0.8314255941469942,0.1099559398345889,0.0,0.0,0.0
1748023172.508791,78.11026807629533,78.85974543998086,16.12096318164292,0.9828418828140617,0.1829945343909597,-0.01658906537902016,-0.016113245464417465,-3.1038252412977085,0.026714762311880726,0.3686672803875253,1.8616614559278426,0.80649158601834,0.1022502999141025,0.0,0.0,0.0
1748023172.601876,78.46704526160917,79.02177005716561,16.136005958657194,0.9821052005258839,0.18694735875498064,-0.015402726655999007,-0.01681713905843591,-3.1027803668831377,0.023968651362148877,0.37667182118632586,1.9288587667251536,0.8359364055528742,0.10247239854820685,0.0,0.0,0.0
1748023172.7026858,78.68467554452991,79.13617874376078,16.149143708693483,0.9811182120443902,0.19209371935483743,-0.015021160633164402,-0.0167756285270275,-3.1028840331657457,0.02303211905662208,0.3871354439925725,1.9238654486142537,0.8429672805900927,0.09984642051268838,0.0,0.0,0.0
1748023172.8553617,78.91518220913692,79.24736898503916,16.16177141743231,0.9800210909503584,0.19774320418882596,-0.013770069268698212,-0.016330085178620685,-3.1041224583670934,0.020533032654478534,0.3985870787178144,1.9395543837986007,0.8236116904357302,0.09720289964052062,0.0,0.0,0.0
1748023172.9704218,79.08966142646199,79.30385712420282,16.175020865906895,0.9790379567017296,0.20259735375866003,-0.014764612608045893,-0.014865994814507753,-3.106484958805807,0.022888608358086808,0.408511803461694,1.9201797048259126,0.8093153058270609,0.09507330604803854,0.0,0.0,0.0
1748023173.1060367,79.25782794528672,79.36550979879247,16.179376655625862,0.9781985298428454,0.20667931292645464,-0.017050393604626398,-0.010980978985136737,-3.1130458394451606,0.02882224791079353,0.4168578951968911,1.9030327953014743,0.7990284870427078,0.08624203533125623,0.0,0.0,0.0
1748023173.211403,79.43924849908231,79.43982931589997,16.189816741272107,0.9772957712638528,0.21079848711356272,-0.01966206793375031,-0.008389063415714512,-3.1168884367850853,0.03490159323619733,0.42531321156054946,1.8998115452696327,0.8113882634370913,0.08813392280865653,0.0,0.0,0.0
1748023173.305342,79.53672962943557,79.47406637717718,16.20253602262144,0.9766982861226583,0.21341028210344803,-0.022222483200280408,-0.004761367240822111,-3.1227895924066456,0.04138888885051368,0.4306307289642897,1.8705194879141527,0.8042250863027557,0.07422166390080746,0.0,0.0,0.0
1748023173.4099762,79.71628194305478,79.55366041585303,16.212181288372435,0.9764357919986765,0.21455032449562192,-0.023027794013660965,-0.0033201002402417205,-3.125211412255143,0.04355944122502703,0.43293861738712464,1.8751666175940809,0.8331892749810189,0.07371794459540065,0.0,0.0,0.0
1748023173.5017838,79.90257414987667,79.63863250519877,16.220954144500773,0.9764800431761778,0.2142511576792857,-0.02410991852689586,-0.0013705985416957902,-3.128570320354524,0.046515175955097535,0.4322811391512564,1.8770893376118825,0.873474723524445,0.07442989913933044,0.0,0.0,0.0
1748023173.6225638,80.0851869467347,79.72536782143798,16.22863184461547,0.9765382428131495,0.21402791739743612,-0.02372418285046354,-0.0015079940319843517,-3.128478079702697,0.045705549487565986,0.4318167902463369,1.880115357340213,0.8940103845682144,0.0746098916374072,0.0,0.0,0.0
1748023173.76324,80.34726881509346,79.86947984977313,16.242351393563162,0.9765638772187956,0.21397669302129615,-0.02288553631420945,-0.003636039421427067,-3.1246805096034116,0.043155715168213926,0.43177094325214,1.9221643411605,0.9516498614317608,0.08422045427813561,0.0,0.0,0.0
1748023173.8491132,80.55197041569498,79.97281173051604,16.24793376451957,0.976747487795409,0.21339316607479183,-0.020317012237185794,-0.00386274147308781,-3.125363325590871,0.03804979672811669,0.43049588800024663,1.935888928560458,0.9695367712956151,0.0770863013268771,0.0,0.0,0.0
1748023173.9737241,80.72707038589232,80.05018059092141,16.250594737893145,0.9764312857571017,0.21486163412745984,-0.018646025777281815,-0.008291447251461517,-3.117372526972179,0.03285600915600292,0.43358989128926045,1.9047559063332657,0.9538238786687077,0.06698577965325804,0.0,0.0,0.0
1748023174.0749283,80.95329289802486,80.15390928231896,16.26238034304704,0.9757302420973599,0.21802778345040652,-0.016942190971542263,-0.011284611885824164,-3.112167544706854,0.028145014023426073,0.4400931053218302,1.916732146813187,0.9633236271586137,0.05737258635108342,0.0,0.0,0.0
1748023174.2230635,81.11547413545252,80.23304931771946,16.268313718182984,0.9741957374094213,0.2246799308426621,-0.016022056512752444,-0.014313895170514101,-3.1064859196691,0.024787686667147455,0.4537707569755084,1.8990584446200356,0.939553024528271,0.048405037897990125,0.0,0.0,0.0
1748023174.3108983,81.36129355359091,80.34113613978472,16.275795115087764,0.9729176332606463,0.23014078124764392,-0.01604217613611864,-0.014461959827233202,-3.106049943354458,0.024561328009911978,0.46499160687753976,1.918970561493017,0.9292385833727559,0.04582200059976985,0.0,0.0,0.0
1748023174.4127247,81.5434134574515,80.42737409564172,16.278517290123702,0.9719449893951507,0.2343547555506143,-0.016863542853755676,-0.010789210485106107,-3.1127003889202554,0.027727419103888012,0.4736068267301494,1.923895607395918,0.9237902714603727,0.024712233149105686,0.0,0.0,0.0
1748023174.5567148,81.73125757818622,80.51357723691119,16.275462798203755,0.9712325252218355,0.23752393622377757,-0.015413556730382196,-0.007223845298662482,-3.1202292774078977,0.026511728526802444,0.47998616847966835,1.9326558298033998,0.9043361306349025,0.016058232908570374,0.0,0.0,0.0
1748023174.6659582,81.83947888971412,80.54728517128358,16.26920987844326,0.9712882219706926,0.23742314029795578,-0.01497132710251966,-0.0023025370479540903,-3.130005921701057,0.027993252089619537,0.479642829767769,1.8786753226878654,0.92016697667367,0.026732736879561524,0.0,0.0,0.0
1748023174.8143318,82.03900470088863,80.65194915151564,16.274617491693828,0.9712100560956873,0.23775900782707296,-0.014789095692760084,-0.0017215644885830654,-3.131211940972428,0.027911625977414648,0.48031524491351163,1.8738402110587649,0.9460123824047958,0.038181671463879775,0.0,0.0,0.0
1748023174.9376352,82.25570360059068,80.77135571438319,16.274710746077474,0.9713015513689641,0.2374490957524178,-0.013557168247480255,-0.0027251465488202582,-3.1298565509869363,0.025044647996264983,0.4796717151722562,1.87862123174479,0.9832691876120926,0.039260397159604665,0.0,0.0,0.0
1748023175.0234675,82.45820989128606,80.87615108948468,16.27317484194184,0.9713656413131873,0.2372454496146485,-0.011404443534422645,-0.005772883251352785,-3.1249622864671136,0.019417808878869687,0.4792600985904584,1.8647530225613211,1.0139314483186326,0.04978351186144415,0.0,0.0,0.0
1748023175.186359,82.6667384623253,80.99922516975445,16.280910379777964,0.9714004277491217,0.23707176640342115,-0.010939837063943757,-0.0076489547128608835,-3.121540745834001,0.017628135376730598,0.4789213904085721,1.8522440344012794,1.02146379761988,0.05545691896828872,0.0,0.0,0.0
1748023175.2440708,82.99913927960667,81.18980201860802,16.286792892538553,0.9713821570981005,0.2370006378923347,-0.01135298279658119,-0.010886335089842637,-3.1150548393649498,0.01689683712077534,0.47883930890288473,1.89631813595043,1.0679167660515054,0.060505789745730086,0.0,0.0,0.0
1748023175.3464823,83.19625304702343,81.29089879753145,16.2920842708811,0.9715802236511878,0.23620924101641433,-0.011162105707331336,-0.010605228169913038,-3.115705316401162,0.016680430032787182,0.4771992340113674,1.8845596987915814,1.0591062414993349,0.07504562448206681,0.0,0.0,0.0
1748023175.4450607,83.10659380189921,81.23861234856231,16.293915402047592,0.9715164744515403,0.23653220556196042,-0.01024960470215508,-0.010158799372654452,-3.1169997624055332,0.015110128180609153,0.47782695947401815,1.726406027813879,0.9953314730523944,0.06067188396381273,0.0,0.0,0.0
1748023175.5167556,83.26404843256324,81.33563407344069,16.30305667940447,0.9716234460202882,0.23611480316739883,-0.010568172510859378,-0.00927321943348012,-3.1185768586115348,0.016158182729458896,0.4769652986769604,1.7036242873617813,1.0116734783736332,0.05896278759429533,0.0,0.0,0.0
1748023175.6765559,83.44883352081202,81.43879005098968,16.30925108441329,0.97165703664721,0.2359649343279547,-0.010452006275863204,-0.009690638078867778,-3.1178229043324355,0.01573887911194515,0.4766592507807844,1.6914841723850775,1.00714904887862,0.05299237940846878,0.0,0.0,0.0
1748023175.82793,83.63248515286483,81.54273819648014,16.310115975143816,0.971564864782529,0.23630630191664717,-0.01083204004866147,-0.010183913931721139,-3.1166787685217723,0.016235726246851802,0.4773814789912175,1.676853620054443,1.0043275922221087,0.03842895991237271,0.0,0.0,0.0
1748023175.9268076,84.04667811983714,81.7920143420796,16.315624509097148,0.9715571332525572,0.23633371731919323,-0.01134738636731002,-0.009713274771954137,-3.1173490415210816,0.017459006622698687,0.47744780535874043,1.772037376383631,1.0757550944314933,0.04738079208233617,0.0,0.0,0.0
1748023176.044831,84.2305972126489,81.90781217073206,16.318432838971198,0.9716219534716145,0.23606239703567625,-0.01286529912816112,-0.007733583652971032,-3.1204840093036097,0.021350819670450553,0.4769035454474853,1.759818219229201,1.0861329868291547,0.04852197202046131,0.0,0.0,0.0
1748023176.1281407,84.4227526525137,82.03067218889811,16.320926256422045,0.9714873403288153,0.23663284004910992,-0.013206353701899888,-0.006545136594246689,-3.122619537230276,0.022563936963825287,0.47806457829253296,1.7529193524765598,1.0975454674299479,0.04349744931736893,0.0,0.0,0.0
1748023176.2628202,84.59998958289927,82.14616562017694,16.324098823778215,0.9715676975032312,0.23619632803687857,-0.015055407477664005,-0.0063905004378734765,-3.1220550142997943,0.02623888039597282,0.47722047749347335,1.7434494070621007,1.1360194486231587,0.043003926758985025,0.0,0.0,0.0
1748023176.3333056,84.68499745794675,82.17948344234908,16.31573785461521,0.9715304881694229,0.2363968539690209,-0.014609460702664426,-0.005621534382121912,-3.1237555578848024,0.025732086506342514,0.47760097417829683,1.7043501757475723,1.0975940574048346,0.007065017374701175,0.0,0.0,0.0
1748023176.4310288,84.8488888626914,82.28404258368064,16.31035793058303,0.9713650990409533,0.2370148313008903,-0.015492748888265372,-0.005812816912202331,-3.1229478452955366,0.02734619166117149,0.4789057126552406,1.6956832434596718,1.101927479497982,-0.009253560627723959,0.0,0.0,0.0
1748023176.5825944,85.04049313848911,82.41883897345696,16.30975680097746,0.9715350630005607,0.23638150958702556,-0.014754159589873087,-0.005071297728585428,-3.124756939755357,0.02627386748271357,0.47756066435723754,1.6992519565366433,1.13552790105031,-0.010260113110506269,0.0,0.0,0.0
1748023176.7355251,85.22509416340918,82.54164583027318,16.305142758794855,0.9715632618977578,0.23621861627638666,-0.015212571801553892,-0.005845606404865931,-3.123039188112232,0.026801478204543754,0.47725820042930434,1.7119116462760686,1.1798761413325562,-0.016885824728639153,0.0,0.0,0.0
1748023176.8589473,85.30520509494156,82.5878180544909,16.29411823960469,0.9715116254784146,0.23650751943920964,-0.013520020326229133,-0.006823771638838344,-3.1219322476307996,0.023044006681464523,0.47782200822057863,1.6653023630589614,1.1616051267783227,-0.013321105474851661,0.0,0.0,0.0
1748023176.9715269,85.43505643134769,82.67867867884743,16.29576740928564,0.9715959724013166,0.23615055701669302,-0.013613321487894165,-0.006989872124237331,-3.121573700799229,0.023154041061283204,0.47709358785449035,1.6353737044362193,1.1638039517185335,0.00106954787013558,0.0,0.0,0.0
1748023177.1046598,85.60454421526286,82.80076493606882,16.293218863518764,0.9714988881665787,0.23656270847185698,-0.013430824781779014,-0.006899869364116211,-3.121825318373902,0.02283354318721787,0.4779344443605186,1.639980561504267,1.1677163775408117,0.010198812050001144,0.0,0.0,0.0
1748023177.1884985,85.98059867974072,83.05635437000318,16.29655010552421,0.971531627688469,0.23648435612354782,-0.012324268322899897,-0.007039752845831162,-3.1220795895192124,0.020618711001588637,0.4777421643186127,1.7054388046769937,1.235897216961802,0.008756428173942779,0.0,0.0,0.0
1748023177.3100364,86.14790322919859,83.17186296087965,16.295194400353882,0.9715639382197996,0.23639131214643322,-0.011643006138920234,-0.006863082439409427,-3.122747541609078,0.019380316841981,0.47752749706753034,1.6897570765534238,1.2351824528922237,0.004327459204556927,0.0,0.0,0.0
1748023177.4452512,86.30379527229901,83.28098273103957,16.286579156785535,0.9714895831237926,0.23668151982962057,-0.011888405867825393,-0.006965189087340488,-3.1224269733523182,0.01980315616828643,0.47813383236194984,1.6723926578560293,1.2407878429215486,-0.007895339397470598,0.0,0.0,0.0
1748023177.5185945,86.42865122224688,83.37019592462833,16.280583247456725,0.9715003841447204,0.2365904221484021,-0.011386030510535385,-0.00907381196161707,-3.1185688848764275,0.01783045680162399,0.477967176236956,1.6526588683685308,1.2248541884590123,-0.013850777651615928,0.0,0.0,0.0
1748023177.6670177,86.5745638478179,83.47215755298973,16.279672783971396,0.9715239808688984,0.23656295944328756,-0.010024974490650446,-0.008866831595552732,-3.1196165637023165,0.015284473511367722,0.4778653178898965,1.6424446657072937,1.2359373294211484,-0.00907999565514575,0.0,0.0,0.0
1748023177.8351195,86.72191991907913,83.56933578216395,16.271151354244314,0.9714853252526486,0.23675672009347187,-0.00973043387578599,-0.008236319926154166,-3.120978453632091,0.015006502480125514,0.47824688594041576,1.6245084992126206,1.2047476446954664,-0.017853164993985603,0.0,0.0,0.0
1748023177.9440343,86.98905405195266,83.74490833408977,16.261419046316416,0.9715992779219942,0.23634000059113977,-0.008402809319781214,-0.008224357578253393,-3.121636385004596,0.012441158528384032,0.4773525875059087,1.6535621397313225,1.23852560351439,-0.019982735012740796,0.0,0.0,0.0
1748023178.044468,87.14284014069231,83.86022143975813,16.261732277052626,0.9715207172411583,0.23664119754251328,-0.006796503927652443,-0.010111732355638597,-3.118725669617196,0.008420283334287734,0.47794722902651426,1.6342805209784186,1.23559539581681,-0.02018287081642432,0.0,0.0,0.0
1748023178.2000573,87.32435608395365,84.00361551676009,16.265084121645145,0.971474694546384,0.23684585000690456,-0.005884813980484328,-0.01031165141633354,-3.118767577873704,0.006549398861188519,0.47834519044799617,1.6249875806580392,1.2442501238301495,-0.011255512455941578,0.0,0.0,0.0
1748023178.357911,87.4757556756498,84.09345298495003,16.26257186043644,0.9715440008266222,0.2366061576473762,-0.005430428925748711,-0.009502160955681618,-3.1205574359420476,0.006055298707822466,0.4778355265373074,1.60813663469448,1.2124903011735841,-0.0056548699749826145,0.0,0.0,0.0
1748023178.4918323,87.63800710043652,84.20749412805262,16.256029155001457,0.9715943711783821,0.23639037329784734,-0.0048078007919826055,-0.010042627053380538,-3.119802943920134,0.004594519823133544,0.4773787175591171,1.5874983943989276,1.2160539035720874,-0.001184992972311311,0.0,0.0,0.0
1748023178.6613586,87.79771584635648,84.32942332208265,16.25303545482997,0.9715081232039228,0.23678015318803036,-0.005518735789749062,-0.00875609275462284,-3.1219642841071007,0.006576502737525405,0.47819148871898665,1.571082492938513,1.2201032532519978,0.0021120117142727035,0.0,0.0,0.0
1748023178.7225933,87.91863071224917,84.42125298917455,16.253733438647117,0.9714678703526392,0.23694348947810795,-0.005808065724025219,-0.008615453498866651,-3.122099274297946,0.007202009508597735,0.47853360508264414,1.5393894095030645,1.2071800515452915,-0.0049592463043685135,0.0,0.0,0.0
1748023178.8333938,88.07054205854705,84.54257843413308,16.252414707517826,0.9714196502913364,0.23707494870338913,-0.006211109292692851,-0.010037621555792776,-3.1191436862137567,0.007307915050288941,0.47882374028638586,1.521011100952366,1.2220863293992485,0.005422341777271628,0.0,0.0,0.0
1748023178.9498808,88.31754892986847,84.75063065835937,16.25246444667254,0.9714150574941558,0.23709843832058625,-0.006818761941497518,-0.009519511812611865,-3.1198618847675625,0.008733684307989459,0.4788844289137826,1.535756662560517,1.2374140427196842,0.0031888319667418494,0.0,0.0,0.0
1748023179.093712,88.38633053504492,84.81534273600526,16.25937373545128,0.9712777639088226,0.23757074408322792,-0.005589444563181917,-0.012182159147461106,-3.1152689777635767,0.005069578922435209,0.4798391284679437,1.5007186554092735,1.2246195628140164,0.017848300441599442,0.0,0.0,0.0
1748023179.1602902,88.617814383585,84.99656763490158,16.268424225082818,0.9715502328758946,0.23644252567872817,-0.0054172994554005215,-0.012479179302735914,-3.1147790948845397,0.004625156239692709,0.477512899685362,1.4927874457187966,1.255716191640374,0.018148025401852435,0.0,0.0,0.0
1748023179.262466,88.75888879714688,85.11493169608681,16.27027432647644,0.9714550879412929,0.2368249001236002,-0.005033846772846801,-0.012792153106081084,-3.114350810709457,0.0037213199443091073,0.47828971041254537,1.4750245332951053,1.2410654666699428,0.010615466440250984,0.0,0.0,0.0
1748023179.4670386,88.90849854416251,85.24965169394079,16.273203966977004,0.9714369027973281,0.2368812327210202,-0.0050630013378555995,-0.013114552434499254,-3.1137102775549623,0.0036235979123868706,0.4784076253934203,1.4578115228843167,1.2354199350501638,-0.006229184082093119,0.0,0.0,0.0
1748023179.6227038,89.04638245977758,85.35132022486552,16.279290230982436,0.9715668754687665,0.23637013248809333,-0.00609222223138795,-0.012241396476839327,-3.1149222942814485,0.00605103854834554,0.4773830192136305,1.4281580683130295,1.2163485913481167,-0.022673089986582132,0.0,0.0,0.0
1748023179.7631807,89.19625792968353,85.46878746451397,16.26694520569567,0.9714825396139286,0.23665664366567027,-0.009505092589700354,-0.011178615702883124,-3.1153688249583804,0.013177456994564284,0.47807183511224466,1.4338745445070935,1.2207931361839561,-0.04272606189984577,0.0,0.0,0.0
1748023179.901111,89.32063182279275,85.56327619575218,16.257995351456433,0.9714110046760708,0.23695213723518552,-0.008919771283860286,-0.01160957941306491,-3.1148051123407337,0.011827974448955739,0.47866559629378286,1.435339612401313,1.2117007410123657,-0.04809816842357989,0.0,0.0,0.0
1748023180.0256639,89.46200360087695,85.69085480296424,16.258124379357614,0.9714699765819903,0.23683635808662293,-0.003699179050143145,-0.011871822202477577,-3.1167716368208005,0.00156392513938096,0.47827364192383054,1.4198698296796974,1.209719576060987,-0.06473922828643733,0.0,0.0,0.0
1748023180.1524763,89.61322546122348,85.83302417450189,16.256728366524293,0.9714837687038006,0.23678581016947195,-0.0005601315032506066,-0.012306644552691287,-3.1174133528163877,-0.004739778021148717,0.47809216609042,1.4043515548583752,1.2130031751209251,-0.06892400719568541,0.0,0.0,0.0
1748023180.2497334,89.71500290408328,85.92231246991616,16.253439829334,0.9715193611961475,0.2366612941152002,0.001638829380209301,-0.011784605509345625,-3.119467749414606,-0.008762341052411476,0.477793709489454,1.3544175144734876,1.2019007565997264,-0.08202025465133513,0.0,0.0,0.0
1748023180.4205103,89.84475020195914,86.03036135323599,16.238519668999626,0.9715473987281713,0.23653257828337734,0.0033206637493671622,-0.011703188770816593,-3.1204200353426663,-0.011989022491971953,0.4775003125032176,1.3259571939011552,1.193569788871725,-0.08189794927434967,0.0,0.0,0.0
1748023180.5811632,90.11142025932155,86.28078814975703,16.23713349927885,0.9715277640060228,0.23660506984623325,0.004829008532606036,-0.011336902800544788,-3.121846127102244,-0.014748303732853506,0.47763178600162987,1.334023626488733,1.2421459577768417,-0.07991054543949613,0.0,0.0,0.0
1748023180.7142427,90.2438143753376,86.41051522914445,16.231118878102738,0.9715649989251871,0.23641277484798653,0.005262195124327107,-0.011948307606100779,-3.1208595412169684,-0.01587526112825631,0.47722150325530704,1.3019274069280666,1.232521868118917,-0.07120344368832793,0.0,0.0,0.0
1748023180.8504915,90.38083325177173,86.54792608407732,16.225144391792462,0.9716548783851494,0.23611848081891304,0.005584544112527519,-0.010182003396404663,-3.1244401506864357,-0.015661457644106827,0.47663731908644147,1.26231873786123,1.2453174338223105,-0.061393667828434105,0.0,0.0,0.0
1748023180.9647112,90.4237401295995,86.57494445966537,16.220671955918004,0.971539580544403,0.23652467037828392,0.005332793963213743,-0.011767966969514574,-3.121245251525538,-0.015929543516618797,0.47745349769502377,1.2122884188796073,1.1998671028447485,-0.04096373899311047,0.0,0.0,0.0
1748023181.0501533,90.55043351963587,86.69387288140605,16.20769054567216,0.9715672137918673,0.2364192495376822,0.005913466046716755,-0.011318942179439788,-3.1223906381655895,-0.01684348750652902,0.4772358969898536,1.1820314893809705,1.203120700333937,-0.030811423194298637,0.0,0.0,0.0
1748023181.1410246,90.68282762972487,86.83728370962726,16.207032807700802,0.9715827516388942,0.23634238972132696,0.006104502273286123,-0.011487671243677935,-3.1221515811682012,-0.017292967468248575,0.4770727919469641,1.1511548490746484,1.2005444508812093,-0.0150320580186419,0.0,0.0,0.0
1748023181.2951632,90.80566937740802,86.96880654957971,16.205458055051313,0.9714158751635006,0.2369483791525013,0.005384703710520114,-0.013329218404802492,-3.1182426101575924,-0.01677903403356823,0.4783016432591275,1.1199414330973103,1.197667250401482,-0.002195135721972648,0.0,0.0,0.0
1748023181.3792224,91.00738097632428,87.19769292888813,16.213939725269505,0.9714632396144055,0.23679357870529305,0.005048561397974064,-0.012747046310241024,-3.119212335686769,-0.015846484245841373,0.4779969556822023,1.1180014040227448,1.2346632649002012,0.012540916379416064,0.0,0.0,0.0
1748023181.4824598,91.12588016086853,87.3394012106146,16.22258894691452,0.9713088992305496,0.23736937541355943,0.00425315635810193,-0.014025425209536677,-3.116360265147167,-0.0149212237626523,0.47917809336785555,1.0909058597030528,1.2259542012288074,0.024291408115084914,0.0,0.0,0.0
1748023181.6651535,91.23930999146253,87.46121738328902,16.21708045953087,0.9712669018694087,0.23762444578118078,0.0020803491222044063,-0.013072882150348438,-3.1171831146395212,-0.010254200946536405,0.47975674099120774,1.0772832257508003,1.2392488320030595,0.03279951712002184,0.0,0.0,0.0
1748023181.8287482,91.33914074060812,87.55288505765608,16.208159410489365,0.9712904074262556,0.23748975698324956,0.0015856694581548678,-0.01382191817893416,-3.1154914434029255,-0.009645568611912932,0.4794831509838063,1.0550333580638571,1.208063464926907,0.014708796242665176,0.0,0.0,0.0
1748023181.9422026,91.44529234053145,87.67793242882757,16.211253540176152,0.9711806496005184,0.23785463432820333,0.001192208952680857,-0.01522817808948304,-3.112575777106796,-0.009560031613414312,0.48023142661205254,1.0293697396369168,1.2099055149914306,0.016864995943036806,0.0,0.0,0.0
1748023182.0451016,91.57316124636466,87.84289208521564,16.21827250186064,0.971323344072586,0.23709709587499622,0.0014667937850458004,-0.017713748990090983,-3.1078681170036018,-0.011249456242707779,0.47864070974594997,1.0237777213865786,1.2188285130260905,0.02036950598902783,0.0,0.0,0.0
1748023182.1491187,91.69566995214674,87.98683031921517,16.218876837793967,0.9714850391555431,0.23646171268625102,0.0015694890621582806,-0.01732667984703209,-3.1086616482879954,-0.011243899986983882,0.4773338602962929,1.0180890858756344,1.2000849756671423,0.015022263979355155,0.0,0.0,0.0
1748023182.2174196,91.85139041710205,88.16964758346606,16.225671827839335,0.9713692721193511,0.23686751280295062,0.001750434338609528,-0.018233335967191205,-3.106989879239144,-0.012038696933140351,0.4781541815914677,1.0084197272256303,1.2127600794334612,0.01273102778238094,0.0,0.0,0.0
1748023182.3345177,91.95619393289135,88.28807121878154,16.224855599089665,0.9715146439857504,0.236357760406811,0.002192807828138902,-0.017014617555103348,-3.109561426432453,-0.012304074082408424,0.47710589733937325,0.9957343701246193,1.1936825929698642,0.0014308157691901647,0.0,0.0,0.0
1748023182.4431365,92.06147072961522,88.41098908260858,16.221920739657936,0.9714570964240881,0.23657601188198293,0.002880490354438782,-0.017164008407534643,-3.1095989001742845,-0.013718161167308004,0.4775349115059451,0.9824989305682954,1.181089045062474,-0.005398650208440247,0.0,0.0,0.0
1748023182.5739295,92.15463046144959,88.5179561122232,16.219006973168508,0.9714326609355133,0.23666089152034187,0.004055754807855841,-0.017139385796566608,-3.1102036447084513,-0.015992911766703827,0.4776798842869747,0.9502933898790308,1.1596021033770736,-0.004437498466277462,0.0,0.0,0.0
1748023182.6551697,92.19550318786185,88.58802271324494,16.22476527000943,0.9715389065542925,0.2362776817195045,0.004440681240885605,-0.016287741484415287,-3.1120345297327145,-0.016326174055200433,0.4768945525728199,0.9071475156788688,1.1378361391428262,0.005098922257899691,0.0,0.0,0.0
1748023182.755959,92.28097203731085,88.69918388203105,16.22223296669093,0.9714328199940376,0.23672045833899708,0.0034748080134799075,-0.016420309116345413,-3.111327502993743,-0.014525642094296751,0.47782676931367,0.8787668960640685,1.131362199078157,-0.0180496362098119,0.0,0.0,0.0
1748023182.8754485,92.36744587197578,88.80379896035248,16.2144200331203,0.9714951885412128,0.2364927840930101,0.002913724260346209,-0.016117441612894527,-3.1116476519624947,-0.013285046259925302,0.47737567408797715,0.8543294396771185,1.111469797739772,-0.020337386738915005,0.0,0.0,0.0
1748023183.0142558,92.46228307811235,88.91988772789132,16.20932337834833,0.9714958131693169,0.23651633336372893,0.0031634715145003023,-0.0156812465908248,-3.1126138266976224,-0.013564756543267215,0.4774235125931715,0.8411833802022011,1.1073520297155681,-0.014417114274363185,0.0,0.0,0.0
1748023183.1532614,92.56459346017444,89.06141931348223,16.210968288964843,0.9714420284680036,0.23672317271799057,0.0033768724123587816,-0.015846815358602988,-3.112395861580381,-0.014063952015326571,0.4778421854742237,0.8309714831279689,1.1111505465809879,-0.010795957435281953,0.0,0.0,0.0
1748023183.279373,92.67889829723903,89.21154188684164,16.210286442407867,0.9714764372238281,0.2365903033913205,0.00444805125923512,-0.015452349339038716,-3.1136670153962793,-0.01595478290288929,0.4775502097148214,0.8031921512648885,1.115607927754225,-0.00992885396724413,0.0,0.0,0.0
1748023183.3444242,92.76967117496406,89.34327737120647,16.21086864242007,0.9714555196371432,0.23661848022526463,0.004377264454737206,-0.01633118912717096,-3.11192582922054,-0.016233870766442334,0.4775968376774667,0.775232965317098,1.1102777490920928,-0.01087614381317209,0.0,0.0,0.0
1748023183.4566717,92.86013013744974,89.4787036087777,16.215077478626934,0.9714663780437509,0.23655989192111815,0.003557386127410868,-0.016728385121267574,-3.1107653256451027,-0.014826835222622903,0.47749010130601094,0.7467706873568237,1.1126777584245233,-0.01643414944807186,0.0,0.0,0.0
1748023183.5726209,92.93361490706458,89.57450339468475,16.20388110280958,0.9714676213679414,0.236530972176405,0.0016767292789470647,-0.017347864823197667,-3.108671963253333,-0.011464642218888982,0.4774731340758057,0.7309186601864716,1.102530876976577,-0.04067483308717072,0.0,0.0,0.0
1748023183.6740124,93.01639382546162,89.70242815787377,16.20457162006782,0.9714727044445701,0.23653864659177146,0.0002221580564224387,-0.017035370071823177,-3.108591778450225,-0.00849078975917111,0.4775342598491803,0.7017900880071473,1.1071960837551762,-0.045652335273607646,0.0,0.0,0.0
1748023183.8072414,93.07551360206699,89.79242251162319,16.199381914799574,0.9714068832468306,0.23686350242356835,0.00020765558271342607,-0.01625746842155839,-3.1100995522940797,-0.008105126688022653,0.47820923550201766,0.6932706305849301,1.084344892605564,-0.042075421216552195,0.0,0.0,0.0
1748023183.9064896,93.14782337045222,89.90411098236319,16.19389005439619,0.9713963979211899,0.23686352630578203,-0.00043812579541677654,-0.01686760378698681,-3.108608021115606,-0.0071395132407833595,0.4782241312085175,0.6799147628637642,1.0987372231507657,-0.038382850778134775,0.0,0.0,0.0
1748023184.0419853,93.22033197985719,90.03466667253383,16.19878897451307,0.971421064238698,0.23672608022580213,-4.173093087281463e-05,-0.017374612306811255,-3.1078092209038384,-0.008145061182780718,0.47792549545890173,0.6592869094349737,1.0952031886091949,-0.02590689149348859,0.0,0.0,0.0
1748023184.1304333,93.28381378072196,90.12310886427106,16.190719028246086,0.9713415213595784,0.23698939115695286,-0.00034336147658049185,-0.01820877439074122,-3.1060474188703804,-0.007963614369090082,0.4784709488114144,0.6515774463309035,1.0761739524748695,-0.020368987817117365,0.0,0.0,0.0
1748023184.2827613,93.36162414017477,90.24773526156947,16.18682212696897,0.9713457136015939,0.236950557448174,-0.0012244977227436496,-0.018450978243352217,-3.1051590077371025,-0.006365160912801044,0.47841907779662907,0.6301251579751901,1.0753755207910691,-0.027503552765123108,0.0,0.0,0.0
1748023184.34923,93.44156647852255,90.35785118423628,16.190651132390613,0.9714039100882185,0.23672806732113771,-0.0018569210843920195,-0.018188387828661837,-3.1053685658194587,-0.00500378387316693,0.47798444061059586,0.6411675963939788,1.0701458504609758,-0.02102387090352493,0.0,0.0,0.0
1748023184.4657676,93.49617887447857,90.4291497405439,16.18080410847415,0.9713722728089935,0.23683272918974504,-0.0026068849923030703,-0.018422001874499074,-3.1045599063667098,-0.0036613625427422054,0.4782256675439123,0.6311855265537214,1.0419977992654816,-0.021977980801676945,0.0,0.0,0.0
1748023184.580722,93.55626320488372,90.5145120426306,16.17380201191986,0.9714388019070619,0.23656319877337448,-0.0013850732782250265,-0.01850915199286445,-3.104967460610997,-0.006066177756442327,0.4776270372339899,0.6226878685400479,1.0301615966184094,-0.025585956963899682,0.0,0.0,0.0
1748023184.7037716,93.63382052623133,90.64821524009581,16.174873873550247,0.9714665018076463,0.23635768787851202,-0.00181942608451476,-0.019610429242152203,-3.1026203272189576,-0.00573515988086926,0.47721382760356323,0.6130037073186761,1.0240130948738821,-0.028381861160634313,0.0,0.0,0.0
1748023184.8126135,93.70366766922103,90.76045658196625,16.174159341588673,0.9714246601255114,0.23660296446751117,-0.0020630962648070486,-0.018679147170643822,-3.104316548996844,-0.004830816802177442,0.47773206986326144,0.6077241962106323,1.019265191929389,-0.01669562686601679,0.0,0.0,0.0
1748023184.9140446,93.75300352096605,90.81210802101982,16.175966357573273,0.9714192508869728,0.23655531460630685,-0.003305739665915369,-0.019372512045810947,-3.1023808155714265,-0.0027428265027312835,0.47767828481443814,0.5974132804845232,0.9922392419037418,-0.019176347904913175,0.0,0.0,0.0
1748023185.0219383,93.80248453300234,90.88437967100012,16.167349943429716,0.9714912598952609,0.23632950198338926,-0.00320616294603119,-0.018515370873019216,-3.1040932826256715,-0.0025219408685126232,0.477211815684354,0.5803504301823486,0.9750270495578168,-0.023311600808269273,0.0,0.0,0.0
1748023185.1208677,93.865982830682,90.98855738480204,16.1641410164697,0.9714470328073741,0.23641201799268308,-0.005640244152407543,-0.019188742644505555,-3.10163341212022,0.0018854992668631708,0.47747808319960694,0.5854848250328123,0.9691428809442126,-0.027112151757286672,0.0,0.0,0.0
1748023185.2007475,93.93766299451671,91.10743145943356,16.1638769521243,0.9714161944730261,0.23647189809490246,-0.005924536140012039,-0.01991276973360965,-3.100091503937559,0.0020927613194233444,0.4776148151284453,0.5884797925091391,0.974294205668893,-0.025782853798234855,0.0,0.0,0.0
1748023185.31234,93.99467108458707,91.19063589486068,16.15995394013849,0.9713291993424625,0.2367158075485676,-0.005720151985504662,-0.021271878681087802,-3.0975462942638083,0.0010415216045585756,0.4781095794077389,0.5907477908983588,0.9488488759767405,-0.029684354952574803,0.0,0.0,0.0
1748023185.430473,94.05579294904334,91.27349593700663,16.153079798478277,0.9714633150656564,0.23622322179660676,-0.005613435870259702,-0.020642342488361696,-3.0988209803672553,0.0011540929989976374,0.4770904213051995,0.5885619554158474,0.9372524296750153,-0.03288919781431104,0.0,0.0,0.0
1748023185.5729892,94.15280166629427,91.4158260924859,16.145150678646022,0.9714195382816274,0.23640308172013239,-0.006153737118070337,-0.020488902298947717,-3.0988633775565813,0.002268443596322992,0.47748451445725365,0.6057955128676419,0.9281404622301354,-0.03578411671490252,0.0,0.0,0.0
1748023185.6721187,94.2350166019234,91.51554893125811,16.149323038988307,0.9713438563789485,0.23668656956835332,-0.005828843731637996,-0.020895096113443867,-3.0982271539081148,0.001432446347128234,0.4780539333413055,0.6105667681080201,0.9249960563177265,-0.03065429176027166,0.0,0.0,0.0
1748023185.8068855,94.28669110702614,91.5978172423404,16.148871454894707,0.9714428783187664,0.23629354707513134,-0.004248955411369604,-0.02111966269416548,-3.098538195836299,-0.0017256459291848417,0.47717494174669395,0.6098066133672857,0.9091582311177901,-0.021632493444119206,0.0,0.0,0.0
1748023185.8918025,94.35420240454395,91.69573060222618,16.143172922492365,0.971485771789704,0.23603894504596265,-0.0035057930392176275,-0.022107036140526365,-3.0969692030973404,-0.0036245948009874123,0.47661602923105295,0.6071335490609818,0.9033040617887443,-0.03684703409862022,0.0,0.0,0.0
1748023186.0282314,94.41937187374691,91.79908495275154,16.14161787437512,0.971358719494037,0.2364412271336586,-0.0026827154155671926,-0.023464594870434768,-3.094720995146858,-0.005884271145797983,0.47740103231267095,0.5951530592857746,0.8834870518319621,-0.03601721268706099,0.0,0.0,0.0
1748023186.129783,94.51314865086721,91.93016969572085,16.144771029872892,0.9714737807184493,0.23587337106090425,-0.0020897856497981483,-0.024455653679777336,-3.093070357673916,-0.007476600673943403,0.47619926705704946,0.5879702524172457,0.8654817518083433,-0.04345933937651232,0.0,0.0,0.0
1748023186.2261426,94.56433526006155,91.97790189316794,16.13143129607047,0.9715078911758293,0.23578386208601,-0.0019400807519336413,-0.023971313054872136,-3.094081914386247,-0.0075345613114780755,0.47601155861414196,0.5757306613792555,0.8238437984268672,-0.04400132828591259,0.0,0.0,0.0
1748023186.3437076,94.6219447047575,92.05505309532357,16.124540190700447,0.971420469067996,0.23625685669707996,-0.002974838866872034,-0.022718280591771316,-3.096032676808439,-0.0049550806662772935,0.47703847450970893,0.5706431323451544,0.8124884068021143,-0.03502024766089627,0.0,0.0,0.0
1748023186.450586,94.68775846897762,92.16697655287051,16.127108405476875,0.9714472104767374,0.23615466586978626,-0.0038692402671140088,-0.02250155604953535,-3.0960310456888713,-0.003110174586766002,0.47686921961982964,0.5626333813569087,0.8111649146619934,-0.032516786898783484,0.0,0.0,0.0
1748023186.557861,94.7620269598174,92.29150478784939,16.126644794562747,0.9714220795544406,0.2362993912143449,-0.004308888048934354,-0.02198123175888613,-3.0968351378074384,-0.0020168067546360844,0.47718814864635406,0.5694936338421291,0.8147740561553217,-0.028469834124953977,0.0,0.0,0.0
1748023186.6683924,94.81232237268952,92.35028131810326,16.119802633202976,0.9714171040998713,0.23620646924419028,-0.004866343709224727,-0.023057156119457824,-3.0944800229148077,-0.0014380003440325798,0.47702113382821837,0.5628348825324306,0.7965407865049989,-0.01731107470542932,0.0,0.0,0.0
1748023186.8416398,94.85417346645002,92.39319196338488,16.112944821321616,0.9697506150957833,0.24301706079442517,-0.005140038928536456,-0.022361410599550647,-3.095708318464092,-0.0008992968543266515,0.49106120166262845,0.5320900778325429,0.7788678959513261,-0.02166369568678266,0.0,0.0,0.0
1748023186.9705672,94.80828440407305,92.28530657161473,16.10804973923407,0.9646040643241274,0.26243741898713324,-0.0056435104281338695,-0.02517441150839692,-3.0900408674141766,-0.0023259110666428166,0.5312157399170795,0.5170555775468916,0.7319652280354751,-0.03423915965781052,0.0,0.0,0.0
1748023187.1191304,94.86813566785563,92.34200692134365,16.09259321731914,0.9583622129280882,0.2842286132032119,-0.006325313580359124,-0.02675732939339872,-3.086682706110205,-0.0030865191130103457,0.5765430030590059,0.5442661701573245,0.6822762358097867,-0.040032548929854625,0.0,0.0,0.0
1748023187.2549725,94.98395542565086,92.53666829320075,16.09191353811997,0.9524026088414468,0.30392282294758927,-0.006221954336706699,-0.022835841298421203,-3.094295106167434,-0.0020290570111504698,0.617745919378285,0.5563499010556482,0.6893759585796867,-0.026357844883084337,0.0,0.0,0.0
1748023187.3792822,95.05737379932143,92.6399691090738,16.09440615100058,0.946156984362527,0.3231097483394612,-0.006326471310937886,-0.018628666908034205,-3.102242923711998,-6.653771873219258e-05,0.6581581922046856,0.5704892391538358,0.6924965885282685,-0.016874963446719377,0.0,0.0,0.0
1748023187.5420463,95.09319185897242,92.67435481700687,16.0977267924238,0.9395114491877725,0.34220311228930494,-0.007371442301357712,-0.012685764580919518,-3.1127063475859282,0.005168915652467837,0.6986742098000527,0.5716961106685312,0.7051531661628231,-0.010964728359482236,0.0,0.0,0.0
1748023187.6297808,95.17188215797415,92.79505293710325,16.092549029420276,0.9335165896340623,0.35828054243027857,-0.007848122127680041,-0.010965252980402995,-3.1154929379313394,0.006795483136771005,0.733009511650708,0.5677802461658662,0.7501038378053789,-0.019739119996728935,0.0,0.0,0.0
1748023187.7601957,95.22865393769384,92.87765431348186,16.088430853734696,0.9278753260667674,0.3727032176340946,-0.0075612509530630645,-0.009083959803284676,-3.119096393788631,0.007260618084324254,0.7639786394009408,0.5642553039962199,0.7792150568578882,-0.019739749607409915,0.0,0.0,0.0
1748023187.8686688,95.29032193762453,92.98180495508765,16.084485400729317,0.9222834698048794,0.3863412263416446,-0.007234414994786027,-0.00901783750073681,-3.1193664614082377,0.006376481139511177,0.7934498790399033,0.5674793466786496,0.8192321702869263,-0.019700320844719475,0.0,0.0,0.0
1748023187.968274,95.33806570169229,93.04804685844731,16.080306237892536,0.9171856268254184,0.39832932100773905,-0.005097002255918874,-0.00884864613268006,-3.1212989339852193,0.0023004460353274287,0.819458050210226,0.5507162302204544,0.8406495829412188,-0.01882140155993415,0.0,0.0,0.0
1748023188.1181638,95.39816065370538,93.12647550807381,16.073418365718982,0.9124926666575355,0.40894771796020446,-0.004570705925117271,-0.009899793871952967,-3.1197855864598445,0.0002444750542474489,0.8426572548746135,0.5447279064020554,0.8602833781846649,-0.007088526694892356,0.0,0.0,0.0
1748023188.2718403,95.45536613972203,93.21772229820384,16.068472209279424,0.9073093755339565,0.42029274337856654,-0.004535379353696263,-0.01109672319283041,-3.1176416532657862,-0.0010977602685120456,0.8675892600028067,0.5442731653986286,0.8853762765694466,0.0034522113756653506,0.0,0.0,0.0
1748023188.4287937,95.50844984159704,93.30533994629438,16.069131906583902,0.9008641324168618,0.43397035639839243,-0.0026983876959860067,-0.010308413850317843,-3.1206759527407786,-0.004085342047775271,0.8978021524873767,0.5453373751909609,0.8763559912780893,-0.006476646102009329,0.0,0.0,0.0
1748023188.5542047,95.56751909377478,93.4048672520438,16.064421557733155,0.8949013719008531,0.44618488547023444,-0.0015219725391468445,-0.008262333052762845,-3.1254456688013823,-0.004649042374240375,0.924993269975301,0.5397893875019357,0.896018341136768,-0.003956227625627114,0.0,0.0,0.0
1748023188.6338804,95.61882157978964,93.49919090446723,16.0623418748596,0.8900840173490685,0.45572818174867674,-0.0026084271348918147,-0.007447316810110905,-3.125957037726906,-0.0021444673348237028,0.9463953464185375,0.5245112712177121,0.9278237680084793,0.005857062991704107,0.0,0.0,0.0
1748023188.7851465,95.67998418475183,93.60270402869818,16.059386072457194,0.88563412019077,0.4643305156394041,-0.0023439142068557677,-0.006624459687917501,-3.12768178027447,-0.0020001781063529603,0.9657690705141723,0.5233454983574151,0.9585799569678567,-0.003954434388540691,0.0,0.0,0.0
1748023188.8666553,95.71437109186526,93.66825803571624,16.053049924179685,0.8822091162531043,0.4708174811438391,-0.0009747063790678991,-0.0060847840357885485,-3.129938374582645,-0.004009866425285189,0.9804312125523035,0.4971587311714437,0.9534248216079113,-0.010260430553918268,0.0,0.0,0.0
1748023189.010594,95.76298045013303,93.76509172164546,16.05397223186943,0.8802929315820075,0.4743787882499495,-0.00029903364151840554,-0.007002174244166174,-3.1289804438601467,-0.006116929610203025,0.9885043602109171,0.4800187061031774,0.9843829401511485,-0.013401099231854226,0.0,0.0,0.0
1748023189.1136932,95.81143549941352,93.88594869644513,16.048698255657413,0.8800088756423248,0.4748792385563036,5.5750771654103605e-05,-0.008607233630391717,-3.1264956292814623,-0.008273009823565922,0.9896311412923995,0.47468453839852603,1.0156404464533666,-0.030189010836964757,0.0,0.0,0.0
1748023189.180677,95.86092936705077,93.98724196060503,16.04411192261941,0.8797699072673643,0.4752981433759467,0.0020776899094762597,-0.00960564286196302,-3.126664411965533,-0.012787215030612791,0.9905624678469296,0.4590233142271531,1.0227822976122254,-0.03684711779692927,0.0,0.0,0.0
1748023189.3188825,95.90544464790626,94.08353305397871,16.038132576408046,0.8796979480472019,0.47542895409119323,0.0022048128993671793,-0.009693740938116783,-3.126632148275371,-0.01309688340894904,0.990858545019008,0.44066745170117444,1.0245122172855368,-0.04428300021389061,0.0,0.0,0.0
1748023189.4389582,95.94698960074395,94.19100146209392,16.035150409746688,0.8799311864266124,0.47500358806509874,0.001986339215229968,-0.009420877647980304,-3.1268985752262917,-0.01244590632617029,0.9898948161043859,0.4271969827305884,1.0401451325344695,-0.04432543690957455,0.0,0.0,0.0
1748023189.493885,95.96468908477146,94.29855470380167,16.032747157988197,0.8797730899866144,0.4752775348602543,0.0037075823393412587,-0.00984016390927911,-3.1278005162316282,-0.015877947187339037,0.9905091257326721,0.3863915248619044,1.0593834592200628,-0.037649274860558635,0.0,0.0,0.0
1748023189.5589335,95.99852309551771,94.41214004076917,16.034181155692053,0.8794718655509423,0.4758470093791316,0.002145081473891105,-0.009708758661772884,-3.126555114695773,-0.013013212440323387,0.9918092607598372,0.3736528258130669,1.0652425202583764,-0.042265386343872516,0.0,0.0,0.0
1748023189.667128,96.03451441949264,94.51772434839884,16.028516844359686,0.879448259129124,0.4758902462954892,0.0025770182570401647,-0.009622472264159394,-3.1271186143728245,-0.013691617599979253,0.991906544697957,0.3569801790235816,1.0749813461405362,-0.05011259226364207,0.0,0.0,0.0
1748023189.7613924,96.06715944355012,94.62329627792117,16.022492603040494,0.87943202719985,0.47591992184268755,0.00351785680368183,-0.0093360704753801,-3.1285183531889653,-0.015074446652840634,0.9919747394629127,0.34298885303756665,1.091494269413406,-0.054827940046002825,0.0,0.0,0.0
1748023189.8850975,96.09908439911412,94.73491708464417,16.01628141942118,0.8791611468639692,0.47640756385164784,0.003801980717258879,-0.009851694899557763,-3.127890585077298,-0.01607264338765848,0.9930788168143345,0.3335012919251156,1.1013279773398583,-0.05791325165136056,0.0,0.0,0.0
1748023189.9851573,96.1245414659736,94.91366423603037,16.020358392207154,0.879081929946657,0.4765378179788671,0.004517914190394708,-0.010308100143548986,-3.127772616957095,-0.017768567524642342,0.9933706929085728,0.3011205590130868,1.148472122868374,-0.06464039645441602,0.0,0.0,0.0
1748023190.088401,96.14746798957172,95.02398066822198,16.01940495715671,0.8790311186159105,0.4765819236834553,0.005737037330411074,-0.011876402052302185,-3.126177393581938,-0.021407860911083237,0.9934544568155496,0.2843203975251838,1.1462423036286895,-0.06888911920502548,0.0,0.0,0.0
1748023190.189274,96.1641292754071,95.13830247515823,16.018820352603015,0.8789765382103077,0.4766164218184186,0.006973617272976003,-0.013725902191144597,-3.1241041342793396,-0.02534598641944384,0.99351051795208,0.25669916063968673,1.154470022706473,-0.06586869985868465,0.0,0.0,0.0
1748023190.3115726,96.17491865356915,95.24709472571146,16.017459265635793,0.8787430267681875,0.47698651548976767,0.007929877730781385,-0.0152208405283395,-3.1223981766183067,-0.028460763009666847,0.9943324260632277,0.23279982544356742,1.1384075066289354,-0.07296022009590261,0.0,0.0,0.0
1748023190.4109607,96.13148945774786,95.21261547682276,16.010576165772736,0.8788429628851347,0.47677444077786796,0.008851104945964883,-0.015583232959324733,-3.1226322771296724,-0.03042152909917711,0.9938489660557827,0.1773188968773335,1.0632459529395901,-0.06821595370281923,0.0,0.0,0.0
1748023190.5092418,96.15958330579322,95.339024338872,16.003064421025172,0.8787157519599847,0.4770254635387605,0.008758822156250963,-0.015120100114241681,-3.123367363036083,-0.029822796057856635,0.9944283038192774,0.17681475534393676,1.0611277881875878,-0.06807160892763647,0.0,0.0,0.0
1748023190.6394236,96.17322000900131,95.44314919501875,15.998888395241979,0.878559387329038,0.4773310328350156,0.008384118138598117,-0.014771411297532872,-3.123633096838194,-0.02883759416967102,0.9951275166776976,0.15265328390515948,1.0525637287995804,-0.06635070157069112,0.0,0.0,0.0
1748023190.7391253,96.19649533599656,95.53466296655604,15.986273107967401,0.8785748138524644,0.4772971275511255,0.009173365827388173,-0.01447749477462418,-3.124902114826537,-0.029943584148504638,0.9950622606752604,0.14836635960827932,1.0427853825376177,-0.05025676124075889,0.0,0.0,0.0
1748023190.8693657,96.20490379857827,95.64342353994336,15.978409383086134,0.8783968048183503,0.4776172870528707,0.009763090133136273,-0.014333961916413705,-3.125728669130437,-0.030848923057257102,0.9958001668444523,0.13257221469625285,1.043182604968685,-0.04241733494122375,0.0,0.0,0.0
1748023190.9721,96.20614359581971,95.78603225302949,15.980556954096846,0.8783438680936265,0.4776581832015348,0.01145979040978571,-0.014945989652718294,-3.126275272952595,-0.03441621559341185,0.9959037237063334,0.09538940859986793,1.056377293087915,-0.027104306584514643,0.0,0.0,0.0
1748023191.0818021,96.23063101233495,95.88934444518975,15.967852493513789,0.8781716231888023,0.47786988872009306,0.013409181220110677,-0.016588054123269788,-3.125260614414551,-0.03941519286622569,0.9963820900861812,0.0897067172091637,1.049034569892483,-0.02272217225121267,0.0,0.0,0.0
1748023191.2344062,96.23199928061895,95.98902807856636,15.968251373963797,0.8767204889954177,0.4803115659607701,0.016726480561259558,-0.019550156725269247,-3.123358328656401,-0.048127806690682104,1.0019436272227145,0.053910634302716455,1.0387051399837184,-0.012930501283190631,0.0,0.0,0.0
1748023191.3654633,96.21397613059219,96.09147535292578,15.972277118524614,0.8727663301240839,0.4872691731815121,0.0197906721241573,-0.021354511598684994,-3.1235758262208466,-0.05538436523072041,1.0178939130755065,0.008056116047145503,1.014331096305655,-0.00912648447123258,0.0,0.0,0.0
1748023191.4718287,96.21601495868914,96.22168874287071,15.976718138747845,0.8666442541045943,0.49792415981923055,0.020926503638874216,-0.023692812016662228,-3.1213280675968345,-0.05990193264902129,1.0423739836544337,-0.02891040828978327,0.9929236987800265,-0.005522123036166194,0.0,0.0,0.0
1748023191.5902526,96.22015235826632,96.31988506884159,15.970657365641058,0.8606417898820767,0.5082226525565275,0.02029843108263987,-0.024360185396783408,-3.1202544352800268,-0.05973567216067718,1.0661958661030055,-0.04263326317721472,0.9539066350626696,-0.002715823915289559,0.0,0.0,0.0
1748023191.6735473,96.19511964124375,96.39316912271701,15.977208665961095,0.8562237888087082,0.5157107935292391,0.018825999518521788,-0.023849164715598652,-3.120133417681144,-0.0568677267572645,1.0836199153168011,-0.07617188862478314,0.9198963216417211,0.00042890872463859444,0.0,0.0,0.0
1748023191.7851553,96.186458502621,96.47587714461451,15.978394245645083,0.8527814321913472,0.5215537382067748,0.01723632232858907,-0.02117631376795153,-3.123429368138302,-0.05150957732376489,1.097330046103592,-0.08053367058431819,0.8927913430784064,-0.002929747916535437,0.0,0.0,0.0
1748023191.839555,96.1678814185527,96.5608290679929,15.982484559643465,0.8524125413510205,0.5222111729727422,0.016682185068917287,-0.020249811635021785,-3.1244716139080553,-0.04960991032415851,1.0988803396878408,-0.104206071237957,0.8782184935723842,-0.003685697917718875,0.0,0.0,0.0
1748023191.9345486,96.15885396307206,96.64145140399734,15.981116135345152,0.8521518064466687,0.5226299562008965,0.016626947934470667,-0.020463925662320966,-3.1240728230153882,-0.04974800596790148,1.0998561867576762,-0.12802071760006928,0.8624755919581572,-0.009712355536127384,0.0,0.0,0.0
1748023192.0678806,96.13792632430884,96.72731281754203,15.984217461919123,0.8518534665886512,0.5231176920782994,0.01632083158627841,-0.020668385324058867,-3.1234320170452867,-0.04945006096689468,1.1009868370437987,-0.15469288922263633,0.8416905814723364,-0.010802626427876319,0.0,0.0,0.0
1748023192.1717267,96.12001592759556,96.81016429954411,15.983881581878032,0.8519074524431663,0.5230431829510864,0.0157117776574953,-0.020800511605056214,-3.1225647421749043,-0.048548161022135626,1.1007904238279196,-0.1765535099813081,0.8303878431173894,-0.011619793025272055,0.0,0.0,0.0
1748023192.2877471,96.0957577386534,96.89524571318977,15.986537703031798,0.8518693533490279,0.5231203425432023,0.015149501645824114,-0.020837577644128913,-3.1219173093819945,-0.04762992075572858,1.100955178041503,-0.19756793503234285,0.809892576430923,-0.010044715194161976,0.0,0.0,0.0
1748023192.3659925,96.06641736996548,96.98873777322996,15.991115926443022,0.8510868529266975,0.5244234624063538,0.014047128636107799,-0.020829763084162112,-3.1208468497085535,-0.04577386888215176,1.103989771004203,-0.21813544532603193,0.8021833174033695,-0.010440298929890408,0.0,0.0,0.0
1748023192.4538763,96.04218472393178,97.0658531574108,15.99147564554094,0.8512270978051089,0.524190862277282,0.014653716071272124,-0.020533788559202446,-3.121975053006889,-0.04649127526499778,1.103465192774495,-0.2401051804637994,0.7887705162783244,0.0009291396338931749,0.0,0.0,0.0
1748023192.577922,96.01516768724039,97.1408604391056,15.992566452815234,0.8510141340923959,0.524558351096477,0.01422454368484701,-0.020276642396432298,-3.1219828919193424,-0.04549883622254316,1.104324542253653,-0.25397318736083907,0.7688584564536163,0.009026146545256476,0.0,0.0,0.0
1748023192.6889439,95.97526418295197,97.20978098351478,16.000759239524548,0.8507710519924998,0.5249349576521463,0.013334521009536648,-0.021309572397423697,-3.119308553099315,-0.04507679173581811,1.105164965286428,-0.2879257702727848,0.7545873346037194,0.022797678848899352,0.0,0.0,0.0
1748023192.8622,95.94378297606974,97.27839155119331,16.003186313713186,0.8509439110353069,0.5246455639966932,0.013044086812105228,-0.02171046406150333,-3.118305251492866,-0.04499535107649356,1.1044689701545714,-0.3072096050497706,0.7339709828613061,0.023624029608593798,0.0,0.0,0.0
1748023192.9386075,95.91862469331542,97.38195446732693,16.00928582659856,0.8509410946092114,0.5246219085695989,0.011969324999257389,-0.022974808228381483,-3.115021559484322,-0.04449123323979732,1.1043644438563391,-0.31909558313442266,0.7182823841657326,0.021825040929947397,0.0,0.0,0.0
1748023193.0266504,95.8856802064389,97.44810220570572,16.01357598148193,0.8506457460338754,0.5250814628507394,0.011352293617876708,-0.023714922614522037,-3.1131367463212203,-0.04423251525185103,1.1054189275912438,-0.3299157976939393,0.7027511850288201,0.03438538226641915,0.0,0.0,0.0
1748023193.1105037,95.85273066929018,97.51143770900237,16.019290835544034,0.8506277305874933,0.5251191922643583,0.010466453815836264,-0.023932221286788062,-3.1118382721450817,-0.04295385647002468,1.1054923977318636,-0.33594155611845683,0.6820963288033087,0.035756497424860596,0.0,0.0,0.0
1748023193.2260952,95.8217536923587,97.55661728696244,16.02211395693829,0.850584301580347,0.52514906442117,0.010716801844045715,-0.024697291367240713,-3.1107993180938287,-0.044184981479762915,1.105547608800407,-0.34082530461190363,0.6570722316851699,0.039538123733434564,0.0,0.0,0.0
1748023193.3379383,95.78930297499156,97.60979062146279,16.024397363471206,0.850264449748521,0.5256713225538345,0.010444524087564327,-0.024717161142243732,-3.1105064174135393,-0.043761386896037736,1.1067729971405682,-0.3462958573939568,0.629071891699365,0.03790388387980383,0.0,0.0,0.0
1748023193.4102304,95.75355665998352,97.61044827009884,16.03552628497078,0.8502021771214823,0.5257873705599836,0.010779658749285187,-0.024242482025551904,-3.111673046157657,-0.04383659883342816,1.1070604081225852,-0.3449504165345968,0.5965369685837112,0.04435869512249234,0.0,0.0,0.0
1748023193.493584,95.72571373658454,97.66117372294863,16.03768971544926,0.8498438637100667,0.526334688339686,0.010869876097804517,-0.02488069449050251,-3.1107099018354454,-0.044681405880552735,1.108334634698179,-0.3496847120318667,0.5774280599856364,0.041840142822780854,0.0,0.0,0.0
1748023193.6282573,95.68605192735727,97.722227579606,16.04331394727323,0.8497048323045532,0.5265741570486409,0.011588742177045768,-0.02422924145652395,-3.1125881901649524,-0.04522642157867833,1.108922484873677,-0.3582158010846501,0.5605112004700142,0.04886245236428493,0.0,0.0,0.0
1748023193.7170894,95.6484025699359,97.77140462686494,16.047371029701637,0.8489938934949731,0.5276815194683334,0.010345115503922829,-0.02558439768780577,-3.109030409549302,-0.04458147367743089,1.1114850450478335,-0.36942762989223427,0.5385425218934864,0.036533460496439886,0.0,0.0,0.0
1748023193.8087735,95.6174963708276,97.8112968174633,16.048230631541205,0.8487082562687552,0.528172540792482,0.009144025181497805,-0.02538601381751374,-3.108125010388531,-0.04235026855656758,1.112638257302282,-0.37037864856332886,0.5157353197244069,0.03073293563876957,0.0,0.0,0.0
1748023193.8982449,95.58057607429566,97.85034701758836,16.05027213535678,0.8480109888222929,0.5293539129746587,0.007705258437192686,-0.024544381179217506,-3.108090641066581,-0.03906355024119883,1.1154363562845875,-0.3624854900274703,0.49371616288694437,0.013350510396295675,0.0,0.0,0.0
1748023193.9836586,95.53192435350086,97.90864381567431,16.05505018171497,0.8470085632091572,0.5309506152386297,0.00655058886066914,-0.025000556266977704,-3.1061648441125063,-0.03765382821713436,1.1191955375510756,-0.3718902651664848,0.49293055723227863,0.011100665027405485,0.0,0.0,0.0
1748023194.094317,95.46478840438223,97.98969413333167,16.06638099962597,0.8462120841532395,0.5322092925634354,0.0055141934890125845,-0.025455278673086022,-3.104347610588968,-0.03643548712675398,1.1221640184577388,-0.3808858290189074,0.49732915231214875,0.006048500238048781,0.0,0.0,0.0
1748023194.1720643,95.42653519654831,98.03610475844629,16.070047699154117,0.8450790822790575,0.5339832298805851,0.005101396776917288,-0.026023655615779337,-3.1030215418668226,-0.036422611316557135,1.1263512524396972,-0.3754158537551389,0.4946805722646181,-0.015381474117587909,0.0,0.0,0.0
1748023194.3043647,95.39490336002702,98.1072124410169,16.068040509330668,0.8432675758742177,0.536797354481793,0.005272876833627449,-0.02684385349509477,-3.101941896182513,-0.03772125612778608,1.1330016388897746,-0.3765613812005345,0.4855534264489898,-0.026934959005898554,0.0,0.0,0.0
1748023194.4264908,95.35763943320856,98.14993766591449,16.064367728253465,0.8394447345164023,0.5427265236567244,0.004487896578594789,-0.02757384624011805,-3.1001296342878906,-0.03747356760593422,1.147087419224088,-0.37882482520974214,0.4707930731620063,-0.041937421903909984,0.0,0.0,0.0
1748023194.5893614,95.3198804717332,98.2088709161796,16.059855340357295,0.8332005225807301,0.5522685739052658,0.0030906212493256226,-0.027690422678888448,-3.098822662502299,-0.035742925083545735,1.1699160456379591,-0.3628292001090216,0.46003793931117953,-0.0487813354535351,0.0,0.0,0.0
1748023194.7077398,95.28776301321503,98.23426241248194,16.053956289068797,0.8256977787482748,0.5634171852969091,0.003292237484361613,-0.027810333594190037,-3.099335448865328,-0.036782719856528735,1.1967901406478034,-0.3619681425994228,0.4557283897917421,-0.04374359487109422,0.0,0.0,0.0
1748023194.814096,95.24717540060853,98.28691446523881,16.05056847566624,0.8181414769277039,0.5743743987103717,0.00254767992665863,-0.02705703538168165,-3.1002088082583477,-0.035257766519266785,1.223468237969772,-0.3398668698120694,0.4354463102294292,-0.054997686992988605,0.0,0.0,0.0
1748023194.9231527,95.20630980829709,98.36697122775054,16.047173638132456,0.8101841504128436,0.5855742212098404,0.002495897790172737,-0.026424313965152994,-3.101663545383662,-0.03499821210433976,1.2509868265134367,-0.3396869714692461,0.4438230558943079,-0.05717660298899188,0.0,0.0,0.0
1748023195.0453455,95.18595481202628,98.41480804336675,16.038996826300615,0.8020515056758492,0.5966958129826568,0.002839665883116057,-0.025679277827501453,-3.1037568110384153,-0.03520782514727712,1.2785848976982503,-0.31637993961617106,0.44792981510028196,-0.052706535062414635,0.0,0.0,0.0
1748023195.1715243,95.16181319986126,98.46075544000664,16.03504676179594,0.7941744115562537,0.6072190478527507,0.0027823822629696876,-0.02375479536892546,-3.1072149867790215,-0.03327426178475235,1.304976916612717,-0.304344079652531,0.44537511020420467,-0.05234075673222737,0.0,0.0,0.0
1748023195.2995703,95.14565006894024,98.50208694048492,16.025821978169652,0.7866748515666008,0.6169334325684352,0.0024158529298720487,-0.023021323737269755,-3.108329515775287,-0.03221180024643615,1.3295649420012359,-0.28717887843398227,0.4485744229746412,-0.05419899028951627,0.0,0.0,0.0
1748023195.4079692,95.1399348528322,98.51297257688451,16.017545673959017,0.7789197877953671,0.6267208568479277,0.0027976377693353397,-0.022295851531873894,-3.1103445776352934,-0.03231044272120419,1.3545772721684477,-0.274711748746036,0.4523754055925068,-0.051271081174319215,0.0,0.0,0.0
1748023195.5679722,95.11895251129775,98.55481793838345,16.009381854041465,0.7714148083446328,0.6359624228157347,0.0023542337344808913,-0.021574239650049797,-3.111282411204336,-0.031077995462941613,1.3784272274239477,-0.25773077387883203,0.4458355455356337,-0.06481110726554158,0.0,0.0,0.0
1748023195.6692042,95.02465967959698,98.69353136980465,16.00896465098936,0.7646893555257646,0.6440668092116631,0.0020108110597481387,-0.020593480919460366,-3.11267091062287,-0.029606771886514133,1.3995379099879406,-0.29003521621391964,0.47267231976562973,-0.07387005470849971,0.0,0.0,0.0
1748023195.8170252,95.0085823673135,98.73527314622824,15.999388303121734,0.7583564305566903,0.6515052947669087,0.0014831957957483872,-0.02083687246759532,-3.1119045283240845,-0.029404484736332396,1.4190722385816554,-0.2609469223737584,0.4827250489823905,-0.0799270648186666,0.0,0.0,0.0
1748023195.8909783,94.99531222399698,98.75497235903131,15.998113001367553,0.7528652896589321,0.6578184918034093,0.0013108086275309767,-0.021609471280024904,-3.110760023367126,-0.0304086304293776,1.4357780135065057,-0.25671234757928074,0.4821749725591062,-0.06672806218716486,0.0,0.0,0.0
1748023196.053863,94.95545352630269,98.8134084830363,15.995358397783155,0.748648970807249,0.6626540354956342,0.0015505657899011723,-0.02029639121441636,-3.1132419839479493,-0.029224789968469344,1.4486664728496363,-0.24382486821658925,0.4832355301672218,-0.06850227977477369,0.0,0.0,0.0
1748023196.146027,94.90282045861763,98.88123977659875,15.998852201245885,0.744448206363154,0.6673759581892763,0.0017446598230097352,-0.02007871100769166,-3.114010804250033,-0.02940195177230649,1.461317969524778,-0.25236924466156774,0.49094843966899177,-0.06101983541856952,0.0,0.0,0.0
1748023196.289839,94.88833488950807,98.92506653726181,15.990195571125934,0.7411901230970656,0.6710137394980624,0.002798551994406761,-0.01923358871656003,-3.116823244321337,-0.029965006841911244,1.4711212305083496,-0.2379428010943874,0.5024994144618085,-0.0635116179212682,0.0,0.0,0.0
1748023196.4015517,94.85839841290019,98.9764669552974,15.985082681190676,0.7380554672493089,0.6744192283906952,0.0032406082387363305,-0.020550671486518304,-3.115611991328816,-0.03250875894799576,1.4803288338993694,-0.23045163381462258,0.5014667381856049,-0.07445497362162982,0.0,0.0,0.0
1748023196.4842849,94.83523861499904,99.014277054005,15.990769434279082,0.734104308831339,0.6787282064758831,0.003927053346377087,-0.020086406878978964,-3.1174168750419766,-0.03303816537327921,1.4920468280756807,-0.23334403979211585,0.49483161837588935,-0.06648445612179973,0.0,0.0,0.0
1748023196.6005945,94.82190437136839,99.06570217181519,15.980442761280298,0.729561991301495,0.6835793322896596,0.0037543311250995094,-0.02108322348274898,-3.1159444788919473,-0.03430887667301342,1.5053005916769584,-0.21850228509190062,0.5027237012417588,-0.08963160940014843,0.0,0.0,0.0
1748023196.7196887,94.7981662368346,99.11580751992496,15.97174554885166,0.7250175086176223,0.6884131919490987,0.004001394369010148,-0.020515316021286735,-3.1173375121748474,-0.03405477231936678,1.5185998465413897,-0.21151246600475132,0.49784026140805604,-0.10179930211231236,0.0,0.0,0.0
1748023196.8487928,94.77412284093877,99.16509365870705,15.962348993065865,0.720303845840086,0.6933548739940001,0.0035765638994986614,-0.020213771726695952,-3.117416526834798,-0.03318915250986065,1.532273135565536,-0.20650732864414006,0.4968612072298291,-0.10708342289855145,0.0,0.0,0.0
1748023196.9871635,94.7220818378815,99.21909739753745,15.963208152131815,0.7153973283268173,0.6984382075794114,0.0037113105726426583,-0.019415431747565326,-3.1189835817218516,-0.032436769761218696,1.5464405156111003,-0.22591063915620344,0.5053434614156468,-0.10034736328475972,0.0,0.0,0.0
1748023197.1354308,94.67526043281309,99.27907054779338,15.957221119685599,0.7103804927078847,0.7035118985247223,0.0036942920244325676,-0.02041853130570299,-3.1177647455580755,-0.03398460682064433,1.5606755885090562,-0.2372758665545569,0.509628455244132,-0.0913267169171606,0.0,0.0,0.0
1748023197.2961984,94.65693164974628,99.32571638577622,15.948940885800125,0.7056157254018746,0.7083184244231067,0.0028342147183154217,-0.019581238859807275,-3.1179599412599384,-0.031744568788746624,1.5742441169764758,-0.22699373738593592,0.50463480077702,-0.0855336141337078,0.0,0.0,0.0
1748023197.389473,94.60538364909043,99.37862497920888,15.950803462763263,0.7009423616785418,0.7129625333455132,0.0027874028334412783,-0.018880202210262095,-3.119086817264533,-0.030834256765672016,1.5874517005263293,-0.23516170201918404,0.5135307048019491,-0.06659608315694607,0.0,0.0,0.0
1748023197.5376024,94.5862060640212,99.42281979570086,15.941620563211085,0.6955939177095491,0.7181937752043538,0.0017327165902811775,-0.018541860651428158,-3.118274345810418,-0.029047916887108068,1.6024255432231143,-0.22635229917406183,0.5163756667559255,-0.06452877184753769,0.0,0.0,0.0
1748023197.7213035,94.5507916954517,99.47704659004032,15.937396349971717,0.6906676415596232,0.7229481977353914,0.0010361879504883543,-0.017973274830938007,-3.118252862169391,-0.027422252970365196,1.6161392447168574,-0.22059104937240795,0.5180640905447733,-0.0603109291111802,0.0,0.0,0.0
1748023197.7777336,94.51489055207105,99.5169250387721,15.9399615769445,0.6853917272896982,0.7279926507275712,6.290073661477323e-06,-0.01627515314592334,-3.119283982532821,-0.023707226731604802,1.630795768333727,-0.21563217431979084,0.5215407809112066,-0.05093407330981268,0.0,0.0,0.0
1748023197.9171531,94.49570336518907,99.57477423517358,15.933087358945057,0.6797932156707086,0.7332409831662982,-0.0009632935424803724,-0.0154245453401058,-3.1192020434057177,-0.021311749980148263,1.6461713140723926,-0.21316359775920204,0.5384778826304225,-0.04141407208891145,0.0,0.0,0.0
1748023198.043578,94.47236043428802,99.6315626315299,15.930128386677218,0.6737644042785655,0.7387940981968427,-0.001476495031744308,-0.01492072247195622,-3.119298567461378,-0.02005840883745347,1.6625813833294543,-0.19740228408277552,0.5582517028625265,-0.04280943298666681,0.0,0.0,0.0
1748023198.1037626,94.42644689656751,99.68026654332577,15.93219508705102,0.6646480030904067,0.7470054973194775,-0.001174325805823005,-0.014981319078000125,-3.1199171945135253,-0.020822733522228517,1.687120832826368,-0.21174315271946784,0.5772960235643355,-0.024884042043359967,0.0,0.0,0.0
1748023198.1915638,94.41761856923804,99.73546251541882,15.928713793947928,0.6547902521542888,0.755653248751642,-0.0015759193711507408,-0.015343070518895946,-3.1191110604621213,-0.021125860265820657,1.7133388736580843,-0.19173008675896044,0.5888708022752348,-0.00014397513468750243,0.0,0.0,0.0
1748023198.27201,94.36566004395998,99.80864242865124,15.931416475826097,0.6451739027229659,0.7638682529179776,-0.0009872719043839615,-0.015967239067557537,-3.119473354746799,-0.023121870069715854,1.738619003964625,-0.20185867289281978,0.6134908359496052,0.011181529685841726,0.0,0.0,0.0
1748023198.3868256,94.3272991489206,99.86772440750072,15.937045835026776,0.6363747909796897,0.7711805249516648,0.00037097084942002247,-0.01753812194790936,-3.1198332281353025,-0.027525744932504946,1.761460289884963,-0.19987965770016447,0.6260739750737855,0.030577795421636796,0.0,0.0,0.0
1748023198.4493945,94.31858203028602,99.88256069119532,15.94430295504098,0.6249228654256411,0.7805030504556394,0.0008145757228018795,-0.01690375591516945,-3.121728357476449,-0.02740839159426899,1.7910256351141032,-0.1876923307455633,0.6057113943144455,0.03923919156744154,0.0,0.0,0.0
1748023198.5633278,94.34049099879023,99.94447953060053,15.943013092462325,0.6145827781302654,0.7886779033638996,0.0011496070757971298,-0.016548473487899226,-3.123057100233981,-0.027519361509958738,1.817409229834954,-0.14652109599099128,0.629864505151424,0.03564593447485404,0.0,0.0,0.0
1748023198.6427472,94.28762822794813,100.03757205140124,15.94186336207015,0.604800664149978,0.796205288527438,0.002087470830978479,-0.016399317980164835,-3.1250725998905287,-0.02864337144500441,1.842117354493561,-0.16539025735201526,0.6614914470420418,0.029509467131045516,0.0,0.0,0.0
1748023198.739086,94.23974179442685,100.10192678045205,15.949407418758874,0.5956080403148605,0.8030899269175685,0.0021118384643662585,-0.017122258441169488,-3.1245798498807753,-0.030021592018988543,1.8650717322049695,-0.16363568698387312,0.667009734410306,0.018456218677316817,0.0,0.0,0.0
1748023198.7950087,94.21527438290411,100.16415206414354,15.951110522903953,0.5881993587575709,0.8085290828813256,0.0023113257914516884,-0.017230619993221067,-3.125051631795873,-0.030586724458280888,1.8834587980735062,-0.16142899121778675,0.6694968290105906,0.012837992554780202,0.0,0.0,0.0
1748023198.9150603,94.2079908022261,100.22997052855403,15.949649076712598,0.5819912924638084,0.8129957856837768,0.002254852299666788,-0.017857872152945178,-3.1244633472880436,-0.03166665057649855,1.898738915213215,-0.1384519181575824,0.6814408941140644,0.00651241948919975,0.0,0.0,0.0
1748023199.000971,94.18882656744965,100.28728732113696,15.94725826344898,0.5767962485037211,0.8166897366436283,0.0034604066328945545,-0.017663163899186343,-3.1268602371894065,-0.03284845551822536,1.9115191733297656,-0.12263857521344503,0.6851304295599633,0.00529035239153105,0.0,0.0,0.0
1748023199.0599618,94.17336397904006,100.35621897843758,15.948204104057154,0.5703805310103415,0.8211526492444713,0.0034971503910673717,-0.019030145093767156,-3.1256165898897623,-0.03525002072670522,1.9271128561568955,-0.1157456628998034,0.6844996452535813,0.0083138373402129,0.0,0.0,0.0
1748023199.1901367,94.14365397766686,100.43373786838985,15.951569631107777,0.5626939522614388,0.8264682919365923,0.0045293768252946355,-0.0174689226166824,-3.1294127805180634,-0.033978865249106614,1.9458819208867213,-0.11809356017400177,0.6911228852439075,0.014878240784451087,0.0,0.0,0.0
1748023199.2391787,94.12838076116594,100.46255212976803,15.952239081669203,0.5529285826660838,0.8330476711638026,0.005618792760093839,-0.016431348312300503,-3.1327782857886683,-0.033596094740710895,1.969494615123652,-0.10460658222765615,0.6755795916103648,0.02278143502286182,0.0,0.0,0.0
1748023199.3540487,94.14786109657136,100.52934421911856,15.949784260204162,0.5436691387821545,0.8391398351599975,0.006056546745490515,-0.015215874113656262,-3.135209092978889,-0.032127533903372994,1.9917110905859483,-0.09652422248547038,0.6805960943716404,0.03537007374776027,0.0,0.0,0.0
1748023199.4138594,94.09295699060654,100.64105112455654,15.949487297860328,0.5351474092431341,0.8446225022223323,0.0051860035836760006,-0.014254279598699798,-3.1350939036357732,-0.029633860417764227,2.0119861007393305,-0.11409367967801907,0.7131532444649196,0.041816989163533456,0.0,0.0,0.0
