timestamp,vins_x,vins_y,vins_z,gps_x,gps_y,gps_z,time_diff,error_x,error_y,error_z,error_2d,error_3d
1748023035.8972063,-0.25860105091392427,3.7996066665716626,-0.02815003518822486,0.02492159217483425,1.688345610056849,1.0,0.040550947189331055,-0.2835226430887585,2.1112610565148135,-1.028150035188225,2.130213214187745,2.36535427214564
1748023035.975014,-0.2752597341851768,3.805452248657133,0.0009549308336113393,0.07476477652450275,1.892431343453556,1.0,0.07613015174865723,-0.35002451070967955,1.913020905203577,-0.9990450691663887,1.9447792013088436,2.1863799285735173
1748023036.0643642,-0.30073775442880546,3.8089970658134504,0.05060284017376834,0.07476477652450275,1.892431343453556,1.0,0.013220071792602539,-0.3755025309533082,1.9165657223598944,-0.9493971598262316,1.953004433911312,2.171538921125606
1748023036.1393223,-0.32917736958021493,3.8172018552553695,0.11870110673193185,0.07476477652450275,1.892431343453556,1.0,0.08817815780639648,-0.4039421461047177,1.9247705118018135,-0.8812988932680681,1.9667004806277697,2.1551330631255747
1748023036.2149923,-0.3593249918271795,3.830580298718104,0.19592631879844674,0.11214716478675414,2.1150703252689667,1.0999999999999943,0.03245425224304199,-0.4714721566139336,1.7155099734491372,-0.9040736812015475,1.7791178891421595,1.9956476854662926
1748023036.2848103,-0.38588023862054754,3.851456465400119,0.2751990062849031,0.11214716478675414,2.1150703252689667,1.0999999999999943,0.03736376762390137,-0.49802740340730167,1.7363861401311524,-0.8248009937150912,1.8063964465709572,1.9857907244766713
1748023036.350737,-0.4109417424366484,3.8813733176248633,0.3555169906490788,0.11214716478675414,2.1150703252689667,1.0999999999999943,0.10329055786132812,-0.5230889072234025,1.7663029923558966,-0.7444830093509155,1.8421314463592353,1.986882788912764
1748023036.4208534,-0.4322244563791351,3.9184573524005373,0.4308444497850105,0.14952955358024117,2.3377093062934042,1.2999999999999972,0.04153776168823242,-0.5817540099593763,1.580748046107133,-0.8691555502149866,1.6843996299498918,1.8954243545562162
1748023036.4837196,-0.4498552944449763,3.960638947374875,0.49821255147106236,0.14952955358024117,2.3377093062934042,1.2999999999999972,0.021328449249267578,-0.5993848480252175,1.6229296410814706,-0.8017874485289348,1.7300759566975794,1.9068366287025178
1748023036.5334053,-0.4652046800828451,4.008410596692059,0.5579808226811764,0.14952955358024117,2.3377093062934042,1.2999999999999972,0.0710141658782959,-0.6147342336630863,1.6707012903986547,-0.7420191773188207,1.7802081282190214,1.9286610483145998
1748023036.592158,-0.47706350433361777,4.058526195650948,0.6055041205123747,0.17445114575507545,2.5603482881088144,1.3999999999999915,0.07292795181274414,-0.6515146500886932,1.498177907542134,-0.7944958794876168,1.6337100054561455,1.8166540904779647
1748023036.644406,-0.48631789492727506,4.114053204730439,0.6441158251559557,0.17445114575507545,2.5603482881088144,1.3999999999999915,0.020679950714111328,-0.6607690406823505,1.5537049166216246,-0.7558841748440358,1.6883763481695908,1.849858259120988
1748023036.7238317,-0.4917037682680103,4.172543265447899,0.6729077050509917,0.17445114575507545,2.5603482881088144,1.3999999999999915,0.058745622634887695,-0.6661549140230858,1.612194977339085,-0.7270922949489997,1.7444010474757454,1.8898672492555346
1748023036.84368,-0.4944268073267999,4.238946524486238,0.6988394177345401,0.1993727379299097,2.764434021505522,1.5999999999999943,0.002757549285888672,-0.6937995452567096,1.474512502980716,-0.9011605822654543,1.6295842814794432,1.8621587809512608
1748023036.9412131,-0.49353399451045377,4.312647244586707,0.725653905365695,0.1993727379299097,2.764434021505522,1.5999999999999943,0.09477567672729492,-0.6929067324403635,1.5482132230811847,-0.8743460946342994,1.696196900122333,1.9082885047043758
1748023037.0455132,-0.48863591092794323,4.393165326959796,0.7553441807140389,0.2367551261921611,2.949966505692553,1.7000000000000028,0.0033044815063476562,-0.7253910371201043,1.4431988212672429,-0.944655819285964,1.615244561805221,1.8712000457867075
1748023037.173796,-0.47866800455611624,4.4804095625919445,0.788205119753157,0.2741375144544124,3.135498990670557,1.7999999999999972,0.0744619369506836,-0.7528055190105287,1.3449105719213876,-1.0117948802468402,1.541265906947476,1.8436999418593967
1748023037.2407916,-0.4648418433668624,4.577226896832499,0.8241949743492236,0.2741375144544124,3.135498990670557,1.7999999999999972,0.007466316223144531,-0.7389793578212749,1.4417279061619426,-0.9758050256507735,1.620083283875259,1.8912602398341032
1748023037.3431106,-0.44652093201120024,4.681738556468083,0.8582445340268886,0.2741375144544124,3.135498990670557,1.7999999999999972,0.09485268592834473,-0.7206584464656127,1.5462395657975265,-0.9417554659731086,1.7059324111171443,1.9486171376107162
1748023037.448887,-0.4254254917123177,4.790347738410709,0.8867456540255844,0.3239806988040809,3.3024782264388852,1.7999999999999972,0.0003311634063720703,-0.7494061905163987,1.487869511971824,-0.9132543459744128,1.6659427730386103,1.8998417890657966
1748023037.5543723,-0.4048531419289816,4.902310637861703,0.9060556188872053,0.3239806988040809,3.3024782264388852,1.7999999999999972,0.10515403747558594,-0.7288338407330626,1.5998324114228177,-0.8939443811127918,1.7580280179896608,1.9722573535316803
1748023037.648082,-0.38263853680554405,5.014986862733636,0.9168499312923579,0.38628467977240233,3.4509042145794835,1.8999999999999915,0.014156579971313477,-0.7689232165779464,1.5640826481541525,-0.9831500687076336,1.7428704608345058,2.001045102152699
1748023037.772046,-0.3601381091200295,5.126393067199103,0.9195694331652225,0.46104945629690497,3.5993302019291087,2.0,0.08296632766723633,-0.8211875654169345,1.5270628652699947,-1.0804305668347776,1.7338598594125183,2.042939113589271
1748023037.8844452,-0.33677296909723964,5.240406982337305,0.9195608236982932,0.46104945629690497,3.5993302019291087,2.0,0.02943277359008789,-0.7978224253941446,1.6410767804081963,-1.0804391763017067,1.8247338495399066,2.120613693095524
1748023037.9927404,-0.31285351266370753,5.350105124266875,0.9237530077248711,0.5482750289088248,3.729202941651003,2.0,0.05337691307067871,-0.8611285415725324,1.6209021826158723,-1.076246992275129,1.835447152799485,2.127715638684126
1748023038.0973227,-0.2872845149660108,5.463689393233807,0.9362038779746124,0.5482750289088248,3.729202941651003,2.0,0.05120539665222168,-0.8355595438748357,1.734486451582804,-1.0637961220253875,1.9252540097567983,2.1996056899637453
1748023038.196483,-0.2609451914341818,5.581711719767284,0.9606298367720292,0.6355006020519804,3.8590756805819244,2.0999999999999943,0.0505213737487793,-0.8964457934861623,1.72263603918536,-1.1393701632279651,1.9419294488109653,2.251500467024908
1748023038.3149807,-0.235097185952565,5.699032989105959,1.001410606371899,0.6355006020519804,3.8590756805819244,2.0999999999999943,0.06797647476196289,-0.8705977880045455,1.8399573085240344,-1.0985893936280953,2.035530251720523,2.3130676733423865
1748023038.4126256,-0.21277966777261526,5.810628103862882,1.0527931493955536,0.7227261746639003,3.988948419512847,2.0999999999999943,0.04009127616882324,-0.9355058424365156,1.8216796843500354,-1.0472068506044407,2.047849616941268,2.300071790522933
1748023038.5206845,-0.19544538531453526,5.916622950657242,1.1171794237017916,0.7227261746639003,3.988948419512847,2.0999999999999943,0.06796765327453613,-0.9181715599784356,1.9276745311443952,-0.9828205762982027,2.1351740237217194,2.3505115181107135
1748023038.622568,-0.18405050248978228,6.022695043252753,1.1877843114709876,0.8224125438944732,4.100267910816038,2.200000000000003,0.031636714935302734,-1.0064630463842554,1.9224271324367148,-1.0122156885290152,2.1699525209704302,2.394425723084806
1748023038.7164254,-0.17638985961066567,6.126993983654863,1.2616619547960448,0.8224125438944732,4.100267910816038,2.200000000000003,0.06222081184387207,-0.9988024035051388,2.0267260728388248,-0.938338045203958,2.2594744556140323,2.4465696602895886
1748023038.8237538,-0.17032559973710804,6.2278142181433935,1.3334092876582468,0.9220989125938099,4.193034152909554,2.200000000000003,0.031231403350830078,-1.092424512330918,2.0347800652338393,-0.866590712341756,2.30948505711002,2.466718608137431
1748023038.9252524,-0.16476321949894412,6.325985823861103,1.4074852639775455,0.9220989125938099,4.193034152909554,2.200000000000003,0.0702672004699707,-1.086862132092754,2.132951670951549,-0.7925147360224574,2.3938989378819255,2.521672407670147
1748023039.042518,-0.16232270995609,6.427545097888789,1.4833319523490283,1.046706873999217,4.267247146584366,2.299999999999997,0.005687236785888672,-1.209029583955307,2.1602979513044227,-0.8166680476509689,2.475608970190815,2.606834569615662
1748023039.1569238,-0.15950178643488044,6.529936434235253,1.5596751920256509,1.2086972236668754,4.322906892631449,2.299999999999997,0.09037113189697266,-1.3681990101017558,2.207029541603804,-0.7403248079743463,2.596718684947471,2.7001905025493245
1748023039.2603607,-0.1527278054325052,6.629820453888854,1.6272714696903163,1.2086972236668754,4.322906892631449,2.299999999999997,0.013065814971923828,-1.3614250290993806,2.3069135612574048,-0.6727285303096808,2.678680326013459,2.761863856974886
1748023039.3560672,-0.1364134325369868,6.71938181675759,1.6802446206862738,1.370687572803298,4.360013389468856,2.200000000000003,0.09334373474121094,-1.5071010053402847,2.359368427288734,-0.5197553793137291,2.799637979451024,2.8474758067997996
1748023039.462788,-0.11452800303426969,6.810645811207664,1.7263147604193687,1.370687572803298,4.360013389468856,2.200000000000003,0.013377189636230469,-1.4852155758375676,2.450632421738808,-0.47368523958063413,2.8655653147656452,2.904452147890286
1748023039.553665,-0.09021132665366949,6.897311092128625,1.767693003236789,1.5575995146457906,4.378566637887558,2.200000000000003,0.09862017631530762,-1.64781084129946,2.518744454241067,-0.4323069967632138,3.0098761094892534,3.0407636432193463
1748023039.6562483,-0.0643607227615206,6.978386241051211,1.8112911215783467,1.5575995146457906,4.378566637887558,2.200000000000003,0.0039632320404052734,-1.6219602374073112,2.5998196031636533,-0.38870887842165613,3.064280826021727,3.088836605080984
1748023039.7671096,-0.037782132235129495,7.052668747482535,1.8540919273019612,1.7569722525756999,4.378566637887558,2.200000000000003,0.08461499214172363,-1.7947543848108294,2.674102109594977,-0.3459080726980417,3.220553585074778,3.239076687745395
1748023039.8628366,-0.009116507119468764,7.126214201770033,1.8931833046603574,1.7569722525756999,4.378566637887558,2.200000000000003,0.011111974716186523,-1.7660887596951687,2.7476475638824747,-0.3068166953396454,3.2662878995016524,3.2806665674783315
1748023039.9756606,0.023213330284811207,7.197459141519161,1.9256159785196902,1.9563449905056096,4.360013389468856,2.200000000000003,0.07272076606750488,-1.9331316602207984,2.8374457520503054,-0.2743840214803126,3.4333797360001332,3.4443262044730973
1748023040.0896354,0.05553487735708984,7.2657640870048965,1.953593135724099,1.9563449905056096,4.360013389468856,2.200000000000003,0.04125404357910156,-1.9008101131485198,2.9057506975360408,-0.24640686427590386,3.4722422442103427,3.480974367219782
1748023040.1857636,0.09122918977056216,7.338198939933122,1.9820218400293785,2.1681785245229364,4.341460141050152,2.200000000000003,0.06461381912231445,-2.076949334752374,2.99673879888297,-0.2179781599706243,3.64611601130009,3.652625965806389
1748023040.2836504,0.12961460783287748,7.402519315186275,2.0085470979616975,2.1681785245229364,4.341460141050152,2.200000000000003,0.03327298164367676,-2.038563916690059,3.0610591741361235,-0.19145290203830534,3.6777474233549046,3.682727294233518
1748023040.39888,0.1730019027681422,7.475536275230915,2.038651913737682,2.355090466365429,4.304353643421773,2.299999999999997,0.044118404388427734,-2.182088563597287,3.1711826318091427,-0.261348086262315,3.849403821849564,3.858265491884016
1748023040.530666,0.22068527625229706,7.538898393182301,2.067331423467634,2.355090466365429,4.304353643421773,2.299999999999997,0.08766770362854004,-2.134405190113132,3.234544749760528,-0.23266857653236306,3.875301956465492,3.8822802475208906
1748023040.615647,0.2708688772924077,7.6046564971186115,2.098892535294473,2.5295416121205045,4.267247146584366,2.299999999999997,0.04740333557128906,-2.258672734828097,3.3374093505342453,-0.2011074647055242,4.029876387197161,4.034891313090048
1748023040.7309468,0.3215950597913064,7.668264448943646,2.1325633166759257,2.5295416121205045,4.267247146584366,2.299999999999997,0.06789636611938477,-2.207946552329198,3.4010173023592793,-0.16743668332407147,4.0548670346744515,4.058322524370401
1748023040.8213725,0.3704683854178441,7.730214649511012,2.167051940936606,2.70399275787558,4.2115874013282575,2.299999999999997,0.032892465591430664,-2.333524372457736,3.5186272481827547,-0.13294805906339136,4.222093521999295,4.22418618137472
1748023040.9220543,0.4186261450480053,7.784072280874327,2.1966453153660286,2.70399275787558,4.2115874013282575,2.299999999999997,0.06778931617736816,-2.2853666128275747,3.572484879546069,-0.10335468463396857,4.240937251317481,4.24219647829377
1748023041.032673,0.4691386144749501,7.83528290446047,2.223254543282832,2.8535223109245855,4.17448090449085,2.3999999999999915,0.0196993350982666,-2.3843836964496354,3.66080199996962,-0.17674545671715958,4.368839307513656,4.372413046745076
1748023041.1499362,0.5134870226606054,7.876367648153391,2.244567942637724,2.8535223109245855,4.17448090449085,2.3999999999999915,0.0975639820098877,-2.34003528826398,3.7018867436625404,-0.15543205736226762,4.379466932541578,4.382224291119865
1748023041.3166487,0.5598638093049217,7.921490720291189,2.2637086651237124,3.003051864504827,4.1188211592347415,2.3999999999999915,0.059964895248413086,-2.4431880551999052,3.8026695610564474,-0.1362913348762791,4.519896421784102,4.521950794913528
1748023041.4343271,0.6105511802927879,7.964368769142595,2.2767895372352034,3.1276598259102344,4.081714662397335,2.3999999999999915,0.015512943267822266,-2.5171086456174465,3.8826541067452602,-0.12321046276478809,4.6271847646779705,4.628824868646754
1748023041.557897,0.671297335238588,8.00545259922783,2.2822266731132257,3.239806990696988,4.026054917141225,2.3999999999999915,0.0954132080078125,-2.5685096554584,3.9793976820866046,-0.11777332688676578,4.736332733495322,4.737796778979154
1748023041.6580842,0.7483732791089821,8.045058286826212,2.2842996226398937,3.239806990696988,4.026054917141225,2.3999999999999915,0.004773855209350586,-2.491433711588006,4.019003369684986,-0.11570037736009775,4.728597046141325,4.730012325787084
1748023041.7830555,0.8287168842829189,8.06351997562605,2.280223930121694,3.3394933599275602,3.988948419512847,2.3999999999999915,0.07432198524475098,-2.5107764756446413,4.074571556113204,-0.11977606987829725,4.786035089354998,4.787533622174657
1748023041.8952065,0.9291272956765262,8.088331580256046,2.276979422159168,3.3394933599275602,3.988948419512847,2.3999999999999915,0.037828922271728516,-2.410366064251034,4.0993831607432,-0.12302057784082354,4.755502798051739,4.757093747746644
1748023041.9921317,1.0267334176344676,8.097770434011537,2.272753502836058,3.42671893253948,3.9518419226754404,2.3999999999999915,0.05997776985168457,-2.3999855149050124,4.145928511336097,-0.12724649716393355,4.79047530970189,4.792164997566748
1748023042.1258328,1.1345034646747543,8.10590373171226,2.271607727694504,3.42671893253948,3.9518419226754404,2.3999999999999915,0.07372331619262695,-2.2922154678647257,4.15406180903682,-0.12839227230548733,4.7445211838937515,4.746258088221112
1748023042.2365031,1.242854016360372,8.109850555495669,2.2696453220493282,3.4890229129765657,3.9147354258380345,2.3999999999999915,0.0052144527435302734,-2.2461688966161937,4.195115129657634,-0.13035467795066324,4.758599128231795,4.760384228743728
1748023042.33087,1.3458164055281507,8.107394330322904,2.267042089227158,3.4890229129765657,3.9147354258380345,2.3999999999999915,0.08915233612060547,-2.143206507448415,4.19265890448487,-0.13295791077283337,4.708685891299769,4.710562665856657
1748023042.4446137,1.4501037788356541,8.100786399872703,2.265161783106499,3.5388660978574698,3.877628929000628,2.3999999999999915,0.004178285598754883,-2.0887623190218156,4.223157470872075,-0.1348382168934923,4.711473978400816,4.713403058712784
1748023042.5602643,1.5595020046441626,8.09601032093994,2.264521351111797,3.576248486119722,3.8590756805819244,2.3999999999999915,0.10447072982788086,-2.0167464814755593,4.236934640358015,-0.13547864888819428,4.692428104639404,4.694383450626326
1748023042.653119,1.6577157789673365,8.087377990780524,2.2665971116861257,3.576248486119722,3.8590756805819244,2.3999999999999915,0.011615991592407227,-1.9185327071523854,4.2283023101986,-0.13340288831386582,4.6432002083524555,4.645116199349029
1748023042.765385,1.7663228720303579,8.08070216020755,2.2685657750935597,3.6011700782945564,3.8405224321632216,2.3999999999999915,0.08750152587890625,-1.8348472062641985,4.240179728044329,-0.13143422490643175,4.620150256913038,4.622019401942225
1748023042.8693051,1.864068695782823,8.070172409760204,2.2730077463189438,3.6011700782945564,3.8405224321632216,2.3999999999999915,0.0164186954498291,-1.7371013825117334,4.229649977596982,-0.12699225368104772,4.572467621111201,4.574230774524316
1748023042.9781983,1.952581640655609,8.056566179939765,2.280288387165258,3.613630874381973,3.821969183744519,2.5,0.07314491271972656,-1.6610492337263643,4.234596996195245,-0.21971161283474183,4.548724686881889,4.55402782928071
1748023043.086238,2.0552032872055825,8.041515650120111,2.288754836586222,3.613630874381973,3.821969183744519,2.5,0.034894704818725586,-1.5584275871763906,4.219546466375592,-0.21124516341377797,4.498140607670592,4.503098205173954
1748023043.2058146,2.148317691810835,8.023340912333666,2.3049164097703225,3.62609167046939,3.821969183744519,2.5999999999999943,0.04078960418701172,-1.477773978658555,4.201371728589146,-0.2950835902296718,4.45368839657519,4.463453221331139
1748023043.3016813,2.223952051647032,8.002392251881552,2.3277486237846023,3.62609167046939,3.821969183744519,2.5999999999999943,0.05507707595825195,-1.4021396188223578,4.180423068137033,-0.27225137621539197,4.409300685968644,4.417697743297376
1748023043.4112208,2.311015857944529,7.978060627415125,2.3508532688519828,3.613630874381973,3.8034159353258152,2.700000000000003,0.03966498374938965,-1.3026150164374442,4.17464469208931,-0.3491467311480201,4.373152659836811,4.387068226744271
1748023043.512239,2.4022757957795697,7.951995180832071,2.371431155734382,3.613630874381973,3.8034159353258152,2.700000000000003,0.061353206634521484,-1.2113550786024034,4.148579245506256,-0.3285688442656207,4.321815692819523,4.334287527163275
1748023043.629376,2.4728194963650303,7.927767742824251,2.38587712822248,3.613630874381973,3.8034159353258152,2.799999999999997,0.025280237197875977,-1.1408113780169429,4.124351807498436,-0.41412287177751717,4.27922054026531,4.299212274958959
1748023043.743963,2.5468159102230246,7.9015215842252715,2.392807589818219,3.613630874381973,3.8034159353258152,2.799999999999997,0.08930683135986328,-1.0668149641589486,4.098105648899456,-0.4071924101817781,4.2346858298219825,4.254217875967889
1748023043.8639848,2.6300049641685384,7.874991057851325,2.396981720877101,3.5887092822071387,3.821969183744519,3.0,0.0005676746368408203,-0.9587043180386003,4.053021874106806,-0.6030182791228991,4.164864977572995,4.2082931606971545
1748023043.9538674,2.7006774849113313,7.8494453075056185,2.3960928011402762,3.576248486119722,3.821969183744519,3.0999999999999943,0.08819222450256348,-0.8755710012083906,4.027476123761099,-0.7039071988597181,4.121551710900009,4.181228748852343
1748023044.086804,2.7688838743135626,7.826483426126529,2.393316982708226,3.576248486119722,3.821969183744519,3.0999999999999943,0.044744253158569336,-0.8073646118061593,4.00451424238201,-0.7066830172917684,4.085091422947261,4.145765649523122
1748023044.1642995,2.83203985325547,7.804241458825047,2.3877538535679808,3.5637876900323042,3.821969183744519,3.299999999999997,0.08446383476257324,-0.7317478367768344,3.9822722750805277,-0.9122461464320164,4.0489439820158815,4.150438579377206
1748023044.2764604,2.9010364298723275,7.782502238599847,2.384072251329527,3.5637876900323042,3.821969183744519,3.299999999999997,0.027697086334228516,-0.6627512601599768,3.9605330548553277,-0.91592774867047,4.01560223521271,4.11873584394895
1748023044.3962872,2.953143656662874,7.762256354401842,2.380618996131482,3.5513268939448874,3.8405224321632216,3.5,0.05068778991699219,-0.5981832372820133,3.9217339222386203,-1.1193810038685181,3.9670921519675217,4.121993931827653
1748023044.4833634,3.004695235975376,7.7428339434218145,2.3775851767010807,3.5513268939448874,3.8405224321632216,3.5,0.036388397216796875,-0.5466316579695114,3.902311511258593,-1.1224148232989193,3.9404113110684045,4.097152222697732
1748023044.5615563,3.048084090967624,7.72323274822358,2.37431193106171,3.526405301770053,3.8405224321632216,3.5999999999999943,0.10401511192321777,-0.47832121080242906,3.8827103160603587,-1.2256880689382843,3.9120621900916954,4.099578249220606
1748023044.6607974,3.0892218180483653,7.703114700043521,2.3711270670663454,3.526405301770053,3.8405224321632216,3.5999999999999943,0.0047740936279296875,-0.4371834837216877,3.8625922678802995,-1.228872932933649,3.8872546130048784,4.076870995214915
1748023044.7621737,3.123406117395806,7.683962981393648,2.369935815593374,3.501483709063983,3.8590756805819244,3.799999999999997,0.09291219711303711,-0.3780775916681769,3.824887300811724,-1.430064184406623,3.8435277453444257,4.100949780325892
1748023044.8666906,3.157070542164231,7.66466494948623,2.3677922893261036,3.501483709063983,3.8590756805819244,3.799999999999997,0.011604785919189453,-0.3444131668997521,3.805589268904306,-1.4322077106738935,3.821142514109298,4.080728983851694
1748023044.9630218,3.1932183014470112,7.6477970670758,2.365424958036689,3.476562116889149,3.877628929000628,4.0,0.08782458305358887,-0.2833438154421377,3.7701681380751717,-1.634575041963311,3.7808003791666276,4.119015304040017
1748023045.0819416,3.218533718981245,7.632825442672619,2.3627660312140537,3.476562116889149,3.877628929000628,4.0,0.031095266342163086,-0.2580283979079039,3.755196513671991,-1.6372339687859463,3.76405094418516,4.104706393759215
1748023045.1773312,3.2366440607193816,7.620346528093066,2.363583325031292,3.451640524714315,3.877628929000628,4.200000000000003,0.07065320014953613,-0.21499646399493333,3.7427175990924377,-1.836416674968711,3.7488876358310055,4.174516104914403
1748023045.3015797,3.2597745929831383,7.604339308602768,2.372416161607815,3.451640524714315,3.877628929000628,4.200000000000003,0.05359530448913574,-0.1918659317311766,3.7267103796021397,-1.8275838383921879,3.7316461232535696,4.155146865701105
1748023045.364539,3.276037611554816,7.593195091937773,2.389607896930228,3.414258136452063,3.8961821774193313,4.3999999999999915,0.09194064140319824,-0.138220524897247,3.6970129145184414,-2.0103921030697633,3.699595843280589,4.210544597994929
1748023045.4519472,3.28538699711725,7.584719947543398,2.411948434876837,3.414258136452063,3.8961821774193313,4.3999999999999915,0.004532337188720703,-0.1288711393348132,3.688537770124067,-1.9880515651231545,3.6907883510417228,4.1921674200553944
1748023045.583595,3.294235702225187,7.576099929990924,2.4397305714129973,3.3768757481898124,3.8961821774193313,4.599999999999994,0.08157086372375488,-0.08264004596462549,3.679917752571593,-2.160269428586997,3.6808455608580757,4.267948927409534
1748023045.646358,3.298842439639955,7.569422673495652,2.472191805752294,3.3768757481898124,3.8961821774193313,4.599999999999994,0.01880788803100586,-0.07803330854985724,3.6732404960763203,-2.1278081942477005,3.6740692616305224,4.2457452409165946
1748023045.7494214,3.301473523034641,7.560358967015809,2.5069720441125707,3.3768757481898124,3.8961821774193313,4.599999999999994,0.08425545692443848,-0.07540222515517137,3.6641767895964774,-2.0930279558874236,3.6649525291572194,4.220502702890046
1748023045.8421392,3.3023927269066427,7.554118457179868,2.542064516399897,3.3394933599275602,3.9147354258380345,4.799999999999997,0.007630109786987305,-0.037100633020917595,3.6393830313418336,-2.2579354836001,3.639572132241567,4.283078093368115
1748023045.952255,3.3038561905335904,7.548555403887491,2.582057272570292,3.289650175046656,3.9147354258380345,4.8999999999999915,0.09764385223388672,0.014206015486934565,3.6338199780494564,-2.3179427274296995,3.633847746362988,4.310186530927821
1748023046.073673,3.3071863713397534,7.5408139238504575,2.6339681530348535,3.289650175046656,3.9147354258380345,4.8999999999999915,0.023774147033691406,0.01753619629309755,3.626078498012423,-2.266031846965138,3.6261209014494344,4.275938858705617
1748023046.1535175,3.3079717816760024,7.539229208445491,2.7006003952167963,3.252267786784405,3.9332886742567377,5.099999999999994,0.10022258758544922,0.055703994891597386,3.605940534188753,-2.399399604783198,3.606370761742663,4.331631163267034
1748023046.2703097,3.304780024506691,7.537582237329254,2.7771226868408965,3.252267786784405,3.9332886742567377,5.099999999999994,0.01656961441040039,0.05251223772228597,3.604293563072516,-2.322877313159098,3.604676077529932,4.288292041816392
1748023046.3709953,3.299601842491043,7.534329319988984,2.857238631756128,3.202424602434736,3.9518419226754404,5.299999999999997,0.07795834541320801,0.09717724005630712,3.582487397313544,-2.442761368243869,3.583805152054912,4.337135283811192
1748023046.4779396,3.2897033294073097,7.531761651010285,2.9373253420008663,3.202424602434736,3.9518419226754404,5.299999999999997,0.028985977172851562,0.08727872697257366,3.5799197283348447,-2.362674657999131,3.5809835014284808,4.290183489905099
1748023046.5720809,3.278648575658803,7.5313154071826105,3.0102424374612777,3.1775030102599024,3.988948419512847,5.5,0.10015487670898438,0.1011455653989004,3.5423669876697637,-2.4897575625387223,3.543810703287129,4.3309914593486765
1748023046.706657,3.2708689999605163,7.527023199546811,3.0837528392253817,3.1775030102599024,3.988948419512847,5.5,0.03442120552062988,0.09336598970061383,3.538074780033964,-2.4162471607746183,3.539306479685697,4.285433548556851
1748023046.8114426,3.2618478638905763,7.527011737019954,3.159785373279404,3.140120621997651,4.026054917141225,5.599999999999994,0.05737757682800293,0.12172724189292516,3.500956819878729,-2.44021462672059,3.5030723909268904,4.26921112156981
1748023046.914693,3.253849743828866,7.528672497040596,3.2339650125390027,3.140120621997651,4.026054917141225,5.599999999999994,0.04587292671203613,0.11372912183121464,3.50261757989937,-2.3660349874609916,3.5044634716561993,4.2284022734435
1748023047.0511303,3.2475564410995794,7.5288870703811455,3.311776939488229,3.1151990298228163,4.063161413978632,5.799999999999997,0.003779888153076172,0.13235741127676315,3.4657256564025136,-2.488223060511768,3.4682521260379153,4.268492334376281
1748023047.134192,3.2433364479289466,7.529775228522098,3.39151226224681,3.1151990298228163,4.063161413978632,5.799999999999997,0.08684158325195312,0.12813741810613033,3.466613814543466,-2.408487737753187,3.468981195841584,4.223108300767335
1748023047.2612872,3.2402867824896937,7.529454703229661,3.475930542143951,3.1027382337353995,4.1188211592347415,5.8999999999999915,0.013450384140014648,0.13754854875429423,3.410633543994919,-2.4240694578560404,3.413406037184524,4.186580168968251
1748023047.319646,3.2345351250762633,7.531611331950664,3.5578245012801943,3.1027382337353995,4.1188211592347415,5.8999999999999915,0.07180905342102051,0.1317968913408638,3.4127901727159227,-2.342175498719797,3.415334124731209,4.1412912539879185
1748023047.438666,3.2273166507614377,7.533757643480243,3.648374423144973,3.0902774376479827,4.17448090449085,5.8999999999999915,0.009298563003540039,0.13703921311345502,3.3592767389893927,-2.2516255768550186,3.3620707837649646,4.046398113556507
1748023047.5413728,3.2191127640374155,7.53648087277665,3.742649521335599,3.0902774376479827,4.17448090449085,5.8999999999999915,0.09340810775756836,0.12883532638943285,3.3619999682858,-2.1573504786643927,3.364467614360345,3.9967240855321844
1748023047.6847415,3.206251202735306,7.540482651775889,3.8401782052212425,3.0902774376479827,4.248693898165664,5.8999999999999915,0.017699480056762695,0.11597376508732316,3.2917887536102253,-2.059821794778749,3.2938310692236916,3.884866656505579
1748023047.737913,3.1948083152502633,7.5421090898473295,3.937862844391829,3.0902774376479827,4.248693898165664,5.8999999999999915,0.07087087631225586,0.10453087760228064,3.2934151916816656,-1.9621371556081626,3.295073645485315,3.835034882056482
1748023047.841192,3.184007791740463,7.542218525648536,4.037225002885873,3.1027382337353995,4.304353643421773,5.8999999999999915,0.015132904052734375,0.0812695580050633,3.2378648822267637,-1.8627749971141183,3.2388846439192105,3.7363490771726853
1748023047.9623084,3.169407811668769,7.541662433254174,4.135536190429858,3.1151990298228163,4.378566637887558,5.8999999999999915,0.09461617469787598,0.0542087818459529,3.1630957953666163,-1.7644638095701337,3.163560273283123,3.6223536737842066
1748023048.0828366,3.154999003351154,7.5412830519395015,4.232880235815671,3.1151990298228163,4.378566637887558,5.8999999999999915,0.025912046432495117,0.03979997352833786,3.1627164140519435,-1.6671197641843207,3.1629668277752203,3.5754226969325495
1748023048.1887,3.1437365866511726,7.539132138214072,4.327603913003224,3.1276598259102344,4.452779631562371,5.8999999999999915,0.06908154487609863,0.016076760740938223,3.086352506651701,-1.5723960869967675,3.0863943781621876,3.4638504170870172
1748023048.3077464,3.1281773152959005,7.537827377671391,4.420978638913544,3.1276598259102344,4.452779631562371,5.8999999999999915,0.04996490478515625,0.0005174893856660923,3.08504774610902,-1.4790213610864473,3.0850477895111466,3.4212605937165352
1748023048.390506,3.1112758338019155,7.538581157215646,4.5121311372519965,3.1276598259102344,4.526992625237184,5.8999999999999915,0.06218099594116211,-0.016383992108318868,3.011588531978462,-1.387868862747995,3.011633098692733,3.316038887185584
1748023048.5281162,3.0937954756949217,7.539277293101165,4.600772518154381,3.1276598259102344,4.526992625237184,5.8999999999999915,0.07542920112609863,-0.033864350215312644,3.012284667863981,-1.2992274818456107,3.0124750147451715,3.280700803798909
1748023048.5979795,3.076236038839564,7.538923622558912,4.685756332526294,3.140120621997651,4.619758868121672,5.8999999999999915,0.07288670539855957,-0.06388458315808698,2.919164754437239,-1.2142436674736974,2.919863713174625,3.162276361660044
1748023048.7357235,3.0553390269666316,7.538260698182754,4.773640350993922,3.140120621997651,4.619758868121672,5.8999999999999915,0.06485724449157715,-0.08478159503101956,2.918501830061081,-1.1263596490060692,2.9197330102127292,3.129461121317049
1748023048.839476,3.035529474860443,7.5376358835910935,4.863768723314045,3.1525814180850684,4.7125251102151875,6.0,0.01631450653076172,-0.11705194322462553,2.825110773375906,-1.1362312766859546,2.8275346221146913,3.0472895420974795
1748023048.956489,3.018240070719198,7.5348090128643435,4.951992890092624,3.165042214172485,4.8052913523087035,6.0,0.09655594825744629,-0.14680214345328713,2.72951766055564,-1.0480071099073758,2.733462552991647,2.927479535543165
1748023049.0151775,2.9972633692889232,7.538656726579845,5.038079689328603,3.165042214172485,4.8052913523087035,6.0,0.03786754608154297,-0.16777884488356198,2.7333653742711412,-0.9619203106713972,2.7385098155849064,2.9025379746244555
1748023049.1364338,2.9766912925625384,7.542995435915344,5.123128934306449,3.165042214172485,4.8052913523087035,6.0,0.0833888053894043,-0.18835092160994682,2.7377040836066406,-0.8768710656935514,2.7441755991677708,2.880868373410756
1748023049.2154095,2.9553124678789615,7.549148166604219,5.210131491909325,3.1775030102599024,4.916610842820922,6.099999999999994,0.035376548767089844,-0.22219054238094094,2.632537323783297,-0.889868508090669,2.641897310312356,2.7877387538876692
1748023049.3042345,2.935344274864086,7.554200013573507,5.295864689655603,3.1775030102599024,4.916610842820922,6.099999999999994,0.05344843864440918,-0.24215873539581656,2.6375891707525847,-0.8041353103443916,2.6486822170278956,2.7680590824876696
1748023049.4564712,2.914584775905574,7.563064479804083,5.380780547677573,3.202424602434736,5.046483582542816,6.099999999999994,0.009355306625366211,-0.28783982652916196,2.5165808972612673,-0.7192194523224211,2.5329885862744552,2.6331175056946523
1748023049.5174477,2.8956080404384963,7.572852218122904,5.469150517992847,3.202424602434736,5.046483582542816,6.099999999999994,0.07033181190490723,-0.30681656199623975,2.526368635580088,-0.6308494820071475,2.544931214307763,2.621954605729602
1748023049.6273017,2.8809133009575127,7.584264501132864,5.55323573133818,3.239806990696988,5.1763563214737385,6.099999999999994,0.026407957077026367,-0.35889368973947544,2.4079081796591257,-0.5467642686618142,2.4345074413942833,2.4951508266414333
1748023049.7632449,2.867369868854187,7.598828599444047,5.6300730431008645,3.2647285828718227,5.306229061195633,6.200000000000003,0.09174847602844238,-0.3973587140176358,2.292599538248415,-0.5699269568991383,2.3267803055687475,2.3955632587312126
1748023049.8751607,2.855656310583953,7.619722823398121,5.699332733246259,3.2647285828718227,5.306229061195633,6.200000000000003,0.02016735076904297,-0.4090722722878697,2.313493762202488,-0.5006672667537435,2.3493815168474836,2.4021368037027466
1748023049.941245,2.8459627337142948,7.641524917968795,5.758166758407079,3.2647285828718227,5.306229061195633,6.200000000000003,0.08625173568725586,-0.4187658491575279,2.335295856773162,-0.44183324159292425,2.3725453789300897,2.4133354902414696
1748023050.066214,2.8356484024729305,7.668090858395331,5.800275586387093,3.289650175046656,5.436101800126555,6.200000000000003,0.016404390335083008,-0.4540017725737253,2.231989058268776,-0.3997244136129101,2.2776946164338234,2.312503485958412
1748023050.1234024,2.8276438429657844,7.696821823496634,5.828371025977911,3.289650175046656,5.436101800126555,6.200000000000003,0.0735926628112793,-0.4620063320808714,2.2607200233700793,-0.3716289740220917,2.3074455302236783,2.3371805598374173
1748023050.2286878,2.8242155277953636,7.722494939104664,5.841356019426147,3.314571767752726,5.603081036685856,6.200000000000003,0.02012181282043457,-0.49035623995736266,2.119413902418808,-0.3586439805738557,2.1753998556199368,2.204765301938758
1748023050.325992,2.8209705073078126,7.753240682596626,5.847184253224626,3.314571767752726,5.603081036685856,6.200000000000003,0.07718253135681152,-0.4936012604449136,2.1501596459107706,-0.3528157467753772,2.2060890070928547,2.2341234653412965
1748023050.4085467,2.822784033958442,7.784578959036963,5.850090620447851,3.3519541560149784,5.75150702403548,6.299999999999997,0.04298853874206543,-0.5291701220565366,2.033071935001483,-0.44990937955214605,2.100809965458086,2.148446173581503
1748023050.5611844,2.8274388623584805,7.815277938121795,5.852523796783066,3.3768757481898124,5.937039509013484,6.299999999999997,0.10148787498474121,-0.5494368858313319,1.8782384291083112,-0.44747620321693127,1.9569518359150508,2.0074599474302666
1748023050.687575,2.8319115072370096,7.852499388945972,5.848946600090861,3.3768757481898124,5.937039509013484,6.299999999999997,0.024902820587158203,-0.5449642409528028,1.915459879932488,-0.45105339990913595,1.9914749748737104,2.0419161944403683
1748023050.769496,2.838300869787698,7.8862198795757195,5.849329970800247,3.389336544277229,6.122571993200516,6.3999999999999915,0.08330893516540527,-0.5510356744895311,1.7636478863752032,-0.5506700291997442,1.8477267605562933,1.928038293897375
1748023050.87754,2.842963455313644,7.920905816529981,5.845730313297357,3.389336544277229,6.122571993200516,6.3999999999999915,0.024735212326049805,-0.5463730889635854,1.7983338233294646,-0.5542696867026349,1.8795020863181768,1.9595262126523894
1748023050.9516416,2.8466616725185148,7.958955168863902,5.850612454304731,3.389336544277229,6.122571993200516,6.3999999999999915,0.09883666038513184,-0.5426748717587144,1.8363831756633857,-0.5493875456952608,1.914888817737959,1.99214102403995
1748023051.0907552,2.8504680562919162,7.9904293865432905,5.859396652993793,3.401797340364646,6.308104478178521,6.3999999999999915,0.032303571701049805,-0.5513292840727297,1.6823249083647696,-0.5406033470061988,1.7703618491090116,1.8510626827784584
1748023051.1672037,2.8506275265419703,8.029328091510934,5.871949066326365,3.42671893253948,6.512190211575228,6.5,0.07544136047363281,-0.5760914059975097,1.5171378799357056,-0.6280509336736353,1.6228335265208182,1.740125463892854
1748023051.2564,2.8525577929314956,8.064131832517802,5.889428723697375,3.42671893253948,6.512190211575228,6.5,0.013755083084106445,-0.5741611396079844,1.551941620942574,-0.6105712763026254,1.6547458442461196,1.7637973501781945
1748023051.3644085,2.850970679019163,8.098444685358913,5.911178899564567,3.42671893253948,6.7348291925996655,6.599999999999994,0.0837090015411377,-0.5757482535203171,1.3636154927592479,-0.688821100435427,1.4801801456325314,1.6326076601344899
1748023051.4734998,2.8483514771631206,8.140509076681838,5.93478193328632,3.42671893253948,6.7348291925996655,6.599999999999994,0.025382280349731445,-0.5783674553763594,1.405679884082172,-0.665218066713674,1.5200147532020187,1.65920460650098
1748023051.5516665,2.851440574174248,8.178044520190795,5.961571641404361,3.42671893253948,6.957468174415076,6.599999999999994,0.10156559944152832,-0.5752783583652321,1.2205763457757195,-0.6384283585956334,1.349352365199915,1.4927634020599916
1748023051.6551054,2.852099263523556,8.220694246895675,5.9867496604968675,3.42671893253948,6.957468174415076,6.599999999999994,0.0018732547760009766,-0.5746196690159242,1.2632260724805997,-0.6132503395031268,1.3877780349229958,1.517235595784462
1748023051.7648878,2.8542555984718696,8.267603158146137,6.009308908371401,3.42671893253948,7.180107156230486,6.700000000000003,0.08778023719787598,-0.5724633340676104,1.0874960019156514,-0.6906910916286018,1.2289677876308764,1.4097574284569103
1748023051.887911,2.859762368571328,8.317419100082226,6.030424316895892,3.42671893253948,7.180107156230486,6.700000000000003,0.03524303436279297,-0.566956563968152,1.1373119438517403,-0.6695756831041111,1.2707943197285694,1.4364016842299838
1748023051.9661896,2.865811406616114,8.372692155571656,6.046538200706565,3.42671893253948,7.421299385673628,6.700000000000003,0.08460235595703125,-0.560907525923366,0.9513927698980282,-0.6534617992934377,1.1044299231964487,1.2832683968630767
1748023052.0663145,2.875229091548963,8.426480869039565,6.065744433830524,3.42671893253948,7.421299385673628,6.700000000000003,0.015522480010986328,-0.5514898409905169,1.0051814833659378,-0.6342555661694789,1.1465299207685304,1.3102713392402578
1748023052.181558,2.885452562527302,8.485742284697139,6.081963912274852,3.414258136452063,7.643938367489038,6.700000000000003,0.06684637069702148,-0.5288055739247612,0.8418039172081011,-0.6180360877251507,0.9941172818338889,1.1705715594406905
1748023052.2647974,2.8941136380716763,8.55005450068036,6.097737458264152,3.414258136452063,7.643938367489038,6.700000000000003,0.016393184661865234,-0.5201444983803869,0.9061161331913228,-0.6022625417358505,1.0447950736986558,1.2059506271830147
1748023052.385279,2.903696738789769,8.608037198886407,6.113710587862179,3.414258136452063,7.88513059772315,6.700000000000003,0.062407732009887695,-0.5105613976622942,0.722906601163257,-0.5862894121378242,0.8850236690554031,1.0616035840054436
1748023052.467263,2.91599655367472,8.675491234031611,6.13051314170102,3.414258136452063,7.88513059772315,6.700000000000003,0.019576311111450195,-0.4982615827773431,0.7903606363084608,-0.5694868582989825,0.9343096597476118,1.0941891162285171
1748023052.598544,2.9296617767901125,8.73839065894586,6.147965343395367,3.42671893253948,8.126322827957264,6.700000000000003,0.06818366050720215,-0.4970571557493675,0.6120678309885967,-0.5520346566046355,0.7884750128017606,0.9625149910029112
1748023052.672384,2.9426169513418685,8.80277837446242,6.163903044775528,3.42671893253948,8.126322827957264,6.700000000000003,0.00565648078918457,-0.4841019811976115,0.6764555465051565,-0.5360969552244752,0.8318334175765256,0.989619512741132
1748023052.7921517,2.9619855848843457,8.866267369065326,6.184935592511265,3.439179728626898,8.367515057400405,6.700000000000003,0.07888579368591309,-0.4771941437425524,0.49875231166492107,-0.5150644074887376,0.6902667015098515,0.8612545866786514
1748023052.858089,2.9772496413332625,8.936550043386376,6.2054035845748095,3.439179728626898,8.367515057400405,6.700000000000003,0.01294851303100586,-0.4619300872936356,0.5690349859859705,-0.4945964154251934,0.7329257948954719,0.8841978483205045
1748023052.9838305,2.991862567401135,9.005662607454937,6.229662553554868,3.451640524714315,8.608707287634518,6.700000000000003,0.061054229736328125,-0.4597779573131797,0.3969553198204192,-0.47033744644513487,0.6074284286768371,0.7682360376169173
1748023053.065792,3.006327376394278,9.084995167340622,6.254170099365744,3.451640524714315,8.608707287634518,6.700000000000003,0.02090740203857422,-0.44531314832003677,0.47628787970610453,-0.44582990063425854,0.6520382998119357,0.7898849566368463
1748023053.188402,3.0170273615662175,9.15854345404172,6.279838601578009,3.451640524714315,8.849899517868632,6.700000000000003,0.07094287872314453,-0.4346131631480974,0.3086439361730875,-0.4201613984219934,0.5330569208987082,0.6787380066284314
1748023053.3236003,3.028140998959234,9.238747101188139,6.305223696416041,3.451640524714315,8.849899517868632,6.700000000000003,0.0642554759979248,-0.4234995257550809,0.38884758331950664,-0.39477630358396176,0.5749385109454741,0.6974257101940072
1748023053.386447,3.0386109993984043,9.314330335369036,6.329965855552681,3.451640524714315,9.072538499684043,6.799999999999997,0.06372380256652832,-0.41302952531591064,0.2417918356849924,-0.4700341444473164,0.47859866337736967,0.6708120284647
1748023053.475129,3.0516062729666196,9.39534077153641,6.356831811397134,3.451640524714315,9.072538499684043,6.799999999999997,0.024958133697509766,-0.40003425174769536,0.32280227185236754,-0.4431681886028631,0.5140318173852552,0.6786948892351637
1748023053.598922,3.0595771608944595,9.48441086790519,6.379200491049643,3.451640524714315,9.313730729127181,6.799999999999997,0.05255770683288574,-0.3920633638198554,0.17068013877800858,-0.42079950895035445,0.4276042457962977,0.5999313442018845
1748023053.7090063,3.0656235926570012,9.586002223106696,6.4014836187874575,3.451640524714315,9.313730729127181,6.799999999999997,0.057526588439941406,-0.3860169320573137,0.272271493979515,-0.3985163812125396,0.4723778553962683,0.6180260062194114
1748023053.8048863,3.0732199672575327,9.677518317226621,6.423584353554908,3.464101320801732,9.536369710942592,6.799999999999997,0.052242279052734375,-0.3908813535441995,0.1411486062840286,-0.3764156464450892,0.41558532409659177,0.5607137420227398
1748023053.955814,3.0818266604079696,9.773813398277923,6.444104392366437,3.4890229129765657,9.759008692758004,6.799999999999997,0.09463906288146973,-0.40719625256859615,0.014804705519919636,-0.35589560763355976,0.4074652959595939,0.5410079952683696
1748023054.0366278,3.0873057503167125,9.87299231560111,6.464531330257316,3.4890229129765657,9.759008692758004,6.799999999999997,0.013825178146362305,-0.40171716265985324,0.11398362284310615,-0.3354686697426814,0.41757507714412556,0.5356380993085226
1748023054.171867,3.096162984101717,9.976113709001638,6.490497470850745,3.5139445056826366,9.981647674573413,6.799999999999997,0.08276915550231934,-0.4177815215809195,-0.005533965571775212,-0.3095025291492526,0.417818171636201,0.5199652297021425
1748023054.3075097,3.09680499994289,10.084131963663367,6.521544389025151,3.5139445056826366,9.981647674573413,6.799999999999997,0.05287361145019531,-0.4171395057397467,0.10248428908995422,-0.27845561097484595,0.42954440603862304,0.5119042137377345
1748023054.375795,3.0967739377586305,10.18722777921014,6.554479484805382,3.5513268939448874,10.18573340717915,6.799999999999997,0.07335400581359863,-0.4545529561862569,0.001494372030990121,-0.24552051519461493,0.4545554126016235,0.5166245701734107
1748023054.5420537,3.0981136589761498,10.291961693626334,6.588837212223125,3.5513268939448874,10.18573340717915,6.799999999999997,0.09290480613708496,-0.45321323496873767,0.10622828644718396,-0.21116278777687203,0.46549617097494284,0.5111520401348638
1748023054.6327436,3.0978745218036963,10.400485033622473,6.625346147652577,3.5887092822071387,10.389819140575856,6.799999999999997,0.034340620040893555,-0.4908347604034424,0.01066589304661747,-0.17465385234742037,0.49095063223789276,0.5210916343932045
1748023054.7927065,3.0992238582128664,10.509219714148095,6.656623134606089,3.651013262644224,10.593904873972564,6.799999999999997,0.060509681701660156,-0.5517894044313576,-0.08468515982446867,-0.14337686539390848,0.5582500543100808,0.5763679802586115
1748023054.8983784,3.100986467346857,10.608793219880795,6.682717586795092,3.651013262644224,10.593904873972564,6.799999999999997,0.045162200927734375,-0.550026795297367,0.01488834590823096,-0.11728241320490529,0.5502282602602077,0.5625889288247156
1748023055.0305896,3.100041819809981,10.73326298954268,6.708229465843376,3.725778039699963,10.797990606578297,6.799999999999997,0.022675514221191406,-0.6257362198899821,-0.0647276170356168,-0.09177053415662151,0.6290750998802237,0.6357336802692658
1748023055.1665306,3.096889570352296,10.852448334201668,6.726940130632624,3.7880820201370478,11.002076339975003,6.799999999999997,0.08117890357971191,-0.6911924497847517,-0.14962800577333546,-0.07305986936737341,0.7072026178904824,0.7109664459474367
1748023055.270241,3.0920789316699206,10.95545894736776,6.73848135527723,3.7880820201370478,11.002076339975003,6.799999999999997,0.022531509399414062,-0.6960030884671271,-0.04661739260724396,-0.061518644722767135,0.6975625279853251,0.7002699651547277
1748023055.3924556,3.087640065498828,11.066697193588475,6.748670635285991,3.862846796661551,11.206162073371711,6.799999999999997,0.055036306381225586,-0.7752067311627231,-0.13946487978323674,-0.05132936471400651,0.7876521622727555,0.7893228949009972
1748023055.536383,3.081746785327816,11.177114505214618,6.753327717989085,3.862846796661551,11.206162073371711,6.799999999999997,0.08889102935791016,-0.7811000113337352,-0.029047568157093195,-0.04667228201091245,0.7816399355978443,0.7830321135365448
1748023055.6173286,3.0785392717646083,11.296803610529011,6.755691471082752,3.925150777098637,11.42880105439615,6.799999999999997,0.035704851150512695,-0.8466115053340286,-0.13199744386713874,-0.04430852891724513,0.8568397552351363,0.8579846221735089
1748023055.7631896,3.078657865307484,11.401884868661028,6.754127657897634,3.999915554154375,11.651440036211559,6.799999999999997,0.08993101119995117,-0.9212576888468909,-0.24955516755053075,-0.04587234210236346,0.9544598005734386,0.9555615012549661
1748023055.8705697,3.080918379545963,11.509298439723125,6.754148516600392,3.999915554154375,11.651440036211559,6.799999999999997,0.017449140548706055,-0.9189971746084118,-0.14214159648843427,-0.04585148339960554,0.9299247498537312,0.9310544554001494
1748023055.9809954,3.0840547002329757,11.617822601439045,6.7560359051002425,4.062219534591461,11.874079018026968,6.799999999999997,0.0681006908416748,-0.978164834358485,-0.25625641658792375,-0.04396409489975461,1.0111744627995933,1.0121297524815682
1748023056.090258,3.0889144458640203,11.735602190481629,6.760754110318518,4.062219534591461,11.874079018026968,6.799999999999997,0.04116177558898926,-0.9733050887274404,-0.13847682754533963,-0.03924588968147891,0.9831066206214626,0.9838896621911641
1748023056.228719,3.096648125665933,11.84295848125901,6.766431535521858,4.124523515028547,12.096717999051407,6.799999999999997,0.02731156349182129,-1.027875389362614,-0.25375951779239614,-0.033568464478139326,1.0587359014067554,1.0592679315144942
1748023056.3468924,3.10288054183345,11.95732197490176,6.774267908390513,4.124523515028547,12.096717999051407,6.799999999999997,0.09086179733276367,-1.021642973195097,-0.13939602414964725,-0.025732091609484087,1.0311089254912142,1.0314299572759391
1748023056.4774532,3.101768147371107,12.078992555160767,6.7826515645476455,4.174366699909451,12.300803732448115,6.799999999999997,0.021099090576171875,-1.0725985525383441,-0.22181117728734812,-0.01734843545235165,1.0952935009744877,1.0954308839400113
1748023056.5689402,3.090516693323643,12.20518477271235,6.793008532257769,4.224209884259119,12.523442714263526,6.799999999999997,0.08913540840148926,-1.1336931909354764,-0.3182579415511757,-0.006991467742228252,1.17751788459193,1.1775386401961698
1748023056.6903455,3.0818341358143897,12.320810142576995,6.803327262419793,4.224209884259119,12.523442714263526,6.799999999999997,0.032269954681396484,-1.1423757484447297,-0.20263257168653048,0.003327262419795751,1.1602078735049823,1.1602126444829686
1748023056.8200676,3.074032256020267,12.441185102731424,6.811925140225062,4.249131476433954,12.746081695287964,6.799999999999997,0.03966641426086426,-1.1750992204136868,-0.3048965925565401,0.011925140225065078,1.2140099299303293,1.2140684984541978
1748023056.9117749,3.0713492013011034,12.557567180095376,6.819825396731463,4.249131476433954,12.746081695287964,6.799999999999997,0.052040815353393555,-1.1777822751328504,-0.18851451519258866,0.01982539673146544,1.1927735787044456,1.192938328838071
1748023057.0666533,3.0707601732236647,12.67235797071178,6.825938180675261,4.26159227252137,12.950167428684669,6.700000000000003,0.017991304397583008,-1.1908320992977055,-0.27780945797288936,0.12593818067525842,1.2228079095495625,1.2292760507749123
1748023057.18892,3.0779087961987486,12.78347378920676,6.829777804901531,4.249131476433954,13.135699913662675,6.700000000000003,0.07667350769042969,-1.1712226802352053,-0.3522261244559157,0.12977780490152835,1.2230395780376742,1.229905723253466
1748023057.2998192,3.0843972059244003,12.891164011823548,6.831996014654103,4.249131476433954,13.135699913662675,6.700000000000003,0.0342257022857666,-1.1647342705095536,-0.24453590183912688,0.13199601465410016,1.1901276100434344,1.1974250189770808
1748023057.436597,3.0930578685781214,12.997362149138624,6.833404403226216,4.236670680346536,13.339785646268409,6.700000000000003,0.012589454650878906,-1.1436128117684143,-0.3424234971297846,0.13340440322621294,1.1937772466534324,1.2012080791551445
1748023057.5142975,3.1014776039513947,13.11216523891926,6.8348215992912165,4.236670680346536,13.339785646268409,6.700000000000003,0.06511092185974121,-1.135193076395141,-0.22762040734914812,0.13482159929121362,1.1577885690130374,1.1656119569448047
1748023057.646449,3.1142904957346076,13.219633955363037,6.835758316228745,4.199288292084286,13.525318131246415,6.799999999999997,0.009014129638671875,-1.0849977963496782,-0.3056841758833784,0.03575831622874759,1.1272369021058342,1.127803923848766
1748023057.7556036,3.1283614695282402,13.322298144710771,6.837714289360121,4.199288292084286,13.525318131246415,6.799999999999997,0.10014033317565918,-1.0709268225560455,-0.20301998653564368,0.037714289360123665,1.09000063036813,1.0906528970414282
1748023057.897875,3.143080898443653,13.432877256304693,6.8375630221937636,4.149445107734617,13.69229736701474,6.799999999999997,0.04189038276672363,-1.0063642092909637,-0.2594201107100478,0.03756302219376639,1.039263063705547,1.0399416792392588
1748023057.9809384,3.1598412388523016,13.54735325728052,6.842003007704077,4.087141126766295,13.859276603574042,6.799999999999997,0.07293105125427246,-0.9272998879139935,-0.31192334629352203,0.042003007704080275,0.9783564054516398,0.979257631445598
1748023058.104393,3.1780678521593195,13.651620601895857,6.844126503058619,4.087141126766295,13.859276603574042,6.799999999999997,0.05052351951599121,-0.9090732746069756,-0.20765600167818477,0.04412650305862176,0.9324887311048965,0.933532207216121
1748023058.2103388,3.1932996273731966,13.78595485262931,6.849406983717503,4.012376350241792,14.026255840133343,6.799999999999997,0.040122032165527344,-0.8190767228685951,-0.24030098750403361,0.04940698371750596,0.853598993989901,0.855027656032618
1748023058.34244,3.2101803383817966,13.892048396892342,6.850993502863734,4.012376350241792,14.026255840133343,6.799999999999997,0.0919790267944336,-0.8021960118599951,-0.1342074432410012,0.050993502863736495,0.8133449940003122,0.8149419713081919
1748023058.445786,3.2304495585549837,13.956522064315195,6.853265418656752,3.937611573717289,14.174681827482967,6.799999999999997,0.004181385040283203,-0.7071620151623055,-0.21815976316777252,0.05326541865675516,0.7400485105409181,0.7419629389521493
1748023058.5315197,3.25694938996941,14.058781641285115,6.853035315714867,3.937611573717289,14.174681827482967,6.799999999999997,0.08155226707458496,-0.680662183747879,-0.1159001861978517,0.053035315714869746,0.690459167181614,0.6924930369744551
1748023058.6813138,3.2871398139718195,14.193900219915498,6.854237957861603,3.8503860005741335,14.30455456641389,6.799999999999997,0.012574434280395508,-0.563246186602314,-0.11065434649839112,0.05423795786160568,0.5740127621586777,0.5765695163586365
1748023058.7964678,3.316131470955085,14.28496152499865,6.85455860240293,3.7631604279622137,14.434427306135785,6.799999999999997,0.06597781181335449,-0.44702895700712864,-0.1494657811371347,0.054558602402932976,0.47135433395038934,0.47450136904963347
1748023058.907791,3.351689984452303,14.377077122367822,6.854273823511012,3.7631604279622137,14.434427306135785,6.799999999999997,0.045345306396484375,-0.4114704435099106,-0.05735018376796219,0.05427382351101517,0.4154479142569638,0.41897806312379454
1748023059.0354478,3.3912977770028014,14.472426881276121,6.853738628786312,3.675934854819059,14.545746796648002,6.799999999999997,0.02107548713684082,-0.28463707781625747,-0.0733199153718811,0.053738628786314635,0.29392869213113243,0.29880079698981954
1748023059.1071234,3.428558439281165,14.552848877185681,6.853340964997004,3.675934854819059,14.545746796648002,6.799999999999997,0.05060005187988281,-0.2473764155378939,0.007102080537679356,0.053340964997007134,0.24747834352189374,0.2531615868554161
1748023059.2417269,3.47104205264608,14.66477073541698,6.853488832023138,3.576248486119722,14.657066287951192,6.799999999999997,0.010500907897949219,-0.10520643347364178,0.007704447465787467,0.05348883202314081,0.105488161207772,0.1182742884408808
1748023059.3349714,3.506065871267541,14.776621856927264,6.854482535732735,3.576248486119722,14.657066287951192,6.799999999999997,0.08274364471435547,-0.07018261485218069,0.11955556897607167,0.054482535732737425,0.13863308948689618,0.1489546246363327
1748023059.4693882,3.5274759345751576,14.887669985270321,6.857365466548126,3.464101320801732,14.74983253004471,6.799999999999997,0.01600956916809082,0.06337461377342546,0.1378374552256112,0.05736546654812891,0.151708621159126,0.16219217763593816
1748023059.56574,3.5512029182910574,14.99816886024032,6.861621191986977,3.3519541560149784,14.824045523719525,6.799999999999997,0.08734345436096191,0.19924876227607902,0.17412333652079504,0.061621191986979795,0.2646110458572799,0.27169132649309896
1748023059.6880546,3.5815619900894156,15.11137375174006,6.863956852898542,3.3519541560149784,14.824045523719525,6.799999999999997,0.034970998764038086,0.2296078340744372,0.28732822802053626,0.0639568528985448,0.36780058195410126,0.3733198991728966
1748023059.7973218,3.5982552666999226,15.216400644749342,6.86833399694573,3.239806990696988,14.916811765813039,6.799999999999997,0.05907583236694336,0.3584482760029344,0.29958887893630326,0.06833399694573306,0.46716021122500023,0.4721315474424117
1748023059.9077868,3.6228147860216993,15.320828446635609,6.87254647687581,3.239806990696988,14.916811765813039,6.799999999999997,0.051389217376708984,0.3830077953247111,0.40401668082257025,0.07254647687581262,0.5567085859427555,0.5614155688698659
1748023060.0180092,3.6511405306792994,15.4253205321792,6.875146478176935,3.1151990298228163,14.991024760278822,6.799999999999997,0.038643836975097656,0.5359415008564832,0.43429577190037705,0.0751464781769382,0.6898159970824423,0.6938970406430922
1748023060.1289265,3.6870370164200033,15.562342550502578,6.874815932139619,3.1151990298228163,14.991024760278822,6.799999999999997,0.07227349281311035,0.571837986597187,0.5713177902237554,0.07481593213962157,0.8083332854347145,0.8117882261055528
1748023060.242134,3.702427950865289,15.63058685137544,6.873874851081357,2.99059106841741,15.065237753953637,6.799999999999997,0.0034160614013671875,0.7118368824478787,0.5653490974218034,0.07387485108136005,0.90902769439042,0.9120245845321583
1748023060.3865132,3.7325483775119714,15.781530498241409,6.871464357538367,2.8659831070120023,15.120897499209747,6.799999999999997,0.06482458114624023,0.8665652704999691,0.6606329990316624,0.07146435753837022,1.0896656952690826,1.0920066308611067
1748023060.486454,3.7504462268024383,15.88045157537423,6.868800007214541,2.8659831070120023,15.120897499209747,6.799999999999997,0.03511619567871094,0.884463119790436,0.7595540761644841,0.06880000721454405,1.1658462183699505,1.1678744991993941
1748023060.5789409,3.768289492058779,15.977095757647277,6.864936601218742,2.7413751461378317,15.19511049288456,6.799999999999997,0.08747315406799316,1.026914345920947,0.7819852647627172,0.06493660121874445,1.2907571530556257,1.292389566014097
1748023060.7240217,3.784691428221562,16.081043664614697,6.859521779163854,2.7413751461378317,15.19511049288456,6.799999999999997,0.05760765075683594,1.04331628208373,0.8859331717301373,0.05952177916385715,1.368717081515694,1.3700106902603606
1748023060.8089232,3.7899771786536043,16.179361256496904,6.854475250867666,2.6167671847324248,15.25077023814067,6.700000000000003,0.04958033561706543,1.1732099939211795,0.9285910183562347,0.15447525086766323,1.496229584391514,1.5041826924742323
1748023060.9223678,3.7935619222591104,16.291174408274117,6.85035464560059,2.6167671847324248,15.25077023814067,6.700000000000003,0.06386423110961914,1.1767947375266856,1.0404041701334474,0.1503546456005873,1.570759908929932,1.5779395460394694
1748023061.0403843,3.800049564036433,16.39707248347633,6.847695819927862,2.4921592238582533,15.30642998418775,6.700000000000003,0.008688926696777344,1.3078903401781798,1.0906424992885793,0.14769581992785952,1.7029615976838215,1.7093543396294393
1748023061.1401613,3.7999523460584506,16.506128245889258,6.849339506657854,2.4921592238582533,15.30642998418775,6.700000000000003,0.09108805656433105,1.3077931222001973,1.1996982617015082,0.14933950665785112,1.7747108974714052,1.7809831716926947
1748023061.2950432,3.794936838612733,16.63533381066526,6.85066295948253,2.392472854627681,15.343536481025156,6.700000000000003,0.04622769355773926,1.4024639839850521,1.2917973296401026,0.15066295948252684,1.906736889882955,1.9126800293307185
1748023061.3908253,3.780221302610574,16.730171321540496,6.853627281719124,2.330168874190595,15.399196226281267,6.700000000000003,0.06033921241760254,1.450052428419979,1.3309750952592285,0.1536272817191211,1.96828523069371,1.974271534276731
1748023061.5132382,3.763698308132234,16.82625063043791,6.858769543061255,2.330168874190595,15.399196226281267,6.700000000000003,0.062073707580566406,1.4335294339416391,1.4270544041566442,0.15876954306125235,2.022743411903722,2.0289649277904704
1748023061.616367,3.738929674611727,16.910693197036878,6.863590880580285,2.2927864859283438,15.473409219956078,6.700000000000003,0.03774905204772949,1.4461431886833833,1.4372839770807992,0.1635908805802826,2.0389005255157846,2.0454528420761933
1748023061.76076,3.7163279543798726,17.004388110747236,6.869627989277833,2.2927864859283438,15.547622213630891,6.700000000000003,0.09209299087524414,1.4235414684515288,1.4567658971163446,0.16962798927783052,2.036820363066494,2.0438715336705395
1748023061.905276,3.685242083956833,17.085715703926837,6.875860531193414,2.2927864859283438,15.547622213630891,6.700000000000003,0.05242300033569336,1.3924555980284894,1.538093490295946,0.17586053119341116,2.0747684635572337,2.0822082277724463
1748023062.0172691,3.6530449620529204,17.17350772820368,6.880105623986282,2.3426296702780123,15.621835208096675,6.700000000000003,0.025163650512695312,1.3104152917749081,1.5516725201070063,0.18010562398627883,2.030979036468064,2.038949210344444
1748023062.101473,3.623808008939406,17.25355166457068,6.884872720741856,2.3426296702780123,15.621835208096675,6.700000000000003,0.05904030799865723,1.2811783386613937,1.6317164564740043,0.18487272074185324,2.0745882795830237,2.082809269390202
1748023062.2364194,3.5847305011846338,17.32948765866974,6.886791331993841,2.404933650715098,15.714601450190193,6.700000000000003,0.012458562850952148,1.1797968504695358,1.6148862084795486,0.18679133199383813,1.9999445179092565,2.008648569666511
1748023062.3344707,3.5458082085632565,17.440310532449416,6.888794013343903,2.404933650715098,15.714601450190193,6.700000000000003,0.08559274673461914,1.1408745578481585,1.7257090822592236,0.1887940133438999,2.068735505891752,2.0773323693650227
1748023062.498876,3.505420617433913,17.516304167658106,6.890763208521584,2.4921592238582533,15.825920940702412,6.700000000000003,0.048041343688964844,1.0132613935756596,1.690383226955694,0.1907632085215809,1.9708105199851236,1.9800213906444246
1748023062.5548089,3.461869883436618,17.61289976324624,6.892184670736677,2.4921592238582533,15.825920940702412,6.700000000000003,0.1039741039276123,0.9697106595783649,1.7869788225438281,0.19218467073667433,2.0331335606693512,2.042196617171373
1748023062.6584768,3.416316606525802,17.688584049462634,6.891957820603385,2.5918455925575903,15.937240432005602,6.700000000000003,0.009873628616333008,0.8244710139682119,1.7513436174570316,0.19195782060338207,1.9357057935753699,1.9452004329045511
1748023062.764406,3.3841123858802646,17.729068694774845,6.892228190347781,2.691531961788163,16.067113170936526,6.700000000000003,0.09031963348388672,0.6925804240921019,1.6619555238383192,0.1922281903477785,1.8004898797417046,1.810722365305261
1748023062.8895438,3.336666361603779,17.789467300937574,6.891415418878958,2.691531961788163,16.067113170936526,6.700000000000003,0.034818172454833984,0.6451343998156163,1.7223541300010474,0.19141541887895475,1.8392123702707963,1.8491462910061296
1748023063.0221248,3.2886753143749488,17.859482095965703,6.891675193116062,2.778757534400083,16.178432661448742,6.700000000000003,0.025458574295043945,0.5099177799748658,1.6810494345169609,0.19167519311605918,1.756685328573188,1.767111406584307
1748023063.10712,3.2324851132749615,17.95187496614217,6.891999978972829,2.778757534400083,16.178432661448742,6.700000000000003,0.05953669548034668,0.45372757887487847,1.773442304693429,0.1919999789728264,1.830564482313584,1.8406059643045727
1748023063.2698896,3.17721675378243,18.007704009446392,6.889837635019917,2.8659831070120023,16.30830540117064,6.700000000000003,0.02262258529663086,0.31123364677042753,1.6993986082757537,0.1898376350199138,1.7276637441040394,1.7380622371944976
1748023063.3828046,3.1218727630672625,18.092570637052184,6.8909826758845565,2.953208680155159,16.456731388520264,6.700000000000003,0.07222771644592285,0.16866408291210355,1.6358392485319193,0.19098267588455364,1.6445113620471143,1.6555639529749613
1748023063.4938128,3.069926360053582,18.142333442193227,6.8919850044158,2.953208680155159,16.456731388520264,6.700000000000003,0.03878045082092285,0.1167176798984233,1.6856020536729623,0.19198500441579736,1.6896382157572605,1.7005103769362635
1748023063.6360698,3.014603999774362,18.190598152170416,6.892713574165764,3.015512660592244,16.586604128242158,6.599999999999994,0.019397735595703125,-0.000908660817882101,1.6039940239282586,0.29271357416577004,1.6039942813059058,1.6304842504492183
1748023063.6812625,2.9748442767303676,18.22014712007747,6.892013470084119,3.015512660592244,16.586604128242158,6.599999999999994,0.02579498291015625,-0.040668383861876656,1.6335429918353128,0.29201347008412437,1.6340491496953822,1.659936291045766
1748023063.7662847,2.9190391499699473,18.26956702875367,6.891256852161755,3.0653558449419123,16.735030115591783,6.599999999999994,0.08054757118225098,-0.14631669497196498,1.5345369131618867,0.29125685216176045,1.5414967119925786,1.5687710690266787
1748023063.865373,2.8592345035707982,18.313935185441842,6.889286908664847,3.0653558449419123,16.735030115591783,6.599999999999994,0.018540620803833008,-0.20612134137111404,1.5789050698500589,0.2892869086648524,1.5923024922943652,1.6183677401912437
1748023064.015888,2.7978069669641297,18.35888581266036,6.887797135601109,3.1151990298228163,16.86490285531368,6.599999999999994,0.0339353084564209,-0.3173920628586866,1.493982957346681,0.28779713560111464,1.5273253741125457,1.5542039729933241
1748023064.097236,2.745573370345266,18.397105459985454,6.8859951620966795,3.1151990298228163,16.86490285531368,6.599999999999994,0.04741263389587402,-0.36962565947755044,1.5322026046717738,0.2859951620966852,1.576156067750647,1.6018929997505738
1748023064.223491,2.6823627515023443,18.436580700867083,6.882336905893916,3.140120621997651,17.013328842663302,6.599999999999994,0.02912592887878418,-0.4577578704953069,1.4232518582037805,0.2823369058939216,1.495054554148748,1.5214802819329158
1748023064.3219142,2.6260867593627424,18.480459154192644,6.881585601800348,3.140120621997651,17.013328842663302,6.599999999999994,0.06929731369018555,-0.5140338626349088,1.467130311529342,0.2815856018003533,1.5545745922738954,1.5798710751465816
1748023064.423796,2.560809248707166,18.517344162091405,6.877855661145394,3.165042214172485,17.143201581594223,6.599999999999994,0.026087284088134766,-0.6042329654653193,1.3741425804971819,0.2778556611453995,1.501121350221383,1.5266201480790875
1748023064.5425603,2.4873258259747395,18.553721000824687,6.873246181176052,3.165042214172485,17.143201581594223,6.599999999999994,0.09267711639404297,-0.6777163881977457,1.4105194192304644,0.2732461811760576,1.5648848311802515,1.5885616168047567
1748023064.615133,2.4149731138472585,18.606188960495885,6.874294191163839,3.1775030102599024,17.273074321316116,6.599999999999994,0.050965309143066406,-0.7625298964126439,1.3331146391797688,0.274294191163845,1.5357885544952086,1.5600909548563862
1748023064.753048,2.3511960975834985,18.64092888332445,6.874267297986099,3.1775030102599024,17.273074321316116,6.599999999999994,0.08694958686828613,-0.826306912676404,1.3678545620083327,0.2742672979861043,1.5980642092055681,1.621428927671027
1748023064.8967595,2.2749277295584456,18.672602781272573,6.870272559441135,3.1899638063473192,17.421500308665745,6.599999999999994,0.03756237030029297,-0.9150360767888737,1.2511024726068278,0.2702725594411408,1.5500156188852072,1.5734025788637047
1748023065.0430353,2.205400861652981,18.70747833551127,6.868215496908575,3.1899638063473192,17.551373048387635,6.599999999999994,0.005688667297363281,-0.9845629446943382,1.1561052871236335,0.2682154969085806,1.5185333802654473,1.5420386440560827
1748023065.1502662,2.15413681189135,18.728917846312854,6.866683306053543,3.1775030102599024,17.699799035737264,6.599999999999994,0.09768915176391602,-1.0233661983685525,1.0291188105755893,0.2666833060535483,1.4513317684953428,1.4756299969746718
1748023065.3179984,2.0882683895677374,18.755331159200693,6.86305917614296,3.1775030102599024,17.699799035737264,6.599999999999994,0.07004308700561523,-1.089234620692165,1.0555321234634292,0.26305917614296526,1.516766337501469,1.5394090595844354
1748023065.404494,2.0132180334002676,18.785886996609193,6.857053172516931,3.165042214172485,17.829671775459158,6.599999999999994,0.05079221725463867,-1.1518241807722176,0.9562152211500354,0.2570531725169367,1.4970125225162951,1.5189215997119876
1748023065.5144832,1.9426292852382403,18.809593726051247,6.853150952290443,3.165042214172485,17.829671775459158,6.599999999999994,0.05919694900512695,-1.222412928934245,0.9799219505920895,0.2531509522904489,1.5666972898673837,1.5870178961572443
1748023065.653957,1.875371999101473,18.833378793573267,6.849046776173702,3.140120621997651,17.97809776280878,6.700000000000003,0.008240222930908203,-1.2647486228961782,0.8552810307644876,0.14904677617369888,1.5267922978268338,1.5340500846423222
1748023065.7489867,1.7921880305185507,18.865725665522092,6.845550811660097,3.140120621997651,17.97809776280878,6.700000000000003,0.10327005386352539,-1.3479325914791005,0.8876279027133123,0.14555081166009387,1.6139410041407327,1.620490852680665
1748023065.8564298,1.7336654631986121,18.885229571995225,6.84373840511492,3.1027382337353995,18.107970502530677,6.700000000000003,3.1948089599609375e-05,-1.3690727705367873,0.7772590694645487,0.14373840511491753,1.5743226835976705,1.5808708489927794
1748023065.9649403,1.6815443457713979,18.911005043111956,6.840639905299036,3.0653558449419123,18.256396489880302,6.700000000000003,0.08427906036376953,-1.3838114991705144,0.6546085532316539,0.14063990529903325,1.53083200358517,1.5372788316252541
1748023066.0593598,1.6426037274391643,18.94375565783615,6.836358354286751,3.0653558449419123,18.256396489880302,6.700000000000003,0.010140419006347656,-1.422752117502748,0.6873591679558473,0.13635835428674792,1.5800905713380824,1.585963371082478
1748023066.1582918,1.6246402223537864,18.978137127755744,6.831841313093087,3.027973456679661,18.4048224780209,6.799999999999997,0.08900809288024902,-1.4033332343258746,0.5733146497348436,0.03184131309309013,1.5159267311331728,1.5162611000034258
1748023066.2664828,1.6298814576360439,19.014663281250066,6.828709357383445,3.027973456679661,18.4048224780209,6.799999999999997,0.019182920455932617,-1.3980919990436171,0.6098408032291651,0.028709357383448264,1.5253088353094173,1.5255789950947611
1748023066.3786442,1.6524164165447441,19.050164032621723,6.828923518489153,2.978130272329992,18.553248465370526,6.799999999999997,0.06988930702209473,-1.325713855785248,0.4969155672511967,0.02892351848915542,1.4157832844039258,1.4160786977846112
1748023066.4926798,1.6686320888563024,19.09042704836073,6.831509204567155,2.978130272329992,18.553248465370526,6.799999999999997,0.04414629936218262,-1.3094981834736896,0.5371785829902045,0.03150920456715767,1.415396171587396,1.4157468532603956
1748023066.6165228,1.7034549833275374,19.132845198061688,6.8329730906506665,2.9282870879803244,18.70167445272015,6.799999999999997,0.047412872314453125,-1.224832104652787,0.4311707453415359,0.032973090650669334,1.2985075649477562,1.2989261414466986
1748023066.6819134,1.7316178623710812,19.180324037991106,6.833878671981152,2.9282870879803244,18.70167445272015,6.799999999999997,0.01797771453857422,-1.1966692256092433,0.47864958527095425,0.033878671981154795,1.288845475997911,1.2892906675437812
1748023066.7706542,1.7707732457025998,19.227779692260583,6.834024146268389,2.8659831070120023,18.85010044086075,6.8999999999999915,0.08159279823303223,-1.0952098613094026,0.37767925139983305,-0.06597585373160264,1.158501729496896,1.1603788478436312
1748023066.847763,1.8153086055729215,19.277811025028264,6.8326327684596055,2.8659831070120023,18.85010044086075,6.8999999999999915,0.004483938217163086,-1.0506745014390808,0.42771058416751373,-0.06736723154038593,1.1343955446770657,1.1363941198671317
1748023066.9597352,1.8607891908138399,19.333454445540326,6.827269978085762,2.7912183304875,18.998526428210376,6.8999999999999915,0.08865928649902344,-0.9304291396736599,0.3349280173299505,-0.0727300219142295,0.9888757054081361,0.9915466790999217
1748023067.0640714,1.9056854225893964,19.39309774253222,6.8244901995917555,2.7912183304875,18.998526428210376,6.8999999999999915,0.01567697525024414,-0.8855329078981033,0.3945713143218441,-0.07550980040823596,0.9694612179226862,0.9723974408716992
1748023067.1966736,1.9598367267151051,19.4557941780607,6.818319064305191,2.7289143500504145,19.165505664769675,7.0,0.05028867721557617,-0.7690776233353094,0.29028851329102423,-0.1816809356948088,0.8220388139642806,0.841876341310731
1748023067.3045645,2.0065856994533213,19.524454481852203,6.814085551521924,2.7289143500504145,19.165505664769675,7.0,0.0576021671295166,-0.7223286505970932,0.3589488170825277,-0.18591444847807637,0.8065996111816341,0.827748219515615
1748023067.3995683,2.055560362162847,19.59417428862696,6.807702115355199,2.641688776907259,19.3139316521193,7.099999999999994,0.042188405990600586,-0.5861284147444117,0.28024263650765846,-0.2922978846447952,0.6496787312876732,0.7124047355649615
1748023067.527512,2.1077490324473764,19.64888419634969,6.800570699246223,2.641688776907259,19.3139316521193,7.099999999999994,0.0857553482055664,-0.5339397444598823,0.33495254423039,-0.29942930075377117,0.6303053685320282,0.6978128429243676
1748023067.6511302,2.1667779766202884,19.71451489854674,6.794085950952643,2.566924000382756,19.4809108886786,7.099999999999994,0.0025708675384521484,-0.40014602376246744,0.233604009868138,-0.30591404904735153,0.4633440123271113,0.5552216486808954
1748023067.7724864,2.2234630365058106,19.791425918754044,6.78465807879753,2.479698427770836,19.629336876028226,7.200000000000003,0.08153247833251953,-0.2562353912650255,0.16208904272581748,-0.41534192120247315,0.3031986700309099,0.5142356901428312
1748023067.8831863,2.2696408227170934,19.85801262368028,6.776806576047804,2.479698427770836,19.629336876028226,7.200000000000003,0.02916741371154785,-0.2100576050537426,0.2286757476520549,-0.42319342395219905,0.3105105392819065,0.5248899590214372
1748023067.9728107,2.31336446536708,19.926109725897028,6.769915004214379,2.392472854627681,19.814869361006227,7.299999999999997,0.08101773262023926,-0.07910838926060082,0.11124036489080069,-0.530084995785618,0.13650112099336484,0.5473779852985357
1748023068.1699572,2.352921241186973,19.997980640129498,6.763543845312712,2.305247282015761,19.98184859756553,7.3999999999999915,0.07745623588562012,0.047673959171211866,0.016132042563967275,-0.6364561546872798,0.05032940671559747,0.638443017049809
1748023068.2534883,2.388589725854013,20.07228843643999,6.755513402654235,2.305247282015761,19.98184859756553,7.3999999999999915,0.0060749053955078125,0.08334244383825196,0.09043983887445961,-0.6444865973457565,0.12298506982788764,0.6561160732361933
1748023068.3796704,2.4192850042939806,20.14539316061895,6.748111779010281,2.2055609127851876,20.167381081752563,7.3999999999999915,0.07870626449584961,0.213724091508793,-0.021987921133611366,-0.6518882209897106,0.21485217235819806,0.6863816056918823
1748023068.473372,2.4505850681415478,20.230908105408567,6.737377571175203,2.2055609127851876,20.167381081752563,7.3999999999999915,0.014995336532592773,0.24502415535636013,0.06352702365600393,-0.6626224288247888,0.25312550136777645,0.7093243282338133
1748023068.5983443,2.474476378261027,20.306572000316663,6.728077435575405,2.1058745440858506,20.352913566730567,7.5,0.07392692565917969,0.36860183417517645,-0.04634156641390419,-0.7719225644245951,0.3715035032607345,0.8566675541905633
1748023068.7505326,2.4917107154057234,20.378493282066557,6.717828487701401,2.1058745440858506,20.352913566730567,7.5,0.0782613754272461,0.3858361713198728,0.025579715335990016,-0.782171512298599,0.3866831686735906,0.8725343245895406
1748023068.8547752,2.5117877205912684,20.45248749496305,6.70896323475134,1.9937273787678613,20.538446050917596,7.599999999999994,0.0033330917358398438,0.5180603418234071,-0.08595855595454438,-0.8910367652486544,0.5251432100979465,1.034273613768021
1748023068.9584963,2.5329662558586126,20.527555099087024,6.701685556874243,1.8815802139811069,20.7239785358956,7.700000000000003,0.09277987480163574,0.6513860418775057,-0.1964234368085762,-0.9983144431257598,0.6803572165271243,1.2081049910641177
1748023069.0619726,2.550174778387138,20.600966856917367,6.694147343625541,1.8815802139811069,20.7239785358956,7.700000000000003,0.0106964111328125,0.6685945644060312,-0.12301167897823362,-1.0058526563744614,0.6798165669637175,1.2140387683488099
1748023069.1190464,2.5679979613505868,20.674289133848603,6.689471523301819,1.8815802139811069,20.7239785358956,7.700000000000003,0.06777024269104004,0.6864177473694799,-0.049689402046997344,-1.010528476698184,0.6882138915915453,1.222622657567547
1748023069.214989,2.584749746646649,20.751204888192277,6.686196146989913,1.7569722525756999,20.92806426929231,7.700000000000003,0.03366661071777344,0.827777494070949,-0.17685938110003363,-1.0138038530100895,0.8464601705771317,1.3207168783473504
1748023069.3372953,2.6000135953224817,20.82818712286096,6.684698755871078,1.7569722525756999,20.92806426929231,7.700000000000003,0.08863973617553711,0.8430413427467818,-0.09987714643134993,-1.015301244128925,0.8489370706710634,1.3234541043380799
1748023069.4650855,2.5995219721558502,20.896996532345256,6.682181412973496,1.632364291701529,21.132150001898047,7.799999999999997,0.015984296798706055,0.9671576804543212,-0.2351534695527917,-1.117818587026501,0.9953346839653979,1.4967329509990823
1748023069.5454185,2.614353468116642,20.991597914500446,6.682497947157752,1.632364291701529,21.132150001898047,7.799999999999997,0.09631729125976562,0.9819891764151127,-0.1405520873976016,-1.1175020528422452,0.9919967902509839,1.4942785784367274
1748023069.6509752,2.624219656017333,21.070738035021776,6.684043979746171,1.507756330296122,21.336235735294753,7.8999999999999915,0.008173704147338867,1.1164633257212109,-0.26549770027297726,-1.2159560202538202,1.14759722312783,1.671983382011381
1748023069.7589042,2.626518398369159,21.13571991432545,6.687583488838908,1.370687572803298,21.521768219481782,7.8999999999999915,0.09815812110900879,1.255830825565861,-0.3860483051563328,-1.2124165111610834,1.3138281304476278,1.7877634499260584
1748023069.85977,2.622811253474378,21.20542241265845,6.687892242277852,1.370687572803298,21.521768219481782,7.8999999999999915,0.0027077198028564453,1.25212368067108,-0.3163458068233318,-1.2121077577221397,1.2914675300571816,1.771184235906076
1748023070.0040798,2.6182839144167502,21.276360032564888,6.691044484981659,1.2336188158417096,21.725853952878488,8.0,0.0485987663269043,1.3846650985750406,-0.4494939203135999,-1.308955515018341,1.4557960776189487,1.9577300017897377
1748023070.0850737,2.620039385541645,21.345719910990525,6.704627549146171,1.2336188158417096,21.725853952878488,8.0,0.032395124435424805,1.3864205696999354,-0.3801340418879633,-1.2953724508538293,1.4375896096901832,1.9351107648711559
1748023070.198628,2.615913836997576,21.422496172028048,6.71652551603381,1.0840892622614682,21.929939686275198,8.099999999999994,0.0498809814453125,1.531824574736108,-0.5074435142471501,-1.383474483966184,1.613686911366934,2.12555571456089
1748023070.3115926,2.612804787120524,21.512274224259173,6.733709793852176,1.0840892622614682,21.929939686275198,8.099999999999994,0.06308364868164062,1.5287155248590558,-0.41766546201602495,-1.3662902061478182,1.5847446463409043,2.0924063949246583
1748023070.3859713,2.5970751657553777,21.588130490618866,6.747917714550825,0.9345597086812272,22.11547217046223,8.200000000000003,0.06954646110534668,1.6625154570741505,-0.5273416798433637,-1.452082285449178,1.7441464652690417,2.2694911006712055
1748023070.487821,2.5819670462316875,21.664070862856505,6.762532040003315,0.9345597086812272,22.11547217046223,8.200000000000003,0.0323033332824707,1.6474073375504603,-0.4514013076057246,-1.4374679599966882,1.7081317502825284,2.232493720560104
1748023070.6186268,2.5667833953907166,21.73048900147144,6.780254587230457,0.7850301556322216,22.301004655440234,8.299999999999997,0.05089521408081055,1.781753239758495,-0.5705156539687941,-1.5197454127695398,1.8708641636455956,2.4103441327842363
1748023070.70753,2.5471079873627467,21.809900455476274,6.800021609615056,0.7850301556322216,22.301004655440234,8.299999999999997,0.03800797462463379,1.762077831730525,-0.49110419996396004,-1.4999783903849409,1.8292352555913605,2.3655943844877947
1748023070.78712,2.5268796232795463,21.886333810627647,6.811221695657994,0.6355006020519804,22.46798389120856,8.399999999999991,0.06778621673583984,1.8913790212275658,-0.5816500805809142,-1.5887783043419974,1.9787954462701618,2.5376855436652037
1748023070.917564,2.5039756529530575,21.959980328897373,6.822460793012934,0.6355006020519804,22.46798389120856,8.399999999999991,0.06265759468078613,1.868475050901077,-0.5080035623111883,-1.5775392069870575,1.936302309857797,2.4975781438709768
1748023071.034336,2.4843796824530067,22.02197748682584,6.843219759707052,0.4859710484717393,22.63496312776786,8.399999999999991,0.010167837142944336,1.9984086339812674,-0.6129856409420213,-1.5567802402929392,2.0903082223375518,2.606329445971579
1748023071.134219,2.4612292715959967,22.10103355699401,6.859244292924049,0.4859710484717393,22.63496312776786,8.399999999999991,0.08971500396728516,1.9752582231242575,-0.5339295707738501,-1.5407557070759426,2.0461490255029684,2.561377360611637
1748023071.3038208,2.4343090659104973,22.181905129830987,6.872899262299621,0.3364414948914981,22.801942364327164,8.5,0.05447268486022949,2.097867571018999,-0.6200372344961771,-1.6271007377003794,2.187577316963865,2.726343949013026
1748023071.373419,2.4080238952364237,22.242446858889863,6.893678851606018,0.17445114575507545,22.950368351676786,8.599999999999994,0.07878589630126953,2.233572749481348,-0.7079214927869231,-1.7063211483939762,2.3430749171068634,2.898539619986567
1748023071.4739623,2.382377102467748,22.321391604677757,6.912023268173466,0.17445114575507545,22.950368351676786,8.599999999999994,0.02175736427307129,2.2079259567126726,-0.6289767469990295,-1.6879767318265282,2.2957675793927947,2.8495287725830774
1748023071.658187,2.3536434149204943,22.399102213145667,6.930195133149251,0.02492159217483425,23.098794339026412,8.700000000000003,0.0010437965393066406,2.32872182274566,-0.6996921258807447,-1.7698048668507518,2.4315662439570476,3.007444706969688
1748023071.7606337,2.3163755619520394,22.50757764304238,6.953539268097836,-0.13706875749282407,23.24722032716701,8.799999999999997,0.09659075736999512,2.4534443194448636,-0.7396426841246289,-1.8464607319021615,2.5625105519383435,3.1584612651181936
1748023071.9006329,2.2828943387477327,22.587552077056046,6.975389653832586,-0.13706875749282407,23.24722032716701,8.799999999999997,0.04340839385986328,2.419963096240557,-0.6596682501109647,-1.824610346167411,2.5082630618359483,3.101707030444978
1748023072.0636652,2.2481516357499167,22.668531796660858,7.002770329959774,-0.29905910716048234,23.377093066097935,8.799999999999997,0.0042417049407958984,2.547210742910399,-0.7085612694370766,-1.797229670040223,2.6439254228030773,3.196932299598682
1748023072.166515,2.212366982343953,22.75272200761365,7.034287039736811,-0.4485886602094879,23.506965805819824,8.899999999999991,0.09047484397888184,2.660955642553441,-0.7542437982061756,-1.8657129602631803,2.765785356597557,3.336233428413467
1748023072.2604086,2.174708976490905,22.833358445086702,7.067702939042677,-0.4485886602094879,23.506965805819824,8.899999999999991,0.0034186840057373047,2.623297636700393,-0.6736073607331221,-1.8322970609573144,2.7084012566737057,3.269977046822274
1748023072.3877466,2.133197234176043,22.913992172163063,7.102463379788318,-0.6105790098771462,23.655391793169454,9.0,0.07162094116210938,2.743776244053189,-0.7413996210063907,-1.8975366202116817,2.842179001304993,3.417400576535244
1748023072.4797106,2.098111796351798,22.9748613964629,7.136156375606872,-0.6105790098771462,23.655391793169454,9.0,0.02034306526184082,2.7086908062289443,-0.6805303967065548,-1.8638436243931276,2.7928708356439955,3.3576838089346204
1748023072.6010273,2.0564774186369643,23.057512400543047,7.173633296049227,-0.7725693595448047,23.766711284472645,9.0,0.06401348114013672,2.8290467781817688,-0.7091988839295986,-1.8263667039507734,2.91658511449737,3.4412329283859364
1748023072.693744,2.009821350687682,23.143911993772207,7.2121215095539934,-0.7725693595448047,23.766711284472645,9.0,0.02870321273803711,2.7823907102324865,-0.6227992907004385,-1.7878784904460066,2.851241312285758,3.3654251614743274
1748023072.8266006,1.9664947916445037,23.22572928793133,7.248542433893456,-0.9345597092124629,23.896584023403562,9.099999999999994,0.031496524810791016,2.901054500856967,-0.6708547354722327,-1.8514575661065384,2.9776103326405865,3.5062884097206166
1748023072.9374998,1.923717007007962,23.307774693995874,7.286915088226333,-0.9345597092124629,23.896584023403562,9.099999999999994,0.07940268516540527,2.8582767162204252,-0.5888093294076882,-1.813084911773661,2.918294401338794,3.4356541022324487
1748023073.096208,1.8728120644204669,23.417214295229073,7.3294475727775765,-1.0965500583488854,24.02645676233449,9.099999999999994,0.045459747314453125,2.9693621227693523,-0.6092424671054175,-1.7705524272224178,3.0312188637348525,3.510433548353423
1748023073.2102728,1.8216787326251662,23.52475751871343,7.379306078690436,-1.2585404080165439,24.13777625363768,9.200000000000003,0.03953266143798828,3.0802191406417103,-0.6130187349242497,-1.8206939213095668,3.1406276321371953,3.6302160099417353
1748023073.2779045,1.7726769782183496,23.604852018438628,7.418964485486491,-1.2585404080165439,24.13777625363768,9.200000000000003,0.02809906005859375,3.0312173862348937,-0.5329242351990509,-1.781035514513512,3.0777080893215314,3.5558929380724615
1748023073.416798,1.7221773155864692,23.69734545825397,7.461446428464928,-1.4205307576842021,24.249095744149898,9.299999999999997,0.04259920120239258,3.142708073270671,-0.5517502858959276,-1.8385535715350692,3.1907745786543575,3.682569978587135
1748023073.515152,1.6961083390646596,23.757244476451035,7.49327338737008,-1.4205307576842021,24.249095744149898,9.299999999999997,0.055754661560058594,3.1166390967488615,-0.49185126769886267,-1.8067266126299169,3.1552110751771485,3.6358792584058275
1748023073.6039286,1.647455589834074,23.85059074844729,7.537137898295414,-1.5825211073518601,24.341861986243416,9.299999999999997,0.04949045181274414,3.229976697185934,-0.491271237796127,-1.7628621017045836,3.2671236422042393,3.7123819419715147
1748023073.7350948,1.5936353559803695,23.945644150840664,7.581785019859484,-1.5825211073518601,24.341861986243416,9.299999999999997,0.08167576789855957,3.1761564633322297,-0.39621783540275146,-1.7182149801405133,3.200774664461455,3.632797980983474
1748023073.8165824,1.5247889511065118,24.06580994344837,7.630859133372562,-1.7445114564882829,24.453181477546604,9.299999999999997,0.03999829292297363,3.2693004075947947,-0.3873715340982322,-1.6691408666274352,3.292169780027924,3.691126263510217
1748023073.9130418,1.470035793366442,24.16260621197899,7.675432585451104,-1.7445114564882829,24.453181477546604,9.299999999999997,0.05646109580993652,3.214547249854725,-0.2905752655676146,-1.6245674145488929,3.227653637940147,3.613442581655663
1748023074.0517323,1.4176374739519755,24.260060836041504,7.716234886393977,-1.9065018061559413,24.564500968058823,9.399999999999991,0.0007939338684082031,3.324139280107917,-0.30444013201731934,-1.6837651136060146,3.3380511900717016,3.738669643781833
1748023074.15604,1.3617309558473263,24.348408282834882,7.752130941000646,-2.0560313597361826,24.65726721015234,9.399999999999991,0.09569597244262695,3.417762315583509,-0.3088589273174591,-1.6478690589993459,3.4316895376485386,3.8068314276329374
1748023074.2812684,1.300568182064545,24.445213136019817,7.790418380865874,-2.0560313597361826,24.65726721015234,9.399999999999991,0.029532432556152344,3.3565995418007275,-0.2120540741325243,-1.6095816191341177,3.3632911581326193,3.7286030095771077
1748023074.3671968,1.2316100095451148,24.563481699502262,7.833257811737256,-2.2055609133164236,24.750033453036828,9.399999999999991,0.08052563667297363,3.4371709228615384,-0.186551753534566,-1.5667421882627357,3.4422297293631727,3.782013563459809
1748023074.5074742,1.1717568485001166,24.664464419254713,7.86975649255774,-2.2055609133164236,24.750033453036828,9.399999999999991,0.05975174903869629,3.37731776181654,-0.08556903378211445,-1.5302435074422513,3.3784015930353646,3.708806076878792
1748023074.648008,1.1131868658470925,24.755886189930635,7.90217286921977,-2.3675512624528467,24.842799695130346,9.399999999999991,0.006983041763305664,3.4807381282999392,-0.08691350519971053,-1.4978271307802213,3.4818230677602022,3.790326897364972
1748023074.7731228,1.0521758976006907,24.856855525213604,7.935214870533874,-2.5170808160330878,24.91701268880516,9.399999999999991,0.0784907341003418,3.5692567136337785,-0.06015716359155476,-1.4647851294661178,3.5697636297311313,3.8586017995714785
1748023074.8592715,0.9800997186325127,24.9787613692112,7.974239895776279,-2.5170808160330878,24.91701268880516,9.399999999999991,0.0076580047607421875,3.4971805346656004,0.061748680406040535,-1.4257601042237127,3.4977256312603853,3.777151898768684
1748023074.965242,0.917814224935551,25.080886446198463,8.006771730162901,-2.6541495735259115,24.99122568327094,9.399999999999991,0.09605884552001953,3.5719637984614625,0.08966076292752234,-1.3932282698370901,3.5730889199581903,3.835107487646368
1748023075.0526843,0.8489805333730711,25.172970712396996,8.039183589403635,-2.6541495735259115,24.99122568327094,9.399999999999991,0.008616447448730469,3.5031301068989826,0.1817450291260556,-1.3608164105963567,3.507841473253047,3.762548751155586
1748023075.1646965,0.7834943771909106,25.27750212064442,8.075074893161116,-2.803679127106153,25.065438676945753,9.399999999999991,0.08167362213134766,3.5871735042970636,0.2120634436986677,-1.3249251068388759,3.593436329488003,3.829910076335503
1748023075.269201,0.6933120957576495,25.398278624297774,8.12167950112088,-2.803679127106153,25.065438676945753,9.399999999999991,0.022830963134765625,3.4969912228638025,0.3328399473520207,-1.2783204988791113,3.5127951894950793,3.7381590845219934
1748023075.390079,0.616053137725542,25.49652289140701,8.163563075136178,-2.9407478840677412,25.15820491903927,9.399999999999991,0.05731821060180664,3.5568010217932833,0.3383179723677401,-1.2364369248638134,3.5728549591407655,3.7807497706438395
1748023075.4951725,0.5461167431929361,25.590004392731885,8.202594010997348,-2.9407478840677412,25.15820491903927,9.399999999999991,0.0477752685546875,3.4868646272606774,0.43179947369261384,-1.1974059890026432,3.5134990699191824,3.7119343766858757
1748023075.6524992,0.46492242303355624,25.696084597927424,8.24748161073646,-3.0653558454731487,25.232417912714084,9.399999999999991,0.0021419525146484375,3.530278268506705,0.4636666852133402,-1.1525183892635322,3.5605970634245354,3.7424791363023027
1748023075.793106,0.3719938122887285,25.822202958770774,8.300479727040944,-3.1775030102599024,25.306630907179866,9.399999999999991,0.05901813507080078,3.549496822548631,0.5155720515909081,-1.0995202729590474,3.58674535389181,3.75149131204011
1748023075.885581,0.2964876973070485,25.915565081713652,8.344181109220195,-3.1775030102599024,25.306630907179866,9.399999999999991,0.03345680236816406,3.473990707566951,0.6089341745337862,-1.055818890779797,3.5269550982648856,3.681598266419647
1748023075.990374,0.21821547216045012,26.009502119145978,8.387625733888566,-3.277189379490475,25.399397149273383,9.399999999999991,0.0616910457611084,3.495404851650925,0.6101049698725944,-1.0123742661114257,3.54825071707286,3.6898488865931505
1748023076.119558,0.1366026379061065,26.108331285643942,8.435129178848065,-3.277189379490475,25.399397149273383,9.399999999999991,0.06749296188354492,3.4137920173965814,0.7089341363705586,-0.9648708211519264,3.486626384881536,3.6176704174458023
1748023076.2224844,0.03365269853363628,26.22680038742449,8.490734097868078,-3.364414952102395,25.4921633913669,9.399999999999991,0.029574155807495117,3.3980676506360314,0.7346369960575885,-0.9092659021319136,3.4765723456122117,3.5935107840460643
1748023076.343984,-0.04354423345976777,26.31566677083957,8.538187539872991,-3.364414952102395,25.4921633913669,9.399999999999991,0.09192538261413574,3.3208707186426274,0.8235033794726689,-0.8618124601270001,3.4214529290845004,3.528322669820755
1748023076.4356585,-0.11017853914658815,26.390639879325143,8.577022937163747,-3.45164052524555,25.58492963346042,9.299999999999997,0.007863044738769531,3.341461986098962,0.8057102458647236,-0.7229770628362502,3.4372281281340364,3.512439755814061
1748023076.529595,-0.19170335766167845,26.46963144101302,8.623064532880829,-3.45164052524555,25.58492963346042,9.299999999999997,0.08607339859008789,3.2599371675838715,0.8847018075526023,-0.6769354671191685,3.3778525167451576,3.4450151308122643
1748023076.6523373,-0.2727813854775345,26.55578794658605,8.669613268386541,-3.526405301770053,25.677695876344902,9.299999999999997,0.014393329620361328,3.2536239162925185,0.8780920702411485,-0.6303867316134557,3.3700317910208284,3.428483878317841
1748023076.7479873,-0.3844499567936399,26.680841294988333,8.729733696908356,-3.526405301770053,25.677695876344902,9.299999999999997,0.08125662803649902,3.141955344976413,1.003145418643431,-0.5702663030916408,3.298209229380567,3.3471462138981862
1748023076.8384545,-0.46093432201613815,26.75438801497753,8.772315532900457,-3.5887092822071387,25.789015366857125,9.299999999999997,0.015288114547729492,3.1277749601910005,0.9653726481204039,-0.5276844670995402,3.2733653250648356,3.315625347978107
1748023076.9605446,-0.5455053947455699,26.83825266912296,8.818356138739384,-3.65101326317546,25.900334857369337,9.299999999999997,0.0924069881439209,3.10550786842989,0.9379178117536213,-0.4816438612606131,3.2440513162532834,3.279611219576902
1748023077.075627,-0.6289569019559167,26.920009985830298,8.862458726039783,-3.65101326317546,25.900334857369337,9.299999999999997,0.022675514221191406,3.0220563612195432,1.0196751284609604,-0.437541273960214,3.1894454091564857,3.21931737863916
1748023077.163454,-0.6711660475334096,26.964018860523126,8.886234784691057,-3.7133172436125457,26.011654348672533,9.299999999999997,0.09151530265808105,3.042151196079136,0.9523645118505932,-0.41376521530894017,3.1877393342678033,3.2144803182844024
1748023077.2724206,-0.7593511300123357,27.04020196818275,8.929918026214182,-3.7133172436125457,26.011654348672533,9.299999999999997,0.01745128631591797,2.95396611360021,1.028547619510217,-0.3700819737858154,3.127910805297757,3.14972803162744
1748023077.363699,-0.8633832663973031,27.14157985536805,8.982581374658734,-3.7631604279622137,26.141527087603457,9.399999999999991,0.08459138870239258,2.8997771615649106,1.0000527677645934,-0.4174186253412575,3.0673788688466694,3.0956504056221945
1748023077.4691265,-0.9481417926004205,27.216911315392224,9.026213858307138,-3.7631604279622137,26.141527087603457,9.399999999999991,0.02083611488342285,2.815018635361793,1.075384227788767,-0.37378614169285385,3.013433449540742,3.036527166770066
1748023077.5952344,-1.0340889124033943,27.290478866876583,9.068580667350878,-3.8130036123118827,26.28995307574405,9.399999999999991,0.059963226318359375,2.7789146999084884,1.0005257911325316,-0.33141933264911394,2.953543425800417,2.9720796661836717
1748023077.6567533,-1.153358348545991,27.401393772434666,9.124963842133418,-3.8130036123118827,26.28995307574405,9.399999999999991,0.0015556812286376953,2.6596452637658916,1.1114406966906145,-0.2750361578665732,2.8825359236846397,2.8956274345064603
1748023077.7657118,-1.2378789098932206,27.47224336126075,9.15760923419028,-3.8503860005741335,26.438379063093674,9.399999999999991,0.09381103515625,2.612507090680913,1.033864298167078,-0.24239076580971108,2.8096385329580302,2.820074816247323
1748023077.880274,-1.3316104117065297,27.54678752419703,9.18985555466332,-3.8503860005741335,26.438379063093674,9.399999999999991,0.020751237869262695,2.5187755888676038,1.1084084611033553,-0.2101444453366721,2.7518720507539687,2.759884140978876
1748023077.974895,-1.3594749940411948,27.570379404383615,9.195796523171914,-3.887768389367621,26.586805051234276,9.399999999999991,0.08259010314941406,2.5282933953264264,0.9835743531493399,-0.20420347682807716,2.7128741218538637,2.7205486691057463
1748023078.0625207,-1.4439741238387054,27.641616971488254,9.229720033472773,-3.887768389367621,26.586805051234276,9.399999999999991,0.0050356388092041016,2.4437942655289158,1.0548119202539787,-0.1702799665272181,2.6617209845026766,2.6671621372429555
1748023078.190367,-1.5345177923988569,27.713012382454828,9.260584046383306,-3.925150777629872,26.753784287002606,9.5,0.053673744201660156,2.390632985231015,0.9592280954522217,-0.2394159536166942,2.575896855306798,2.586999151145134
1748023078.3104668,-1.7054533149953404,27.854473337489495,9.326432655997028,-3.925150777629872,26.753784287002606,9.5,0.06642603874206543,2.2196974626345316,1.1006890504868885,-0.17356734400297213,2.4776144194543077,2.4836865410901092
1748023078.3952909,-1.7902534478094019,27.92299289105162,9.358188997767307,-3.950072369804707,26.920763523561902,9.5,0.061399221420288086,2.159818921995305,1.0022293674897185,-0.14181100223269283,2.381025300341809,2.385244608257619
1748023078.5379736,-1.8805397517669036,27.99005582841186,9.388531109929618,-3.950072369804707,26.920763523561902,9.5,0.0812835693359375,2.0695326180378033,1.0692923048499594,-0.11146889007038219,2.3294530023878446,2.332118479791982
1748023078.5912275,-1.957402127675314,28.044362177770196,9.413600727360707,-3.974993961979541,27.08774275933023,9.599999999999994,0.0757436752319336,2.017591834304227,0.956619418439967,-0.1863992726392869,2.2328899483824802,2.240656647152341
1748023078.68643,-2.050368150945854,28.10802526735735,9.448304277934778,-3.974993961979541,27.08774275933023,9.599999999999994,0.019458770751953125,1.9246258110336871,1.020282508027119,-0.15169572206521664,2.178339025194009,2.183614549497249
1748023078.828248,-2.139756155490762,28.169455421209932,9.480318655595035,-4.012376350241792,27.254721995889536,9.700000000000003,0.026482105255126953,1.87262019475103,0.9147334253203958,-0.21968134440496812,2.0840930001292577,2.095639168909415
1748023078.9201348,-2.227225649975212,28.23047619253014,9.509964169666132,-4.012376350241792,27.254721995889536,9.700000000000003,0.06540465354919434,1.7851507002665796,0.9757541966406045,-0.19003583033387095,2.0344186577310017,2.043275040647904
1748023079.0170677,-2.313795729580539,28.289644778966775,9.542265769657831,-4.037297942416627,27.440254480076565,9.799999999999997,0.03215456008911133,1.7235022128360882,0.84939029889021,-0.2577342303421659,1.9214379400593955,1.9386466132304159
1748023079.1302762,-2.4012090367052377,28.347006665728387,9.573909718428617,-4.037297942416627,27.440254480076565,9.799999999999997,0.0810539722442627,1.6360889057113894,0.9067521856518219,-0.22609028157138056,1.8705577867513872,1.8841717673814333
1748023079.2426872,-2.476605468803246,28.39649800681319,9.596606729352715,-4.049758738504043,27.625786965054566,9.799999999999997,0.011933565139770508,1.5731532697007973,0.7707110417586236,-0.20339327064728252,1.7518009932235374,1.7635689786349642
1748023079.3338356,-2.5703013958960437,28.45259229188695,9.624810169941162,-4.049758738504043,27.625786965054566,9.799999999999997,0.07921481132507324,1.4794573426079998,0.8268053268323854,-0.17518983005883548,1.6948159419462434,1.70384639965907
1748023079.4664123,-2.661844498096759,28.507910444066606,9.649951885275,-4.074680331210114,27.82987269845128,9.899999999999991,0.011845827102661133,1.4128358331133555,0.6780377456153275,-0.2500481147249918,1.5671120814441526,1.5869355171164792
1748023079.5463834,-2.777828014621411,28.587808155030395,9.681162290183876,-4.074680331210114,27.82987269845128,9.899999999999991,0.09181690216064453,1.2968523165887031,0.7579354565791157,-0.21883770981611583,1.5020958981973416,1.5179532372964724
1748023079.6475778,-2.860407813145727,28.63901414743532,9.696685568025224,-4.099601923384948,28.03395843105701,10.0,0.011952400207519531,1.2391941102392208,0.6050557163783097,-0.30331443197477626,1.3790193844807417,1.4119823325445062
1748023079.7923288,-2.947289307249086,28.69368362467621,9.708328508588476,-4.112062719472365,28.238044164453715,10.099999999999994,0.06084847450256348,1.164773412223279,0.45563946022249624,-0.39167149141151825,1.250721559554367,1.310614732375091
1748023079.9080665,-3.029987755038258,28.75150324377691,9.714278638627178,-4.112062719472365,28.238044164453715,10.099999999999994,0.05488920211791992,1.0820749644341072,0.5134590793231943,-0.3857213613728163,1.1977171848122146,1.2582954436116327
1748023080.0051098,-3.109381115279385,28.801490788580672,9.716482925611787,-4.136984311647199,28.442129897850425,10.099999999999994,0.04275703430175781,1.0276031963678136,0.35936089073024746,-0.38351707438820704,1.088626923684962,1.1542070547865637
1748023080.11271,-3.1870258244066942,28.852936687246647,9.716624805636297,-4.136984311647199,28.442129897850425,10.099999999999994,0.06484317779541016,0.9499584872405045,0.41080678939622217,-0.3833751943636976,1.034979876951383,1.1037028066230976
1748023080.2536218,-3.2703736690303344,28.904437572961342,9.71899698806811,-4.161905903822033,28.646215630456158,10.200000000000003,0.02489638328552246,0.8915322347916987,0.25822194250518393,-0.4810030119318931,0.9281747126828177,1.0454052777518315
1748023080.3279777,-3.3468817483141287,28.954223193223662,9.717587659604064,-4.161905903822033,28.646215630456158,10.200000000000003,0.04945945739746094,0.8150241555079045,0.30800756276750363,-0.48241234039593905,0.8712824070204509,0.9959190222852649
1748023080.4458685,-3.4277731376052216,28.997498180092332,9.720597656878107,-4.186827495996868,28.850301363852864,10.299999999999997,0.018995285034179688,0.759054358391646,0.14719681623946812,-0.57940234312189,0.773194944179273,0.9661974419959543
1748023080.587442,-3.5113797477721427,29.044380108447633,9.722019635589865,-4.211749088171701,29.07294034566828,10.299999999999997,0.0768892765045166,0.7003693403995586,-0.02856023722064549,-0.5779803644101325,0.7009514249374291,0.9085120812435473
1748023080.649483,-3.5915484887855413,29.092030724726726,9.720909015734447,-4.211749088171701,29.07294034566828,10.299999999999997,0.01484823226928711,0.6202005993861599,0.019090379058447127,-0.5790909842655498,0.6204943400640711,0.8487400038346198
1748023080.7531674,-3.677540076149624,29.13361021067953,9.721971415408904,-4.211749088171701,29.07294034566828,10.299999999999997,0.0888361930847168,0.5342090120220773,0.06066986501125271,-0.5780285845910935,0.5376430982037131,0.7894156988877726
1748023080.8805792,-3.759392618904368,29.176346415445575,9.723180985091934,-4.236670680346536,29.277026078274012,10.399999999999991,0.013029098510742188,0.4772780614421679,-0.10067966282843699,-0.6768190149080571,0.4877814494640418,0.8342749674911469
1748023080.9653769,-3.849263947911467,29.227331784067175,9.72391062935823,-4.236670680346536,29.277026078274012,10.399999999999991,0.09782671928405762,0.3874067324350685,-0.04969429420683724,-0.6760893706417619,0.39058097651157114,0.7808010862617355
1748023081.076086,-3.9254532578243353,29.2621151293647,9.72354149276199,-4.274053069140023,29.49966506008942,10.5,0.006242513656616211,0.3485998113156876,-0.2375499307247182,-0.7764585072380097,0.42184333352164216,0.883651295194507
1748023081.163656,-4.011382308633166,29.31258452029929,9.723962362882135,-4.274053069140023,29.49966506008942,10.5,0.09381246566772461,0.26267076050685656,-0.18708053979013073,-0.7760376371178648,0.3224826457244127,0.8403746016015096
1748023081.26693,-4.090986679479238,29.352850920417985,9.723778011097895,-4.3114354574022755,29.72230404190483,10.5,0.0037937164306640625,0.2204487779230373,-0.3694531214868455,-0.7762219889021047,0.43022467695860317,0.8874761116330251
1748023081.3650577,-4.131360183656728,29.382826139088074,9.716272304841738,-4.348817845664526,29.944943022929273,10.599999999999994,0.0853278636932373,0.21745766200779837,-0.562116883841199,-0.8837276951582567,0.6027132202509232,1.0696905463987996
1748023081.423169,-4.201663977037498,29.42035359421194,9.7144636660935,-4.348817845664526,29.944943022929273,10.599999999999994,0.027216672897338867,0.1471538686270284,-0.5245894287173343,-0.8855363339064937,0.5448378931148969,1.039722524735534
1748023081.5607717,-4.2737700821617075,29.46140834550353,9.710664976893476,-4.386200233926778,30.167582004744677,10.599999999999994,0.10538506507873535,0.11243015176507054,-0.7061736592411485,-0.8893350231065185,0.7150676723443387,1.1411566760773133
1748023081.6829276,-4.363777580304028,29.52219486183228,9.70670893831757,-4.386200233926778,30.167582004744677,10.599999999999994,0.01677083969116211,0.02242265362275031,-0.6453871429123978,-0.8932910616824241,0.645776540013737,1.1022686879857497
1748023081.752849,-4.387678829920251,29.554085496292135,9.698732838424354,-4.386200233926778,30.167582004744677,10.599999999999994,0.08669233322143555,-0.0014785959934728865,-0.6134965084525419,-0.9012671615756407,0.6134982902417673,1.0902580651681435
1748023081.850342,-4.432002500662181,29.594406600746254,9.69281634307653,-4.436043418276446,30.390220986560088,10.599999999999994,0.0027365684509277344,0.0040409176142652825,-0.7958143858138342,-0.9071836569234648,0.795824645059083,1.2067804494076153
1748023081.9586802,-4.481809551878758,29.64016352252434,9.686818168681285,-4.4858866031573505,30.612859967584527,10.599999999999994,0.09039092063903809,0.004077051278592592,-0.9726964450601869,-0.9131818313187097,0.9727049894905719,1.3341874132334055
1748023082.066439,-4.539955133794583,29.69011579304908,9.68090091821071,-4.4858866031573505,30.612859967584527,10.599999999999994,0.017367839813232422,-0.054068530637232826,-0.9227441745354454,-0.9190990817892839,0.9243268997732188,1.3035042538443342
1748023082.1813154,-4.586094744983219,29.740589584624914,9.675002585045142,-4.548190583594436,30.835498949399934,10.700000000000003,0.06793498992919922,-0.037904161388783386,-1.0949093647750203,-1.0249974149548606,1.0955652616447025,1.5002942855276
1748023082.2740254,-4.6257200474593745,29.797050648525406,9.669946577360411,-4.548190583594436,30.835498949399934,10.700000000000003,0.024775028228759766,-0.07752946386493864,-1.0384483008745278,-1.0300534226395914,1.041338413464316,1.4647169504200857
1748023082.3674903,-4.658239376664522,29.846548811888887,9.665642206320399,-4.598033767944104,31.039584682796644,10.700000000000003,0.08043336868286133,-0.060205608720417914,-1.1930358709077566,-1.0343577936796038,1.19455401911928,1.5801440915118354
1748023082.5379176,-4.704880479803801,29.902040694311395,9.662877795797488,-4.598033767944104,31.039584682796644,10.700000000000003,0.08999395370483398,-0.10684671185969741,-1.1375439884852483,-1.0371222042025146,1.1425508940848788,1.5430635152267835
1748023082.6099825,-4.7603044741195255,29.970232457942064,9.661453765956775,-4.66033774838119,31.20656391856497,10.700000000000003,0.06781864166259766,-0.09996672573833543,-1.2363314606229068,-1.0385462340432277,1.2403664082765278,1.6177413597439438
1748023082.69061,-4.799173031263589,30.027050072057854,9.6591021007857,-4.66033774838119,31.20656391856497,10.700000000000003,0.012808799743652344,-0.13883528288239866,-1.1795138465071169,-1.0408978992143023,1.1876565790981204,1.579239242946995
1748023082.8084972,-4.8374775530098795,30.086221843611852,9.657451426330942,-4.722641729349511,31.373543155124274,10.700000000000003,0.047240495681762695,-0.1148358236603686,-1.2873213115124216,-1.0425485736690607,1.2924331415859842,1.6605092453609553
1748023082.895485,-4.870458287077403,30.147329723873227,9.659283687981274,-4.722641729349511,31.373543155124274,10.700000000000003,0.03974723815917969,-0.14781655772789204,-1.2262134312510469,-1.0407163120187288,1.2350907309663484,1.6150973827670123
1748023082.9946854,-4.895800905266331,30.20926220317481,9.66620343576604,-4.772484913699179,31.503415894055195,10.700000000000003,0.061895132064819336,-0.12331599156715178,-1.2941536908803855,-1.0337965642339633,1.3000156189044478,1.6609563346510532
1748023083.1229682,-4.927911866995764,30.271566683863867,9.677191796309902,-4.772484913699179,31.503415894055195,10.700000000000003,0.06638765335083008,-0.15542695329658507,-1.2318492101913279,-1.0228082036901007,1.241615888453453,1.6086474554717785
1748023083.2044504,-4.946666489184205,30.331243060767736,9.691377961349907,-4.822328098048849,31.596182136939685,10.700000000000003,0.04584813117980957,-0.12433839113535594,-1.2649390761719488,-1.0086220386500955,1.2710353661235678,1.6226057188323806
1748023083.3246405,-4.977484353936317,30.399212936640602,9.70464916947392,-4.822328098048849,31.596182136939685,10.700000000000003,0.07434201240539551,-0.1551562558874684,-1.1969692002990833,-0.9953508305260836,1.2069833181140677,1.564459013855783
1748023083.4707088,-5.006430502672782,30.46697057219984,9.718794255506452,-4.872171282398517,31.688948379033203,10.700000000000003,0.02193593978881836,-0.13425922027426473,-1.2219778068333618,-0.9812057444935505,1.2293312403993994,1.5729017806745178
1748023083.5897312,-5.034263927698497,30.538084931611223,9.732838737099412,-4.922014467279421,31.744608124289307,10.700000000000003,0.05820870399475098,-0.11224946041907558,-1.206523192678084,-0.967161262900591,1.2117335333457149,1.5503867466828902
1748023083.6836894,-5.0543952660889,30.610925142704104,9.747526053021044,-4.922014467279421,31.744608124289307,10.700000000000003,0.03574943542480469,-0.1323807988094785,-1.1336829815852028,-0.9524739469789587,1.1413859025891946,1.486596245892955
1748023083.7923365,-5.07872182534612,30.68710369930656,9.75847001759356,-4.971857651629089,31.78171462112672,10.700000000000003,0.07385516166687012,-0.10686417371703083,-1.0946109218201592,-0.9415299824064434,1.0998149943477777,1.447781658110946
1748023083.9315207,-5.096131910933606,30.762705112136665,9.769582361284828,-4.971857651629089,31.78171462112672,10.700000000000003,0.06532907485961914,-0.1242742593045163,-1.019009508990056,-0.9304176387151752,1.0265595311222049,1.385460736856214
1748023084.0391376,-5.131746866761096,30.858349152063766,9.781186615228764,-5.021700835978758,31.800267869545415,10.700000000000003,0.009108781814575195,-0.1100460307823381,-0.9419187174816486,-0.918813384771239,0.9483253657016779,1.3204313822641456
1748023084.1396644,-5.151638945396515,30.933623922028044,9.792908070815916,-5.021700835978758,31.800267869545415,10.700000000000003,0.09141802787780762,-0.12993810941775674,-0.8666439475173711,-0.9070919291840873,0.8763307846056493,1.2612578689698877
1748023084.2968926,-5.163922428781365,31.013421491853805,9.807740163848312,-5.059083224241009,31.78171462112672,10.700000000000003,0.04809379577636719,-0.10483920454035633,-0.7682931292729158,-0.8922598361516911,0.7754131745699347,1.1821138720555084
1748023084.4062884,-5.169475383332641,31.08751784783314,9.828559717447474,-5.108926408590678,31.763161372708016,10.700000000000003,0.054013729095458984,-0.060548974741962525,-0.6756435248748751,-0.8714402825525287,0.678351200373117,1.1043407613154916
1748023084.490789,-5.183202723772306,31.163707011841346,9.853500432156686,-5.108926408590678,31.763161372708016,10.700000000000003,0.0304868221282959,-0.0742763151816277,-0.5994543608666696,-0.8464995678433169,0.6040384936070116,1.039915390845789
1748023084.615198,-5.19990462927081,31.25141500491975,9.884553388890984,-5.133848001296747,31.726054875870602,10.700000000000003,0.06944870948791504,-0.06605662797406264,-0.4746398709508526,-0.8154466111090191,0.4792144459378762,0.9458327868945596
1748023084.75201,-5.220787916721022,31.349389655696,9.92058810321756,-5.133848001296747,31.726054875870602,10.700000000000003,0.06736350059509277,-0.08693991542427515,-0.37666522017460125,-0.7794118967824435,0.3865685411193737,0.8700104262761265
1748023084.8276188,-5.233865904187445,31.43596506453156,9.958860440266292,-5.1587695934715825,31.688948379033203,10.599999999999994,0.03825068473815918,-0.0750963107158622,-0.2529833145016447,-0.641139559733702,0.26389394327905935,0.6933252832220217
1748023084.9797578,-5.251173256661787,31.528858887418103,9.998093735369585,-5.183691185646417,31.614735385358387,10.599999999999994,0.07836222648620605,-0.06748207101536963,-0.08587649794028351,-0.6019062646304096,0.1092181432135289,0.6117350359496697
1748023085.1542766,-5.267995147745072,31.62763897597618,10.037588305130717,-5.183691185646417,31.559075639311306,10.599999999999994,0.09486269950866699,-0.0843039620986552,0.06856333666487302,-0.5624116948692777,0.10866503191069432,0.5728132363047189
1748023085.2285078,-5.285996323069494,31.731419779359065,10.080948152479024,-5.183691185646417,31.559075639311306,10.599999999999994,0.02063155174255371,-0.10230513742307679,0.172344140047759,-0.51905184752097,0.20042166487671983,0.5564024300512072
1748023085.3174238,-5.295236679751277,31.823358745751257,10.123243382071593,-5.183691185646417,31.559075639311306,10.599999999999994,0.06828451156616211,-0.1115454941048597,0.2642831064399509,-0.47675661792840174,0.2868587764121009,0.5564034780113939
1748023085.4515536,-5.307022359263039,31.92276895887687,10.163959334143662,-5.183691185646417,31.484862645636497,10.599999999999994,0.007504940032958984,-0.12333117361662183,0.4379063132403722,-0.43604066585633205,0.4549423233349787,0.630161867968748
1748023085.5829852,-5.319296154431232,32.02777944251018,10.202948237726517,-5.183691185646417,31.41064965196168,10.599999999999994,0.07732129096984863,-0.13560496878481487,0.6171297905484998,-0.3970517622734775,0.631852740709072,0.7462492799768988
1748023085.6814208,-5.31812473116636,32.115399904864866,10.24067652643147,-5.183691185646417,31.41064965196168,10.599999999999994,0.021114349365234375,-0.13443354551994346,0.7047502529031853,-0.3593234735685247,0.7174575228737701,0.8024080357184346
1748023085.8196497,-5.3281027283250015,32.21648231295664,10.2797056022615,-5.171230389558999,31.317883409868166,10.599999999999994,0.03734922409057617,-0.1568723387660027,0.8985989030884767,-0.3202943977384951,0.9121890808937196,0.9667871640254614
1748023085.8863714,-5.33487861494225,32.32722054554449,10.319811328981915,-5.171230389558999,31.317883409868166,10.599999999999994,0.029372453689575195,-0.16364822538325097,1.0093371356763257,-0.2801886710180792,1.0225175769278378,1.060211246164298
1748023085.9903393,-5.34216158709714,32.43195135510888,10.35555870243224,-5.146308797384164,31.243670415402377,10.599999999999994,0.05719590187072754,-0.19585278971297537,1.1882809397065017,-0.24444129756775368,1.2043130435680425,1.228869991034336
1748023086.1150389,-5.352748616437182,32.53719083954242,10.391825766920707,-5.146308797384164,31.243670415402377,10.599999999999994,0.06750369071960449,-0.2064398190530179,1.2935204241400413,-0.20817423307928706,1.3098902574483389,1.3263291438689813
1748023086.2170155,-5.36010352674408,32.63776528276236,10.431395598949306,-5.121387205209331,31.169457421727564,10.599999999999994,0.032129764556884766,-0.2387163215347492,1.4683078610347948,-0.16860440105068797,1.48758645360317,1.4971108512723155
1748023086.2902188,-5.371956943099491,32.75001052864488,10.47114736588438,-5.121387205209331,31.169457421727564,10.599999999999994,0.04107356071472168,-0.2505697378901601,1.5805531069173142,-0.12885263411561354,1.6002916350879044,1.6054707467440354
1748023086.4256487,-5.3824810541430494,32.8524359928056,10.509700454440852,-5.108926408590678,31.076691179634054,10.599999999999994,0.024103164672851562,-0.2735546455523714,1.7757448131715492,-0.09029954555914266,1.7966919005797692,1.7989596419978775
1748023086.528267,-5.396112212934533,32.954073421333725,10.550061742024576,-5.108926408590678,31.076691179634054,10.599999999999994,0.07851505279541016,-0.28718580434385466,1.8773822416996708,-0.049938257975417955,1.8992208317270292,1.899877258476328
1748023086.6326685,-5.4035072824814705,33.05947753829448,10.586049719198956,-5.071544020328426,31.00247818595924,10.599999999999994,0.0500645637512207,-0.33196326215304417,2.0569993523352395,-0.013950280801038772,2.083613674107291,2.0836603737800727
1748023086.7416725,-5.419352739985495,33.16958415219814,10.624613952300315,-5.071544020328426,31.00247818595924,10.599999999999994,0.058939456939697266,-0.3478087196570687,2.1671059662389,0.02461395230032082,2.194839213787134,2.1949772256279947
1748023086.8229566,-5.44715705126541,33.30653087783494,10.672005562684737,-5.046622428153592,30.909711943074754,10.599999999999994,0.03654146194458008,-0.40053462311181853,2.3968189347601836,0.07200556268474223,2.4300553471755055,2.4311219203063046
1748023086.9072633,-5.45974784608066,33.42092664454186,10.704126110431217,-5.046622428153592,30.909711943074754,10.599999999999994,0.047765254974365234,-0.41312541792706803,2.511214701467104,0.10412611043122233,2.5449699188402857,2.5470991607464883
1748023087.0172536,-5.476271678847054,33.526929261276756,10.738761941260664,-5.021700835978758,30.816945700981236,10.599999999999994,0.032369136810302734,-0.4545708428682955,2.7099835602955196,0.13876194126066999,2.7478437998288716,2.751345202732729
1748023087.160219,-5.492351214364428,33.64126894404655,10.77130343223633,-4.996779243803924,30.705626210469017,10.599999999999994,0.07988929748535156,-0.49557197056050395,2.9356427335775344,0.1713034322363356,2.977178166857301,2.9821023964826807
1748023087.280082,-5.51594063592346,33.743893554786965,10.80306945116881,-4.996779243803924,30.705626210469017,10.599999999999994,0.03997373580932617,-0.5191613921195364,3.0382673443179478,0.20306945116881536,3.0823038472247233,3.088985951508089
1748023087.3545263,-5.533593842952836,33.84934855661541,10.8337031156976,-4.971857651629089,30.612859967584527,10.599999999999994,0.10275077819824219,-0.5617361913237469,3.236488589030884,0.23370311569760638,3.2848753302933784,3.293178264512384
1748023087.5029385,-5.547253892180057,33.96347501421231,10.85897371349508,-4.971857651629089,30.612859967584527,10.599999999999994,0.04566144943237305,-0.575396240550968,3.35061504662778,0.25897371349508624,3.3996620456052202,3.4095116085166954
1748023087.708204,-5.574057985297408,34.10346723342954,10.894887835551494,-4.946936059454256,30.520093725491016,10.599999999999994,4.863739013671875e-05,-0.6271219258431522,3.583373507938525,0.2948878355514992,3.6378355662768587,3.6497679984932088
1748023087.7979405,-5.595534874958508,34.208888626842494,10.918957353280923,-4.922014467279421,30.4458807318162,10.599999999999994,0.057869672775268555,-0.6735204076790868,3.763007895026295,0.3189573532809291,3.8228076275939427,3.836090712014303
1748023087.9300978,-5.616707219310058,34.32826599681341,10.942343553332336,-4.922014467279421,30.4458807318162,10.599999999999994,0.07428765296936035,-0.6946927520306367,3.8823852649972075,0.34234355333234134,3.944047840175286,3.958877678597755
1748023088.0144718,-5.636956131414209,34.428799722442434,10.958056987377494,-4.909553671192004,30.35311448972268,10.599999999999994,0.03896307945251465,-0.7274024602222049,4.075685232719753,0.35805698737750014,4.140087493682613,4.155541993718392
1748023088.1382554,-5.664229381690326,34.54534311483702,10.981879387089712,-4.909553671192004,30.35311448972268,10.599999999999994,0.08482050895690918,-0.7546757104983222,4.1922286251143355,0.38187938708971814,4.259614568625215,4.276698275484044
1748023088.2274628,-5.688615825032086,34.66751088934349,11.004656315537268,-4.884632078485935,30.278901495256896,10.599999999999994,0.02737593650817871,-0.8039837465461508,4.388609394086593,0.40465631553727377,4.461645691734775,4.479958594929164
1748023088.310462,-5.716269660552788,34.78902352610695,11.023609001619024,-4.884632078485935,30.278901495256896,10.599999999999994,0.05562329292297363,-0.8316375820668531,4.510122030850056,0.42360900161902926,4.586155448855286,4.605677625205406
1748023088.4387262,-5.7365406238472225,34.90673747682607,11.031649166968094,-4.8597104863111,30.186135253163382,10.599999999999994,0.009955883026123047,-0.8768301375361229,4.720602223662691,0.43164916696809996,4.801345274414325,4.820709226606083
1748023088.5549335,-5.764549413091816,35.03894164875635,11.042323113760016,-4.8597104863111,30.186135253163382,10.599999999999994,0.10625147819519043,-0.904838926780716,4.8528063955929674,0.44232311376002187,4.93644238257935,4.956219641369019
1748023088.7020624,-5.790694060091312,35.14368992415777,11.047597814037715,-4.847249690223683,30.11192225948857,10.599999999999994,0.0209653377532959,-0.9434443698676285,5.0317676646692,0.4475978140377208,5.119450469556812,5.138980143314119
1748023088.8059547,-5.817727614521047,35.25044392635464,11.04983445576612,-4.834788894136265,30.037709265813756,10.599999999999994,0.052819252014160156,-0.9829387203847819,5.212734660540885,0.44983445576612624,5.3045990582923395,5.323638061216256
1748023088.9386077,-5.850877836228891,35.36337617635549,11.051591534353683,-4.834788894136265,30.037709265813756,10.599999999999994,0.0798337459564209,-1.016088942092626,5.325666910541731,0.45159153435368893,5.421730791941076,5.440505463114795
1748023089.0642724,-5.881944017430451,35.468964347447525,11.053328454842031,-4.822328098048849,29.982049519766672,10.599999999999994,0.023582935333251953,-1.059615919381602,5.486914827680852,0.4533284548420369,5.588293140381141,5.606650239742121
1748023089.202582,-5.92936752912218,35.62720823121147,11.065733702553059,-4.822328098048849,29.926389774510568,10.599999999999994,0.046354055404663086,-1.1070394310733311,5.700818456700901,0.4657337025530648,5.807311544786693,5.825957025236849
1748023089.3232298,-5.953060586927398,35.69512403996961,11.064457914233127,-4.822328098048849,29.926389774510568,10.599999999999994,0.07429385185241699,-1.1307324888785493,5.768734265459045,0.4644579142331331,5.878507547574197,5.896827294484771
1748023089.4444904,-5.990897165443059,35.800023062725856,11.071925374368307,-4.822328098048849,29.889283277673158,10.599999999999994,0.007083415985107422,-1.16856906739421,5.910739785052698,0.47192537436831294,6.02514717429171,6.043600915914952
1748023089.5422432,-6.01843719755389,35.867753983723354,11.076200529027323,-4.822328098048849,29.889283277673158,10.599999999999994,0.09066939353942871,-1.1961090995050414,5.978470706050196,0.476200529027329,6.096949151913528,6.115517631800681
1748023089.6198254,-6.0491013520991235,35.94402259372508,11.082598096227962,-4.834788894136265,29.870730029254457,10.599999999999994,0.03502035140991211,-1.2143124579628584,6.0732925644706235,0.48259809622796723,6.193499601938952,6.212273194387125
1748023089.7355802,-6.077935251658589,36.00494786565096,11.08799978156108,-4.834788894136265,29.870730029254457,10.599999999999994,0.0807344913482666,-1.243146357522324,6.134217836396505,0.48799978156108637,6.258916945493529,6.277912480864138
1748023089.789918,-6.093560428154792,36.03319975459532,11.092797243241211,-4.8597104863111,29.852176780835755,10.599999999999994,0.07283973693847656,-1.2338499418436921,6.181022973759568,0.4927972432412169,6.302969988912469,6.322205295945189
1748023089.862841,-6.124770229170119,36.08735451103813,11.097574251939175,-4.8597104863111,29.852176780835755,10.599999999999994,8.320808410644531e-05,-1.2650597428590196,6.235177730202373,0.4975742519391808,6.36221796861866,6.3816453690570265
1748023089.9457395,-6.155643123578857,36.13037257571275,11.10120463844006,-4.8597104863111,29.852176780835755,10.599999999999994,0.08298182487487793,-1.2959326372677573,6.278195794876993,0.5012046384400648,6.4105525377417285,6.43011585655661
1748023090.0282843,-6.187775968086266,36.17548920996123,11.101844394897798,-4.884632078485935,29.870730029254457,10.599999999999994,0.028110980987548828,-1.3031438896003307,6.304759180706771,0.5018443948978035,6.438025498839609,6.457555274281385
1748023090.1327896,-6.213750964860191,36.22065632370044,11.101352668886383,-4.884632078485935,29.870730029254457,10.599999999999994,0.07639431953430176,-1.329118886374256,6.349926294445982,0.5013526688863887,6.487535815624699,6.506879087366902
1748023090.22955,-6.235444505014204,36.25565573534013,11.10083157658879,-4.922014467279421,29.889283277673158,10.599999999999994,0.018199920654296875,-1.3134300377347827,6.366372457666969,0.5008315765887961,6.500445887303775,6.519710806613509
1748023090.3423555,-6.257811431290708,36.28653332106527,11.0994505115874,-4.922014467279421,29.889283277673158,10.599999999999994,0.09460568428039551,-1.335796964011287,6.397250043392113,0.49945051158740483,6.535224682192814,6.55428199425895
1748023090.4269552,-6.28485515274617,36.30397749591424,11.0957519196697,-4.984318447716507,29.944943022929273,10.599999999999994,0.021796703338623047,-1.3005367050296632,6.359034472984966,0.495751919669706,6.490663691005767,6.50956873499288
1748023090.531448,-6.314106441295905,36.316738822365075,11.09123018428037,-4.984318447716507,29.944943022929273,10.599999999999994,0.08269596099853516,-1.3297879935793988,6.371795799435802,0.4912301842803757,6.509079644433278,6.527589517695164
1748023090.6166928,-6.342047848444478,36.354187894568966,11.091540798726223,-5.046622428153592,30.00060276897635,10.599999999999994,0.06171417236328125,-1.2954254202908864,6.353585125592616,0.4915407987262288,6.484301887457705,6.5029057600814095
1748023090.757779,-6.371225126980731,36.35703296664912,11.084359308587254,-5.046622428153592,30.00060276897635,10.599999999999994,0.07937192916870117,-1.3246026988271389,6.356430197672772,0.4843593085872602,6.492979067240742,6.511019974431163
1748023090.8406646,-6.396138145836208,36.35287796425536,11.07950467691666,-5.133848001296747,30.093369011069868,10.599999999999994,0.013936519622802734,-1.2622901445394605,6.259508953185495,0.4795046769166653,6.385517108583363,6.403495411038864
1748023090.916442,-6.4170012906395115,36.34741626446201,11.075963518665937,-5.133848001296747,30.093369011069868,10.599999999999994,0.06184077262878418,-1.2831532893427644,6.2540472533921445,0.47596351866594233,6.384323723904748,6.402041134100425
1748023091.0258112,-6.4347615231272695,36.34354026712349,11.072727651883506,-5.221073573908667,30.186135253163382,10.599999999999994,0.029560089111328125,-1.2136879492186026,6.157405013960105,0.4727276518835115,6.275880411864099,6.293659219951045
1748023091.0930114,-6.446022832667644,36.327527121921506,11.0716632514191,-5.221073573908667,30.186135253163382,10.599999999999994,0.03764009475708008,-1.2249492587589774,6.141391868758124,0.4716632514191055,6.2623633535736785,6.280100396882347
1748023091.1909692,-6.4638454134240355,36.302668979214616,11.067769438416848,-5.320759942608005,30.297454743675605,10.599999999999994,0.058956146240234375,-1.1430854708160307,6.005214235539011,0.4677694384168536,6.113038721316191,6.130909447694356
1748023091.3191755,-6.4825771550986016,36.28017803897548,11.061575279394855,-5.320759942608005,30.297454743675605,10.599999999999994,0.06925010681152344,-1.1618172124905968,5.9827232952998735,0.46157527939486087,6.094489089609005,6.1119431445254495
1748023091.388133,-6.491633548023303,36.24622838926391,11.056005725669678,-5.4329071079259945,30.427327483397498,10.599999999999994,0.06243133544921875,-1.0587264400973089,5.818900905866414,0.45600572566968367,5.914432299659376,5.93198538847641
1748023091.4583828,-6.503986451557255,36.21208271482587,11.047202546524815,-5.4329071079259945,30.427327483397498,10.599999999999994,0.007818460464477539,-1.0710793436312604,5.78475523142837,0.44720254652482083,5.88307777000198,5.900050352794436
1748023091.5908422,-6.521872939367926,36.1874945582416,11.036547394361296,-5.569975865418818,30.575753470747124,10.599999999999994,0.06621122360229492,-0.9518970739491079,5.6117410874944795,0.43654739436130185,5.691901797507279,5.708618020150782
1748023091.6587603,-6.527108882124667,36.15540744494494,11.030431003356677,-5.569975865418818,30.575753470747124,10.599999999999994,0.001706838607788086,-0.9571330167058489,5.579653974197818,0.4304310033566825,5.661152010275819,5.677491781773055
1748023091.7444725,-6.53194372250587,36.11518482600608,11.023835229923968,-5.569975865418818,30.575753470747124,10.599999999999994,0.08741903305053711,-0.9619678570870525,5.539431355258955,0.4238352299239736,5.622337760904686,5.638290361432215
1748023091.8474965,-6.533824788901697,36.072402701610685,11.019778896591953,-5.694583826292989,30.705626210469017,10.599999999999994,0.007673025131225586,-0.8392409626087076,5.3667764911416675,0.4197788965919589,5.4319991991154835,5.448195079217999
1748023091.9658196,-6.523546973904159,36.02937686273616,11.021553494870764,-5.844113379873232,30.872605446237348,10.599999999999994,0.08796358108520508,-0.6794335940309271,5.15677141649881,0.42155349487076954,5.2013384287812805,5.218393315931129
1748023092.0560815,-6.518814888631084,35.98929127154806,11.020772260442245,-5.844113379873232,30.872605446237348,10.599999999999994,0.0022983551025390625,-0.6747015087578525,5.116685825310714,0.42077226044225036,5.160978198060491,5.178102476391655
1748023092.1386,-6.514385489549694,35.94583839495527,11.021184534078106,-5.844113379873232,30.872605446237348,10.599999999999994,0.08481693267822266,-0.6702721096764623,5.073232948717919,0.42118453407811174,5.117319342484622,5.134623030438928
1748023092.261239,-6.511534329355859,35.90800258788123,11.021094024361002,-5.981182137366055,31.039584682796644,10.599999999999994,0.012595176696777344,-0.5303521919898042,4.868417905084584,0.4210940243610075,4.897220267263518,4.91529109244296
1748023092.337801,-6.514043041267364,35.877902395692864,11.02877258221559,-5.981182137366055,31.039584682796644,10.599999999999994,0.0891571044921875,-0.5328609039013088,4.83831771289622,0.4287725822155952,4.867572190921448,4.88642046503283
1748023092.428255,-6.501209206630504,35.82966079312233,11.03073853595521,-6.13071169041506,31.225117166983676,10.599999999999994,0.023892641067504883,-0.370497516215444,4.604543626138653,0.43073853595521605,4.619425333798125,4.639463988532809
1748023092.514194,-6.493194273395872,35.78183317439012,11.033083604823252,-6.13071169041506,31.225117166983676,10.599999999999994,0.06204628944396973,-0.36248258298081204,4.556716007406447,0.43308360482325803,4.571110849139254,4.591580969980307
1748023092.61421,-6.486013700274972,35.73829086709447,11.035360553329973,-6.280241243995302,31.41064965196168,10.5,0.06475162506103516,-0.20577245627966967,4.32764121513279,0.5353605533299728,4.332530529688092,4.365481841989627
1748023092.6724231,-6.4744649198822355,35.70594039192531,11.042611876521896,-6.280241243995302,31.41064965196168,10.5,0.00653839111328125,-0.19422367588693312,4.2952907399636295,0.5426118765218959,4.299679683080164,4.3337827617031
1748023092.7401106,-6.4578217933147055,35.66555511376011,11.043262205686244,-6.280241243995302,31.41064965196168,10.5,0.06114912033081055,-0.17758054931940315,4.254905461798426,0.5432622056862435,4.258609554812305,4.2931211448625275
1748023092.8104854,-6.442701134275447,35.626540318930296,11.046339679109884,-6.429770797575543,31.596182136939685,10.5,0.04871797561645508,-0.012930336699904288,4.030358181990611,0.5463396791098845,4.03037892371745,4.067240011815842
1748023092.927179,-6.432317248746534,35.583112636213066,11.047323267880609,-6.429770797575543,31.596182136939685,10.5,0.06797575950622559,-0.0025464511709909488,3.986930499273381,0.5473232678806088,3.986931312482052,4.024324048832718
1748023092.998229,-6.417982643059293,35.5426317987139,11.044624600546666,-6.5917611472432025,31.800267869545415,10.5,0.050771236419677734,0.17377850418390928,3.7423639291684836,0.5446246005466655,3.746396501554229,3.7857763671905373
1748023093.067049,-6.401957371858948,35.489079313076985,11.042446722572132,-6.5917611472432025,31.800267869545415,10.5,0.018048763275146484,0.18980377538425408,3.68881144353157,0.5424467225721319,3.6936912890873246,3.7333100307781604
1748023093.1809964,-6.389472544951829,35.43186904622321,11.041366703209686,-6.753751496379625,32.004353602942125,10.5,0.06847739219665527,0.36427895142779576,3.427515443281088,0.541366703209686,3.446819007198331,3.4890742576975646
1748023093.2667828,-6.372691326988855,35.377978399099185,11.039273087211884,-6.753751496379625,32.004353602942125,10.5,0.017308950424194336,0.3810601693907696,3.37362479615706,0.5392730872118836,3.39507748334878,3.4376396816031956
1748023093.3595214,-6.358523750654506,35.32060679396219,11.037093118047475,-6.915741846047282,32.22699258475753,10.5,0.09153532981872559,0.5572180953927761,3.0936142092046595,0.5370931180474745,3.143396392634267,3.1889512223739143
1748023093.4242003,-6.346154971746831,35.26818100622987,11.036189081249224,-6.915741846047282,32.22699258475753,10.5,0.026856422424316406,0.5695868743004509,3.0411884214723344,0.5361890812492245,3.09406790847789,3.1401839043475834
1748023093.4973843,-6.330906882658029,35.21855652031159,11.03386067984243,-6.915741846047282,32.22699258475753,10.5,0.04632759094238281,0.5848349633892527,2.991563935554055,0.5338606798424301,3.0481940087386454,3.0945910780573245
1748023093.609349,-6.315369891891661,35.165303626653724,11.030539863410933,-7.0777321957149395,32.44963156578198,10.5,0.043527841567993164,0.7623623038232781,2.7156720608717464,0.5305398634109331,2.820650815767548,2.8701121182208587
1748023093.729379,-6.297948224746939,35.11134691955884,11.029075711414782,-7.0777321957149395,32.44963156578198,10.5,0.07650208473205566,0.7797839709680003,2.661715353776863,0.5290757114147819,2.773588229335803,2.823599258804119
1748023093.816092,-6.287777666396181,35.05415238444689,11.026307898570428,-7.239722545382599,32.672270547597385,10.599999999999994,0.04021167755126953,0.951944878986418,2.3818818368495016,0.4263078985704336,2.5650653280846516,2.600249711417263
1748023093.8945534,-6.278778818352432,34.996015617443575,11.023312135702104,-7.239722545382599,32.672270547597385,10.599999999999994,0.03824973106384277,0.9609437270301671,2.32374506984619,0.4233121357021101,2.5145981778711888,2.549979835290033
1748023094.0135162,-6.269647313482794,34.94429956232777,11.020033039026552,-7.401712894519021,32.9134627778315,10.599999999999994,0.03738260269165039,1.132065581036227,2.030836784496273,0.4200330390265581,2.3250528004821853,2.3626887816434774
1748023094.0858247,-6.2570190748477525,34.91816651640866,11.017919198482142,-7.401712894519021,32.9134627778315,10.599999999999994,0.03492593765258789,1.1446938196712688,2.004703738577163,0.41791919848214754,2.3084975677394275,2.3460216275044896
1748023094.1640031,-6.243692699368026,34.868207835166785,11.016010305549026,-7.56370324418668,33.136101759646905,10.700000000000003,0.08660316467285156,1.320010544818654,1.73210607551988,0.3160103055490229,2.17775556371355,2.2005639750978627
1748023094.2334957,-6.230571119555572,34.82136958615125,11.015311368693778,-7.56370324418668,33.136101759646905,10.700000000000003,0.017110586166381836,1.333132124631108,1.6852678265043437,0.3153113686937754,2.148806391644935,2.1718172501390787
1748023094.3499217,-6.220541787966907,34.777959981009275,11.015038181330366,-7.56370324418668,33.136101759646905,10.700000000000003,0.09931540489196777,1.3431614562197733,1.6418582213623694,0.31503818133036354,2.1212687516035365,2.1445349547688815
1748023094.4166143,-6.2082773187310885,34.74333687424617,11.01431536275996,-7.713232797766921,33.358740740671344,10.799999999999997,0.032746315002441406,1.5049554790358322,1.3845961335748243,0.21431536275996343,2.0449932633117216,2.05619272484494
1748023094.511926,-6.195093523495734,34.7016963101913,11.01234550485376,-7.713232797766921,33.358740740671344,10.799999999999997,0.06256532669067383,1.5181392742711868,1.3429555695199582,0.21234550485376325,2.0268883831600895,2.037981141036619
1748023094.5783336,-6.184662269727207,34.65422300702678,11.01111048784743,-7.875223147434578,33.59993297090546,10.799999999999997,0.10231709480285645,1.6905608777073713,1.0542900361213157,0.21111048784743325,1.992366322115339,2.003519702817665
1748023094.700446,-6.17226997226515,34.617383806481705,11.009568028221294,-7.875223147434578,33.59993297090546,10.799999999999997,0.01979517936706543,1.7029531751694282,1.0174508355762413,0.2095680282212964,1.9837478971972293,1.9947868252239365
1748023094.7442927,-6.1652739559623075,34.573791210100445,11.004817169670291,-7.875223147434578,33.59993297090546,10.799999999999997,0.06364202499389648,1.7099491914722709,0.9738582391949819,0.20481716967029406,1.9678226819163924,1.9784529765593049
1748023094.839976,-6.154200934743438,34.519932788182196,11.004497464803338,-8.012291904396168,33.82257195272087,10.899999999999991,0.015284538269042969,1.8580909696527304,0.6973608354613248,0.10449746480334632,1.984644599503987,1.9873937472203809
1748023094.9854455,-6.146042391283803,34.47868403115355,11.00311065409858,-8.149360661888993,34.04521093374531,10.899999999999991,0.06426525115966797,2.00331827060519,0.433473097408239,0.10311065409858777,2.0496787600785793,2.052270651377615
1748023095.0838084,-6.138730694662971,34.446975625188415,11.00044791941546,-8.149360661888993,34.04521093374531,10.899999999999991,0.03409767150878906,2.0106299672260217,0.40176469144310545,0.10044791941546904,2.0503774609563203,2.0528364564457107
1748023095.141,-6.13128853592079,34.40932903694301,10.992361030322096,-8.149360661888993,34.04521093374531,10.899999999999991,0.09128928184509277,2.018072125968203,0.364118103197697,0.0923610303221043,2.0506577234356085,2.0527366267030636
1748023095.194216,-6.123608241172544,34.375043273174164,10.991303548628876,-8.273968623294397,34.26784991556072,11.0,0.06457376480102539,2.1503603821218533,0.10719335761344695,-0.00869645137112407,2.1530304663231514,2.153048029464772
1748023095.3029644,-6.119579952476686,34.35164414115513,10.988389084165531,-8.273968623294397,34.26784991556072,11.0,0.0441746711730957,2.1543886708177116,0.08379422559440997,-0.011610915834468827,2.1560176291465414,2.1560488933596074
1748023095.3763618,-6.1166311714248,34.32648643744183,10.985947877345733,-8.398576584168572,34.47193564895743,11.099999999999994,0.0732572078704834,2.281945412743772,-0.1454492115155972,-0.11405212265426101,2.286576117226989,2.289418752992732
1748023095.487331,-6.1228510033724675,34.30504575585809,10.98250405863084,-8.398576584168572,34.47193564895743,11.099999999999994,0.03771185874938965,2.275725580796104,-0.16688989309933788,-0.11749594136915498,2.281836794231453,2.2848598319692823
1748023095.57636,-6.132836133878577,34.3073295415262,10.973803661222272,-8.523184545573978,34.67602138156316,11.099999999999994,0.08399271965026855,2.390348411695401,-0.3686918400369592,-0.12619633877772252,2.418615141399012,2.4219051835539442
1748023095.646873,-6.138657049589858,34.29672487074916,10.97306247968978,-8.523184545573978,34.67602138156316,11.099999999999994,0.01347970962524414,2.38452749598412,-0.37929651081400095,-0.12693752031021432,2.414505585460504,2.4178400187527873
1748023095.7256536,-6.145322475227767,34.28213189653293,10.971226410773353,-8.523184545573978,34.67602138156316,11.099999999999994,0.06530094146728516,2.377862070346211,-0.393889485030229,-0.1287735892266415,2.4102649132426395,2.4137024649469248
1748023095.83141,-6.148874327015527,34.26861529346241,10.971635297020422,-8.622870914273314,34.88010711495986,11.200000000000003,0.03714466094970703,2.473996587257787,-0.6114918214974523,-0.22836470297958122,2.5484468527951387,2.5586582028650096
1748023095.8895922,-6.161786664713645,34.26050837022362,10.966491018276548,-8.622870914273314,34.88010711495986,11.200000000000003,0.021037578582763672,2.4610842495596685,-0.6195987447362441,-0.23350898172345502,2.537880668571595,2.548600543917177
1748023095.9804509,-6.174421552570557,34.25936233338889,10.96740410898083,-8.722557283503887,35.065639599937874,11.299999999999997,0.06788134574890137,2.54813573093333,-0.8062772665489817,-0.3325958910191673,2.6726538746745403,2.6932691585758133
1748023096.143988,-6.198398297410398,34.27136544563987,10.966797605199195,-8.822243652203223,35.2511720841249,11.299999999999997,0.09535074234008789,2.6238453547928255,-0.9798066384850301,-0.3332023948008018,2.8008187186405378,2.820568972847183
1748023096.2111704,-6.224812926320709,34.298862291671355,10.962967731435231,-8.822243652203223,35.2511720841249,11.299999999999997,0.028168201446533203,2.5974307258825142,-0.9523097924535477,-0.33703226856476576,2.766503265236006,2.7869573133823553
1748023096.268895,-6.248582190148502,34.32122578863272,10.96293865264314,-8.822243652203223,35.2511720841249,11.299999999999997,0.0295562744140625,2.573661462054721,-0.9299462954921864,-0.33706134735685644,2.7365184877441053,2.757198539395976
1748023096.3524518,-6.275426619725154,34.33805988022223,10.964009541919854,-8.90946922534638,35.43670456910291,11.399999999999991,0.09708523750305176,2.634042605621225,-1.0986446888806753,-0.4359904580801377,2.8539797828004265,2.8870899328165196
1748023096.441467,-6.303231835756616,34.36254325561908,10.96578043200624,-8.90946922534638,35.43670456910291,11.399999999999991,0.008069992065429688,2.6062373895897633,-1.0741613134838275,-0.43421956799375216,2.818917497600979,2.852164527426433
1748023096.5725164,-6.338123045038293,34.39881389960853,10.966400006063164,-8.9966947979583,35.622237053289936,11.5,0.10882377624511719,2.6585717529200075,-1.2234231536814093,-0.5335999939368357,2.9265624849621656,2.974810402684063
1748023096.6506617,-6.38427516607574,34.45094016674334,10.964846317244588,-8.9966947979583,35.622237053289936,11.5,0.030678510665893555,2.6124196318825597,-1.1712968865465996,-0.5351536827554124,2.8629831870758804,2.9125696890625377
1748023096.7237787,-6.42386091481368,34.489228188434794,10.96379048533066,-8.9966947979583,35.622237053289936,11.5,0.042438507080078125,2.57283388314462,-1.1330088648551424,-0.5362095146693395,2.811260087237992,2.8619405866857703
1748023096.8060732,-6.470703141095674,34.53143449475593,10.96156566592013,-9.0714595744828,35.80776953826794,11.599999999999994,0.06407403945922852,2.600756433387126,-1.276335043512013,-0.6384343340798644,2.8970614714053506,2.9665743826901316
1748023096.8953342,-6.519337463011908,34.582175615959954,10.957978520058038,-9.0714595744828,35.80776953826794,11.599999999999994,0.025187015533447266,2.552122111470892,-1.2255939223079864,-0.6420214799419561,2.8311495428989475,2.9030327788304042
1748023096.9790514,-6.570449176746303,34.64167428167654,10.954438020779675,-9.14622435153854,35.97474877482725,11.599999999999994,0.07018542289733887,2.5757751747922377,-1.3330744931507041,-0.6455619792203198,2.900294011883104,2.9712717183690636
1748023097.0790658,-6.628380884696297,34.70110316962714,10.95094190574276,-9.14622435153854,35.97474877482725,11.599999999999994,0.029829025268554688,2.517843466842244,-1.2736456052001088,-0.649058094257235,2.821650022799731,2.8953385399442597
1748023097.2224972,-6.6849301902859875,34.76306987654045,10.94757923924975,-9.220989128063044,36.16028125901427,11.700000000000003,0.025188446044921875,2.5360589377770566,-1.3972113824738202,-0.7524207607502529,2.895478299554893,2.991643625902204
1748023097.3147085,-6.748418836545246,34.833724445957515,10.94495573562386,-9.220989128063044,36.16028125901427,11.700000000000003,0.06702280044555664,2.4725702915177976,-1.3265568130567544,-0.7550442643761421,2.8059502534370955,2.9057612885319757
1748023097.369265,-6.81159286374438,34.8983733116763,10.941825790303922,-9.295753904587546,36.327260495573576,11.799999999999997,0.07645773887634277,2.4841610408431656,-1.4288871838972739,-0.8581742096960756,2.865793897186063,2.9915276424155546
1748023097.5193012,-6.873930059784859,34.97153843213748,10.9402771638306,-9.295753904587546,36.327260495573576,11.799999999999997,0.0735783576965332,2.4218238448026863,-1.3557220634360974,-0.8597228361693965,2.775466275879117,2.90556989308009
1748023097.6082785,-6.948521795159461,35.05360849086644,10.93920987617924,-9.358057885555867,36.4942397313419,11.799999999999997,0.04095816612243652,2.409536090396406,-1.4406312404754615,-0.8607901238207578,2.807362203556332,2.936365470990289
1748023097.6964424,-7.02004429582141,35.133818527262996,10.937618152859905,-9.358057885555867,36.4942397313419,11.799999999999997,0.04720568656921387,2.338013589734457,-1.3604212040789037,-0.8623818471400924,2.7050052492168097,2.8391470283462343
1748023097.823371,-7.0909522741530875,35.2158838799024,10.938356873379863,-9.407901069905535,36.661218967901206,11.899999999999991,0.031319618225097656,2.316948795752447,-1.4453350879988065,-0.9616431266201282,2.73079571530703,2.8951688623834997
1748023097.888046,-7.171943776742127,35.30862914692577,10.940855150617454,-9.407901069905535,36.661218967901206,11.899999999999991,0.0333554744720459,2.2359572931634073,-1.3525898209754388,-0.9591448493825379,2.6132363537684458,2.783695939350067
1748023098.0101073,-7.246777402869478,35.3917058301596,10.938852833385614,-9.47020505034262,36.82819820366954,11.899999999999991,0.03165459632873535,2.2234276474731427,-1.4364923735099353,-0.9611471666143778,2.647100459502843,2.8161933027743333
1748023098.076709,-7.32251507854439,35.47872451164358,10.941032437188126,-9.47020505034262,36.82819820366954,11.899999999999991,0.03494715690612793,2.147689971798231,-1.3494736920259598,-0.9589675628118659,2.5364643621452405,2.711691399654133
1748023098.2013392,-7.4013048215071695,35.57028892798857,10.938524312777014,-9.52004823469229,36.99517744022884,11.899999999999991,0.048043251037597656,2.11874341318512,-1.4248885122402655,-0.9614756872229773,2.553307839495585,2.7283358334982344
1748023098.2995992,-7.489714564026954,35.676412786251454,10.938752244272212,-9.52004823469229,36.99517744022884,11.899999999999991,0.0502166748046875,2.0303336706653354,-1.3187646539773823,-0.9612477557277792,2.421031810368765,2.604878552775379
1748023098.397085,-7.564699054947649,35.76555879343724,10.935147734969169,-9.557430623485775,37.16215667599717,12.0,0.05292344093322754,1.992731568538126,-1.3965978825599237,-1.0648522650308312,2.4334059977363585,2.6561956057791702
1748023098.4805343,-7.626441295809917,35.84827747817731,10.935824897297309,-9.557430623485775,37.16215667599717,12.0,0.030525922775268555,1.9309893276758583,-1.3138791978198583,-1.0641751027026913,2.335593785327795,2.566606120789495
1748023098.61438,-7.708288692786029,35.94697751327445,10.927677658468856,-9.594813011748029,37.310582664137755,12.0,0.07584238052368164,1.8865243189619996,-1.3636051508633074,-1.0723223415311445,2.3277441898748195,2.56286328500816
1748023098.6771324,-7.8095608349225625,36.06829487298475,10.922280857493652,-9.594813011748029,37.310582664137755,12.0,0.013089895248413086,1.785252176825466,-1.2422877911530037,-1.0777191425063481,2.1749492616858617,2.427320094473016
1748023098.7986395,-7.8896651726800915,36.167225392535386,10.91419120591018,-9.63219540001028,37.47756189990609,12.099999999999994,0.054136037826538086,1.7425302273301888,-1.3103365073707067,-1.185808794089814,2.1802278219736264,2.4818412221269517
1748023098.890926,-7.973084708640528,36.26693066521008,10.907190875399587,-9.63219540001028,37.47756189990609,12.099999999999994,0.03815031051635742,1.6591106913697526,-1.2106312346960095,-1.192809124600407,2.0538442668905064,2.3750936571783843
1748023098.965441,-8.03735067850299,36.35696820872735,10.90451676804778,-9.657116992185113,37.62598788804668,12.099999999999994,0.0832359790802002,1.6197663136821223,-1.269019679319328,-1.195483231952215,2.057681670579563,2.3797550326279415
1748023099.0641055,-8.121928835263928,36.46371555526108,10.902522502259943,-9.657116992185113,37.62598788804668,12.099999999999994,0.015428543090820312,1.5351881569211852,-1.162272332785598,-1.197477497740051,1.9255336020724076,2.267516705628365
1748023099.1524425,-8.20971879931356,36.572854135115065,10.90290238529644,-9.682038584359947,37.79296712381501,12.099999999999994,0.09216189384460449,1.4723197850463876,-1.2201129886999453,-1.197097614703555,1.9121718684870757,2.255979599589122
1748023099.270808,-8.29258339943517,36.683800447614566,10.907819537839067,-9.682038584359947,37.79296712381501,12.099999999999994,0.026203632354736328,1.3894551849247776,-1.109166676200445,-1.1921804621609269,1.7778741312331114,2.140591198913546
1748023099.397879,-8.382304378117771,36.79491552487624,10.919812693417056,-9.694499380447366,37.94139311195561,12.099999999999994,0.04929208755493164,1.3121950023295952,-1.1464775870793744,-1.1801873065829387,1.7424886174130696,2.1045447632287613
1748023099.5008326,-8.457284928987589,36.905441183898745,10.93814924654356,-9.694499380447366,37.94139311195561,12.099999999999994,0.05366158485412598,1.2372144514597778,-1.0359519280568676,-1.1618507534564344,1.6136591945468723,1.9884147377881067
1748023099.6154454,-8.554325623637386,37.02935561751357,10.962028407543093,-9.70696017653478,38.10837234772394,12.099999999999994,0.03870368003845215,1.1526345528973945,-1.0790167302103697,-1.1379715924569016,1.5788741294374462,1.946232992692743
1748023099.771567,-8.649577567971727,37.15642233917322,10.988026686107736,-9.7194209726222,38.27535158428324,12.200000000000003,0.07456755638122559,1.069843404650472,-1.1189292451100243,-1.2119733138922673,1.548085128808039,1.9660739761320292
1748023099.8784194,-8.744148386052863,37.28516211620146,11.015651079421712,-9.7194209726222,38.27535158428324,12.200000000000003,0.03228473663330078,0.9752725865693357,-0.9901894680817804,-1.1843489205782909,1.3898315728223047,1.8260104508158446
1748023099.974601,-8.833708852247005,37.403859700698526,11.045605918174994,-9.7194209726222,38.42377757163287,12.200000000000003,0.07291626930236816,0.8857121203751941,-1.0199178709343428,-1.154394081825009,1.3508213885006282,1.7768917017599497
1748023100.065479,-8.920517919796124,37.53113980070937,11.07259431638839,-9.7194209726222,38.42377757163287,12.200000000000003,0.017961740493774414,0.7989030528260752,-0.8926377709234998,-1.127405683611613,1.197935005705275,1.6450203200367666
1748023100.25345,-9.004479742084127,37.643162434040114,11.105648913164146,-9.7194209726222,38.59075680819217,12.200000000000003,0.004168272018432617,0.7149412305380718,-0.9475943741520538,-1.0943510868358572,1.1870450964676595,1.6145217131728942
1748023100.3453596,-9.062118915571967,37.74872600947157,11.131989718106537,-9.7194209726222,38.59075680819217,12.200000000000003,0.09607791900634766,0.6573020570502326,-0.8420307987206002,-1.068010281893466,1.0682049710596366,1.5105322977105387
1748023100.454544,-9.150790822924257,37.867219572908624,11.161194505295116,-9.7194209726222,38.73918279554179,12.200000000000003,0.005196571350097656,0.5686301496979418,-0.8719632226331626,-1.0388054947048868,1.0409899657394945,1.470638284759165
1748023100.6052098,-9.23423969882313,37.99127857971984,11.185850565421672,-9.7194209726222,38.88760878368238,12.200000000000003,0.07603597640991211,0.4851812737990695,-0.8963302039625418,-1.0141494345783304,1.0192196539415925,1.4378135409837975
1748023100.6641953,-9.329029363991292,38.13854298720853,11.210794824208676,-9.7194209726222,38.88760878368238,12.200000000000003,0.017050504684448242,0.3903916086309067,-0.7490657964738503,-0.9892051757913265,0.8446923555569985,1.3007813249538833
1748023100.7793422,-9.402528586764888,38.24582455220961,11.239146032808288,-9.7194209726222,39.036034771032014,12.200000000000003,0.07559823989868164,0.3168923858573116,-0.790210218822402,-0.9608539671917153,0.8513829773642928,1.2837808693128847
1748023100.9368792,-9.476725342698202,38.36541671868789,11.267931361702011,-9.7194209726222,39.036034771032014,12.200000000000003,0.0819387435913086,0.24269562992399685,-0.6706180523441247,-0.9320686382979915,0.7131828243262963,1.1736190554914763
1748023101.046939,-9.534144747809028,38.48213548150173,11.296059182465159,-9.7194209726222,39.184460759172616,12.299999999999997,0.004617214202880859,0.18527622481317074,-0.7023252776708873,-1.003940817534838,0.7263525832104609,1.2391469808900915
1748023101.1755269,-9.603492711860717,38.598448829117814,11.324024159673236,-9.70696017653478,39.35143999494095,12.299999999999997,0.07425045967102051,0.10346746467406298,-0.7529911658231327,-0.9759758403267611,0.7600665839607469,1.2370246775854097
1748023101.2761157,-9.672207370986031,38.7189266659943,11.357067166663358,-9.70696017653478,39.35143999494095,12.299999999999997,0.02633833885192871,0.03475280554874871,-0.6325133289466436,-0.9429328333366396,0.6334673383756056,1.1359591528628734
1748023101.414429,-9.740123014388162,38.829638614381984,11.389911059369119,-9.70696017653478,39.49986598308154,12.299999999999997,0.037714242935180664,-0.03316283785338214,-0.6702273686995568,-0.9100889406308781,0.6710473154468479,1.130737095627032
1748023101.5008812,-9.81391556733963,38.95475812186078,11.431024000741294,-9.70696017653478,39.49986598308154,12.299999999999997,0.04873800277709961,-0.10695539080484906,-0.5451078612207638,-0.8689759992587032,0.555501607546633,1.0313589691637703
1748023101.605902,-9.875647187222995,39.05981908963864,11.468794732169137,-9.70696017653478,39.64829197043116,12.299999999999997,0.03945493698120117,-0.168687010688215,-0.5884728807925228,-0.8312052678308604,0.6121728832635245,1.0323070455406904
1748023101.844206,-9.959572380330094,39.20279456302474,11.515158762412533,-9.694499380447366,39.81527120699047,12.299999999999997,0.011764287948608398,-0.2650729998827277,-0.6124766439657279,-0.7848412375874645,0.667376456484906,1.0302267240215488
1748023102.0595255,-10.01170492614444,39.29885997618132,11.551694582296768,-9.682038584359947,39.98225044275879,12.399999999999991,0.002336740493774414,-0.32966634178449183,-0.683390466577471,-0.848305417703223,0.7587505694986614,1.1381232395567638
1748023102.198804,-10.041724968048925,39.36920773904038,11.587225628362196,-9.66957778827253,40.1492296793181,12.399999999999991,0.05790877342224121,-0.37214717977639467,-0.7800219402777202,-0.8127743716377953,0.864249819629801,1.1863936656613423
1748023102.3170643,-10.102371354314176,39.47307805708604,11.627861794220191,-9.66957778827253,40.1492296793181,12.399999999999991,0.06035161018371582,-0.43279356604164576,-0.6761516222320552,-0.7721382057798003,0.8028021468918006,1.1138620632192002
1748023102.4270878,-10.174268733261687,39.59378200761158,11.67304623219044,-9.657116992185113,40.3347621642961,12.399999999999991,0.020467281341552734,-0.5171517410765745,-0.7409801566845218,-0.726953767809551,0.903602520967461,1.1597238017869829
1748023102.5514235,-10.231467394714933,39.695987248063204,11.7112236922837,-9.657116992185113,40.3347621642961,12.399999999999991,0.10386848449707031,-0.5743504025298201,-0.6387749162328973,-0.6887763077162923,0.8590179151184865,1.1010561205341896
1748023102.688964,-10.288647638654032,39.80090233944119,11.749022200386333,-9.657116992185113,40.52029464848312,12.399999999999991,0.005506753921508789,-0.631530646468919,-0.7193923090419361,-0.6509777996136581,0.9572649851207027,1.1576391265536852
1748023102.818532,-10.366935723216251,39.93433510313991,11.795739240854425,-9.644656196097698,40.72438038187983,12.399999999999991,0.04069375991821289,-0.7222795271185536,-0.7900452787399246,-0.604260759145566,1.0704481574340003,1.229223463328382
1748023102.9499452,-10.413584013825464,40.02595090579325,11.83378963547764,-9.644656196097698,40.72438038187983,12.399999999999991,0.09071946144104004,-0.7689278177277661,-0.6984294760865808,-0.5662103645223517,1.0387751065279531,1.1830671573645744
1748023103.0540123,-10.456194030371483,40.11636793028315,11.875379236890526,-9.644656196097698,40.92846611448557,12.299999999999997,0.0033960342407226562,-0.8115378342737856,-0.8120981842024264,-0.4246207631094716,1.1480841072163068,1.2240914629660375
1748023103.1427176,-10.48564905284815,40.19107191769587,11.908250189276488,-9.644656196097698,40.92846611448557,12.299999999999997,0.0921013355255127,-0.8409928567504519,-0.7373941967897011,-0.3917498107235087,1.1184896899678667,1.1851105858806255
1748023103.2222807,-10.533515884762329,40.28673738824497,11.947712273862576,-9.657116992185113,41.15110509630098,12.299999999999997,0.027202606201171875,-0.8763988925772157,-0.8643677080560082,-0.3522877261374209,1.230937266330241,1.2803566673500166
1748023103.3344913,-10.584262404823102,40.387260037100475,11.986126940610566,-9.657116992185113,41.15110509630098,12.299999999999997,0.08500790596008301,-0.927145412637989,-0.7638450592005057,-0.3138730593894312,1.2012734454072858,1.241601461037789
1748023103.4180322,-10.618314570283859,40.47684471516213,12.020240166487456,-9.66957778827253,41.37374407811639,12.299999999999997,0.025682687759399414,-0.9487367820113288,-0.8968993629542581,-0.2797598335125411,1.305576481409253,1.335213658279427
1748023103.5114472,-10.665601359590804,40.56797141696715,12.06289041007196,-9.66957778827253,41.37374407811639,12.299999999999997,0.06773233413696289,-0.9960235713182737,-0.8057726611492413,-0.23710958992803732,1.2811450097772454,1.3029019509207054
1748023103.6298432,-10.707283934185767,40.66370318561068,12.103122271521572,-9.682038584359947,41.61493630835051,12.299999999999997,0.02484607696533203,-1.0252453498258198,-0.9512331227398292,-0.19687772847842488,1.3985608607196307,1.412350282722972
1748023103.7221737,-10.765315825239824,40.79257877529112,12.146843600619492,-9.682038584359947,41.61493630835051,12.299999999999997,0.06748437881469727,-1.0832772408798768,-0.8223575330593889,-0.15315639938050474,1.3600593710525444,1.368655681849545
1748023103.817457,-10.805412845417468,40.879229427319466,12.183335805951003,-9.7194209726222,41.856128537793644,12.299999999999997,0.04574084281921387,-1.0859918727952689,-0.9768991104741787,-0.11666419404899386,1.4607224992525503,1.4653739297516242
1748023103.9394228,-10.841846021694563,40.97352767021906,12.217982900157155,-9.7194209726222,41.856128537793644,12.299999999999997,0.07622504234313965,-1.1224250490723637,-0.8826008675745811,-0.082017099842842,1.4278733425022339,1.4302269354529484
1748023104.0272772,-10.873093375887278,41.06700818520699,12.247014101591702,-9.756803361415686,42.11587401644646,12.299999999999997,0.025863170623779297,-1.1162900144715913,-1.0488658312394747,-0.05298589840829493,1.5317385313266294,1.5326547014186833
1748023104.1870017,-10.906509170401261,41.14780129567407,12.280807968496402,-9.794185749677936,42.37561949509928,12.299999999999997,0.058554649353027344,-1.1123234207233246,-1.227818199425208,-0.01919203150359472,1.6567440729121072,1.6568552312144331
1748023104.3243368,-10.925369861927948,41.2296433329776,12.304169867143408,-9.794185749677936,42.37561949509928,12.299999999999997,0.0787804126739502,-1.1311841122500113,-1.145976162121677,0.0041698671434104995,1.6102294432651436,1.6102348424220514
1748023104.4541948,-10.952550348890313,41.313524498655426,12.33017884552712,-9.844028934027607,42.61681172533339,12.399999999999991,0.0006070137023925781,-1.1085214148627056,-1.3032872266779663,-0.06982115447287107,1.71095801305326,1.7123820590169367
1748023104.5460875,-10.997461892803699,41.43325463219502,12.361769185283908,-9.844028934027607,42.61681172533339,12.399999999999991,0.0924997329711914,-1.1534329587760919,-1.1835570931383685,-0.03823081471608347,1.6526387939017753,1.6530809351943327
1748023104.6531503,-11.020896982845363,41.51258837590092,12.38656385707828,-9.881411322289857,42.876557203986216,12.399999999999991,0.03673839569091797,-1.139485660555506,-1.363968828085298,-0.013436142921712246,1.7773121657716742,1.7773629523922827
1748023104.739613,-11.039919304753584,41.591977141823065,12.403750755284884,-9.881411322289857,42.876557203986216,12.399999999999991,0.04972434043884277,-1.1585079824637265,-1.2845800621631511,0.0037507552848925485,1.729822731247124,1.7298267976027155
1748023104.8962958,-11.078139211976207,41.6846751042768,12.428228481134164,-9.918793710552107,43.13630268184806,12.5,0.04096722602844238,-1.1593455014241005,-1.4516275775712586,-0.07177151886583566,1.857768719630541,1.8591545838251342
1748023105.0059717,-11.10832680209265,41.78537598218058,12.455121512425231,-9.956176099345596,43.37749491208217,12.5,0.052240848541259766,-1.1521507027470541,-1.5921189299015879,-0.044878487574768755,1.965271973237167,1.9657843237340424
1748023105.1317253,-11.125287284974867,41.868954570785974,12.482077493693984,-9.956176099345596,43.37749491208217,12.5,0.07351279258728027,-1.169111185629271,-1.5085403412961966,-0.017922506306016217,1.9085373786440563,1.908621529249268
1748023105.2820363,-11.152672136479168,41.95666786278356,12.506455604680053,-9.98109769152043,43.618687142316276,12.599999999999994,0.03505206108093262,-1.171574444958738,-1.6620192795327142,-0.09354439531994174,2.0334440650332177,2.0355945862363143
1748023105.3552191,-11.16913936304783,42.041170932875104,12.531711887210893,-9.98109769152043,43.618687142316276,12.599999999999994,0.10823488235473633,-1.1880416715273991,-1.5775162094411712,-0.06828811278910152,1.9748418681847055,1.9760221837528937
1748023105.409979,-11.193060315452804,42.127185648951894,12.557289884129125,-10.006019283695265,43.859879372550395,12.599999999999994,0.05441904067993164,-1.1870410317575395,-1.7326937235985014,-0.042710115870869814,2.1003080609457374,2.1007422747379905
1748023105.506552,-11.223462484006705,42.21714142600876,12.581352311554697,-10.006019283695265,43.859879372550395,12.599999999999994,0.04215383529663086,-1.2174432003114397,-1.6427379465416365,-0.01864768844529685,2.0446896847669556,2.04477471699861
1748023105.5777109,-11.227127192659296,42.28848159095047,12.594879638111983,-10.018480079782682,44.10107160278451,12.700000000000003,0.07520699501037598,-1.2086471128766139,-1.8125900118340397,-0.10512036188801943,2.1786028537724578,2.18113747502283
1748023105.6893497,-11.246975637364384,42.376493308368595,12.613093301080236,-10.018480079782682,44.10107160278451,12.700000000000003,0.03643178939819336,-1.2284955575817023,-1.7245782944159131,-0.08690669891976732,2.117397371437038,2.1191801251629387
1748023105.829151,-11.254769550602067,42.45873012476872,12.627436257598232,-10.0309408758701,44.342263832227644,12.700000000000003,0.02389979362487793,-1.2238286747319673,-1.8835337074589233,-0.07256374240177088,2.2462092182675595,2.247380997726356
1748023105.927597,-11.254814738671465,42.53449299367457,12.640408444990232,-10.0309408758701,44.342263832227644,12.700000000000003,0.07454633712768555,-1.2238738628013657,-1.8077708385530755,-0.05959155500977076,2.183094738386593,2.1839079170605404
1748023106.0789256,-11.277810012356282,42.630083886570944,12.653832778141991,-10.043401671957517,44.56490281404305,12.799999999999997,0.02879047393798828,-1.2344083403987653,-1.934818927472108,-0.1461672218580059,2.295057348510131,2.2997071747716142
1748023106.1509397,-11.288962189500571,42.71665412754656,12.663972537281362,-10.068323264132351,44.787541795858466,12.899999999999991,0.09588193893432617,-1.2206389253682204,-2.0708876683119044,-0.23602746271862962,2.403858382037178,2.4154179936499176
1748023106.2567935,-11.288723898555489,42.79110818842324,12.678871588757552,-10.068323264132351,44.787541795858466,12.899999999999991,0.009971857070922852,-1.2204006344231377,-1.996433607435229,-0.22112841124243943,2.3398984716002613,2.350323941854791
1748023106.3570676,-11.297522977231933,42.87412372447145,12.6903799986256,-10.093244856307184,45.010180776882905,12.899999999999991,0.0989527702331543,-1.2042781209247497,-2.136057052411452,-0.2096200013743914,2.4521471252138904,2.461090422692947
1748023106.4808705,-11.306436958079514,42.95947291913208,12.702191442815256,-10.093244856307184,45.010180776882905,12.899999999999991,0.024850130081176758,-1.2131921017723304,-2.0507078577508224,-0.1978085571847359,2.382695489071932,2.3908923060102976
1748023106.6111217,-11.32629224282488,43.06900944605242,12.713133652365899,-10.118166448482018,45.23281975869832,13.0,0.07446861267089844,-1.2081257943428625,-2.1638103126459,-0.2868663476341009,2.478233847736997,2.4947816147860014
1748023106.7198162,-11.32882762449169,43.14958463655556,12.717453797387062,-10.118166448482018,45.23281975869832,13.0,0.0342259407043457,-1.2106611760096726,-2.08323512214276,-0.28254620261293795,2.409474850922143,2.425984627700117
1748023106.851719,-11.32562589595694,43.22709063004752,12.721083568837628,-10.143088040656853,45.45545874051372,13.099999999999994,0.009888410568237305,-1.1825378553000867,-2.2283681104661994,-0.3789164311623665,2.5227009761286467,2.550999387841019
1748023106.940792,-11.328185560198259,43.311561737162435,12.72677923478006,-10.143088040656853,45.45545874051372,13.099999999999994,0.07918477058410645,-1.1850975195414062,-2.1438970033512845,-0.3732207652199335,2.44964293149059,2.4779112638254754
1748023107.0894945,-11.334554755107689,43.39952047212487,12.732937573370307,-10.18047042945034,45.69665097074784,13.200000000000003,0.04890942573547363,-1.1540843256573492,-2.2971304986229697,-0.46706242662969544,2.5707429195529823,2.6128272941013555
1748023107.1972744,-11.344551309535415,43.493088031215436,12.73991086681264,-10.205392021625174,45.90073670335357,13.200000000000003,0.06049656867980957,-1.1391592879102408,-2.407648672138137,-0.46008913318736333,2.663542004865082,2.702986870511546
1748023107.3041615,-11.343305850422468,43.57704257632015,12.747388244474726,-10.205392021625174,45.90073670335357,13.200000000000003,0.046390533447265625,-1.1379138287972932,-2.32369412703342,-0.4526117555252771,2.5873543007825046,2.6266441858419642
1748023107.4290705,-11.335186672416041,43.64522252993308,12.757591541440185,-10.242774409887428,46.141928933587685,13.299999999999997,0.02089715003967285,-1.0924122625286135,-2.4967064036546063,-0.5424084585598123,2.7252352957814123,2.778689322916478
1748023107.5452302,-11.320598116018264,43.72102155384012,12.765296775904105,-10.242774409887428,46.141928933587685,13.299999999999997,0.09526252746582031,-1.077823706130836,-2.420907379747568,-0.5347032240958924,2.649999336379888,2.7034060036687775
1748023107.6667368,-11.33970138300063,43.826683696220584,12.778592323127782,-10.280156798149678,46.36456791540309,13.399999999999991,0.0026400089263916016,-1.0595445848509524,-2.5378842191825086,-0.6214076768722094,2.750180182690325,2.8195103365900795
1748023107.7243378,-11.344069471895802,43.89697839271457,12.793043434016903,-10.280156798149678,46.36456791540309,13.399999999999991,0.060240983963012695,-1.063912673746124,-2.4675895226885203,-0.6069565659830882,2.68717476726762,2.754869235159769
1748023107.819525,-11.340208596786143,43.97131347360997,12.808323447986105,-10.329999982499345,46.58720689642754,13.5,0.03798174858093262,-1.0102086142867979,-2.615893422817571,-0.6916765520138952,2.804178996412226,2.8882237268822006
1748023107.9066265,-11.329995069596414,44.04194928672331,12.820346598430362,-10.329999982499345,46.58720689642754,13.5,0.04911971092224121,-0.9999950870970693,-2.5452576097042297,-0.679653401569638,2.7346528982625133,2.8178458474942776
1748023107.989663,-11.337043966899788,44.12373569289362,12.835447256059124,-10.392303963467667,46.79129262982425,13.599999999999994,0.0631418228149414,-0.9447400034321216,-2.6675569369306302,-0.7645527439408699,2.829910543789618,2.931370768790459
1748023108.0710166,-11.343289189161577,44.216203299827,12.849552182521796,-10.392303963467667,46.79129262982425,13.599999999999994,0.018211841583251953,-0.9509852256939109,-2.5750893299972475,-0.7504478174781983,2.745078861700292,2.8458091790757094
1748023108.1685665,-11.333337831080144,44.30085952476318,12.860006246481333,-10.442147147817334,47.01393161163965,13.700000000000003,0.08075809478759766,-0.8911906832628098,-2.7130720868764655,-0.8399937535186695,2.85569273251214,2.976671041360304
1748023108.2762604,-11.335640295184497,44.38570707473091,12.871852403176716,-10.442147147817334,47.01393161163965,13.700000000000003,0.026935815811157227,-0.8934931473671632,-2.628224536908739,-0.8281475968232872,2.775949246798514,2.896847020973911
1748023108.3756669,-11.347499544257555,44.47893791849704,12.882711993812928,-10.504451128254422,47.23657059345506,13.799999999999997,0.07193398475646973,-0.8430484160031337,-2.7576326749580247,-0.9172880061870696,2.8836207451260893,3.0260016338422875
1748023108.4838195,-11.346026764826451,44.5659943704358,12.892731268292554,-10.504451128254422,47.23657059345506,13.799999999999997,0.03621864318847656,-0.8415756365720295,-2.6705762230192605,-0.9072687317074433,2.8000405202474186,2.9433592146663767
1748023108.6109338,-11.34894999587928,44.65375416533371,12.899496109412846,-10.566755108691506,47.4406563260608,13.899999999999991,0.10308361053466797,-0.7821948871877744,-2.786902160727088,-1.0005038905871455,2.894590211931217,3.0626231452935935
1748023108.6956725,-11.342543392012542,44.72864651241275,12.90163077159303,-10.566755108691506,47.4406563260608,13.899999999999991,0.018344879150390625,-0.7757882833210363,-2.712009813648045,-0.9983692284069612,2.820787955494263,2.9922543017082317
1748023108.777042,-11.334453991584219,44.828755441893264,12.904372535079514,-10.566755108691506,47.4406563260608,13.899999999999991,0.06302452087402344,-0.7676988828927129,-2.6119008841675324,-0.9956274649204779,2.7223864170080367,2.898734526032668
1748023108.878024,-11.331232347129252,44.922455862039996,12.899675239942466,-10.629059089659828,47.6447420594575,14.0,0.02960205078125,-0.7021732574694237,-2.722286197417503,-1.1003247600575339,2.8113856768780536,3.019040245135984
1748023109.0002255,-11.330296803184797,45.02080885110237,12.900723039482523,-10.703823866184331,47.84882779206325,14.0,0.04857969284057617,-0.6264729370004662,-2.828018940960874,-1.0992769605174768,2.896577199252154,3.0981557912977835
1748023109.1014416,-11.321481579314153,45.11047026598149,12.900810615615262,-10.703823866184331,47.84882779206325,14.0,0.05263638496398926,-0.6176577131298213,-2.7383575260817565,-1.0991893843847382,2.8071521140182907,3.014684111806983
1748023109.2213807,-11.30940044297536,45.20068500955445,12.898781400152345,-10.778588642708833,48.05291352545995,14.099999999999994,0.027431249618530273,-0.5308118002665267,-2.8522285159055016,-1.2012185998476497,2.9012012467677404,3.1400469421438015
1748023109.3155725,-11.307372341107305,45.323562773127776,12.898843607280098,-10.778588642708833,48.05291352545995,14.099999999999994,0.06676054000854492,-0.5287836983984722,-2.7293507523321736,-1.2011563927198967,2.780102107647877,3.0284887995038123
1748023109.4133356,-11.301273656012878,45.42095613373325,12.893477167759157,-10.865814215851989,48.25699925885666,14.200000000000003,0.032190561294555664,-0.4354594401608889,-2.8360431251234104,-1.3065228322408462,2.8692796189261505,3.1527396725311205
1748023109.510097,-11.302864447455104,45.53189212606517,12.892624864777282,-10.865814215851989,48.25699925885666,14.200000000000003,0.06457090377807617,-0.4370502316031146,-2.7251071327914858,-1.3073751352227205,2.759931482869705,3.0539239568682772
1748023109.5806696,-11.298865460377762,45.63581838122492,12.891116198224037,-10.95303978846391,48.44253174304368,14.200000000000003,0.07188010215759277,-0.34582567191385216,-2.8067133618187583,-1.3088838017759663,2.827938346351742,3.1161534136364546
1748023109.683168,-11.29104792637833,45.74007314543922,12.885098395155008,-10.95303978846391,48.44253174304368,14.200000000000003,0.03061819076538086,-0.33800813791441975,-2.702458597604462,-1.3149016048449944,2.723514636102154,3.024317807950512
1748023109.7965007,-11.284252377151866,45.849224225043244,12.878107107635865,-11.040265361607064,48.62806422802169,14.299999999999997,0.05607891082763672,-0.24398701554480162,-2.7788400029784484,-1.4218928923641325,2.7895306820158337,3.1310159410746157
1748023109.8886333,-11.281508388495395,45.963708162639406,12.874214779239594,-11.040265361607064,48.62806422802169,14.299999999999997,0.03605365753173828,-0.24124302688833055,-2.664356065382286,-1.4257852207604031,2.675255397370804,3.0314773521998166
1748023110.0287576,-11.285231946524544,46.079943301289234,12.871912982250642,-11.127490934218983,48.795043463790016,14.299999999999997,0.020294904708862305,-0.1577410123055607,-2.7151001625007822,-1.4280870177493554,2.71967849559005,3.071820901296038
1748023110.166987,-11.305752176819237,46.236649065926834,12.873063359630702,-11.227177303449558,48.98057594876802,14.399999999999991,0.08144950866699219,-0.0785748733696785,-2.743926882841187,-1.5269366403692892,2.7450516842317585,3.1411533316293023
1748023110.3066092,-11.318310503548492,46.37103350006183,12.860078145402515,-11.227177303449558,48.98057594876802,14.399999999999991,0.05817270278930664,-0.091133200098934,-2.6095424487061933,-1.5399218545974769,2.6111332887770757,3.031398418226598
1748023110.390588,-11.327034303515624,46.43423364626941,12.858458201252905,-11.314402876061477,49.14755518532732,14.5,0.06426668167114258,-0.01263142745414747,-2.713321539057908,-1.6415417987470953,2.713350940677432,3.1712667507336803
1748023110.495638,-11.334868096217566,46.56755665857083,12.851750422561938,-11.314402876061477,49.14755518532732,14.5,0.04078316688537598,-0.020465220156088648,-2.5799985267564907,-1.6482495774380617,2.5800796932074985,3.0616234080674336
1748023110.5702446,-11.347460855465329,46.68517604738221,12.845678317882529,-11.314402876061477,49.14755518532732,14.5,0.11538982391357422,-0.03305797940385169,-2.4623791379451134,-1.6543216821174713,2.4626010332552015,2.9666789642483335
1748023110.678099,-11.353877475753741,46.80254386197875,12.84157600754663,-11.414089244760815,49.295981172676946,14.5,0.012911081314086914,0.06021176900707381,-2.493437310698198,-1.6584239924533701,2.494164204600175,2.9952003636240763
1748023110.8086529,-11.353489077973887,46.91614612622516,12.836119409580084,-11.50131481790397,49.462960409236246,14.599999999999994,0.045022010803222656,0.14782573993008263,-2.546814283011088,-1.7638805904199106,2.5511008293548803,3.1015141751723867
1748023110.9214854,-11.383907428489433,47.11088313079938,12.840337782654927,-11.50131481790397,49.462960409236246,14.599999999999994,0.0678105354309082,0.11740738941453621,-2.352077278436866,-1.759662217345067,2.3550057364745656,2.9398066497611484
1748023111.056679,-11.406507644160273,47.23030865091886,12.834766877294868,-11.588540390515888,49.61138639658587,14.599999999999994,0.010337352752685547,0.18203274635561506,-2.381077745667014,-1.7652331227051263,2.3880257853834985,2.9696321538452817
1748023111.2148666,-11.434052959431424,47.36593060082211,12.830985045773458,-11.650844371484212,49.74125913630777,14.700000000000003,0.02879929542541504,0.21679141205278718,-2.3753285354856573,-1.8690149542265448,2.3852010749268664,3.030247690693738
1748023111.361553,-11.455982297890266,47.509054908811336,12.831959239074614,-11.713148351921298,49.889685123657394,14.700000000000003,0.08690977096557617,0.2571660540310319,-2.3806302148460574,-1.868040760925389,2.3944800268918254,3.036957504421585
1748023111.4940093,-11.476194538694468,47.58077825329413,12.84797990656866,-11.713148351921298,49.889685123657394,14.700000000000003,0.045546531677246094,0.23695381322682962,-2.3089068703632663,-1.8520200934313422,2.3210338312082888,2.969373077281948
1748023111.60179,-11.505990235986062,47.70785639364814,12.865507001526428,-11.77545233235838,50.00100461416961,14.700000000000003,0.05071425437927246,0.2694620963723189,-2.2931482205214664,-1.834492998473575,2.3089258504036314,2.948983408585186
1748023111.7363987,-11.543048034495303,47.88502750300505,12.890197139281025,-11.77545233235838,50.00100461416961,14.700000000000003,0.08389449119567871,0.23240429786307715,-2.115977111164561,-1.8098028607189782,2.1287016917918655,2.7940574953468924
1748023111.8670115,-11.571729848989204,48.02788832352648,12.912773493585116,-11.825295516708053,50.130877353891506,14.700000000000003,0.013117551803588867,0.25356566771884914,-2.1029890303650234,-1.7872265064148873,2.118220576257659,2.771468382448786
1748023111.9899125,-11.589699652746376,48.16064324542873,12.939790829825029,-11.862677905501538,50.24219684440373,14.700000000000003,0.05941343307495117,0.27297825275516274,-2.081553598974999,-1.7602091701749742,2.099376696041716,2.7396567001453125
1748023112.1268568,-11.621741696359507,48.297578861422814,12.962250685573808,-11.862677905501538,50.24219684440373,14.700000000000003,0.0775308609008789,0.2409362091420313,-1.9446179829809154,-1.7377493144261944,1.9594870136360936,2.619038380092435
1748023112.2125788,-11.636883342845998,48.41498980112404,12.988950657778371,-11.887599497676373,50.33496308649724,14.700000000000003,0.03772759437561035,0.2507161548303749,-1.919973285373203,-1.7110493422216315,1.9362737427439591,2.583959337597397
1748023112.3542817,-11.65953590880688,48.54892408693175,13.009009902416684,-11.912521089851207,50.44628257780043,14.700000000000003,0.09104156494140625,0.2529851810443269,-1.8973584908686831,-1.6909900975833185,1.914150136405062,2.554098325206835
1748023112.4223392,-11.668528516163196,48.6819605934761,13.035602528363098,-11.912521089851207,50.44628257780043,14.700000000000003,0.022984027862548828,0.2439925736880113,-1.764321984324333,-1.6643974716369048,1.7811132587191225,2.437741451421043
1748023112.5409565,-11.691586008907755,48.80961689972281,13.05729842562798,-11.912521089851207,50.44628257780043,14.700000000000003,0.09563326835632324,0.22093508094345182,-1.6366656780776196,-1.6427015743720226,1.651510475833794,2.3293680074717877
1748023112.6163757,-11.701993080500365,48.92988362311697,13.082956165089392,-11.912521089851207,50.53904881989394,14.799999999999997,0.06787395477294922,0.21052800935084193,-1.6091651967769707,-1.717043834910605,1.6228785146274798,2.3626201988986746
1748023112.7422132,-11.703002142276812,49.05078988769605,13.103888232153464,-11.912521089851207,50.53904881989394,14.799999999999997,0.05796360969543457,0.20951894757439504,-1.488258932197894,-1.6961117678465332,1.502934741982997,2.26618798154235
1748023112.8150992,-11.711993783584752,49.221367960754904,13.129402625485412,-11.912521089851207,50.650368310406165,14.799999999999997,0.042790889739990234,0.20052730626645499,-1.429000349651261,-1.6705973745145855,1.4430014552528723,2.2075209597186007
1748023112.918116,-11.724469975605654,49.33014402988532,13.154627555463328,-11.912521089851207,50.650368310406165,14.799999999999997,0.0602259635925293,0.1880511142455532,-1.320224280520847,-1.6453724445366689,1.3335499137436821,2.1179248933062653
1748023113.0779736,-11.729842581023984,49.44413361757452,13.180715761757288,-11.90006029376379,50.74313455329066,14.799999999999997,0.029421091079711914,0.1702177127398059,-1.299000935716137,-1.6192842382427095,1.3101059120245853,2.0828967677115067
1748023113.162497,-11.707730490427682,49.46253701597847,13.212697613669153,-11.887599497676373,50.85445404380288,14.799999999999997,0.08303260803222656,0.1798690072486906,-1.3919170278244124,-1.587302386330844,1.4034906027886953,2.118800306250631
1748023113.2621052,-11.722440486425663,49.580320975695315,13.24238342083591,-11.887599497676373,50.85445404380288,14.799999999999997,0.01657557487487793,0.16515901125070975,-1.2741330681075667,-1.5576165791640868,1.2847928137417772,2.019124063035589
1748023113.3657558,-11.721925396206311,49.69519655526318,13.2731921868695,-11.875138701588956,50.94722028589639,14.799999999999997,0.08484816551208496,0.15321330538264455,-1.252023730633212,-1.5268078131304978,1.2613634444580124,1.9804494028506041
1748023113.4773295,-11.711167294226676,49.7969648086334,13.30335348628678,-11.875138701588956,50.94722028589639,14.799999999999997,0.02672553062438965,0.1639714073622791,-1.150255477262995,-1.4966465137132179,1.1618839380101125,1.89470975941325
1748023113.5968757,-11.745335950536017,50.00660126906243,13.347681807695718,-11.862677905501538,51.058539777199584,14.799999999999997,0.05228376388549805,0.11734195496552147,-1.0519385081371553,-1.4523181923042792,1.058462922967524,1.79710096850314
1748023113.7229006,-11.76558253529921,50.11851734576213,13.383459477663909,-11.862677905501538,51.058539777199584,14.799999999999997,0.07374119758605957,0.09709537020232872,-0.9400224314374555,-1.4165405223360885,0.9450236412494203,1.7028378472246004
1748023113.86104,-11.771752472599339,50.216762634604464,13.42611068307343,-11.850217109414121,51.1698592677118,14.799999999999997,0.0007441043853759766,0.07846463681478255,-0.9530966331073358,-1.373889316926567,0.9563210189423922,1.67395392601946
1748023113.909969,-11.770491722607336,50.31654389599528,13.466667970466563,-11.850217109414121,51.1698592677118,14.799999999999997,0.04967308044433594,0.07972538680678554,-0.8533153717165192,-1.3333320295334339,0.8570316568885847,1.585016580950792
1748023114.0234332,-11.767909457701442,50.42837660796782,13.505684624536448,-11.837756312795467,51.281178758224016,14.799999999999997,0.025919198989868164,0.06984685509402411,-0.8528021502561955,-1.2943153754635492,0.8556576947869494,1.5515806075771457
1748023114.1304054,-11.780068372796531,50.553333834705796,13.543305352099084,-11.837756312795467,51.281178758224016,14.799999999999997,0.08105301856994629,0.05768793999893518,-0.7278449235182194,-1.256694647900913,0.7301274759331848,1.4533986270722024
1748023114.258011,-11.804595966603031,50.6822216355927,13.585633094402777,-11.812834720620636,51.392498249527215,14.799999999999997,0.019713878631591797,0.008238754017604322,-0.7102766139345178,-1.2143669055972204,0.7103243944635764,1.4068573939030975
1748023114.3544598,-11.823436751009979,50.784546173667465,13.631299322341592,-11.800373924533215,51.50381774003943,14.799999999999997,0.08980751037597656,-0.02306282647676383,-0.7192715663719653,-1.1687006776584052,0.7196412162711902,1.3724958120575426
1748023114.4650862,-11.841358517067894,50.912829839163344,13.675789358856775,-11.800373924533215,51.50381774003943,14.799999999999997,0.02081894874572754,-0.04098459253467901,-0.5909879008760868,-1.1242106411432218,0.5924073225468749,1.2707462380297692
1748023114.591256,-11.855915752206581,51.03309028538706,13.71945971480937,-11.787913128445798,51.59658398213294,14.799999999999997,0.09653949737548828,-0.06800262376078337,-0.5634936967458799,-1.0805402851906276,0.5675821553843006,1.2205395573395117
1748023114.7088249,-11.877610565451217,51.165074730601376,13.764375925088116,-11.787913128445798,51.59658398213294,14.799999999999997,0.02102947235107422,-0.08969743700541954,-0.4315092515315655,-1.0356240749118815,0.4407333256774135,1.1255057036282683
1748023114.7942157,-11.930049459612412,51.42749663369198,13.839809336034222,-11.77545233235838,51.70790347343614,14.799999999999997,0.06569957733154297,-0.15459712725403207,-0.2804068397441597,-0.9601906639657756,0.3202003552941599,1.0121730972010385
1748023114.905964,-11.947551526439367,51.54827329062407,13.887810831703323,-11.77545233235838,51.70790347343614,14.799999999999997,0.046048641204833984,-0.17209919408098706,-0.15963018281207297,-0.9121891682966741,0.2347337382396086,0.9419071114636087
1748023115.0151205,-11.966198948168703,51.662603937320405,13.934042704498008,-11.77545233235838,51.819222963948356,14.799999999999997,0.030034780502319336,-0.1907466158103226,-0.15661902662795057,-0.865957295501989,0.24680719386796143,0.900442018443218
1748023115.1542034,-11.990047553199354,51.783597501931844,13.98059725276092,-11.762991536270965,51.94909570367025,14.799999999999997,0.09465670585632324,-0.22705601692838862,-0.16549820173840857,-0.8194027472390779,0.2809699087127155,0.8662360831695826
1748023115.2444484,-11.990140968860015,51.719152731104494,13.986314851524016,-11.762991536270965,51.94909570367025,14.799999999999997,0.0044116973876953125,-0.22714943258904974,-0.2299429725657589,-0.8136851484759813,0.3232191754180197,0.8755307854143589
1748023115.3495526,-12.014856325648815,51.841998325313966,14.032559505129253,-11.762991536270965,51.94909570367025,14.799999999999997,0.1006925106048584,-0.2518647893778496,-0.1070973783562863,-0.7674404948707441,0.27368909473915487,0.8147825683865547
1748023115.464156,-12.035061778448481,51.962313352562845,14.080811627879148,-11.762991536270965,52.06041519418247,14.799999999999997,0.010149717330932617,-0.2720702421775165,-0.09810184161962354,-0.7191883721208487,0.2892165071493918,0.7751632748018514
1748023115.5736706,-12.059939334009831,52.07208793341579,14.129854244441416,-11.762991536270965,52.19028793311339,14.700000000000003,0.08710551261901855,-0.29694779773886637,-0.11819999969760175,-0.5701457555585865,0.31960793874757826,0.6536171793121316
1748023115.6934235,-12.096127216647323,52.1836665286068,14.181188403170108,-11.762991536270965,52.19028793311339,14.700000000000003,0.03264737129211426,-0.3331356803763583,-0.006621404506589101,-0.5188115968298952,0.33320147739387207,0.6165944352186815
1748023115.7982402,-12.16767981940465,52.46272824021392,14.275380255874666,-11.762991536270965,52.32016067283529,14.700000000000003,0.055904388427734375,-0.40468828313368554,0.1425675673786273,-0.4246197441253372,0.4290665656677871,0.6036555680808522
1748023115.889256,-12.185787744486662,52.58036408732031,14.331428719139574,-11.762991536270965,52.32016067283529,14.700000000000003,0.035111427307128906,-0.4227962082156971,0.2602034144850194,-0.36857128086042934,0.4964498470049456,0.6183099867108175
1748023116.012601,-12.211610676407957,52.693150554184996,14.385858816441068,-11.762991536270965,52.45003341176621,14.700000000000003,0.03154110908508301,-0.44861914013699256,0.24311714241878235,-0.3141411835589345,0.5102598140507727,0.5992076109688005
1748023116.121339,-12.245504725682233,52.8116426892221,14.436988914707904,-11.762991536270965,52.45003341176621,14.700000000000003,0.07719707489013672,-0.482513189411268,0.36160927745588367,-0.26301108529209927,0.6029761583163968,0.6578412258930937
1748023116.3061118,-12.292057281190973,52.932504847359276,14.485858437801808,-11.77545233235838,52.5799061514881,14.700000000000003,0.06061267852783203,-0.5166049488325921,0.35259869587117265,-0.21414156219819525,0.6254650377825901,0.6611074966668132
1748023116.3639874,-12.301212835390023,52.92615219835055,14.500005820648324,-11.787913128445798,52.709778890419024,14.700000000000003,0.08210539817810059,-0.5132997069442258,0.21637330793152643,-0.19999417935167862,0.5570403912951548,0.5918544325328743
1748023116.4900467,-12.327417085523207,53.05159224357699,14.553708227853225,-11.787913128445798,52.709778890419024,14.700000000000003,0.043953895568847656,-0.5395039570774092,0.341813353157967,-0.14629177214677824,0.6386711893449367,0.6552115465230455
1748023116.626804,-12.370816986011976,53.167625148536345,14.602070167285946,-11.800373924533215,52.83965162934995,14.700000000000003,0.05649542808532715,-0.5704430614787608,0.3279735191863935,-0.09792983271405653,0.6580060149244601,0.6652534613304706
1748023116.725832,-12.414324857777627,53.28776477473782,14.64843365462544,-11.800373924533215,52.83965162934995,14.700000000000003,0.04253244400024414,-0.6139509332444124,0.4481131453878717,-0.05156634537456206,0.760092849263231,0.7618400274837135
1748023116.904507,-12.449992447478898,53.411537231022905,14.688274706170734,-11.800373924533215,52.96952436907184,14.700000000000003,0.05056023597717285,-0.6496185229456835,0.4420128619510635,-0.01172529382926868,0.785735066981423,0.785822548670935
1748023116.9788337,-12.514116980818157,53.58104455723161,14.730593604036534,-11.812834720620636,53.11795035642146,14.700000000000003,0.07167267799377441,-0.7012822601975213,0.46309420081014707,0.030593604036530664,0.8403886287258608,0.8409453108851234
1748023117.07893,-12.537654388813941,53.68124637322,14.769833520078867,-11.812834720620636,53.11795035642146,14.700000000000003,0.028423547744750977,-0.7248196681933052,0.5632960167985388,0.06983352007886445,0.9179683839549992,0.920620809273589
1748023117.2119691,-12.569942717749552,53.786701071039474,14.806679257704676,-11.837756312795467,53.247823096143364,14.700000000000003,0.035269737243652344,-0.7321864049540849,0.5388779748961099,0.10667925770467335,0.9091129761628748,0.9153506800413379
1748023117.3655095,-12.62799808977346,53.897549641427936,14.846436313284032,-11.850217109414121,53.39624908349299,14.700000000000003,0.08331751823425293,-0.7777809803593385,0.5013005579349468,0.1464363132840294,0.9253353461284306,0.9368506266437787
1748023117.439607,-12.658775816953966,53.938593672012175,14.843095009659589,-11.850217109414121,53.39624908349299,14.700000000000003,0.009220123291015625,-0.808558707539845,0.5423445885191853,0.14309500965958577,0.9736040448943036,0.9840635233682966
1748023117.5571172,-12.69981251025014,54.06659754378575,14.882878277451397,-11.875138701588956,53.54467507163359,14.700000000000003,0.10404419898986816,-0.8246738086611849,0.5219224721521556,0.18287827745139396,0.9759559199211623,0.9929423054703386
1748023117.656558,-12.746311062317913,54.16326413341324,14.917224859890707,-11.875138701588956,53.54467507163359,14.700000000000003,0.004603385925292969,-0.8711723607289574,0.6185890617796517,0.21722485989070428,1.0684538873772207,1.0903120421264871
1748023117.775272,-12.804687910641492,54.25928505441661,14.951502688301384,-11.887599497676373,53.69310105898321,14.700000000000003,0.0774843692779541,-0.9170884129651196,0.5661839954333985,0.2515026883013807,1.0777826654199854,1.1067380340905564
1748023117.8463452,-12.884216690758171,54.433025140823766,14.995399494587922,-11.887599497676373,53.69310105898321,14.700000000000003,0.006411075592041016,-0.9966171930817982,0.7399240818405559,0.2953994945879188,1.2412628554958984,1.2759288137810156
1748023117.916043,-12.936947540689355,54.538912431389576,15.03474601399424,-11.887599497676373,53.69310105898321,14.700000000000003,0.06328678131103516,-1.0493480430129818,0.8458113724063665,0.33474601399423776,1.3477864048383617,1.3887343471492835
1748023118.0338037,-12.9887266069829,54.623413053560995,15.067266703403124,-11.924981885938625,53.86008029554251,14.700000000000003,0.014542102813720703,-1.0637447210442748,0.7633327580184854,0.3672667034031214,1.309285962276259,1.359821518598035
1748023118.130107,-13.051637422583335,54.7196551545099,15.09646610592287,-11.924981885938625,53.86008029554251,14.700000000000003,0.08176112174987793,-1.1266555366447104,0.8595748589673917,0.39646610592286713,1.4171173686117151,1.4715321979374538
1748023118.332168,-13.1060976293897,54.806783116333236,15.122952239210775,-11.949903478113457,54.02705953131083,14.700000000000003,0.08348703384399414,-1.1561941512762424,0.7797235850224027,0.4229522392107725,1.3945442927657687,1.4572722398848421
1748023118.388297,-13.144934101627875,54.874927386502954,15.138905049003593,-11.974825070288292,54.19403876787014,14.700000000000003,0.12816572189331055,-1.1701090313395834,0.6808886186328138,0.4389050490035906,1.3537963126726855,1.4231662229855668
1748023118.5002897,-13.20083920290567,54.97045774224442,15.16927080748404,-11.974825070288292,54.19403876787014,14.700000000000003,0.016173124313354492,-1.2260141326173777,0.7764189743742804,0.4692708074840368,1.4511847150331865,1.5251728321415479
1748023118.6122956,-13.236925880076251,55.051498932986654,15.201062116835502,-11.974825070288292,54.19403876787014,14.700000000000003,0.09583282470703125,-1.2621008097879596,0.8574601651165139,0.5010621168354987,1.525823183999071,1.6059886779665458
1748023118.7551432,-13.260254219513298,55.10843074034511,15.209799949632409,-12.012207458550543,54.379571252057175,14.700000000000003,0.037735939025878906,-1.2480467609627546,0.728859488287938,0.5097999496324057,1.4452878160480624,1.532564145431499
1748023118.8630958,-13.329014862382612,55.2164762124051,15.255637297655404,-12.049589846812797,54.546550488616475,14.700000000000003,0.0035843849182128906,-1.2794250155698155,0.6699257237886229,0.5556372976554016,1.4442052644480745,1.5474048120661026
1748023119.0164669,-13.37496608362786,55.30295469903813,15.284680121284902,-12.086972235606282,54.7320829728035,14.700000000000003,0.0319976806640625,-1.2879938480215785,0.5708717262346354,0.5846801212848991,1.4088373505680298,1.525343739811217
1748023119.1335242,-13.402795732898502,55.37633952660376,15.312881747746754,-12.086972235606282,54.7320829728035,14.700000000000003,0.08505964279174805,-1.3158234972922198,0.6442565538002611,0.6128817477467514,1.4650795142724908,1.5881064258613242
1748023119.2719665,-13.444896309815203,55.443788115694645,15.347216652939808,-12.124354623868534,54.91761545778151,14.700000000000003,0.023671865463256836,-1.3205416859466688,0.5261726579131363,0.6472166529398056,1.4215090609131709,1.5619146603130563
1748023119.4187994,-13.471222118905471,55.51011517750331,15.375472771748473,-12.161737012130784,55.08459469434081,14.700000000000003,0.03190922737121582,-1.3094851067746873,0.4255204831625008,0.6754727717484705,1.3768874051481341,1.5336500226026548
1748023119.5271268,-13.511859917013219,55.5933147621945,15.395832831002696,-12.161737012130784,55.08459469434081,14.700000000000003,0.07641816139221191,-1.3501229048824346,0.5087200678536945,0.6958328310026936,1.4427847953611277,1.6018150000628892
1748023119.6106095,-13.543368224494888,55.66066355907597,15.414845803152575,-12.199119400393036,55.27012717852784,14.700000000000003,0.044957637786865234,-1.344248824101852,0.39053638054813433,0.7148458031525724,1.399829834526629,1.5717913627182505
1748023119.6861298,-13.580393562627659,55.73235781356779,15.424209926698524,-12.199119400393036,55.27012717852784,14.700000000000003,0.030562639236450195,-1.3812741622346234,0.4622306350399512,0.7242099266985207,1.456562896419649,1.6266700615536864
1748023119.768887,-13.619741493229292,55.80566234273837,15.42804441766546,-12.248962584742705,55.45565966350585,14.700000000000003,0.08931660652160645,-1.370778908486587,0.35000267923252437,0.7280444176654566,1.41475676051455,1.5910956493924109
1748023119.8582191,-13.645316851417778,55.86691882414732,15.43146135457986,-12.248962584742705,55.45565966350585,14.700000000000003,1.5497207641601562e-05,-1.3963542666750737,0.41125916064147106,0.7314613545798565,1.455657698524351,1.6291025285466256
1748023119.9606898,-13.677655190245403,55.93241808695701,15.43239453011646,-12.28634497353619,55.65974539611158,14.700000000000003,0.09024381637573242,-1.391310216709213,0.27267269084542534,0.7323945301164567,1.4177780205139034,1.5957745026152121
1748023120.0281725,-13.708280257136167,55.99690066293803,15.432983480418342,-12.28634497353619,55.65974539611158,14.700000000000003,0.022761106491088867,-1.4219352835999768,0.3371552668264499,0.7329834804183388,1.4613601967671628,1.6348817716463604
1748023120.124585,-13.719683789239237,56.04973878747452,15.435828832832636,-12.28634497353619,55.65974539611158,14.700000000000003,0.07365131378173828,-1.4333388157030473,0.3899933913629354,0.7358288328326328,1.485447745936483,1.6577089844528239
1748023120.240488,-13.733434533541553,56.11212940531824,15.435871254250213,-12.323727361798444,55.84527788108959,14.700000000000003,0.0058972835540771484,-1.4097071717431096,0.266851524228656,0.7358712542502097,1.434741804662816,1.6124486189888008
1748023120.3404036,-13.704172317053123,56.10832017581578,15.424116711551738,-12.323727361798444,55.84527788108959,14.700000000000003,0.09401822090148926,-1.3804449552546796,0.26304229472619056,0.7241167115517353,1.40528272006131,1.5808746108567286
1748023120.418952,-13.722464354138634,56.163012682190974,15.431243350697038,-12.361109750060693,56.030810366067584,14.700000000000003,0.037637948989868164,-1.36135460407794,0.13220231612339006,0.731243350697035,1.3677586813588842,1.5509612014396816
1748023120.5528295,-13.729076456295731,56.214287892766244,15.436887468019826,-12.361109750060693,56.030810366067584,14.700000000000003,0.09623956680297852,-1.3679667062350376,0.1834775266986597,0.7368874680198232,1.3802162555813473,1.5646085940885217
1748023120.6147738,-13.736411439478376,56.30164961904433,15.452339215776071,-12.398492138322945,56.23489609867332,14.700000000000003,0.06956958770751953,-1.3379193011554307,0.0667535203710159,0.7523392157760682,1.3395835505432871,1.5363913513427199
1748023120.6732774,-13.746158207554318,56.362389610161074,15.452789686394963,-12.398492138322945,56.23489609867332,14.700000000000003,0.011065959930419922,-1.3476660692313729,0.12749351148775645,0.7527896863949604,1.3536832826141492,1.5489192172517072
1748023120.7796342,-13.755602482101569,56.4275312125512,15.458760778704413,-12.435874526585199,56.42042858365132,14.700000000000003,0.0764920711517334,-1.3197279555163703,0.0071026288998794485,0.7587607787044099,1.3197470681568906,1.5223173924017392
1748023120.9017937,-13.76379131476976,56.490993534575075,15.465498724097902,-12.435874526585199,56.42042858365132,14.700000000000003,0.045667409896850586,-1.3279167881845613,0.07056495092375314,0.765498724097899,1.3297903626667147,1.5343828418086485
1748023120.9600532,-13.735656797010892,56.53665357752322,15.468334777032837,-12.4857177114661,56.62451431704803,14.700000000000003,0.08660650253295898,-1.249939085544792,-0.08786073952481388,0.7683347770328339,1.2530232348693293,1.4698318123923202
1748023121.0176,-13.725437990725162,56.59192034376027,15.471246958620036,-12.4857177114661,56.62451431704803,14.700000000000003,0.029059648513793945,-1.2397202792590623,-0.032593973287760036,0.7712469586200328,1.2401486757243465,1.460407685915649
1748023121.1263618,-13.712081875279459,56.64131574016042,15.475150206939514,-12.4857177114661,56.62451431704803,14.700000000000003,0.07970213890075684,-1.2263641638133596,0.016801423112390523,0.7751502069395109,1.226479249765051,1.4508994429051962
1748023121.248981,-13.70644568085615,56.70254702983743,15.475835627273302,-12.535560895815767,56.81004680123507,14.700000000000003,0.002182483673095703,-1.1708847850403838,-0.10749977139763445,0.7758356272732989,1.1758092450264241,1.4087044761894394
1748023121.3914886,-13.69488374723047,56.770534499679016,15.472056204446188,-12.585404080165436,57.01413253463177,14.700000000000003,0.04822993278503418,-1.1094796670650346,-0.243598034952754,0.7720562044461854,1.135907185584977,1.3734467288859198
1748023121.492974,-13.695980185487764,56.83157737039225,15.477141528492488,-12.585404080165436,57.01413253463177,14.700000000000003,0.053255558013916016,-1.1105761053223286,-0.1825551642395169,0.7771415284924856,1.1254801969397015,1.3677187682455285
1748023121.5536015,-13.693977669688147,56.88768685477527,15.479134644808818,-12.635247264515106,57.2182182672375,14.599999999999994,0.09668564796447754,-1.0587304051730406,-0.3305314124622356,0.8791346448088238,1.1091262711982577,1.415287535861631
1748023121.71235,-13.665806393382422,56.95708367735286,15.476292922565822,-12.635247264515106,57.2182182672375,14.599999999999994,0.062062740325927734,-1.0305591288673153,-0.2611345898846409,0.8762929225658276,1.0631290571355763,1.377727359917389
1748023121.7877038,-13.646109290662302,56.98653687677183,15.478026428026515,-12.697551245483428,57.42230400063421,14.599999999999994,0.07028508186340332,-0.9485580451788742,-0.4357671238623837,0.8780264280265211,1.0438655810557513,1.3640329026918203
1748023121.8493104,-13.65224777458701,57.061018240598536,15.481118661433802,-12.697551245483428,57.42230400063421,14.599999999999994,0.008678436279296875,-0.9546965291035825,-0.3612857600356776,0.881118661433808,1.0207707201360081,1.3484594760740458
1748023121.9698005,-13.651520924680295,57.12987196957572,15.482884843282744,-12.759855225920514,57.626389734030916,14.599999999999994,0.07958245277404785,-0.8916656987597804,-0.4965177644551986,0.8828848432827492,1.0205868942742482,1.3494751777127136
1748023122.079464,-13.649327144264296,57.192771590173855,15.485500833016916,-12.759855225920514,57.626389734030916,14.599999999999994,0.03008103370666504,-0.8894719183437818,-0.43361814385706055,0.8855008330169216,0.9895377649206774,1.3278918304884144
1748023122.2320578,-13.629698809432194,57.247451710792774,15.488711862514416,-12.822159206357599,57.830475466636656,14.599999999999994,0.02319478988647461,-0.8075396030745949,-0.5830237558438824,0.8887118625144215,0.9960104971395539,1.3348579268918597
1748023122.3175528,-13.63818436166325,57.335202522391,15.500396736064117,-12.822159206357599,57.830475466636656,14.599999999999994,0.06230020523071289,-0.8160251553056508,-0.4952729442456558,0.9003967360641223,0.9545639545852189,1.31221439776749
1748023122.4722545,-13.620740903297985,57.38306235575591,15.501470107494518,-12.872002390707264,58.03456120003336,14.599999999999994,0.020694732666015625,-0.7487385125907213,-0.6514988442774481,0.9014701074945233,0.9925019417267738,1.3407865076281174
1748023122.562843,-13.630408800613962,57.46037613803931,15.510903613817453,-12.872002390707264,58.03456120003336,14.599999999999994,0.1112833023071289,-0.7584064099066978,-0.5741850619940507,0.9109036138174584,0.9512459030159752,1.3170475168612494
1748023122.6977396,-13.622116023193389,57.51446192139876,15.512925168586778,-12.946767167763008,58.220093685011356,14.599999999999994,0.016260623931884766,-0.6753488554303804,-0.7056317636125939,0.9129251685867832,0.9767355129973234,1.3369534867710808
1748023122.798363,-13.621147340542052,57.56306440252888,15.515222980281273,-13.009071148200093,58.424179417617104,14.599999999999994,0.05809426307678223,-0.6120761923419593,-0.8611150150882239,0.9152229802812784,1.0564830024388576,1.3977801823166505
1748023122.8611436,-13.602619186080176,57.617325238691386,15.51687460545042,-13.009071148200093,58.424179417617104,14.599999999999994,0.0046863555908203125,-0.5935480378800833,-0.8068541789257182,0.9168746054504258,1.0016550999826197,1.3579292991319782
1748023122.9703927,-13.594376850623119,57.67604067794611,15.51777209464591,-13.071375128637177,58.62826515101381,14.700000000000003,0.07675480842590332,-0.523001721985942,-0.9522244730676945,0.8177720946459068,1.0863987519825808,1.3597843384488817
1748023123.0468135,-13.617389673991244,57.770453503470705,15.514894436835473,-13.071375128637177,58.62826515101381,14.700000000000003,0.00033402442932128906,-0.5460145453540672,-0.8578116475431017,0.8148944368354698,1.0168444848642388,1.3030831322614136
1748023123.1368792,-13.611850831332635,57.83714572142814,15.513355947132654,-13.071375128637177,58.62826515101381,14.700000000000003,0.08973169326782227,-0.5404757026954581,-0.7911194295856632,0.813355947132651,0.9581147828272426,1.2567942686884541
1748023123.2532952,-13.59881260786041,57.9047391386402,15.510424545064938,-13.146139905692914,58.832350884410516,14.700000000000003,0.011993408203125,-0.45267270216749544,-0.9276117457703137,0.8104245450649348,1.0321705896694942,1.3123124892427023
1748023123.3298607,-13.594112226605525,57.969075824588124,15.507862253679615,-13.146139905692914,58.832350884410516,14.700000000000003,0.08855891227722168,-0.4479723209126103,-0.8632750598223922,0.8078622536796125,0.9725857438885198,1.2643434858200078
1748023123.50185,-13.595196651558282,58.041099292822956,15.502978775947552,-13.20844388613,59.03643661701625,14.700000000000003,0.055992841720581055,-0.3867527654282821,-0.9953373241932937,0.8029787759475493,1.0678361721250549,1.3360572611684405
1748023123.5591152,-13.623751926922013,58.13222013810507,15.49085130448692,-13.270747866567085,59.24052235041297,14.700000000000003,0.09360313415527344,-0.3530040603549285,-1.1083022123078976,0.7908513044869174,1.1631619235659523,1.4065530371238424
1748023123.630213,-13.621564181646313,58.20096003109754,15.480992435778989,-13.270747866567085,59.24052235041297,14.700000000000003,0.02250528335571289,-0.3508163150792285,-1.0395623193154293,0.7809924357789857,1.0971608371912676,1.3467409132458388
1748023123.7163212,-13.616906363333307,58.26660041535291,15.472711361060448,-13.270747866567085,59.24052235041297,14.700000000000003,0.06360292434692383,-0.3461584967662219,-0.973921935060055,0.7727113610604448,1.0336100040511278,1.2905163648658073
1748023123.798079,-13.604691019930812,58.32898879764587,15.46813579695162,-13.345512643622824,59.444608083018686,14.700000000000003,0.056756019592285156,-0.2591783763079878,-1.1156192853728157,0.7681357969516167,1.1453295685702858,1.379062153494139
1748023123.920697,-13.611322169710645,58.39573149026194,15.459279673354176,-13.345512643622824,59.444608083018686,14.700000000000003,0.06586194038391113,-0.26580952608782127,-1.0488765927567485,0.7592796733541736,1.0820336459611772,1.3218556779621815
1748023124.0045917,-13.621970113226297,58.477533055271714,15.44348771784474,-13.407816624059913,59.6672470648341,14.700000000000003,0.05059385299682617,-0.21415348916638344,-1.1897140095623868,0.7434877178447366,1.208834621224569,1.41917410068572
1748023124.113074,-13.628246940064592,58.54754000925808,15.430779337083909,-13.407816624059913,59.6672470648341,14.700000000000003,0.05788850784301758,-0.22043031600467877,-1.119707055576022,0.7307793370839057,1.1411982362940487,1.3551279843724873
1748023124.2022724,-13.636844077166376,58.620467674153254,15.41883915152354,-13.45765980840958,59.889886046649515,14.700000000000003,0.05810117721557617,-0.17918426875679572,-1.2694183724962613,0.7188391515235377,1.2820023426659424,1.4697822057584056
1748023124.3494513,-13.621322932597138,58.6979380377792,15.413809787741135,-13.45765980840958,59.889886046649515,14.700000000000003,0.08907771110534668,-0.16366312418755768,-1.1919480088703125,0.7138097877411322,1.2031316112831274,1.398946062985909
1748023124.4131258,-13.672411276466182,58.782772499664596,15.404905634057773,-13.519963788846667,60.09397178004622,14.700000000000003,0.033532142639160156,-0.152447487619515,-1.3111992803816221,0.70490563405777,1.3200317380104107,1.4964543903110352
1748023124.4838378,-13.689640973032619,58.84116580348585,15.404578765811062,-13.519963788846667,60.09397178004622,14.700000000000003,0.03717994689941406,-0.1696771841859519,-1.2528059765603672,0.7045787658110587,1.264244106863326,1.4473231840091845
1748023124.5802672,-13.698561399257823,58.91892871053335,15.405152328983869,-13.582267769814987,60.31661076107066,14.700000000000003,0.10250663757324219,-0.11629362944283628,-1.3976820505373126,0.7051523289838659,1.4025117905540667,1.5698022581569135
1748023124.6935325,-13.691344443431838,58.98474838087381,15.414431260178022,-13.582267769814987,60.31661076107066,14.700000000000003,0.010758638381958008,-0.10907667361685114,-1.3318623801968528,0.714431260178019,1.33632148845663,1.5153109073818796
1748023124.8101134,-13.703898388783282,59.03397843712998,15.418036787279595,-13.644571750252071,60.520696494467366,14.799999999999997,0.05320858955383301,-0.05932663853121056,-1.4867180573373844,0.618036787279598,1.4879012843775823,1.6111547729759998
1748023124.9094594,-13.706524260489083,59.09397809843579,15.422138759221086,-13.644571750252071,60.520696494467366,14.799999999999997,0.046137332916259766,-0.06195251023701154,-1.4267183960315748,0.6221387592210892,1.4280628470412557,1.5576970600295594
1748023124.9831548,-13.714917544894341,59.174294763852934,15.419482328006811,-13.706875730689159,60.74333547628277,14.799999999999997,0.055954694747924805,-0.008041814205181907,-1.569040712429839,0.6194823280068142,1.5690613206748953,1.686923763170935
1748023125.0949168,-13.72316600425887,59.25603351154505,15.41517658724766,-13.706875730689159,60.74333547628277,14.799999999999997,0.05580735206604004,-0.01629027356971058,-1.4873019647377248,0.615176587247662,1.4873911749521953,1.609588376207828
1748023125.176695,-13.724442741101635,59.328472129052365,15.412846571096344,-13.756718915570062,60.96597445730721,14.799999999999997,0.07223796844482422,0.03227617446842679,-1.6375023282548469,0.6128465710963464,1.6378203889555047,1.7487242624790535
1748023125.2861578,-13.724231470444817,59.4086293403487,15.407014364574511,-13.756718915570062,60.96597445730721,14.799999999999997,0.037224769592285156,0.03248744512524482,-1.5573451169585084,0.6070143645745141,1.5576839369414053,1.671779197802472
1748023125.384407,-13.729030470427144,59.49636989245832,15.3947824634895,-13.819022896007146,61.17006019070392,14.899999999999991,0.06689453125,0.08999242558000198,-1.673690298245603,0.49478246348950883,1.6761079473301317,1.7476119527171856
1748023125.4646387,-13.736652879043309,59.57758946403385,15.383807194908409,-13.819022896007146,61.17006019070392,14.899999999999991,0.013337135314941406,0.0823700169638375,-1.5924707266700722,0.48380719490841706,1.5945995845339138,1.6663784794700398
1748023125.5481114,-13.75371413450475,59.6501237158037,15.373799130047868,-13.819022896007146,61.17006019070392,14.899999999999991,0.09680986404418945,0.06530876150239528,-1.51993647490022,0.4737991300478761,1.521338924126075,1.5934107247333338
1748023125.649498,-13.74755038135264,59.739572264833356,15.363573566741193,-13.868866080356813,61.39269917251932,14.899999999999991,0.025684118270874023,0.12131569900417283,-1.6531269076859658,0.46357356674120176,1.6575723428376317,1.721175913008718
1748023125.7493052,-13.7695762191377,59.807849222420295,15.352391143844116,-13.868866080356813,61.39269917251932,14.899999999999991,0.07412314414978027,0.09928986121911265,-1.5848499500990272,0.4523911438441246,1.5879571281586287,1.6511406929448487
1748023125.868859,-13.789580153968124,59.90206346440238,15.347938488632987,-13.918709264706486,61.61533815354376,14.899999999999991,0.002405405044555664,0.12912911073836142,-1.7132746891413788,0.447938488632996,1.7181340133099536,1.7755656499525385
1748023125.9263637,-13.805004232853525,59.99682387319534,15.34135155919292,-13.918709264706486,61.61533815354376,14.899999999999991,0.0550992488861084,0.11370503185296066,-1.6185142803484212,0.44135155919292934,1.6225034083047254,1.6814602310975066
1748023126.0208893,-13.83086598930048,60.08693385777657,15.338143580566356,-13.981013245674806,61.85653038377788,15.0,0.035692453384399414,0.1501472563743249,-1.7695965260013082,0.3381435805663564,1.7759549722424373,1.8078598243533353
1748023126.1242,-13.831921608863581,60.17705818674283,15.343028372793954,-13.981013245674806,61.85653038377788,15.0,0.06761837005615234,0.1490916368112245,-1.6794721970350466,0.34302837279395426,1.6860768596896099,1.720617226846937
1748023126.2250185,-13.856576911348165,60.263955288558364,15.338081127043536,-14.030856430024475,62.07916936559329,15.0,0.026329517364501953,0.1742795186763093,-1.8152140770349234,0.33808112704353555,1.8235612125990712,1.8546359061979854
1748023126.3246295,-13.896944583241485,60.36490875653458,15.333385007266324,-14.030856430024475,62.07916936559329,15.0,0.07328152656555176,0.13391184678298984,-1.7142606090587051,0.33338500726632425,1.7194830090696311,1.7515043195919102
1748023126.487996,-13.922792266136549,60.45682018571075,15.332311190185427,-14.080699614374142,62.301808347408695,15.0,0.03534293174743652,0.15790734823759323,-1.8449881616979482,0.3323111901854272,1.8517332549352248,1.881315171510467
1748023126.553172,-13.934512046783942,60.51680712509551,15.344247509253291,-14.080699614374142,62.301808347408695,15.0,0.10051894187927246,0.14618756759020002,-1.7850012223131841,0.3442475092532913,1.790977433854905,1.8237616390868066
1748023126.5984042,-13.95840660882981,60.63625970633959,15.341596716300154,-14.13054279872381,62.52444732843313,15.0,0.08784151077270508,0.17213618989400103,-1.8881876220935467,0.3415967163001543,1.896017764710686,1.9265439732031953
1748023126.749672,-13.982653360265001,60.745816077105125,15.338043268396675,-14.13054279872381,62.52444732843313,15.0,0.06342625617980957,0.14788943845880986,-1.778631251328008,0.33804326839667453,1.784769008641818,1.8165003896274297
1748023126.8557725,-13.980796663378559,60.74269680690431,15.35476345790973,-14.180385983604717,62.765639558667246,15.0,0.004834413528442383,0.19958932022615805,-2.0229427517629333,0.35476345790972985,2.032764933202688,2.0634898557362953
1748023126.9375825,-13.995652862488376,60.83410548769079,15.358648592916152,-14.180385983604717,62.765639558667246,15.0,0.08664441108703613,0.18473312111634144,-1.9315340709764541,0.35864859291615225,1.940347956779984,1.9732153979180769
1748023127.031592,-14.02584410673775,60.95024442297698,15.354342185959984,-14.230229167954384,62.98827854048266,15.099999999999994,0.021202802658081055,0.2043850612166338,-2.0380341175056813,0.2543421859599899,2.0482568973069974,2.063987951739204
1748023127.135205,-14.064587519244492,61.06133308804876,15.35204679911154,-14.230229167954384,62.98827854048266,15.099999999999994,0.08241033554077148,0.16564164870989195,-1.9269454524338983,0.25204679911154493,1.9340516881518477,1.9504059888611365
1748023127.2655177,-14.069622016160793,61.1758418790863,15.353721813516099,-14.292533148391469,63.192364273088394,15.099999999999994,0.018929243087768555,0.22291113223067605,-2.016522394002095,0.2537218135161048,2.028805544744075,2.044609179534858
1748023127.3460596,-14.08230712278288,61.24079512258022,15.364677364430245,-14.292533148391469,63.192364273088394,15.099999999999994,0.0994710922241211,0.21022602560858772,-1.9515691505081776,0.26467736443025025,1.9628594272281426,1.98062395176372
1748023127.4511642,-14.109811784143549,61.33216675205907,15.369811251964352,-14.342376332741138,63.41500325490381,15.099999999999994,0.0053081512451171875,0.23256454859758868,-2.082836502844742,0.2698112519643576,2.095780085516349,2.1130764961386252
1748023127.5178208,-14.137952771391944,61.43250142695346,15.372322382348182,-14.342376332741138,63.41500325490381,15.099999999999994,0.07196474075317383,0.20442356134919315,-1.982501827950351,0.27232238234818773,1.9930134194884817,2.0115322443821184
1748023127.6450932,-14.147665096464054,61.52834177119457,15.37976725374924,-14.392219517622044,63.637642236719216,15.099999999999994,0.0060842037200927734,0.2445544211579893,-2.1093004655246474,0.27976725374924527,2.1234300833251876,2.1417808092895054
1748023127.7432058,-14.167644677685834,61.6294538368806,15.379621470141007,-14.392219517622044,63.637642236719216,15.099999999999994,0.09202837944030762,0.22457483993620997,-2.008188399838616,0.2796214701410129,2.0207064378525534,2.039961439474427
1748023127.8548076,-14.212518163042624,61.747883290055704,15.37084582068624,-14.442062701971711,63.860281218534624,15.200000000000003,0.005623817443847656,0.22954453892908688,-2.11239792847892,0.1708458206862371,2.1248331001737997,2.13169040858192
1748023127.9706895,-14.247081776559497,62.003447057491265,15.375817862848162,-14.49190588632138,64.08292019955907,15.099999999999994,0.08047771453857422,0.24482410976188262,-2.0794731420678048,0.275817862848168,2.093835569786235,2.1119239775068084
1748023128.0405295,-14.262751279717085,62.129551330088475,15.375471728060283,-14.49190588632138,64.08292019955907,15.099999999999994,0.010637760162353516,0.2291546066042951,-1.9533688694705944,0.27547172806028897,1.9667642903878435,1.9859623478065538
1748023128.1416488,-14.277736188221494,62.2169670277448,15.38254010198506,-14.49190588632138,64.08292019955907,15.099999999999994,0.09048151969909668,0.2141696980998855,-1.8659531718142688,0.28254010198506485,1.8782039023992911,1.8993364125972145
1748023128.245679,-14.296109571260033,62.31151796056366,15.387877129443062,-14.541749070671047,64.30555918137448,15.099999999999994,0.0029442310333251953,0.24563949941101448,-1.9940412208108143,0.28787712944306776,2.0091140221409973,2.0296335619071626
1748023128.4001577,-14.315642818005406,62.39639953469559,15.391311277917833,-14.591592255551953,64.50964491477119,15.200000000000003,0.05026078224182129,0.2759494375465472,-2.113245380075597,0.19131127791782987,2.1311860849050954,2.1397556247271936
1748023128.4641588,-14.300265889163216,62.296102369733454,15.408702328944576,-14.591592255551953,64.50964491477119,15.200000000000003,0.013740301132202148,0.29132636638873777,-2.2135425450377326,0.20870232894457352,2.232631104872766,2.2423644468623465
1748023128.5525775,-14.324036222710497,62.40003248113958,15.407643744286053,-14.591592255551953,64.50964491477119,15.200000000000003,0.10215902328491211,0.26755603284145657,-2.109612433631604,0.2076437442860506,2.1265114273953283,2.1366250900389723
1748023128.6289575,-14.34132747990647,62.504669242718734,15.405730582089383,-14.64143543990162,64.73228389579562,15.200000000000003,0.044684410095214844,0.3001079599951506,-2.227614653076884,0.20573058208938022,2.2477392709687876,2.2571346664880525
1748023128.73623,-14.354218669689576,62.5915178614203,15.407164366044308,-14.64143543990162,64.73228389579562,15.200000000000003,0.06258797645568848,0.2872167702120443,-2.140766034375318,0.20716436604430477,2.1599473806151073,2.169859387514454
1748023128.8598104,-14.381355084854853,62.70408920193529,15.39958506432284,-14.69127862425129,64.95492287761103,15.200000000000003,0.004181623458862305,0.30992353939643635,-2.250833675675736,0.19958506432283762,2.2720706053791457,2.2808198161469724
1748023128.950978,-14.423555763811194,62.82935981722902,15.384746646658742,-14.69127862425129,64.95492287761103,15.200000000000003,0.09534931182861328,0.2677228604400952,-2.1255630603820066,0.18474664665873952,2.1423570789349635,2.150308158640151
1748023129.0627303,-14.447629790733668,62.94538446868927,15.372803909696986,-14.753582604688376,65.15900861100774,15.200000000000003,0.012920856475830078,0.30595281395470764,-2.2136241423184657,0.17280390969698267,2.234667529594048,2.241338921053335
1748023129.1490428,-14.491155234582049,63.1909206863808,15.361788339127749,-14.753582604688376,65.15900861100774,15.200000000000003,0.09923338890075684,0.26242737010632666,-1.9680879246269356,0.16178833912774593,1.9855070394343308,1.9920877667213852
1748023129.250734,-14.5081807960476,63.268427090382566,15.354012347470833,-14.803425789569276,65.38164759203218,15.200000000000003,0.0031898021697998047,0.2952449935216759,-2.1132205016496144,0.1540123474708306,2.133745649038765,2.139296683016486
1748023129.3544192,-14.519722273903128,63.36168225199475,15.3467504761919,-14.865729770006364,65.60428657384759,15.200000000000003,0.09461760520935059,0.3460074961032369,-2.2426043218528378,0.1467504761918974,2.2691397779230473,2.2738801714283903
1748023129.4534287,-14.539620549375092,63.46468468829058,15.336892389260576,-14.865729770006364,65.60428657384759,15.200000000000003,0.004391908645629883,0.3261092206312721,-2.1396018855570063,0.13689238926057357,2.164311311355146,2.1686362024777925
1748023129.5290203,-14.569647342702613,63.58637332292457,15.32629042440612,-14.865729770006364,65.60428657384759,15.200000000000003,0.07998347282409668,0.29608242730375167,-2.0179132509230158,0.12629042440611649,2.0395192306052854,2.043425546308319
1748023129.6217682,-14.598706919936312,63.703356156133225,15.318559093348329,-14.915572954356033,65.8083723072443,15.200000000000003,0.034427642822265625,0.3168660344197214,-2.105016151111073,0.11855909334832582,2.128731331147112,2.1320303325288155
1748023129.717306,-14.63664452825918,63.82850124331319,15.305386677867158,-14.915572954356033,65.8083723072443,15.200000000000003,0.06111001968383789,0.27892842609685253,-1.9798710639311068,0.1053866778671555,1.9994225408043593,2.002198004331349
1748023129.8428123,-14.669989197350302,63.949723134773336,15.29734136537629,-14.9654161387057,66.0310112890597,15.200000000000003,0.01077723503112793,0.29542694135539804,-2.0812881542863693,0.09734136537628757,2.1021506746309524,2.104403193369723
1748023129.909348,-14.689065233730027,64.0202217958562,15.30540626469318,-14.9654161387057,66.0310112890597,15.200000000000003,0.05575847625732422,0.27635090497567383,-2.0107894932035038,0.10540626469317793,2.029690668219785,2.0324258139708435
1748023130.02721,-14.717895226261113,64.11749969083493,15.303085181958833,-15.027720119674022,66.25365027008414,15.200000000000003,0.026040315628051758,0.30982489341290886,-2.136150579249204,0.10308518195883032,2.1585019716935703,2.1609621275127693
1748023130.1383398,-14.746541033279893,64.23297028099951,15.300640795721048,-15.027720119674022,66.25365027008414,15.200000000000003,0.08508944511413574,0.28117908639412903,-2.020679989084627,0.1006407957210449,2.040149332012852,2.042630134575482
1748023130.251655,-14.77271583876963,64.34646552286898,15.29977456546087,-15.09002410011111,66.47628925189954,15.200000000000003,0.03061199188232422,0.3173082613414806,-2.129823729030562,0.09977456546086749,2.1533308267558895,2.155641114232633
1748023130.3581784,-14.801697518059106,64.45794658105002,15.300467367025126,-15.09002410011111,66.47628925189954,15.200000000000003,0.07591128349304199,0.28832658205200445,-2.0183426708495205,0.10046736702512327,2.0388328413309824,2.041306700798958
1748023130.4647331,-14.85280570268765,64.55260161164428,15.308357110203977,-15.139867284460774,66.68037498529627,15.200000000000003,0.02325272560119629,0.28706158177312346,-2.1277733736519906,0.10835711020397376,2.147050041650744,2.1497825807937456
1748023130.5347035,-14.89640106086497,64.67788225184437,15.304768494260102,-15.139867284460774,66.68037498529627,15.200000000000003,0.09322309494018555,0.24346622359580294,-2.002492733451902,0.10476849426009949,2.0172389421086616,2.0199577686053733
1748023130.6601036,-14.908119602486865,64.78149843978781,15.310939219238168,-15.202171264897862,66.90301396632069,15.200000000000003,0.020807743072509766,0.2940516624109968,-2.1215155265328747,0.11093921923816552,2.1417970280786953,2.1446682773454513
1748023130.7615948,-14.964059996865032,64.8899384806449,15.314876119126788,-15.202171264897862,66.90301396632069,15.200000000000003,0.08068346977233887,0.23811126803282967,-2.0130754856757846,0.11487611912678553,2.0271087506576944,2.0303611525387866
1748023130.8375711,-15.004438756503927,64.98455656291168,15.319454503189949,-15.264475245866183,67.1442061965548,15.200000000000003,0.015653133392333984,0.2600364893622569,-2.1596496336431272,0.11945450318994588,2.175248380276317,2.1785258534676832
1748023130.9331908,-15.041746345189182,65.101905578204,15.324520040202064,-15.264475245866183,67.1442061965548,15.200000000000003,0.07996654510498047,0.22272890067700146,-2.042300618350808,0.12452004020206076,2.0544098858097617,2.0581800745621845
1748023131.0163753,-15.071097485349211,65.20103896779872,15.329065925891165,-15.326779226303271,67.36684517837023,15.200000000000003,0.03025650978088379,0.25568174095405993,-2.1658062105715032,0.12906592589116173,2.180846095992882,2.184661920671832
1748023131.1015906,-15.099470295592853,65.31177859519072,15.33405286564916,-15.326779226303271,67.36684517837023,15.200000000000003,0.05495882034301758,0.2273089307104179,-2.05506658317951,0.13405286564915642,2.0675995771139584,2.0719406801524434
1748023131.193066,-15.125543679942878,65.4064550515485,15.345671315260455,-15.389083206740356,67.60803740860433,15.200000000000003,0.05340218544006348,0.2635395267974783,-2.201582357055827,0.14567131526045252,2.217299699428142,2.222079676603393
1748023131.2688198,-15.167658029984661,65.5128864498584,15.35161960685438,-15.389083206740356,67.60803740860433,15.200000000000003,0.022351741790771484,0.2214251767556945,-2.0951509587459327,0.1516196068543767,2.1068190830812434,2.112267775169135
1748023131.3606622,-15.226538499527646,65.65103699743337,15.342685511122056,-15.438926391621258,67.84922963804748,15.200000000000003,0.088775634765625,0.21238789209361286,-2.19819264061411,0.1426855111220533,2.2084291933313147,2.2130338129007794
1748023131.4502954,-15.278459749230045,65.7827496421565,15.334216382761399,-15.438926391621258,67.84922963804748,15.200000000000003,0.0008575916290283203,0.16046664239121355,-2.0664799958909725,0.13421638276139625,2.0727009231285307,2.0770419240206532
1748023131.58723,-15.306861908191195,65.8947873280913,15.342373694239633,-15.501230372058346,68.09042186828158,15.299999999999997,0.07478618621826172,0.19436846386715168,-2.1956345401902837,0.042373694239635995,2.2042209811683295,2.204628237092637
1748023131.6882284,-15.302254615109353,66.01068982340479,15.354144277201684,-15.501230372058346,68.09042186828158,15.299999999999997,0.026212215423583984,0.19897575694899317,-2.079732044876792,0.054144277201686464,2.0892287405501646,2.0899302220635314
1748023131.746861,-15.370329895956868,66.19781595675389,15.358345193456932,-15.501230372058346,68.09042186828158,15.299999999999997,0.08484482765197754,0.1309004761014787,-1.8926059115276956,0.05834519345693501,1.8971273207123378,1.8980242971555186
1748023131.8371322,-15.401698858456648,66.26805070170651,15.363460895017708,-15.56353435249543,68.35016734693441,15.299999999999997,0.015296459197998047,0.16183549403878317,-2.0821166452278987,0.06346089501771068,2.0883966221639643,2.089360604745458
1748023131.939267,-15.433773303354712,66.3821877117559,15.371872209561888,-15.56353435249543,68.35016734693441,15.299999999999997,0.0868382453918457,0.1297610491407184,-1.9679796351785086,0.07187220956189044,1.9722529691577184,1.9735621066636704
1748023132.056261,-15.468565619304403,66.50016696930186,15.377878180978202,-15.613377536845102,68.59135957716852,15.399999999999991,0.005354881286621094,0.14481191754069833,-2.0911926078666596,-0.022121819021789335,2.0962006141249874,2.0963173398927
1748023132.201485,-15.517753067184888,66.62215167415117,15.3827830558458,-15.67568151781342,68.85110505582134,15.399999999999991,0.04180169105529785,0.1579284506285319,-2.2289533816701663,-0.017216944154190728,2.2345412444564094,2.2346075709937994
1748023132.2862902,-15.531488171328215,66.63871579996065,15.394755983620383,-15.67568151781342,68.85110505582134,15.399999999999991,0.04300355911254883,0.14419334648520454,-2.2123892558606855,-0.005244016379608141,2.21708320561462,2.2170894073821628
1748023132.3810863,-15.569404780408178,66.77097909868814,15.399610226039227,-15.725524702163089,69.11085053368318,15.399999999999991,0.06604862213134766,0.15611992175491096,-2.3398714349950325,-0.0003897739607641171,2.3450739353535255,2.3450739677456256
1748023132.487143,-15.605179300940446,66.88373930988797,15.410329991628297,-15.725524702163089,69.11085053368318,15.399999999999991,0.0400080680847168,0.12034540122264303,-2.2271112237952053,0.01032999162830528,2.2303603786720245,2.2303843004014032
1748023132.593489,-15.641413185104884,66.9943870019831,15.424753062575222,-15.775367886512756,69.370596012336,15.399999999999991,0.085845947265625,0.13395470140787147,-2.376209010352895,0.0247530625752308,2.379981748440848,2.380110467398185
1748023132.726474,-15.66714022838493,67.10486736847307,15.439498603007875,-15.775367886512756,69.370596012336,15.399999999999991,0.04713916778564453,0.10822765812782542,-2.2657286438629285,0.03949860300788366,2.268312040616277,2.2686559133646407
1748023132.8167105,-15.708979311773081,67.24598913850103,15.456392873568667,-15.825211070862427,69.63034149098881,15.399999999999991,0.03943681716918945,0.11623175908934513,-2.384352352487781,0.05639287356867584,2.387183688498859,2.387849685140242
1748023132.9196146,-15.740140874667786,67.36075454195786,15.475470758842302,-15.825211070862427,69.63034149098881,15.399999999999991,0.06346726417541504,0.08507019619464096,-2.269586949030952,0.07547075884231091,2.27118071880954,2.2724343099267914
1748023133.0248668,-15.776571593418506,67.48532555324243,15.495292228790646,-15.887515051830748,69.89008696964162,15.399999999999991,0.020290136337280273,0.11094345841224218,-2.4047614163991824,0.09529222879065458,2.407319239479191,2.409204542921701
1748023133.1282454,-15.804156376274207,67.59694787154469,15.515819102417662,-15.887515051830748,69.89008696964162,15.399999999999991,0.08308839797973633,0.08335867555654097,-2.2931390980969297,0.1158191024176709,2.2946536976222234,2.297574733604149
1748023133.1994784,-15.84440044307873,67.72122521942143,15.534581959345,-15.937358236180415,70.14983244829445,15.399999999999991,0.045656681060791016,0.09295779310168584,-2.4286072288730196,0.13458195934500772,2.4303856120855847,2.4341089801431988
1748023133.330586,-15.87667838484986,67.84748208399016,15.552000029488866,-15.937358236180415,70.14983244829445,15.399999999999991,0.08545088768005371,0.06067985133055487,-2.3023503643042886,0.1520000294888746,2.3031498527819654,2.3081601446464255
1748023133.4184875,-15.904307260168517,67.96788626360188,15.566325996455456,-15.9996622166175,70.40957792694726,15.399999999999991,0.028549909591674805,0.09535495644898262,-2.441691663345381,0.16632599645546442,2.443552894162457,2.449207031605663
1748023133.5683095,-15.938282617561963,68.09047449347368,15.582930876956803,-16.061966197585825,70.6693234048091,15.399999999999991,0.08262991905212402,0.1236835800238616,-2.5788489113354274,0.18293087695681187,2.581813187560912,2.5882857340733514
1748023133.617045,-15.944708638067631,68.16760722364361,15.603434552651155,-16.061966197585825,70.6693234048091,15.399999999999991,0.03389453887939453,0.11725755951819394,-2.5017161811654915,0.2034345526511636,2.5044626542173503,2.5127114445518397
1748023133.7287776,-15.95901877594292,68.26662260659322,15.622867922470308,-16.061966197585825,70.6693234048091,15.399999999999991,0.07783818244934082,0.10294742164290582,-2.402700798215889,0.22286792247031606,2.4049052574623793,2.415210013277609
1748023133.8232896,-15.968467083311046,68.36305928333302,15.642230423939392,-16.12427017802291,70.94762213188062,15.399999999999991,0.03311896324157715,0.1558030947118656,-2.5845628485476055,0.2422304239394002,2.5892546654229105,2.600560574317808
1748023133.9391415,-15.99625602167188,68.48265270054247,15.656370586244254,-16.12427017802291,70.94762213188062,15.399999999999991,0.0827329158782959,0.12801415635103197,-2.4649694313381474,0.25637058624426246,2.468291295949037,2.481569624078479
1748023134.0301085,-16.019696564326427,68.60615129402363,15.672316565678182,-16.186574158459994,71.20736761053344,15.399999999999991,0.02040386199951172,0.16687759413356673,-2.601216316509806,0.2723165656781905,2.6065637258084924,2.6207500393290877
1748023134.1491942,-16.037928197259454,68.7247047582039,15.686631460178624,-16.236417342809663,71.48566633760495,15.399999999999991,0.0980844497680664,0.1984891455502087,-2.760961579401055,0.28663146017863284,2.7680872066880444,2.782887776715791
1748023134.230662,-16.104693491350055,68.86866889337301,15.70379073980232,-16.236417342809663,71.48566633760495,15.399999999999991,0.0166165828704834,0.13172385145960774,-2.6169974442319415,0.30379073980232896,2.620310438890756,2.6378619390994507
1748023134.3123171,-16.14081501667146,68.99547779334785,15.713210413090785,-16.236417342809663,71.48566633760495,15.399999999999991,0.06503844261169434,0.09560232613820219,-2.4901885442571086,0.31321041309079334,2.492023031737944,2.5116288646177165
1748023134.4388025,-16.174579445718187,69.12477889122614,15.722527825632412,-16.298721323777986,71.76396506467648,15.399999999999991,0.008709430694580078,0.12414187805979893,-2.639186173450341,0.3225278256324202,2.6421042492717177,2.6617173145033344
1748023134.5185318,-16.2141097994676,69.258365399673,15.731858262209382,-16.298721323777986,71.76396506467648,15.399999999999991,0.07101988792419434,0.08461152431038599,-2.505599665003487,0.33185826220939063,2.5070278800427634,2.528896735240162
1748023134.6385324,-16.237443493502436,69.3792765151143,15.740178267828242,-16.34856450812765,72.042263791748,15.399999999999991,0.0385432243347168,0.11112101462521551,-2.6629872766337,0.3401782678282501,2.6653046946651915,2.686925821325728
1748023134.7115154,-16.262305534302577,69.5035105582929,15.745732656218111,-16.34856450812765,72.042263791748,15.399999999999991,0.034439802169799805,0.08625897382507475,-2.538753233455097,0.34573265621811977,2.540218217190024,2.563637973763008
1748023134.8760383,-16.283662894148602,69.61800316391977,15.756130294204862,-16.410868488564738,72.32056251881951,15.399999999999991,0.022499561309814453,0.12720559441613588,-2.7025593548997477,0.3561302942048705,2.7055513911228712,2.7288893558474205
1748023134.92588,-16.334716043434298,69.8164050853044,15.77254752728207,-16.410868488564738,72.32056251881951,15.399999999999991,0.0723412036895752,0.07615244513043962,-2.504157433515118,0.3725475272820784,2.5053150793320125,2.532863065152232
1748023135.0063877,-16.37318804754791,69.94771377372436,15.787489682902267,-16.473172469001824,72.59886124510007,15.399999999999991,0.04726147651672363,0.09998442145391451,-2.651147471375708,0.3874896829022756,2.6530321896869786,2.681180347136498
1748023135.118395,-16.4045510757248,70.0710527964423,15.807434974199104,-16.473172469001824,72.59886124510007,15.399999999999991,0.06474590301513672,0.06862139327702366,-2.5278084486577654,0.4074349741991128,2.5287396957221313,2.5613527103703406
1748023135.217566,-16.414726622319503,70.17106749644455,15.823852805400978,-16.523015653882727,72.8957132205903,15.399999999999991,0.02801370620727539,0.10828903156322411,-2.724645724145745,0.4238528054009869,2.726796808796466,2.759541997707025
1748023135.303794,-16.434515724767998,70.27907196176132,15.841453081792642,-16.523015653882727,72.8957132205903,15.399999999999991,0.05821418762207031,0.08849992911472881,-2.6166412588289774,0.4414530817926501,2.618137451483288,2.6550940733397064
1748023135.404569,-16.462112235746723,70.405527249852,15.855699568493836,-16.585319634319816,73.17401194766181,15.399999999999991,0.04177975654602051,0.12320739857309349,-2.7684846978098108,0.45569956849384496,2.77122492502327,2.8084425722801782
1748023135.5044296,-16.504676539324976,70.53703257454667,15.865282553600695,-16.585319634319816,73.17401194766181,15.399999999999991,0.05808091163635254,0.08064309499484068,-2.636979373115139,0.46528255360070325,2.638212183090105,2.6789272811500964
1748023135.5993855,-16.523322170996412,70.66197624351216,15.876015836620104,-16.6476236147569,73.45231067473334,15.399999999999991,0.0573880672454834,0.12430144376048702,-2.790334431221183,0.47601583662011215,2.7931016964978888,2.83337398937954
1748023135.6655262,-16.55603364278771,70.77605823420342,15.881666109619085,-16.6476236147569,73.45231067473334,15.399999999999991,0.008752584457397461,0.09158997196918861,-2.6762524405299217,0.48166610961909306,2.677819233706353,2.720793650676815
1748023135.78384,-16.593169771413564,70.90393710719576,15.884818791557416,-16.70992759572522,73.73060940180486,15.399999999999991,0.0646061897277832,0.11675782431165516,-2.8266722946090965,0.4848187915574247,2.8290826517881458,2.8703236596760036
1748023135.896171,-16.607256022536937,71.02362199571675,15.883552846411868,-16.70992759572522,73.73060940180486,15.399999999999991,0.04772496223449707,0.10267157318828168,-2.7069874060881034,0.483552846411877,2.7089337881647375,2.7517531909554647
1748023136.0188334,-16.605273706761004,71.08397823857057,15.872729664861096,-16.759770780074888,74.00890812887636,15.399999999999991,0.02778148651123047,0.15449707331388396,-2.9249298903057905,0.4727296648611041,2.929007376034891,2.966910437628088
1748023136.190596,-16.642913041383423,71.19783717538289,15.86529403627646,-16.822074760511974,74.28720685594789,15.399999999999991,0.05888247489929199,0.17916171912855106,-3.0893696805649995,0.46529403627646815,3.0945603798916874,3.129345376430961
1748023136.2522268,-16.62731437727475,71.1462944611535,15.85315288259274,-16.822074760511974,74.28720685594789,15.399999999999991,0.002748250961303711,0.19476038323722378,-3.140912394794384,0.45315288259274844,3.1469449119188124,3.1794040028995716
1748023136.3809066,-16.65461329217171,71.29493303396036,15.851214306708528,-16.88437874094906,74.56550558301942,15.399999999999991,0.07375550270080566,0.22976544877734995,-3.270572549059054,0.45121430670853613,3.278633398248498,3.3095364193024013
1748023136.5055182,-16.707384619936644,71.45062589400423,15.853556746124816,-16.88437874094906,74.56550558301942,15.399999999999991,0.05085611343383789,0.17699412101241663,-3.114879689015183,0.4535567461248249,3.119904228644251,3.152699814106573
1748023136.5910783,-16.7620743026362,71.63658477537183,15.861616563987202,-16.934221925829963,74.84380431009093,15.5,0.10301446914672852,0.1721476231937622,-3.2072195347191013,0.36161656398720154,3.2118362268420646,3.2321290951020165
1748023136.7055182,-16.778919669137455,71.76046486906723,15.870892103322024,-16.934221925829963,74.84380431009093,15.5,0.011425495147705078,0.15530225669250797,-3.0833394410236963,0.37089210332202427,3.0872481111025247,3.1094471939257535
1748023136.810114,-16.819613777430792,71.88984853362984,15.88293380190756,-16.99652590626705,75.12210303716243,15.5,0.05269050598144531,0.17691212883625695,-3.2322545035325874,0.3829338019075603,3.2370923800435585,3.2596633834768043
1748023136.9058385,-16.83062904498081,71.99412724455397,15.894412529368845,-16.99652590626705,75.12210303716243,15.5,0.04303407669067383,0.16589686128623882,-3.127975792608467,0.39441252936884474,3.1323719970222554,3.15710556856313
1748023136.9814043,-16.846951423146628,72.08142764317377,15.911047306757718,-17.046369090616718,75.400401763443,15.5,0.06941723823547363,0.19941766747009027,-3.3189741202692318,0.41104730675771783,3.3249596414266644,3.3502711092550266
1748023137.0805883,-16.891689288403803,72.21051754454953,15.9206775947175,-17.046369090616718,75.400401763443,15.5,0.02976679801940918,0.15467980221291455,-3.189884218893468,0.42067759471749966,3.1936322849004104,3.221219770499293
1748023137.163533,-16.917352881044994,72.33287620006438,15.925333255473378,-17.108673071053804,75.69725373893321,15.5,0.08278274536132812,0.19132019000880973,-3.364377538868837,0.42533325547337775,3.3698129976528577,3.3965494280757524
1748023137.2720177,-16.949769085649063,72.45368301730531,15.925019133270528,-17.108673071053804,75.69725373893321,15.5,0.02570199966430664,0.15890398540474138,-3.243570721627904,0.42501913327052776,3.2474607777122224,3.2751553805010998
1748023137.3565788,-17.010458025634744,72.63422505724853,15.935260850517173,-17.18343784810954,75.97555246600474,15.5,0.09237098693847656,0.17297982247479737,-3.3413274087562144,0.43526085051717267,3.345801977327548,3.3739950917987214
1748023137.442724,-17.047550760532893,72.77576055327388,15.934605748220166,-17.18343784810954,75.97555246600474,15.5,0.0062258243560791016,0.13588708757664847,-3.199791912730859,0.4346057482201662,3.2026760038049233,3.232029662879641
1748023137.5580957,-17.09183074361421,72.91246352805771,15.929334986452158,-17.245741828546628,76.27240444149496,15.5,0.09075069427490234,0.15391108493241745,-3.359940913437242,0.42933498645215806,3.363464220688926,3.390755092077049
1748023137.652278,-17.125126862561906,73.03673641311484,15.924655922398214,-17.245741828546628,76.27240444149496,15.5,0.003431558609008789,0.12061496598472132,-3.2356680283801182,0.42465592239821426,3.2379153107981034,3.265643613796315
1748023137.7605536,-17.133504986855048,73.13977331806353,15.919167949918547,-17.320506605602365,76.56925641698518,15.5,0.09648919105529785,0.1870016187473169,-3.4294830989216507,0.4191679499185472,3.4345776932839014,3.460061517002593
1748023137.8900874,-17.145711207169235,73.23736624122898,15.917173458170886,-17.320506605602365,76.56925641698518,15.5,0.03304457664489746,0.17479539843312963,-3.3318901757562003,0.41717345817088614,3.33647202515083,3.3624513779111123
1748023137.9705813,-17.168392888526004,73.26178571940507,15.916903189673194,-17.40773217821429,76.8661083924754,15.5,0.07866716384887695,0.2393392896882851,-3.604322673070328,0.41690318967319406,3.6122604041233415,3.636238921847272
1748023138.064046,-17.191264226758534,73.36230041257825,15.911071596825185,-17.40773217821429,76.8661083924754,15.5,0.014797449111938477,0.21646795145575481,-3.5038079798971467,0.41107159682518457,3.5104883896686476,3.534474302030612
1748023138.1517606,-17.209808133876848,73.46694596966829,15.904775631355504,-17.48249695473879,77.16296036796564,15.5,0.09627532958984375,0.2726888208619407,-3.6960143982973506,0.40477563135550376,3.7060601216715847,3.7280993732978267
1748023138.2712457,-17.235269065446694,73.56881866617603,15.904895708442888,-17.48249695473879,77.16296036796564,15.5,0.023209810256958008,0.24722788929209472,-3.59414170178961,0.40489570844288814,3.6026346195231813,3.625316087805642
1748023138.3659327,-17.274047462774853,73.68371742223869,15.908895146615288,-17.557261731794526,77.47836559187455,15.5,0.09046053886413574,0.2832142690196733,-3.794648169635863,0.40889514661528814,3.8052023669572628,3.8271086076074052
1748023138.451278,-17.309090430027215,73.78495416207048,15.918997522685334,-17.557261731794526,77.47836559187455,15.5,0.0051152706146240234,0.24817130176731084,-3.6934114298040726,0.4189975226853342,3.70173972407951,3.7253772840941486
1748023138.542339,-17.33786806089334,73.89031843787227,15.92541755445744,-17.557261731794526,77.47836559187455,15.5,0.08594584465026855,0.21939367090118722,-3.5880471540022825,0.42541755445743945,3.594748386490406,3.6198337058235044
1748023138.635961,-17.38030346548518,74.05346023731684,15.898784035777169,-17.644487304406447,77.77521756736476,15.5,0.048323869705200195,0.26418383892126585,-3.7217573300479216,0.3987840357771688,3.7311219123090327,3.7523725070551484
1748023138.7359552,-17.42509856169834,74.21874011616555,15.883856461994158,-17.644487304406447,77.77521756736476,15.5,0.05167031288146973,0.21938874270810516,-3.556477451199214,0.38385646199415824,3.5632377525665477,3.5838539402060143
1748023138.8312747,-17.464757521317054,74.34976039848513,15.871947982542942,-17.71925208093095,78.05351629443629,15.5,0.02485942840576172,0.2544945596138959,-3.7037558959511614,0.3719479825429417,3.712489086538311,3.7310749817423696
1748023138.9176347,-17.497302382390203,74.49126366863726,15.8607168237707,-17.71925208093095,78.05351629443629,15.5,0.06150054931640625,0.22194969854074742,-3.562252625799033,0.3607168237706997,3.569160326840815,3.5873419220427896
1748023139.0471098,-17.53300984745804,74.6191896234841,15.855386507968724,-17.794016857986687,78.35036826992652,15.5,0.0008938312530517578,0.2610070105286475,-3.731178646442416,0.3553865079687242,3.740296612731798,3.7571423078264106
1748023139.1334643,-17.608102774943262,74.8360337475817,15.862588774946804,-17.794016857986687,78.35036826992652,15.5,0.08724832534790039,0.18591408304342494,-3.514334522344825,0.3625887749468042,3.5192486671473655,3.537878149531995
1748023139.2195556,-17.64023745493903,74.9799691173056,15.854747167807973,-17.86878163451119,78.64722024541675,15.5,0.027072668075561523,0.228544179572161,-3.667251128111147,0.35474716780797344,3.674365697457017,3.6914507760115898
1748023139.3301685,-17.654796153640778,75.09239757986923,15.854958539161672,-17.86878163451119,78.64722024541675,15.5,0.08354020118713379,0.21398548087041291,-3.554822665547519,0.35495853916167164,3.561257357944482,3.5789033982544844
1748023139.4854,-17.686786777996772,75.20711218053617,15.871274114509992,-17.94354641103569,78.92551897248826,15.5,0.041930437088012695,0.2567596330389179,-3.7184067919520913,0.37127411450999226,3.7272610023439094,3.7457067487590248
1748023139.543494,-17.760789657448605,75.45389089522067,15.903320384266053,-17.94354641103569,78.92551897248826,15.5,0.10002446174621582,0.18275675358708554,-3.471628077267596,0.40332038426605266,3.4764351767082315,3.499752687007885
1748023139.6386197,-17.83619633064122,75.626714778358,15.913031305380663,-18.018311188091435,79.20381769955978,15.5,0.014413118362426758,0.18211485745021605,-3.577102921201785,0.4130313053806631,3.5817357705691326,3.605471673637017
1748023139.731953,-17.858053771149898,75.74865433647695,15.928658519512126,-18.018311188091435,79.20381769955978,15.5,0.07892012596130371,0.16025741694153695,-3.455163363082832,0.4286585195121262,3.4588778968438074,3.4853384959893017
1748023139.816732,-17.859366630843425,75.8489806022483,15.956044285052778,-18.093075964615934,79.48211642584033,15.5,0.04003429412841797,0.23370933377250935,-3.6331358235920277,0.45604428505277816,3.6406449930417706,3.669096940023446
1748023139.9140544,-17.906608389950264,75.99706413964634,15.972106560492538,-18.093075964615934,79.48211642584033,15.5,0.057288169860839844,0.1864675746656701,-3.4850522861939908,0.47210656049253785,3.490037190906088,3.52182398742012
1748023140.0638366,-17.881907760387975,75.95061104181973,16.005560480097316,-18.167840741671675,79.77896840133056,15.5,0.015536785125732422,0.28593298128370037,-3.8283573595108322,0.5055604800973157,3.8390204143643905,3.8721659495614036
1748023140.128537,-17.906303379807866,76.06764892925865,16.01423646555931,-18.167840741671675,79.77896840133056,15.5,0.08023715019226074,0.2615373618638088,-3.7113194720719065,0.5142364655593106,3.7205233523565977,3.7558931238710334
1748023140.2387896,-17.930148959151868,76.18801809570787,16.023734912230044,-18.24260551819618,80.05726712840209,15.5,0.009438753128051758,0.31245655904431047,-3.8692490326942135,0.5237349122300436,3.8818445587497337,3.9170161394336285
1748023140.3655264,-17.967905900831255,76.33490762878125,16.025013034121326,-18.329831090808096,80.3541191038923,15.5,0.08216714859008789,0.36192518997684076,-4.0192114751110495,0.5250130341213257,4.035474039664251,4.06948269572453
1748023140.48154,-18.013155115731582,76.57348514446066,16.044631684434748,-18.329831090808096,80.3541191038923,15.5,0.033846378326416016,0.3166759750765138,-3.78063395943164,0.5446316844347479,3.793873588879632,3.8327666874059334
1748023140.5683825,-18.038643051856987,76.7047511696372,16.042602790075414,-18.404595867863836,80.63241783096382,15.5,0.10937142372131348,0.3659528160068497,-3.9276666613266116,0.5426027900754136,3.944678296900759,3.981821775750077
1748023140.6729946,-18.076700779704776,76.86066212766056,16.04291513548115,-18.404595867863836,80.63241783096382,15.5,0.004759311676025391,0.3278950881590603,-3.7717557033032563,0.5429151354811488,3.7859815470019766,3.824710854244278
1748023140.8226943,-18.10529875605237,76.99329628204308,16.03691388240915,-18.491821440475753,80.92926980645404,15.5,0.0307159423828125,0.3865226844233831,-3.9359735244109686,0.5369138824091486,3.954906746111463,3.9911857746240806
1748023140.912466,-18.127682712261503,77.10879439705897,16.050703374013978,-18.491821440475753,80.92926980645404,15.5,0.05905580520629883,0.3641387282142503,-3.8204754093950726,0.5507033740139775,3.8377896460303735,3.8770998921008366
1748023141.0007374,-18.129427639521513,77.21425119780767,16.040599264123987,-18.566586217000257,81.20756853352557,15.5,0.048537254333496094,0.4371585774787441,-3.9933173357179044,0.540599264123987,4.017174500268613,4.053386057357451
1748023141.1073196,-18.16703807733208,77.34874301666319,16.038723293035037,-18.566586217000257,81.20756853352557,15.5,0.0580449104309082,0.3995481396681768,-3.8588255168623817,0.5387232930350372,3.8794552562828364,3.9166817424905798
1748023141.2124145,-18.208498492130484,77.50260764749123,16.04538334241491,-18.641350994055998,81.50442050901579,15.399999999999991,0.02770543098449707,0.43285250192551317,-4.001812861524556,0.6453833424149202,4.025154340778317,4.076565604249879
1748023141.3578577,-18.231101681217257,77.63070933559266,16.050078754310807,-18.72857656666792,81.80127248450601,15.399999999999991,0.09116148948669434,0.49747488545066076,-4.170563148913359,0.6500787543108153,4.2001283600299955,4.250138895087378
1748023141.4203095,-18.244856156016453,77.74022227157744,16.071943118010413,-18.72857656666792,81.80127248450601,15.399999999999991,0.02870965003967285,0.48372041065146476,-4.061050212928578,0.6719431180104216,4.089757238224302,4.144589463559646
1748023141.4823728,-18.282713471496233,77.9089000836442,16.07665666002173,-18.72857656666792,81.80127248450601,15.399999999999991,0.033353567123413086,0.4458630951716849,-3.8923724008618166,0.6766566600217381,3.9178255201867853,3.9758296042686023
1748023141.576028,-18.31262595623062,78.05206367772003,16.082245812089237,-18.81580213981107,82.07957121157753,15.399999999999991,0.07829809188842773,0.5031761835804502,-4.027507533857502,0.6822458120892456,4.058817956868912,4.11575783484826
1748023141.714691,-18.32094527525089,78.16897426352624,16.08387607398775,-18.81580213981107,82.07957121157753,15.399999999999991,0.060364723205566406,0.4948568645601803,-3.9105969480512925,0.6838760739877578,3.9417828208198404,4.000667230735809
1748023141.8230217,-18.39111310191558,78.38390689715261,16.10297574875499,-18.890566916335573,82.35786993864903,15.399999999999991,0.029406070709228516,0.4994538144199936,-3.973963041496418,0.7029757487549979,4.005226131932895,4.066449467441566
1748023141.9025342,-18.43277134046447,78.51575872617387,16.10880353035466,-18.890566916335573,82.35786993864903,15.399999999999991,0.05010652542114258,0.45779557587110276,-3.84211121247516,0.7088035303546683,3.8692887406233334,3.9336748471318446
1748023142.03198,-18.46901057174633,78.65934837556716,16.11255528056615,-18.977792488947497,82.63616866572056,15.399999999999991,0.016567468643188477,0.5087819172011656,-3.976820290153398,0.712555280566157,4.009234173685376,4.072062583913632
1748023142.1405594,-18.48888038423558,78.79788286304193,16.111025268108534,-18.977792488947497,82.63616866572056,15.399999999999991,0.09201192855834961,0.48891210471191826,-3.8382858026786266,0.7110252681085427,3.8692987671124786,3.934085647398512
1748023142.242631,-18.513445641455213,78.94145611939425,16.107933003015297,-19.052557266003234,82.8959141435824,15.399999999999991,0.004310131072998047,0.5391116245480205,-3.954458024188156,0.7079330030153059,3.99103741009639,4.053337975736438
1748023142.3588314,-18.55240229627894,79.094011786619,16.111355708744266,-19.13978283861515,83.15565962223523,15.399999999999991,0.09191727638244629,0.5873805423362093,-4.0616478356162276,0.711355708744275,4.103900466882837,4.165096155726088
1748023142.511975,-18.564129000233265,79.21167271189059,16.11319255892391,-19.13978283861515,83.15565962223523,15.399999999999991,0.06122636795043945,0.5756538383818857,-3.9439869103446483,0.7131925589239181,3.9857759709514182,4.04908060141042
1748023142.635082,-18.620092378529726,79.39705395472707,16.127704851766055,-19.214547615670888,83.39685185246934,15.399999999999991,0.04756426811218262,0.5944552371411618,-3.999797897742269,0.7277048517660631,4.043730981624276,4.108687698405891
1748023142.7756844,-18.6470924267466,79.55074152798437,16.12060743987279,-19.30177318828281,83.63804408270344,15.399999999999991,0.08629775047302246,0.6546807615362091,-4.0873025547190736,0.7206074398727971,4.139402018811255,4.201657310602415
1748023142.9065518,-18.66752233277139,79.69615716313119,16.115429929165057,-19.30177318828281,83.63804408270344,15.399999999999991,0.04456973075866699,0.6342508555114179,-3.941886919572255,0.7154299291650652,3.992586459228129,4.056178819770763
1748023143.0841706,-18.689075196323188,79.83917537514817,16.114428164895795,-19.388998760894733,83.87923631214659,15.399999999999991,0.036765098571777344,0.6999235645715451,-4.040060936998415,0.7144281648958035,4.100242111254292,4.162017896849969
1748023143.1634066,-18.69624720047781,79.94519955751576,16.118333839963295,-19.46376353795047,84.12042854238071,15.399999999999991,0.09251976013183594,0.7675163374726601,-4.175228984864944,0.7183338399633037,4.245187675986045,4.305533870495066
1748023143.3028977,-18.728912802812562,80.09521097815579,16.11490195429595,-19.46376353795047,84.12042854238071,15.399999999999991,0.04697132110595703,0.7348507351379077,-4.025217564224917,0.7149019542959572,4.09174559843076,4.153729269768755
1748023143.3759923,-18.780565594820203,80.27070425958217,16.11918831835769,-19.538528314474974,84.36162077261481,15.399999999999991,0.07916975021362305,0.7579627196547705,-4.090916513032639,0.7191883183576984,4.160541479301652,4.222243152431152
1748023143.5354047,-18.787966549772907,80.4125198627234,16.114068936701074,-19.538528314474974,84.36162077261481,15.399999999999991,0.08024263381958008,0.7505617647020664,-3.9491009098914134,0.7140689367010822,4.019793646337815,4.082724017797344
1748023143.7066448,-18.82061423258149,80.55777063709095,16.11186623513056,-19.62575388708689,84.60281300284895,15.399999999999991,0.05378222465515137,0.8051396545053997,-4.045042365757993,0.711866235130568,4.124392998252482,4.18537586612637
1748023143.7645552,-18.84740283995577,80.73142391306015,16.122376003582193,-19.71297946023005,84.84400523308305,15.399999999999991,0.0935506820678711,0.865576620274279,-4.112581320022898,0.7223760035822018,4.2026834284022305,4.264314140623099
1748023143.8657663,-18.887638969763294,80.9191814807742,16.12164364641183,-19.71297946023005,84.84400523308305,15.399999999999991,0.007660388946533203,0.8253404904667541,-3.9248237523088534,0.7216436464118381,4.010664335480052,4.075070301761458
1748023143.9873729,-18.92570832975752,81.07949248021811,16.12878488055779,-19.787744236754552,85.06664421410748,15.399999999999991,0.05963325500488281,0.8620359069970327,-3.9871517338893767,0.7287848805578001,4.079275040250321,4.143864410925979
1748023144.0916643,-18.929850985169228,81.2032180395927,16.125109421299303,-19.787744236754552,85.06664421410748,15.399999999999991,0.04465818405151367,0.8578932515853239,-3.8634261745147853,0.7251094212993117,3.9575298655906046,4.0234097864744784
1748023144.2285995,-18.946181489130424,81.33812092305695,16.122234185003254,-19.86250901381029,85.3078364443416,15.399999999999991,0.015491724014282227,0.9163275246798648,-3.9697155212846553,0.7222341850032628,4.074100815200114,4.137622465909808
1748023144.3337686,-18.987460949786062,81.43196163594156,16.12662270687316,-19.86250901381029,85.3078364443416,15.399999999999991,0.08967733383178711,0.8750480640242273,-3.8758748084000416,0.7266227068731688,3.9734260587989563,4.0393186557743
1748023144.4441943,-19.020985965629475,81.59837254386309,16.12197167393514,-19.93727379033479,85.53047542615701,15.399999999999991,0.007209062576293945,0.9162878247053143,-3.9321028822939184,0.7219716739351476,4.037451727841131,4.10149479490247
1748023144.5457036,-19.049054575267768,81.73616924959931,16.12511734548293,-19.93727379033479,85.53047542615701,15.399999999999991,0.0943002700805664,0.8882192150670214,-3.794306176557697,0.7251173454829392,3.896882437985288,3.9637719283781188
1748023144.6713283,-19.07443155327872,81.87816319020355,16.126561803027727,-20.012038566859296,85.75311440718144,15.399999999999991,0.004979848861694336,0.9376070135805747,-3.874951216977891,0.7265618030277352,3.986772359424842,4.052437032144095
1748023144.7728474,-19.101723644474042,82.02090879379392,16.12621480309036,-20.086803343915033,85.95720014057814,15.399999999999991,0.07565474510192871,0.9850796994409912,-3.936291346784216,0.7262148030903681,4.05768056665616,4.12215471825678
1748023144.8792944,-19.17761262719148,82.22566258366379,16.13687792011321,-20.086803343915033,85.95720014057814,15.399999999999991,0.030792236328125,0.909190716723554,-3.731537556914347,0.7368779201132192,3.840703099438771,3.9107530434928983
1748023144.98414,-19.20929626676653,82.36440447088692,16.140109039988833,-20.149107324352116,86.16128587397485,15.399999999999991,0.0681149959564209,0.9398110575855867,-3.796881403087923,0.740109039988841,3.911464331049825,3.980868574086346
1748023145.089853,-19.235148683284883,82.49946249206172,16.143253307264207,-20.149107324352116,86.16128587397485,15.399999999999991,0.0375981330871582,0.9139586410672322,-3.6618233819131234,0.7432533072642151,3.774158300589302,3.846647417773862
1748023145.179909,-19.258615246080705,82.63618023223802,16.13965466536152,-20.22387210087662,86.3468183581619,15.399999999999991,0.07268571853637695,0.9652568547959142,-3.7106381259238788,0.7396546653615275,3.8341304225717696,3.90482331498897
1748023145.2748466,-19.29650998626201,82.7951593644479,16.134769777075096,-20.22387210087662,86.3468183581619,15.399999999999991,0.02225184440612793,0.9273621146146098,-3.5516589937139997,0.7347697770751047,3.6707331827922363,3.743550283428155
1748023145.3822634,-19.32549370276169,82.94281775087924,16.1322535848904,-20.286176081844943,86.5323508431399,15.399999999999991,0.06415247917175293,0.9606823790832522,-3.589533092260652,0.7322535848904081,3.715865774475092,3.7873280510803693
1748023145.557819,-19.34429895986957,83.07626789407993,16.13038533663485,-20.34848006228203,86.69933007890822,15.399999999999991,0.09377694129943848,1.0041811024124598,-3.623062184828285,0.7303853366348569,3.7596488242354513,3.8299376002157297
1748023145.6876757,-19.38650261211243,83.21366283325372,16.13500268212448,-20.34848006228203,86.69933007890822,15.399999999999991,0.03607988357543945,0.9619774501695986,-3.485667245654497,0.7350026821244882,3.615975215908346,3.6899194713155463
1748023145.7866602,-19.422944652907454,83.339562710034,16.154483481290733,-20.41078404271911,86.86630931546752,15.399999999999991,0.06853747367858887,0.9878393898116578,-3.526746605433516,0.754483481290741,3.6624811643202064,3.7393867949893727
1748023145.8668556,-19.43606421534693,83.4909656675492,16.14407194683514,-20.41078404271911,86.86630931546752,15.399999999999991,0.011657953262329102,0.97471982737218,-3.3753436479183136,0.7440719468351489,3.513263935916993,3.591192913988611
1748023146.0039132,-19.43968304500818,83.60298613147623,16.143837957121445,-20.4730880231562,87.03328855202683,15.399999999999991,0.04341268539428711,1.0334049781480203,-3.4303024205506034,0.7438379571214533,3.5825829432542715,3.658988309868051
1748023146.1272547,-19.466812604118033,83.74171073119201,16.148862587498826,-20.4730880231562,87.03328855202683,15.399999999999991,0.07992887496948242,1.0062754190381682,-3.291577820834817,0.7488625874988344,3.441957984864447,3.522480652115434
1748023146.248383,-19.50746782813183,83.89544933271198,16.15349713922843,-20.53539200412452,87.18171453937644,15.399999999999991,0.009928226470947266,1.0279241759926911,-3.286265206664467,0.7534971392284397,3.4432785423377683,3.524758865362161
1748023146.3486345,-19.55260696385329,84.05474019022768,16.156887817354857,-20.53539200412452,87.18171453937644,15.399999999999991,0.09032320976257324,0.9827850402712315,-3.1269743491487674,0.7568878173548654,3.277778976016425,3.3640324290463512
1748023146.5086164,-19.602864455955245,84.21599060277381,16.160851072719176,-20.585235188474194,87.33014052751705,15.399999999999991,0.057439565658569336,0.9823707325189481,-3.1141499247432307,0.7608510727191842,3.2654221794261282,3.3528907475111707
1748023146.6053245,-19.647852168007788,84.38438719410894,16.184618919633948,-20.635078372823855,87.47856651486667,15.399999999999991,0.0900125503540039,0.9872262048160678,-3.094179320757732,0.7846189196339566,3.247854868752653,3.3412853960007474
1748023146.7108004,-19.675835219403538,84.5351547842464,16.17687560930989,-20.635078372823855,87.47856651486667,15.399999999999991,0.01546335220336914,0.9592431534203172,-2.9434117306202694,0.7768756093098972,3.0957745465935926,3.1917637374463337
1748023146.8466742,-19.70903304933795,84.68918255093078,16.170724915553233,-20.684921557704758,87.60843925379758,15.399999999999991,0.0066912174224853516,0.9758885083668076,-2.9192567028668037,0.7707249155532416,3.0780542682017735,3.17307973008081
1748023146.948604,-19.78771702148912,84.92197447041552,16.178171596850415,-20.684921557704758,87.60843925379758,15.399999999999991,0.09523868560791016,0.8972045362156393,-2.686464783382064,0.7781715968504237,2.832325724940188,2.9372810635522604
1748023147.0315173,-19.83486314997132,85.07684443081695,16.18052209229569,-20.73476474205443,87.7383119935195,15.399999999999991,0.015510797500610352,0.8999015920831113,-2.661467562702555,0.7805220922956977,2.809489715722696,2.9158956084388974
1748023147.1805058,-19.877754669416046,85.22641520455042,16.181469747728272,-20.784607926404096,87.8496314840317,15.399999999999991,0.0668182373046875,0.9068532569880503,-2.6232162794812837,0.7814697477282806,2.775544357174906,2.883459978092286
1748023147.284922,-19.930725393584353,85.36045522596322,16.190584078141654,-20.784607926404096,87.8496314840317,15.399999999999991,0.0375978946685791,0.8538825328197426,-2.4891762580684826,0.7905840781416629,2.6315611001051207,2.7477512638879045
1748023147.422042,-19.98326837973528,85.53109207819577,16.1905498550918,-20.834451110753765,87.97950422375361,15.399999999999991,0.02556324005126953,0.8511827310184863,-2.448412145557839,0.7905498550918075,2.5921485443738037,2.710019031203454
1748023147.5421956,-20.025001756566724,85.68600211992317,16.18998513860794,-20.834451110753765,87.97950422375361,15.399999999999991,0.09459042549133301,0.8094493541870413,-2.293502103830434,0.7899851386079497,2.4321513434135724,2.5572322296752534
1748023147.6541088,-20.066212503281946,85.8678212328278,16.188472183724407,-20.884294295103434,88.09082371426582,15.399999999999991,0.0018415451049804688,0.8180817918214878,-2.22300248143803,0.7884721837244157,2.3687544935238636,2.4965348455602703
1748023147.764804,-20.12619927467273,86.04883482529601,16.189939535401443,-20.934137479984336,88.20214320477804,15.399999999999991,0.08729100227355957,0.8079382053116078,-2.153308379482027,0.7899395354014516,2.2998915454320135,2.43177005293262
1748023147.866922,-20.18289554907156,86.20034910578107,16.1985822557521,-20.934137479984336,88.20214320477804,15.399999999999991,0.01482701301574707,0.7512419309127765,-2.0017940989969674,0.798582255752109,2.1381169410349465,2.2823842079594674
1748023147.9636898,-20.196010568423016,86.34178139703369,16.20096798543369,-20.97151986824659,88.31346269608123,15.299999999999997,0.08735156059265137,0.7755092998235753,-1.971681299047546,0.9009679854336916,2.118712302113402,2.3023216825420194
1748023148.0656312,-20.23442727686492,86.53756582660407,16.204714326772333,-20.97151986824659,88.31346269608123,15.299999999999997,0.014589786529541016,0.7370925913816713,-1.7758968694771653,0.9047143267723357,1.9227883865076114,2.1249995746718784
1748023148.15053,-20.284499637878543,86.6563868169294,16.21273144348322,-20.97151986824659,88.31346269608123,15.299999999999997,0.09948873519897461,0.6870202303680486,-1.657075879151833,0.9127314434832243,1.7938498449429334,2.0127036428954854
1748023148.2501268,-20.337117036822345,86.8219279931945,16.217449443715694,-21.02136305259626,88.42478218659345,15.299999999999997,0.00186920166015625,0.6842460157739154,-1.6028541933989402,0.9174494437156966,1.7427949321130827,1.969529806114466
1748023148.3281915,-20.36055848781603,86.96661837019573,16.214037144106463,-21.02136305259626,88.42478218659345,15.299999999999997,0.07619547843933105,0.6608045647802321,-1.4581638163977146,0.9140371441064659,1.6009073640551286,1.8434663786172625
1748023148.481429,-20.379007017243246,87.10809814382836,16.208739836150947,-21.05874544085851,88.53610167710568,15.299999999999997,0.03418588638305664,0.6797384236152624,-1.4280035332773195,0.90873983615095,1.5815304029930852,1.824019327035524
1748023148.5623124,-20.433573113886034,87.26749435471731,16.212256693501484,-21.05874544085851,88.53610167710568,15.299999999999997,0.11506915092468262,0.6251723269724749,-1.2686073223883625,0.9122566935014866,1.4142860307694303,1.6829786842583048
1748023148.6766746,-20.488241561499365,87.42826675240704,16.210752886287132,-21.10858862573941,88.64742116840887,15.299999999999997,0.008038997650146484,0.6203470642400468,-1.2191544160018282,0.9107528862871348,1.3679064186442007,1.6433620386416226
1748023148.7794137,-20.516464002685858,87.57997610723008,16.207884705967583,-21.145971014001667,88.75874065892107,15.299999999999997,0.07912158966064453,0.629507011315809,-1.178764551690989,0.9078847059675859,1.3363251646283625,1.6155555035184863
1748023148.915192,-20.566283041815968,87.73479524803177,16.20732662585005,-21.145971014001667,88.75874065892107,15.299999999999997,0.056656599044799805,0.5796879721856989,-1.0239454108892971,0.9073266258500539,1.1766487791936977,1.4858478911229316
1748023149.0423913,-20.604971923722545,87.88851775660447,16.209938690254592,-21.195814198351336,88.8700601494333,15.299999999999997,0.0066945552825927734,0.5908422746287911,-0.9815423928288283,0.9099386902545952,1.1456526796584843,1.463047669227122
1748023149.189498,-20.622486512633103,88.02461476574798,16.214315461471045,-21.233196586613584,88.96282639231778,15.299999999999997,0.06051468849182129,0.6107100739804814,-0.938211626569796,0.9143154614710483,1.1194676639778334,1.4453998110477957
1748023149.2652617,-20.66726537743127,88.15770208652869,16.217609989722376,-21.233196586613584,88.96282639231778,15.299999999999997,0.015249013900756836,0.5659312091823132,-0.8051243057890929,0.9176099897223793,0.9841256430450961,1.3455524421356564
1748023149.3876228,-20.724397494477785,88.3215982968358,16.222966591503667,-21.270578974875836,89.07414588283001,15.299999999999997,0.07732796669006348,0.5461814803980509,-0.7525475859942077,0.9229665915036698,0.9298613223032325,1.3101562531802906
1748023149.5415866,-20.75677802357972,88.46471603744722,16.2260438529542,-21.270578974875836,89.07414588283001,15.299999999999997,0.07663583755493164,0.5138009512961155,-0.6094298453827918,0.9260438529542014,0.7971174028937561,1.2218647108376397
1748023149.6665294,-20.793231177880788,88.62008534793476,16.22576181301235,-21.307961363138084,89.18546537334223,15.299999999999997,0.03923988342285156,0.5147301852572959,-0.5653800254074639,0.9257618130123539,0.7645925298776824,1.2006817526624927
1748023149.7349396,-20.797458276328946,88.70426504176277,16.23124972410517,-21.307961363138084,89.18546537334223,15.299999999999997,0.02917027473449707,0.5105030868091376,-0.4812003315794584,0.9312497241051716,0.7015462641578519,1.1659301906202604
1748023149.8528244,-20.82352937283852,88.842539429982,16.230003401527696,-21.345343751931573,89.2782316162267,15.299999999999997,0.006475687026977539,0.5218143790930512,-0.43569218624470807,0.9300034015276992,0.6797925620238573,1.151965387603313
1748023149.9839046,-20.878583847732642,89.01304742922267,16.232068375767486,-21.382726140193828,89.38955110673895,15.299999999999997,0.06734204292297363,0.5041422924611858,-0.37650367751628266,0.9320683757674892,0.6292173473699726,1.1245736647001612
1748023150.0959902,-20.919821741606246,89.15957204833398,16.235056794411843,-21.382726140193828,89.38955110673895,15.299999999999997,0.04474353790283203,0.4629043985875825,-0.22997905840496458,0.935056794411846,0.5168857219314203,1.0684109969072402
1748023150.2294536,-20.948410742889948,89.3052344258628,16.235512799326436,-21.420108528456076,89.48231734883245,15.299999999999997,0.01585865020751953,0.4716977855661284,-0.177082922969646,0.9355127993264389,0.5038423984893122,1.0625635793772779
1748023150.2978714,-21.012458223887528,89.50050596398772,16.233813382343474,-21.420108528456076,89.48231734883245,15.299999999999997,0.05255913734436035,0.40765030456854845,0.018188615155267485,0.9338133823434767,0.40805587428206047,1.0190765572712686
1748023150.4155428,-21.04110283762748,89.62854830479064,16.231186163921,-21.45749091671833,89.59363684013564,15.299999999999997,0.040709495544433594,0.41638807909085074,0.034911464654996394,0.9311861639210015,0.4178490669767322,1.020639757530166
1748023150.4907482,-21.06466205790943,89.76264879047015,16.223594496657757,-21.45749091671833,89.59363684013564,15.299999999999997,0.03449583053588867,0.39282885880890106,0.16901195033450733,0.9235944966577598,0.4276441881622823,1.0177948447135494
1748023150.6219182,-21.110515020620177,89.92044291074316,16.21733941288597,-21.482412508893166,89.68640308222916,15.299999999999997,0.07050013542175293,0.37189748827298885,0.23403982851399974,0.9173394128859726,0.4394114053078507,1.0171499307125775
1748023150.72535,-21.161333073852425,90.05934032705372,16.204979672054474,-21.482412508893166,89.68640308222916,15.299999999999997,0.03293156623840332,0.32107943504074044,0.3729372448245556,0.9049796720544769,0.4921119711848225,1.030127370287403
1748023150.8495724,-21.201493533515762,90.20533969939359,16.203104858756486,-21.519794897155414,89.79772257274136,15.299999999999997,0.006050586700439453,0.31830136363965167,0.4076171266522266,0.9031048587564889,0.5171725824471741,1.0407045046239864
1748023150.9889777,-21.27430380994216,90.37277334328746,16.2033624172707,-21.544716489861486,89.89048881562587,15.200000000000003,0.05836653709411621,0.2704126799193247,0.4822845276615908,1.0033624172706972,0.5529207746892089,1.1456253853132845
1748023151.1303034,-21.347043231357965,90.54021093362618,16.206623953962893,-21.544716489861486,89.89048881562587,15.200000000000003,0.08295917510986328,0.1976732585035208,0.6497221180003123,1.0066239539628903,0.6791270483099694,1.2142921116593381
1748023151.216483,-21.405264200888496,90.73861648137859,16.209644404610085,-21.582098878123738,90.00180830613807,15.299999999999997,0.032762765884399414,0.1768346772352416,0.7368081752405118,0.9096444046100878,0.7577313443260381,1.1838959975490186
1748023151.3067815,-21.454106335827035,90.89776829056268,16.210258598992432,-21.582098878123738,90.00180830613807,15.299999999999997,0.057535648345947266,0.12799254229670254,0.8959599844246071,0.910258598992435,0.9050560118433087,1.283626542890644
1748023151.4527917,-21.51659329277947,91.0524182067199,16.21174542336793,-21.607020470298572,90.1131277966503,15.299999999999997,0.004685878753662109,0.09042717751910345,0.9392904100696029,0.9117454233679325,0.9436331643614452,1.3121445293545848
1748023151.5523362,-21.550823339163216,91.16699171735638,16.215254518834488,-21.64440285856082,90.20589403953478,15.299999999999997,0.10142040252685547,0.09357951939760412,0.9610976778215985,0.9152545188344909,0.9656427252171249,1.3304723623629735
1748023151.6751795,-21.597406277375327,91.30382131139703,16.21970158759834,-21.64440285856082,90.20589403953478,15.299999999999997,0.021422863006591797,0.04699658118549266,1.0979272718622468,0.9197015875983432,1.0989326516861717,1.4330052278944811
1748023151.764824,-21.6403897823744,91.4373562186004,16.21986804035474,-21.669324450735658,90.31721353004701,15.299999999999997,0.08874917030334473,0.02893466836125924,1.1201426885533863,0.9198680403547428,1.1205163353350922,1.4497289641235906
1748023151.8613477,-21.694121555150904,91.58136517411751,16.219344820450768,-21.669324450735658,90.31721353004701,15.299999999999997,0.0077745914459228516,-0.02479710441524574,1.2641516440704947,0.919344820450771,1.2643948258331001,1.563294333925373
1748023151.9526858,-21.74207773341423,91.71719327086066,16.21995492648828,-21.70670683899791,90.42853302055923,15.200000000000003,0.09241294860839844,-0.03537089441632091,1.288660250301433,1.0199549264882783,1.2891455856026357,1.6438383110715213
1748023152.0396104,-21.776290086089247,91.84330884208963,16.22006789649923,-21.70670683899791,90.42853302055923,15.200000000000003,0.005488395690917969,-0.06958324709133734,1.414775821530398,1.0200678964992278,1.4164859524410351,1.745557494593388
1748023152.1537733,-21.81585608684709,91.96379206345618,16.222863681356497,-21.731628431172737,90.5398525118624,15.200000000000003,0.10112476348876953,-0.0842276556743542,1.4239395515937758,1.022863681356494,1.4264284575727872,1.7552630159641718
1748023152.2242703,-21.886404616124096,92.09435050899388,16.226286410863253,-21.731628431172737,90.5398525118624,15.200000000000003,0.030627727508544922,-0.15477618495135914,1.5544979971314774,1.02628641086325,1.5621842690649115,1.8691397720974328
1748023152.3090336,-21.956270145130876,92.24135126372377,16.227608486653807,-21.731628431172737,90.5398525118624,15.200000000000003,0.05413556098937988,-0.22464171395813892,1.7014987518613651,1.0276084866538042,1.7162639372298871,2.000385238917433
1748023152.4120643,-21.98054160922612,92.37558854394592,16.224002737420605,-21.756550023878813,90.63261875395594,15.200000000000003,0.03651881217956543,-0.22399158534730645,1.742969789989985,1.0240027374206022,1.7573035933281795,2.033887294165785
1748023152.4937842,-21.98895449533076,92.51341223575923,16.216560509583545,-21.756550023878813,90.63261875395594,15.200000000000003,0.04520106315612793,-0.23240447145194665,1.8807934818032948,1.0165605095835417,1.8950978759801878,2.150532777985346
1748023152.656621,-22.023110735028755,92.63713384647124,16.21687069910217,-21.781471616053647,90.74393824446814,15.200000000000003,0.02312922477722168,-0.24163911897510815,1.8931956020031038,1.0168706991021672,1.9085541782362274,2.1625459694433067
1748023152.7489266,-22.094715525778525,92.83416364834112,16.218908705456624,-21.781471616053647,90.74393824446814,15.200000000000003,0.06917643547058105,-0.3132439097248785,2.090225403872978,1.0189087054566208,2.1135666504692208,2.346345868799178
1748023152.850259,-22.144966166525926,92.96554731767509,16.218485932897877,-21.793932412141068,90.83670448735265,15.200000000000003,0.014975786209106445,-0.35103375438485784,2.1288428303224407,1.0184859328978746,2.157590436791188,2.3858981722704855
1748023152.9640343,-22.17645707114938,93.0839179655423,16.217598213520695,-21.793932412141068,90.92947072944615,15.200000000000003,0.08938360214233398,-0.3825246590083111,2.1544472360961464,1.0175982135206922,2.1881425931304728,2.413187545971563
1748023153.0723743,-22.218552105332567,93.20641049536258,16.216341776679016,-21.793932412141068,90.92947072944615,15.200000000000003,0.018956422805786133,-0.4246196931914987,2.276939765916424,1.0163417766790133,2.316194417888443,2.5293689308759677
1748023153.216655,-22.27959384769361,93.34456912650612,16.215562062399034,-21.80639320822848,91.02223697153968,15.200000000000003,0.0318753719329834,-0.47320063946513,2.322332154966432,1.015562062399031,2.3700517891348367,2.5784708231363433
1748023153.3266585,-22.31006549667784,93.42892658107488,16.213719561203014,-21.80639320822848,91.02223697153968,15.200000000000003,0.07812809944152832,-0.5036722884493585,2.406689609535192,1.0137195612030112,2.4588291219189,2.6595992178450674
1748023153.4043727,-22.33975615354825,93.55365884662206,16.21218041481187,-21.80639320822848,91.13355646284286,15.200000000000003,0.04570913314819336,-0.5333629453197695,2.420102383779195,1.0121804148118656,2.478179085420164,2.676916280264036
1748023153.564393,-22.37833050565093,93.6776442257769,16.21211378417944,-21.793932412141068,91.24487595335508,15.200000000000003,0.0883786678314209,-0.5843980935098614,2.432768272421825,1.0121137841794372,2.501975739091055,2.698936255476637
1748023153.7171938,-22.490901960762255,93.96933667554319,16.20978889227929,-21.793932412141068,91.24487595335508,15.200000000000003,0.0644221305847168,-0.6969695486211869,2.7244607221881125,1.0097888922792855,2.812197144307453,2.9879970524452695
1748023153.8138351,-22.485478177710128,94.07427459343846,16.210907503900117,-21.781471616053647,91.3561954438673,15.200000000000003,0.03229880332946777,-0.704006561656481,2.718079149571153,1.010907503900114,2.807771269563962,2.9842106969231215
1748023153.8976986,-22.510889481435427,94.16977508595497,16.21233664157112,-21.781471616053647,91.3561954438673,15.200000000000003,0.051564693450927734,-0.7294178653817802,2.81357964208766,1.0123366415711175,2.9065926485677758,3.077841175333082
1748023154.102629,-22.596943120359562,94.35419311977554,16.21230673568035,-21.769010819966226,91.4675149351705,15.200000000000003,0.04768824577331543,-0.8279323003933357,2.8866781846050458,1.0123067356803475,3.0030622430294853,3.1690925771603906
1748023154.1704547,-22.6184289397102,94.45968508408106,16.210980299606504,-21.744089227791395,91.59738767410141,15.200000000000003,0.08692812919616699,-0.8743397119188039,2.8622974099796465,1.0109802996065014,2.992860904722177,3.1590026212725593
1748023154.263332,-22.653021875178645,94.58387689627983,16.210103806576495,-21.744089227791395,91.59738767410141,15.200000000000003,0.0059490203857421875,-0.9089326473872497,2.9864892221784203,1.0101038065764918,3.1217425312914995,3.281095264044398
1748023154.363149,-22.695615653374897,94.70282699045127,16.20817125197342,-21.70670683899791,91.74581366224203,15.200000000000003,0.08516120910644531,-0.9889088143769875,2.957013328209243,1.0081712519734154,3.1179910946568787,3.276931146616487
1748023154.4690075,-22.72081998098131,94.81934164955901,16.20302575685849,-21.70670683899791,91.74581366224203,15.200000000000003,0.020697355270385742,-1.014113141983401,3.0735279873169787,1.003025756858488,3.2365104284652326,3.388371352506355
1748023154.542223,-22.762290662859662,94.96686413951848,16.199074035972995,-21.70670683899791,91.74581366224203,15.200000000000003,0.09391283988952637,-1.0555838238617525,3.2210504772764494,0.9990740359729919,3.3896051962376745,3.53377592890619
1748023154.6456172,-22.80925072194387,95.06885979525872,16.197412099098905,-21.681785246823075,91.87568640117293,15.099999999999994,0.03552985191345215,-1.1274654751207933,3.1931733940857896,1.0974120990989107,3.3863748644068803,3.5597539293517744
1748023154.7654943,-22.85799689611142,95.18736520136676,16.194773969905388,-21.681785246823075,91.87568640117293,15.099999999999994,0.08434724807739258,-1.1762116492883443,3.3116788001938318,1.0947739699053933,3.5143548937998372,3.6809265633475055
1748023154.8346453,-22.876487662467316,95.27718812835923,16.192566452338543,-21.631942062473403,92.04266563773223,15.200000000000003,0.016370534896850586,-1.2445455999939128,3.2345224906270005,0.99256645233854,3.4656932196655985,3.6050267204479938
1748023154.9487617,-22.907690126089207,95.38165977593532,16.18922980667815,-21.59455967421115,92.19109162508185,15.200000000000003,0.09714508056640625,-1.313130451878056,3.1905681508534656,0.9892298066781464,3.4502227042453315,3.58923561769222
1748023155.0260427,-22.95091351718969,95.48637784325561,16.187394273448913,-21.59455967421115,92.19109162508185,15.200000000000003,0.01986408233642578,-1.356353842978539,3.295286218173757,0.9873942734489098,3.563510489257546,3.69777696167417
1748023155.126644,-22.98729332415274,95.5897409259074,16.182793939370946,-21.59455967421115,92.19109162508185,15.200000000000003,0.08073711395263672,-1.39273364994159,3.3986493008255536,0.9827939393709428,3.6729448797499873,3.8021583366485285
1748023155.2215002,-23.023766331109968,95.69659529106275,16.178850194950417,-21.544716489861486,92.35807086164115,15.200000000000003,0.02317333221435547,-1.4790498412484823,3.3385244294215966,0.9788501949504145,3.6514837804298073,3.780407584229037
1748023155.32409,-23.039337027216476,95.77906026661383,16.178811102707012,-21.544716489861486,92.35807086164115,15.200000000000003,0.07941651344299316,-1.4946205373549901,3.420989404972673,0.9788111027070094,3.7332370751960826,3.8594209713895054
1748023155.4172142,-23.066542867893588,95.8715302832861,16.177817606589954,-21.49487330498058,92.5436033458282,15.200000000000003,0.029120683670043945,-1.5716695629130086,3.327926937457903,0.9778176065899515,3.6803862454972176,3.8080664631545504
1748023155.5394523,-23.10854819523197,95.97635530861763,16.174464534331438,-21.49487330498058,92.5436033458282,15.200000000000003,0.09311747550964355,-1.6136748902513887,3.4327519627894247,0.9744645343314353,3.793116487726482,3.91628827056082
1748023155.6298847,-23.187329177279622,96.18991978686316,16.178380956253115,-21.432569324543497,92.72913583080619,15.200000000000003,0.015048503875732422,-1.7547598527361252,3.4607839560569715,0.9783809562531118,3.880232948068434,4.001679275858399
1748023155.7031407,-23.222445941821853,96.287270442573,16.17577866711226,-21.432569324543497,92.72913583080619,15.200000000000003,0.05820751190185547,-1.789876617278356,3.5581346117668176,0.9757786671122588,3.9829612376387513,4.10074678902809
1748023155.7929194,-23.255071222653115,96.38444676832152,16.174155854798638,-21.370265344106414,92.93322156341193,15.200000000000003,0.06299996376037598,-1.8848058785467003,3.4512252049095906,0.9741558547986351,3.932359166557328,4.051225523745364
1748023155.9154575,-23.278246294458157,96.46645147649312,16.1723703538629,-21.370265344106414,92.93322156341193,15.200000000000003,0.05953812599182129,-1.9079809503517424,3.533229913081186,0.972370353862896,4.015483149708989,4.131538337068686
1748023156.0141802,-23.32449436699047,96.563694664276,16.16979132633005,-21.295500567050677,93.13730729680863,15.200000000000003,0.04788374900817871,-2.0289937999397942,3.4263873674673704,0.9697913263300464,3.982078129838,4.098468183206879
1748023156.1553016,-23.361638074290063,96.64717744687647,16.16959727880139,-21.22073579052617,93.37849952704275,15.200000000000003,0.09314465522766113,-2.140902283763893,3.2686779198337206,0.9695972788013876,3.907392728180001,4.025895777996868
1748023156.263495,-23.324034830574195,96.55071892334712,16.165696849344346,-21.22073579052617,93.37849952704275,15.200000000000003,0.015048742294311523,-2.103299040048025,3.1722193963043708,0.9656968493443436,3.8061585292991427,3.926756060031003
1748023156.3987715,-23.358049463864972,96.63499734491943,16.162047643685856,-21.145971014001667,93.60113850885817,15.200000000000003,0.05454230308532715,-2.2120784498633057,3.033858836061256,0.9620476436858532,3.754675818961819,3.875967772597975
1748023156.5316863,-23.370987707391485,96.70757804151825,16.158116260040043,-21.145971014001667,93.60113850885817,15.200000000000003,0.07837247848510742,-2.2250166933898186,3.106439532660076,0.9581162600400397,3.821081765146712,3.939372110335583
1748023156.617846,-23.392106731745322,96.7755238851012,16.154004186805498,-21.05874544085851,93.86088398672003,15.200000000000003,0.06890273094177246,-2.3333612908868133,2.914639898381168,0.9540041868054949,3.7335908521213677,3.853547020536635
1748023156.6944168,-23.42413987706267,96.85550837579098,16.14872400562537,-21.05874544085851,93.86088398672003,15.200000000000003,0.007668018341064453,-2.365394436204163,2.9946243890709496,0.9487240056253654,3.8161323444613613,3.9322949163680496
1748023156.796496,-23.446091192634405,96.91868815036865,16.14323068775683,-20.98398066433401,94.12062946537283,15.200000000000003,0.05268073081970215,-2.4621105283003963,2.798058684995823,0.9432306877568273,3.727079373752082,3.8445812240833757
1748023156.8737214,-23.457922036610025,96.99266776375921,16.135130675504357,-20.98398066433401,94.12062946537283,15.200000000000003,0.024544715881347656,-2.473941372276016,2.8720382983863857,0.9351306755043538,3.790645050760768,3.9042872949011236
1748023156.9580145,-23.481184618210936,97.05454127602273,16.127239080251012,-20.89675509119085,94.39892819244434,15.200000000000003,0.09135580062866211,-2.5844295270200845,2.6556130835783875,0.9272390802510095,3.7056115325012104,3.8198598327361055
1748023157.0531702,-23.515156107130856,97.13476053041853,16.11759464988966,-20.89675509119085,94.39892819244434,15.200000000000003,0.003799915313720703,-2.6184010159400053,2.7358323379741876,0.9175946498896579,3.7869251988626553,3.8965090020795645
1748023157.136281,-23.54091703636606,97.20687189244396,16.10816599757399,-20.89675509119085,94.39892819244434,15.200000000000003,0.08691072463989258,-2.6441619451752096,2.807943699999612,0.9081659975739882,3.8569599705830835,3.9624368378347454
1748023157.2197087,-23.574132367439248,97.27226582628023,16.09978559817726,-20.80952951857893,94.67722691951587,15.200000000000003,0.034961700439453125,-2.764602848860317,2.5950389067643584,0.8997855981772567,3.79173520166524,3.897033482308632
1748023157.3174922,-23.60941133247941,97.324321218314,16.095284895737446,-20.80952951857893,94.67722691951587,15.200000000000003,0.06282186508178711,-2.7998818139004804,2.647094298798123,0.8952848957374435,3.85310866684813,3.9557529552634825
1748023157.3966217,-23.62626579502207,97.38406457689004,16.08791357247811,-20.709843149879593,94.9740788950061,15.200000000000003,0.04182839393615723,-2.916422645142479,2.4099856818839385,0.8879135724781086,3.783325525511312,3.886121787100384
1748023157.49269,-23.643921429659756,97.45339036818976,16.078472069096673,-20.709843149879593,94.9740788950061,15.200000000000003,0.05423998832702637,-2.934078279780163,2.4793114731836567,0.8784720690966701,3.8413279908044604,3.9404966576715705
1748023157.5777917,-23.653115371176863,97.52259062927246,16.06833814067329,-20.62261757673644,95.2709308704963,15.200000000000003,0.07931947708129883,-3.0304977944404214,2.2516597587761567,0.8683381406732877,3.7754322337184334,3.8740030560065515
1748023157.6684222,-23.677651822570805,97.591502893824,16.059417838432417,-20.62261757673644,95.2709308704963,15.200000000000003,0.011311054229736328,-3.0550342458343636,2.320572023327699,0.8594178384324138,3.836442200616601,3.931524866980723
1748023157.777052,-23.717847721034488,97.64790201092077,16.054708315549295,-20.522931208037104,95.58633609440524,15.200000000000003,0.07299447059631348,-3.194916512997384,2.0615659165155336,0.854708315549292,3.802307924558701,3.8971876857332655
1748023157.894024,-23.753573878131142,97.71022060661994,16.052890347804105,-20.522931208037104,95.58633609440524,15.200000000000003,0.04397749900817871,-3.2306426700940385,2.123884512214701,0.8528903478041023,3.8662562619487364,3.959211970636988
1748023157.9873946,-23.772795987817602,97.7757993363844,16.050170328046633,-20.435705634893946,95.92029456673286,15.200000000000003,0.0587611198425293,-3.3370903529236564,1.8555047696515317,0.8501703280466302,3.818254833530067,3.9117591388615214
1748023158.155925,-23.803407601377543,97.86139873074963,16.047593004538566,-20.33601926619461,96.2728062874792,15.200000000000003,0.09131240844726562,-3.4673883351829318,1.5885924432704286,0.8475930045385631,3.813975329990819,3.907022103741068
1748023158.2262647,-23.926729760537594,98.06778791833143,16.051224967399733,-20.33601926619461,96.2728062874792,15.200000000000003,0.020972728729248047,-3.590710494342982,1.7949816308522344,0.8512249673997303,4.014369304047869,4.103625818030494
1748023158.3248782,-23.950184222112853,98.12875574538533,16.04782692363174,-20.33601926619461,96.2728062874792,15.200000000000003,0.07764077186584473,-3.614164955918241,1.855949457906135,0.847826923631736,4.06284835046665,4.150367117656513
1748023158.428692,-23.968570231201173,98.18408603984321,16.044099285122787,-20.236332896964036,96.62531800822555,15.200000000000003,0.026182174682617188,-3.732237334237137,1.5587680316176602,0.844099285122784,4.04466973873847,4.131810365761178
1748023158.520419,-23.985724016830638,98.23451686083361,16.04225552538452,-20.236332896964036,96.62531800822555,15.200000000000003,0.06554460525512695,-3.7493911198666012,1.6091988526080598,0.8422555253845161,4.080129252483262,4.166155192381865
1748023158.6132038,-24.00838901140765,98.28999251757186,16.041384029652992,-20.136646528264702,96.99638297739057,15.299999999999997,0.060643911361694336,-3.871742483142949,1.2936095401812935,0.7413840296529948,4.082133694310119,4.148911396697511
1748023158.716746,-24.046272096562664,98.34258199339743,16.041952508953703,-20.136646528264702,96.99638297739057,15.299999999999997,0.04289841651916504,-3.9096255682979617,1.3461990160068638,0.7419525089537053,4.134903127642413,4.200942441944392
1748023158.8183298,-24.061419337624017,98.3990178516417,16.041984322033,-20.049420955121544,97.36744794734658,15.299999999999997,0.03795337677001953,-4.0119983825024725,1.0315699042951252,0.7419843220330016,4.142495321500063,4.208421108063294
1748023158.942644,-24.08954141361169,98.4506108746354,16.042063067485852,-20.049420955121544,97.36744794734658,15.299999999999997,0.08636069297790527,-4.040120458490147,1.083162927288825,0.742063067485855,4.182799929014479,4.248114033578907
1748023159.0962417,-24.122002877822293,98.51764027818876,16.041106791021765,-19.962195382509627,97.75706616493032,15.299999999999997,0.04921388626098633,-4.159807495312666,0.7605741132584427,0.7411067910217675,4.22876712291163,4.293216819066664
1748023159.2091773,-24.130831353535967,98.58784761776437,16.036726533314308,-19.86250901381029,98.12813113409534,15.299999999999997,0.030932903289794922,-4.268322339725678,0.45971648366902684,0.7367265333143109,4.293007668425285,4.355764092102283
1748023159.2908106,-24.158985498520735,98.64407735816411,16.036622974361336,-19.86250901381029,98.12813113409534,15.299999999999997,0.05070042610168457,-4.296476484710446,0.5159462240687702,0.7366229743613388,4.3273445309797856,4.389592702763846
1748023159.3981218,-24.18682934612564,98.70092080439467,16.036395640096295,-19.77528344066713,98.51774935167907,15.299999999999997,0.06638360023498535,-4.41154590545851,0.1831714527155981,0.7363956400962977,4.415346991693596,4.476334169363423
1748023159.5286365,-24.21308242741155,98.75588556607279,16.034015771384592,-19.77528344066713,98.51774935167907,15.299999999999997,0.06413102149963379,-4.4377989867444185,0.23813621439371957,0.7340157713845947,4.44418369370074,4.504392062864519
1748023159.633078,-24.256210677897368,98.86771749854125,16.03794808249942,-19.688057868055214,98.92592081847249,15.299999999999997,0.020438671112060547,-4.568152809842154,-0.05820331993123773,0.7379480824994218,4.568523582134581,4.627739739115021
1748023159.7552707,-24.271228077832905,98.93713219861587,16.034785373305564,-19.600832294912056,99.31553903605624,15.299999999999997,0.09916830062866211,-4.670395782920849,-0.37840683744036596,0.7347853733055665,4.6857004282974035,4.742963003078379
1748023159.8997142,-24.292477674572897,99.00018581158217,16.031327606240673,-19.600832294912056,99.31553903605624,15.299999999999997,0.045275211334228516,-4.691645379660841,-0.315353224474066,0.7313276062406757,4.702231813158418,4.758762874143744
1748023159.9802303,-24.3316854665424,99.06608603012073,16.027130735591573,-19.513606722300135,99.70515725363997,15.299999999999997,0.06563496589660645,-4.818078744242264,-0.6390712235192382,0.7271307355915759,4.860277236377518,4.914368110051528
1748023160.097575,-24.362276084847522,99.11945892005716,16.024964565530446,-19.513606722300135,99.70515725363997,15.299999999999997,0.051709651947021484,-4.848669362547387,-0.5856983335828119,0.7249645655304491,4.883916166895923,4.937429568767753
1748023160.203465,-24.368433601064748,99.16746981214987,16.021019825738538,-19.42638114968822,100.11332871964241,15.299999999999997,0.04135704040527344,-4.942052451376529,-0.9458589074925356,0.7210198257385407,5.0317523294613515,5.083148738149197
1748023160.3087506,-24.366221615991787,99.2270543806256,16.0127837647448,-19.42638114968822,100.11332871964241,15.299999999999997,0.06392860412597656,-4.939840466303568,-0.8862743390168077,0.7127837647448025,5.018715576373096,5.069079475783913
1748023160.4077766,-24.3945703640631,99.28292944398473,16.007622461776,-19.35161637263248,100.50294693801713,15.299999999999997,0.04503607749938965,-5.042953991430618,-1.2200174940324047,0.7076224617760012,5.188432098951582,5.236464188156073
1748023160.49669,-24.443058891710322,99.35265840716833,16.001836625545035,-19.35161637263248,100.50294693801713,15.299999999999997,0.043877363204956055,-5.091442519077841,-1.1502885308487976,0.7018366255450381,5.2197653806733495,5.266737631421603
1748023160.5882394,-24.47029234395633,99.40433448823967,15.999707544551004,-19.276851596107974,100.91111840401956,15.299999999999997,0.09180116653442383,-5.193440747848356,-1.5067839157798915,0.699707544551007,5.407608026684689,5.4526888062832155
1748023160.6949725,-24.483351202961522,99.45815095773713,15.997910554962836,-19.276851596107974,100.91111840401956,15.299999999999997,0.014931917190551758,-5.206499606853548,-1.452967446282429,0.6979105549628386,5.405437314049866,5.450305651874137
1748023160.7756689,-24.526698473572733,99.51872316017206,15.993401041707273,-19.202086819052237,101.3007366216033,15.299999999999997,0.08522582054138184,-5.324611654520496,-1.782013461431248,0.6934010417072756,5.61489637020824,5.657549491857619
1748023160.852544,-24.54686079089464,99.58860328683573,15.990402508809172,-19.202086819052237,101.3007366216033,15.299999999999997,0.008350610733032227,-5.344773971842404,-1.7121333347675716,0.690402508809175,5.612308737596886,5.6546144864417025
1748023160.9592445,-24.538194699813488,99.65229538560789,15.98800444622734,-19.127322042527737,101.70890808760576,15.399999999999991,0.08949780464172363,-5.410872657285751,-2.056612701997878,0.5880044462273482,5.788540292628321,5.8183286215342545
1748023161.0668397,-24.58738382010393,99.70255424246385,15.987428875715263,-19.127322042527737,101.70890808760576,15.399999999999991,0.018097400665283203,-5.460061777576193,-2.0063538451419163,0.5874288757152719,5.8170207466420685,5.846606113882511
1748023161.2160203,-24.607895177628166,99.76304425860755,15.990147955934745,-19.065018062090648,102.11707955439917,15.399999999999991,0.02817058563232422,-5.542877115537518,-2.3540352957916184,0.5901479559347536,6.0220402598938385,6.050887827556896
1748023161.3072894,-24.607535873893077,99.81862976435352,15.996591430650632,-19.065018062090648,102.11707955439917,15.399999999999991,0.06309843063354492,-5.54251781180243,-2.2984497900456518,0.5965914306506406,6.00019792436117,6.029784114430124
1748023161.463829,-24.620562735114703,99.8557640495406,15.995420643890288,-18.99025328503491,102.52525102040161,15.399999999999991,0.011571884155273438,-5.6303094500797926,-2.6694869708610156,0.5954206438902965,6.231095023449292,6.259478487416126
1748023161.6092026,-24.662521141391103,99.94759500376463,15.991282036458848,-18.915488508510407,102.95197573482275,15.399999999999991,0.0413510799407959,-5.747032632880696,-3.00438073105812,0.5912820364588569,6.484958570457405,6.511858575490401
1748023161.7044387,-24.673640808563057,100.0318345882306,15.98706575060076,-18.915488508510407,102.95197573482275,15.399999999999991,0.05388498306274414,-5.75815230005265,-2.920141146592158,0.5870657506007682,6.456279286603252,6.482915117611107
1748023161.864435,-24.694609205671718,100.09114129206947,15.983510819850189,-18.82826293589849,103.37870045003486,15.399999999999991,6.437301635742188e-05,-5.866346269773228,-3.28755915796539,0.583510819850197,6.7247352196204995,6.750003603768417
1748023161.9829142,-24.72945019276282,100.24703960101839,15.978624405825414,-18.75349815884275,103.78687191603731,15.5,0.06438231468200684,-5.97595203392007,-3.539832315018927,0.4786244058254141,6.945676031184126,6.96214743107451
1748023162.098967,-24.736681538643964,100.293682167654,15.972717943735987,-18.75349815884275,103.78687191603731,15.5,0.05167055130004883,-5.983183379801215,-3.4931897483833154,0.4727179437359865,6.928265148977757,6.944373278336193
1748023162.2554023,-24.69744080786981,100.28813828147591,15.971319482042926,-18.666272586230832,104.21359663045845,15.5,0.022623777389526367,-6.031168221638978,-3.925458348982545,0.47131948204292584,7.1961248854716695,7.211543206655414
1748023162.3778243,-24.73938702495227,100.40915701427495,15.962674170554845,-18.666272586230832,104.21359663045845,15.5,0.09979820251464844,-6.073114438721436,-3.804439616183501,0.4626741705548447,7.166343543188064,7.181263619105754
1748023162.4897394,-24.733028905082136,100.43962865476182,15.96128203535938,-18.579047013087674,104.64032134567059,15.5,0.004235029220581055,-6.153981891994462,-4.200692690908767,0.46128203535938006,7.450994041767184,7.465259093065382
1748023162.612432,-24.753216257069386,100.49915654313627,15.955436142293928,-18.504282236563174,105.06704606009173,15.5,0.06736874580383301,-6.248934020506212,-4.567889516955461,0.45543614229392837,7.740464522995472,7.753851501767305
1748023162.686723,-24.765099380418732,100.56158995386178,15.944448990978715,-18.504282236563174,105.06704606009173,15.5,0.006922245025634766,-6.260817143855558,-4.505456106229943,0.4444489909787155,7.713427644955279,7.726221647062834
1748023162.8528588,-24.783002399593123,100.60984569722338,15.93853731216538,-18.429517460038667,105.51232402372253,15.5,0.03704023361206055,-6.3534849395544555,-4.90247832649915,0.43853731216537994,8.025027390541368,8.037000659020778
1748023162.9498394,-24.79563077235057,100.655480199997,15.931541252775572,-18.429517460038667,105.51232402372253,15.5,0.059940338134765625,-6.366113312311903,-4.8568438237255265,0.4315412527755722,8.007267363667559,8.018887609020513
1748023163.0758965,-24.808910237496043,100.69934965537705,15.925580796985466,-18.35475268298293,105.93904873814368,15.5,0.006238698959350586,-6.454157554513113,-5.239699082766634,0.42558079698546614,8.313278307408227,8.324164536527794
1748023163.1427262,-24.82987854888931,100.73493354489197,15.91859498081139,-18.35475268298293,105.93904873814368,15.5,0.06059098243713379,-6.4751258659063815,-5.20411519325171,0.41859498081139,8.307229978998002,8.317769633857603
1748023163.240461,-24.822108719718585,100.77017853359537,15.910086243014712,-18.292448702545844,106.38432670098352,15.599999999999994,0.034811973571777344,-6.529660017172741,-5.6141481673881515,0.31008624301471777,8.611336689809084,8.616917840118882
1748023163.32363,-24.82475220364462,100.81377589281101,15.903810203081873,-18.292448702545844,106.38432670098352,15.599999999999994,0.04835700988769531,-6.532303501098777,-5.570550808172513,0.3038102030818788,8.58498837138984,8.5903623891193
1748023163.41245,-24.826308824093736,100.8561281973897,15.897461446510468,-18.217683926021337,106.82960466461435,15.599999999999994,0.06767511367797852,-6.608624898072399,-5.973476467224657,0.29746144651047324,8.90821778740895,8.91318279067973
1748023163.538705,-24.823523312340694,100.90080533431241,15.89171952127977,-18.217683926021337,106.82960466461435,15.599999999999994,0.05857992172241211,-6.6058393863193565,-5.928799330301942,0.2917195212797754,8.87624782759229,8.881040241769686
1748023163.6059494,-24.841608077899558,100.96618631532301,15.884891594825296,-18.15537994505302,107.2748826274542,15.599999999999994,0.10233545303344727,-6.686228132846537,-6.30869631213119,0.2848915948253019,9.192676204629757,9.197089704029654
1748023163.6801906,-24.85609066894834,101.01126809759587,15.880526661669908,-18.15537994505302,107.2748826274542,15.599999999999994,0.02809429168701172,-6.70071072389532,-6.26361452985833,0.2805266616699136,9.172371077533777,9.176659871210537
1748023163.83045,-24.852686550309336,101.06453493805931,15.873533243798947,-18.10553676070335,107.72016059108502,15.599999999999994,0.05145096778869629,-6.747149789605984,-6.655625653025709,0.27353324379895305,9.477414368729162,9.481360849163856
1748023163.9121728,-24.862409835192818,101.11938071090665,15.866801446206866,-18.10553676070335,107.72016059108502,15.599999999999994,0.03027176856994629,-6.756873074489466,-6.600779880178365,0.2668014462068715,9.445931863576417,9.449699031346254
1748023164.038126,-24.873193170110255,101.17943925586475,15.861584460648077,-18.055693576353683,108.16543855392487,15.599999999999994,0.044045209884643555,-6.8174995937565726,-6.985999298060122,0.2615844606480824,9.761274860558306,9.76477922604603
1748023164.1362348,-24.851454798868353,101.24192097262437,15.855921500069858,-18.055693576353683,108.16543855392487,15.599999999999994,0.05406355857849121,-6.79576122251467,-6.923517581300501,0.2559215000698636,9.701415684940587,9.704790678124349
1748023164.2344503,-24.82035115137961,101.30386033958777,15.853767946353816,-18.005850392004014,108.61071651676473,15.599999999999994,0.05111980438232422,-6.814500759375598,-7.306856177176954,0.2537679463538218,9.991374669857978,9.9945968384961
1748023164.3393624,-24.83126121936629,101.37100674041973,15.848361989305351,-18.005850392004014,108.61071651676473,15.599999999999994,0.05379223823547363,-6.825410827362276,-7.239709776344995,0.2483619893053568,9.949855808401422,9.952955052933335
1748023164.4649365,-24.85590404792162,101.44712570773746,15.84825919406409,-17.968468003741766,109.05599448039554,15.599999999999994,0.016757488250732422,-6.887436044179854,-7.608868772658084,0.24825919406409547,10.263121321615523,10.266123508395781
1748023164.5396044,-24.846538069664355,101.51354389563137,15.848215161281903,-17.968468003741766,109.05599448039554,15.599999999999994,0.05791044235229492,-6.878070065922589,-7.542450584764168,0.2482151612819088,10.207664211529968,10.21068163354631
1748023164.643572,-24.808547563264405,101.58350258243823,15.846690077944729,-17.931085614948277,109.4827191948167,15.599999999999994,0.03187084197998047,-6.877461948316128,-7.899216612378467,0.2466900779447343,10.473638619878587,10.476543415381268
1748023164.7882092,-24.77723800234577,101.664664086194,15.844776246232138,-17.906164022773442,109.9094439100288,15.599999999999994,0.10519576072692871,-6.871073979572326,-8.244779823834804,0.2447762462321439,10.732569681873459,10.735360608148607
1748023164.8541224,-24.74654223618299,101.74024672244863,15.841790953130923,-17.906164022773442,109.9094439100288,15.599999999999994,0.03928256034851074,-6.840378213409547,-8.169197187580167,0.2417909531309288,10.654884175440655,10.657627299594957
1748023164.998977,-24.7300333795145,101.82255877366383,15.84269653963826,-17.881242430598608,110.35472187286865,15.599999999999994,0.07782602310180664,-6.848790948915891,-8.532163099204823,0.2426965396382652,10.940920647431124,10.94361211957629
1748023165.057332,-24.68655140476521,101.93469283462531,15.8561691878078,-17.881242430598608,110.35472187286865,15.599999999999994,0.019470930099487305,-6.8053089741666035,-8.420029038243342,0.2561691878078065,10.826316051119772,10.829346327988395
1748023165.1398363,-24.681266089424195,102.01516165555716,15.861111915068793,-17.881242430598608,110.35472187286865,15.599999999999994,0.0630333423614502,-6.800023658825587,-8.339560217311487,0.26111191506879905,10.760510507348252,10.763678080049731
1748023165.2311118,-24.665917960797593,102.09177020833204,15.8660030739398,-17.86878163451119,110.78144658728979,15.599999999999994,0.05139660835266113,-6.797136326286402,-8.689676378957756,0.26600307393980493,11.03229521945178,11.03550159460294
1748023165.3116343,-24.62088392074552,102.14905247530184,15.873064057238413,-17.86878163451119,110.78144658728979,15.599999999999994,0.02912592887878418,-6.752102286234329,-8.63239411198795,0.2730640572384182,10.959430340508355,10.962831630915918
1748023165.4012702,-24.583723605500445,102.22559011505564,15.882400384155797,-17.856320838423773,111.20817130250192,15.599999999999994,0.07963085174560547,-6.727402767076672,-8.982581187446286,0.28240038415580315,11.222509201579422,11.226061765218741
1748023165.493093,-24.561337619347587,102.32079834881722,15.884718221488912,-17.856320838423773,111.20817130250192,15.599999999999994,0.012192010879516602,-6.705016780923813,-8.887372953684704,0.2847182214889177,11.132953249266624,11.136593398162837
1748023165.5907574,-24.53131926511633,102.41032111469909,15.886179897646787,-17.856320838423773,111.63489601692307,15.599999999999994,0.09629702568054199,-6.674998426692557,-9.224574902223978,0.2861798976467931,11.38632452212252,11.38992032706576
1748023165.682094,-24.50598857806814,102.51229988254116,15.88611812180538,-17.856320838423773,111.63489601692307,15.599999999999994,0.004960298538208008,-6.649667739644368,-9.122596134381908,0.28611812180538543,11.28892560338258,11.292550857017744
1748023165.7926986,-24.4744496649969,102.60936050656176,15.890057700942997,-17.856320838423773,112.06162073134419,15.599999999999994,0.08658242225646973,-6.618128826573127,-9.452260224782435,0.2900577009430023,11.538841038948508,11.542486127000483
1748023165.8915,-24.41429620077037,102.68688766124396,15.890617786062748,-17.856320838423773,112.06162073134419,15.599999999999994,0.012218952178955078,-6.557975362346596,-9.374733070100234,0.2906177860627537,11.440833054842463,11.444523567468938
1748023165.9783826,-24.365921768492406,102.79029185483483,15.896307255340668,-17.856320838423773,112.06162073134419,15.599999999999994,0.09910154342651367,-6.509600930068633,-9.271328876509358,0.2963072553406736,11.32839103337922,11.332265501421778
1748023166.0769572,-24.35969702024712,102.91378739392586,15.902183383128612,-17.856320838423773,112.48834544655632,15.599999999999994,0.008350849151611328,-6.503376181823345,-9.574558052630465,0.30218338312861803,11.574370983578246,11.57831500964355
1748023166.1667943,-24.321225918578644,103.01502443082933,15.916667904980343,-17.856320838423773,112.48834544655632,15.599999999999994,0.08148622512817383,-6.464905080154871,-9.473321015726995,0.31666790498034914,11.469036958804649,11.473407833964226
1748023166.273537,-24.269214819144345,103.11874682835204,15.921424643192873,-17.86878163451119,112.91507016097746,15.599999999999994,0.002649068832397461,-6.400433184633155,-9.79632333262542,0.3214246431928789,11.701858646740462,11.706272232847917
1748023166.4147449,-24.232238188316003,103.25872789184083,15.917988194259667,-17.881242430598608,113.34179487618957,15.599999999999994,0.04799699783325195,-6.350995757717396,-10.083066984348733,0.31798819425967295,11.916517399198804,11.920759347335904
1748023166.5071602,-24.15143022838209,103.43265785515908,15.921016905573174,-17.881242430598608,113.34179487618957,15.599999999999994,0.0444183349609375,-6.270187797783482,-9.909137021030489,0.3210169055731793,11.726305962281126,11.7306991852444
1748023166.6325872,-24.131999696162676,103.56356905595732,15.922287052529192,-17.893703226686025,113.76851959061074,15.599999999999994,0.04918932914733887,-6.238296469476651,-10.20495053465342,0.3222870525291981,11.960658771815538,11.96500009193631
1748023166.7663498,-24.082958982784827,103.66295207178263,15.92374231630506,-17.893703226686025,113.76851959061074,15.599999999999994,0.08457326889038086,-6.189255756098802,-10.10556751882811,0.323742316305065,11.850290363193464,11.854711754376925
1748023166.8480306,-24.015174755068625,103.78868710059405,15.924692089780672,-17.918624818860863,114.17669105661317,15.599999999999994,0.04778742790222168,-6.0965499362077615,-10.38800395601912,0.32469208978067776,12.044855636949068,12.04923118991871
1748023166.929079,-23.97930520662153,103.92038438955282,15.925565057456646,-17.918624818860863,114.17669105661317,15.599999999999994,0.03326106071472168,-6.060680387760666,-10.256306667060343,0.325565057456652,11.91317225642999,11.91761997288091
1748023167.0287611,-23.929022862873765,104.05559431912927,15.928025707115792,-17.94354641103569,114.60341577182528,15.599999999999994,0.05161857604980469,-5.985476451838075,-10.547821452696013,0.32802570711579726,12.127756006510946,12.132191336192781
1748023167.1368265,-23.894236874601027,104.211069420001,15.930035094128854,-17.94354641103569,114.60341577182528,15.599999999999994,0.05644679069519043,-5.950690463565337,-10.392346351824287,0.3300350941288599,11.975457389571515,11.98000429268703
1748023167.2927446,-23.841335398187592,104.3536036743017,15.92892294462476,-17.968468003741766,114.99303398940901,15.599999999999994,0.01304006576538086,-5.8728673944458265,-10.639430315107319,0.32892294462476634,12.152697184689888,12.157147657500511
1748023167.4409847,-23.80400588707568,104.49137358840731,15.929862682247842,-18.005850392004014,115.40120545541146,15.599999999999994,0.033310890197753906,-5.798155495071665,-10.909831867004144,0.32986268224784787,12.354879137868117,12.359281852133181
1748023167.502263,-23.74593217285859,104.60465308151927,15.938665074051867,-18.005850392004014,115.40120545541146,15.599999999999994,0.027967453002929688,-5.740081780854577,-10.796552373892183,0.33866507405187285,12.227595103416517,12.23228417121995
1748023167.6033933,-23.69368178537553,104.78678169441093,15.945774345847102,-18.055693576353683,115.80937692141391,15.599999999999994,0.08399057388305664,-5.637988209021849,-11.02259522700298,0.34577434584710787,12.380812436323325,12.385639930244391
1748023167.696812,-23.645495996292482,104.95683257170992,15.947526144577717,-18.055693576353683,115.80937692141391,15.599999999999994,0.009428024291992188,-5.589802419938799,-10.85254434970399,0.34752614457772246,12.207522678915884,12.212468398215437
1748023167.8210623,-23.60726934922242,105.1066048596711,15.947294980516038,-18.093075964615934,116.19899513978864,15.599999999999994,0.06748819351196289,-5.514193384606486,-11.092390280117542,0.34729498051604324,12.387390799086143,12.39225825315046
1748023167.933075,-23.56647896208357,105.20757649868798,15.953815216081814,-18.093075964615934,116.19899513978864,15.599999999999994,0.044524431228637695,-5.473402997467634,-10.991418641100651,0.35381521608182,12.278820143508193,12.283916693129825
1748023168.0188234,-23.51807206497642,105.38828584792385,15.959442919203392,-18.1429191489656,116.58861335737235,15.599999999999994,0.06696557998657227,-5.375152916010819,-11.200327509448499,0.35944291920339744,12.423349193732278,12.428547960303886
1748023168.1130078,-23.46735317623676,105.54162520406068,15.960688194462639,-18.1429191489656,116.58861335737235,15.599999999999994,0.02721881866455078,-5.32443402727116,-11.046988153311673,0.3606881944626448,12.263178420383985,12.26848160710184
1748023168.233537,-23.421110580123347,105.69775575065913,15.957699586414728,-18.19276233384651,116.95967832653739,15.599999999999994,0.04001641273498535,-5.228348246276838,-11.261922575878259,0.35769958641473387,12.416381336340411,12.421532694621213
1748023168.3381205,-23.383988688613297,105.88715844312901,15.961031411993082,-18.19276233384651,116.95967832653739,15.599999999999994,0.06456708908081055,-5.191226354766787,-11.072519883408376,0.3610314119930873,12.229044428527484,12.234372534598773
1748023168.461525,-23.340317976090212,106.06562130993558,15.964506028243012,-18.24260551819618,117.34929654412113,15.599999999999994,0.014846086502075195,-5.097712457894033,-11.283675234185552,0.36450602824301725,12.381760742880651,12.38712491817879
1748023168.6253848,-23.28775675993494,106.22800188547866,15.964356649072291,-18.304909498633265,117.70180826486748,15.5,0.057183265686035156,-4.982847261301675,-11.473806379388819,0.46435664907229146,12.509076690993831,12.517692549296088
1748023168.7327163,-23.23437945874487,106.43340726693226,15.962152470097354,-18.304909498633265,117.70180826486748,15.5,0.05014824867248535,-4.929469960111604,-11.268400997935217,0.4621524700973545,12.29945263570335,12.308132272750695
1748023168.8776195,-23.19314193389876,106.636891475392,15.97029056167398,-18.367213479070347,118.05431998640476,15.5,0.01603245735168457,-4.825928454828414,-11.417428511012758,0.47029056167398053,12.395453168610238,12.404371506352478
1748023168.9907506,-23.169006218732388,106.70116588575955,15.975391014174463,-18.367213479070347,118.05431998640476,15.5,0.09709858894348145,-4.801792739662041,-11.353154100645213,0.4753910141744626,12.326853675925106,12.33601711104626
1748023169.1156638,-23.11711014044187,106.91315812867796,15.982238124248887,-18.441978256126088,118.4068317071511,15.5,0.002145528793334961,-4.675131884315782,-11.493673578473135,0.48223812424888735,12.408117925948217,12.417485416650045
1748023169.2319667,-23.052368325512823,107.19908142375864,15.984405623448712,-18.516743032650588,118.74079017947874,15.5,0.04560089111328125,-4.535625292862235,-11.541708755720094,0.48440562344871196,12.400924876762923,12.41038221035703
1748023169.316754,-22.997365423333004,107.3668741449033,15.988155316912529,-18.516743032650588,118.74079017947874,15.5,0.03918647766113281,-4.4806223906824165,-11.37391603457543,0.488155316912529,12.22464490156899,12.234387544249474
1748023169.4394546,-22.949342280974633,107.52044612753232,15.99013213453264,-18.603968605793742,119.07474865180636,15.5,0.041504859924316406,-4.345373675180891,-11.554302524274036,0.49013213453264015,12.344398697360695,12.354125169703517
1748023169.517728,-22.922795157623238,107.58255631411285,15.993217589497135,-18.603968605793742,119.07474865180636,15.5,0.03676867485046387,-4.3188265518294955,-11.49219233769351,0.4932175894971351,12.276919300513825,12.286822660961548
1748023169.6341617,-22.877891921530804,107.7678270411075,15.998472244218181,-18.67873338231825,119.39015387571528,15.5,0.04436802864074707,-4.199158539212554,-11.62232683460779,0.49847224421818126,12.357645952522109,12.367695341741806
1748023169.711077,-22.83300680254386,107.96877375794752,16.000404912488126,-18.67873338231825,119.39015387571528,15.5,0.0325472354888916,-4.154273420225611,-11.421380117767768,0.5004049124881256,12.15343208499286,12.163729548168034
1748023169.9028842,-22.77833225945196,108.20138400566051,16.001772039687136,-18.765958954930166,119.70555909962421,15.5,0.020040512084960938,-4.012373304521795,-11.504175093963696,0.5017720396871361,12.183808276865397,12.194136267371524
1748023169.9809184,-22.73498025730858,108.45570604194717,16.003446954671535,-18.85318452807332,120.00241107511445,15.5,0.08881163597106934,-3.881795729235261,-11.546705033167285,0.503446954671535,12.181737774491776,12.192136565944784
1748023170.1044898,-22.68910880873159,108.66507622262311,16.010216665030764,-18.85318452807332,120.00241107511445,15.5,0.0347597599029541,-3.8359242806582685,-11.337334852491338,0.5102166650307645,11.968687340074451,11.979557491398985
1748023170.2567725,-22.647277964872195,108.86176910970323,16.012182122458494,-18.94041010068524,120.29926305060465,15.5,0.03540468215942383,-3.706867864186954,-11.437493940901419,0.5121821224584941,12.023191631621723,12.034096041550637
1748023170.346167,-22.64998335603856,108.88394691313806,16.01730412056484,-18.94041010068524,120.29926305060465,15.5,0.05398988723754883,-3.7095732553533196,-11.41531613746659,0.517304120564841,12.002931985774882,12.014074238504234
1748023170.4738548,-22.610578249585924,109.08107468886921,16.021920181217503,-19.027635673828396,120.57756177767618,15.5,0.0047490596771240234,-3.582942575757528,-11.496487088806973,0.5219201812175029,12.041872482478851,12.053177737005438
1748023170.623258,-22.53783349050055,109.40476434707377,16.019896228300656,-19.11486124644032,120.83730725553802,15.5,0.059180498123168945,-3.4229722440602295,-11.432542908464256,0.5198962283006558,11.933975713796434,11.945294823723872
1748023170.7002687,-22.48646121236676,109.59276980975811,16.0213666204567,-19.11486124644032,120.83730725553802,15.5,0.01783013343811035,-3.371599965926439,-11.244537445779912,0.5213666204566998,11.739135773121538,11.750707717099775
1748023170.8799834,-22.44358897780039,109.77193265522688,16.022034858399092,-19.202086819052237,121.09705273419084,15.5,0.012328386306762695,-3.241502158748151,-11.325120078963963,0.5220348583990919,11.779884594006921,11.791446113242658
1748023170.987296,-22.422552150333424,109.89411857203953,16.020560682450178,-19.289312392195395,121.35679821284364,15.5,0.08896803855895996,-3.1332397581380285,-11.462679640804112,0.5205606824501778,11.883190477716072,11.894586977015843
1748023171.105384,-22.38784543118135,110.07696251626247,16.020257731319052,-19.289312392195395,121.35679821284364,15.5,0.02911996841430664,-3.0985330389859556,-11.279835696581173,0.5202577313190524,11.697674997004937,11.70923859362989
1748023171.2852616,-22.34796324444553,110.28032934456749,16.02023853818373,-19.388998760894733,121.59799044307778,15.5,0.008269786834716797,-2.9589644835507976,-11.317661098510285,0.5202385381837296,11.698073497616951,11.70963584797835
1748023171.3544495,-22.320809880523875,110.50745121210062,16.0176978824052,-19.388998760894733,121.59799044307778,15.5,0.07745766639709473,-2.931811119629142,-11.090539230977157,0.5176978824052014,11.47151153401436,11.483187187034412
1748023171.4470685,-22.284716567107715,110.69724715374076,16.020158280233115,-19.476224334037884,121.83918267331188,15.5,0.0370783805847168,-2.808492233069831,-11.14193551957112,0.5201582802331153,11.490446281389342,11.5022137165847
1748023171.5319998,-22.252313411969244,110.89066608445049,16.02227031897356,-19.476224334037884,121.83918267331188,15.5,0.04785299301147461,-2.77608907793136,-10.948516588861395,0.5222703189735611,11.294984996235407,11.307053212542323
1748023171.622314,-22.220875987570178,111.09530522418058,16.027787733171014,-19.575910702737225,122.08037490275503,15.5,0.057665109634399414,-2.644965284832953,-10.985069678574447,0.5277877331710137,11.299008682229923,11.31132870587682
1748023171.7448692,-22.187154187669076,111.29482803086472,16.03117276614906,-19.575910702737225,122.08037490275503,15.5,0.06489014625549316,-2.611243484931851,-10.785546871890304,0.5311727661490586,11.097144401301705,11.109849610631109
1748023171.8186688,-22.161820105867225,111.50123560238512,16.037851581944828,-19.6755970719678,122.30301388457042,15.5,0.060144901275634766,-2.4862230338994245,-10.801778282185296,0.5378515819448282,11.08421034768747,11.097252063280465
1748023171.979744,-22.129970889785675,111.6945279075524,16.04197988205951,-19.762822644579714,122.52565286638584,15.5,0.09702897071838379,-2.3671482452059607,-10.831124958833442,0.5419798820595112,11.086778553242885,11.100018057697188
1748023172.057984,-22.06951979149451,112.08822300567607,16.050849212830027,-19.762822644579714,122.52565286638584,15.5,0.018788814544677734,-2.3066971469147965,-10.43742986070977,0.5508492128300269,10.689284065119649,10.703468067878575
1748023172.2104063,-22.050578749172285,112.19592047562912,16.0589340004933,-19.86250901381029,122.74829184820125,15.5,0.06974411010742188,-2.188069735361996,-10.552371372572125,0.5589340004932986,10.776835841353751,10.791320492339864
1748023172.295516,-22.03548755296669,112.25702320141072,16.068781060282436,-19.86250901381029,122.74829184820125,15.5,0.0153656005859375,-2.1729785391564,-10.49126864679053,0.5687810602824364,10.71394201733257,10.729029100776096
1748023172.3875463,-21.989614273670725,112.44973516795415,16.075886919037075,-19.949734586422206,122.952377580807,15.5,0.08914518356323242,-2.0398796872485185,-10.50264241285285,0.5758869190370746,10.698906803533932,10.714394641519542
1748023172.508791,-21.950464766289013,112.65143727020407,16.085464187737305,-19.949734586422206,122.952377580807,15.5,0.03209948539733887,-2.0007301798668067,-10.300940310602925,0.5854641877373048,10.493440452741615,10.509760266074439
1748023172.601876,-21.885281991466254,113.03782197797696,16.100506964751577,-20.03696015903413,123.15646331420369,15.5,0.08138728141784668,-1.8483218324321236,-10.11864133622673,0.6005069647515775,10.286068057690533,10.303582129636112
1748023172.7026858,-21.858433781490714,113.28222218508346,16.113644714787867,-20.03696015903413,123.15646331420369,15.5,0.019422531127929688,-1.8214736224565833,-9.874241129120236,0.613644714787867,10.040836819374906,10.059570759694564
1748023172.8553617,-21.821716978161003,113.53549766462507,16.126272423526693,-20.136646528264702,123.3605490476004,15.5,0.0389704704284668,-1.6850704498963012,-9.825051382975332,0.626272423526693,9.968505259025507,9.98815870156703
1748023172.9704218,-21.770980227800088,113.71173525796814,16.13952187200128,-20.136646528264702,123.3605490476004,15.5,0.07608962059020996,-1.6343336995353859,-9.648813789632257,0.6395218720012785,9.78624821821083,9.80712202499809
1748023173.106037,-21.728055087555248,113.88562735863016,16.143877661720246,-20.211411304789202,123.56463478020615,15.5,0.0296328067779541,-1.516643782766046,-9.679007421575989,0.6438776617202464,9.797111463626713,9.818246863569295
1748023173.211403,-21.688219673385284,114.07759076071633,16.15431774736649,-20.29863687793236,123.76872051360284,15.5,0.06410956382751465,-1.3895827954529238,-9.69112975288651,0.6543177473664912,9.790246995489998,9.812087848527431
1748023173.305342,-21.66209272724211,114.17755140209623,16.167037028715825,-20.29863687793236,123.76872051360284,15.5,0.02982950210571289,-1.3634558493097515,-9.591169111506616,0.6670370287158249,9.687597059051104,9.71053423742554
1748023173.4099762,-21.62767479627817,114.37091543791186,16.17668229446682,-20.373401654456863,123.95425299778987,15.5,0.08301448822021484,-1.254273141821308,-9.583337559878004,0.6766822944668185,9.665069058256272,9.688728442293533
1748023173.5017838,-21.59394657093759,114.57287446619662,16.185455150595157,-20.373401654456863,123.95425299778987,15.5,0.008793115615844727,-1.2205449164807263,-9.381378531593242,0.6854551505951569,9.460443596691729,9.485243371135132
1748023173.6225638,-21.563737626881387,114.77276910934253,16.193132850709855,-20.448166430981367,124.15833873118657,15.5,0.060030221939086914,-1.1155711959000207,-9.385569621844041,0.6931328507098549,9.451635637264246,9.477016902397963
1748023173.76324,-21.536657592113766,115.07063124884716,16.206852399657546,-20.448166430981367,124.15833873118657,15.5,0.08064603805541992,-1.0884911611323993,-9.087707482339411,0.7068523996575458,9.152663016435767,9.179917244035085
1748023173.8491132,-21.50785592130694,115.29811902132171,16.212434770613953,-20.522931208037104,124.32531796774587,15.5,0.03425097465515137,-0.9849247132698373,-9.027198946424164,0.7124347706139531,9.080770755235,9.108675030514096
1748023173.973724,-21.47408295279647,115.48654759325687,16.21509574398753,-20.522931208037104,124.32531796774587,15.5,0.09035968780517578,-0.9511517447593647,-8.838770374489002,0.7150957439875292,8.889800412523513,8.918515195791972
1748023174.0749283,-21.433575911927168,115.73209890368835,16.226881349141426,-20.585235188474194,124.51085045193291,15.5,0.017445802688598633,-0.8483407234529743,-8.778751548244557,0.7268813491414257,8.819646292730503,8.849548984247987
1748023174.2230637,-21.408495377721867,115.91080778925573,16.232814724277368,-20.647539168911273,124.69638293691092,15.5,0.05796408653259277,-0.7609562088105939,-8.785575147655194,0.7328147242773682,8.818468405954857,8.848864472176173
1748023174.3108983,-21.36064294015374,116.17504270681368,16.240296121182148,-20.647539168911273,124.69638293691092,15.5,0.02987051010131836,-0.7131037712424657,-8.521340230097238,0.7402961211821477,8.551126025596504,8.583111012486743
1748023174.4127247,-21.330297287919915,116.37425060274929,16.243018296218086,-20.69738235379218,124.88191542109796,15.5,0.07036423683166504,-0.6329149341277365,-8.507664818348672,0.7430182962180858,8.531174712500597,8.563469983816402
1748023174.5567148,-21.296721831631018,116.5781846214767,16.23996380429814,-20.69738235379218,124.88191542109796,15.5,0.07362580299377441,-0.5993394778388392,-8.303730799621263,0.7399638042981387,8.325332005528363,8.358151675696385
1748023174.6659582,-21.264150386308252,116.68675339257621,16.233710884537643,-20.759686334229265,125.06744790607594,15.5,0.01314234733581543,-0.5044640520789869,-8.380694513499733,0.7337108845376434,8.395863535601594,8.427861897927224
1748023174.8143318,-21.239347340745756,116.91069514172916,16.239118497788212,-20.82199031466635,125.25298039105397,15.5,0.0800020694732666,-0.4173570260794044,-8.342285249324803,0.7391184977882119,8.352718723165532,8.385356654435919
1748023174.9376352,-21.217163380869305,117.15711797409688,16.239211752171858,-20.82199031466635,125.25298039105397,15.5,0.04330134391784668,-0.395173066202954,-8.09586241695709,0.7392117521718582,8.105501219946275,8.139139023330387
1748023175.0234675,-21.190802603593397,117.38360412783541,16.237675848036226,-20.89675509119085,125.43851287524099,15.5,0.05324721336364746,-0.2940475124025461,-8.054908747405577,0.7376758480362255,8.060274118699748,8.093959755605225
1748023175.186359,-21.17622794324866,117.6253043004662,16.245411385872348,-20.996441460421426,125.62404536021899,15.5,0.09881210327148438,-0.17978648282723242,-7.998741059752788,0.7454113858723481,8.000761321298276,8.035410372505606
1748023175.2440708,-21.148347133275795,118.00744628858519,16.251293898632937,-20.996441460421426,125.62404536021899,15.5,0.041100263595581055,-0.15190567285436885,-7.6165990716338,0.7512938986329374,7.618113726603076,7.655070167776471
1748023175.3464825,-21.121935541551768,118.2273936091793,16.256585276975485,-20.996441460421426,125.62404536021899,15.5,0.06131148338317871,-0.12549408113034133,-7.396651751039684,0.7565852769754855,7.3977162618308885,7.436304671803949
1748023175.4450607,-21.12872492442488,118.12382451503316,16.258416408141976,-21.083667033033347,125.80957784440602,15.5,0.022125959396362305,-0.045057891391532934,-7.685753329372858,0.7584164081419758,7.685885404658505,7.723213702965988
1748023175.5167556,-21.12111206761721,118.3086141798609,16.267557685498854,-21.083667033033347,125.80957784440602,15.5,0.049568891525268555,-0.03744503458386461,-7.500963664545125,0.7675576854988542,7.501057127328202,7.540225648348303
1748023175.676556,-21.103301738823042,118.51949205146302,16.273752090507674,-21.195814198351336,125.99511032938403,15.5,0.003974199295043945,0.09251245952829379,-7.475618277921015,0.7737520905076742,7.476190687265456,7.516123967173488
1748023175.82793,-21.0867819676773,118.72987321998306,16.2746169812382,-21.320422159756742,126.16208956515236,15.5,0.05807137489318848,0.23364019207944153,-7.432216345169294,0.7746169812382,7.435887811200256,7.476125935829272
1748023175.9268076,-21.061827490522543,119.21264820351492,16.280125515191532,-21.320422159756742,126.16208956515236,15.5,0.04080629348754883,0.25859466923419916,-6.94944136163744,0.7801255151915321,6.954250961950796,6.997871266409981
1748023176.044831,-21.054981989782604,119.42987736578587,16.282933845065582,-21.445030120630914,126.34762205013037,15.5,0.05158400535583496,0.39004813084831014,-6.917744684344498,0.7829338450655818,6.928732139587648,6.9728268634682165
1748023176.1281407,-21.049385602671368,119.65788389548337,16.28542726251643,-21.445030120630914,126.34762205013037,15.5,0.03172564506530762,0.39564451795954625,-6.689738154647003,0.7854272625164285,6.701427546600152,6.747297766293954
1748023176.2628202,-21.04602436288027,119.86940307718595,16.2885998298726,-21.59455967421115,126.51460128668967,15.5,0.02199101448059082,0.5485353113308804,-6.645198209503718,0.7885998298725987,6.667799504436849,6.714271362035004
1748023176.3333056,-21.026110288831003,119.95850888928113,16.280238860709595,-21.59455967421115,126.51460128668967,15.5,0.04849433898925781,0.5684493853801484,-6.556092397408534,0.7802388607095949,6.580690102648585,6.6267831492254565
1748023176.4310288,-21.021146835075903,120.15284975145887,16.274858936677415,-21.731628431172737,126.68158052245799,15.5,0.04732370376586914,0.7104815960968338,-6.528730770999118,0.7748589366774148,6.56727565879361,6.612829647762893
1748023176.5825944,-21.025754355544503,120.38707407973378,16.274257807071844,-21.88115798475298,126.84855975901729,15.5,0.09632754325866699,0.8554036292084781,-6.461485679283513,0.7742578070718444,6.517861041204312,6.5636870510606045
1748023176.7355251,-21.02433827090381,120.60878798815386,16.26964376488924,-21.88115798475298,126.84855975901729,15.5,0.056603193283081055,0.8568197138491698,-6.2397717708634275,0.7696437648892385,6.298324521212343,6.345174804474465
1748023176.8589473,-21.017819315185402,120.70102214048659,16.258619245699073,-22.043148334420643,127.01553899478562,15.5,0.03577446937561035,1.0253290192352402,-6.314516854299029,0.758619245699073,6.397219919692647,6.442043609046545
1748023176.9715269,-21.02053424081828,120.85948239355886,16.260268415380025,-22.043148334420643,127.01553899478562,15.5,0.07680511474609375,1.022614093602364,-6.1560566012267515,0.7602684153800254,6.240414446328196,6.2865555374438635
1748023177.1046598,-21.026971969157074,121.06826390316313,16.257719869613148,-22.2051386840883,127.16396498292622,15.399999999999991,0.010496139526367188,1.1781667149312263,-6.095701079763089,0.857719869613156,6.208514191173015,6.26748209704072
1748023177.1884985,-21.028578225182223,121.52295098120054,16.261051111618595,-22.36712903375596,127.31239097027584,15.399999999999991,0.08325529098510742,1.3385508085737357,-5.789439989075305,0.8610511116186039,5.94216573769511,6.0042270669135505
1748023177.3100364,-21.0307836701965,121.72624432306853,16.259695406448266,-22.36712903375596,127.31239097027584,15.399999999999991,0.03828263282775879,1.3363453635594595,-5.586146647207315,0.8596954064482745,5.743766472865379,5.8077473676702445
1748023177.4452512,-21.03407433535833,121.91650368516294,16.25108016287992,-22.52911938289238,127.44226370999773,15.399999999999991,0.03838634490966797,1.4950450475340489,-5.525760024834796,0.8510801628799278,5.724437399973759,5.787358723102107
1748023177.5185945,-21.038216863644095,122.06990134357757,16.24508425355111,-22.52911938289238,127.44226370999773,15.399999999999991,0.034956932067871094,1.4909025192482837,-5.3723623664201625,0.8450842535511178,5.575398435809635,5.6390810522308135
1748023177.6670177,-21.04115357976849,122.24788461149211,16.24417379006578,-22.70357052864746,127.57213644892866,15.399999999999991,0.012889623641967773,1.6624169488789704,-5.324251837436549,0.8441737900657884,5.577749343630146,5.641269106167562
1748023177.8351195,-21.03931751365567,122.42438970723785,16.235652360338698,-22.86556087831511,127.68345593944086,15.399999999999991,0.055040836334228516,1.8262433646594403,-5.259066232203011,0.835652360338706,5.567130541101099,5.629498852384665
1748023177.9440343,-21.035494244533854,122.74403286538309,16.2259200524108,-22.86556087831511,127.68345593944086,15.399999999999991,0.05387401580810547,1.8300666337812572,-4.939423074057771,0.8259200524108081,5.267546315754023,5.331902861229568
1748023178.044468,-21.045097052265202,122.93600958145146,16.22623328314701,-23.027551227982773,127.79477543074407,15.399999999999991,0.03594470024108887,1.9824541757175709,-4.85876584929261,0.8262332831470189,5.24764043519296,5.312286849865326
1748023178.2000573,-21.062473702443143,123.16667806869211,16.22958512773953,-23.1895415771192,127.90609492125628,15.399999999999991,0.07594847679138184,2.127067874676058,-4.739416852564176,0.8295851277395379,5.194852244852421,5.260674988061405
1748023178.357911,-21.052290761730973,123.34243049335531,16.227072866530825,-23.1895415771192,127.90609492125628,15.399999999999991,0.08190536499023438,2.137250815388228,-4.563664427900974,0.827072866530834,5.039332699709989,5.106752743663815
1748023178.4918325,-21.05610530886138,123.54071401863075,16.22053016109584,-23.35153192678685,127.9803079149311,15.399999999999991,0.013038396835327148,2.2954266179254716,-4.439593896300352,0.8205301610958493,4.997897290095917,5.064804741311958
1748023178.6613586,-21.067881194562975,123.74130050969154,16.217536460924354,-23.513522276454513,128.0359676601872,15.399999999999991,0.02277827262878418,2.4456410818915373,-4.2946671504956555,0.8175364609243623,4.942198522417132,5.009360448193243
1748023178.7225933,-21.076396703926072,123.8928939747629,16.2182344447415,-23.513522276454513,128.0359676601872,15.399999999999991,0.03845643997192383,2.4371255725284406,-4.143073685424298,0.8182344447415097,4.806728681663586,4.875874098629783
1748023178.8333938,-21.092032309497196,124.0866785163725,16.21691571361221,-23.67551262612217,128.0916274062343,15.399999999999991,0.05823945999145508,2.583480316624975,-4.004948889861794,0.816915713612218,4.765919235236146,4.8354252594720615
1748023178.9498808,-21.12639093088299,124.40779782071588,16.216965452766924,-23.67551262612217,128.0916274062343,15.399999999999991,0.05824756622314453,2.5491216952391795,-3.68382958551841,0.816965452766933,4.479801539385401,4.5536858019954005
1748023179.093712,-21.141577489145533,124.50100689029624,16.223874741545664,-23.83750297525859,128.1287339030717,15.399999999999991,0.026267528533935547,2.695925486113058,-3.627727012775452,0.8238747415456729,4.519780692234374,4.594255880515536
1748023179.1602902,-21.162375614041355,124.79425537557063,16.2329252311772,-23.83750297525859,128.1287339030717,15.399999999999991,0.09284567832946777,2.6751273612172355,-3.334478527501062,0.8329252311772102,4.274933151418715,4.3553206414488415
1748023179.262466,-21.18161605707902,124.97739970798037,16.234775332570823,-23.999493324926252,128.16584039990911,15.399999999999991,0.021456480026245117,2.8178772678472335,-3.188440691928747,0.8347753325708318,4.255183467560154,4.336292909671347
1748023179.4670386,-21.209643288253307,125.17676627623231,16.237704973071388,-24.149022878506493,128.2029468967465,15.399999999999991,0.007813215255737305,2.9393795902531856,-3.0261806205141966,0.8377049730713964,4.218734587950832,4.301101154992896
1748023179.6227038,-21.216826613221674,125.3479295439276,16.24379123707682,-24.31101322817415,128.2215001451652,15.399999999999991,0.05555582046508789,3.094186614952477,-2.8735706012376028,0.8437912370768288,4.222724098073199,4.306202789026052
1748023179.7631807,-21.230402069258815,125.53786878648569,16.231446211790054,-24.31101322817415,128.2215001451652,15.399999999999991,0.08492112159729004,3.0806111589153353,-2.68363135867952,0.8314462117900625,4.085589600256219,4.169333901814751
1748023179.901111,-21.239187779234644,125.69381684488455,16.222496357550817,-24.460542781223158,128.2215001451652,15.5,0.011772394180297852,3.2213550019885133,-2.527683300280657,0.722496357550817,4.094668596523305,4.157921584401072
1748023180.025664,-21.265901143011952,125.88236041240293,16.222625385451998,-24.610072334803398,128.2400533935839,15.5,0.05239295959472656,3.344171191791446,-2.357692981180975,0.7226253854519982,4.091723005473105,4.155043273086034
1748023180.1524763,-21.29920270252778,126.08722912007661,16.221229372618676,-24.610072334803398,128.2400533935839,15.5,0.07441926002502441,3.310869632275619,-2.152824273507292,0.7212293726186765,3.949241708800196,4.014558740690566
1748023180.2497334,-21.316312830435013,126.22153582540463,16.217940835428383,-24.759601888383642,128.2400533935839,15.5,0.03092813491821289,3.443289057948629,-2.018517568179277,0.7179408354283829,3.9913221756251573,4.055378126983074
1748023180.4205103,-21.33333564616307,126.38952137906159,16.20302067509401,-24.896670645876465,128.2215001451652,15.5,0.06845545768737793,3.563334999713394,-1.8319787661036173,0.7030206750940096,4.006682233424181,4.067891418074802
1748023180.5811632,-21.39182886600841,126.75063776354393,16.201634505373235,-24.896670645876465,128.2215001451652,15.5,0.09219741821289062,3.5048417798680553,-1.4708623816212736,0.7016345053732351,3.8009672515791664,3.8651834402402723
1748023180.7142427,-21.42534363886096,126.93293992228787,16.19561988419712,-25.04620019892547,128.2215001451652,15.5,0.027575016021728516,3.62085656006451,-1.2885602228773365,0.6956198841971215,3.843304525606043,3.905749185474447
1748023180.8504915,-21.462642417133722,127.12337289393933,16.189645397886846,-25.17080816033087,128.2215001451652,15.5,0.04080319404602051,3.7081657431971493,-1.0981272512258755,0.6896453978868458,3.867347493942814,3.928356833808796
1748023180.9647112,-21.461048444054246,127.17405279167174,16.185172962012388,-25.17080816033087,128.2215001451652,15.5,0.07341647148132324,3.7097597162766256,-1.0474473534934674,0.6851729620123876,3.854797415020574,3.9152171202529913
1748023181.0501533,-21.48879852949695,127.34559030166463,16.172191551766545,-25.307876917292464,128.2029468967465,15.5,0.031510114669799805,3.819078387795514,-0.8573565950818818,0.6721915517665451,3.9141308183627666,3.971430667344389
1748023181.1410246,-21.533657647580466,127.53554431073557,16.171533813795186,-25.307876917292464,128.2029468967465,15.5,0.05936121940612793,3.774219269711999,-0.6674025860109367,0.6715338137951861,3.8327741007890697,3.8911585640718585
1748023181.2951632,-21.574002789995834,127.71093137378895,16.169959061145697,-25.43248487869787,128.2029468967465,15.5,0.00996541976928711,3.8584820887020364,-0.49201552295755846,0.6699590611456969,3.8897253506726703,3.9469999299818657
1748023181.3792224,-21.650962503626893,128.00614950712105,16.17844073136389,-25.43248487869787,128.2029468967465,15.5,0.094024658203125,3.7815223750709777,-0.19679738962545912,0.6784407313638887,3.786639761810706,3.846936769911797
1748023181.4824598,-21.702180090456135,128.18363204892984,16.187089953008904,-25.55709284010328,128.2029468967465,15.5,0.0004229545593261719,3.854912749647145,-0.019314847816673364,0.6870899530089041,3.8549611373836563,3.9157142355212886
1748023181.6651535,-21.739741118238037,128.34578837962835,16.181581465625253,-25.66924000489003,128.2029468967465,15.5,0.02114415168762207,3.929498886651995,0.14284148288183474,0.6815814656252535,3.9320942498153766,3.9907290666888198
1748023181.8287482,-21.759912418006685,128.47981173455008,16.17266041658375,-25.79384796629544,128.2029468967465,15.5,0.06476426124572754,4.033935548288756,0.2768648378035721,0.6726604165837493,4.043425546014135,4.098995264964127
1748023181.9422026,-21.8042221656879,128.6377410018301,16.175754546270536,-25.79384796629544,128.2029468967465,15.5,0.048690080642700195,3.9896258006075414,0.43479410508359706,0.6757545462705359,4.013248053969354,4.06974251636318
1748023182.0451016,-21.869476534072863,128.83599339833853,16.182773507955023,-25.905995131082197,128.1843936483278,15.5,0.03267979621887207,4.036518597009334,0.6515997500107176,0.682773507955023,4.088772996660029,4.145388314908681
1748023182.149119,-21.92030073929897,129.01804695738764,16.18337784388835,-25.905995131082197,128.1843936483278,15.5,0.07133746147155762,3.985694391783227,0.8336533090598266,0.6833778438883513,4.071945189267491,4.128891243653211
1748023182.2174196,-21.984785341346516,129.24937519045233,16.19017283393372,-26.030603092487596,128.1843936483278,15.5,0.05766487121582031,4.0458177511410796,1.0649815421245137,0.690172833933719,4.183638005434286,4.240184606973412
1748023182.3345177,-22.02435760221343,129.40248289924918,16.18935660518405,-26.030603092487596,128.1843936483278,15.5,0.0594332218170166,4.006245490274164,1.2180892509213663,0.6893566051840487,4.187331411717044,4.243696134345994
1748023182.4431365,-22.06739109203614,129.55849611641338,16.18642174575232,-26.142750257274354,128.1843936483278,15.399999999999991,0.03549933433532715,4.075359165238215,1.3741024680855674,0.7864217457523281,4.300780152308412,4.372089784151522
1748023182.5739295,-22.103976517680245,129.69554423821904,16.18350797926289,-26.142750257274354,128.1843936483278,15.399999999999991,0.09529376029968262,4.0387737395941095,1.5111505898912299,0.7835079792629003,4.312223257782881,4.382824908495916
1748023182.6551695,-22.13920862395326,129.76861001016925,16.189266276103815,-26.25489742259234,128.1843936483278,15.399999999999991,0.01751995086669922,4.115688798639081,1.5842163618414418,0.7892662761038238,4.410060744294723,4.480131362244206
1748023182.755959,-22.18357183540639,129.90162743437222,16.186733972785316,-26.25489742259234,128.1843936483278,15.399999999999991,0.08326959609985352,4.0713255871859495,1.7172337860444031,0.7867339727853242,4.418663136380438,4.488154883328113
1748023182.8754485,-22.221946111310114,130.03181750174573,16.178921039214686,-26.379505383997756,128.1843936483278,15.399999999999991,0.026635408401489258,4.157559272687642,1.8474238534179221,0.7789210392146941,4.549535580703653,4.6157330929571545
1748023183.0142558,-22.265155768694843,130.1753571238895,16.173824384442714,-26.47919175269709,128.16584039990911,15.399999999999991,0.07015275955200195,4.214035984002248,2.009516723980397,0.7738243844427224,4.668646135489677,4.732342011771852
1748023183.1532614,-22.32527953125251,130.3393197329608,16.175469295059226,-26.47919175269709,128.16584039990911,15.399999999999991,0.06885290145874023,4.153912221444582,2.173479333051688,0.775469295059235,4.688176527677842,4.751878763420752
1748023183.279373,-22.385818331337198,130.5180302152855,16.17478744850225,-26.603799714102493,128.16584039990911,15.399999999999991,0.007799386978149414,4.217981382765295,2.3521898153763914,0.7747874485022592,4.829509692806822,4.891263585544301
1748023183.3444242,-22.444272448462936,130.66694988948058,16.175369648514454,-26.603799714102493,128.16584039990911,15.399999999999991,0.057251930236816406,4.159527265639557,2.501109489571462,0.775369648514463,4.853577624023676,4.915120938925181
1748023183.4566717,-22.505961877841933,130.81767315914914,16.17957848472132,-26.715946878889252,128.1843936483278,15.399999999999991,0.023604631423950195,4.209985001047318,2.6332795108213247,0.779578484721327,4.965695791241624,5.026517413179346
1748023183.5726209,-22.544291338119802,130.93216535460363,16.168382108903963,-26.715946878889252,128.1843936483278,15.399999999999991,0.09234452247619629,4.17165554076945,2.747771706275813,0.7683821089039711,4.995293715152528,5.054044950920605
1748023183.6740124,-22.6040563895391,131.07232680792373,16.169072626162205,-26.828094044207237,128.1843936483278,15.399999999999991,0.00831294059753418,4.2240376546681375,2.8879331595959172,0.7690726261622132,5.116898674231097,5.174371918084359
1748023183.8072414,-22.645605730582663,131.17166352797975,16.163882920893958,-26.940241208993996,128.1843936483278,15.399999999999991,0.07317066192626953,4.294635478411333,2.987269879651933,0.7638829208939661,5.231412354833541,5.286888720517816
1748023183.9064896,-22.697764559914724,131.29406644307116,16.158391060490572,-26.940241208993996,128.1843936483278,15.399999999999991,0.0260775089263916,4.242476649079272,3.1096727947433465,0.758391060490581,5.260101996002528,5.314492450740881
1748023184.0419853,-22.765453832557235,131.42718462005274,16.163289980607455,-27.0648491703994,128.2029468967465,15.399999999999991,0.041712045669555664,4.299395337842164,3.2242377233062314,0.763289980607464,5.374058909934825,5.4279941748260585
1748023184.130433,-22.8032771599634,131.52926966412994,16.15522003434047,-27.0648491703994,128.2029468967465,15.399999999999991,0.04673576354980469,4.261572010435998,3.326322767383431,0.7552200343404785,5.406053935445417,5.458550764920495
1748023184.282761,-22.863086125033448,131.66346757260473,16.151323133063354,-27.189457131273574,128.2215001451652,15.399999999999991,0.006516456604003906,4.326371006240127,3.441967427439522,0.7513231330633623,5.52852836252016,5.579346942561108
1748023184.34923,-22.909673173969846,131.79131881724737,16.155152138484997,-27.189457131273574,128.2215001451652,15.399999999999991,0.07298541069030762,4.279783957303728,3.569818672082164,0.7551521384850055,5.573163919421429,5.62409200004759
1748023184.4657676,-22.93824349175767,131.8764641921371,16.145305114568533,-27.314065092678977,128.2586066420026,15.399999999999991,0.00036644935607910156,4.375821600921306,3.617857550134488,0.7453051145685414,5.677737924222517,5.726446336949002
1748023184.580722,-22.975413316294976,131.9740103531156,16.138303018014245,-27.438673054084386,128.27715989042133,15.399999999999991,0.09698843955993652,4.463259737789411,3.6968504626942718,0.7383030180142534,5.795462952214849,5.842301102896341
1748023184.7037716,-23.04288878685459,132.11307416573334,16.13937487964463,-27.438673054084386,128.27715989042133,15.399999999999991,0.026061058044433594,4.395784267229796,3.835914275312007,0.7393748796446395,5.834137267117344,5.880802059601816
1748023184.8126135,-23.096883049771627,132.23374463345743,16.138660347683057,-27.563281014958555,128.31426638725873,15.399999999999991,0.08339905738830566,4.466397965186928,3.9194782461987074,0.7386603476830658,5.942307675125113,5.988041383882554
1748023184.9140446,-23.112115775241087,132.3035290264009,16.140467363667657,-27.563281014958555,128.31426638725873,15.399999999999991,0.018032073974609375,4.451165239717469,3.9892626391421686,0.7404673636676655,5.977214099839876,6.022904640784342
1748023185.0219383,-23.144362257718054,132.3849644382981,16.1318509495241,-27.687888976363965,128.35137288409612,15.399999999999991,0.08130240440368652,4.543526718645911,4.0335915542019904,0.7318509495241088,6.075647773627015,6.119567115531804
1748023185.1208675,-23.19522169923779,132.49586235112568,16.128642022564083,-27.687888976363965,128.35137288409612,15.399999999999991,0.01762676239013672,4.4926672771261735,4.144489467029558,0.7286420225640917,6.112352428098306,6.155629245034625
1748023185.2007475,-23.253689734574042,132.62176143909215,16.128377958218685,-27.812496937238134,128.38847938172452,15.399999999999991,0.08087468147277832,4.558807202664092,4.2332820573676315,0.7283779582186938,6.2212056780251785,6.263699748416391
1748023185.31234,-23.290790818338582,132.71555061752824,16.124454946232873,-27.812496937238134,128.38847938172452,15.399999999999991,0.030717849731445312,4.5217061188995515,4.327071235803714,0.724454946232882,6.258543896579581,6.300333854212395
1748023185.430473,-23.325305993690247,132.81255768721638,16.11758080457266,-27.949565694730964,128.42558587856192,15.399999999999991,0.044088125228881836,4.624259701040717,4.386971808654465,0.7175808045726697,6.374111658309589,6.414376169487519
1748023185.5729892,-23.389056454028623,132.97257157157668,16.109651684740406,-27.949565694730964,128.42558587856192,15.399999999999991,0.09842801094055176,4.560509240702341,4.546985693014761,0.7096516847404146,6.439978526906155,6.478960483030228
1748023185.672119,-23.42575642564953,133.0964951459938,16.11382404508269,-28.074173656136367,128.4626923753993,15.399999999999991,0.009293317794799805,4.648417230486835,4.633802770594485,0.7138240450826991,6.563528842433469,6.602231110222836
1748023185.8068855,-23.46506393002357,133.18533910800488,16.11337246098909,-28.211242413097953,128.51835212065544,15.399999999999991,0.07834315299987793,4.746178483074381,4.666986987349446,0.713372460989099,6.656348678764304,6.694466222290239
1748023185.8918023,-23.508485945747925,133.2960609662222,16.10767392858675,-28.211242413097953,128.51835212065544,15.399999999999991,0.006573677062988281,4.702756467350028,4.777708845566764,0.7076739285867575,6.703910814159852,6.741158846475199
1748023186.0282314,-23.557728280919214,133.40788392413154,16.106118880469506,-28.33585037450336,128.55545861749286,15.399999999999991,0.0524442195892334,4.778122093584145,4.852425306638679,0.7061188804695142,6.810028054105534,6.846538247250207
1748023186.129783,-23.61396314975347,133.5589300538191,16.109272035967276,-28.33585037450336,128.55545861749286,15.399999999999991,0.04910731315612793,4.721887224749889,5.003471436326237,0.7092720359672846,6.879748932729213,6.916213718386233
1748023186.2261426,-23.62491174624352,133.62805718213238,16.095932302164854,-28.472919131996186,128.61111836274895,15.399999999999991,0.038414955139160156,4.848007385752666,5.016938819383427,0.6959323021648629,6.976593060351791,7.011217618855177
1748023186.3437076,-23.656658198951455,133.71895998105902,16.08904119679483,-28.472919131996186,128.61111836274895,15.399999999999991,0.07914996147155762,4.816260933044731,5.1078416183100614,0.6890411967948395,7.020428432290529,7.054161406134234
1748023186.450586,-23.712644360605566,133.83610886758095,16.09160941157126,-28.609987888957775,128.66677810800505,15.399999999999991,0.03541302680969238,4.897343528352209,5.1693307595758995,0.6916094115712674,7.120811339769564,7.1543188155662145
1748023186.557861,-23.774352533217932,133.967315542226,16.09114580065713,-28.609987888957775,128.66677810800505,15.399999999999991,0.07186198234558105,4.835635355739843,5.300537434220956,0.6911458006571394,7.174891384910219,7.208103003080969
1748023186.6683924,-23.794955647227578,134.04187974783275,16.08430363929736,-28.734595850363178,128.70388460563345,15.399999999999991,0.012941122055053711,4.9396402031356,5.337995142199304,0.6843036392973687,7.272842461828585,7.3049646778976625
1748023186.8416398,-23.807127349795262,134.1005712053376,16.077445827416,-28.871664607324767,128.75954435088957,15.399999999999991,0.05054140090942383,5.064537257529505,5.3410268544480175,0.6774458274160082,7.360441935973639,7.391551822311924
1748023186.9705672,-23.743347144516125,134.00219870299168,16.072550745328453,-28.871664607324767,128.75954435088957,15.399999999999991,0.07838606834411621,5.128317462808642,5.242654352102107,0.6725507453284614,7.33383014903967,7.36460380197096
1748023187.1191304,-23.756885462847414,134.0835240826251,16.057094223413525,-29.02119416090501,128.81520409614566,15.399999999999991,0.031641483306884766,5.264308698057597,5.26831998647944,0.6570942234135337,7.447693706670784,7.4766245302828365
1748023187.2549725,-23.853501467401287,134.28839627120394,16.056414544214356,-29.170723714485252,128.85231059298306,15.399999999999991,0.04207205772399902,5.317222247083965,5.436085678220877,0.6564145442143641,7.60420146536392,7.632480591504896
1748023187.3792822,-23.898086691494683,134.4070279446517,16.058907157094964,-29.170723714485252,128.85231059298306,15.399999999999991,0.08223772048950195,5.272637022990569,5.554717351668643,0.6589071570949727,7.658693493876064,7.686985408780904
1748023187.5420463,-23.906564530557187,134.45595070573535,16.062227798518183,-29.33271406415291,128.90797033823918,15.399999999999991,0.06177568435668945,5.426149533595723,5.547980367496166,0.6622277985181917,7.760359844689161,7.788564089496486
1748023187.6297808,-23.96262475028006,134.58868145242354,16.05705003551466,-29.494704413289334,128.94507683507658,15.399999999999991,0.055406808853149414,5.532079663009274,5.643604617346966,0.6570500355146685,7.902795611353035,7.930062624216194
1748023187.7601955,-23.999358018506047,134.6819374943598,16.05293185982908,-29.494704413289334,128.94507683507658,15.399999999999991,0.07500791549682617,5.495346394783287,5.736860659283224,0.6529318598290885,7.944205575303878,7.9709925502580345
1748023187.8686688,-24.05121850567048,134.79130288300456,16.0489864068237,-29.65669476295699,128.98218333191397,15.5,0.01900339126586914,5.6054762572865116,5.809119551090589,0.5489864068237011,8.07262250014614,8.09126813946633
1748023187.968274,-24.079437558381546,134.86792625954305,16.04480724398692,-29.65669476295699,128.98218333191397,15.5,0.08060193061828613,5.577257204575446,5.885742927629082,0.54480724398692,8.108499721657791,8.126781815037555
1748023188.1181638,-24.110853184986517,134.9616039769827,16.037919371813366,-29.831145908712067,129.00073658112368,15.5,0.04698538780212402,5.720292723725549,5.960867395859026,0.5379193718133664,8.261579083693542,8.279072786652785
1748023188.2718403,-24.154511300559246,135.060054031752,16.032973215373808,-30.005597054467145,129.01928982954237,15.5,0.009373903274536133,5.851085753907899,6.04076420220963,0.5329732153738078,8.409877326470422,8.426748904208978
1748023188.4287937,-24.19746559346676,135.1530575821277,16.033632912678286,-30.18004820022222,129.03784307796107,15.5,0.07343459129333496,5.982582606755461,6.11521450416663,0.5336329126782857,8.554948455637993,8.571575535694496
1748023188.5542047,-24.246946362797082,135.25768317464244,16.02892256382754,-30.18004820022222,129.03784307796107,15.5,0.05197644233703613,5.933101837425138,6.2198400966813665,0.528922563827539,8.595819230390017,8.612076829665927
1748023188.6338804,-24.296456228526818,135.35295998017887,16.026842880953986,-30.34203854935864,129.01928982954237,15.5,0.05063509941101074,6.045582320831823,6.333670150636493,0.5268428809539856,8.755823386467888,8.771659284093854
1748023188.7851465,-24.34807080311418,135.4615498822139,16.023887078551578,-30.34203854935864,129.01928982954237,15.5,0.1006309986114502,5.993967746244461,6.442260052671514,0.5238870785515779,8.799452478948114,8.815033839999675
1748023188.866655,-24.383188623533552,135.52671525573345,16.01755093027407,-30.5040288990263,129.00073658112368,15.5,0.03822445869445801,6.120840275492746,6.5259786746097745,0.5175509302740693,8.947238866798834,8.9621951722211
1748023189.010594,-24.436285379272263,135.62116295010378,16.018473237963814,-30.64109765651912,128.96363008349527,15.5,0.07523822784423828,6.204812277246855,6.657532866608506,0.5184732379638142,9.100683450480286,9.115440404299205
1748023189.1136932,-24.509384632591555,135.72891636918018,16.013199261751797,-30.64109765651912,128.96363008349527,15.5,0.02786111831665039,6.1317130239275635,6.765286285684908,0.5131992617517973,9.13055327650407,9.144964549813292
1748023189.180677,-24.56568393487881,135.82659111955016,16.008612928713795,-30.64109765651912,128.96363008349527,15.5,0.09484481811523438,6.0754137216403095,6.862961036054884,0.508612928713795,9.165745254560749,9.179846032628092
1748023189.3188825,-24.620620240037585,135.9173412560142,16.00263358250243,-30.790627210099366,128.90797033823918,15.5,0.041210174560546875,6.170006970061781,7.009370917775016,0.5026335825024297,9.338108302732472,9.351625911670139
1748023189.4389582,-24.6864839454259,136.011879154032,15.999651415841072,-30.915235170973535,128.85231059298306,15.5,0.049538373947143555,6.2287512255476365,7.159568561048928,0.49965141584107187,9.489824224405918,9.502968764942532
1748023189.493885,-24.76575219798845,136.0866957008139,15.997248164082581,-30.915235170973535,128.85231059298306,15.5,0.005388498306274414,6.1494829729850835,7.234385107830832,0.4972481640825812,9.494865387325824,9.507876969130463
1748023189.5589335,-24.840998971320552,136.17826148132332,15.998682161786437,-30.915235170973535,128.85231059298306,15.5,0.07043695449829102,6.074236199652983,7.325950888340259,0.4986821617864372,9.516611888038103,9.529668710193032
1748023189.667128,-24.908406236464483,136.26714163672892,15.99301785045407,-31.039843132378937,128.75954435088957,15.5,0.02260422706604004,6.1314368959144545,7.507597285839353,0.4930178504540699,9.693221106264083,9.705750976394864
1748023189.7613924,-24.977674466859032,136.35324066202412,15.986993609134878,-31.039843132378937,128.75954435088957,15.5,0.07166004180908203,6.062168665519906,7.593696311134551,0.48699360913487766,9.716692471975733,9.72888870171142
1748023189.8850975,-25.052360100916314,136.442125212688,15.980782425515564,-31.151990297165696,128.68533135721475,15.5,0.006628990173339844,6.099630196249382,7.756793855473262,0.4807824255155637,9.867793038329545,9.879498529175944
1748023189.9851573,-25.186312794271643,136.56318421617235,15.984859398301538,-31.25167666639627,128.57401186591153,15.5,0.10038042068481445,6.065363872124628,7.989172350260816,0.4848593983015377,10.030728475212884,10.042440061039345
1748023190.088401,-25.264948912131395,136.64387933166103,15.983905963251093,-31.25167666639627,128.57401186591153,15.5,0.0028634071350097656,5.9867277542648765,8.069867465749496,0.48390596325109314,10.048067979390245,10.059713470060544
1748023190.189274,-25.350409112642094,136.72162010677636,15.983321358697399,-31.326441442920768,128.4626923753993,15.5,0.09985971450805664,5.976032330278674,8.258927731377042,0.483321358697399,10.194255719994702,10.205706698725855
1748023190.3115726,-25.434568632252454,136.79140076111918,15.981960271730177,-31.326441442920768,128.4626923753993,15.5,0.022438764572143555,5.891872810668314,8.328708385719864,0.48196027173017697,10.202036492360381,10.213414428827372
1748023190.410961,-25.430269337556954,136.7361157747419,15.97507717186712,-31.388745423357857,128.35137288409612,15.5,0.07011055946350098,5.958476085800903,8.384742890645782,0.4750771718671203,10.286270004588458,10.297235013659032
1748023190.5092418,-25.519357153241547,136.8300935689229,15.967565427119556,-31.388745423357857,128.35137288409612,15.5,0.028170347213745117,5.8693882701163105,8.478720684826783,0.4675654271195562,10.312052323213283,10.322646973781772
1748023190.6394236,-25.598055023563397,136.89962478888037,15.963389401336364,-31.43858860823876,128.2215001451652,15.5,0.043759822845458984,5.840533584675363,8.678124643715165,0.4633894013363644,10.460481818997502,10.470740643471606
1748023190.7391253,-25.660907980892322,136.97009476108641,15.950774114061783,-31.43858860823876,128.2215001451652,15.5,0.05594182014465332,5.777680627346438,8.748594615921206,0.45077411406178314,10.484250148930053,10.493936272307357
1748023190.8693657,-25.746372630038238,137.0378838333097,15.942910389180518,-31.475970996501015,128.0916274062343,15.5,0.02554035186767578,5.729598366462778,8.946256427075411,0.4429103891805184,10.623737642654822,10.632966242437012
1748023190.9721,-25.8639073255412,137.11865745213606,15.94505796019123,-31.475970996501015,128.0916274062343,15.5,0.0771939754486084,5.612063670959817,9.027030045901768,0.4450579601912299,10.629324065834114,10.638637444919807
1748023191.081802,-25.935863825005455,137.19672988518002,15.932353499608173,-31.50089258867585,127.94320141809371,15.5,0.009454727172851562,5.565028763670394,9.253528467086312,0.4323534996081726,10.798024552280644,10.806676814834384
1748023191.2344062,-26.017740176528996,137.2536066113732,15.93275238005818,-31.525814180850677,127.79477543074407,15.5,0.05386614799499512,5.508074004321681,9.458831180629119,0.4327523800581794,10.945700824557829,10.954252195525351
1748023191.3654633,-26.112751233771966,137.29595253162688,15.936778124618998,-31.525814180850677,127.79477543074407,15.5,0.07719087600708008,5.413062947078711,9.501177100882813,0.4367781246189981,10.934972188870734,10.943691877128217
1748023191.4718287,-26.219562928282876,137.37045720031733,15.941219144842227,-31.525814180850677,127.62779619418477,15.5,0.017760515213012695,5.306251252567801,9.742661006132565,0.44121914484222735,11.093950866836996,11.102721295681013
1748023191.5902526,-26.298657767517216,137.42879794864928,15.935158371735442,-31.51335338476326,127.46081695841644,15.5,0.08770251274108887,5.2146956172460435,9.967980990232832,0.4351583717354419,11.249608677734892,11.25802194928841
1748023191.6735473,-26.373411119362668,137.44902480855916,15.94170967205548,-31.51335338476326,127.46081695841644,15.5,0.0044078826904296875,5.139942265400592,9.988207850142715,0.4417096720554792,11.233134137421484,11.24181524415391
1748023191.7851553,-26.446822424321248,137.48809413812495,15.942895251739468,-31.488431792588433,127.27528447343843,15.5,0.10226750373840332,5.041609368267185,10.212809664686517,0.4428952517394684,11.389438364963999,11.398046432320196
1748023191.839555,-26.527638934240912,137.52019755013322,15.946985565737847,-31.488431792588433,127.27528447343843,15.5,0.047867774963378906,4.960792858347521,10.244913076694786,0.4469855657378474,11.38278128281764,11.391554144559976
1748023191.9345486,-26.59952596901692,137.5577968885101,15.945617141439536,-31.488431792588433,127.27528447343843,15.5,0.047125816345214844,4.888905823571513,10.282512415071665,0.445617141439536,11.38558130785839,11.394298414321046
1748023192.0678806,-26.68241089396096,137.5884601828067,15.948718468013508,-31.463510200413598,127.08975198846043,15.5,0.02921581268310547,4.781099306452639,10.498708194346264,0.44871846801350834,11.536107850059105,11.544831423270402
1748023192.1717267,-26.76111325222297,137.61994175176963,15.948382587972416,-31.463510200413598,127.08975198846043,15.5,0.0746302604675293,4.7023969481906285,10.530189763309195,0.44838258797241615,11.53245132266572,11.541164605656189
1748023192.2877471,-26.845213947968805,137.64740772442235,15.951038709126182,-31.413667015532692,126.90421950427341,15.5,0.0070722103118896484,4.568453067563887,10.743188220148937,0.45103870912618227,11.67419618492343,11.68290599470915
1748023192.3659923,-26.9391293044332,137.67536355289278,15.955616932537406,-31.413667015532692,126.90421950427341,15.5,0.08531737327575684,4.47453771109949,10.771144048619362,0.4556169325374064,11.663577146148594,11.672472687197626
1748023192.4538765,-27.016611579035494,137.69839615443075,15.955976651635323,-31.351363035095606,126.71868701929539,15.5,0.025671005249023438,4.334751456060111,10.979709135135366,0.4559766516353232,11.804409467567206,11.81321283922485
1748023192.577922,-27.093903168966325,137.71794155554687,15.957067458909618,-31.351363035095606,126.71868701929539,15.5,0.09837460517883301,4.257459866129281,10.999254536251485,0.4570674589096182,11.794471792536978,11.803324765799868
1748023192.688944,-27.173354646224197,137.7233999305521,15.965260245618932,-31.289059054658516,126.53315453510837,15.5,0.0004909038543701172,4.115704408434318,11.190245395443725,0.4652602456189321,11.923112630007953,11.932186802259197
1748023192.8622,-27.24783945218528,137.7356673697663,15.96768731980757,-31.226755074221437,126.32906880171166,15.5,0.04374217987060547,3.9789156220361583,11.406598568054648,0.4676873198075704,12.08065645650226,12.089706028234868
1748023192.9386077,-27.347765333963125,137.77272185586665,15.973786832692944,-31.226755074221437,126.32906880171166,15.5,0.03266549110412598,3.8789897402583122,11.443653054154993,0.4737868326929444,12.083201423004589,12.092486534693075
1748023193.0266504,-27.421026617688526,137.7823989843195,15.978076987576316,-31.164451093253113,126.12498306831496,15.5,0.05232548713684082,3.743424475564588,11.657415916004553,0.47807698757631556,12.243715638766373,12.253045753975716
1748023193.1105037,-27.491959276944335,137.79049934400615,15.983791841638418,-31.164451093253113,126.12498306831496,15.5,0.03152775764465332,3.672491816308778,11.66551627569119,0.4837918416384177,12.22994137840697,12.239506553178803
1748023193.2260952,-27.54673695025648,137.79008236562288,15.986614963032675,-31.102147112816024,125.9023440872905,15.5,0.057581424713134766,3.555410162559543,11.887738278332378,0.48661496303267526,12.408032188794504,12.41757049186385
1748023193.3379383,-27.608965853279564,137.79291365297564,15.98889836956559,-31.102147112816024,125.9023440872905,15.5,0.05426168441772461,3.4931812595364597,11.89056956568514,0.4888983695655895,12.393060957986709,12.402700573832231
1748023193.4102304,-27.6295001543861,137.76364636720382,16.000027291065162,-31.039843132378937,125.69825835389379,15.5,0.05252480506896973,3.410342977992837,12.065388013310027,0.5000272910651624,12.538103011989906,12.548069749211642
1748023193.493584,-27.68712302586005,137.76892885083527,16.002190721543645,-31.039843132378937,125.69825835389379,15.5,0.03082871437072754,3.3527201065188876,12.070670496941474,0.502190721543645,12.52764217075142,12.537703692430838
1748023193.6282573,-27.75991756923707,137.77018860416266,16.007814953367614,-30.952617559235787,125.4941726204971,15.5,0.05530428886413574,3.192699989998715,12.276015983665559,0.507814953367614,12.68439599103363,12.69455701016045
1748023193.7170894,-27.82174044261232,137.76647532811862,16.01187203579602,-30.952617559235787,125.4941726204971,15.5,0.03352785110473633,3.1308771166234663,12.27230270762152,0.5118720357960207,12.665378212548214,12.675717662046631
1748023193.8087735,-27.872095094684504,137.76316035771947,16.01273163763559,-30.890313578798704,125.29008688789136,15.5,0.07444953918457031,3.0182184841142004,12.473073469828108,0.5127316376355893,12.833051258433375,12.843290012057304
1748023193.8982449,-27.925114745618668,137.7543886394937,16.014773141451165,-30.890313578798704,125.29008688789136,15.5,0.015021800994873047,2.965198833180036,12.464301751602335,0.5147731414511654,12.812151352340843,12.822488590848845
1748023193.9836586,-28.000650678601684,137.74665369077007,16.019551187809355,-30.82800959836161,125.06744790607594,15.5,0.09367561340332031,2.827358919759927,12.679205784694133,0.5195511878093555,12.990620377478791,13.001005777574338
1748023194.094317,-28.10538638352206,137.73631822893964,16.030882005720354,-30.82800959836161,125.06744790607594,15.5,0.0169827938079834,2.722623214839551,12.668870322863697,0.530882005720354,12.95812302872294,12.968993335317798
1748023194.1720643,-28.16525345786355,137.7305573745843,16.0345487052485,-30.82800959836161,125.06744790607594,15.5,0.09473013877868652,2.662756140498061,12.663109468508353,0.5345487052485005,12.94003909094505,12.951075399111414
1748023194.3043647,-28.241892696918363,137.74409630509496,16.032541515425052,-30.753244821305877,124.86336217267925,15.5,0.019339323043823242,2.511352124387514,12.88073413241571,0.5325415154250521,13.12326945858557,13.134070265850415
1748023194.4264908,-28.298151237086653,137.7370947522234,16.02886873434785,-30.703401636956208,124.6592764400735,15.5,0.05206799507141113,2.405250399869555,13.077818312149915,0.5288687343478493,13.297163655895806,13.307676860738956
1748023194.5893614,-28.36812365912868,137.73874620978643,16.02435634645168,-30.62863686043171,124.43663745825809,15.5,0.09792804718017578,2.260513201303027,13.302108751528337,0.524356346451679,13.492813537982064,13.50299843548892
1748023194.7077398,-28.407134018467584,137.72631837448066,16.01845729516318,-30.62863686043171,124.43663745825809,15.5,0.020450353622436523,2.2215028419641243,13.289680916222565,0.5184572951631807,13.474074874805503,13.484045820849648
1748023194.814096,-28.473480853413548,137.72211237290435,16.015069481760623,-30.553872083375964,124.25110497328009,15.5,0.08847737312316895,2.080391229962416,13.471007399624256,0.515069481760623,13.630703137785519,13.640431246902612
1748023194.9231527,-28.56270266668959,137.73300043492483,16.01167464422684,-30.553872083375964,124.25110497328009,15.5,0.02057933807373047,1.9911694166863754,13.48189546164474,0.5116746442268401,13.62814223893573,13.637744381906007
1748023195.0453455,-28.613743553651627,137.74287538604437,16.003497832395,-30.49156810293888,124.06557248909307,15.5,0.03357672691345215,1.8778245492872543,13.677302896951304,0.5034978323949986,13.805608989568638,13.814787354139218
1748023195.1715243,-28.665335490028202,137.7485545406315,15.999547767890324,-30.49156810293888,124.06557248909307,15.5,0.09260201454162598,1.8262326129106796,13.682982051538417,0.4995477678903235,13.804315389731613,13.813351199169057
1748023195.2995703,-28.708639164963667,137.7582669795651,15.990322984264036,-30.41680332641438,123.88004000411505,15.5,0.03345751762390137,1.7081641614507141,13.878226975450048,0.4903229842640364,13.98295422235852,13.991548356542658
1748023195.4079692,-28.720859674829537,137.75961602130067,15.9820466800534,-30.32957775327122,123.69450751992802,15.5,0.07552886009216309,1.608718078441683,14.065108501372649,0.4820466800534007,14.156809351378941,14.165013943270255
1748023195.5679722,-28.76728422823354,137.7656205010018,15.973882860135848,-30.32957775327122,123.69450751992802,15.5,0.08447408676147461,1.5622935250376813,14.071112981073767,0.47388286013584846,14.157576826015013,14.16550551691142
1748023195.6692042,-28.935010757035,137.76501576716606,15.973465657083743,-30.242352180659303,123.50897503495003,15.5,0.01169729232788086,1.3073414236243046,14.256040732216036,0.473465657083743,14.315859700225019,14.323686979439493
1748023195.8170252,-28.978606576971156,137.7750287763717,15.963889309216118,-30.167587404134803,123.34199579839073,15.5,0.07088708877563477,1.1889808271636468,14.433032977980972,0.4638893092161176,14.481923779348136,14.489351594949099
1748023195.8909783,-29.0023585345053,137.77504298897253,15.962614007461935,-30.167587404134803,123.34199579839073,15.5,0.0030660629272460938,1.1652288696295017,14.433047190581803,0.4626140074619354,14.480007234949136,14.487395253946767
1748023196.053863,-29.073092977792154,137.77467569684077,15.95985940387754,-30.092822627079062,123.15646331420369,15.5,0.03193783760070801,1.0197296492869086,14.618212382637083,0.4598594038775392,14.653736104540675,14.66094991782093
1748023196.146027,-29.15875970668782,137.76897168416443,15.963353207340267,-30.092822627079062,123.15646331420369,15.5,0.0602262020111084,0.9340629203912414,14.612508369960736,0.4633532073402673,14.642331590338419,14.649661108577732
1748023196.289839,-29.203193965409653,137.78147021665762,15.954696577220318,-30.042979442729393,122.98948407764439,15.5,0.016287565231323242,0.8397854773197402,14.791986139013233,0.454696577220318,14.815805532763878,14.822781201988128
1748023196.4015515,-29.262547108480245,137.78539450176072,15.94958368728506,-29.993136258379725,122.82250484187607,15.5,0.08701014518737793,0.7305891498994797,14.962889659884652,0.4495836872850596,14.980715185859248,14.987459857217525
1748023196.4842849,-29.306843895563013,137.7873372980047,15.955270440373466,-29.993136258379725,122.82250484187607,15.5,0.004276752471923828,0.6862923628167117,14.964832456128633,0.4552704403734662,14.980560992408178,14.987477400187775
1748023196.6005943,-29.356933664812136,137.8050392699729,15.944943767374681,-29.95575387011747,122.67407885373547,15.5,0.09504413604736328,0.5988202053053335,15.130960416237428,0.44494376737468144,15.142805181208198,15.149340702226992
1748023196.719689,-29.411747077354004,137.81337801963093,15.936246554946043,-29.95575387011747,122.67407885373547,15.5,0.024050474166870117,0.5440067927634651,15.139299165895466,0.4362465549460435,15.149070025089195,15.155350001955027
1748023196.8487928,-29.466052034570808,137.82100560010787,15.926849999160249,-29.943293074030052,122.52565286638584,15.5,0.04676508903503418,0.4772410394592441,15.295352733722027,0.42684999916024857,15.30279628887224,15.308748321809498
1748023196.9871635,-29.539924122718777,137.8080601607748,15.9277091582262,-29.918371481323984,122.37722687824524,15.5,0.08825135231018066,0.3784473586052073,15.430833282529562,0.42770915822620026,15.435473371311206,15.441398036463145
1748023197.1354308,-29.61582631507024,137.80278001679517,15.921722125779985,-29.918371481323984,122.37722687824524,15.5,0.06001591682434082,0.3025451662537435,15.42555313854993,0.4217221257799846,15.428519799638948,15.434282385625302
1748023197.2961984,-29.664746792781532,137.81366878855005,15.913441891894507,-29.905910685236567,122.24735413931433,15.5,0.020377635955810547,0.24116389245503456,15.566314649235721,0.4134418918945073,15.568182674353313,15.573671563892953
1748023197.389473,-29.737435280803098,137.8005196691964,15.915304468857649,-29.893449889149153,122.1360346488021,15.5,0.09056210517883301,0.15601460834605518,15.66448502039431,0.4153044688576486,15.665261935638839,15.670766072978953
1748023197.5376024,-29.784798413663548,137.80933415837563,15.906121569305467,-29.893449889149153,122.1360346488021,15.5,0.05756735801696777,0.10865147548560472,15.673299509573539,0.4061215693054674,15.673676105493675,15.67893674293568
1748023197.7213037,-29.84955792719514,137.8102975547958,15.9018973560661,-29.893449889149153,122.0247151574989,15.5,0.029249906539916992,0.04389196195401368,15.785582397296892,0.4018973560660992,15.785643418187732,15.790758677498259
1748023197.7777336,-29.902694324133947,137.80283390356777,15.904462583038883,-29.893449889149153,122.0247151574989,15.5,0.08567976951599121,-0.00924443498479377,15.77811874606887,0.4044625830388835,15.778121454236182,15.78330467949303
1748023197.9171531,-29.96138282023484,137.81927586483022,15.89758836503944,-29.893449889149153,122.0247151574989,15.5,0.2250993251800537,-0.06793293108568577,15.794560707331314,0.3975883650394394,15.794706797554051,15.79971010267957
1748023198.043578,-30.021515735805465,137.8316793663016,15.894629392771602,-29.893449889149153,122.0247151574989,15.5,0.35152411460876465,-0.1280658466563125,15.806964208802711,0.39462939277160203,15.807482986214147,15.81240812517464
1748023198.1037626,-30.08756763308118,137.8208502002899,15.896696093145405,-29.893449889149153,122.0247151574989,15.5,0.4117088317871094,-0.19411774393202563,15.796135042790993,0.39669609314540466,15.797327748343987,15.8023077991449
1748023198.1915638,-30.13826390579218,137.84439638112556,15.893214800042312,-29.893449889149153,122.0247151574989,15.5,0.4995100498199463,-0.24481401664302638,15.81968122362666,0.3932148000423119,15.821575393111482,15.826460937268417
