timestamp,x,y,z,qx,qy,qz,qw,vx,vy,vz,wx,wy,wz
1748025979.1802502,-0.0039013726261782253,0.010105103857255797,0.03050621876827378,0.9997890558295126,-0.0019350344778266129,0.018615875169185333,-0.008458645091677583,-0.0037050118764329143,-0.01723005201144951,0.01705937199264831,0.0,0.0,0.0
1748025979.2351625,-0.004614368488207348,0.006426815628377376,0.02915081352568054,0.9998092558630024,-0.002551050032398811,0.01775482579582064,-0.007727237239883794,-0.005261883870193392,-0.0253077356519069,-0.011314541818951692,0.0,0.0,0.0
1748025979.285224,-0.006296557125783561,0.004481281848483301,0.031409852028014995,0.9997976164552658,-0.0028974141820791405,0.0186686588821183,-0.006914643661816453,-0.0063190396022225715,-0.010168692848978521,0.003794558341908398,0.0,0.0,0.0
1748025979.3354657,-0.005387020226737313,0.006547387743953667,0.029010510421734727,0.99979721677612,-0.0024573453348412447,0.018685820447838654,-0.007094145108511218,-0.00113897755927322,0.03601298800450518,0.022733839553345812,0.0,0.0,0.0
1748025979.3868296,-0.006129648200683261,0.013717873407900599,0.03858859572285988,0.9997716228368144,-0.0016906536289962254,0.019277725537035207,-0.00906714721773098,-0.002715874024111099,0.04260865635318877,0.0649609162711206,0.0,0.0,0.0
1748025979.4661102,-0.008163397559693232,0.019181969341924177,0.046538937204701356,0.9997443343067636,-0.0015398173993376384,0.019886437145801957,-0.010650098663812736,-0.01784669006554433,0.022228026909037104,0.051493688598305436,0.0,0.0,0.0
1748025979.5421746,-0.008347427487240586,0.01807652187185864,0.04993653151519512,0.9997309564681801,-0.0011264831563004031,0.02064886333408896,-0.010505720247864284,-0.004730176442826997,-0.009170253579270215,0.03681385412695876,0.0,0.0,0.0
1748025979.6444972,-0.007291555203091656,0.011319507409807484,0.04996719198841724,0.999736307926989,-0.0015543036762102874,0.020912224191111748,-0.009358292150578462,0.01313750711062307,-0.035400661939055444,0.02809614984578222,0.0,0.0,0.0
1748025979.7416692,-0.006682626961758344,0.007371662277501035,0.051180855543008344,0.9997512635311033,-0.0022639005369571473,0.020847901961405627,-0.00759281279426679,0.0042646847602940295,-0.02014522189019396,-0.005557917733094127,0.0,0.0,0.0
1748025979.8641891,-0.007316049221780894,0.008304166807903229,0.05272486758282972,0.9997479903708298,-0.0020638501997745926,0.021120029212218307,-0.007323976919333846,-0.013056575469352105,0.02672607995722936,0.016466577856032595,0.0,0.0,0.0
1748025979.966744,-0.00776657190680127,0.0120678310544454,0.05358147622474983,0.9997267504832399,-0.0013503022264715185,0.021737800071547055,-0.00848935216424597,0.0008443125340528909,0.031317960477294765,-0.002757579864047499,0.0,0.0,0.0
1748025980.0509994,-0.008143882763191366,0.015730131401726397,0.057167397874607034,0.9997097805842191,-0.0015360839754169954,0.021748041815790042,-0.01024781574052539,0.0061494597267161616,0.013902323716887292,0.003886054580234674,0.0,0.0,0.0
1748025980.1731489,-0.008404175530644506,0.0160167621933483,0.05991797362591932,0.9996998265602531,-0.0014162736101337291,0.02190728151252215,-0.010877589861369151,-0.013500707715901818,0.004202282471928868,0.02791624957590271,0.0,0.0,0.0
1748025980.2410998,-0.00871707060148678,0.013250529904046042,0.06240894904384584,0.9997060261720235,-0.0011044657095213438,0.022408895607128214,-0.009191451925944808,-0.004688807986091732,-0.016388181145178177,0.0459294497526226,0.0,0.0,0.0
1748025980.3300965,-0.009445182225637533,0.010620155060813609,0.06789676200558724,0.9997121849650517,-0.0017899278253368026,0.022620163762980466,-0.007789196500188556,-0.004579872205394322,-0.029222632127021246,0.049822117833573744,0.0,0.0,0.0
1748025980.4411118,-0.01192107455394052,0.008523989680433358,0.07313461194015035,0.9997039953095741,-0.0024353575595089925,0.02305263879913309,-0.0073869235835478065,-0.022172480624729766,-0.013432133250753112,0.044462460202003014,0.0,0.0,0.0
1748025980.5534236,-0.015067031824981118,0.005152402229162973,0.07897423603041849,0.9996912905500164,-0.003416776567123229,0.023310600876130166,-0.00789082525006924,-0.029031643459021376,-0.03717325628936577,0.03961410128183357,0.0,0.0,0.0
1748025980.6374385,-0.01836844294767066,-0.0021589216405370325,0.08479626259655713,0.999679664256663,-0.005415741801844954,0.02351716800610982,-0.007627674704236354,-0.014532728258073445,-0.06001435010710195,-0.014469029151781122,0.0,0.0,0.0
1748025980.760372,-0.02044000680045431,-0.009882081139294981,0.08771099872520856,0.9996785247372717,-0.006693679446287981,0.023343134049084623,-0.007289713804335942,0.0001659681729910181,-0.04669735311696805,-0.014607859896383971,0.0,0.0,0.0
1748025980.8508778,-0.022412050772024805,-0.013556063701231486,0.09070092259207703,0.9996752496820113,-0.007116099912107437,0.023468298066269006,-0.00692786266623658,-0.012902800945284395,-0.004636993348779934,0.010640193579611632,0.0,0.0,0.0
1748025980.9435983,-0.02435024041927451,-0.012771750847378045,0.09513578734326257,0.9996721418171948,-0.007150443140908453,0.023502425727927247,-0.007219142775593393,-0.012364919538114937,0.020481155100242638,0.030186875487651605,0.0,0.0,0.0
1748025981.0284622,-0.026266923619382546,-0.012107740667912707,0.09938789023045472,0.9996595132806105,-0.007246514011011608,0.023534348766109964,-0.00863017789019289,-0.0070753276728061434,-0.007418124301108698,0.015354942961137605,0.0,0.0,0.0
1748025981.1020103,-0.027009705942020585,-0.013258399542622826,0.10246377728238273,0.9996518405126856,-0.00741489545025999,0.023521924942325353,-0.009377426729622121,0.004749896747958554,-0.030439249612448864,0.029231927229559626,0.0,0.0,0.0
1748025981.1943698,-0.027373474426587965,-0.01626422164416639,0.10512427121920978,0.9996496996484672,-0.008301755646809782,0.023404964979894877,-0.009152401881468049,-0.008688561021558653,-0.032687335988808824,0.022418300582501712,0.0,0.0,0.0
1748025981.2851686,-0.02833098763812782,-0.019694799619031943,0.1064819320411475,0.999641332828326,-0.008934011192974883,0.023531274518214816,-0.009147035845567973,-0.015476153171817669,-0.023579773931207193,0.01778731963678172,0.0,0.0,0.0
1748025981.3802788,-0.03090552180898944,-0.02452525113133713,0.10965330849454563,0.9996365228204835,-0.010040775574828215,0.02343520752642814,-0.008763339399005773,-0.01278000563762128,-0.038550717402075795,0.019852741162999444,0.0,0.0,0.0
1748025981.5203042,-0.034072154599163046,-0.03173050754377883,0.11271918658386665,0.9996203214766995,-0.01152978094850857,0.023644387266004967,-0.008198779965000721,-0.03238357814710259,-0.06772903500543521,0.016621863612292738,0.0,0.0,0.0
1748025981.625482,-0.03911081688234207,-0.04141430744366317,0.11718171654635165,0.9995999850152786,-0.01323889949849872,0.02372349240850098,-0.00786113258170828,-0.04842062399169952,-0.07287083066603639,0.02265811672952541,0.0,0.0,0.0
1748025981.7181976,-0.04557633087604619,-0.05224088561847649,0.11921682435819797,0.9995748818014301,-0.01503666441617304,0.023551039648315956,-0.008324837918924622,-0.04374537555785609,-0.07883501018095745,0.0058376756766691075,0.0,0.0,0.0
1748025981.8031888,-0.051373348379284284,-0.06422983765169082,0.12154428706745947,0.9995430253810207,-0.017137866919661446,0.02341213356256231,-0.008479736531814426,-0.02977056204640121,-0.09995442356180453,0.00989480280998186,0.0,0.0,0.0
1748025981.9043763,-0.0542318019553141,-0.07317455270097109,0.12494306751256655,0.9995152984356105,-0.01872251959030765,0.02359558612258595,-0.00786662372906998,-0.022836660159628135,-0.06197781161199181,0.03290141932324853,0.0,0.0,0.0
1748025982.0049453,-0.05519614355179185,-0.07625011966730033,0.1300168084723265,0.999505472080947,-0.019478331672850336,0.023476285752319376,-0.007633471213103622,-0.007792551999067147,-0.022035147883387604,0.05754253088707185,0.0,0.0,0.0
1748025982.1006367,-0.05887133136042889,-0.08000695655108664,0.13685173166714848,0.9994559925930258,-0.021164775470603657,0.024456651922273632,-0.006453164024055094,-0.02731524473183448,-0.01958258664581987,0.04527165980197366,0.0,0.0,0.0
1748025982.2028072,-0.06280529165426865,-0.08681126489104123,0.1425055182254223,0.9994364798793679,-0.022097941775305427,0.02475093728191361,-0.005078854132582516,-0.02741375324012634,-0.06875788559192905,0.034217911324933833,0.0,0.0,0.0
1748025982.3308852,-0.06605663680374718,-0.09631818047760059,0.14701670718929077,0.9994006244133795,-0.023853397029881818,0.02485817774742733,-0.0033879745216505172,-0.027443095882866815,-0.06194452458025516,0.03558699831736918,0.0,0.0,0.0
1748025982.4354064,-0.06893784900261335,-0.10553160320404978,0.15218625986377043,0.9993795556306653,-0.025660314736109142,0.024108440647279256,-0.0009138515496760045,-0.00989514960036938,-0.057971986559624045,0.06142268090473767,0.0,0.0,0.0
1748025982.5520995,-0.06992708625154802,-0.11031840451485089,0.16327058586066182,0.9993433509205106,-0.026939624437979225,0.024161138210877967,0.0018338501739824239,0.0038652853964636622,-0.016320076113254582,0.12207612412616,0.0,0.0,0.0
1748025982.615339,-0.0662026276708241,-0.11027645917719461,0.18240514499547572,0.9992894335541563,-0.027865566853948802,0.025194161623574064,0.0030647008021425057,0.03302401686867966,-0.01532778022313132,0.17764593985932756,0.0,0.0,0.0
1748025982.7430677,-0.056340286804476,-0.11370615314843677,0.210146015930811,0.9991788946597202,-0.02944592928314173,0.027515569553859597,0.004167390953424371,0.10172511515990092,-0.0482497868524208,0.22227228236846513,0.0,0.0,0.0
1748025982.852219,-0.04129869205742863,-0.12131264237454545,0.24493418321480762,0.9990136899746576,-0.03087501907348873,0.031207344846658946,0.00666948784032212,0.13279832928692872,-0.07360433958071216,0.300179706474066,0.0,0.0,0.0
1748025982.9549947,-0.02093685931967916,-0.13309181118901173,0.2848202431202331,0.9987607604784141,-0.032473060497060134,0.036054308963968065,0.011069348475174521,0.1560736610901983,-0.09341966084591971,0.318098674299512,0.0,0.0,0.0
1748025983.0618718,0.0028490106766450134,-0.14457209134846277,0.3241902466298804,0.9984761553357158,-0.034594948852184344,0.04029454855854959,0.01499686955284964,0.18805260548095207,-0.07299090019530663,0.286063953399919,0.0,0.0,0.0
1748025983.157504,0.028726853479061072,-0.14994701748113165,0.3627894704778607,0.9982199174301934,-0.03740911953120345,0.04372486580075204,0.01567451218585143,0.20720923718543668,0.003989132856804586,0.291206102559609,0.0,0.0,0.0
1748025983.2544322,0.05575730218953412,-0.14701142216085308,0.400220590917324,0.9980173844594296,-0.040228173209002085,0.046555752273570346,0.013249767064662821,0.19592371748839804,0.03948701064383751,0.2871471219355837,0.0,0.0,0.0
1748025983.3413327,0.08332771306646516,-0.13910419739112106,0.4372066481906107,0.9978246683844815,-0.0434404808345178,0.048802242302674916,0.008786178606007436,0.2119345168430022,0.061317225378555565,0.30028432764160645,0.0,0.0,0.0
1748025983.4499986,0.1116507931074425,-0.13024239400940918,0.4788206119250442,0.9976573825352724,-0.04583108219199794,0.05067787181758467,0.0033184764606948264,0.21343072031468283,0.057599906532947345,0.28125637519582003,0.0,0.0,0.0
1748025983.543139,0.13663779095741296,-0.12207657174450838,0.5220556306280486,0.99751309195001,-0.04767225083850561,0.051913029833680485,-0.000158813754949619,0.17800465525224118,0.07155202995629074,0.3501832479908419,0.0,0.0,0.0
1748025983.6446342,0.16117969277131503,-0.10951314092523887,0.5709731402925176,0.9974505331476341,-0.048460886225728576,0.052314558861341905,-0.002676445564680422,0.17800369738673874,0.09014353392263649,0.38274812378091705,0.0,0.0,0.0
1748025983.7481635,0.1838593983461812,-0.0999726374672539,0.6228479761156706,0.9973769289629671,-0.04958533641013133,0.05246145086037983,-0.005324674555182537,0.159456164303988,0.05744225111742902,0.4187448466867887,0.0,0.0,0.0
1748025983.8548965,0.2055440850583254,-0.09358798471829427,0.6792641459785544,0.9973518487080694,-0.049534058906271786,0.052712807489022004,-0.007551609993347395,0.1425295017319066,0.035267508447826265,0.4455048666214086,0.0,0.0,0.0
1748025983.9582663,0.22419089904805356,-0.09478156159598024,0.7446105648248388,0.9972423459215194,-0.05067709036938495,0.053409122573810995,-0.00932746688729603,0.12215131960102975,-0.02282914548775781,0.5487014951910238,0.0,0.0,0.0
1748025984.051625,0.23881043553092232,-0.10561461510853368,0.8199702968820155,0.9970497446404638,-0.052020232308679595,0.05548607903083563,-0.01034394396354235,0.1002112243105158,-0.12915284206981148,0.6054759154413663,0.0,0.0,0.0
1748025984.1589735,0.2523996010431946,-0.13077248508115585,0.9005454480598445,0.9969233553732352,-0.052922303129246395,0.057074090245455567,-0.00925211140875304,0.08415329710795535,-0.24664206482424145,0.6172912652118391,0.0,0.0,0.0
1748025984.2668958,0.26410101725517554,-0.17232144344381942,0.9781325525541882,0.9967721934829279,-0.05506906366684185,0.05820980839189598,-0.004920440332821174,0.07206540197901952,-0.36244259144392316,0.5487039986801666,0.0,0.0,0.0
1748025984.3619077,0.2717421527517952,-0.22516903075382244,1.0452341604499191,0.9965966896367067,-0.05817491813180584,0.058390566033364476,0.0011220088319995425,0.052091880653675274,-0.41694513894885127,0.49693266540867814,0.0,0.0,0.0
1748025984.4715867,0.276701257493502,-0.2811563512509145,1.1071691041424832,0.9963369215449173,-0.061968004187655606,0.05861999763031072,0.006033332513515491,0.030250392660990368,-0.42056433241318025,0.4457224992352891,0.0,0.0,0.0
1748025984.5514152,0.27991897929636744,-0.3335449302927937,1.1617793223718786,0.996082422159621,-0.06571118777427012,0.05842413723168638,0.009405756463485399,0.011967434254779368,-0.3762750175886701,0.39038062343552205,0.0,0.0,0.0
1748025984.6855445,0.27964486253642307,-0.38193155693001735,1.208321059151213,0.9958587776565727,-0.06968239934998455,0.057434821077111786,0.010530883772337036,-0.01303090325117472,-0.35622608557104485,0.33395595380960014,0.0,0.0,0.0
1748025984.7963831,0.2773951092915617,-0.42761305041947334,1.2500592939852375,0.9956115260355886,-0.0742107814142323,0.05612937839643463,0.009997100970055767,-0.04437607451826383,-0.35175378100963284,0.30107258569481793,0.0,0.0,0.0
1748025984.873062,0.2724047132588364,-0.47370596590200775,1.2869040923879682,0.9952865571235568,-0.07921903638914994,0.05507955203724264,0.009759940065797171,-0.05146087881775059,-0.35644119754622516,0.271926962019114,0.0,0.0,0.0
1748025984.9600837,0.26685409956554945,-0.5213426747546072,1.3204288341675863,0.9950051606708942,-0.08414728614906233,0.052702755352987164,0.010314264406116392,-0.04991931541734538,-0.33135522595100325,0.23192543949303798,0.0,0.0,0.0
1748025985.048579,0.2603595013535164,-0.5686209382793043,1.3535012902085863,0.994723830952542,-0.0882383844697864,0.05117451458847445,0.01093877040142181,-0.07816445234243892,-0.3464064364362628,0.25418885439635686,0.0,0.0,0.0
1748025985.163033,0.25182539767118517,-0.6162101027512186,1.3867935406063219,0.9943975577211954,-0.09267300064005775,0.04950148386362791,0.011610996761211427,-0.0743355693068259,-0.352080825769625,0.22423809618356116,0.0,0.0,0.0
1748025985.2764184,0.24277513657918287,-0.6599754154143214,1.4175112239888308,0.9940100659202314,-0.09761736419023424,0.04760719458931626,0.012181710928408598,-0.05628750027837481,-0.2931327055392596,0.2233799849743478,0.0,0.0,0.0
1748025985.384023,0.2323963538287782,-0.6964963900455294,1.4469165398356154,0.9936608413825432,-0.10145366843076736,0.04707096359472453,0.011384632235626373,-0.07065268874768935,-0.23608805092167634,0.19938268088846584,0.0,0.0,0.0
1748025985.4724565,0.2223224963726444,-0.7273928203293836,1.4790022970593963,0.9933478331073408,-0.1049293232682249,0.04649203962471483,0.009402650209236777,-0.07460839240377273,-0.22609295818994216,0.2768462442176945,0.0,0.0,0.0
1748025985.5758047,0.21382015784831618,-0.756402943310764,1.5063009159561422,0.9931017063257209,-0.10799118684231047,0.04486706123252358,0.008593676377876011,-0.06212116315229572,-0.2213451558951233,0.20279723279957038,0.0,0.0,0.0
1748025985.6557543,0.2057113525564503,-0.7837536728109316,1.5217406729823322,0.9929628911004456,-0.11016372252888067,0.04270092212512834,0.008079751585813328,-0.043798894707614125,-0.19220575942988063,0.1378688939370217,0.0,0.0,0.0
1748025985.82089,0.20061379847964644,-0.8082626759749031,1.5297743460881252,0.9928313652315526,-0.11232918791469694,0.03990721808728496,0.008686063516343438,-0.03487903498551105,-0.18376471688689436,0.10087366273782948,0.0,0.0,0.0
1748025985.9171855,0.20105456237591357,-0.8304948033964825,1.528786785391071,0.9928418353406969,-0.11364901452693894,0.0355411674346051,0.009263741779518995,-0.004338093197808891,-0.18666122204800037,0.05274150882755021,0.0,0.0,0.0
1748025986.068907,0.2047850716763993,-0.8519077161020212,1.535112969388898,0.9927793566909513,-0.1152298371335683,0.03174761561877783,0.010164765860289996,0.03471188743550539,-0.17701463358090141,0.06828221963109506,0.0,0.0,0.0
1748025986.2024405,0.21555962543817853,-0.867800132483874,1.542061171355561,0.9926430613773682,-0.11739727886914786,0.02829266422780687,0.008783892325074469,0.0928731921427311,-0.1429021375030682,0.14192395601330413,0.0,0.0,0.0
1748025986.3264766,0.23126597407879995,-0.8856294125531241,1.5640686830762254,0.9923240349085604,-0.12061272341033517,0.02632793213757705,0.0072402129592572025,0.14691794136650688,-0.1480432610317899,0.17927016365050807,0.0,0.0,0.0
1748025986.480599,0.25308832530795516,-0.9053073219981109,1.5860962685736357,0.9919950678326094,-0.12362293235756139,0.024981402291682574,0.0062518421793571685,0.2024241506130167,-0.15654518681559468,0.1565094229703277,0.0,0.0,0.0
1748025986.6009653,0.28442758171911736,-0.9251362253541828,1.6029876742129505,0.991683224276908,-0.1265533180804298,0.02285159701407083,0.005142458993124583,0.26626349883671263,-0.1621311515688288,0.11800053572793945,0.0,0.0,0.0
1748025986.7566283,0.32232637859385405,-0.9494387015331214,1.6190797124733067,0.9911732624752124,-0.13081679513732744,0.021165391853150476,0.0038152394347959803,0.3341875402931354,-0.14910644141251161,0.09969961992462216,0.0,0.0,0.0
1748025986.8825011,0.37062261891739856,-0.9707104606942306,1.6323687914083853,0.9907199269743848,-0.1346280709061832,0.01860839153462237,0.0017425798241224545,0.41177653273915615,-0.1566424759709331,0.08486334343201139,0.0,0.0,0.0
1748025987.0069256,0.4320838738046561,-0.9896311656905994,1.6459216297945298,0.9903377508709642,-0.13766840539123332,0.016688778319373355,0.00018448599458880196,0.495637750433113,-0.1400470231801664,0.09522262642712714,0.0,0.0,0.0
1748025987.1499364,0.5040626191797503,-1.0063754788991606,1.658355034698457,0.9900461749912494,-0.13985955953719098,0.015544420088668793,-0.0024991989449384914,0.5866420390554872,-0.14226440378172994,0.08523588686720625,0.0,0.0,0.0
1748025987.2977617,0.5891418044505071,-1.0258857292750012,1.671761500639285,0.9896930645998486,-0.14235805996180545,0.01458407703792369,-0.0053967901407232085,0.6816309962260986,-0.14257703792623333,0.07268020614551482,0.0,0.0,0.0
1748025987.4210653,0.685146134803515,-1.045395457274225,1.685709282886515,0.9894631855290706,-0.14394834622633654,0.01394621072178897,-0.006854291201160928,0.7623592995895211,-0.1567507734350158,0.08303492009580715,0.0,0.0,0.0
1748025987.5431807,0.7909176237564722,-1.0725912289777495,1.6957455337336538,0.9891517896984063,-0.1460182746426389,0.013806712023961451,-0.008171603876484137,0.8198451188091344,-0.22423177533021163,0.07531723861934983,0.0,0.0,0.0
1748025987.684192,0.9037266276673268,-1.1105680690821496,1.7095747810324193,0.9889494461311416,-0.14736173212526638,0.014439356895494356,-0.007417403480617889,0.8798160255653782,-0.32128989469513736,0.07831644873069112,0.0,0.0,0.0
1748025987.8188574,1.0238574019731432,-1.1614287768257452,1.7225229430282423,0.9885896891279973,-0.14994522907831812,0.013456318032657032,-0.0050776304970476804,0.9392991972751286,-0.4320177892021796,0.09138013799246202,0.0,0.0,0.0
1748025987.945342,1.1579240641477666,-1.2239517503070894,1.732941828488663,0.9881706170532147,-0.15286509602356085,0.012255095155971492,-0.0009521833302556024,1.0135351386634397,-0.5037311465799205,0.09915036308036401,0.0,0.0,0.0
1748025988.0911055,1.3052294009839245,-1.2955934193044225,1.739821184026825,0.9874061912544945,-0.15779078845279193,0.011260230817178878,0.0020706891806520048,1.099385575037118,-0.5807776238598977,0.04702789733632458,0.0,0.0,0.0
1748025988.2136748,1.4600611633986187,-1.371858907768305,1.7444614011772794,0.9864214802624944,-0.1638260550659127,0.010719883409981224,0.004332557901084603,1.1980593379284739,-0.5834106780185332,0.022641586071270866,0.0,0.0,0.0
1748025988.356301,1.6290791397734279,-1.4457328121442217,1.7502678295572576,0.9856420435569623,-0.1684437045082238,0.01086878112863228,0.0042836878013635974,1.29880710858473,-0.5337166358506856,0.02376306934010426,0.0,0.0,0.0
1748025988.4641783,1.8118359957685466,-1.5133296595968448,1.7557150263168657,0.9850844242083673,-0.1717071663426991,0.011108894287512659,0.0013851629287130085,1.4071194723025937,-0.47425864297197207,0.03345284093458622,0.0,0.0,0.0
1748025988.6115024,2.0162055815813082,-1.5825143012656369,1.761844841496348,0.9845649613107983,-0.1745678882009449,0.012241912796721632,-0.002832832364654597,1.4809961138643488,-0.4872279813982313,0.021968385805679263,0.0,0.0,0.0
1748025988.7406867,2.1941273323738155,-1.6441851056615975,1.7672292846451867,0.9844116694628485,-0.1753210676441173,0.013481054132139163,-0.0038012425574837656,1.5313834665038788,-0.5332109809163633,0.027701375737174568,0.0,0.0,0.0
1748025988.8837132,2.4123701915494813,-1.7284928883767656,1.7741326138668223,0.9842025337764178,-0.17648368336265996,0.0138938352189071,-0.002417303815749638,1.5851440977086426,-0.6319739746898666,0.06056207399296507,0.0,0.0,0.0
1748025989.0113146,2.6287375385703324,-1.8234747124931214,1.7789492601872348,0.983902430836131,-0.1781716342673211,0.013809387150420625,0.00041971870866271783,1.6182022618904595,-0.7681621507064518,0.050856737828595885,0.0,0.0,0.0
1748025989.136227,2.8676679476012525,-1.940204380964112,1.7835887937012846,0.9832579429478427,-0.18167610129978368,0.01359544208258921,0.0035743252603503426,1.6719195639336284,-0.8832859155847048,0.03284130378934774,0.0,0.0,0.0
1748025989.2758217,3.0645770145062468,-2.0530743919103793,1.7884599191470834,0.9825162016867294,-0.18547948595554392,0.014520647180308929,0.006958772752024204,1.6848890844804705,-0.9370150356776056,0.04758716115752904,0.0,0.0,0.0
1748025989.4131758,3.3141071958296497,-2.1865164872167795,1.7952959547579144,0.9815767755856177,-0.1901580003541404,0.01532930772659436,0.010582100778200201,1.7710061308904876,-0.9676070560985028,0.06582478835261725,0.0,0.0,0.0
1748025989.526545,3.5537759469708106,-2.3145414726997067,1.8024709591672283,0.9806277574902181,-0.19482510055051902,0.016120686125863173,0.012349287996389123,1.838093987613782,-0.9575102377582354,0.06777819976725642,0.0,0.0,0.0
1748025989.6667333,3.8007309813658683,-2.4382888293325724,1.8104265096091368,0.979694894303862,-0.1993366282385142,0.0177129001129412,0.01220966367407748,1.8912474223687108,-0.9255826301754713,0.06961815108945214,0.0,0.0,0.0
1748025989.7930715,4.048381994163595,-2.5547336055088343,1.8195100994694573,0.9790291168484297,-0.20241415185483908,0.01997063102433051,0.011474902542505168,1.9605710688172941,-0.8854141920569184,0.07133694238611824,0.0,0.0,0.0
1748025989.9169335,4.319534459608395,-2.6715121257912378,1.8258484320410415,0.9786089648523927,-0.20442305292687105,0.02136027968533641,0.008913349221844247,2.033566318038016,-0.8461480251889109,0.05516922782453405,0.0,0.0,0.0
1748025990.0617747,4.587184592126568,-2.7821252616074768,1.831924397290111,0.9783412219533719,-0.2055922511975881,0.023112778007036087,0.006788163749387486,2.050687266633896,-0.8393968046801755,0.03584003154994179,0.0,0.0,0.0
1748025990.1813433,4.869776626038586,-2.907287122430828,1.8363969203903825,0.9780872630736457,-0.2066844407601333,0.024484223099057623,0.005231689976636,2.0728243319627944,-0.9251903388119533,0.05471847880832196,0.0,0.0,0.0
1748025990.3423796,5.133855129625731,-3.0299079710756236,1.8416634644513756,0.9777405585900528,-0.20811136581469025,0.025671409847192544,0.0073510695285224446,2.076462545179654,-0.9886752739757083,0.06785160473616834,0.0,0.0,0.0
1748025990.484086,5.412793345132226,-3.1670576180642147,1.8462197636312916,0.9773450000868119,-0.2097784868710073,0.026092828822402617,0.010435589847482336,2.101257498930546,-1.033345055943891,0.08089783899457648,0.0,0.0,0.0
1748025990.583366,5.703061058396603,-3.3070159083395643,1.8519631112311112,0.9764731203483782,-0.21356277472993881,0.027180124794540395,0.012346145264996593,2.1352362203461075,-1.0565829447555182,0.09562741767320244,0.0,0.0,0.0
1748025990.7419198,5.970712871571162,-3.4375821378603586,1.8609804985841034,0.9753261420309952,-0.21846551383116156,0.029011468576089657,0.01304111300772109,2.134684705437414,-1.0536892492349648,0.10953786556201217,0.0,0.0,0.0
1748025990.8668497,6.266574254549485,-3.5780787587891516,1.8668699158562205,0.9738996973223073,-0.22452736175335186,0.03123560845148575,0.01145339007732031,2.171889481646928,-1.057077933813678,0.07539828057316092,0.0,0.0,0.0
1748025990.9998941,6.571814799344496,-3.7208156194737727,1.868796157994412,0.9722704673415845,-0.23134847433628322,0.032935303087560784,0.009126202286911675,2.201547458244531,-1.036333460042774,0.0397763281777987,0.0,0.0,0.0
1748025991.1673062,6.871802998571537,-3.8569845126823643,1.8647537335670918,0.9708104918823367,-0.2371925431001149,0.03490266927777605,0.0069634780219401905,2.226963534338113,-1.0082621622109407,-0.013378858005263896,0.0,0.0,0.0
1748025991.2710037,7.154921973342076,-3.984851972688398,1.8543520419955526,0.9696280734629175,-0.24182817936251086,0.0363727099999857,0.004190081868087574,2.234254499383928,-0.9699917768234383,-0.07718160456580607,0.0,0.0,0.0
1748025991.402429,7.446342815189926,-4.115000896322038,1.8390757733138348,0.9687724550010839,-0.24513382837664785,0.03726340209974045,0.0008806137258804505,2.2395151910997684,-0.986917457848996,-0.09402018178507565,0.0,0.0,0.0
1748025991.548486,7.784896829943378,-4.265605200174959,1.8206688133652056,0.9677759047813189,-0.24879202912851853,0.038725885433898384,-0.003553894226696045,2.276868347701018,-1.0064280659427363,-0.09583575322911973,0.0,0.0,0.0
1748025991.6687675,8.07496944613736,-4.396879638436721,1.8087757523655184,0.9671785908107461,-0.25070417268619016,0.040729269620642175,-0.007356484978683209,2.2509348436958287,-1.0412251336909966,-0.11620171928597126,0.0,0.0,0.0
1748025991.8081992,8.381397165936091,-4.542773326557056,1.7979632746380165,0.966572189765033,-0.25249506603330607,0.043647349443327044,-0.008908001360447037,2.2195099432379655,-1.113103783956782,-0.1093746497039498,0.0,0.0,0.0
1748025991.9336567,8.642405621453046,-4.688141921690139,1.785492546952989,0.9658513882454564,-0.2550067909331048,0.04525094401894306,-0.007415151226978684,2.113562057161326,-1.2170711248028667,-0.15383475060779417,0.0,0.0,0.0
1748025992.0569932,8.915335022026216,-4.859118407046932,1.7632976620369158,0.9650486360338895,-0.2580856365759549,0.04538804629372049,-0.00358601951370277,2.034429145075397,-1.3518200165685434,-0.23224187529292167,0.0,0.0,0.0
1748025992.1902955,9.175814577394334,-5.0425587253969955,1.7333939573990143,0.9639585571706355,-0.2624791087540861,0.043422340010024985,0.001765761371554207,1.9839695040914551,-1.4306395458144683,-0.2481656447194797,0.0,0.0,0.0
1748025992.3309157,9.44009727349179,-5.235445456522945,1.7013963153827956,0.9627959806203942,-0.267008301961427,0.041011283126359356,0.006967140103270142,1.943270215709073,-1.4686984177231823,-0.28410860497213924,0.0,0.0,0.0
1748025992.4907894,9.719011795196437,-5.438508217496361,1.663686730624456,0.9612442005767027,-0.27268774991301464,0.039580662347621316,0.009184175148403587,1.9533281148111712,-1.4761935595481617,-0.32330783079001074,0.0,0.0,0.0
1748025992.5932262,10.015911184637075,-5.654626754030506,1.6239135846638233,0.9595496440602833,-0.27876859938696097,0.037876322068484354,0.010859687204527835,1.9620453380968867,-1.49952657398015,-0.3079168102965746,0.0,0.0,0.0
1748025992.7302737,10.273643112460732,-5.850245741599836,1.5883197988215838,0.9580532608197291,-0.28381009475427066,0.036913781925082316,0.014938281435410436,1.9569871319369192,-1.4977673523542299,-0.2808680340076037,0.0,0.0,0.0
1748025992.8885343,10.54143449498484,-6.0497848765027245,1.5542799743450466,0.9570201937261467,-0.28725203583650194,0.03518637170351195,0.018987784349314203,1.9671103202142897,-1.4666321314627666,-0.2678511864972365,0.0,0.0,0.0
1748025992.998591,10.803081772288655,-6.239456505968376,1.5204634479379353,0.9552758868347171,-0.2930816850453627,0.03442464593020807,0.01913242472076213,2.0014119045045797,-1.4084486526619235,-0.2790864378181899,0.0,0.0,0.0
1748025993.138374,11.073805387592325,-6.42589580414956,1.4891343459503554,0.9537523369451117,-0.29809270132574445,0.03466666419178707,0.017188472354235068,2.0531841919688083,-1.3417754029782887,-0.25046859063505894,0.0,0.0,0.0
1748025993.2777476,11.358588448412727,-6.610807391866589,1.4566814351051502,0.9521785495454896,-0.303352392420843,0.034525536607014,0.011887940107359826,2.0896423392882,-1.308374787103796,-0.2448419884277805,0.0,0.0,0.0
1748025993.411985,11.643647451884629,-6.792968693564729,1.4321293267106683,0.9507221584482275,-0.30807963830248136,0.0344597024742679,0.005181004182638389,2.1116435246494176,-1.2950826979596517,-0.19053252843363966,0.0,0.0,0.0
1748025993.5196288,11.92534075109648,-6.973686029488337,1.4127899233230254,0.9487894368256108,-0.31404345186078614,0.03423867605681636,-0.0017401072894414416,2.0830118761791634,-1.3428896618437314,-0.15797161744618773,0.0,0.0,0.0
1748025993.6573493,12.206997867811971,-7.158275006305321,1.3955907037839486,0.9477230112890905,-0.31741139305414806,0.032347624854623676,-0.0049731879944456235,2.083223155060122,-1.4181622294025766,-0.11476327744736675,0.0,0.0,0.0
1748025993.798989,12.462147784492355,-7.336217153848875,1.3873354370642264,0.9461199508241337,-0.32241647872429363,0.029520049425246796,-0.005763643075095773,2.0557364980486987,-1.4782977662546228,-0.06744574136958681,0.0,0.0,0.0
1748025993.9447587,12.748682410856087,-7.543428497796902,1.3839703401114727,0.9451099871463708,-0.32556971850794386,0.027562881217568804,-0.003429018202241941,2.042584925286989,-1.5485791356515242,0.01434947259338416,0.0,0.0,0.0
1748025994.0611525,13.03765635746494,-7.756081663961973,1.3874233526640127,0.9438328223914373,-0.32930374454150957,0.02717720558929107,-0.00021611087770902248,2.0846331005868572,-1.5675077903187686,0.07024362502321604,0.0,0.0,0.0
1748025994.2123234,13.31009656506334,-7.962639039844119,1.3976392288627069,0.9418458507636132,-0.3349482133231985,0.027109771761940564,-0.001071478407809877,2.0970067490522966,-1.6047481296813257,0.10932444308609254,0.0,0.0,0.0
1748025994.319074,13.612875947973315,-8.188063528473439,1.4078887333424706,0.9394428430537219,-0.3413700450078995,0.029957507081644404,-0.004023030685689636,2.1160546098280637,-1.6540392751483204,0.1554035807634122,0.0,0.0,0.0
1748025994.4755547,13.903594166796264,-8.413484351146113,1.425157555696413,0.9367343636878287,-0.34839376453619214,0.033113677770896605,-0.007348541565807322,2.129499521112618,-1.7038985603476866,0.14007766215911854,0.0,0.0,0.0
1748025994.5976872,14.197382372370816,-8.65250622286681,1.4368378102663426,0.9344007063219488,-0.3543854415202341,0.034981494570772306,-0.009087018275923647,2.115893892176392,-1.7668340394913025,0.07825174777614333,0.0,0.0,0.0
1748025994.730488,14.489688163031353,-8.897948623220156,1.4404763717838793,0.932314965939247,-0.35979441675128826,0.03569598406483959,-0.007910668868297796,2.117769623319882,-1.8210268920142403,0.01593817343371644,0.0,0.0,0.0
1748025994.8492692,14.769103588684105,-9.138065323238418,1.4380867446020187,0.9308344391052619,-0.363596937658376,0.03604358198127776,-0.006736029914017437,2.1268585466676266,-1.8221184766424408,-0.05235825913206841,0.0,0.0,0.0
1748025995.0052295,15.041440508388648,-9.372642533320956,1.4293485944601025,0.9296505939828758,-0.3665745219916369,0.03646397383959544,-0.006578111105375569,2.125776295221567,-1.8184286599472126,-0.09982550651729039,0.0,0.0,0.0
1748025995.1136298,15.32312835100198,-9.612567516033808,1.41296191717659,0.9285627313250326,-0.36925764756006657,0.036942462902144285,-0.0074362724079152865,2.12244324113975,-1.85816312675979,-0.12586137743762,0.0,0.0,0.0
1748025995.248593,15.600555837903066,-9.853933767998635,1.3922938615868807,0.9282364610637539,-0.37000803340602617,0.03764939119819783,-0.0073246780986107865,2.1059958190480055,-1.8873381667097557,-0.14507760982306353,0.0,0.0,0.0
1748025995.3981612,15.81781826054165,-10.067905279642627,1.3562503857625716,0.9272730853761822,-0.3723531332873626,0.03869514323025181,-0.004522737932857704,2.0039287624207045,-1.906328661166468,-0.16653579270205648,0.0,0.0,0.0
1748025995.5184443,16.099535347034916,-10.33435697090109,1.3517881556905464,0.9262442443556284,-0.374953376795865,0.038486940050112065,0.0005661033726692673,1.9781725413031057,-1.98340361999422,-0.1346231827798604,0.0,0.0,0.0
1748025995.6687188,16.3616289852191,-10.600810127436416,1.3339866157578955,0.9257469365314548,-0.37608300850353726,0.03893267100072551,0.006198979456676861,1.9529263579571052,-2.02559159254064,-0.13018322734411622,0.0,0.0,0.0
1748025995.809322,16.607336172669996,-10.853525856438473,1.3198761307834437,0.9248814640881221,-0.3779233437163719,0.0406327062833991,0.01082621081153374,1.9346604487408117,-2.011255316385515,-0.09585360528117912,0.0,0.0,0.0
1748025995.9446466,16.874136566516142,-11.12805951437377,1.3044929426116532,0.923892527225428,-0.37992853633087936,0.04319704158992815,0.01452312006304591,1.9302374539378504,-2.019489433695292,-0.0963103586763839,0.0,0.0,0.0
1748025996.0766988,17.156236882300306,-11.414117323507224,1.2894200000891562,0.9229747904047948,-0.38174205345712425,0.045485457234968586,0.017933601971978495,1.960726828289768,-2.0281091011094934,-0.11983941950049719,0.0,0.0,0.0
1748025996.218045,17.418405635525694,-11.681969128465687,1.269800040942318,0.9220826489372399,-0.3834918383442888,0.04786284462552858,0.020167958661034553,1.9397295818031424,-2.0191339751151296,-0.1805527197965949,0.0,0.0,0.0
1748025996.3489087,17.67965212010551,-11.94880162107751,1.2433958765944757,0.9214177740640253,-0.3846279771748313,0.050218558440790435,0.022993503461269833,1.9132584801682284,-1.9954453297385053,-0.22884413190138153,0.0,0.0,0.0
1748025996.4696262,17.9432546693914,-12.223326990280164,1.21087470323804,0.920481776047631,-0.3865846228619203,0.05163647672994798,0.024480678132424293,1.8748562111135278,-1.9862342023959425,-0.2465216329608361,0.0,0.0,0.0
1748025996.6134965,18.188957641800865,-12.489125449508611,1.1760872807176463,0.9192163124013424,-0.38957521708197174,0.051968837935686574,0.02391152722907563,1.811104824520251,-1.9853358684342217,-0.2773532497196485,0.0,0.0,0.0
1748025996.7222826,18.433540076477207,-12.761932648889763,1.1408315725352578,0.917708262167842,-0.39303183650011697,0.05301682519924335,0.022950757983514175,1.744912171762881,-1.9837009779597423,-0.25744887549990253,0.0,0.0,0.0
1748025996.8586576,18.68212062765875,-13.038212436369685,1.1104635635706814,0.9159910980765551,-0.39705027226264655,0.053544562726798604,0.02108006980683557,1.7080807650464453,-1.9636390117889286,-0.2562627751583542,0.0,0.0,0.0
1748025996.9788227,18.89873160216208,-13.283694002894503,1.0818477310018637,0.9143836627758319,-0.4008483473260321,0.05307033020313612,0.02016580637545715,1.6796797517124926,-1.920837175413254,-0.22717210190372142,0.0,0.0,0.0
1748025997.1273963,19.119096008370903,-13.528570485541506,1.053094888475068,0.913729046634566,-0.4024241226326221,0.05180289621048366,0.02169135320485121,1.675495680643054,-1.8127309706414605,-0.2111801151239046,0.0,0.0,0.0
1748025997.247281,19.33659914735386,-13.758842602077523,1.027122528677355,0.9143051850149522,-0.4013947957715398,0.04919500320279215,0.02254103462964846,1.6779519423973013,-1.7409592604848314,-0.1907254310766844,0.0,0.0,0.0
1748025997.374547,19.55308795745925,-13.982148573747695,1.0057050911708185,0.9150833249506363,-0.39965716077271063,0.048107742426443216,0.024131045543348707,1.6296393508183333,-1.7078885768465362,-0.1605881081965381,0.0,0.0,0.0
1748025997.522769,19.758045880425126,-14.212316892078853,0.986145915168715,0.9151806114384106,-0.39934123917875214,0.047296095991694896,0.027094324910212013,1.5425333390423766,-1.7491266051873042,-0.13137128227523706,0.0,0.0,0.0
1748025997.6500223,19.957671780025027,-14.44722577344482,0.9704583024128987,0.9144797590078754,-0.40083809183113533,0.04593242381331172,0.03075397445382996,1.4414835380262871,-1.777888509937112,-0.10389386018267147,0.0,0.0,0.0
1748025997.7891078,20.152752046847404,-14.689526448922877,0.958505859470274,0.9131506332613835,-0.40387564213279387,0.0430833162111195,0.03441241825868422,1.3767420103033163,-1.779635566078379,-0.09408123593386311,0.0,0.0,0.0
1748025997.9242678,20.326284698675703,-14.914091844954912,0.9479355043910519,0.9112066122255228,-0.4081090698219158,0.04194967177509712,0.03727897535525793,1.346106634039123,-1.7465510545456613,-0.06653883410363695,0.0,0.0,0.0
1748025998.0465617,20.512700312127382,-15.139463917857949,0.943311280354095,0.9087249191764522,-0.4135865087713913,0.04243171510625201,0.036942801506980816,1.4053576935190735,-1.6347813141038345,-0.048432296982971905,0.0,0.0,0.0
1748025998.169591,20.71487242886141,-15.348149834154379,0.938603593988749,0.906887678081474,-0.41763645029672103,0.043656441846587395,0.035052101404095225,1.506130349564744,-1.4726281858459667,-0.04988173584790206,0.0,0.0,0.0
1748025998.3189948,20.92131435749558,-15.533296839136144,0.9374530166147568,0.9062782538709901,-0.41887003036455733,0.04727906429206953,0.031181954759292956,1.6182893632100495,-1.3168182755966076,-0.03064510997064668,0.0,0.0,0.0
1748025998.4367557,21.148264910535858,-15.715112416597659,0.9325007477102463,0.907052437719193,-0.4171876674409217,0.05067101221352569,0.02535298570443745,1.6593082667290657,-1.2177337377721313,-0.021528315654500096,0.0,0.0,0.0
1748025998.572381,21.386882247854018,-15.916731557330301,0.9225619701931258,0.9082496370426211,-0.41457111630555626,0.05286164921074287,0.020470280404343615,1.596819261188414,-1.2637098515576108,-0.017160175107781724,0.0,0.0,0.0
1748025998.724006,21.604478416905014,-16.099579761547375,0.927864457353535,0.9088556755107084,-0.41300898313231615,0.05538321417433895,0.01837499746131522,1.4402246146865632,-1.304198100180383,-0.01351349598942109,0.0,0.0,0.0
1748025998.8604069,21.78411869660919,-16.260286731184873,0.9256478222845583,0.9088645878916027,-0.412994659497566,0.0550658832353054,0.01919168066200637,1.3040089772367798,-1.343043092709009,-0.06121868052788918,0.0,0.0,0.0
1748025998.9652598,21.95117156214865,-16.461635515974287,0.9096782781740418,0.9081727063782044,-0.4146523661923488,0.053301680142891925,0.02108747245923688,1.1736229618810667,-1.3902802435957362,-0.10201226635870558,0.0,0.0,0.0
1748025999.1401863,22.0652802046877,-16.601670301149355,0.8913401612742626,0.9070016022726942,-0.41721548995230007,0.05262852174591215,0.022573593366316206,1.0836099905428347,-1.3513923864986943,-0.11194578635133852,0.0,0.0,0.0
1748025999.258192,22.189708197582895,-16.766520603139195,0.8800659374763018,0.9055532951141215,-0.42030292056532,0.05340210488767408,0.0216078658313375,1.0275938254386758,-1.28963214962869,-0.11528674123290487,0.0,0.0,0.0
1748025999.4122229,22.306354483386443,-16.934103959594644,0.8917227744029139,0.9037426192844039,-0.42420096205397606,0.05465046702286774,0.017780560610636383,0.9991399389364807,-1.232621620819708,-0.11908770249689118,0.0,0.0,0.0
1748025999.506976,22.441600495699777,-17.0994933897341,0.8968857479100375,0.9033101592046316,-0.42518098986305286,0.05550432643662187,0.013082502956028455,1.0036225781146897,-1.149622811230286,-0.113786592849041,0.0,0.0,0.0
1748025999.6725032,22.576180127205625,-17.250906157478994,0.8931810264746258,0.9036448928995537,-0.42442546639681217,0.056328171369826575,0.010773491566534637,1.014492038615316,-1.0750790440133657,-0.11737955948477602,0.0,0.0,0.0
1748025999.7775319,22.736865811878086,-17.42918428675597,0.8888471806349664,0.9054570105820616,-0.4207237946899373,0.05516947133021639,0.009768316264343555,1.034377641295905,-1.0510037330986115,-0.1131457598307619,0.0,0.0,0.0
1748025999.912384,22.89040021806525,-17.605409317994884,0.8837032073641067,0.907468398229942,-0.41627052261330477,0.05603976243847629,0.008916459110489485,0.9710842002254642,-1.110479030065857,-0.1143130058583995,0.0,0.0,0.0
1748026000.0641336,23.056201315635118,-17.81307931444356,0.8799369233828721,0.9097513477927516,-0.4113206433929108,0.055043801267305126,0.011747061341434158,0.871366224790081,-1.1981991025219583,-0.10918154209287359,0.0,0.0,0.0
1748026000.217045,23.176762454736433,-17.990156192561688,0.8747220535705241,0.9110539977200313,-0.40830495313695503,0.05473006377397572,0.01650147270624408,0.7753943339982117,-1.257086168980412,-0.09152194074972378,0.0,0.0,0.0
1748026000.332451,23.280030246469245,-18.16416645773239,0.8732993679704889,0.9117728046843371,-0.4065457258159211,0.05391061408615194,0.02201297680273308,0.7226569357951811,-1.2569391861058208,-0.03096296061142771,0.0,0.0,0.0
1748026000.449337,23.384108507016233,-18.348771447446648,0.8732210428671612,0.9121553553086604,-0.4053302345669507,0.0548070641126541,0.026003739173115575,0.6561462393798193,-1.2675807950307527,-0.03569680721946567,0.0,0.0,0.0
1748026000.5927653,23.504772351598785,-18.555389301432378,0.8689294145307471,0.9124862869824593,-0.4044043289383493,0.05498652765029179,0.02832660554764934,0.6297263048174622,-1.2692294585974033,-0.05967685942216527,0.0,0.0,0.0
1748026000.7365813,23.570463667942814,-18.69597819150218,0.8638844727116398,0.9118884836759377,-0.40557645102417184,0.05641491015224525,0.028008813369204924,0.6144311955871266,-1.18818397456002,-0.06993986969745308,0.0,0.0,0.0
1748026000.8697634,23.664439269413336,-18.863501759670687,0.8550298397302987,0.9122726636680499,-0.40476918317846833,0.05672063458387524,0.026519145639314765,0.6528140132877,-1.1231679173018623,-0.09008593490817698,0.0,0.0,0.0
1748026001.0166163,23.756897898342817,-19.018006100314565,0.8444426978109028,0.9122163304199591,-0.4049807169706262,0.057111059050431866,0.024296343989163596,0.6286383925510308,-1.064760996591855,-0.09705793620729096,0.0,0.0,0.0
1748026001.1383748,23.83866026196784,-19.157672543957986,0.8339558520892382,0.9134936482111649,-0.4020617403492169,0.05784012515802942,0.023026757195036683,0.579684517902728,-1.0274963684245992,-0.08372282269626244,0.0,0.0,0.0
1748026001.2982767,23.928299112861986,-19.314360293061114,0.8235639108921808,0.9141288073556677,-0.40064651757479197,0.05780707529903445,0.0225662040021881,0.5438922589971721,-1.0219287170460034,-0.08703804351248151,0.0,0.0,0.0
1748026001.402591,23.98149950382065,-19.43574519330755,0.8155755321637238,0.9145923510510943,-0.3996934599088605,0.057195663033643776,0.022240180643559256,0.4370486565332449,-1.0189731025639523,-0.07686800860807941,0.0,0.0,0.0
1748026001.5263984,24.03226135720747,-19.56579199620377,0.8122477896725859,0.914546718354457,-0.3998590787688235,0.056247179393871485,0.023521732152953754,0.36738031197405674,-1.0019218407836608,-0.01581096981869782,0.0,0.0,0.0
1748026001.6673248,24.07372107413251,-19.693340262682128,0.8127363302405006,0.9139347574253524,-0.4012200987758042,0.055624419514684595,0.0255267597209456,0.3027965499602704,-0.9779639297674751,0.02791707339474064,0.0,0.0,0.0
1748026001.8042514,24.113981885186448,-19.831473835997592,0.8124138544577516,0.9130939149093856,-0.4031825839044647,0.054165735546087,0.027737694286333655,0.25750413027648733,-0.9730282412432846,0.03366844006921775,0.0,0.0,0.0
1748026001.94687,24.14066947023853,-19.938866107785515,0.8140501772319758,0.9127644589522107,-0.40389029636887025,0.05273377692094807,0.030867778416920344,0.2585855359178528,-0.8985211570691676,0.04483722387413781,0.0,0.0,0.0
1748026002.0887134,24.18899982219208,-20.075565243308116,0.8189278308720885,0.9127327038512596,-0.40384040120249287,0.05310715716074955,0.03180521239171309,0.2810970465962645,-0.8361186100335762,0.03808305949687046,0.0,0.0,0.0
1748026002.2116969,24.226533122387632,-20.166091937608574,0.8215871320146261,0.9124995937482231,-0.40448772287214574,0.05230084818789508,0.03160371392511678,0.3349271742693254,-0.7397930428114603,0.057948199043001664,0.0,0.0,0.0
1748026002.3319523,24.262330768230846,-20.24252339550157,0.8229697159664227,0.9128788228814834,-0.40364569960152163,0.05321506475892912,0.02984226550412073,0.3193697815128861,-0.6574863901286983,0.04130864233702856,0.0,0.0,0.0
1748026002.4790497,24.3129944264834,-20.347010451816747,0.8282296626989979,0.9137421039758791,-0.40171187405090153,0.05417588904887402,0.02771120195897001,0.298453364711913,-0.6138403526320758,0.024607691011070708,0.0,0.0,0.0
1748026002.6120143,24.340716095444552,-20.405920184300644,0.8276419717847218,0.914617822996718,-0.39982904152171717,0.054239308770260036,0.02586644151586822,0.2459795310331491,-0.5768850442050742,0.008354847928824814,0.0,0.0,0.0
1748026002.7336307,24.37895179297227,-20.504516356842696,0.829641484812261,0.9151463771330915,-0.3988195672462317,0.0530348833347828,0.025246036349732055,0.18710363529079543,-0.5763587259526515,0.01750389739169107,0.0,0.0,0.0
1748026002.8940701,24.39444362524596,-20.567189882462618,0.8278037889339197,0.9160297573292329,-0.39722549101931953,0.04937916077666686,0.02575056218414311,0.13687118683677485,-0.5409421864081283,-9.364885795338428e-05,0.0,0.0,0.0
1748026003.0162666,24.40528204925759,-20.629266193454054,0.8272941898565712,0.9167803332279626,-0.39573697322172624,0.046833616338726174,0.026696086087099166,0.09796468764680889,-0.5157635877561736,0.012514145284399326,0.0,0.0,0.0
1748026003.1305814,24.42520562826934,-20.716076522704817,0.8325076887591335,0.9170850446075327,-0.3953183491681546,0.04372721062029028,0.027683114339497567,0.07255533181981581,-0.5051876826147038,0.048321076330516195,0.0,0.0,0.0
1748026003.2807014,24.432251551968868,-20.772891994060554,0.8368170920866793,0.9176768190207284,-0.3943410654914291,0.03993276103723516,0.027744449805770545,0.06671925596666488,-0.48571353760763636,0.06005826843553764,0.0,0.0,0.0
1748026003.4112656,24.43999224463777,-20.83582285072023,0.8443306951687245,0.917691688873564,-0.3945819047983564,0.03722676794086909,0.02759080148823554,0.05297368078311321,-0.47783129680128145,0.08654578772517982,0.0,0.0,0.0
1748026003.5378847,24.44400727499392,-20.88809269152208,0.8519369882354759,0.9175440453567614,-0.39516815816151357,0.034772654102802086,0.027311428601104925,0.05298640271869524,-0.466149119052146,0.11144148334228193,0.0,0.0,0.0
1748026003.684512,24.461014379196538,-20.96565513839131,0.869971071315479,0.9172729999828045,-0.39595818827941465,0.033213419115912135,0.026911436744632863,0.07346985944978913,-0.4663689454404119,0.16210411370839722,0.0,0.0,0.0
1748026003.8066342,24.472172421239875,-21.018439496164216,0.8944220560793253,0.9167888615920066,-0.3971249060227419,0.032876161714782165,0.026629875481584152,0.0998221904311091,-0.4416823786100213,0.2340736619326794,0.0,0.0,0.0
1748026003.9670768,24.487279782643185,-21.082208527180732,0.9219098812399448,0.916004093500536,-0.3988836557564989,0.03344544930147712,0.026640791685208044,0.10582382779435852,-0.43292490610642925,0.21957681317105354,0.0,0.0,0.0
1748026004.0735583,24.503059688820667,-21.132610859108333,0.9436749327258412,0.9155122456503992,-0.39994938550770115,0.03411196793647221,0.026724347319927497,0.13626808727078804,-0.4154937171270245,0.16674802190168775,0.0,0.0,0.0
1748026004.208377,24.51946347683052,-21.18174619687124,0.957020201588728,0.9150648419990927,-0.40089428891293244,0.035075704897207974,0.026642052851346222,0.16403368159581463,-0.3763787238164416,0.09381921051199978,0.0,0.0,0.0
1748026004.3964865,24.55163018185154,-21.240189284487204,0.9687478488168241,0.9153218291292825,-0.40030737664849025,0.034971456322909815,0.026775932530599348,0.23807714055888063,-0.3124215975502758,0.04996631150883769,0.0,0.0,0.0
1748026004.4813468,24.58697435431566,-21.27234354386499,0.971355908905652,0.9160861715799518,-0.3985978844615529,0.03496031019552175,0.026146308607427615,0.2974702174362199,-0.2476259896062605,0.033555910469666134,0.0,0.0,0.0
1748026004.6518128,24.62716717322787,-21.295286201632614,0.9732974372293495,0.9174967199399844,-0.3954325364538722,0.03571078160700859,0.023613938469545265,0.3355000749181649,-0.20806144195163848,0.02445929421377239,0.0,0.0,0.0
1748026004.7416472,24.672351852312147,-21.327631253553683,0.9814885062316546,0.9185010120117233,-0.39309822670838235,0.03706942729425333,0.021343210916861803,0.3007305830067354,-0.24023107431667443,0.05279987412516534,0.0,0.0,0.0
1748026004.9022944,24.711344561707012,-21.366910764508674,0.9927095821290864,0.918969234412101,-0.3917737691385306,0.03975817750509799,0.02069172154508678,0.24758635287501882,-0.2823220077598013,0.07438408864225728,0.0,0.0,0.0
1748026005.040554,24.736878164948305,-21.404337207814297,0.9992798751567638,0.9189268052507668,-0.39175624160845085,0.040993690289708916,0.020496124240259414,0.19248481645454968,-0.34458428915406325,0.045709657294608415,0.0,0.0,0.0
1748026005.1759093,24.75253649700323,-21.449466901512046,1.0071741950413617,0.9184197397122615,-0.3927370993556355,0.042406894877209306,0.021550122121625177,0.1160747817418879,-0.3874355022513925,0.06000726905469832,0.0,0.0,0.0
1748026005.3000743,24.776556762342754,-21.502475415807282,1.013975908935124,0.918156566568019,-0.3932198329375724,0.042968972295143466,0.02281117428967078,0.16323198614605716,-0.33673790001466225,0.04158753792166229,0.0,0.0,0.0
1748026005.42356,24.798835184572038,-21.54302082224081,1.0132929080718251,0.9178786526524665,-0.3938510034004097,0.04336000802948097,0.022362375300195744,0.2174822477988675,-0.27547143650180306,-0.03273685645965995,0.0,0.0,0.0
1748026005.5629218,24.83458810239927,-21.583310261039333,1.0071925792625063,0.9187725631237056,-0.39182641749707126,0.04386654757255305,0.020118692963815726,0.24379268177803812,-0.22709154136130302,-0.12047962948747885,0.0,0.0,0.0
1748026005.673001,24.854933498931857,-21.605654421534933,0.988925101377352,0.9199885331312583,-0.38918728820410503,0.04322644960422426,0.016906438476035252,0.1989298478609849,-0.2347518822139272,-0.15695855991688687,0.0,0.0,0.0
1748026005.8226643,24.879811238524407,-21.638171794031727,0.9667879541823345,0.9211296390753456,-0.38682495846542964,0.04084382704197641,0.014779083791198003,0.14220107481324787,-0.284691630083211,-0.17571912224838998,0.0,0.0,0.0
1748026005.9288194,24.89811893523207,-21.6808371655388,0.9467039462036976,0.9219406498778523,-0.3851481020607427,0.03857040511465256,0.014096149513355418,0.08615992593043299,-0.3412260925969135,-0.1339398173747539,0.0,0.0,0.0
1748026006.069732,24.908850478292557,-21.731895397011133,0.9385325784472003,0.922606716728049,-0.3837081623347613,0.03540511312646871,0.01764568985538119,0.04899063709440919,-0.40107655179894675,0.014240007370935826,0.0,0.0,0.0
1748026006.2082086,24.921420160006804,-21.788923091524115,0.9419153379945023,0.9229644439245703,-0.38278982247550475,0.03395929895025531,0.02133900360812512,0.05014619454689905,-0.40224234073966086,0.06766676177842884,0.0,0.0,0.0
1748026006.3435383,24.93184935448486,-21.840191191468996,0.9501592152549576,0.9233544338487696,-0.38169378503272994,0.03349755289465015,0.02458369193747475,0.06421681739235266,-0.4111075748111455,0.04749962754633768,0.0,0.0,0.0
1748026006.4744651,24.946973974393046,-21.900186039564318,0.9547344213020569,0.9233656548662987,-0.38157075963797754,0.033441708351307275,0.02610124413077432,0.08769524992642497,-0.4075019123644399,0.03511458039886044,0.0,0.0,0.0
1748026006.621726,24.958822733261147,-21.952032421076485,0.9564047354694417,0.9226577092106338,-0.38324151711882515,0.03367778058021889,0.02635333538354143,0.11495939963963352,-0.38405350896277507,-0.005891643358958116,0.0,0.0,0.0
1748026006.7693982,24.977360327288316,-22.00378035288487,0.9528557228139376,0.922587123505716,-0.38339778149971315,0.03355095049673946,0.02671094164031635,0.14742510657914246,-0.3582253821050896,-0.04530160625174803,0.0,0.0,0.0
1748026006.8788972,24.990071306557088,-22.03808628357843,0.944829957498157,0.922104578618844,-0.3846469409539174,0.03303749181709803,0.026046132906691787,0.17675491202187196,-0.3077837177812385,-0.06494180427351794,0.0,0.0,0.0
1748026007.0393906,25.020711414547183,-22.087747987432685,0.9346555782962085,0.9219948017075426,-0.38506185408807625,0.03202270923821266,0.025049954961379194,0.21959929439771597,-0.28272186060048865,-0.04032432481967566,0.0,0.0,0.0
1748026007.1408112,25.054999053573045,-22.12600492212853,0.927959266912978,0.9220080320886547,-0.38515325958869173,0.03173012590444536,0.02348093912730546,0.2683948594208617,-0.250274151894068,-0.023575972071871003,0.0,0.0,0.0
1748026007.2694132,25.091863850437583,-22.15741398798086,0.9242567449645457,0.9222306666131035,-0.38470789351956414,0.032119832819846254,0.02141846310349735,0.27872626677666257,-0.2350495689658033,-0.010368519617841906,0.0,0.0,0.0
1748026007.4090152,25.132545370611084,-22.18459769880962,0.9254708544560594,0.9219171556314284,-0.38549202519155695,0.03293130731141093,0.019498350313041948,0.33090706529875796,-0.21287217787222057,0.06311223016438106,0.0,0.0,0.0
1748026007.5464191,25.17710259838401,-22.20971462850995,0.9362983674439501,0.9218725952741352,-0.38550718571608417,0.03474713244305337,0.018104271064586737,0.35585220909315296,-0.18220216032298525,0.1076650391158913,0.0,0.0,0.0
1748026007.7057188,25.223665634429988,-22.23323145535615,0.9477579345414993,0.9216748460969161,-0.3858216313906478,0.0375828719771614,0.01564207650004926,0.3576520780709749,-0.18334280602736866,0.1089649121943191,0.0,0.0,0.0
1748026007.7996168,25.27486507496693,-22.258471916914793,0.9626606673663575,0.9215700975920594,-0.3858047658620566,0.041167422395233945,0.01298003064781798,0.3572482424274821,-0.18139649591727883,0.10150094294991191,0.0,0.0,0.0
1748026007.9456995,25.317793100058154,-22.27803822063501,0.974069644364176,0.921689930903312,-0.38533869985421476,0.04351349014162196,0.010408354423572297,0.3439435693384277,-0.19877805169133875,0.09313938942748001,0.0,0.0,0.0
1748026008.0919323,25.36158587220612,-22.309014827008138,0.9832038340019419,0.9221188075329257,-0.38425794134029245,0.0441610152718609,0.009619981347904965,0.3123286349993571,-0.2401332176068284,0.02599141062873035,0.0,0.0,0.0
1748026008.2285955,25.402623970697572,-22.345270957795602,0.9860306467176263,0.9226852527533586,-0.3828298707094516,0.044012916825224416,0.012493101960337642,0.2933739976781305,-0.2699965322878243,-0.008230821036481201,0.0,0.0,0.0
1748026008.3704998,25.44259724547931,-22.376248033047784,0.9873618871672148,0.9231695530396832,-0.3815100775773655,0.04483058462527036,0.014080331302227134,0.31443641936931715,-0.2121058908657801,0.008368325114671006,0.0,0.0,0.0
1748026008.4806976,25.489713765961802,-22.398862149369403,0.9896674603446278,0.9240454977684835,-0.37924033396330176,0.04661918362634741,0.011972421109021114,0.34538591847048883,-0.1672945858503256,0.023652370312772064,0.0,0.0,0.0
1748026008.6306899,25.52750654994797,-22.42476295724372,0.9880220670226416,0.9242940301051444,-0.378460971784549,0.04862789789399083,0.00911955559755743,0.26614625465046443,-0.2369146921916955,-0.012191987356035548,0.0,0.0,0.0
1748026008.7613328,25.55864439638916,-22.463331367558823,0.9834252126974539,0.9246413012776874,-0.37750997701583017,0.04891398180041926,0.01149363343075647,0.1680897679485557,-0.32406345071835174,-0.026984782475338462,0.0,0.0,0.0
1748026008.87419,25.574411108683208,-22.511234484523154,0.9732920814423468,0.9246756845147971,-0.3774537271714035,0.04671473414647748,0.01792472942978673,0.08894495236954533,-0.39223087550238583,-0.0711133439028653,0.0,0.0,0.0
1748026009.0261796,25.589176033164946,-22.564300215032247,0.9565339944500834,0.9238712807618337,-0.3794578610291695,0.0442333159383704,0.022737679031794553,0.08466104441982968,-0.39590678180217553,-0.12669669275181408,0.0,0.0,0.0
1748026009.1525497,25.598634081773927,-22.614189765876095,0.9355382533225137,0.9221547536484601,-0.38360138086779816,0.04331738381832176,0.024580381994638564,0.07166257640740395,-0.3658900318590419,-0.15673457645966554,0.0,0.0,0.0
1748026009.2711282,25.61513955392408,-22.65812414724169,0.9137445928329677,0.9205314328222377,-0.3875668600305287,0.04370002388616867,0.022452574566472375,0.10617253027185779,-0.3002269896748226,-0.17885089050897793,0.0,0.0,0.0
1748026009.3892958,25.630453819040554,-22.69075300052958,0.8917662283669211,0.9188695243232501,-0.3915331967420421,0.045260832567086254,0.01822114579975137,0.1534593534722812,-0.2398739310569516,-0.1717426602758311,0.0,0.0,0.0
1748026009.5595853,25.649231870566066,-22.71941521428624,0.8681323911388804,0.9178408278143398,-0.39399115089219594,0.045944603032191944,0.015108979712229796,0.14942645713330727,-0.19897923342968718,-0.1823034550734454,0.0,0.0,0.0
1748026009.67262,25.673241403276798,-22.744109044091854,0.8448435571818455,0.9179520160149386,-0.3937353043817286,0.04568941090437653,0.01578239870072142,0.14990059073526535,-0.1657470537100232,-0.19284654446009805,0.0,0.0,0.0
1748026009.8345048,25.697828635361166,-22.760618333274277,0.8216048580552839,0.9183970595602104,-0.39272524239830714,0.044873477694560786,0.017323278383325973,0.21923952470288163,-0.08992797469756543,-0.17982769249146874,0.0,0.0,0.0
1748026009.9337008,25.724438313226766,-22.76833690831114,0.7996542427443664,0.9189831320555454,-0.39141298555034293,0.04470606292760712,0.016347650518047614,0.24124492357206725,-0.05297490654405634,-0.19503724521021323,0.0,0.0,0.0
1748026010.0823994,25.754913846722765,-22.774254242926894,0.7750409091586188,0.9197255376481637,-0.38969882155457225,0.04535621669873224,0.013512123576688349,0.2129366349264268,-0.05447069734920182,-0.18036111761160156,0.0,0.0,0.0
1748026010.2210686,25.777476850367524,-22.778255851967362,0.7565805833120391,0.9202578691363604,-0.388461371303477,0.04559796625049213,0.012001782011288353,0.19523806875740993,-0.07063911740519002,-0.15275018360228843,0.0,0.0,0.0
1748026010.3666406,25.798035720693584,-22.79114053689577,0.7396030690487116,0.9209601523604406,-0.38680530306544286,0.044695787279310915,0.01470856499348944,0.15788292792634354,-0.10348983519276202,-0.09732556288668899,0.0,0.0,0.0
1748026010.4981337,25.816204752042708,-22.812474111952696,0.7266768261925082,0.9208687834322009,-0.3871521996557525,0.042165846446213025,0.018327558355797312,0.11020092271555823,-0.12768693317245436,-0.061919670108995295,0.0,0.0,0.0
1748026010.624127,25.83164707846602,-22.832625839640272,0.7198677928834316,0.9206555035529198,-0.3876562011533453,0.04059112427532943,0.021644262868985072,0.11834777443792396,-0.12660472271259207,-0.03685972041161145,0.0,0.0,0.0
1748026010.7201698,25.85261387996783,-22.84803698147121,0.7186096467361239,0.920064829405842,-0.38910425067864957,0.04065416641655634,0.02063566202428536,0.1643690976878237,-0.09518063647783098,-0.012257282729168692,0.0,0.0,0.0
1748026010.89133,25.8740031215898,-22.85934965344288,0.7173753931099551,0.9186009963109079,-0.3925708207494601,0.042345900709317895,0.016345793520628274,0.19029867903180753,-0.0632721389726244,0.014222519516572546,0.0,0.0,0.0
1748026010.972692,25.89796207958143,-22.86929205286138,0.7242512881285507,0.917408136312755,-0.39522739814920466,0.04468060039623411,0.012698784492996195,0.17971537823963202,-0.0729021629163684,0.07986037732659979,0.0,0.0,0.0
1748026011.1515138,25.92043959332729,-22.878493356455106,0.7324950569012276,0.9165294663294631,-0.39708459967584914,0.04693711958133734,0.009719303241874451,0.15721912878746322,-0.08535298574902034,0.06295966673100764,0.0,0.0,0.0
1748026011.244241,25.936357960547348,-22.883329816987516,0.7342850779874885,0.9162105604185093,-0.3976193980187218,0.04882403170604065,0.008557875016504,0.15639702604569927,-0.059162307635075094,0.018736260036381198,0.0,0.0,0.0
1748026011.4126055,25.964490772295246,-22.89448608646797,0.7390960155019546,0.91615309239669,-0.39780960809556837,0.048369075046499066,0.00845337672049168,0.1824778718700477,-0.03398828383288413,-0.0073973587836004395,0.0,0.0,0.0
1748026011.5240102,25.987762523273926,-22.898602048654634,0.7375877221178069,0.9167077468515534,-0.3963428651242712,0.0495665253826866,0.010119273141861935,0.15950472062735205,-0.02310690527760288,-0.002033869538929235,0.0,0.0,0.0
1748026011.6877363,26.00854291273055,-22.90238265477434,0.7360140227859951,0.9175106959794824,-0.3944618931720459,0.04940782428807462,0.011524083368762036,0.11866164936035585,-0.06366253903762138,0.011940616583952544,0.0,0.0,0.0
1748026011.8043046,26.01430058743336,-22.910879883204363,0.7343953618818715,0.9173870177184986,-0.3946290197603111,0.04987189253731382,0.01348298258256208,0.03572325246010535,-0.11134866155829387,-0.014419718529166136,0.0,0.0,0.0
1748026011.9368427,26.017231443007727,-22.92827747755383,0.7293438843468577,0.9169397392749292,-0.3956972384003333,0.048764818793727356,0.016346330132163613,-0.020317865783998697,-0.14813480514933705,-0.025853893952284563,0.0,0.0,0.0
1748026012.0534437,26.0154996537489,-22.948149687590565,0.7214654210403874,0.9162278786780513,-0.3973535847727309,0.04740772878167152,0.019725877753397708,-0.052902218534827426,-0.17164206650047098,-0.07240166296354607,0.0,0.0,0.0
1748026012.2280576,26.014014269706596,-22.970685652697007,0.7097376879822584,0.9148652894262901,-0.4005366388186998,0.04553734634753727,0.022765176353224486,-0.06242107776849018,-0.1577863455752592,-0.06941359469589546,0.0,0.0,0.0
1748026012.3493154,26.00582225212647,-22.98886056670621,0.7035350858650422,0.9130283118715279,-0.40471813497569514,0.0447399591259849,0.02410122404004162,-0.04311978942353539,-0.1289096022940497,-0.07726979569124161,0.0,0.0,0.0
1748026012.4727354,25.998781714258428,-23.000139155703057,0.6933755381086056,0.9116716728739955,-0.4078712168675077,0.04335884769278963,0.02481615717435946,-0.02676516707519623,-0.06700460989854229,-0.07185651809382226,0.0,0.0,0.0
1748026012.604133,25.996008359219765,-23.00206626288253,0.6832483795165689,0.910348045343265,-0.4108069464349254,0.04322958501977873,0.025205001081669405,-0.012318986612076005,-0.0007211547783964595,-0.07572292969242024,0.0,0.0,0.0
1748026012.7179372,25.998843900055864,-22.998019277281497,0.6742761105803395,0.9094591395194516,-0.41290287384166635,0.042607579498921966,0.024080790831588303,0.04279133777863835,0.05098135368863813,-0.06530393751496619,0.0,0.0,0.0
1748026012.8717906,26.009696158442978,-22.98585267735566,0.6682565706616315,0.9089339008571691,-0.4141271046295885,0.04244310591492493,0.02316220723460043,0.10675428286796693,0.11879026197987139,-0.03098573881881908,0.0,0.0,0.0
1748026012.970792,26.02874009015035,-22.964999218549117,0.666655853340009,0.9092153820449359,-0.4135425247601377,0.04266379885677217,0.02213073733523616,0.16282107001731397,0.17904663540137059,-0.000577928993022608,0.0,0.0,0.0
1748026013.1429508,26.05311642372981,-22.939189446457007,0.6667118178356487,0.9095187653643382,-0.4128488991650634,0.04368330278694467,0.020571119705780766,0.19102499798861905,0.20804273781945476,-0.011418185520310768,0.0,0.0,0.0
1748026013.294612,26.078721866643615,-22.909659580265235,0.6636158049090517,0.9103102903716709,-0.41111911760243897,0.04452509087435151,0.018269172610353938,0.18171686329647588,0.22624582113043026,-0.04004602524450308,0.0,0.0,0.0
1748026013.4150467,26.09770574641149,-22.882118357814335,0.6605944995247944,0.9104337721469169,-0.41092110527545894,0.04445401579072114,0.016674299193949,0.14525334942175863,0.19823652407119358,-0.04078312483945161,0.0,0.0,0.0
1748026013.5466769,26.114887239852774,-22.85694480724272,0.6592881253725885,0.9096915080710375,-0.41268262869922673,0.044233013746912374,0.014065866777533787,0.10522551534653235,0.17452084270077514,-0.0019790249943000882,0.0,0.0,0.0
1748026013.6544638,26.129864054833288,-22.835818837186434,0.6586268124625898,0.9093676305835777,-0.4135065719441945,0.04360875341738891,0.012692676280126642,0.08344370714304694,0.14682202920870538,-0.01814529872949927,0.0,0.0,0.0
1748026013.8261456,26.139925640137708,-22.817765980837496,0.6563517679308247,0.9086367124103756,-0.4152658829040149,0.04241962875666453,0.011582160945188687,0.06516181672318133,0.1282502433003453,-0.006479044124600339,0.0,0.0,0.0
1748026013.933858,26.14326104933147,-22.80053319489775,0.6521064637844445,0.9074804292776673,-0.4178421772034393,0.04215772130412715,0.010483890611501923,0.04360715680219856,0.1320504558733682,0.006839233484762714,0.0,0.0,0.0
1748026014.087561,26.15115012826921,-22.779615609262073,0.6481180158752402,0.9061657281527501,-0.42077960950474463,0.0413887479995267,0.009755249123551486,0.08490319844584171,0.17342863799567731,0.011897484595916068,0.0,0.0,0.0
1748026014.1951318,26.166363680244835,-22.75279891962246,0.6505535146689088,0.9057904413923633,-0.42163419503625554,0.04123977140054553,0.008219678411420106,0.12435207476403097,0.21503917308281248,0.05306237752840644,0.0,0.0,0.0
1748026014.3582277,26.185290462977665,-22.723814390149627,0.6567603621299088,0.905584621215122,-0.42209969091078375,0.04138751468706186,0.00595133428007261,0.15007613614440307,0.22920700784762185,0.09559887179945491,0.0,0.0,0.0
1748026014.5150967,26.211236960327874,-22.688699550506865,0.6612305049293676,0.9059153360037682,-0.4213535291947689,0.04188544069774283,0.004921106161108192,0.1761259943475648,0.2444716318339436,0.06533561674001725,0.0,0.0,0.0
1748026014.6277049,26.238930067721395,-22.656443867362423,0.6640684427036917,0.9067003245312177,-0.419617365933601,0.042525514903138675,0.00271445835366228,0.21557511336729193,0.24209167402905124,0.03167685748492417,0.0,0.0,0.0
1748026014.748622,26.26989626806271,-22.617592947728877,0.6605526718560785,0.9073133794861478,-0.41816655693107446,0.04379954705931071,0.0008727813216576769,0.23843706479246102,0.26503545103004145,-0.017934291824610517,0.0,0.0,0.0
1748026014.9021974,26.300512939249142,-22.581043922408327,0.653909534701826,0.9084926453203361,-0.4156574282399272,0.04324263599835438,-0.0003002994199944027,0.2152656386402155,0.25185450600945014,-0.04735115660690187,0.0,0.0,0.0
1748026015.0252,26.325040759235716,-22.557371248204365,0.6451750664708706,0.9092012203869035,-0.4140477983602118,0.04378983362816861,-0.0001095027131194436,0.17474776971138228,0.1801468288729326,-0.05289090307030879,0.0,0.0,0.0
1748026015.1828663,26.34520189413128,-22.532369512836304,0.6344824457964217,0.9094412467911703,-0.4135611601173608,0.04340243834015743,-0.0001175730974801925,0.12980410555758837,0.12636004530736136,-0.05155575037526693,0.0,0.0,0.0
1748026015.2726166,26.35926675232739,-22.520820112509877,0.6288407728092649,0.9095448947750747,-0.4133590769053187,0.043155045198256796,-1.5865841345374583e-06,0.0885118460022642,0.08059334913255821,-0.04179421918025361,0.0,0.0,0.0
1748026015.4102843,26.36979546342883,-22.514348433563466,0.6236313083622137,0.9092617793820009,-0.41393879731986755,0.04355966246246481,-0.0004944032924464711,0.08292527219267898,0.05418789695738881,-0.059743834632707445,0.0,0.0,0.0
1748026015.5394542,26.37917054285397,-22.511991279480032,0.6159001277606989,0.9090972029704688,-0.41430623799926203,0.04350420984023184,2.0792937922005002e-05,0.08044298243802177,0.02076890385661293,-0.09592751267864243,0.0,0.0,0.0
1748026015.6853063,26.387289388347664,-22.512248176488438,0.603010289380375,0.9087448798231077,-0.4151401412774831,0.04290153347497805,-0.0009300112323244206,0.04529968941014535,-0.021248002228851565,-0.11139656973533343,0.0,0.0,0.0
1748026015.798138,26.392275381125856,-22.518862180249542,0.5876193887001232,0.9086390197247386,-0.415498409642925,0.04166492913993663,-0.00048692671989525977,0.04859794054296334,-0.03462306967418141,-0.11503183501579893,0.0,0.0,0.0
1748026015.9365995,26.399647399279875,-22.52354714028515,0.5734760339816275,0.9084885720348698,-0.41583669192463374,0.04156376749548566,-0.0009018662882603459,0.06295136430741732,-0.043868293881935964,-0.08269150790140252,0.0,0.0,0.0
1748026016.0446496,26.406769204167553,-22.531698865047954,0.5621714407370713,0.9083919088932729,-0.41599487287954817,0.04204767261609422,-0.002097337057847562,0.05715862072628425,-0.07426538689459769,-0.047031736278888146,0.0,0.0,0.0
1748026016.197906,26.411871900052915,-22.545353841993435,0.5549956093383445,0.9080537111354722,-0.41666820546594613,0.04259101995346399,-0.003474084945457119,0.01323483784482128,-0.12557375653782066,-0.019073176500435256,0.0,0.0,0.0
1748026016.3402286,26.41388532169941,-22.567315022389035,0.5488532403962078,0.9083917500268229,-0.41610685531035,0.040896731843135276,-0.002640221863483015,-0.013942066927518725,-0.1748827447072268,-0.016023718556886682,0.0,0.0,0.0
1748026016.447896,26.411384005176373,-22.596476939824466,0.5447850524466745,0.9088225634251527,-0.4153173310106345,0.039405702218440725,0.0005033926986782017,-0.027210280775604296,-0.21612474449965305,0.008286162275307402,0.0,0.0,0.0
1748026016.6113038,26.4072056134777,-22.62929900136424,0.5449962788881385,0.9091050953547776,-0.41483289398587986,0.037645509963255476,0.004940773915796151,-0.02940711748349389,-0.2608914650314573,0.05260860100354228,0.0,0.0,0.0
1748026016.7432272,26.404325692707317,-22.665683922531773,0.5501405857228377,0.9094364095672115,-0.4140825091337248,0.03715602395969176,0.008973431145599184,-0.03582733609350207,-0.2844591795910143,0.06530364661374961,0.0,0.0,0.0
1748026016.853612,26.403808622221383,-22.706125933538548,0.5594818173841226,0.9097708882038226,-0.4132701172431504,0.037573617879614635,0.010628471672706885,0.0031405305505358932,-0.2994420660415029,0.08949765622893745,0.0,0.0,0.0
1748026017.0171883,26.406719082124486,-22.746581431849464,0.5746168988347167,0.909709835814493,-0.4132264285162567,0.039462951977924376,0.010705550861824235,0.0226763002156009,-0.3053105846104338,0.11736373545855693,0.0,0.0,0.0
1748026017.1807683,26.408774563800954,-22.78615518275662,0.5880039429007269,0.9094425080122422,-0.4134931091738827,0.042593849961176086,0.01111473038822769,0.006846122685763134,-0.3199339406754032,0.07946123567869957,0.0,0.0,0.0
1748026017.275375,26.41002682649108,-22.82905730860308,0.5964133590581817,0.9098390469862959,-0.41249620025998895,0.043206032033967105,0.013154168389515067,-0.0029328812521335038,-0.33973063264120795,0.024861348180761255,0.0,0.0,0.0
1748026017.4167404,26.413462460986366,-22.877071390186824,0.5961178382249167,0.9105107470490572,-0.411014843149311,0.04152553274800271,0.01768073383967381,0.025092614878474112,-0.3286074071092712,-0.044498740429093776,0.0,0.0,0.0
1748026017.5525582,26.418714171301424,-22.922401555477833,0.5899172347253125,0.9112860247639295,-0.4094386182290077,0.03802265869232279,0.021727319177546063,0.06944442354991519,-0.31958316794938196,-0.05413179734326569,0.0,0.0,0.0
1748026017.6676595,26.43161756401014,-22.961938604253,0.5831802024110821,0.911999031762527,-0.4078675497134639,0.03691280595616957,0.023222246045347478,0.13858120531266532,-0.24484955425375235,-0.041420658054019774,0.0,0.0,0.0
1748026017.7988732,26.450783719725617,-22.991556834109243,0.5778635404856626,0.9127400764939066,-0.4061928908063959,0.0385528870936229,0.020653404489022274,0.150846236963351,-0.23931942625164737,-0.043913232366593453,0.0,0.0,0.0
1748026017.9270396,26.46872288941618,-23.023335498167494,0.5728635345233375,0.9129565272659249,-0.40570919730540267,0.03996714308263087,0.017693332590582863,0.1427939991273367,-0.2471138206498903,-0.03920025648799395,0.0,0.0,0.0
1748026018.0805366,26.48388128853853,-23.055566734157225,0.5673372168528777,0.9123551800981987,-0.40701876288647254,0.041098530052630734,0.015958158849378602,0.12981075271911552,-0.2415836059696064,-0.04608859228418599,0.0,0.0,0.0
1748026018.2094476,26.508000214436667,-23.094290350048915,0.5605711792997616,0.9126720040739001,-0.406401258980806,0.04053438842381425,0.014993099534590151,0.1380924276363332,-0.2521975352658295,-0.06264752473939639,0.0,0.0,0.0
1748026018.3511055,26.532030355597044,-23.125847550231118,0.5552342280395741,0.9126202916987936,-0.40657122303377435,0.03990615719927753,0.01521651727618417,0.17797741698859007,-0.23085864478744642,-0.06736539494305929,0.0,0.0,0.0
1748026018.5068183,26.553989271922088,-23.157776381222636,0.5474843868182928,0.9129720008042452,-0.4057895723522549,0.03962463349456215,0.015711051463509224,0.18268463197837095,-0.23936355401278808,-0.06965098387060227,0.0,0.0,0.0
1748026018.6285312,26.576800223284764,-23.18726765282168,0.5431329406674755,0.9129797179218854,-0.4057856671179478,0.03917589089357378,0.016470476544760148,0.187328048308832,-0.22568796262292545,-0.036799233162042776,0.0,0.0,0.0
1748026018.7719748,26.609735126139025,-23.22863033182533,0.5404420417343951,0.9132543506664429,-0.4050622268471406,0.03940741245377312,0.01838856204676013,0.2211842466641105,-0.21219657420922436,-0.00821293245670929,0.0,0.0,0.0
1748026018.8658242,26.633866983866405,-23.247429024324962,0.541768779792142,0.9136479512702822,-0.40406717972397954,0.039883779617880116,0.019657556636515472,0.23589408535441536,-0.18807907858618533,-0.013657687754876153,0.0,0.0,0.0
1748026019.0332887,26.668363438652083,-23.273462467892866,0.5414455592409989,0.9136700004474493,-0.4039061083394186,0.04065145314783293,0.020357929301224525,0.2624417950487508,-0.1689678533414352,0.0014194731460305695,0.0,0.0,0.0
1748026019.138527,26.705373127811786,-23.29454712492844,0.5398794094386475,0.9140625520473473,-0.4029488432799959,0.04139410421427439,0.020209126163733784,0.2957817910307694,-0.12778835925761955,-0.011812588080082675,0.0,0.0,0.0
1748026019.2783551,26.744133897684225,-23.308244335858337,0.5363065114522486,0.9142261357935272,-0.4024891104806275,0.042448879895329604,0.01977830053822162,0.3076218281345658,-0.09012924279019441,-0.03986208714573678,0.0,0.0,0.0
1748026019.4124591,26.795752027593394,-23.322244751984208,0.5311679108370897,0.9146223200228641,-0.401510924264797,0.04333597049480951,0.019416051949221694,0.3703263412095285,-0.03798960699435157,-0.031873296279122734,0.0,0.0,0.0
1748026019.5597138,26.839734365214355,-23.32395977781234,0.5234830304205054,0.9152017798072825,-0.4001828213701071,0.044059607088853286,0.01783711694807518,0.3877251675824257,-0.005004004360669168,-0.05387377701180655,0.0,0.0,0.0
1748026019.7408485,26.8943657625891,-23.320984361210407,0.5142205230336325,0.9160500654616736,-0.39815572373476016,0.04506996353870908,0.017117114579638514,0.40839379541291493,0.0434179146340225,-0.06221205181629355,0.0,0.0,0.0
1748026019.8406827,26.95541981771553,-23.31293327536042,0.5041775282619277,0.9171948476293756,-0.395616287218282,0.044835057628811265,0.01520468273820374,0.4398769916317601,0.07992782878001224,-0.07017527096408945,0.0,0.0,0.0
1748026019.9802213,27.015163286175806,-23.300589920120707,0.49180257882795225,0.9182091712204636,-0.39342544627154236,0.04417766358960235,0.01251679481460475,0.4575403247089966,0.1086119596991571,-0.0681640141562467,0.0,0.0,0.0
1748026020.1114788,27.078929973414123,-23.286076314040763,0.48254440183677366,0.9195267649724708,-0.39052408183122167,0.04322455987448405,0.00964921928453549,0.42887877470915586,0.10509464723897666,-0.04924980142532618,0.0,0.0,0.0
1748026020.2207277,27.13433195592275,-23.273710139539684,0.4815381387095788,0.9202490712344173,-0.38880713843365694,0.043736553303890646,0.007600651308886066,0.4206569171253655,0.0745826060469611,0.006379339962379788,0.0,0.0,0.0
1748026020.3569622,27.182597720855036,-23.267052168095116,0.48827337922166425,0.9203423669829922,-0.38844400079986585,0.04533736580236631,0.005070408350385201,0.372866365054176,0.039911268065184774,0.0631171128696778,0.0,0.0,0.0
1748026020.491603,27.231595338153177,-23.26490310938083,0.5013583396582029,0.9203921291741219,-0.3881877931736986,0.04673067469934842,0.0021931318710872913,0.31557682160763956,-0.0017287109693297472,0.1210854983470486,0.0,0.0,0.0
1748026020.6127458,27.261033204137803,-23.272833002817748,0.5200668778197628,0.9198210497429938,-0.38918841850436303,0.04961247157149856,-0.00046261899798599206,0.22874315550390567,-0.06829774639719405,0.1335469992257256,0.0,0.0,0.0
1748026020.7609117,27.283339307383894,-23.290329475928672,0.5400887564850104,0.9194019280825035,-0.39006217582676317,0.050509750485686455,0.0005989435198094265,0.17059408439833404,-0.13779642916429194,0.14717587925012438,0.0,0.0,0.0
1748026020.8689349,27.303016567305402,-23.311161095988655,0.5578997075911486,0.9192569777614141,-0.39046966177319237,0.04978452902185997,0.004642493053463391,0.1337452113354293,-0.15274974199786234,0.12652465920758285,0.0,0.0,0.0
1748026021.0107489,27.321723058710184,-23.33822415955163,0.5781777865725681,0.9189477859153532,-0.39132123933319496,0.048429373031458375,0.007566388556135744,0.15454795590342874,-0.15486838691987462,0.13326742166045555,0.0,0.0,0.0
1748026021.1486015,27.348002854944532,-23.35871302820863,0.5988291889327446,0.9190721372278571,-0.39099012650184195,0.048595245494861834,0.008463431029253074,0.17619049200703388,-0.1284472671477356,0.11191814341848202,0.0,0.0,0.0
1748026021.3082316,27.365346831449457,-23.372913730235993,0.6186077920797736,0.9187242306449754,-0.3915587324632956,0.05092221980746042,0.00587150640092082,0.16390844656735962,-0.1133383162144896,0.14268728064013675,0.0,0.0,0.0
1748026021.3994455,27.387107253816755,-23.388966134185903,0.6406569847574608,0.9190794421898336,-0.3906531487933957,0.05165253578116706,0.00388739362614604,0.12326206221370513,-0.12454957533965814,0.1508012371890188,0.0,0.0,0.0
1748026021.5655386,27.403267202377034,-23.40767259060563,0.6573126108177418,0.9203721744480842,-0.3875374488223233,0.05184038655734106,0.00650850087009477,0.07828802473701903,-0.15007494413361544,0.09302355920050759,0.0,0.0,0.0
1748026021.6681638,27.41135524634209,-23.431809065209094,0.6715775004976112,0.9214027965542173,-0.3851406074154495,0.050494544147184135,0.01157151818451005,0.03169550794120926,-0.1840041008443923,0.07893342897153667,0.0,0.0,0.0
1748026021.8704643,27.41902567698824,-23.45713036778897,0.677295455721812,0.9223623296357465,-0.38300448853569846,0.0474772489017787,0.01735527202739995,0.0323546963243427,-0.17927550520792981,0.03886906726514325,0.0,0.0,0.0
1748026021.9795237,27.42413638171428,-23.481624034562223,0.6752947602780666,0.9227258671654736,-0.3822106701758573,0.04563779627160656,0.020227931652004868,0.03726912490111241,-0.1577693806923289,-0.04845968361380907,0.0,0.0,0.0
1748026022.077397,27.4317800243933,-23.504020466017646,0.6658034082827899,0.9231897096845562,-0.3812548010349955,0.045066196523662366,0.018291379149802903,0.05220324301430536,-0.13868250851033337,-0.11295433404303294,0.0,0.0,0.0
1748026022.203789,27.437561067275517,-23.52174311148085,0.656969955485853,0.9229344470097965,-0.38192775083856223,0.04596003605831467,0.014521527042180581,0.03320698330493157,-0.13304588074028129,-0.07122871855532717,0.0,0.0,0.0
1748026022.3444574,27.437042054646383,-23.540776714343238,0.6501654998281471,0.9227983942325136,-0.3823136216671434,0.04639319687311353,0.011273401152239147,-0.00938047011421089,-0.15148009015113123,-0.0424555569725942,0.0,0.0,0.0
1748026022.4449954,27.431886685151518,-23.563936518027642,0.6435902535271638,0.9229080578133064,-0.3821504454363428,0.04549529894320907,0.0114861503622223,-0.05433889828337659,-0.18381693097130686,-0.05634086934772523,0.0,0.0,0.0
1748026022.6202142,27.421533238664914,-23.591027407358073,0.6386428277284132,0.9231082497297084,-0.3817361224026032,0.04408070842984924,0.014338175556947524,-0.08101422580407701,-0.2034184519731624,-0.02716173242340377,0.0,0.0,0.0
1748026022.7402709,27.41120489491546,-23.61903139832845,0.6346750065270256,0.9233590586642101,-0.38117701131304116,0.04229479895826081,0.017980122643682227,-0.06498523081439123,-0.18024626890547885,-0.009795560823397949,0.0,0.0,0.0
1748026022.9001477,27.40875412426432,-23.647968023655494,0.6324198228780221,0.9237027268245078,-0.3803020196736696,0.042140691694872716,0.01917833132924187,-0.04281207819805647,-0.1428495369075243,-0.028415186918157167,0.0,0.0,0.0
1748026022.9868522,27.403628438482333,-23.663003759947685,0.6253721937253627,0.9236822761812152,-0.38036212671616887,0.04334581192329066,0.01602640999578683,-0.03811918268187019,-0.12813137167491342,-0.03831211225689188,0.0,0.0,0.0
1748026023.117266,27.398293281095718,-23.680784590156726,0.62245447844697,0.9234120859495353,-0.38096013555247255,0.04510270173618995,0.01205159484326496,-0.047121831481388564,-0.1278834370133293,-0.040068827551853876,0.0,0.0,0.0
1748026023.281701,27.39027216711303,-23.698828659481048,0.6185738464820109,0.9236626114502807,-0.38037320359130267,0.04533637193888894,0.010402863930476115,-0.07067167069679756,-0.1566674650826765,-0.0320587645654762,0.0,0.0,0.0
1748026023.3974636,27.375396205887586,-23.716542205183345,0.6150731943206108,0.9239800445285686,-0.3796709631055494,0.044621846952387204,0.010942022758456548,-0.09444712190442335,-0.173901376584069,-0.04826147447049902,0.0,0.0,0.0
1748026023.5599935,27.361337872166878,-23.741723113316176,0.60964586016418,0.9245305345675326,-0.37844156775148075,0.04290582012764181,0.013577961895960847,-0.0972338739483039,-0.1763952084883494,-0.04728976497358564,0.0,0.0,0.0
1748026023.6744516,27.347358107369402,-23.767537044962882,0.6024623572545758,0.9254609356540721,-0.3762059504679692,0.04151949199429907,0.016348430974163504,-0.0846850798342457,-0.16256633221143915,-0.06211730631768383,0.0,0.0,0.0
1748026023.7996671,27.335575617656847,-23.78847020387399,0.5970535125287808,0.9259055734669398,-0.3751238587294015,0.04086440222003176,0.017636900692044682,-0.0771462024170522,-0.13748954169811536,-0.034662582905275546,0.0,0.0,0.0
1748026023.9460685,27.328047336348877,-23.805597869643634,0.5974232238989052,0.9266508818773249,-0.3732905438493417,0.040835718570692535,0.017457292958928207,-0.0568057742280124,-0.10213199331557088,0.013660999018737676,0.0,0.0,0.0
1748026024.0602727,27.32170503492553,-23.81976725993226,0.5999940160980058,0.9275256663668067,-0.37117821541286283,0.04082621286722057,0.016002842767896958,-0.05186387999617052,-0.10242830254532063,0.02990865143551445,0.0,0.0,0.0
1748026024.2034905,27.315398795291706,-23.826208223004773,0.6031146454212367,0.9281740848300978,-0.3697029907806533,0.03974763400983474,0.015254260004045818,-0.04511110921281317,-0.09092954900639817,0.011112569100672822,0.0,0.0,0.0
1748026024.3355572,27.308095286789076,-23.83898810963167,0.6028408157498039,0.9289199046755834,-0.3680107291643827,0.03826159367533429,0.014558996078989705,-0.07424605304338565,-0.10646943380987538,-0.006596735649098483,0.0,0.0,0.0
1748026024.501678,27.298392296371855,-23.854041577413497,0.6004867823465455,0.9298622825798799,-0.3658553676334751,0.036658500740258046,0.012733410092622249,-0.06516540307632052,-0.11463687150218943,-0.007634160813197826,0.0,0.0,0.0
1748026024.5885563,27.29008876108497,-23.869968892209005,0.5977526743947607,0.9307294180430828,-0.3637949466545402,0.0352083124546368,0.012504475674785012,-0.0547813087273278,-0.11750740219178356,-0.023013246545533765,0.0,0.0,0.0
1748026024.7233717,27.284065725911283,-23.882895846072664,0.5983900700288761,0.9314379283356632,-0.36207409914815764,0.03420745964934436,0.012473254914278517,-0.05089584884462629,-0.12511634861483806,0.0026164692925169813,0.0,0.0,0.0
1748026024.883342,27.27584453597222,-23.90343761512089,0.6010257994301377,0.9314852861673653,-0.3619962137984971,0.03328851443069405,0.01363002774215964,-0.08246690936042532,-0.1848564181890945,0.024136387763562445,0.0,0.0,0.0
1748026024.9965777,27.26479535805079,-23.935086541554554,0.6071852641912453,0.9310837885711652,-0.3629890650213636,0.032955559823566835,0.015357356920945421,-0.09978950268567346,-0.24982689791910814,0.05607281266481394,0.0,0.0,0.0
1748026025.1554444,27.25289477171925,-23.968981346567762,0.6152540484083223,0.9303258787910528,-0.3648166983267724,0.03337017249334856,0.016999042954595086,-0.08900788102620633,-0.2586501881859677,0.0631018766840087,0.0,0.0,0.0
1748026025.280019,27.24283902414787,-24.002042233035553,0.6246015001232577,0.9294628751424984,-0.3668953435833521,0.033490298469585005,0.01910420103309104,-0.053410475271953056,-0.25162147722653116,0.04963903726578607,0.0,0.0,0.0
1748026025.4186015,27.24068243110997,-24.033948398139138,0.6278262034114767,0.9290037631463539,-0.36790159703460673,0.033646265856755564,0.021641436024340526,0.010370753706177552,-0.20073670319506723,0.0096053797416956,0.0,0.0,0.0
1748026025.5365367,27.2465463018416,-24.0573783569104,0.6246504919400916,0.9289033475047782,-0.3680412087436949,0.033558582598337286,0.023623318879616863,0.07306920990831364,-0.1687028650690016,-0.044819965237790915,0.0,0.0,0.0
1748026025.6881883,27.260212508381134,-24.073423677437106,0.6153017329205271,0.9290970787619406,-0.36758522931937326,0.033836011837962386,0.022690123956324224,0.13019527771872416,-0.10163521017642971,-0.07664433534373637,0.0,0.0,0.0
1748026025.7927063,27.28100711752408,-24.08030398608524,0.6029721929037634,0.9293034924068342,-0.3670796467361166,0.034544549327249686,0.021312579954717154,0.174181683001454,-0.05928484360029525,-0.09361106968934828,0.0,0.0,0.0
1748026025.965817,27.30735209061669,-24.08232611759879,0.5910605036666797,0.9298339966451967,-0.36568099605764004,0.035890969977525174,0.019949588446508383,0.21223680856913532,-0.021702619380844654,-0.08316434019168342,0.0,0.0,0.0
1748026026.0551782,27.33735703758175,-24.085345356635816,0.5783789580018289,0.930608975724068,-0.3637551009570108,0.03593179730067464,0.01892265235899365,0.21093037927530922,-0.03308994588180213,-0.10055810646214323,0.0,0.0,0.0
1748026026.2133136,27.36408385582429,-24.0885133649462,0.5666680211775393,0.9307877974351209,-0.36324873820381276,0.0367330550660027,0.01830609201147125,0.18821164404284496,-0.05104006231026307,-0.09856284111841393,0.0,0.0,0.0
1748026026.3350065,27.389235900143053,-24.09357255491397,0.5554073335790992,0.930980323971633,-0.3627748073020845,0.036847946386872936,0.017672136590659658,0.18294197414489266,-0.06253534370412354,-0.0864818595969844,0.0,0.0,0.0
1748026026.4995573,27.41234673883163,-24.103851739759982,0.5469178147532806,0.9310467297531352,-0.36259343171929626,0.037157158436721405,0.01724342967407899,0.19061820820138892,-0.07842535689747507,-0.04382982200577293,0.0,0.0,0.0
1748026026.5749424,27.4348561946157,-24.115261782430665,0.5450484277327954,0.9308425430525188,-0.36310872483671863,0.03739782668610188,0.016900193789663936,0.17513818813775903,-0.10792014248689383,0.0031841275504681994,0.0,0.0,0.0
1748026026.7723541,27.458091960578273,-24.12802603914039,0.5468702071237334,0.9304663670667038,-0.36403582004027046,0.03807668778251235,0.016137761084199932,0.1761178327198416,-0.10253735036432186,0.030553609740803418,0.0,0.0,0.0
1748026026.8608968,27.48383101138204,-24.14229270740389,0.5524410611698375,0.9302017648175381,-0.36466664662152976,0.03865056541467081,0.0157812345927735,0.18607213685176807,-0.09829882880009526,0.04725362645031331,0.0,0.0,0.0
1748026027.015235,27.51044445375883,-24.156862207026098,0.561531262726557,0.9297149795086973,-0.3657620250249458,0.03984606108662775,0.016139682235848152,0.207175715177637,-0.11213399727673573,0.06550684510247395,0.0,0.0,0.0
1748026027.1575348,27.534142883227503,-24.16837120030275,0.5722064156971579,0.9293879296358485,-0.36640844496595937,0.041196376441240565,0.016905214371022118,0.2168590950264547,-0.08867221859793493,0.0885538857991768,0.0,0.0,0.0
1748026027.2841334,27.5640400849697,-24.179482451270694,0.585195414410007,0.9295347804923327,-0.3658188937015349,0.042729326956362876,0.01777170458656499,0.23382811817745275,-0.07111908036400416,0.0870736951488334,0.0,0.0,0.0
1748026027.4144437,27.598756760609117,-24.188102647703367,0.5962335761608663,0.9292516593465959,-0.3662429433535349,0.044817377048991254,0.018677868180982923,0.2437084492493458,-0.048077876908351046,0.0564465768950269,0.0,0.0,0.0
1748026027.5519814,27.633286743071206,-24.191531406929972,0.6022824031926026,0.9293126437003577,-0.3659895922715854,0.045817113659917856,0.018177477916503062,0.2873593403357847,-0.0033444045722841815,0.011317040611519733,0.0,0.0,0.0
1748026027.6584876,27.67291503221631,-24.18829621359054,0.5988677883747193,0.9299275187692146,-0.364462924185091,0.04556129526781347,0.018048687035454543,0.29141213317822107,0.02389801614538783,-0.03800361120737258,0.0,0.0,0.0
1748026027.7991037,27.710521343792784,-24.183743176032376,0.594133131981823,0.9303732829589234,-0.36338160713626033,0.04534496593102392,0.017412524688212087,0.2767957735010597,0.03088078912070697,-0.039221580000587807,0.0,0.0,0.0
1748026027.9348233,27.741083200497037,-24.179443244772273,0.5905619579903698,0.9305495890206886,-0.36295358688860596,0.04553369448526091,0.016396304603347116,0.248364305048438,0.018999873790793445,-0.007417990516311836,0.0,0.0,0.0
1748026028.1015415,27.768680298433875,-24.178635842328827,0.5903934894064427,0.9301991156193578,-0.3638961154065666,0.04521149889699737,0.01628320792910178,0.19553907531973042,-0.007913519504966972,0.026065579203270205,0.0,0.0,0.0
1748026028.20175,27.798810262834774,-24.18210615282501,0.5926476728198036,0.9300751837548794,-0.3642839925487992,0.04415978667855967,0.017528222286869437,0.15925273107432802,-0.02730459211034822,0.04200892525419551,0.0,0.0,0.0
1748026028.3664474,27.82510574451925,-24.18629064814839,0.5970123984252952,0.9293942462581555,-0.36600073702497643,0.04386094347500833,0.01860142889380047,0.205587961058221,-0.0070968200828632234,0.06661972066553105,0.0,0.0,0.0
1748026028.4983878,27.852648598965903,-24.1838296880632,0.6021744959968109,0.9289290564139838,-0.36709601918420703,0.04401982110230666,0.019838754977442835,0.2368880926261507,0.04269115060528705,0.05568577119834324,0.0,0.0,0.0
1748026028.6349764,27.88593843441143,-24.175019488016673,0.6128694858452765,0.9287171388485198,-0.3675623191225875,0.04450751290794792,0.020037436587384005,0.2658777245313991,0.08502832726490271,0.08490121885479718,0.0,0.0,0.0
1748026028.748279,27.925667541969993,-24.16092734765272,0.6221544037097116,0.9286464479002782,-0.3676853307572237,0.04539915147582376,0.019031274088256934,0.2835058552107811,0.12375581252907233,0.07696689554008411,0.0,0.0,0.0
1748026028.8709207,27.96435380246338,-24.1416502013108,0.631716090939436,0.9285895703043694,-0.3678519493646072,0.04623905910671278,0.01637994760464847,0.2995950009281995,0.14634014813757235,0.06702159068263276,0.0,0.0,0.0
1748026029.0261538,28.0042182200495,-24.121594262118204,0.6376468813999734,0.9282078715778954,-0.3687598855550553,0.04742908477499662,0.014027682048788154,0.2755383155387709,0.13656151677087983,0.042962070739801184,0.0,0.0,0.0
1748026029.1788568,28.042512026798434,-24.101947060034043,0.6393362004899917,0.928006060154206,-0.3693626203291628,0.04736009561815262,0.011533792250711779,0.24860478314451642,0.13817872775667775,0.0037166873723714815,0.0,0.0,0.0
1748026029.3079765,28.07812061583148,-24.08210254660145,0.6407288477757426,0.9273123684494831,-0.3711034060992163,0.04793455283061803,0.008735670958732011,0.23715613822344672,0.13156710759114643,-0.026414935725024423,0.0,0.0,0.0
1748026029.4074137,28.107975153594303,-24.063422666911297,0.6390848124935139,0.9263386024377671,-0.37351671105982137,0.04846657679639733,0.005749010900789748,0.22932473394592529,0.14039448221452358,-0.020193692816774165,0.0,0.0,0.0
1748026029.557511,28.136412625620846,-24.045977306602314,0.6400161863907777,0.9249161475511993,-0.37699295997941074,0.04900947062228581,0.0021213001517759044,0.18916697963088164,0.12247524919923558,0.020441097541499215,0.0,0.0,0.0
1748026029.7318864,28.15565689630421,-24.03512927431032,0.6416931284153939,0.9240153023636534,-0.37929697231042453,0.04826217890282069,0.0005384064482070123,0.14763329760824226,0.09381094640252748,0.018467278073588136,0.0,0.0,0.0
1748026029.8005705,28.17712895717001,-24.02474960474509,0.6461211579703162,0.9232977885685527,-0.3811831623964312,0.04711759189556144,0.0007230932440125151,0.14074577128407914,0.08050404151380003,0.05356060950940766,0.0,0.0,0.0
1748026029.9519753,28.192666593226715,-24.01939653534399,0.6498860010974008,0.9229821497958165,-0.38201523311016766,0.0463915037019802,0.00401761301601379,0.13141235557225212,0.06798037920160303,0.031585068526327906,0.0,0.0,0.0
1748026030.1345778,28.206414778304016,-24.01274633738855,0.6500194355402614,0.9227746649208065,-0.38279541392714256,0.04380174309846115,0.0059996798395691876,0.1202065137687941,0.054766193259345806,-0.017801824344155143,0.0,0.0,0.0
1748026030.207129,28.224160191866414,-24.00372882833514,0.6463590526784082,0.9228217036498284,-0.3827373437008256,0.04293908988637181,0.008274271532566798,0.14556371327086398,0.06614308570320851,-0.04534856375824178,0.0,0.0,0.0
1748026030.3175094,28.24643678620651,-23.992000536165108,0.6407521298450594,0.9227451444428268,-0.3829631468839769,0.04293134076322369,0.006125889011431166,0.18198635140759542,0.08808848712275137,-0.03694635905155247,0.0,0.0,0.0
1748026030.4990633,28.272898325320654,-23.982604317835992,0.633709706119893,0.9235299084921172,-0.3811800551963591,0.04211818301407189,0.0045091352425310266,0.16550638893573316,0.055827890633813944,-0.025688001000736864,0.0,0.0,0.0
1748026030.6188579,28.29276424961756,-23.980204758824513,0.629984085510275,0.9240117479179305,-0.38003248440414983,0.04180273949219007,0.005489214716930931,0.11672653511805083,0.0008517841083030496,0.005601512157950115,0.0,0.0,0.0
1748026030.7380168,28.303092568072476,-23.98851216801196,0.6271145743469888,0.9242951520927778,-0.3794602750396709,0.04007519089891949,0.009074720878435683,0.06966149051356939,-0.09023280311273596,-0.008243575272866288,0.0,0.0,0.0
1748026030.8611562,28.311155140808562,-24.00455682054232,0.6215110482494297,0.9243614481002516,-0.3794053799544184,0.037492508348946595,0.01420502535561775,0.04625794010290961,-0.13002809672670326,-0.038650328491698804,0.0,0.0,0.0
1748026031.0520523,28.31689753906671,-24.023331205284883,0.616918159412009,0.9238593948725614,-0.3806536297147894,0.036155223232025094,0.0167162353328498,0.049634049164918294,-0.13963839214760035,-0.04948257371343873,0.0,0.0,0.0
1748026031.1381588,28.323611224882736,-24.04302327882452,0.6099118250345915,0.9228859533016701,-0.3830956783717423,0.035735041932134705,0.015563585366834951,0.07200722828061966,-0.14166452766755652,-0.04648193846885414,0.0,0.0,0.0
1748026031.256618,28.33380263320829,-24.060892638767353,0.6050143597550725,0.9221379590408795,-0.38489055573750236,0.035980082782165586,0.015042547755834641,0.07076255385081781,-0.16112642714968908,-0.04812520439811226,0.0,0.0,0.0
1748026031.4644852,28.342364952344905,-24.083171599611873,0.6035996388065038,0.9209358878483748,-0.387716118730018,0.03648124990748399,0.014913757241021133,0.07402111505576885,-0.17738841226533208,-0.03229750790517397,0.0,0.0,0.0
1748026031.5430262,28.356884677791932,-24.105440680931157,0.6045878269384178,0.9201872203003315,-0.38941732084838865,0.036941970102436446,0.015649941346956686,0.09157263334081435,-0.16695482167554504,-0.008806786471653722,0.0,0.0,0.0
1748026031.718717,28.37174022499654,-24.127649862391287,0.6044720406143617,0.9195148506480536,-0.39096577761830487,0.0366911115906465,0.017086910172544385,0.15458389477084797,-0.14254197834875815,-0.02992232388914687,0.0,0.0,0.0
1748026031.8243802,28.391657022559166,-24.146630412983537,0.6031823348063335,0.9193212933427745,-0.3914578226379252,0.03601152900362374,0.017672081964623786,0.195974517736903,-0.1118744896457784,-0.04088543213323159,0.0,0.0,0.0
1748026031.9417038,28.420162414305793,-24.157828730615613,0.5962776420621124,0.9191603780789572,-0.391744464375533,0.037281674603604986,0.017045548968169868,0.24671838756121756,-0.0528501329879187,-0.05713706304145012,0.0,0.0,0.0
1748026032.0621285,28.456538176486884,-24.163271153170804,0.5900568197627927,0.9196234964108647,-0.3907191267612098,0.03810160112146163,0.013396149595877777,0.28547591241810405,-0.03711310598372514,-0.05391181114943892,0.0,0.0,0.0
1748026032.2078896,28.49424983080698,-24.167046960574883,0.5817578960479763,0.9200292502234245,-0.3897127941035777,0.03954577664801331,0.010307686190958489,0.2978472232864107,-0.03420260273297317,-0.04997213158974447,0.0,0.0,0.0
1748026032.34716,28.53395601128585,-24.171011539361988,0.5759563281280071,0.9207234635235361,-0.3879788612214326,0.04088662812214208,0.008306058231525333,0.2828708163077151,-0.04698411891157322,-0.03077274968478206,0.0,0.0,0.0
1748026032.4850252,28.56701846387699,-24.18173951778832,0.5713031940698078,0.9213906582742801,-0.38633297189865834,0.04162053845631607,0.007336242052009836,0.2395211347839069,-0.09695287198191363,-0.05668348978921751,0.0,0.0,0.0
1748026032.6368225,28.59691416232697,-24.19880312059723,0.5633077656556614,0.9216235557011966,-0.38579396252943693,0.04119679155519839,0.00871001825924584,0.20544179287716818,-0.1571906323128546,-0.06786096068177182,0.0,0.0,0.0
1748026032.762854,28.615227209174297,-24.223017136069704,0.5552043111462263,0.921638459634151,-0.38573556714839374,0.04069744455291743,0.011590511928231295,0.14142253451598963,-0.21179739954558338,-0.07458159767966643,0.0,0.0,0.0
1748026032.9406796,28.629918881854465,-24.256521126267103,0.5489727544282064,0.9213783395540666,-0.386417352774081,0.039292258355223965,0.014131642120050119,0.10140193771927265,-0.2594080116714386,-0.06700742989761109,0.0,0.0,0.0
1748026033.007803,28.648552865933834,-24.29692942290619,0.5433722281929629,0.9206963405561901,-0.38806128876668555,0.038377333995117606,0.015933137876968626,0.1060697862642492,-0.2919327214601728,-0.04730246052286542,0.0,0.0,0.0
1748026033.1496634,28.66139168241179,-24.334816957472565,0.5434695492984613,0.9197707393337429,-0.3902423405502959,0.03812729492873176,0.016703654950477702,0.12261811823739988,-0.2879228267052943,-0.022727798676424698,0.0,0.0,0.0
1748026033.28346,28.682368664317888,-24.372178694027358,0.5430616395265473,0.9191354763581222,-0.3917107714983135,0.038520295854695505,0.01639617026596467,0.1560072430649951,-0.2718644155193287,0.007062065327048188,0.0,0.0,0.0
1748026033.4070814,28.707648076427333,-24.40405952642326,0.5443220692118858,0.9187378847055861,-0.39259527100496416,0.03925388199215445,0.015772924262487106,0.1978344002687449,-0.22796890768156344,0.004996335551136052,0.0,0.0,0.0
1748026033.55456,28.73320219575069,-24.43108229477614,0.5479590782482994,0.9185723306707618,-0.3928141509375857,0.04153313035721801,0.014032648787691875,0.20646326672708584,-0.20302484601534,0.002851026780182272,0.0,0.0,0.0
1748026033.6833622,28.760624990048996,-24.459736739300816,0.5515932622383356,0.9191485488084762,-0.3913853745674697,0.04272704823828966,0.012563166272745637,0.1994345430149786,-0.20631806619918172,0.02522860816031468,0.0,0.0,0.0
1748026033.8280702,28.78149070679103,-24.488558177515255,0.5554564897584059,0.9194205200867429,-0.3906810211335616,0.043175762623963575,0.013042257906514218,0.15909136916342045,-0.24201545792697235,0.005921977348329215,0.0,0.0,0.0
1748026033.995548,28.804948891265532,-24.525800295488935,0.5566267158762289,0.9199319776629666,-0.3894871401919754,0.04250398564449812,0.01477617347325875,0.13067720860181245,-0.26579655858830686,0.017079910351035007,0.0,0.0,0.0
1748026034.134322,28.82230323657556,-24.56302435050682,0.5574587718717156,0.9201005120156461,-0.38914775897261505,0.04134285755285297,0.01642673444424814,0.12474293825951188,-0.28362648786388056,0.008546863772714209,0.0,0.0,0.0
1748026034.2462952,28.84177385154567,-24.608183130480015,0.5524700760073242,0.9199274553034782,-0.3896399805834127,0.039853112607401917,0.018052476985908315,0.09957159650014251,-0.31942176256884347,-0.03230233630887327,0.0,0.0,0.0
1748026034.3766923,28.8504524554069,-24.648147858960336,0.54499318721618,0.9195379704378948,-0.39063338079647997,0.038404514688794474,0.019508356721873756,0.08758970268577775,-0.3219363574175224,-0.05559300846896588,0.0,0.0,0.0
1748026034.4833019,28.86359849448942,-24.688510749649556,0.5361945049022586,0.919380402637907,-0.3911657797598089,0.03657497928199797,0.019780770479994162,0.08920827539739025,-0.31539214258941484,-0.041695670922824425,0.0,0.0,0.0
1748026034.6123435,28.87257392532647,-24.730601665083856,0.5292974251731043,0.9189129425611265,-0.3923198816169996,0.035475677979078094,0.020629851031936205,0.10475898174793294,-0.3141792785517604,-0.03082685006978935,0.0,0.0,0.0
1748026034.7953136,28.885854398266037,-24.767322739077255,0.5283513408491901,0.918553418516135,-0.39324783629095933,0.03409313649950837,0.021293534897399703,0.13243485833848043,-0.29661082858313564,-0.008348012500339596,0.0,0.0,0.0
1748026034.9038267,28.910996150142036,-24.810922097903013,0.5291464344463516,0.9182053087279343,-0.39403276814463567,0.035037773900604564,0.0202371700641374,0.16357977855237993,-0.28702937467270184,0.004230930894983588,0.0,0.0,0.0
1748026035.0112302,28.931794320325405,-24.844086212703818,0.5315601240261612,0.9180134873673175,-0.39449270811376436,0.036121626484160105,0.01794347672284216,0.1681751902412741,-0.287825349237871,0.014394518159976869,0.0,0.0,0.0
1748026035.1750147,28.955952205749952,-24.880542151403088,0.5348440311853133,0.9180353787395211,-0.3944396002980199,0.03730909618677684,0.015377790512563438,0.18927621980268144,-0.26663094525955594,0.00959423469282865,0.0,0.0,0.0
1748026035.3099148,28.98054812915913,-24.91771732100216,0.5376693850599772,0.9181025984170758,-0.39436765315903644,0.03784624185143523,0.011376945959729053,0.1702270109769309,-0.27114364255186285,0.005810385577236075,0.0,0.0,0.0
1748026035.4332232,29.005402193993163,-24.955146965878143,0.5407978468039035,0.9182837086373709,-0.39400361024566677,0.03820362773602085,0.007527841150335516,0.1731607446092241,-0.30331877424328557,0.03094380838201659,0.0,0.0,0.0
1748026035.5573053,29.02610619200417,-24.99645719650315,0.5429199191208691,0.9187103261739964,-0.3931469099418197,0.037084911822850494,0.005617214573029107,0.15844858600924466,-0.34414205509436807,0.03656768234866874,0.0,0.0,0.0
1748026035.6950665,29.04522443490521,-25.045377517967452,0.5465113349300427,0.9192947357169553,-0.3919534409796551,0.03519258291836773,0.00558310799064478,0.12678666547993822,-0.39561763060606575,0.058787096981185845,0.0,0.0,0.0
1748026035.8401997,29.05696704906895,-25.098785897254565,0.549591741444174,0.9199540821987378,-0.3905349828853948,0.03328645687321679,0.0076762997212316735,0.11153259517423494,-0.4394425385899692,0.041608331989769445,0.0,0.0,0.0
1748026035.9747841,29.0763460721312,-25.172843324242645,0.5537452881930867,0.9207144434301395,-0.38890338771423505,0.03039520315678622,0.010733140667004136,0.07017577938436753,-0.5245808614792297,0.04467131130945202,0.0,0.0,0.0
1748026036.099482,29.078010705150373,-25.230419301284773,0.5562323228779775,0.9210830654364951,-0.3881754385645612,0.027025158547794945,0.013980567470114181,0.07977123992524413,-0.5482037800444161,0.06485696651783042,0.0,0.0,0.0
1748026036.2105532,29.0943546231546,-25.31202069450818,0.5643436628135617,0.9209241761807195,-0.3885947491456955,0.025224172333255298,0.016016360147034264,0.10583076210917673,-0.577297815759665,0.09229290790355689,0.0,0.0,0.0
1748026036.3409488,29.113513747426243,-25.39505546717236,0.5755092213135606,0.9206195252042674,-0.3893722613882558,0.024462415663511847,0.015827889751034788,0.1295041142545022,-0.6168412803633058,0.13444999965613147,0.0,0.0,0.0
1748026036.489817,29.132462875349628,-25.476768637978303,0.5933221525469721,0.9199207968677409,-0.3910371090768314,0.02473955690793986,0.014955304712837063,0.1503635611171636,-0.6592569326313046,0.1619249195692584,0.0,0.0,0.0
1748026036.6154819,29.15275896664287,-25.565367453163923,0.6144002331261054,0.918847176222246,-0.39353993608676435,0.025838876468021393,0.013361808114942095,0.1601856037641228,-0.7089455421993479,0.19612062587245455,0.0,0.0,0.0
1748026036.7840478,29.172962377715777,-25.659626142483226,0.6407733473255692,0.9174790524602348,-0.39664608440745497,0.027457720337695023,0.0122533919696111,0.17953335560101794,-0.7367060400186206,0.23213980919748434,0.0,0.0,0.0
1748026036.8799834,29.195913054181325,-25.76633811583738,0.6675022445487678,0.9162894373619825,-0.39930426797985524,0.028495432241521363,0.012561006858617734,0.1713161318065488,-0.7871026815405283,0.18624676592266018,0.0,0.0,0.0
1748026037.026608,29.216191060784688,-25.866161167073546,0.6863652898084881,0.9146782731425523,-0.4029242703559088,0.028855555958531315,0.013529445274696777,0.20040960817213715,-0.7975289259340748,0.12378617015930166,0.0,0.0,0.0
1748026037.1882117,29.248588711539014,-25.988850938678496,0.701243492587528,0.9134628578954471,-0.40574770707514474,0.027344968025737406,0.014375610331956423,0.22563188365562098,-0.8347476492381788,0.07455067831931945,0.0,0.0,0.0
1748026037.2994432,29.281046425218474,-26.103401835781973,0.7124940787209081,0.9121793763236372,-0.4087306671428105,0.02551903690222158,0.01472433028685954,0.23936701077559513,-0.8463588818145625,0.06258217473543962,0.0,0.0,0.0
1748026037.4446094,29.315164227064017,-26.210222834410782,0.7194571807639906,0.9108130038659905,-0.4118874424274495,0.023397810217842614,0.014864361277743925,0.27974269613262276,-0.8627690688797847,0.06834929467426669,0.0,0.0,0.0
1748026037.5696743,29.35792877903527,-26.331930636709387,0.7348233023566845,0.9093967863155802,-0.41507809695464115,0.021939681812078105,0.015043564384594917,0.3251397386507234,-0.8871692742809228,0.1287955078403898,0.0,0.0,0.0
1748026037.707617,29.396606809988228,-26.43394602952041,0.7543612985428002,0.9083264288697898,-0.41743692519685516,0.021436644090071164,0.015165170259698735,0.36161758904011165,-0.9117687317606158,0.19202124781872112,0.0,0.0,0.0
1748026037.814743,29.454529848757947,-26.56538811393941,0.7876646257301422,0.906854123137696,-0.42060964721299016,0.021794300861627057,0.015104054736307014,0.41366764551076984,-0.9356188648872887,0.21888694461054573,0.0,0.0,0.0
1748026037.9980078,29.512812834956037,-26.692082617258798,0.8230511521357929,0.9052593765232723,-0.42390274235636854,0.02386007103355352,0.015576368309736017,0.4794816014225393,-0.9522502480927817,0.2545872674141908,0.0,0.0,0.0
1748026038.098389,29.57588565321137,-26.820634585556082,0.8643277034628842,0.9042526203252979,-0.42589962075426363,0.02605375312160065,0.01605968942681281,0.5111821428745275,-0.9567043529121544,0.2692204824322208,0.0,0.0,0.0
1748026038.2127619,29.646979595120506,-26.954315500185892,0.9003703646525161,0.9034048952782746,-0.42762699126895837,0.026687474933925145,0.01680863489874076,0.5324446376405345,-1.003351134155068,0.1887271835551016,0.0,0.0,0.0
1748026038.376275,29.722298867787426,-27.093731000916524,0.9326369708094681,0.9021373817646442,-0.43017013159183615,0.028447344179166344,0.01710411992027741,0.5662823581012472,-1.0140526181884417,0.21276334076492373,0.0,0.0,0.0
1748026038.4739816,29.790367290427877,-27.222523104716572,0.965255119465001,0.9008976498772101,-0.43270623982610734,0.029336197328942628,0.016974156460584446,0.5818138531152203,-1.0252765300193871,0.23764017045308303,0.0,0.0,0.0
1748026038.6223495,29.870945674754843,-27.36331870209365,0.9984885402231609,0.8998843047029069,-0.4348756515171341,0.02884028594531375,0.016113465595780124,0.593694726416729,-1.05414580886397,0.23118958730881908,0.0,0.0,0.0
1748026038.7618628,29.95482572991717,-27.510937607102115,1.0302018600820606,0.8989069142068895,-0.4369282098220299,0.028574545299171188,0.015607511451530496,0.6174775625427301,-1.0975712818607524,0.22396680671585684,0.0,0.0,0.0
1748026038.8931506,30.03707390963644,-27.654203834803532,1.0627233465827879,0.8979705290901079,-0.43891506534175473,0.02824062030163108,0.014316482342185747,0.6453394026653319,-1.1034424009963837,0.2237764158766813,0.0,0.0,0.0
1748026039.040844,30.121842930084995,-27.79488588792514,1.0954616691855508,0.8968112593713361,-0.44134900700254304,0.02729371237825195,0.013988293222565939,0.6823039501495541,-1.0975335566608233,0.2774593617440546,0.0,0.0,0.0
1748026039.1369252,30.21561804983785,-27.94121319282648,1.1371553046684924,0.896012957500033,-0.4430760877949377,0.026021903038752774,0.012931395076266944,0.7061687530659911,-1.124063885622314,0.3103870529872255,0.0,0.0,0.0
1748026039.2843091,30.313155060743576,-28.0953852392883,1.1829538747396038,0.8952462231828668,-0.4447019463311627,0.025302635244854578,0.011582549622350377,0.7268834640300074,-1.1627507460109392,0.3107468585917943,0.0,0.0,0.0
1748026039.4270053,30.412180878281752,-28.253031146291896,1.2289628772833094,0.8942569681737842,-0.4467492511222743,0.024829691229353176,0.010152237574721957,0.7529187640729706,-1.194952569654032,0.3612616271472918,0.0,0.0,0.0
1748026039.5562983,30.508842092823844,-28.40778557237872,1.2834046450931333,0.8934893263861711,-0.4482983206758893,0.025171124627270947,0.00847666197050097,0.7798185141870668,-1.2297247679518402,0.4001600841902934,0.0,0.0,0.0
1748026039.6624062,30.619849952953203,-28.578244399264765,1.341643377730077,0.8928837963898362,-0.44948592820127,0.025832225072934603,0.007322748206625409,0.7905976398468425,-1.2580245299127082,0.40771731606931094,0.0,0.0,0.0
1748026039.8234632,30.73326944852267,-28.753938924043716,1.4085624028926742,0.8922634122714544,-0.4506983501879508,0.02653832045873566,0.005719948145687004,0.8210253482656545,-1.3125108773604057,0.4924594786889778,0.0,0.0,0.0
1748026039.9687798,30.823502964262055,-28.907442957825754,1.4740469147147275,0.891501306394075,-0.45219763502846755,0.02674284249018806,0.005247851737943455,0.8120731192325777,-1.3375801633292121,0.5481968132714268,0.0,0.0,0.0
1748026040.0876207,30.94610993158812,-29.11090026506789,1.5580564873999518,0.891244600702162,-0.4526456242882642,0.027440367741241724,0.006482804189303621,0.816469583924348,-1.4186981602117583,0.5989308325945418,0.0,0.0,0.0
1748026040.2219326,31.051657573975803,-29.300474665295926,1.6421203430961617,0.8906316672364539,-0.45378961799728895,0.027813054039724668,0.008754995058383556,0.8177051239506977,-1.476237719931924,0.6064170233808822,0.0,0.0,0.0
1748026040.3456376,31.136639636781013,-29.469849291272002,1.7166704843530132,0.8904830148900768,-0.4539946209780329,0.027776016804481062,0.012545007204814308,0.8317075598319327,-1.472778500139431,0.5807198625058778,0.0,0.0,0.0
1748026040.5008154,31.245223823960163,-29.664685656094584,1.7945155202219023,0.8909089782395395,-0.4530899162300646,0.02681003520162588,0.016490673585408285,0.8671605972840091,-1.4629061908080994,0.5468046392769748,0.0,0.0,0.0
1748026040.6033134,31.359384929743605,-29.859609767588292,1.8679821171447264,0.8916360529464192,-0.4516744051608834,0.025430799699719325,0.01812885091022508,0.913442218867734,-1.462253868645918,0.5061152378269382,0.0,0.0,0.0
1748026040.744329,31.478979907681826,-30.048853996870587,1.9331511828456687,0.8914906085990174,-0.4521124112851104,0.02479482319403236,0.014969271341439478,0.9460452110838939,-1.4753830315748573,0.4861816344284812,0.0,0.0,0.0
1748026040.852912,31.6029378401526,-30.23115122201984,1.995849499664443,0.8917096228941954,-0.451826615816967,0.023426075014342088,0.012564898992878635,0.9741690945268885,-1.4987101354083174,0.5359413018991176,0.0,0.0,0.0
1748026041.0026944,31.731066716732595,-30.429882506354105,2.0706579361876503,0.8918949610640404,-0.45145223624654635,0.02320168874862732,0.013264179423479159,0.9499327578475818,-1.5686813211365933,0.5623665701446089,0.0,0.0,0.0
1748026041.1199095,31.85376842167385,-30.625518234947613,2.146144469994859,0.8919898034108393,-0.45118644003160874,0.022670175236045306,0.01646359916490978,0.9885291994928697,-1.5935433860250074,0.6071882751591089,0.0,0.0,0.0
1748026041.3236196,31.98733924951467,-30.83802983459433,2.227637764995386,0.8922383776827164,-0.4506042657035909,0.0218500265956025,0.019724336683736864,1.0367731228961279,-1.6129684899736458,0.6496586478953954,0.0,0.0,0.0
1748026041.4621403,32.135059446352756,-31.060703217995393,2.3152703445132343,0.8920279364997309,-0.45093268775398426,0.02249680638023761,0.020970582292582692,1.0693349782656434,-1.6294404883972295,0.673580186374923,0.0,0.0,0.0
1748026041.6117115,32.287767215067596,-31.29006369212304,2.404213419287717,0.890884282240056,-0.4530872035687092,0.024691845008504687,0.020675937946884073,1.1023129819496749,-1.6781909768775836,0.6469061253877315,0.0,0.0,0.0
1748026041.730187,32.43534491529143,-31.51471883722405,2.488218560855394,0.8894310093217114,-0.4558717442425725,0.027231429556185464,0.018758510136011205,1.1100971416717664,-1.698293280192584,0.6185514065705509,0.0,0.0,0.0
1748026041.8333046,32.584852303695754,-31.74262175863879,2.5675668539567402,0.8878796685741459,-0.45881496000744926,0.029712026235868588,0.016604881902223933,1.1353378907785967,-1.7224295956216626,0.6066139663538492,0.0,0.0,0.0
1748026041.943592,32.74472494346786,-31.987039130479317,2.6523245895650938,0.8860802509723475,-0.46220645127641025,0.03176600615331288,0.01476164246676994,1.1318253968167211,-1.7615088939735446,0.5988820942931543,0.0,0.0,0.0
1748026042.1028605,32.89897999141003,-32.22449015774751,2.733432557706025,0.8846809633483799,-0.46485605768994526,0.03260000265227442,0.013626391489183662,1.124847841401188,-1.7845605844985617,0.5929451578316719,0.0,0.0,0.0
1748026042.2126324,33.01176417616205,-32.41629888245818,2.7989623910920187,0.882756582020499,-0.4684502234589049,0.033622666272328953,0.01283438169634678,1.098228122170425,-1.7475584602563252,0.5762461322402953,0.0,0.0,0.0
1748026042.352202,33.184991480962985,-32.68349926700861,2.8886582442274493,0.880393237368318,-0.47290711659490536,0.03376051256109735,0.01126208069749731,1.122546505057903,-1.7902268164634159,0.5863598423197734,0.0,0.0,0.0
1748026042.4678338,33.34272293165695,-32.927854270286616,2.9637236896393655,0.8794828445285517,-0.47470019972679817,0.03241470380534659,0.01090566534040684,1.1410550547358556,-1.8210725930866143,0.5558260771983936,0.0,0.0,0.0
1748026042.6097445,33.49133223295523,-33.165968140250065,3.030879332319107,0.8778607501448558,-0.4777220168605664,0.031501426486737275,0.012240837025494493,1.1730911726355238,-1.8493109375603374,0.5570398654157055,0.0,0.0,0.0
1748026042.723791,33.63375628852085,-33.396980366905154,3.0965799175256814,0.8763889092578054,-0.48048399441927564,0.030196097005271552,0.01287658970613478,1.184165156608142,-1.8406386250243478,0.534450537329883,0.0,0.0,0.0
1748026042.8673224,33.800815225969615,-33.65737775753161,3.166449278911855,0.8751015001168242,-0.4828895995888285,0.02879809243990242,0.013626040292319203,1.1849253672869653,-1.8923385210994381,0.5478727046682647,0.0,0.0,0.0
1748026043.0119557,33.975226088850484,-33.92828769299907,3.2380363181114293,0.8738339435919873,-0.4851633742001487,0.027761181820510166,0.01612625638921703,1.2301416001517371,-1.9389759007671887,0.5454723749639092,0.0,0.0,0.0
1748026043.1274264,34.12560171889748,-34.171545761356796,3.3010317458512755,0.8721756834039306,-0.48802111216788585,0.02845625159077353,0.018308825814594924,1.2434148380852859,-1.9570905509892134,0.5433893208503189,0.0,0.0,0.0
1748026043.271584,34.313681077867415,-34.462486601847026,3.3736625003951675,0.8700042315921981,-0.49176973465202195,0.02905930906753016,0.020266268735682446,1.260594030310609,-1.9914810270696865,0.530677502709629,0.0,0.0,0.0
1748026043.4324706,34.475221753115484,-34.715541818728326,3.429798116914111,0.8680824519144498,-0.49499860455488787,0.030033401877420735,0.02252183248717313,1.2833459074280686,-1.9944149937840316,0.46315458487570066,0.0,0.0,0.0
1748026043.566196,34.64473062935938,-34.964691642763185,3.479201692221224,0.8662212830289567,-0.49810620840394554,0.031433881513705256,0.023723513021802083,1.354813314132927,-1.9457110215351197,0.3968822071797041,0.0,0.0,0.0
1748026043.6853955,34.80005411326513,-35.183589675925234,3.516241406816796,0.8654250647095076,-0.49949420275488515,0.031964494505505245,0.02287509295749365,1.4216000088937497,-1.8765495364071416,0.3360701629950973,0.0,0.0,0.0
1748026043.8242128,34.979757513745255,-35.41290110629478,3.552981792912232,0.8655149227499136,-0.4993245044799166,0.033162707820049826,0.02142877815319899,1.4865722864289561,-1.817422711369595,0.30154266389241563,0.0,0.0,0.0
1748026043.938023,35.191763758589175,-35.66107695876447,3.593855401786494,0.8667031144449995,-0.49729732947384675,0.03476033156159602,0.01768606398400657,1.5651817406585415,-1.7920329974393197,0.3014872319918102,0.0,0.0,0.0
1748026044.0945675,35.42619309730997,-35.93468510378516,3.6468562786271783,0.8689232948569536,-0.4933519734676373,0.03680198849245656,0.014891325445523532,1.5911572441843866,-1.8351335918921785,0.32922770197685414,0.0,0.0,0.0
1748026044.2107406,35.598597779979784,-36.151158263372984,3.6860133084943327,0.8706596216108258,-0.4901844446561811,0.03857658232283508,0.013523343147852905,1.4767485899754342,-1.8781490459333123,0.347538881052818,0.0,0.0,0.0
1748026044.343456,35.78203834392181,-36.40883679288412,3.738262279567666,0.8715755172133306,-0.4884267548966579,0.039372691884398035,0.015659311262369868,1.337258799684456,-1.9785083030251427,0.36393092914768504,0.0,0.0,0.0
1748026044.4666734,35.99160548729025,-36.714339076758414,3.7951054175140224,0.8719037515019111,-0.4877295355865346,0.038009988382377936,0.021424028953687665,1.2797279781499424,-2.078219858081759,0.3354403215192915,0.0,0.0,0.0
1748026044.6303782,36.14942485189426,-36.974900701609606,3.8362345018431627,0.871296785915895,-0.48864686767858734,0.03687238871732263,0.026581506932735605,1.2624528284218703,-2.0814685069015564,0.2940138607123961,0.0,0.0,0.0
1748026044.7696414,36.325344293885706,-37.255202958099815,3.874131539377498,0.8701964015982637,-0.49052655298076725,0.03596522088730573,0.029127759144284632,1.3028321847113642,-2.0749443384834296,0.22722506623819652,0.0,0.0,0.0
1748026044.929018,36.50650487979336,-37.529723869595514,3.907562180034605,0.8693888258868927,-0.49203740552068564,0.03548389322283062,0.0283399772976893,1.357241854155956,-2.0450446294610183,0.2136693172842659,0.0,0.0,0.0
1748026045.0447388,36.713181248525565,-37.818335583076305,3.9362617462310863,0.8693021482401543,-0.49233137317403114,0.033990617760542914,0.027716997634709785,1.4495434091880923,-2.0127414757097037,0.16528579741305513,0.0,0.0,0.0
1748026045.1593401,36.903272637941974,-38.0783045277996,3.957012432597404,0.868958213166184,-0.4930817097032403,0.033732365792991104,0.025380678185773938,1.5376967706829183,-1.9896358128007559,0.13431027458302477,0.0,0.0,0.0
1748026045.2822647,37.133217082865436,-38.36164890339881,3.9794088550887072,0.8691570515319708,-0.4930199386711676,0.03194348691702595,0.02183972272055687,1.5937448979803663,-1.9685526436075573,0.09935763531329017,0.0,0.0,0.0
1748026045.4180057,37.368152892271894,-38.642727538587984,3.9933072553753624,0.8696554353253824,-0.4923951415419372,0.03007479131104977,0.018492034028528715,1.67010971276078,-1.9705925307673127,0.06720474986255594,0.0,0.0,0.0
1748026045.5440063,37.59711999490185,-38.915540472862006,4.004835160485489,0.8698356770360318,-0.4922438342445163,0.02973694073350834,0.01405762993315192,1.6917661154742951,-1.9760800944945909,0.08067645403748198,0.0,0.0,0.0
1748026045.6888797,37.826082024443714,-39.18650874063076,4.018287625923659,0.8706892473304313,-0.49088403882197,0.02910024287675089,0.009288211749957335,1.7075209987388624,-2.0023935731935607,0.12276990693660816,0.0,0.0,0.0
1748026045.8139231,38.0454242732562,-39.44888259204831,4.032560862193716,0.8714498512790798,-0.4896044833365073,0.028873615186238582,0.005377820054507071,1.7143001417699013,-2.024461203555358,0.14147542272665434,0.0,0.0,0.0
1748026045.9618115,38.25102244225605,-39.706818948777475,4.0498904620896266,0.872628611980315,-0.4874864027159619,0.029575295888014795,0.0012706665558817071,1.7125393050944815,-2.0514276154484206,0.13429348102323077,0.0,0.0,0.0
1748026046.0981922,38.51405735686452,-40.01764013580198,4.068344164152535,0.8743533432721552,-0.48433515285548473,0.030391171400517884,-0.001437886700436441,1.754581635383658,-2.132929236321302,0.12343480176741145,0.0,0.0,0.0
1748026046.2107465,38.744590014146695,-40.313122055779026,4.08512773453042,0.8761580690463215,-0.4809578396007626,0.03198439416850372,-0.0018955477472808904,1.7026805360672872,-2.2005601277200584,0.08419817063170552,0.0,0.0,0.0
1748026046.3821518,38.939939746891284,-40.58633914763783,4.096760731076825,0.8779084550464794,-0.4777265776908206,0.032466091087981416,-0.00012022972560137127,1.5897008099046914,-2.289647571433278,0.050521645853820754,0.0,0.0,0.0
1748026046.4670892,39.18413651209472,-40.93684352275025,4.105846783436295,0.8789945607075891,-0.47577600219677324,0.03158194993577014,0.002887631968088974,1.515818583428146,-2.4360311270464723,0.02835546849872158,0.0,0.0,0.0
1748026046.6664636,39.360752427085465,-41.24857459211184,4.108897056724194,0.8793029954597434,-0.4752312535011446,0.030199783765353733,0.008334922421915972,1.4301161831851419,-2.5062192665410836,0.026474527396495917,0.0,0.0,0.0
1748026046.7764702,39.52941938834614,-41.569641077941846,4.109535783047324,0.8787087253426634,-0.476324337899404,0.027906434342187567,0.01439902960867478,1.377444286685818,-2.556645215725076,-0.005673907657180913,0.0,0.0,0.0
1748026046.8758109,39.74138270444926,-41.94291438342773,4.1103513074267255,0.8781374650261281,-0.4773396960041241,0.025193118761334583,0.01966504267102932,1.4188079964405051,-2.6209557974893958,-0.02314354084387673,0.0,0.0,0.0
1748026047.0546544,39.92823988540281,-42.287294402798565,4.108890786570446,0.8769329400844652,-0.4794625139369726,0.024670710432553592,0.022263700743752023,1.5034731334155524,-2.5979964299697333,-0.05791936892026906,0.0,0.0,0.0
1748026047.163147,40.12486333668184,-42.623529940740475,4.107956728602347,0.8758955796951444,-0.48135296591129173,0.02467868477784048,0.02229838999896122,1.5712658094431022,-2.5675308926521074,-0.03682417355092412,0.0,0.0,0.0
1748026047.2896678,40.371421680107126,-43.00442038418303,4.108934852315758,0.8750143692157116,-0.4830101446950174,0.0256495775888933,0.019828085062358274,1.6665730140380801,-2.5930921300284937,-0.019088085304405554,0.0,0.0,0.0
1748026047.4246159,40.566397022180006,-43.32551249798588,4.1132348367468365,0.8741758763199884,-0.4845066720731223,0.02777085422017215,0.017280093538240216,1.6675985711281314,-2.6089046154367455,0.019179555250733497,0.0,0.0,0.0
1748026047.5517368,40.82700915069144,-43.717188583954645,4.121514458971407,0.8738397825073206,-0.4850391410554992,0.02919251800766609,0.01699597140719484,1.7237509197882388,-2.661270065323793,0.04893920496398768,0.0,0.0,0.0
1748026047.686535,41.02914103888779,-44.04505203214765,4.138005645746379,0.8735504649088135,-0.48539118448436636,0.03076501425894233,0.01893402176260742,1.708984547669559,-2.6658342732723583,0.08960887585106458,0.0,0.0,0.0
1748026047.7998376,41.250638036936586,-44.39731307191654,4.158585425658126,0.8732147397973544,-0.48572796214423036,0.03279534044285494,0.022109514628073892,1.7075782804618684,-2.680396126556569,0.10224218159267559,0.0,0.0,0.0
1748026047.9911206,41.50322329183928,-44.79249332551276,4.179210582314399,0.8724250997412489,-0.4868862446483784,0.034524473546430144,0.024985812774714514,1.7320805609585155,-2.702741993606102,0.10504423468721735,0.0,0.0,0.0
1748026048.0789793,41.70534839007128,-45.12769085505748,4.197418784159018,0.8717270677223812,-0.4878929348968015,0.03597112288875299,0.027540548216162194,1.7012220006482757,-2.68802123478582,0.08178286421752298,0.0,0.0,0.0
1748026048.2132492,41.925802788525935,-45.480365284856845,4.21001969352928,0.8707303783933568,-0.48955927849597264,0.03586556214480371,0.029563193898860092,1.7106196379586334,-2.6789786109016878,0.0744439674596462,0.0,0.0,0.0
1748026048.3530936,42.144640546888056,-45.83233839404744,4.223756291180481,0.8694592841961313,-0.49172329073422516,0.03546495024489023,0.031480085431638744,1.7061808412215924,-2.6723329608896456,0.08999610668027391,0.0,0.0,0.0
1748026048.4888227,42.363079056618126,-46.18864911078558,4.243548823145114,0.8684091574974773,-0.49355816706213984,0.03400759574581015,0.03330697122784164,1.7217504742496579,-2.6451954463782266,0.09367967378129732,0.0,0.0,0.0
1748026048.6244197,42.58161190291392,-46.53377853582838,4.258327600299723,0.8672107976519997,-0.49565231919213454,0.03261852372646495,0.03478854445283684,1.7338368891456584,-2.633532277764919,0.09236046689507041,0.0,0.0,0.0
1748026048.7367663,42.843385154736126,-46.914358247052554,4.2800992838733,0.8657823811432378,-0.4981928817139751,0.031677175998526,0.03494678285950032,1.8411281745810326,-2.5975151188072707,0.1363059604369809,0.0,0.0,0.0
1748026048.9012463,43.07295674262484,-47.23633265814599,4.304576201162015,0.8648540514084115,-0.49989396062010305,0.03125058324355817,0.034013217209508506,1.8895282857020588,-2.5420971247717263,0.1724911545448317,0.0,0.0,0.0
1748026049.0082688,43.330341443183286,-47.58090199516942,4.3358289486546635,0.863612184789805,-0.5021467982238643,0.03196463338531951,0.031636205977387935,1.9404575657447904,-2.521607957718158,0.2104127429226597,0.0,0.0,0.0
1748026049.1493313,43.59452446651859,-47.9179197010391,4.373166061746862,0.8622122774389552,-0.5046618117149797,0.03271251677367556,0.02891946881283236,2.00594979243803,-2.492430781490337,0.2331859239580866,0.0,0.0,0.0
1748026049.2864702,43.87137413253564,-48.25710133814504,4.413728651165029,0.8613303206645201,-0.5062841081282968,0.03368413064833195,0.02553154721430516,2.059700580082144,-2.4647740101349935,0.24486069869713287,0.0,0.0,0.0
1748026049.4336436,44.15179945218787,-48.58574845949272,4.4487905420546605,0.8607988837369147,-0.5073305344748875,0.03432989150035369,0.02150509465871939,2.125554330384454,-2.439532284269439,0.22586097779241732,0.0,0.0,0.0
1748026049.5806413,44.43837722921157,-48.914830376896795,4.479059137855247,0.8603817490801966,-0.5081524312279146,0.03524855149335269,0.016789642774088637,2.1646290861862494,-2.4234083861409945,0.16680811931299486,0.0,0.0,0.0
1748026049.6962285,44.75459469771921,-49.265847392479785,4.508850947409871,0.8607759393689521,-0.5076062900496805,0.0354623519435567,0.011960689784837044,2.2185227712207785,-2.4336194215014824,0.1645619207847805,0.0,0.0,0.0
1748026049.8166955,45.0140383543454,-49.56341654044725,4.540719301758279,0.8613424531938677,-0.5066903363736602,0.03578769552151074,0.00856283835983961,2.1622804145317853,-2.4472928372377347,0.19717965190248407,0.0,0.0,0.0
1748026049.9759064,45.3283027621386,-49.91852495741639,4.576110405548207,0.8617508160540784,-0.5060806260016418,0.03496267514595852,0.006748508172495963,2.1512847713137275,-2.4965378641008433,0.2169598380074541,0.0,0.0,0.0
1748026050.0947404,45.595802655152916,-50.236655556603644,4.6109581333801035,0.8623474414589505,-0.5051065467583262,0.03448903414511043,0.005896876700268702,2.1335795568533125,-2.5057615103399993,0.20677126807992574,0.0,0.0,0.0
1748026050.2157288,45.88180429393471,-50.57661724398604,4.644770174272116,0.8626005529110489,-0.5047198700557641,0.03342153562431016,0.007819197206778594,2.1171225855379188,-2.556919084612399,0.21111076017843497,0.0,0.0,0.0
1748026050.3476665,46.16828524756412,-50.92218794109271,4.678640849234928,0.8632998006641442,-0.5035172897389601,0.033241292945395226,0.008877474331110512,2.11832883351534,-2.5698923713774233,0.21916524869884393,0.0,0.0,0.0
1748026050.4873018,46.44745938577432,-51.26256932245366,4.713584105384033,0.8645202952463372,-0.5013508231043885,0.033654998045950096,0.010924851773151719,2.1417478455584167,-2.582742705583322,0.18214358588898094,0.0,0.0,0.0
1748026050.63841,46.7389215065616,-51.6079410678115,4.740856965944598,0.8653513465932241,-0.4998710788321701,0.03408104406304048,0.011594564762390106,2.1743569804376714,-2.589075321999918,0.16082254463752468,0.0,0.0,0.0
1748026050.733926,47.015852273643745,-51.938849109175386,4.7692274923084055,0.8663013306516264,-0.49814831289253636,0.03530471023378302,0.011128356071310701,2.2148826663635246,-2.575639438223634,0.14296698382797685,0.0,0.0,0.0
1748026050.8768723,47.36048133297061,-52.31256874589863,4.793465928570322,0.8678560110169473,-0.4953990744418533,0.03620961142040712,0.00972446526501256,2.2881151250762093,-2.57596731530793,0.12458702359933192,0.0,0.0,0.0
1748026051.0148296,47.67552364151515,-52.660326318273995,4.813331569481156,0.8696643019201186,-0.4921327801192265,0.037805860966561904,0.007748907954747953,2.3435638146311186,-2.5711560789271677,0.08749268868550204,0.0,0.0,0.0
1748026051.1469073,47.99230465581215,-53.003099205086485,4.826542975514586,0.8718377693449292,-0.4881910349041232,0.03911647715358318,0.006190201773193812,2.348816181407951,-2.5744205687864183,0.045362217300813135,0.0,0.0,0.0
1748026051.3067145,48.29193979307129,-53.33386967713363,4.83618953141348,0.8739439519341028,-0.4844364495392366,0.038958357585583546,0.005053870779441441,2.308018783097177,-2.5664879618740954,0.06773237778181833,0.0,0.0,0.0
1748026051.4223757,48.64047639957626,-53.71373372322611,4.852924511995501,0.876236902933401,-0.4803009256647932,0.0386920050999481,0.004779067332650784,2.3191794101150047,-2.632835094254275,0.15335171332888223,0.0,0.0,0.0
1748026051.5736732,48.921081314383756,-54.04141159898477,4.872426141820222,0.8787115257209813,-0.4757597512317623,0.03856590194322406,0.005602221015121732,2.2928354708604415,-2.638826507199831,0.15675525697957743,0.0,0.0,0.0
1748026051.6813462,49.245686318096354,-54.41255645152103,4.895151363623517,0.8813561744706457,-0.4709063614846763,0.03743860035595921,0.007539472071634359,2.307507335186739,-2.682069529082499,0.15798057120768597,0.0,0.0,0.0
1748026051.8292916,49.54989874004689,-54.77576225673558,4.925586777436552,0.8839157802967127,-0.46605369072443625,0.03715845440190929,0.010300484020002037,2.3147091214942423,-2.700796424945428,0.22111543965510083,0.0,0.0,0.0
1748026051.9480743,49.83521025147262,-55.11332518940953,4.952756000049903,0.8863801395716414,-0.4613322257680831,0.03636428404413879,0.013433707112381113,2.3114318439425787,-2.6979324014770296,0.2631409461546938,0.0,0.0,0.0
1748026052.1078153,50.18825515072977,-55.52136071448063,4.988123903266672,0.8889420583937757,-0.456364867835717,0.036033568239952185,0.014652855824792565,2.3580996440618573,-2.753971545577962,0.28823303993130256,0.0,0.0,0.0
1748026052.222326,50.427852753083975,-55.8223737585511,5.015686839700504,0.891189099139094,-0.45190310432023734,0.03593693184595637,0.01655629218400199,2.3227117612190358,-2.718961327023547,0.302201882706413,0.0,0.0,0.0
1748026052.351574,50.78831881538955,-56.23281013797126,5.0504140716490875,0.8930341350672213,-0.44812448957490664,0.036688729529606244,0.018122156976281653,2.400768048083748,-2.7510152060996242,0.3565604348009242,0.0,0.0,0.0
1748026052.4931998,51.10233219103101,-56.59557299209927,5.088929665803541,0.89552522274136,-0.44294836339675875,0.038234696755882355,0.019220581733035497,2.4449379628057875,-2.7203279477689266,0.3725183449383018,0.0,0.0,0.0
1748026052.6232553,51.42773301052922,-56.94962715630408,5.132826713364096,0.897596157586306,-0.43846131974605146,0.04116840647364306,0.01944148351519103,2.4860658170147074,-2.6825406662634346,0.4537629810851473,0.0,0.0,0.0
1748026052.7385824,51.749476694118044,-57.28721500541148,5.1861945848271676,0.8999602620681122,-0.4333058701106894,0.04466984251999567,0.01794867112496568,2.528847159753408,-2.637486314057709,0.45858126672849414,0.0,0.0,0.0
1748026052.8853319,52.14730063752961,-57.68664041989976,5.237408431227315,0.9025900258966812,-0.42759662257780734,0.04733134614425143,0.01587819838815633,2.5578970459214503,-2.678093432390921,0.4153595431579872,0.0,0.0,0.0
1748026053.0053947,52.44099842736992,-58.005445955145824,5.281005492181087,0.9051033231099225,-0.4221088424497404,0.04888668265722156,0.014906102102420276,2.4966469054412013,-2.6602288743409686,0.35306490800035445,0.0,0.0,0.0
1748026053.1406667,52.83572539083963,-58.426896706012826,5.319836404649147,0.9073769182473064,-0.4173212991217514,0.04725760604951567,0.016636712470431827,2.503833834905883,-2.758621491258048,0.2666960458114202,0.0,0.0,0.0
1748026053.276851,53.06027198600407,-58.707629283267124,5.344708512858994,0.9098077882891401,-0.4120261062435641,0.04497248149754174,0.02148841665045723,2.4015847144710554,-2.6717996263792716,0.22019579043022,0.0,0.0,0.0
1748026053.4141147,53.44588197978124,-59.12497298610653,5.37286876161717,0.9127634993307957,-0.4056711534205877,0.0420710560202198,0.022885275116419634,2.449935609020912,-2.6921258531669303,0.20317994803402126,0.0,0.0,0.0
1748026053.5630069,53.76727217694307,-59.4797154659728,5.393461848300227,0.9143727900070765,-0.4022960263963412,0.04079719638322727,0.020393548187049353,2.4786746963350037,-2.622069522691448,0.14197474494912288,0.0,0.0,0.0
1748026053.6867456,54.09839610950197,-59.830734775741334,5.406229816417055,0.9165198654562225,-0.3978163311885678,0.03924738786474828,0.013897676409013099,2.4718076795327155,-2.6371631192767717,0.09240847898821582,0.0,0.0,0.0
1748026053.8323014,54.466116183917585,-60.216585161434196,5.4200189671600745,0.9177984857549359,-0.3952339448365011,0.03605431007761441,0.011668552598824228,2.5013006986878357,-2.6971883375695795,0.07775283095319009,0.0,0.0,0.0
1748026053.9459314,54.749467477623675,-60.521257473904456,5.4278402799175725,0.9200267419808159,-0.39030605312666244,0.0325521594691999,0.012342440874643121,2.5320174066378303,-2.640146356148614,0.13318314097737863,0.0,0.0,0.0
1748026054.088094,55.09559738176249,-60.87165838869832,5.447804392708991,0.9226838907120879,-0.3842745224170283,0.02841683014408391,0.013416892566130061,2.5911721789338937,-2.575294258573921,0.15801759921929592,0.0,0.0,0.0
1748026054.1981742,55.45294286088384,-61.212384259267004,5.477516712723062,0.9249364702938554,-0.37887801122474896,0.027228960242802285,0.014232436714037811,2.7205211995177057,-2.505603170847023,0.23373554375189864,0.0,0.0,0.0
1748026054.3439364,55.82406984153104,-61.542657159228504,5.513740373311724,0.9273881586878898,-0.37279881811955223,0.028477963653590392,0.012698421960822971,2.7941231580599926,-2.4316078698801102,0.2988385423108401,0.0,0.0,0.0
1748026054.4679885,56.24971771301063,-61.909191565792185,5.555918440122444,0.930775738413115,-0.3643379438166185,0.028609185108812687,0.009792956877709489,2.8947236701315617,-2.4491385949771347,0.3516034269357374,0.0,0.0,0.0
1748026054.6210732,56.64165583337793,-62.24475372612325,5.59695376363204,0.9343108025946676,-0.3551235124102382,0.029471869617344087,0.009056709644339484,2.9168267953308704,-2.4864190159773947,0.3382804590371934,0.0,0.0,0.0
1748026054.7508783,56.99263882029418,-62.54972984678983,5.633550325419504,0.9375522208906856,-0.3464855057735554,0.02893468020061928,0.010315603398478338,2.8741185313086532,-2.5034093090457232,0.28087972047593185,0.0,0.0,0.0
1748026054.8804505,57.40636080297896,-62.91130588535172,5.661905817084202,0.9405349487441608,-0.3382843500206159,0.027623302984367323,0.013952127227845303,2.9084346940416004,-2.5466543190507456,0.24996292234947834,0.0,0.0,0.0
1748026054.9977777,57.748224042385885,-63.214452056686376,5.686234837178848,0.9431259583852412,-0.33091257580659145,0.02645279179915945,0.017622247274330913,2.937184537850185,-2.5014420647957456,0.23651699930604164,0.0,0.0,0.0
1748026055.1505089,58.13718103194738,-63.54545097625265,5.710622752747059,0.9458591575279172,-0.3230452533588639,0.02655642821441564,0.016940322410713287,2.9789624614544232,-2.49790416735376,0.22226305393545198,0.0,0.0,0.0
1748026055.2761068,58.57132492605324,-63.89991386999755,5.738138373783807,0.9474638367441899,-0.3183465489824091,0.026827906227528436,0.01574853200830857,3.029632954922916,-2.5146129409586977,0.24323925314246878,0.0,0.0,0.0
1748026055.426996,58.99243565972537,-64.2389129126913,5.773102711939755,0.9485332774206588,-0.31508388733824,0.028639479738051914,0.013658175785238183,3.073120033104705,-2.528575091842031,0.2454947868761383,0.0,0.0,0.0
1748026055.545395,59.40532225654756,-64.56816326135484,5.810076811537684,0.9498819522463989,-0.31093355237515985,0.030089299146911677,0.011799867828966549,3.1316440556273304,-2.4911755960698674,0.2825652034552427,0.0,0.0,0.0
1748026055.6712158,59.79047598362075,-64.8740695738381,5.848850737676385,0.9521653965857312,-0.30375563422742985,0.03154253890253663,0.010892220132343514,3.126228687661522,-2.4634171178767397,0.2953071457849699,0.0,0.0,0.0
1748026055.8121994,60.26489050214657,-65.23157765686182,5.8944753580928575,0.9538836800228581,-0.2982708820895044,0.03152963819518711,0.01209494931280586,3.2100829619500155,-2.4772216809230883,0.3178606627974541,0.0,0.0,0.0
1748026055.9701715,60.65790560051562,-65.52993536939849,5.935318381060762,0.9557724405966347,-0.29194332791143945,0.03192768332231305,0.01577206776603276,3.2511944875718255,-2.4086445027444547,0.319569333867305,0.0,0.0,0.0
1748026056.13736,61.13841394242806,-65.8761505582836,5.975629549001448,0.9581921301468298,-0.28374175889917935,0.031554288130033754,0.019046860163490793,3.3223582070173983,-2.405666375681854,0.2645342161805431,0.0,0.0,0.0
1748026056.22912,61.61496805232659,-66.20096548926888,6.014139894225353,0.960542972251416,-0.2753773908906644,0.03212172891062373,0.02219652171981337,3.4426424631589714,-2.3224681643139533,0.24584085568937164,0.0,0.0,0.0
1748026056.352538,62.08713206408391,-66.51004345576001,6.04720926111966,0.9629987986795665,-0.2665516397670072,0.032179296219674386,0.02341004002640928,3.495343953387324,-2.2736662190027324,0.22177431533871786,0.0,0.0,0.0
1748026056.4933233,62.5773519111175,-66.81781908192681,6.075227073125557,0.9648562187157848,-0.25992496591084424,0.03127038716564413,0.02266389613978473,3.5922426023106575,-2.1909819901144547,0.16985770834102873,0.0,0.0,0.0
1748026056.6029434,62.98940717165806,-67.08450346118316,6.094494024890847,0.966917057774848,-0.2520345897578941,0.03230831026969661,0.02249760069692517,3.5551922678819743,-2.179872884204461,0.14185206156226499,0.0,0.0,0.0
1748026056.7833269,63.4982231605281,-67.39167013259257,6.116395902963446,0.968722033217009,-0.24487355774548067,0.03292359504601737,0.02303475561451938,3.635993472464743,-2.148805273160665,0.11001932047392561,0.0,0.0,0.0
1748026056.9063177,63.94046711169622,-67.66711211852244,6.127642176639455,0.9705865609790353,-0.2373375281541883,0.03293648711395142,0.023405409484600202,3.6250410771778787,-2.1308194246218966,0.05553958268966377,0.0,0.0,0.0
1748026057.0410008,64.4420693729111,-67.96481030349726,6.136394786516487,0.9721653988418925,-0.2308366662596728,0.03139816420662476,0.024960490563258574,3.6936926226026516,-2.097591218826211,0.017380186714462873,0.0,0.0,0.0
1748026057.1691341,64.95246976821124,-68.26297257768574,6.14157014268178,0.9736804629642197,-0.22427576711397995,0.03151740130819282,0.025561489432288993,3.7354793606753316,-2.0794353062033424,-0.016098923415801138,0.0,0.0,0.0
1748026057.2814724,65.43708620133276,-68.52921677083431,6.137905236305412,0.9755681329049568,-0.21591242075145442,0.030846187247910113,0.026403737573501333,3.777225620862304,-1.9891576864217608,-0.061521898723722504,0.0,0.0,0.0
1748026057.424744,65.93607850207914,-68.78279138084194,6.139801367529155,0.9767353604184101,-0.2103156348718903,0.030900456313504517,0.028293660709948116,3.8409825670231794,-1.8725419339585438,-0.04417111987880473,0.0,0.0,0.0
1748026057.5649543,66.41660622329422,-69.0120372789153,6.13946893940159,0.978137758625031,-0.20367435467358092,0.03160223363092244,0.027651062001979844,3.8628133497758648,-1.7792399364875142,-0.045363436331607866,0.0,0.0,0.0
1748026057.6781483,66.95281118386384,-69.2438331146926,6.13896859999699,0.9798961906051008,-0.1953654294889102,0.03224271417431047,0.02441745238347482,3.9397982181810294,-1.677973752052723,-0.016812422295728848,0.0,0.0,0.0
1748026057.8206296,67.51379983866978,-69.47905727198054,6.139563620503684,0.9812515385886471,-0.18871662028175684,0.032927817740553804,0.021147436385736944,4.0144410654205025,-1.5967122059561936,-0.03422960929882895,0.0,0.0,0.0
1748026057.9623613,68.06917296439615,-69.69803115595114,6.134069573860012,0.9827347940404432,-0.1809354164507555,0.033468447902432474,0.0193536211361523,4.064226545733725,-1.5260836613078708,-0.09146139417899883,0.0,0.0,0.0
1748026058.086066,68.58660293407617,-69.89674621658085,6.124516083937372,0.9843681892345618,-0.17211828483541652,0.033923100090552855,0.015613690423174854,4.060528023370035,-1.522594417475705,-0.11520606953361195,0.0,0.0,0.0
1748026058.2140183,69.19212327595964,-70.12889101259627,6.112629568948218,0.9859444434357656,-0.16298971175698646,0.03473144639353826,0.011901048312047866,4.112534546641918,-1.5276140945489793,-0.1295573770572193,0.0,0.0,0.0
1748026058.338406,69.68277151627075,-70.32869536920757,6.099666343021093,0.9872495047553561,-0.15482704901770794,0.034711580289450594,0.012732102991308808,4.097739034137806,-1.5249862322274927,-0.09797417427176691,0.0,0.0,0.0
1748026058.481142,70.31418779706287,-70.56652595576352,6.089753421539571,0.987866304343522,-0.15055649800744675,0.03519066830550079,0.014646587132091321,4.197310443170569,-1.5601866683431094,-0.06399016900838206,0.0,0.0,0.0
1748026058.662554,70.8121531418173,-70.76002636377635,6.075961250267957,0.9885380991189706,-0.14583278762063595,0.03517326346509663,0.016972512550054362,4.167775181940505,-1.5216998976476486,-0.05122643368026475,0.0,0.0,0.0
1748026058.7708187,71.29647897739187,-70.93673110804053,6.070447979498608,0.9892221871410155,-0.14059047357273705,0.03585409093396481,0.01970450130905078,4.165987926403011,-1.4564649669430465,-0.03629873666550036,0.0,0.0,0.0
1748026058.8910837,71.89437136212408,-71.12990262023972,6.058447673677245,0.9899241587134048,-0.13513607152815768,0.03674450612177581,0.02093426467209472,4.241397597661138,-1.3570286086063368,-0.06047450739051099,0.0,0.0,0.0
1748026059.0125122,72.50302924328699,-71.31483781895557,6.042787562453592,0.9906486035388969,-0.1294925424323015,0.03786813876887484,0.020323135265826374,4.309360552828446,-1.3110696892373155,-0.1215366524605759,0.0,0.0,0.0
1748026059.1702034,73.09690300098276,-71.4891971789767,6.021622637853653,0.9908382073697298,-0.12820989109139697,0.03812966388722267,0.018654741341536964,4.32963436600598,-1.2748510232922996,-0.1808592246570721,0.0,0.0,0.0
1748026059.278545,73.639613405548,-71.64812477577205,5.991910276874743,0.9911476703909877,-0.1261453113893928,0.03871142360562413,0.014665659733439845,4.330983651150684,-1.273796491774016,-0.2645542034268667,0.0,0.0,0.0
1748026059.4170535,74.27107457167526,-71.82746438756264,5.948420622750345,0.9914444802470319,-0.1248395034281454,0.03656859834361096,0.010755398025664456,4.382496873285183,-1.2985718048560007,-0.3324243303632596,0.0,0.0,0.0
1748026059.5696394,74.9206188856364,-71.99170032203266,5.902537785513206,0.9915713274056667,-0.12389419824704516,0.03708105177470962,0.007843845164682882,4.481597695729766,-1.1155234331317496,-0.3382597271471658,0.0,0.0,0.0
1748026059.6993897,75.54366882768102,-72.14627071619462,5.856464124312936,0.9914840101531136,-0.1254574482733091,0.03441551465599889,0.00595471530917061,4.529709872743391,-1.0291071493259103,-0.355527666091655,0.0,0.0,0.0
1748026059.816505,76.12360855908139,-72.27906696231906,5.810626312875708,0.9918597117179653,-0.12298598922926048,0.032991240423613434,0.0005803269481371176,4.539798443332755,-0.978591196049501,-0.3450206386130357,0.0,0.0,0.0
1748026059.9626505,76.6763569560386,-72.4013280405518,5.774177781037701,0.9921755122476004,-0.12067063795007679,0.031802238720873725,-0.0038688041141749312,4.523998076910253,-0.9706607989891711,-0.2547377215164569,0.0,0.0,0.0
1748026060.071621,77.36556794977487,-72.54263676812464,5.745678843674678,0.992828121934862,-0.11514619954406165,0.03160798157738173,-0.005882901193955135,4.633982920368722,-0.9233034871095002,-0.1454751372507534,0.0,0.0,0.0
1748026060.2287033,77.91196463797361,-72.65998844690485,5.739908493957273,0.99341845793171,-0.10969012909087454,0.03244619033544749,-0.005923491649906973,4.587981998448257,-0.9284490280987312,-0.04251029690156616,0.0,0.0,0.0
1748026060.3316264,78.54160175158412,-72.79333646007558,5.732158504173841,0.9939681328553808,-0.10470260166872514,0.03229913126097922,-0.004634888518028593,4.6529151752768705,-0.9572485201743773,-0.04722962088190812,0.0,0.0,0.0
1748026060.4654384,79.15057621590802,-72.9252932837046,5.725793965967037,0.9945306196705291,-0.09915775106795426,0.03270360122166436,-0.002657330998079002,4.655114284678386,-0.9951441441396164,-0.03622108973486871,0.0,0.0,0.0
1748026060.6248395,79.84683820429096,-73.06823533721474,5.722888615718483,0.9950191929596992,-0.09413773985324096,0.03277088856594991,-0.0009800202805922888,4.730023220352723,-1.053430676031615,0.033732834722727395,0.0,0.0,0.0
1748026060.7671177,80.47104951629368,-73.21040778554382,5.7292825434403785,0.995231658842181,-0.09146372008943714,0.03388071424955904,0.0006560088273012624,4.765674323638057,-1.1143172276071158,0.08525155579803134,0.0,0.0,0.0
1748026060.8695056,81.05302925072615,-73.35612077641224,5.742334223786922,0.9952938317794122,-0.09042584567532835,0.034755836319287164,0.002320926001371303,4.732725618504147,-1.1591635844420518,0.07831193164489876,0.0,0.0,0.0
1748026061.0150328,81.65485495516319,-73.50738972792736,5.75409460152757,0.9952296443944378,-0.09024488902781828,0.03673623481084196,0.0049258476225162665,4.730005380342525,-1.17425561506792,0.05831991553936658,0.0,0.0,0.0
1748026061.1466877,82.37620920094736,-73.66475937651805,5.751757017147302,0.995049745915928,-0.09175042711027176,0.03741577260349058,0.007610666082151551,4.840922637637688,-1.1673993040793877,0.010147627194140958,0.0,0.0,0.0
1748026061.283655,83.05175454590068,-73.81301729575786,5.749555706151221,0.9949297494653299,-0.09255843873032646,0.03785650062192772,0.010705811941294005,4.8915109825103675,-1.0972251966710536,-0.014795273189785237,0.0,0.0,0.0
1748026061.4738128,83.71615855380979,-73.95290496806506,5.7410920736001625,0.9948419570058695,-0.09325625597512853,0.03777736975017749,0.012869407017861628,4.947526863623581,-0.9969656847966661,-0.06823705171731631,0.0,0.0,0.0
1748026061.593547,84.42541342131484,-74.08688084540502,5.727758365819272,0.9948398249715168,-0.0932302630270899,0.03794994541405785,0.012713864464097531,5.026096748436319,-0.9069307247961994,-0.16690356606364365,0.0,0.0,0.0
1748026061.7367861,85.14107811473151,-74.20475925517898,5.707791249033811,0.9948892922673677,-0.09293341000126769,0.03800196992100751,0.010701762443428664,5.0992153777827145,-0.850644016206107,-0.22040445156381291,0.0,0.0,0.0
1748026061.8564634,85.84154315710019,-74.31424235246126,5.680163463712369,0.9950146325894609,-0.09179833993522575,0.03819820295945849,0.0077358263078327735,5.137822714188458,-0.8134615593928198,-0.24733379297269542,0.0,0.0,0.0
1748026062.008555,86.51044230165994,-74.41249714821892,5.662894632279279,0.9951213116670029,-0.09073152421713473,0.03820689080567868,0.006449734439678107,5.133089027795123,-0.7693120432877714,-0.27028902160279195,0.0,0.0,0.0
1748026062.1014724,87.25010961534313,-74.51811357582757,5.629858937814048,0.9953138683824317,-0.08879729491846569,0.03774541371653931,0.0063739755357063626,5.1975657755932,-0.7629734461691735,-0.29165515669385317,0.0,0.0,0.0
1748026062.2227426,87.97615639022763,-74.6225555299996,5.606942247959009,0.9954043043930553,-0.0876780300823376,0.03769331563291445,0.007877042164158304,5.222235336598188,-0.7642931252255105,-0.282754401758558,0.0,0.0,0.0
1748026062.3385623,88.64492794370143,-74.71790485367701,5.5791511116895105,0.9954490429314005,-0.08728097065196215,0.03702909475490865,0.009595896552293608,5.212025062288066,-0.7635000257767853,-0.28315671087791877,0.0,0.0,0.0
1748026062.4977207,89.34488283167275,-74.81595503079028,5.544114757197262,0.9955067081326705,-0.08662591539923468,0.03656055791112373,0.01121028319561243,5.242401829972102,-0.7182150106344178,-0.2967407815258476,0.0,0.0,0.0
1748026062.612675,90.04761869101358,-74.9027239175257,5.508990758706486,0.9954818681372041,-0.0869571154036031,0.036539222849177676,0.010917668447296029,5.277772263046624,-0.645766486089349,-0.2681174793834631,0.0,0.0,0.0
1748026062.754732,90.73046720339151,-74.98053525685808,5.475673638387565,0.9954334489820353,-0.08786793125387014,0.0364367768265559,0.00798978093483963,5.288970565252124,-0.5964327788770336,-0.23256066524417207,0.0,0.0,0.0
1748026062.8927088,91.49719980455762,-75.06305575939359,5.444993302960242,0.9953823913186146,-0.08861563418569453,0.03681329113244083,0.0024384476008384704,5.338399214727382,-0.5837724717750636,-0.22433679566147835,0.0,0.0,0.0
1748026063.0474102,92.1480075539592,-75.13490138756174,5.4248511548140845,0.9953093419598231,-0.08859307141591484,0.03885270629801187,-0.0010240692940158822,5.311671990426289,-0.5483067468745201,-0.14637244028518864,0.0,0.0,0.0
1748026063.1746552,92.87046252459477,-75.19927047176455,5.403298664141679,0.9953389707512332,-0.08781013890172014,0.03982721228118105,-0.0018724240561726183,5.3420483813187225,-0.5073781388720827,-0.1581046228616126,0.0,0.0,0.0
1748026063.2785506,93.54535328904907,-75.26846391734091,5.389069229920779,0.9953807656181141,-0.08618877909036146,0.04225771086207369,-0.0017063613648524707,5.307512651194408,-0.5015826882459609,-0.13946736153388073,0.0,0.0,0.0
1748026063.415036,94.25926808154473,-75.3311984321524,5.3788276677463855,0.9954753990965008,-0.08399069842311149,0.04442969011296227,-0.0005431468737200429,5.3231322298957435,-0.47415147684684567,-0.11365790279973959,0.0,0.0,0.0
1748026063.5553384,94.96762038994584,-75.39509376791842,5.374503683771522,0.9955358682959635,-0.08247217974794695,0.045861291461295924,-0.001848363959421125,5.308753375754456,-0.470783830626721,-0.06157843249239589,0.0,0.0,0.0
1748026063.6686,95.66367025943455,-75.46410168833744,5.364649726304214,0.995658819519793,-0.08070485513817709,0.046165459617791865,-0.004357959138892034,5.313883125678326,-0.49203111642935227,-0.05429233485114708,0.0,0.0,0.0
1748026063.8112361,96.38344293695471,-75.53082149412516,5.359066113843477,0.9956697878622784,-0.07986016196231559,0.04697622746318543,-0.007567174040911439,5.322669244606018,-0.5246430943447815,-0.036156016211287174,0.0,0.0,0.0
1748026063.9564795,97.04533649745701,-75.60320479023883,5.361729160579441,0.9956944370203625,-0.07932033799455034,0.04687672957423022,-0.010170756685618473,5.276507512663844,-0.5364390914803527,-0.014779110122245009,0.0,0.0,0.0
1748026064.1028674,97.8141897754592,-75.66948533988818,5.358864908707991,0.995783693630549,-0.07828045836685024,0.04641823976080916,-0.011504449351661297,5.307734590476112,-0.566214030021122,0.010003502203587008,0.0,0.0,0.0
1748026064.2600029,98.51416084873374,-75.7518114658806,5.3608778100790175,0.9958870606310046,-0.0774896596772308,0.04533328025434089,-0.012215105903189109,5.306320114035474,-0.6032423916015188,0.017069036748702877,0.0,0.0,0.0
1748026064.3566554,99.23379476637416,-75.83013439038535,5.365635489924136,0.9959677975417129,-0.07671225360114213,0.044891641588578605,-0.012170329610420654,5.297840497646324,-0.6099837313143412,0.02133830265486322,0.0,0.0,0.0
1748026064.5095398,99.94285530526835,-75.90738809532485,5.369150018077642,0.9961393750578557,-0.07566826786004009,0.04298162005905676,-0.011542921445839661,5.304740961279612,-0.616841179907203,0.08810832059541941,0.0,0.0,0.0
1748026064.610427,100.69111645546879,-75.9891427677297,5.383881449982464,0.9961773970119868,-0.07506169671867487,0.04298493370311244,-0.012191424964919874,5.343204559660992,-0.6499806558501822,0.12415989672601029,0.0,0.0,0.0
1748026064.7307408,101.40324950532778,-76.07767564747498,5.401306524461634,0.9962951442188014,-0.07352482209677061,0.04281107774415298,-0.012541840537180276,5.342686822924082,-0.6763588717498061,0.16279374418618664,0.0,0.0,0.0
1748026064.8935437,102.17603227366153,-76.1678343763295,5.4206060184485905,0.9964160823619607,-0.07200188454585799,0.042692642366070885,-0.012167897110435321,5.386329108659166,-0.7022872404813311,0.17289578904286987,0.0,0.0,0.0
1748026065.0212936,102.92728857105917,-76.26524189666078,5.442254052774465,0.9964118996188362,-0.07148059538171565,0.04363407666775061,-0.012244106141755938,5.431388017351757,-0.7232376248713595,0.17536775323616108,0.0,0.0,0.0
1748026065.1320403,103.6701556243296,-76.36377780824094,5.459067577466263,0.9964546657235662,-0.07078208045796006,0.04404286960149094,-0.011323510102645491,5.459707339592037,-0.7420817612560583,0.15329473828756263,0.0,0.0,0.0
1748026065.2901652,104.4166248398578,-76.4684524027328,5.474390139515946,0.9964490163444942,-0.07047163247375426,0.044894071562790995,-0.010374448471551325,5.45548192055951,-0.7815287782651806,0.12864735212443937,0.0,0.0,0.0
1748026065.392948,105.12893449803106,-76.57592642038485,5.488689386026066,0.9964124847312033,-0.07109286260945814,0.04520203258395151,-0.00804620457495253,5.448231763246247,-0.8341118227775146,0.1352516148859333,0.0,0.0,0.0
1748026065.564662,105.85774942544435,-76.69158030198466,5.506004466802204,0.9964208779781729,-0.07130408287398175,0.04495875640320997,-0.006314421381587274,5.4412559808980925,-0.9118518314083899,0.13771274089772373,0.0,0.0,0.0
1748026065.6704228,106.60651129691006,-76.8106816651839,5.519076556544749,0.9963207854450058,-0.07338173099503016,0.04408530821004466,-0.004061975682535278,5.448098502346233,-0.9383921528134487,0.1427418506345168,0.0,0.0,0.0
1748026065.8207548,107.27138601962018,-76.93309424701006,5.534235571462646,0.9961988685545156,-0.07561961613728618,0.04322731963698323,-0.0009416915390772585,5.40225510259742,-0.951147580041556,0.1293354470807476,0.0,0.0,0.0
1748026065.9449546,108.08686751328246,-77.05873232645064,5.546365270995773,0.9959819482484512,-0.0790441894671498,0.041974634882695566,0.0031788207192683087,5.498864619394233,-0.9257776133157797,0.13426495931584337,0.0,0.0,0.0
1748026066.07239,108.76631973955406,-77.1727817524343,5.562130161155026,0.9958088993062137,-0.08138627666763204,0.04132357979849531,0.005768170018652467,5.4649561811626715,-0.8369667928418653,0.1569127663166842,0.0,0.0,0.0
1748026066.23777,109.53028783309344,-77.27127502591901,5.57971254761979,0.9956929338205479,-0.08261209879593324,0.0415486442027359,0.0066732928360424895,5.5130256545418606,-0.7563827874571682,0.17034268146159068,0.0,0.0,0.0
1748026066.3389614,110.3246790544437,-77.37099267913658,5.601262928610359,0.9955841546272957,-0.08343939619600739,0.042597800259016855,0.005956981667903493,5.5749706099531995,-0.656494397099344,0.18588750346253688,0.0,0.0,0.0
1748026066.4900575,111.04909011774144,-77.45453802839182,5.626514744657477,0.9955983893054731,-0.08194292470410416,0.04516339372462386,0.005428827733476682,5.569837509327019,-0.5801120251961236,0.15774956345477723,0.0,0.0,0.0
1748026066.6156402,111.86776871546282,-77.5345808400857,5.647644183078068,0.9957925262267896,-0.07974378773402133,0.0449622079329914,0.004070981023071972,5.626476968740882,-0.5209091106340883,0.0971877806021629,0.0,0.0,0.0
1748026066.7583883,112.57671259409875,-77.6075057863611,5.664738570753701,0.9959301364622046,-0.07768368285879647,0.0455498661316102,0.0036903115398177365,5.558784837951936,-0.5689485827369609,0.0700112214406746,0.0,0.0,0.0
1748026066.898917,113.32363979420204,-77.68398421584914,5.674426145353721,0.9960572342570805,-0.07597311939092413,0.04573623303855491,0.0025036376716504904,5.594670794542745,-0.5809466344825254,0.08112514442391751,0.0,0.0,0.0
1748026067.041877,114.06160836045717,-77.77027074165443,5.685367028422077,0.9961873828405259,-0.07498627849789695,0.044529115268107586,0.002216799453945916,5.588223895873774,-0.6324272468901753,0.09338441763086884,0.0,0.0,0.0
1748026067.1377206,114.79553053201917,-77.86012330271387,5.69582874540215,0.9961462001860211,-0.0757608217369444,0.04412820324002825,0.0023973784643483965,5.583546757891717,-0.6354639201598353,0.08836749980518735,0.0,0.0,0.0
1748026067.2762504,115.50057156097503,-77.94913939787784,5.706738994844036,0.996014844984812,-0.07751299177355175,0.04398952126150009,0.003329668959260456,5.546855275422799,-0.6468127521811688,0.07937919068423148,0.0,0.0,0.0
1748026067.409526,116.22398547037457,-78.04171022290146,5.716222555243194,0.9959363234345829,-0.07869487910344125,0.043637195099546396,0.0037082165989710467,5.53892329685643,-0.6424342521129415,0.06717668861754031,0.0,0.0,0.0
1748026067.5393302,116.97563199636117,-78.12999503102772,5.722010269377783,0.9958475153651491,-0.0796373170943997,0.04384908490046104,0.004783473681046701,5.561788185466242,-0.6041840638985644,0.0704479578211241,0.0,0.0,0.0
1748026067.7280252,117.73540156134547,-78.21600117803128,5.728410843009354,0.9956762782432464,-0.08119904310882328,0.04465181200904979,0.006456006985551853,5.560463925016636,-0.5755889316634069,0.05877177649117017,0.0,0.0,0.0
1748026067.8388696,118.44576475103692,-78.29758543444026,5.731107220709404,0.9955266196541945,-0.08257285933778508,0.04543072905091112,0.006672429735697974,5.552292100214895,-0.548612976024181,0.026909250892436166,0.0,0.0,0.0
1748026067.9288368,119.17331516990633,-78.37750024272917,5.728969048964724,0.9954584002922257,-0.08303866780505008,0.046090403354024395,0.006544284183077555,5.549088947489259,-0.5296042832051201,0.0027075703521267785,0.0,0.0,0.0
1748026068.0686672,119.90334188073253,-78.4499850616039,5.724676393484915,0.9953632312333507,-0.08393409447628619,0.04678712188230933,0.004250990369238646,5.530374214303494,-0.5039747942186963,-0.050168442577881334,0.0,0.0,0.0
1748026068.251737,120.65914511491525,-78.519906451927,5.717319309118384,0.9952741796291977,-0.08466849944298874,0.0474899004261453,0.0022938881871256505,5.5467849100750035,-0.4901120778747573,-0.07297251766758081,0.0,0.0,0.0
1748026068.3446066,121.40317676866981,-78.59693887797266,5.703464815558615,0.9951170102720903,-0.08669142960658811,0.04718395844516363,0.0006371541003454633,5.53662227538274,-0.5060222997060905,-0.09953534198598758,0.0,0.0,0.0
1748026068.4616227,122.10560306849291,-78.66903317475298,5.6873142486768895,0.9951042227408524,-0.08718803813915002,0.04645975046476849,-0.00270619207034344,5.514580483049429,-0.5224989682792569,-0.1191627164400435,0.0,0.0,0.0
1748026068.6206887,122.84904470634469,-78.7438466069838,5.6722433941913195,0.9949905043354972,-0.08828750508921913,0.04672851300364668,-0.003957120137449283,5.504495987187369,-0.5289026887825348,-0.11023707768407427,0.0,0.0,0.0
1748026068.751931,123.60130081198798,-78.81870668633802,5.65803666436703,0.9949679910948573,-0.08910064092812255,0.045182022733494996,-0.007639195282992903,5.519497833675695,-0.534693571334936,-0.09188181933823113,0.0,0.0,0.0
1748026068.8888042,124.29249587591258,-78.89138656425979,5.648491127731952,0.9949676390289462,-0.08892418029775434,0.04494584528889923,-0.010571586200907167,5.4761274272740375,-0.5588460489843348,-0.08662276551798,0.0,0.0,0.0
1748026069.0106215,125.03355830054643,-78.97170762786503,5.642302964839153,0.9949201185504146,-0.0900104724449007,0.04351306296395055,-0.011776498009597848,5.456169738423992,-0.6161168246675234,-0.07143942243583037,0.0,0.0,0.0
1748026069.1817808,125.83531079512987,-79.06108096500095,5.6295434174048795,0.994813238910025,-0.0910156442263865,0.04295293359626408,-0.014758648002995358,5.536571919122604,-0.6643575608135454,-0.06777877352345064,0.0,0.0,0.0
1748026069.2589748,126.56626274046168,-79.15689824491461,5.621826080885391,0.9947708380922985,-0.09194793973676246,0.04171941983688844,-0.015363790801242621,5.523740599444725,-0.7498258909694188,-0.05954638639293135,0.0,0.0,0.0
1748026069.3981862,127.29661094184203,-79.2521639680829,5.608434848041331,0.9947754745014412,-0.09298800258632897,0.03936482382457197,-0.015013239180734026,5.5562372567960985,-0.7664746890667558,-0.07283956695305581,0.0,0.0,0.0
1748026069.5405917,128.07494685486517,-79.3558650173262,5.601852656461853,0.9946360886526281,-0.09450669621792217,0.03909120169835456,-0.015472991616149548,5.5726971326181065,-0.8262028979118412,-0.0727067922057287,0.0,0.0,0.0
1748026069.6608994,128.88413559388852,-79.45934228204516,5.596059916027362,0.9944197163545566,-0.09721096836899265,0.03807546562643521,-0.015156327768167298,5.637748069454854,-0.837012393451196,-0.046047435527625635,0.0,0.0,0.0
1748026069.815411,129.69014512957918,-79.56730255917091,5.591558431082051,0.994175779355061,-0.09986233712751291,0.037558132955245294,-0.01521249539373884,5.70506361080961,-0.8173489659669149,-0.0075494731242038565,0.0,0.0,0.0
1748026069.9623132,130.45472177694538,-79.67713697332816,5.591932658556773,0.9940071123587094,-0.10173243645111106,0.036581478720411065,-0.016191583265663254,5.7470908889391525,-0.8036475632341089,0.03823956046341593,0.0,0.0,0.0
1748026070.0551672,131.27980446475252,-79.78008651665719,5.5968611373066794,0.9938808289798006,-0.10232847282194761,0.03767848068504585,-0.017610040591068247,5.79762757858063,-0.7921297667013116,0.0760757936358772,0.0,0.0,0.0
1748026070.1897557,132.1111310799331,-79.88963387064169,5.6052083483460144,0.993827350886597,-0.10246191202360544,0.037691376777801815,-0.019700592143124276,5.867075358253524,-0.8007902215384581,0.11088964794207411,0.0,0.0,0.0
1748026070.3536942,132.9031312408172,-79.9982699271467,5.621846537919684,0.9939230201931365,-0.10088623386545857,0.03853218413209453,-0.021313576251030385,5.905578892505862,-0.8239234350714209,0.1398102520353383,0.0,0.0,0.0
1748026070.47343,133.7980399705083,-80.10622939774662,5.637883792486757,0.9940101472321504,-0.09932953933082755,0.039242862652898766,-0.023183346321229113,5.971767385474412,-0.8707620043626911,0.16704832763352837,0.0,0.0,0.0
1748026070.644976,134.56069794838922,-80.23430267754362,5.659774835066907,0.9939560193909447,-0.09853719070435361,0.04143764778226432,-0.024995497812099057,5.963442735468814,-0.9941634045537576,0.14431253320011136,0.0,0.0,0.0
1748026070.7638214,135.3337209464347,-80.37708457535489,5.674590489196731,0.9939277044419166,-0.09848548209307645,0.04263080804155483,-0.024309306148899385,5.944619595028997,-1.1309142920598039,0.13707959885376078,0.0,0.0,0.0
1748026070.8929324,136.15033408303952,-80.53874553924325,5.691871320292284,0.9939750290085926,-0.09845237173347755,0.04292457695857079,-0.021868994040617904,5.949400387590631,-1.2353218908929307,0.11894121795711063,0.0,0.0,0.0
1748026071.0044723,136.88045845885088,-80.69665635464604,5.6987873029336615,0.993781099738455,-0.10083213153806903,0.043731595429413454,-0.017876090548958255,5.899840316331059,-1.3161129199825974,0.09475891565630828,0.0,0.0,0.0
1748026071.1689205,137.69122465056608,-80.87476201184441,5.703632560935753,0.9934814379139382,-0.10413631971292713,0.044098239109421386,-0.014338924107101468,5.936198672914068,-1.3698425689929834,0.09528984796276789,0.0,0.0,0.0
1748026071.3183668,138.48695032283013,-81.05316285758605,5.7087275224983856,0.9931845066978666,-0.10725665652628746,0.044206987467403175,-0.011237773141253946,5.9485243165160755,-1.371442116387751,0.0850732518283164,0.0,0.0,0.0
1748026071.4199302,139.31545534940918,-81.23521503244783,5.722418158307157,0.9929028121592155,-0.10950256163622642,0.045483975302567654,-0.00918708833643371,5.995844971629159,-1.3188639303653387,0.07138416078781386,0.0,0.0,0.0
1748026071.555829,140.18295758048617,-81.40628358142892,5.722046140782046,0.9927203033750033,-0.11077098008013986,0.04648974061128915,-0.00865408903478021,6.070225038552585,-1.264209266657096,0.02678640749697544,0.0,0.0,0.0
1748026071.671219,140.9670302833457,-81.56846435398246,5.726295101145243,0.9926502851332405,-0.11086703708098652,0.04780618909485183,-0.008275252141590524,6.084786490143884,-1.208949461989273,-0.017163628199432103,0.0,0.0,0.0
1748026071.813271,141.80638892969384,-81.72132902295944,5.7266842928400505,0.9926802755379507,-0.11004665206523753,0.049088297612284025,-0.008120588935458924,6.103252148401387,-1.154401308535771,-0.04546242227718124,0.0,0.0,0.0
1748026071.956283,142.6560484699631,-81.88608610267694,5.714070715447833,0.9928728684350377,-0.10762626514192843,0.050399374264129014,-0.008941881846894095,6.124755888783419,-1.182208783213167,-0.10505556584854073,0.0,0.0,0.0
1748026072.0888128,143.42943783076504,-82.03295271114801,5.707997329754207,0.9930858504943035,-0.10540571741354479,0.05098529674183666,-0.008404034786250167,6.082792607468968,-1.1722805906460037,-0.10391291708416464,0.0,0.0,0.0
1748026072.2051096,144.30426128998772,-82.19813358315662,5.692014034301756,0.9933812398493416,-0.10301894754298473,0.05007193952700968,-0.008579605732458185,6.11954854071642,-1.2347994612161295,-0.13420469437730095,0.0,0.0,0.0
1748026072.3838842,145.11772346534684,-82.36336587160257,5.667660620988086,0.9936126478132269,-0.10188833372209426,0.04805124332683343,-0.006614497083620855,6.101514450444332,-1.286128278222006,-0.17394404849803652,0.0,0.0,0.0
1748026072.4924634,145.96660704974946,-82.53115243658121,5.654104932426825,0.9936201136662278,-0.10212156003455991,0.04758024716240631,-0.00513583235557508,6.122714147267133,-1.2990658762250544,-0.15007747714799438,0.0,0.0,0.0
1748026072.6164844,146.77444253361048,-82.6997022285214,5.641287318471351,0.9936413209557757,-0.10256722936288172,0.04628055375032373,-0.003872866463813188,6.1267445644351355,-1.3250846810645884,-0.12017113406887213,0.0,0.0,0.0
1748026072.7244828,147.60650203087778,-82.87881146637932,5.634351013131602,0.9936261034488708,-0.10331866158651129,0.04494939742127696,-0.003460113357967227,6.1387489394824755,-1.3341719544537156,-0.07121282298410453,0.0,0.0,0.0
1748026072.8773556,148.4387923142982,-83.06068451751095,5.628209050182249,0.9934685399541757,-0.10495091705622074,0.04470132510418302,-0.00271231714717,6.134276181325032,-1.3753147988599295,-0.05416655514195524,0.0,0.0,0.0
1748026073.0097215,149.2948334884536,-83.2472851949457,5.6260706383776045,0.9932651009822192,-0.10677011749013483,0.04494806561210791,-0.002062178376034111,6.179181016954728,-1.3796870352317598,-0.029025473978038983,0.0,0.0,0.0
1748026073.1592672,150.09899777811023,-83.42917580324477,5.624108421724882,0.9929958166233942,-0.10876876755505488,0.04613346262857887,0.0006058043333667311,6.16959035902107,-1.3582777777343382,-0.002966509382912453,0.0,0.0,0.0
1748026073.265941,150.9918232532964,-83.614895102526,5.628736218199733,0.992928236922181,-0.1094149496178069,0.04605649776113735,0.0008271255772623316,6.196853360036102,-1.351040566150244,0.011830267215631015,0.0,0.0,0.0
1748026073.414187,151.78030593121022,-83.78922609145728,5.63183616537801,0.9927538439417772,-0.11059026759721323,0.046887386842465545,0.003342305594539481,6.185303114855286,-1.3340614022323576,0.013751162757306652,0.0,0.0,0.0
1748026073.562119,152.63331184482126,-83.96317126067434,5.62729676013115,0.9925503472618479,-0.1125021163231464,0.0465826741219521,0.004139618925274181,6.228764534533716,-1.3182652071148189,0.0012956579610757602,0.0,0.0,0.0
1748026073.6979127,153.41796850099104,-84.12711839441302,5.626645180039065,0.9926319594241182,-0.11222703675860866,0.04535810820956003,0.005433909261990746,6.208796648473985,-1.2960027623681158,0.009034493258003868,0.0,0.0,0.0
1748026073.8043866,154.29581918811567,-84.29999587242287,5.629860788983869,0.9926133149260346,-0.11251529820485504,0.04520358522455356,0.003968700576775316,6.23199160416828,-1.2506592611623066,0.051968520135644035,0.0,0.0,0.0
1748026073.9416986,155.0918442991658,-84.45675147948235,5.637372273485544,0.9924043792192712,-0.11424319707138929,0.04545584008832225,0.0039757554232521634,6.233662027034932,-1.2272827570165536,0.10159938884516875,0.0,0.0,0.0
1748026074.0786512,155.9622996753512,-84.62120231294506,5.652374153950898,0.9923084407619979,-0.11482494060830731,0.04617296561625104,0.002692332258845346,6.275422379095711,-1.2350154185287687,0.15162632605685908,0.0,0.0,0.0
1748026074.1768296,156.80157063024913,-84.78049013177875,5.674339550076596,0.9920795275709274,-0.11654035098800873,0.04683874346333473,0.0016400234794956166,6.274265388807252,-1.225666964581395,0.1722648116400965,0.0,0.0,0.0
1748026074.3561077,157.57431658702882,-84.93524282023307,5.694353600178058,0.991824778485763,-0.11871526344851759,0.04678934546833216,0.0010257468797545033,6.217418086454668,-1.2067285993752122,0.13594949986414281,0.0,0.0,0.0
1748026074.4632597,158.39877327486877,-85.08751537838836,5.706426213148969,0.9915757267389946,-0.12094177566950455,0.04636030137958566,-0.0011779201738614585,6.2241230902943965,-1.193786960110603,0.1236083626791357,0.0,0.0,0.0
1748026074.5976434,159.27090250868997,-85.24738228710235,5.7245918351262475,0.9913812547278623,-0.12271655440013711,0.04579894578181263,-0.0025122929053555377,6.2506351481834725,-1.207151008090516,0.13089711948048385,0.0,0.0,0.0
1748026074.7329183,160.07158721785137,-85.396147590743,5.7421060962872525,0.9910345391571987,-0.12555571524253298,0.04546820543521651,-0.004352799319473411,6.217377784265437,-1.1773747334718503,0.1594137188794231,0.0,0.0,0.0
1748026074.897958,160.92257546622687,-85.55024284454151,5.766089960153397,0.9908586751545654,-0.12633036474059633,0.04670066038332409,-0.007666363884457497,6.217078706914184,-1.1680132409780508,0.19338589972575254,0.0,0.0,0.0
1748026075.0439634,161.72739411322232,-85.69547799533979,5.7901165419407485,0.9906672200394673,-0.12760887288532602,0.04711613695591449,-0.008631589573319427,6.2266361208636605,-1.1701699266022436,0.20985822340050986,0.0,0.0,0.0
1748026075.1482556,162.59180528532852,-85.85457769713261,5.820647080334243,0.9905173272253932,-0.12824947929291552,0.04839404230836834,-0.009247280487538017,6.243115861626284,-1.212285258980155,0.25789719347625584,0.0,0.0,0.0
1748026075.2660723,163.43770553614686,-86.02350554729588,5.85615805578964,0.9904700835835742,-0.1282380241900962,0.04967849375431447,-0.007487986115794133,6.219768772589371,-1.2407367283682729,0.2821204605116812,0.0,0.0,0.0
1748026075.4305012,164.21781776895,-86.19368263698695,5.897703309903101,0.9905430441889596,-0.1276510703322736,0.05018558903163521,-0.0033299407564887735,6.170855182643376,-1.2446997120446897,0.2791375976115465,0.0,0.0,0.0
1748026075.5323422,165.0142265573329,-86.3520045809781,5.927031556651429,0.9905855613208238,-0.12734675082446956,0.050226370624136846,-0.0006020391065690929,6.163082148522598,-1.2430374365363843,0.2629069351100124,0.0,0.0,0.0
1748026075.6643817,165.797380762511,-86.51102123301834,5.953401920329393,0.9905747539072706,-0.1276306512499063,0.049718100690384896,0.00042923981200040744,6.122864103048906,-1.2285077408701903,0.24263334071151998,0.0,0.0,0.0
1748026075.8305476,166.59243258262944,-86.66670790240047,5.981303139416028,0.9905101657100743,-0.12820736244539369,0.04952149230250225,-0.00032502296809381985,6.11245764037515,-1.1913276313439136,0.22561824713369694,0.0,0.0,0.0
1748026075.940314,167.3566157991961,-86.81733062714929,6.011604077011094,0.9904660564883806,-0.1285161274041918,0.04960342958359419,-0.00030937829789389083,6.074776215564701,-1.1795484990341412,0.22221739569886426,0.0,0.0,0.0
1748026076.0738108,168.09663862911347,-86.96337580024493,6.042016226841037,0.9906059658575993,-0.12754847746830378,0.04926752527847951,-0.0019792058469954702,6.006411879235161,-1.1569671949958424,0.19904535738586104,0.0,0.0,0.0
1748026076.2348921,168.8749861103867,-87.10707493168951,6.071724416807362,0.9908020813503856,-0.12607076070196988,0.049138381771109595,-0.0016787866711422325,5.981792966572366,-1.1208755386247358,0.19236643741518064,0.0,0.0,0.0
1748026076.3268142,169.6340220821712,-87.24728869414994,6.0984006544233935,0.9907801849639516,-0.12606445091750398,0.04961373799460093,-0.0009253647223165152,5.956792736544267,-1.0829411430594789,0.20693635229990331,0.0,0.0,0.0
1748026076.4801247,170.4771471383138,-87.39884391330052,6.1289595671041885,0.990940955746733,-0.12450819073233946,0.050334021117813973,0.0004679555771316814,5.981873590634422,-1.089225965704292,0.25237502659328637,0.0,0.0,0.0
1748026076.6149378,171.35791762028123,-87.55138615032575,6.165542461461455,0.9914212722124645,-0.12080028118222859,0.04991029638624915,0.00033968448546273076,6.002219836669371,-1.0652079003976151,0.2649932932272136,0.0,0.0,0.0
1748026076.7547517,172.12344736803828,-87.69246985122876,6.201608751603233,0.9912893414065271,-0.12121944587087781,0.051394329206069275,0.0031480918076298645,5.982374477210596,-1.099731648827752,0.27167612865001717,0.0,0.0,0.0
1748026076.895244,172.9293224161673,-87.83992776129374,6.232558531635149,0.9913639513919988,-0.12050086501185574,0.051657979469053456,0.00291728795491225,5.96777399845603,-1.117566332811067,0.28347712929703195,0.0,0.0,0.0
1748026077.0531805,173.6166979021743,-87.97473272145514,6.264203417964646,0.9911927898499584,-0.12164550955423599,0.052266951567396525,0.0027182951638810757,5.86075069587322,-1.1252190285849015,0.25006379186557903,0.0,0.0,0.0
1748026077.1815052,174.4402271978437,-88.1360390608979,6.284406437875633,0.9908561171813314,-0.12415287022003996,0.05277496970116619,0.0022410786471541047,5.866284529353473,-1.1954942437752025,0.1880279920284802,0.0,0.0,0.0
1748026077.2993848,175.2334549613861,-88.29423964599134,6.304038718620493,0.9905072992884035,-0.12703165265025454,0.05249751100018889,0.001503535873636251,5.872989180750415,-1.1818822347206126,0.17372134468444544,0.0,0.0,0.0
1748026077.4234142,175.998950847469,-88.44444593531209,6.324591278019807,0.9900972423952746,-0.13026257748319195,0.05233345440693015,0.0005666202840371502,5.8445809770439885,-1.1374317906578648,0.18380047215580336,0.0,0.0,0.0
1748026077.55684,176.785087640047,-88.59039412312042,6.352914396616187,0.9899465378357041,-0.13148600147642941,0.052104794095239756,-0.0015408034060831412,5.841831009481227,-1.0629414791015175,0.24428296197206165,0.0,0.0,0.0
1748026077.6766593,177.5293620682982,-88.7243388581314,6.377915935910216,0.9896958849899643,-0.13279222389303116,0.053406812028328886,-0.003999116958188821,5.802840390084307,-1.010027523073709,0.25790479436442415,0.0,0.0,0.0
1748026077.803681,178.32393779250447,-88.85686280501496,6.4063654875175375,0.9896570889203972,-0.1328021660014498,0.053837989635508315,-0.006625852921358205,5.8170630637910845,-0.9626794321393273,0.2744230755237543,0.0,0.0,0.0
1748026077.9386914,179.07440447395635,-88.9850273191423,6.4394821324073,0.9898323200647156,-0.13086848594026598,0.054917175914829953,-0.009461571357052582,5.78415352628484,-0.9729682644369433,0.26918565023699803,0.0,0.0,0.0
1748026078.056297,179.85189688379097,-89.11108202240085,6.460767198039155,0.9901018309207739,-0.1284766694178542,0.05549844728100745,-0.010584525120392558,5.745806250754168,-0.9696534272497362,0.23087496823707185,0.0,0.0,0.0
1748026078.2505498,180.5609092082956,-89.24621344799861,6.481829866165154,0.9902683656618816,-0.12665283099088395,0.05659191283226957,-0.01117943528651211,5.678426166658379,-1.0328321502370748,0.18687064892580457,0.0,0.0,0.0
1748026078.3593938,181.365797895567,-89.39568864579182,6.50649868095967,0.9904259336951621,-0.12556527686174784,0.056547489867259264,-0.009602734007111563,5.682940535968687,-1.1024245071860812,0.1695486382945919,0.0,0.0,0.0
1748026078.4567943,182.10943224783958,-89.55042444483801,6.523681008929762,0.990729362270377,-0.12365271291012102,0.05569458435107422,-0.007965588444071891,5.628588892580796,-1.1610487491430004,0.13995186520237218,0.0,0.0,0.0
1748026078.6199713,182.7738131262853,-89.70791175874463,6.53732117637349,0.9906969976761536,-0.12419048709099305,0.05544325493742549,-0.004714572462154762,5.526160181828477,-1.1755299211150767,0.17056236248708853,0.0,0.0,0.0
1748026078.7332494,183.49614605112131,-89.86152533874247,6.558120739263387,0.9905628699474804,-0.12566124090003447,0.054716776217067054,-0.000726372690803218,5.506502505322687,-1.1668083998278824,0.22920897494819373,0.0,0.0,0.0
1748026078.8702655,184.1811887483466,-90.01066139582103,6.58154489270453,0.9905767723113826,-0.12589907539152329,0.053901592356469345,0.0013035774467771944,5.4469120829542,-1.1782061670658865,0.2571477554529791,0.0,0.0,0.0
1748026079.0133498,184.9089745765553,-90.15795985714024,6.611834828659067,0.9904232102924213,-0.12701901350548553,0.054077777724949025,0.0019049090472783182,5.440599129369118,-1.1159902457464,0.3047016518756256,0.0,0.0,0.0
1748026079.133972,185.62243006696903,-90.29902828630996,6.646284922158995,0.9898945697925055,-0.130253180669447,0.05594097762233846,0.0036683297916465956,5.419605209679795,-1.0830639586209259,0.32749089458567476,0.0,0.0,0.0
1748026079.257373,186.37584352390965,-90.44278839463142,6.679093809435459,0.9895375319156562,-0.13267959086202918,0.05658621288239861,0.0030983238345921663,5.442425035677259,-1.0676082424126758,0.3114238021461005,0.0,0.0,0.0
1748026079.4099293,187.07673912198555,-90.57964262030778,6.704178073714653,0.9892404392603434,-0.13431440767849445,0.05788274038568206,0.0035470533435055965,5.403307998085568,-1.0429237758091514,0.25337071621414314,0.0,0.0,0.0
1748026079.5489988,187.9269332415715,-90.72976255047982,6.736940401467077,0.9888272520318403,-0.13713730650426165,0.058363708883686506,0.002775299849770884,5.477254895841524,-0.9975294044060783,0.218551908452358,0.0,0.0,0.0
1748026079.6648083,188.686038979421,-90.86252045331273,6.753210806683858,0.988719484026212,-0.13818309322789327,0.057783312151104035,0.000550899047491247,5.492388117879725,-0.9546686455629096,0.1893281584426705,0.0,0.0,0.0
1748026079.7960017,189.44426534029103,-90.99406613017845,6.77361251553955,0.9885640283192585,-0.13962759881977052,0.05696528586154081,-0.0005017646246526501,5.4977540847463455,-0.9198260515796173,0.19967558534721394,0.0,0.0,0.0
1748026079.9439597,190.2261286455145,-91.12071216969714,6.7970748978631015,0.9885221753204353,-0.14003686690282832,0.05658384677321866,-0.003442831994030627,5.507779201858448,-0.911394443751958,0.17309135243134827,0.0,0.0,0.0
1748026080.0765185,190.8938487612942,-91.23770011899579,6.807558406317404,0.9885204465675396,-0.1400588576392871,0.05630078610781471,-0.006408166534383328,5.446817936718314,-0.8980280342097691,0.17595422852552234,0.0,0.0,0.0
1748026080.2439017,191.63479379549835,-91.35835906223865,6.827528500262079,0.9885798285927573,-0.13963859599120507,0.05603763594038471,-0.008412393674373278,5.428686975357061,-0.9139284669718102,0.1731953085828407,0.0,0.0,0.0
1748026080.3404274,192.38578588290295,-91.48254519837273,6.836570414106984,0.9887196965644233,-0.13892991142539515,0.05503591950876322,-0.010143416619252018,5.436219620182898,-0.9519542525298292,0.133889663155718,0.0,0.0,0.0
1748026080.4786704,193.08719989895684,-91.60877996684115,6.8439728665977455,0.9888244172307785,-0.13844826828424822,0.054170827692201495,-0.011129704598325381,5.380929382308748,-0.9729399388686129,0.07740890318672236,0.0,0.0,0.0
1748026080.599838,193.85913620125766,-91.74107320864408,6.846725533179265,0.9889237103967387,-0.13863409996766946,0.05173103822488967,-0.01159228301400168,5.420941650740022,-0.9998930337011727,0.031988474962677954,0.0,0.0,0.0
1748026080.7527826,194.5625581980459,-91.87543444179659,6.847371355839026,0.9889517529856072,-0.1392047233057773,0.04970756573811713,-0.011208620987755564,5.3844271933374035,-1.0060750041614965,0.06157939395923462,0.0,0.0,0.0
1748026080.8700778,195.26920609469087,-92.00885337182673,6.853912660536149,0.9889269474991804,-0.140294759949924,0.04717591549014314,-0.010738055606737216,5.368254398067145,-1.0360294516664201,0.1061768367442786,0.0,0.0,0.0
1748026081.064122,196.00705615946663,-92.15044370008881,6.8699209915084225,0.9888818648028476,-0.14102008273491648,0.04596099075254558,-0.010657441462396831,5.362795912298153,-1.0519809634120545,0.16234765401642487,0.0,0.0,0.0
1748026081.1769216,196.73078513597045,-92.29466205665541,6.894638689951256,0.9888523772446822,-0.14134728882618466,0.045257566194813345,-0.011986353121353247,5.355491311463183,-1.0469114437818363,0.2285599851911515,0.0,0.0,0.0
1748026081.295206,197.40104455474233,-92.42993649248021,6.920018665885547,0.9888595379204289,-0.14153125434257666,0.04437583558903684,-0.012510136841281464,5.366873146756107,-1.0579024137692625,0.2565621172048675,0.0,0.0,0.0
1748026081.393398,198.13334858203805,-92.57151125864841,6.95387784953749,0.9887821655136222,-0.14209931849358828,0.04448709673387685,-0.011769072607489932,5.354000855617222,-1.0815351436377834,0.2746497869247663,0.0,0.0,0.0
1748026081.5939956,198.82416460085997,-92.71404574865618,6.9875457913964665,0.9887880834296088,-0.14181070571706403,0.04536476724507014,-0.011396828700560595,5.352810959195376,-1.0765127003258903,0.24301876664374006,0.0,0.0,0.0
1748026081.7151608,199.47437466959704,-92.8480979226961,7.0194088869433475,0.9887495765323313,-0.14181750752611622,0.046684067115979534,-0.009092158364567428,5.313930351557955,-1.0563331103257536,0.24159443169248404,0.0,0.0,0.0
1748026081.8313835,200.2628067978507,-93.00274759926741,7.049494401520265,0.988803222845275,-0.14152707336940587,0.04658806815181568,-0.008235648132976225,5.341120790893045,-1.121735177039296,0.18788763201775965,0.0,0.0,0.0
1748026081.9835703,200.92248232480475,-93.14252910093803,7.067215666993688,0.9888536987738399,-0.14105712847698504,0.04743619675579509,-0.004588699649010333,5.307438087019809,-1.08110997830455,0.17130357900998752,0.0,0.0,0.0
1748026082.0977352,201.663493238566,-93.29421849041762,7.085422904893128,0.9888582205847902,-0.14108414578169093,0.04742872651028273,-0.002280195725347382,5.328126946571444,-1.1031573125037677,0.15020098372303298,0.0,0.0,0.0
1748026082.241141,202.3425528685872,-93.43647568299595,7.093704240798504,0.9889765142261286,-0.14050254117685956,0.046736522901835595,0.000433196291789898,5.312151326610686,-1.0993323187513777,0.1326670601025636,0.0,0.0,0.0
1748026082.3660872,203.08941417076588,-93.58634277754102,7.097996311566364,0.9889788014439307,-0.14077637492921832,0.04585756788820541,0.0001613186080674252,5.340463742142693,-1.0484218613073748,0.08850079456153873,0.0,0.0,0.0
1748026082.460802,203.82561576241156,-93.73507836234864,7.107574374101996,0.988747908671233,-0.14202002544699616,0.046983725820917116,-0.0006441880801768482,5.353731762749495,-1.0875886603590326,0.052886811651452606,0.0,0.0,0.0
1748026082.6188378,204.52136096907864,-93.88205034525492,7.105503864011814,0.9884082488929005,-0.1443557729555471,0.04692120912313964,-0.002990730562845148,5.3203204679934695,-1.1460668153726394,0.0042813038829348435,0.0,0.0,0.0
1748026082.7430563,205.20217188765497,-94.0262160058148,7.09876245411967,0.9881940763907777,-0.1456455136244197,0.047179247173845584,-0.005828411736118123,5.3105992316118495,-1.0988003313025183,-0.05496105066345474,0.0,0.0,0.0
1748026082.9076428,205.94507693915514,-94.17873894788042,7.084609306588003,0.9879730454512486,-0.1473172063395185,0.046257715218119375,-0.008193043445758778,5.301563979435652,-1.0979375472325668,-0.09295218637128884,0.0,0.0,0.0
1748026083.0126023,206.64613278311023,-94.33437478169594,7.065941831411056,0.9873643009881635,-0.15118527626289346,0.046337035927764086,-0.010374414532734588,5.267739939200239,-1.1785566432798826,-0.13201343582102573,0.0,0.0,0.0
1748026083.1911407,207.2993004987097,-94.48906699692718,7.0481861414942895,0.9869380054858053,-0.1539106323369212,0.04613657648708699,-0.011675054235460296,5.237399345299953,-1.1799523864730124,-0.13120452322877046,0.0,0.0,0.0
1748026083.3454385,208.0170968968207,-94.64841344566258,7.0282460038536865,0.9869343167839468,-0.15421787358447617,0.04408136205794743,-0.01530801556057606,5.242781650793626,-1.1918497740559917,-0.13084071360408145,0.0,0.0,0.0
1748026083.4756167,208.70873843059266,-94.81451495370221,7.00705687176371,0.9866001959676122,-0.15658285011628403,0.043502528642498865,-0.014470465363595923,5.223186903918527,-1.2265020371667321,-0.1407016491067552,0.0,0.0,0.0
1748026083.5811284,209.37932903050142,-94.98196670370338,6.990274033521005,0.9862411800376738,-0.15889223345172265,0.043390753997065344,-0.014100901183474358,5.215251412725631,-1.235557187508591,-0.11316380148431462,0.0,0.0,0.0
1748026083.7135072,210.0713198777947,-95.1493855709964,6.9735714376483,0.9862822914405636,-0.15881295955989463,0.04234923470269239,-0.01523902184114449,5.200203566693845,-1.319786359728404,-0.09698876232675824,0.0,0.0,0.0
1748026083.8522286,210.780277744842,-95.32123076657106,6.966767926666739,0.9865588814779416,-0.15667881092864266,0.04252383884962993,-0.01857543303587874,5.217350724216452,-1.2647007385224667,-0.04899728542524218,0.0,0.0,0.0
1748026083.9726708,211.46003121305904,-95.49562844987143,6.964698964230523,0.9859059646588135,-0.1606022534533724,0.044217009823514584,-0.01553064963678006,5.201290205601325,-1.2823719089142371,-0.037852032077192704,0.0,0.0,0.0
1748026084.0910056,212.1563892514466,-95.67525547934004,6.962254832717917,0.9858605916801547,-0.16075213227927376,0.045268221268013595,-0.013727122165719387,5.2024425336296725,-1.3379638300736985,-0.014398853971898424,0.0,0.0,0.0
1748026084.2052264,212.81409946704684,-95.85193299842084,6.961845115824011,0.9859819265460326,-0.15951083084661716,0.04658366980466621,-0.015029872744828227,5.152082808486979,-1.3712861208670997,-0.016928103654890322,0.0,0.0,0.0
1748026084.3365667,213.5183853204193,-96.03998322426632,6.95923181981706,0.9860885425505704,-0.15895675067446802,0.04692616299131053,-0.012651991638465898,5.1550446361112545,-1.3578334485548513,-0.04643554441338471,0.0,0.0,0.0
1748026084.5078325,214.21488758289334,-96.23002023520274,6.954069167650491,0.9861228781603392,-0.1588678000668977,0.04682249509985414,-0.011416883256697914,5.160104766981697,-1.4034388319246363,-0.0642815495347566,0.0,0.0,0.0
1748026084.6457536,214.85426405351382,-96.41620858356309,6.946811399970031,0.9864291644008569,-0.1571252688347021,0.0462841116147864,-0.011266522315242064,5.1173726002217,-1.3986891281315135,-0.014956032876819141,0.0,0.0,0.0
1748026084.7595873,215.5646937733618,-96.61543648957192,6.941716987902659,0.9865442368502285,-0.15677628399708055,0.045276996761156346,-0.01008261265531977,5.119014349245283,-1.4434277012194827,0.002230605990078312,0.0,0.0,0.0
1748026084.8889792,216.22106126806793,-96.80822597536842,6.945957893668324,0.9867030503943544,-0.15579163720118466,0.04549456718769372,-0.008735014427874874,5.092834848364133,-1.4554741620409308,0.04547187069820547,0.0,0.0,0.0
1748026085.0311666,216.88865883784337,-97.00272839542158,6.954049481722924,0.9866692781530605,-0.1559051277287377,0.04604727676055746,-0.007548178571104966,5.083388464048083,-1.412735906232026,0.08562513736674035,0.0,0.0,0.0
1748026085.20418,217.56497171687946,-97.19752506445978,6.967590129105912,0.9867600186451458,-0.1550845127553763,0.04714972425334077,-0.005510264031135514,5.062927073221113,-1.4720074965528651,0.09591396659687393,0.0,0.0,0.0
1748026085.3348086,218.24192586381116,-97.38996479935903,6.9805844978708755,0.9869290326558487,-0.15389137676824996,0.047595372887069526,-0.00481758623212392,5.06868688476342,-1.4204484338744325,0.10668243930292323,0.0,0.0,0.0
1748026085.4807835,218.92466999380457,-97.57884654289963,6.992270875104126,0.9872160289622266,-0.15203629366315058,0.04773265455454823,-0.003327350056844611,5.07855538458555,-1.4206816326859866,0.11967276493787252,0.0,0.0,0.0
1748026085.59792,219.6131271527006,-97.7700532066268,7.010962054443516,0.9872878423462743,-0.15167212969011634,0.04751089703301711,-0.0009980448993056274,5.078317308768786,-1.3641548544548017,0.1578142343986904,0.0,0.0,0.0
1748026085.7105668,220.27287683442125,-97.951302964092,7.034062242070401,0.9874053506197494,-0.15069705726486599,0.04815502622015179,-0.0014710366875076816,5.050398246269927,-1.3863853532955208,0.19553679158394177,0.0,0.0,0.0
1748026085.8538206,220.97402559733567,-98.13596406638227,7.059134364728246,0.9875008161215706,-0.14994348974599517,0.0485239934935324,0.0021236990051744574,5.080721744595576,-1.3286152152585762,0.22354546900512076,0.0,0.0,0.0
1748026085.9951673,221.66957091362642,-98.31799206574944,7.090383715454356,0.9875870816042941,-0.14913749907343804,0.04928005511832188,0.0011130076230400653,5.095424613285122,-1.3182046576071946,0.27818234329994995,0.0,0.0,0.0
1748026086.1299965,222.36789647343446,-98.50369439674601,7.130883349042201,0.987782857708086,-0.1477786340169385,0.049458880922111634,0.0005660777924089896,5.058166357760638,-1.371454615131209,0.30525577724710246,0.0,0.0,0.0
1748026086.2597115,223.00408061751074,-98.6743660211344,7.164639258723934,0.9879668924971763,-0.1467062448058181,0.048923551211662614,0.002276664509405522,5.035813117745963,-1.3570644925831215,0.3077476894055087,0.0,0.0,0.0
1748026086.3692458,223.67819293580715,-98.86130651710235,7.202147845306702,0.9878252191870793,-0.14738041275447178,0.04973705881849224,0.002564225888290792,5.0004906157646225,-1.3942386893373904,0.2923084400269083,0.0,0.0,0.0
1748026086.475119,224.39227391476695,-99.04791424468083,7.2425099446395675,0.9875210028789184,-0.1495743018994404,0.04912733826786539,0.004037538733586182,5.010118141609758,-1.400041898516738,0.34129321464054224,0.0,0.0,0.0
1748026086.622501,225.0706090462647,-99.24221119587887,7.2925927070553636,0.9871621971136122,-0.15183508106569424,0.04938237517302967,0.004276186369895603,5.002982262840085,-1.3986867957830844,0.39904233025565344,0.0,0.0,0.0
1748026086.7449038,225.70303210836877,-99.4203244647058,7.343251965946193,0.9867155440020624,-0.15480956446912483,0.048998245565434695,0.0050602277718966296,4.939769105037735,-1.3861358739443603,0.42666304062945243,0.0,0.0,0.0
1748026086.8751085,226.42559854447217,-99.61055167751705,7.400598993277656,0.9863194928755734,-0.157523006990369,0.048420292841354406,0.003979382306514623,5.002181666147683,-1.3583675497360588,0.45654760420943424,0.0,0.0,0.0
1748026087.008362,227.21303789063086,-99.79648336649448,7.460092596201545,0.985983414608135,-0.15997553905070305,0.047238448800804245,0.0036141358598499817,5.090407150401102,-1.3233046268703974,0.46396231711042996,0.0,0.0,0.0
1748026087.139518,227.69761213091144,-99.96455023983195,7.5122655059127705,0.9858522277798966,-0.16079442370052613,0.04727908811263218,0.0022860698739640144,4.912866076457627,-1.3068405121772348,0.4461624133642416,0.0,0.0,0.0
1748026087.3170419,228.52706755329027,-100.13517159497181,7.5835883547480805,0.9856448114893744,-0.16206733751055546,0.047312131055184975,-0.00021436261877963694,5.069261788255462,-1.242546460618523,0.47538430202406073,0.0,0.0,0.0
1748026087.4329493,229.156685759775,-100.3106944586846,7.649030220288997,0.9856085234720987,-0.1625314937703738,0.04646871986751668,-0.0001003284342964467,5.017473316135349,-1.2480871554066704,0.4908501607870094,0.0,0.0,0.0
1748026087.553107,229.80031637484745,-100.47508233799755,7.7086689162378965,0.9857182687562632,-0.16190907402109347,0.04630833285937115,-0.0006962022501951414,4.976456567074283,-1.246253696841317,0.4739916159497612,0.0,0.0,0.0
1748026087.6669333,230.5313365497451,-100.65351251069926,7.777167926610714,0.9858976683450514,-0.16109482856446294,0.045317904778821715,0.0007288813587933983,4.99855388527521,-1.2546039183641946,0.4831326938921665,0.0,0.0,0.0
1748026087.8424284,231.10219256789074,-100.80565598751947,7.83212332596965,0.9863330824480507,-0.15871050737234668,0.04419372239357712,0.002222660374075744,4.964791695798296,-1.2086513362024192,0.5076079133766104,0.0,0.0,0.0
1748026087.9749196,231.83634807831726,-100.97276060314287,7.903358156116593,0.9869324618444368,-0.15519232546651265,0.04323025432757894,0.0032867894286243123,5.0045675867048365,-1.1972667011032305,0.4718097073208121,0.0,0.0,0.0
1748026088.1240942,232.47805864744802,-101.13135863686796,7.960616581951954,0.9871581983807355,-0.15402638257653162,0.042222944098437895,0.003433341193180778,4.975066190312692,-1.2162449268164173,0.4438564746282782,0.0,0.0,0.0
1748026088.2452126,233.18356255761748,-101.28965816783912,8.017878531917225,0.9876105494442806,-0.15089348519001264,0.04293510324153451,0.003624315551452316,5.006813018243501,-1.179248139152119,0.42680352895019846,0.0,0.0,0.0
1748026088.4514751,233.817548606424,-101.44770082007616,8.072588036163896,0.9878799115170873,-0.14919095018029324,0.042724846820620443,0.003150915652254965,4.972702511102429,-1.1824278826037635,0.4246106487798897,0.0,0.0,0.0
1748026088.5474124,234.5798803590295,-101.60445927310234,8.13997586985526,0.9879822907259969,-0.14854390253939243,0.042625548797653914,0.0029605438484205018,5.035125589477127,-1.164780074833837,0.4337540449800514,0.0,0.0,0.0
1748026088.6783872,235.21430266963847,-101.77116189249689,8.193457942334827,0.9882572188897661,-0.1469747082524988,0.04163415767546578,0.0035638968857495943,4.994521702676552,-1.2204020074718875,0.4295359940026784,0.0,0.0,0.0
1748026088.8443084,235.8575635698678,-101.93065738117268,8.252578771077646,0.9884788841811568,-0.14522516199263574,0.04253359044109966,0.0031688383323376845,4.973300539894452,-1.2277639294822333,0.44280062271512916,0.0,0.0,0.0
1748026088.9642658,236.6209106270504,-102.10350723896919,8.317466228837695,0.988540746499151,-0.14502118895962188,0.041595850436505336,0.005082567274797157,5.036262311212156,-1.2402650287284043,0.4337815087796265,0.0,0.0,0.0
1748026089.089356,237.3101544005833,-102.26714269404228,8.377500022029672,0.9885205159325099,-0.14522875896399476,0.04140476674178841,0.004630598380407168,5.048818007772781,-1.2135122894706933,0.41300599642081637,0.0,0.0,0.0
1748026089.1825242,237.95346150273073,-102.41884593669774,8.426028352834656,0.988589932659796,-0.1446702470008985,0.04189172933875031,0.0023553533509536213,5.032328161595721,-1.1833817439595098,0.36030084614052044,0.0,0.0,0.0
1748026089.28885,238.65428173227124,-102.57348161259691,8.475461412424202,0.9886520691229936,-0.14426089276569024,0.04189772317445718,-0.0006795808016356399,5.069330054599209,-1.1457851237415024,0.3641264245151835,0.0,0.0,0.0
1748026089.43508,239.39147198543245,-102.73663057601516,8.528888688772797,0.9884868342317534,-0.1455101610471137,0.041276725065746256,-0.0040992133850120994,5.105753516500193,-1.1826344467954941,0.3444988881173092,0.0,0.0,0.0
1748026089.545765,239.95115545891682,-102.87989341926747,8.567382669213645,0.988431373829851,-0.14554684803740653,0.042093928758198375,-0.006901841559262708,4.982792610711403,-1.1845268083935334,0.350767340122441,0.0,0.0,0.0
1748026089.6723664,240.6270383958413,-103.03769923848162,8.621248181206369,0.9884530564289834,-0.14527831800689067,0.04230572013587169,-0.008061736604170084,4.99903442965545,-1.1929040607457937,0.3782142965432232,0.0,0.0,0.0
1748026089.8269987,241.25259867449157,-103.20044161028353,8.669653013589265,0.9884279179005041,-0.1455831046078328,0.04173586983564386,-0.008598135651489279,4.943796937939661,-1.2758723168215003,0.42001836077665394,0.0,0.0,0.0
1748026089.9793558,241.89301224527344,-103.37383488937358,8.720491711633303,0.9883252079374847,-0.14647098587275695,0.04093720209435479,-0.009147630156282767,4.913523884512212,-1.327782309588729,0.40569719277518496,0.0,0.0,0.0
1748026090.0984254,242.60767012917586,-103.56456096165756,8.77508389642813,0.988064126404597,-0.14780905378556522,0.04283206544061796,-0.00686876272899411,4.942176099254363,-1.4209356727706013,0.3892284656749446,0.0,0.0,0.0
1748026090.2291172,243.20622843619017,-103.7396422046182,8.817555416029089,0.9878280638137049,-0.14958187647780205,0.04229196327825,-0.005689324522104794,4.9088631676627275,-1.427021874525203,0.37652206021744156,0.0,0.0,0.0
1748026090.3793592,243.85476370234855,-103.93151116301935,8.861786518606584,0.9875475862354975,-0.15163447379828554,0.041717943076086186,-0.0040453061515849185,4.8966963484407575,-1.4633836663215254,0.35662620675825535,0.0,0.0,0.0
1748026090.5327206,244.4859412724381,-104.11920488008464,8.90244106306114,0.9873811717102337,-0.15276274250792807,0.041684339174920794,-0.0020933516505085375,4.841485635092602,-1.4444210563640953,0.3405544594677081,0.0,0.0,0.0
1748026090.6473541,245.14752949715472,-104.31618725060368,8.941082223534504,0.9871055886315289,-0.15476530819414436,0.04086497490551998,-0.000556864387109909,4.870037470086208,-1.4587263948690392,0.3244153068000151,0.0,0.0,0.0
1748026090.751263,245.80341688888004,-104.51358415755053,8.98278225977332,0.9868155285554722,-0.1565479287235961,0.04105428748371465,0.0015505138956387454,4.869955683279525,-1.4447841461553315,0.3324953237314146,0.0,0.0,0.0
1748026090.858734,246.44095758722096,-104.69915273491506,9.022365495731151,0.9865959617910742,-0.15790266207340334,0.041061557784443335,0.0030176083232985266,4.876763165416174,-1.415985514117738,0.33278233643006094,0.0,0.0,0.0
1748026091.029505,247.06834278406373,-104.87946443225061,9.0587796263427,0.9864706397650177,-0.15852430731870568,0.0416055429686531,0.003834014215531081,4.859803137821118,-1.381293643815674,0.31184865836488807,0.0,0.0,0.0
1748026091.1744535,247.78358331227997,-105.07316034499263,9.09887256323294,0.9863312473813182,-0.15935399725223348,0.041621026797885215,0.004966299149057429,4.938364536377464,-1.366412690382095,0.26259131359574683,0.0,0.0,0.0
1748026091.3315616,248.42520919516755,-105.25155682574085,9.13053876645759,0.9862840363784359,-0.15970367422335746,0.04120257475525557,0.006394048651504987,4.923743171249959,-1.37915686172855,0.2557433766426374,0.0,0.0,0.0
1748026091.4454107,249.07570421828967,-105.43027265472112,9.167386115548984,0.9861453134255626,-0.16039021745800075,0.04172359619832584,0.0071791693707215715,4.921122387316502,-1.3324635606729198,0.2508489595497268,0.0,0.0,0.0
1748026091.5610821,249.69694974205035,-105.59420587091944,9.200764552619747,0.9861440660842402,-0.16007197866281553,0.04276842503376822,0.008228267979596145,4.91286633946685,-1.2738981169324366,0.24519644391121417,0.0,0.0,0.0
1748026091.6773307,250.38459682941166,-105.75826170492918,9.239753993812299,0.9861381028050322,-0.15995049892091093,0.043008765118267636,0.009885656986013043,4.958547459936846,-1.2483120405656463,0.24258874879951378,0.0,0.0,0.0
1748026091.8601768,250.95093691765237,-105.91611731597219,9.271816053490753,0.9861683466218163,-0.15943017280821575,0.044202649346809765,0.010006893137169787,4.8700652251657335,-1.202640104402672,0.19122062346533292,0.0,0.0,0.0
1748026091.980805,251.6722336613639,-106.08328592131006,9.308186288590766,0.9863647706692248,-0.158310389170206,0.043706903110638844,0.010586145847424722,4.925609451519099,-1.1778556586002378,0.1862490564300205,0.0,0.0,0.0
1748026092.0646117,252.33299271614388,-106.23827044120216,9.339073601337452,0.9864685726208682,-0.15795640388565033,0.04266126964124786,0.010466411775629281,4.933701010305304,-1.1138522874770809,0.18546406848455105,0.0,0.0,0.0
1748026092.2425766,253.0141231642404,-106.38691623759145,9.368035730647,0.986745493006351,-0.15661893938436636,0.04135692572678979,0.009666672240147167,4.956899519398778,-1.0928717486902932,0.14473791630150634,0.0,0.0,0.0
1748026092.4001026,253.56868338444838,-106.5057071624606,9.38673185328499,0.9869607113641267,-0.15547435932495765,0.04128863867690604,0.005614813649542516,4.864211244447969,-1.0485724180509046,0.13818378541244158,0.0,0.0,0.0
1748026092.5503228,254.29941584059222,-106.65436240487612,9.426801664134715,0.9870476303976844,-0.15530168721621854,0.04016949691362374,0.0021846720162663215,4.929718558578298,-1.0616576102520736,0.15664742258361108,0.0,0.0,0.0
1748026092.671655,254.91990227088857,-106.79685407173432,9.458380827846074,0.987059127753301,-0.15523916628249682,0.04018779399355731,0.0001441691347209388,4.901477630043759,-1.101784945581943,0.21466533747289368,0.0,0.0,0.0
1748026092.7883441,255.59854672951835,-106.95206115231294,9.502474057928653,0.9870499688506947,-0.15540479695321358,0.03976078419922234,-0.0008877587712602057,4.901237944366109,-1.1430640263587362,0.2779795408123547,0.0,0.0,0.0
1748026092.9011827,256.22933895861183,-107.10883346871921,9.55014412733639,0.9870476989103941,-0.15563840185484365,0.038902450516721275,0.0003567738225029745,4.8548977022187145,-1.1962149574038528,0.3120343678164791,0.0,0.0,0.0
1748026093.0377192,256.88304325861606,-107.26881035613417,9.600992845202866,0.9868692925981256,-0.15665418360644706,0.03919590516398531,0.0034852695518187036,4.877717352392685,-1.1962241083315235,0.36239429868043815,0.0,0.0,0.0
1748026093.165709,257.6177024728427,-107.4362178330692,9.651840456419801,0.9867029188315681,-0.15777343419987933,0.03894120566154,0.0029113453360669213,4.949292062600782,-1.2064268028954022,0.3553820386082495,0.0,0.0,0.0
1748026093.2936602,258.27179287188335,-107.59409606556063,9.695860994495794,0.9861567442301536,-0.16131409862137663,0.038324812330236074,0.001961161698662469,4.943174138904578,-1.198252257793948,0.3363456792076283,0.0,0.0,0.0
1748026093.4504654,258.96260156838383,-107.75608595037804,9.739981745650859,0.9856236480229441,-0.1641228335779647,0.040118664138462906,-0.00046124183298017684,4.984985171685176,-1.2458076825061037,0.3343730484161313,0.0,0.0,0.0
1748026093.545981,259.5589539948541,-107.91343671685009,9.786650955028726,0.9850370557772464,-0.1674538219124401,0.040730303684418045,-0.0015028753726648682,4.941167138612296,-1.2567324633565204,0.33463354756308933,0.0,0.0,0.0
1748026093.6937318,260.24009423018134,-108.09140365457974,9.834431199567216,0.9843473312191062,-0.17153613481874108,0.04040605098273877,-0.0017427040053413442,4.937872604836933,-1.3068437713682421,0.32462558769464606,0.0,0.0,0.0
1748026093.8314188,260.94317098103755,-108.27349905895123,9.886827884686944,0.9838781821918012,-0.17419127267126508,0.04043427189465957,-0.0024885313883107668,4.964786129715505,-1.329067796580524,0.3182893860155637,0.0,0.0,0.0
1748026094.0013647,261.6121535583676,-108.45142894985139,9.932442164005,0.9833355497531986,-0.17733712743374913,0.04003282104938905,-0.00033624983038866907,4.989534895476774,-1.3368413906319732,0.32205130527158593,0.0,0.0,0.0
1748026094.1135778,262.2743184710006,-108.62990324123682,9.973409072648108,0.9827910928019895,-0.18034074822019758,0.03997267001995425,0.0010334853295356763,4.985341075185357,-1.3482435006668707,0.3211008954285775,0.0,0.0,0.0
1748026094.2619355,262.9884274188479,-108.8104778767802,10.010738440361237,0.9823042436377994,-0.18333307320747433,0.038305771865419,0.00015824433045675372,5.033241030777043,-1.3551498583196275,0.26164522507143034,0.0,0.0,0.0
1748026094.3814719,263.60490350337875,-108.98132292576537,10.037312777153133,0.9818759849498829,-0.185707475011214,0.03783194128227506,-0.0010139637425505977,5.0187723170873735,-1.343885552404908,0.22795055570453387,0.0,0.0,0.0
1748026094.4945629,264.3332396723959,-109.16619593650147,10.060540174677863,0.9812202147445809,-0.1894650943907164,0.036152857026764594,-0.0016849667409032446,5.084245434438847,-1.3855560536910838,0.18945750145341736,0.0,0.0,0.0
1748026094.6475353,264.93907761549355,-109.33865036967438,10.076852673110682,0.9809483607866897,-0.19101320240450975,0.03522605179011222,-0.003659952507984481,5.0127421685172315,-1.3991688510743876,0.15039834166484967,0.0,0.0,0.0
1748026094.7602053,265.60100720504795,-109.51402896220182,10.101039124340645,0.9803680197607556,-0.1940563260553246,0.03467274608070285,-0.0042998636614706145,5.016931613397706,-1.3680050168268647,0.16636744585825997,0.0,0.0,0.0
1748026094.903654,266.3461991030996,-109.71347683180653,10.125546164397102,0.9798848668478316,-0.1966231263619369,0.03360309371027904,-0.005985482049373501,5.093413793053251,-1.422984295323517,0.16565421626135798,0.0,0.0,0.0
1748026095.0157988,267.0132758429127,-109.89305082232642,10.14973979269708,0.9794233700511011,-0.19885279615108511,0.03390968411693024,-0.006128701634838992,5.118831057208811,-1.3974942286670669,0.17321382285793943,0.0,0.0,0.0
1748026095.158019,267.73777543195496,-110.09058646719284,10.172298010651382,0.9790905416119331,-0.20061432210857116,0.03310010303954168,-0.00632362789398873,5.1634633218850015,-1.4453636583611194,0.15834672981136155,0.0,0.0,0.0
1748026095.306526,268.40011287820715,-110.28146431430964,10.195016547548187,0.978838848467812,-0.20167306645258298,0.03411481849867613,-0.006217890045833537,5.154428579081712,-1.469924713029382,0.15949855869878735,0.0,0.0,0.0
1748026095.4189498,269.0252448678891,-110.46832579966045,10.21534169697977,0.9784702659562328,-0.20347081776332984,0.03412310223951775,-0.005583802630146935,5.126725617922336,-1.4632018658356125,0.16908397634613317,0.0,0.0,0.0
1748026095.5513313,269.73122623675937,-110.65660976690636,10.235670059170038,0.9783487507697515,-0.20409326808996817,0.034128631685962266,-0.0038595708138571996,5.183040498031325,-1.4928811423290715,0.15753123944282274,0.0,0.0,0.0
1748026095.6881797,270.4538361186004,-110.8645440278098,10.255476595733919,0.9782619127270258,-0.2044972212086498,0.034251703200056334,-0.0033671135259885953,5.195003483642639,-1.483136072033556,0.14548400355410168,0.0,0.0,0.0
1748026095.8468144,271.1144858082624,-111.05306769855561,10.27100488746923,0.9780816016597964,-0.20509308328534223,0.035854205257412466,-0.0027719394795968065,5.202177343195287,-1.5093325416860153,0.12764578844784172,0.0,0.0,0.0
1748026095.987887,271.77816788089126,-111.25464189857166,10.288231503111513,0.9777650707843122,-0.20650563594580218,0.03647240479061825,-0.0008076914993868107,5.172867974584921,-1.5588510098901818,0.11462768823483566,0.0,0.0,0.0
1748026096.1080956,272.445675170378,-111.46496155280433,10.293368903527202,0.9775591665408688,-0.2076116033249833,0.03570262118225656,-0.0009060449592125369,5.174257296558273,-1.6228119119703999,0.06092656446488956,0.0,0.0,0.0
1748026096.232432,273.04066031325107,-111.67577544289144,10.291467982284791,0.9770679597392826,-0.2098271969756811,0.036190025133610824,0.0010156481048621817,5.074689959295191,-1.6649789675124582,0.05914978970055646,0.0,0.0,0.0
1748026096.3437839,273.71491958513866,-111.89884516602976,10.297426575068137,0.9761371422386829,-0.21425850620066314,0.03518146722123965,0.003440410864818106,5.080395754565697,-1.7109599830305842,0.08461348672416084,0.0,0.0,0.0
1748026096.497193,274.4013009440644,-112.12802183346787,10.30084586633865,0.97496840594472,-0.21945328712701756,0.03563788929416417,0.0026082609945001223,5.111741778557944,-1.721058337109426,0.0938058652771017,0.0,0.0,0.0
1748026096.6585107,275.0837678920774,-112.35850770431624,10.311948992948965,0.9740119795880283,-0.2235648926946311,0.036288087739352215,0.0016053229174565933,5.092422394022967,-1.7484740653743365,0.10884048721308501,0.0,0.0,0.0
1748026096.7769737,275.78460970953546,-112.5902099005364,10.325804253077482,0.972406650764245,-0.23027003389723855,0.03742760420038517,-0.00043758684584776917,5.117523807533647,-1.777139048801174,0.1140744398379073,0.0,0.0,0.0
1748026096.8930678,276.43966403117383,-112.81998741221304,10.342863457012976,0.9709718073309295,-0.23613036406247193,0.038099106924919295,-0.0021583761850881207,5.108940211898115,-1.7673647740525766,0.13219780435673967,0.0,0.0,0.0
1748026097.0356188,277.08082233674634,-113.04440145122061,10.364445045896886,0.9697336769018334,-0.24096627224569722,0.03925022075306456,-0.003357334254856104,5.069695709884817,-1.7575489818679648,0.13941444482308943,0.0,0.0,0.0
1748026097.148297,277.800618144733,-113.27386532884434,10.38987471155026,0.9688128987881749,-0.2444962260495463,0.039942170122658924,-0.005271208122968712,5.139283065253884,-1.6994583301197996,0.1858905360814231,0.0,0.0,0.0
1748026097.2789915,278.4575227793695,-113.49627125943402,10.419427119979202,0.9682996060784306,-0.2462828177327611,0.041319692442697176,-0.005773177150300372,5.14265234709968,-1.6813313419491092,0.25089195140027143,0.0,0.0,0.0
1748026097.4286091,279.2826051048514,-113.75528723342441,10.450460890314064,0.9676687678892727,-0.2486402969887342,0.04191683798153794,-0.006175520920579022,5.232031410449973,-1.7657105445353534,0.22685158117315793,0.0,0.0,0.0
1748026097.562261,279.9488778029233,-113.98447562025574,10.476454743735548,0.9672320613891335,-0.2500490591615933,0.04347984844270625,-0.006863687983064821,5.220680163721019,-1.793523805912517,0.18497757561135444,0.0,0.0,0.0
1748026097.7092345,280.6116269082767,-114.22465739429684,10.499373924975384,0.9670928359090937,-0.2506743885690677,0.04279666466044518,-0.007889432347922594,5.162202690355236,-1.8232619428209886,0.1492347578851666,0.0,0.0,0.0
1748026097.8362737,281.3149706596073,-114.48243724166014,10.52253917638091,0.9665009128258626,-0.25295057029500806,0.04299587414888948,-0.006584018558407963,5.164832538071071,-1.9098481870868675,0.14963459243867222,0.0,0.0,0.0
1748026097.9642935,281.8956264249237,-114.7319287717581,10.549112354874136,0.9656918417034304,-0.2561705874425704,0.042207807028438106,-0.005864982746411578,5.021905764214043,-1.9994526900845788,0.1759700952923736,0.0,0.0,0.0
1748026098.1186771,282.6340668631119,-115.0055851737094,10.582538765903719,0.9646848654546974,-0.26007849392080595,0.04146527566915783,-0.004787303648037258,5.060554562460365,-2.0628523847168108,0.21979743556996933,0.0,0.0,0.0
1748026098.3037515,283.2520725940458,-115.2853270417812,10.616600653489181,0.9637507495578179,-0.26362697397152723,0.040870825343548384,-0.0038583619707137566,5.009911464466526,-2.1186398295098834,0.2697082988568267,0.0,0.0,0.0
1748026098.4137132,283.8997296263541,-115.57024596263561,10.664664615534033,0.9622301602784543,-0.26902691552862723,0.041614175125513485,-0.002428538712100125,4.973813133342309,-2.1570348154542356,0.33584563728888717,0.0,0.0,0.0
1748026098.5464377,284.63106702645985,-115.86130409271928,10.71620321405158,0.9606311092837052,-0.2745366604503535,0.04253488661102857,-0.0028770412079792453,5.0193817428601495,-2.169073971133202,0.3808102613117581,0.0,0.0,0.0
1748026098.6521792,285.21345034045635,-116.14308407117835,10.77236672896382,0.958999203700383,-0.2798868759322699,0.044313534105105544,-0.004491623094285677,4.939161110517305,-2.214016202449312,0.40096657628164667,0.0,0.0,0.0
1748026098.7592916,285.89319399445475,-116.44709324672793,10.831401017207682,0.9564960470153877,-0.28804753007015643,0.04607619823099891,-0.00457344738650006,4.926412800974992,-2.283184063582577,0.4209546828817581,0.0,0.0,0.0
1748026098.913976,286.57724265665985,-116.75730756904414,10.88841957945842,0.9544489660751742,-0.2945054924083078,0.04750349859412113,-0.006091282351824469,4.92807691112148,-2.3028821924612166,0.42203219279950294,0.0,0.0,0.0
1748026099.0269234,287.2570323295963,-117.07062168157168,10.944822388798785,0.952775782992454,-0.29965368614146043,0.0486637579492592,-0.007603577263850359,4.915911265434196,-2.3394215611907745,0.4155724133476392,0.0,0.0,0.0
1748026099.1527429,287.8465055245966,-117.36617379180939,11.000038448261439,0.9504616873102496,-0.30663556286138877,0.05022130990385968,-0.008662134585250192,4.82299022719026,-2.3527543962812993,0.3865371275857113,0.0,0.0,0.0
1748026099.2962785,288.5436297116927,-117.69283518371121,11.056951502243457,0.9482914728503808,-0.3131425524687044,0.05070538076830875,-0.010676549713316361,4.85312389687139,-2.4067578270367522,0.41084342088114656,0.0,0.0,0.0
1748026099.4559462,289.20591520844937,-118.02019892137716,11.11535662415463,0.9462621542964528,-0.31901580766111703,0.051261615523312154,-0.013751239307846804,4.828862843631162,-2.4452569336069816,0.4314014497764577,0.0,0.0,0.0
1748026099.5624628,289.8014319389735,-118.33276166492426,11.171486010660608,0.9439850968230797,-0.3254888052085298,0.05177820679464333,-0.016376567435696026,4.707178656710806,-2.485070417365664,0.42246407184397733,0.0,0.0,0.0
1748026099.7144372,290.4747646952397,-118.68764065812091,11.23352390153056,0.9418584599514985,-0.33139652626403626,0.05208168220127148,-0.019143724219891724,4.658302178664452,-2.5969635822633355,0.42338906971407503,0.0,0.0,0.0
1748026099.8332167,291.04105980906326,-119.02250602427883,11.285475747161708,0.9398445239589539,-0.33743227648526114,0.04982550672059922,-0.018685514453101848,4.5736598935492205,-2.6746672557051863,0.4032294934850909,0.0,0.0,0.0
1748026099.9537625,291.6857473536227,-119.40191973083606,11.340499537322891,0.9377893570237297,-0.3434044665275643,0.048226642998792126,-0.017282509279786206,4.53311103918803,-2.7586689919258647,0.3961059417149751,0.0,0.0,0.0
1748026100.106328,292.300092604458,-119.78236634571051,11.389746963432883,0.9356996434929343,-0.3494484150360374,0.04657221713799017,-0.013528155337992861,4.483858170440533,-2.863959196415917,0.4155322762612104,0.0,0.0,0.0
1748026100.2494168,292.9032199370152,-120.171916791618,11.441105153051067,0.9334572149701336,-0.3557316139925072,0.04495395966012959,-0.009580612577666368,4.44566990263391,-2.9494099913605956,0.43960335598956435,0.0,0.0,0.0
1748026100.3602958,293.435005379231,-120.54841754094642,11.490070185924829,0.9309482040955183,-0.3624423380272049,0.04388845340570207,-0.006693022811726945,4.369647987362453,-2.973192870843947,0.45390966956700723,0.0,0.0,0.0
1748026100.5041986,294.0528514443731,-120.95506509748557,11.552842172412799,0.9283211635580695,-0.36901549556540164,0.0448149753980296,-0.006244942184450737,4.368744152441967,-3.017231885225232,0.47258773513506885,0.0,0.0,0.0
1748026100.610075,294.7125209556779,-121.39377023583982,11.621802152081267,0.925805417067745,-0.37518973023712554,0.045645284977244384,-0.005788265021409538,4.379927729234662,-3.1059958281192803,0.5168281469908151,0.0,0.0,0.0
1748026100.8312538,295.2666130921935,-121.78939762530892,11.68187184372532,0.9225010760132096,-0.38307177594313707,0.04712532936012702,-0.0051944742699246435,4.3477790615185485,-3.1430989019384366,0.5264859269078241,0.0,0.0,0.0
1748026100.9187665,295.86346651451515,-122.21720986996215,11.74814420072883,0.9194747428830855,-0.3901963981222386,0.04795106995172114,-0.0036963472510695324,4.271223087727825,-3.1890412100712795,0.5069260879352291,0.0,0.0,0.0
1748026101.0375972,296.504369820113,-122.67056203843696,11.809002855549059,0.9163464781520788,-0.39748481690552995,0.04809729818449975,-0.0012657864000094508,4.298876400680397,-3.2659363141361384,0.45050471944491594,0.0,0.0,0.0
1748026101.1458282,297.0682968270015,-123.11404693642059,11.857099118219303,0.9137240585901575,-0.4034958999958265,0.047946949045747325,0.000702507859779698,4.25781026223076,-3.32280792982303,0.36146412093237335,0.0,0.0,0.0
1748026101.2828128,297.63636699233354,-123.5591518652715,11.892918642376431,0.9111301606095835,-0.40957425666559166,0.04563862496073407,0.002806174633933354,4.271697535231386,-3.3113204268384644,0.2972272896502188,0.0,0.0,0.0
1748026101.4133513,298.1511314201353,-123.980270437067,11.928782753426722,0.9085927493982321,-0.415061411514397,0.04658659496235482,0.0035957728586962262,4.194627210697132,-3.302545537987124,0.2582346526590283,0.0,0.0,0.0
1748026101.5530365,298.743663618558,-124.4388538019697,11.957609985181142,0.9059959384734991,-0.4208615245928455,0.04510039184067243,0.0035904376790523193,4.228054854511797,-3.3165974490632286,0.2214371724948495,0.0,0.0,0.0
1748026101.6871858,299.32699848161263,-124.89298234609055,11.978310939510745,0.9037287312181101,-0.4256663284701865,0.045610556514025374,0.0014947615519902953,4.251280093645754,-3.3332517955864134,0.17771069860671457,0.0,0.0,0.0
1748026101.8151667,299.88386060280385,-125.3427873520776,11.996964346073435,0.9014985973249865,-0.4304278829438558,0.04507692285424716,-0.00043316456957444754,4.186195111716515,-3.3677497448920173,0.1328155996074176,0.0,0.0,0.0
1748026101.9742684,300.35369659017493,-125.75876276301632,12.00722393410339,0.8991470546414897,-0.4352166773910473,0.046039239748528187,-0.001185855644009962,4.060319065311782,-3.3981492693504713,0.0890083773554551,0.0,0.0,0.0
1748026102.0902474,300.90432159700384,-126.21559365954943,12.021535338622835,0.8972387824318632,-0.43920619764101326,0.045348783340463335,-0.0019927627683344507,4.039914951572554,-3.430161162794866,0.06348662979406773,0.0,0.0,0.0
1748026102.2065089,301.4242400260474,-126.67975419597943,12.034873654475586,0.8955023690629544,-0.44284003699354224,0.04431885747986006,-0.0020118424078502204,3.982178783528563,-3.513640980434178,0.027008297021705062,0.0,0.0,0.0
1748026102.380397,301.9473639386339,-127.1506867168688,12.04707073618683,0.8935450431691361,-0.44679276822219965,0.04419196962633597,-0.0007402112911572521,3.9249698348347044,-3.5328397604493444,0.04913147474853331,0.0,0.0,0.0
1748026102.495621,302.50272435362626,-127.64679185923414,12.067791925483599,0.8910188674546097,-0.45175447089691634,0.04475636187076015,0.0003793898331933566,3.911716920197463,-3.5999715742262475,0.0642132480217711,0.0,0.0,0.0
1748026102.6000903,303.04076765518346,-128.14351076329655,12.082571639671723,0.8885253021171793,-0.4566952822190026,0.044173871864742566,0.000935810321775226,3.8895574306867475,-3.6492035853139235,0.05894449164266128,0.0,0.0,0.0
1748026102.785316,303.58117731184575,-128.65582023225042,12.10468035099435,0.8857575167966516,-0.4620503842681156,0.04407738735995015,0.0004977543944255165,3.8490456473354,-3.710738101332047,0.052394893130492046,0.0,0.0,0.0
1748026102.9139771,304.0237239002416,-129.1144071219157,12.111913967539497,0.8823990500933376,-0.46832760828839815,0.045174601255619576,0.0006504695535811003,3.7275983907288976,-3.697853313691026,0.044844162160654864,0.0,0.0,0.0
1748026103.0710351,304.56943275718197,-129.64614561645607,12.12382083492115,0.8789745518997774,-0.4746637093638012,0.04576575857998955,-0.0018961717171050692,3.7037973195340994,-3.7881141948985353,0.01934026730835635,0.0,0.0,0.0
1748026103.2052875,305.07694255166996,-130.16287807020083,12.128389749296971,0.8749265066053706,-0.48204672885957806,0.04608099304476934,-0.0033318636093047464,3.6684537910714377,-3.851968371856239,0.00797037655014948,0.0,0.0,0.0
1748026103.3190753,305.59709727620697,-130.7060212028577,12.133582244607108,0.8710544208575625,-0.4889382348311344,0.0466300067588608,-0.005407485032776561,3.6260189092297526,-3.9155490176585146,0.009708754963658197,0.0,0.0,0.0
1748026103.562196,306.1095568737405,-131.25782127740757,12.137153942147084,0.8672118798090611,-0.4956432635825856,0.04738810078410705,-0.005973163928239394,3.603581461932708,-3.966641987488507,-0.0056781495560355895,0.0,0.0,0.0
1748026103.6925442,306.61783800109544,-131.81095122801244,12.13908706892784,0.8638482919483297,-0.5013983308046093,0.04803203132770736,-0.007665920090847531,3.603861476326583,-4.029568280493316,0.0027113710009840026,0.0,0.0,0.0
1748026103.8314319,307.07873492768226,-132.3486467300939,12.145540486019271,0.8609442006622129,-0.5063092719185082,0.04849390746680071,-0.008622380996856903,3.53836975870087,-4.041968926362806,0.015347404438270916,0.0,0.0,0.0
1748026103.963916,307.560360712047,-132.89285736412165,12.151035115170885,0.8587726024139992,-0.5098887190506964,0.049173476508382614,-0.010250889522714869,3.5031221625677085,-4.085157838464286,0.04827811769396502,0.0,0.0,0.0
1748026104.047972,308.0077436866915,-133.43394267415582,12.163437871459262,0.8557984967259006,-0.5146984783001892,0.05077753383744782,-0.010772719923281635,3.427858168422679,-4.12958145087527,0.0631365246917035,0.0,0.0,0.0
1748026104.165206,308.54245990023384,-134.04989411802728,12.174141788893236,0.8535409097655408,-0.5183678702729758,0.051173788063412974,-0.011996242766518254,3.420818577151473,-4.241703862523176,0.10027982910061169,0.0,0.0,0.0
1748026104.2792857,308.9397665518757,-134.58192026274955,12.192112600461144,0.850903311493473,-0.5226412561579757,0.051702860881422,-0.011682723472352762,3.2913912780312495,-4.262304348838079,0.12919946458162987,0.0,0.0,0.0
1748026104.4241407,309.4019157478748,-135.18917264886784,12.214045890724071,0.8483103941564836,-0.5266476832925915,0.05377241558093113,-0.0109644959395932,3.164577432385619,-4.3796068486069135,0.13301607930351408,0.0,0.0,0.0
1748026104.5433736,309.7902530522163,-135.75736495870385,12.240799197076578,0.8452996933061764,-0.531560892179846,0.05318851233795388,-0.009079017387665525,3.033481939005706,-4.456087010342319,0.15362958563606335,0.0,0.0,0.0
1748026104.6621275,310.22484614189716,-136.4101488756852,12.272327430352524,0.8420137649881883,-0.536886733707094,0.05215037475895688,-0.006767063783088888,2.9168996126542845,-4.542924057994968,0.18510095521257908,0.0,0.0,0.0
1748026104.8031569,310.58738071317265,-136.98624025316937,12.294985331662598,0.8384267716835112,-0.5426361736053193,0.050730461744371264,-0.0035988707320593347,2.8213892705316437,-4.5711990264394595,0.18332416703615337,0.0,0.0,0.0
1748026105.1223655,310.9132431887839,-137.55237012089546,12.32169015814041,0.8347744493500273,-0.5483435582602934,0.04969041911008204,-0.0013502131177759295,2.7131215100981647,-4.589689862262665,0.20544160316940466,0.0,0.0,0.0
1748026105.2043312,311.26534858587775,-138.18923917149255,12.35761384590134,0.8313587543254388,-0.5536669322637324,0.04789375126094415,0.001318451469411026,2.6293596160862824,-4.667396823991283,0.220429582724124,0.0,0.0,0.0
1748026105.3044856,311.5689178775786,-138.77244671181907,12.38733550506712,0.8268128254862491,-0.5606488405211617,0.04508277257734819,0.0045796124794104665,2.5628708456425637,-4.645288849871052,0.22054196970376175,0.0,0.0,0.0
1748026105.4339426,311.95820159924074,-139.4503570528104,12.422897837047403,0.8225921545461644,-0.5668106933189044,0.04499183314341625,0.006596981797539405,2.5542760692695867,-4.722649020207638,0.24277236147354822,0.0,0.0,0.0
1748026105.5594125,312.2545659457337,-140.03230706455068,12.460306505910992,0.8182447418557736,-0.5730524365377689,0.0450099518295839,0.007781493417288944,2.4949759979053723,-4.709653744970148,0.2715034896974432,0.0,0.0,0.0
1748026105.6622176,312.59042021211593,-140.6683195955598,12.499334595180395,0.8144358785430823,-0.5783638109114334,0.04603137509754866,0.0084032420166474,2.489639822697543,-4.7262248903956765,0.26411136807044294,0.0,0.0,0.0
1748026105.789751,312.9148878083306,-141.2895378686011,12.533494672291752,0.8106918587373673,-0.5835592588036861,0.04627159490857348,0.009810257186331519,2.4919962947936924,-4.713537687255191,0.23920202910622007,0.0,0.0,0.0
1748026105.9507499,313.27004798191797,-141.94842556116342,12.5625134780732,0.8077909120281581,-0.5875195358864611,0.04684666578895018,0.01000136495346831,2.5095741177972193,-4.741639666825831,0.2139463183376607,0.0,0.0,0.0
1748026106.0777173,313.58966877134907,-142.56388370225588,12.592394691582518,0.805924373885424,-0.5899863268458152,0.04797407219711965,0.010026270951648498,2.5053507724340185,-4.729321557547022,0.195072531648874,0.0,0.0,0.0
1748026106.19351,313.91424781612506,-143.19511791180113,12.613881721531225,0.8047703600398987,-0.5915972964035527,0.047846772548314556,0.008245777462963103,2.49630679108865,-4.72422399607204,0.1866820685036734,0.0,0.0,0.0
1748026106.3080666,314.29486272266956,-143.88661224418172,12.634953587854994,0.8036815614203323,-0.59306055033952,0.04802680868062677,0.00827992221684673,2.5142057445816417,-4.780336210434057,0.17410488083613235,0.0,0.0,0.0
1748026106.4149115,314.5995897658857,-144.5111920448853,12.655219310621737,0.8025590690221338,-0.5946002065582026,0.048047730377093686,0.006399273152389852,2.4090015857927534,-4.815028739881708,0.16496337302140987,0.0,0.0,0.0
1748026106.5293372,314.8573009031025,-145.09298746621388,12.670477312656065,0.8018591258895725,-0.595531192370845,0.048234064175144344,0.006165727379520174,2.2922823315906253,-4.82447377773378,0.16542925216213455,0.0,0.0,0.0
1748026106.666753,315.17646321772725,-145.75992035220398,12.69531746014646,0.8001018942201924,-0.5979458367136502,0.04759689782521858,0.00568071645908759,2.203512707094072,-4.855977518504304,0.14192064910506527,0.0,0.0,0.0
1748026106.7853827,315.4329566131129,-146.37801498289699,12.715902325781725,0.7975835855444389,-0.601316572998806,0.047258606023734794,0.0067399750549856875,2.079202412981805,-4.877618267630225,0.13935581262171956,0.0,0.0,0.0
1748026106.9213123,315.735501844651,-147.0847722176306,12.736189299352686,0.7948036878354355,-0.605050171863226,0.04619010944799922,0.008237786150067485,2.0165617240988802,-4.954855694355793,0.12588061443652857,0.0,0.0,0.0
1748026107.049391,315.9735050009133,-147.71163161795403,12.753153239211256,0.7917644043164394,-0.6091184747530937,0.044853924468429875,0.008481581909006275,1.9530640453988695,-4.96114471842527,0.13256644096172998,0.0,0.0,0.0
1748026107.1646316,316.239348395268,-148.38327828675529,12.769703541547234,0.7882963017313886,-0.6136487796580792,0.04383055824154612,0.010148796234041059,1.9506000340655154,-4.959997483632255,0.15118001292511682,0.0,0.0,0.0
1748026107.320294,316.5126178030805,-149.05981857077998,12.786316806294627,0.7862842018632515,-0.6162565317249878,0.04329853278544463,0.010501336352399627,2.0073711067414353,-4.986369027936963,0.15184342595454983,0.0,0.0,0.0
1748026107.4369226,316.8034711453048,-149.76577902534342,12.804895982031653,0.7854072745894043,-0.617387407715749,0.04319187670332196,0.01013230491629804,2.0559175840571644,-5.027893788316822,0.15261522144471987,0.0,0.0,0.0
1748026107.6169033,317.0466347388516,-150.39208509922238,12.818787716332515,0.7855283931335573,-0.6172242768931495,0.04337284134852365,0.009906171212731945,2.090363886621797,-5.004498507270614,0.11517201898766766,0.0,0.0,0.0
1748026107.7378013,317.3859336262645,-151.1632882051932,12.831840875053878,0.7861778054407763,-0.6163577184493384,0.04397426656702992,0.009689428267076102,2.0740383382010728,-5.100027593472648,0.05336164729833021,0.0,0.0,0.0
1748026107.8521492,317.6168346333954,-151.77940212058638,12.838917100797827,0.7869554898923989,-0.6153072460410799,0.04478224020279645,0.00962293406272087,1.9788772516293307,-5.114092999359353,0.03943864577739295,0.0,0.0,0.0
1748026107.9657753,317.90527929533096,-152.5265372447824,12.847153843789474,0.7873344966715785,-0.6148296528414705,0.044555616010921555,0.010182603774876791,1.8660958960659235,-5.216179426407934,0.016112420291247067,0.0,0.0,0.0
1748026108.145803,318.15261413206474,-153.24209747479816,12.853448067865042,0.7859049751459029,-0.6167278890949464,0.04302412954758848,0.012206765750259377,1.8059989891163433,-5.25082265613157,0.00465886741658163,0.0,0.0,0.0
1748026108.3071032,318.345974070166,-153.89414352316155,12.860603793696198,0.7840900764023775,-0.6190276243282741,0.042443272315148745,0.014356916137849021,1.6461993239360724,-5.258104470166699,0.0033270744329582493,0.0,0.0,0.0
1748026108.4259746,318.5885684971267,-154.6495356762936,12.863112043703136,0.781323598040077,-0.6226246502083236,0.039947333859273716,0.016618983609320324,1.6529074557016064,-5.332664291611219,-0.012624390342132278,0.0,0.0,0.0
1748026108.5133545,318.7911279576281,-155.33510391784674,12.866352598262866,0.7798865364887567,-0.6245046071752517,0.0381186239631113,0.017831329945199825,1.6615447247351203,-5.327695553720158,-0.031963810450420085,0.0,0.0,0.0
1748026108.623129,319.02525847434873,-156.06837560761295,12.872548017222023,0.7779027143653884,-0.627008123436688,0.03677112124427741,0.019392389481515247,1.7279614539237405,-5.352601770948444,-0.0036478393868926025,0.0,0.0,0.0
1748026108.7500598,319.26327056889284,-156.79258110074937,12.884517834305719,0.7770036512502292,-0.6281197053835814,0.037147775698988826,0.018735111776361547,1.8083372001893603,-5.353275797823281,0.01894584509355996,0.0,0.0,0.0
1748026108.9052339,319.4913089575944,-157.50190928446662,12.90493036591539,0.7771751873710913,-0.6279155916469201,0.037955052302265,0.016737738979320026,1.847444444077472,-5.349581071683,0.03588755458666541,0.0,0.0,0.0
1748026109.0276854,319.7375092648891,-158.21136817491563,12.922930595124685,0.7781084947841532,-0.6267523218387219,0.03899097604516385,0.014436107562506241,1.8453350783179516,-5.353894719426615,0.05392306102683551,0.0,0.0,0.0
1748026109.1445951,319.98356699627885,-158.9409348201136,12.946045910421045,0.7787798890768103,-0.6257856234609669,0.04144106030993475,0.013299487188173989,1.806963316910458,-5.383635217019307,0.09788432941198602,0.0,0.0,0.0
1748026109.2991507,320.2209683288073,-159.6736580002449,12.96717014246512,0.77987927974779,-0.624368852559956,0.04290970230126361,0.010516768583989767,1.715202043083556,-5.430085590584267,0.11073438550323383,0.0,0.0,0.0
1748026109.4416685,320.4360243122978,-160.40064344353658,12.994443694004161,0.7798122889048804,-0.6244393092383649,0.04334450738574253,0.009465560222851522,1.6275763863510024,-5.457792206686646,0.15375828973701341,0.0,0.0,0.0
1748026109.5961294,320.6753325955659,-161.17770356450404,13.018531063238989,0.7789575774131056,-0.625506127820675,0.04328862440914513,0.009657724693481026,1.6055183153591204,-5.537185616080396,0.18770848081641758,0.0,0.0,0.0
1748026109.6975248,320.86764885248016,-161.89594409288233,13.045689284241018,0.7783479668148973,-0.6262111573456794,0.04412548845411486,0.00932578359099583,1.4882391780900508,-5.565142933785785,0.20715208338695665,0.0,0.0,0.0
1748026109.853908,321.0735501757104,-162.6569779344281,13.070771589322975,0.7775246684483805,-0.6272248322703419,0.04412807217551823,0.009854592013359623,1.4666815054172697,-5.627350316412041,0.22764284746488248,0.0,0.0,0.0
1748026109.9900188,321.28564729532684,-163.45218678183335,13.09504598207248,0.7770603813804534,-0.6277665848353166,0.0443162335991103,0.011061197614036738,1.452906024986362,-5.683254604660524,0.2173322077540563,0.0,0.0,0.0
1748026110.0908554,321.459791595008,-164.19215796211867,13.124004061455361,0.7763626313365272,-0.6285555273412105,0.04481050510362884,0.013077933529197965,1.4056163495740954,-5.703784999413423,0.22425738962260622,0.0,0.0,0.0
1748026110.215005,321.6512851524803,-164.98098313706348,13.14996840894,0.7761484850098577,-0.6287825170119906,0.04442769820941692,0.015882542264434057,1.367618136951415,-5.761126960141937,0.19648393006321643,0.0,0.0,0.0
1748026110.3541243,321.8239710887062,-165.73547877209157,13.17600191351237,0.7763803299361355,-0.628457326163468,0.043899018285973826,0.018650701682501762,1.3616017233278659,-5.763147559647793,0.22156372206858863,0.0,0.0,0.0
1748026110.4739664,321.98737786623434,-166.47140031948206,13.204898237262729,0.7765802284609133,-0.6282394423310135,0.042132265215656,0.021522641357657482,1.3342903530639456,-5.750463680056182,0.20232445360924628,0.0,0.0,0.0
1748026110.6209793,322.16696953268854,-167.25904836935698,13.228811126062658,0.7766402263111891,-0.6281933977816726,0.0402016483016182,0.0242248082067822,1.3316442572754479,-5.785471323635568,0.2144700121856308,0.0,0.0,0.0
1748026110.7565901,322.34857511424167,-168.06030035422924,13.254133385147087,0.7763884382094248,-0.6285939409339136,0.03787145787269823,0.025620365229598596,1.3242834397579728,-5.839266525908352,0.1840839226193344,0.0,0.0,0.0
1748026110.880404,322.4946857955532,-168.7658083676706,13.282740394093006,0.7760280863853474,-0.628987422758387,0.03736822767986927,0.027547172503247168,1.3424158042557612,-5.785597407242853,0.19110138995116227,0.0,0.0,0.0
1748026111.0524669,322.69969010684457,-169.61433519452532,13.316205067593502,0.7760296654248673,-0.6290069443030001,0.03667777778957475,0.027981476293961114,1.3691651848574429,-5.8545051346201005,0.20642958229810843,0.0,0.0,0.0
1748026111.2023087,322.85644254127993,-170.33315460355843,13.346281184847841,0.7757767447866096,-0.6292830634404594,0.0370080780342701,0.028349082445320535,1.3826067308013528,-5.808190221738013,0.18928379732251666,0.0,0.0,0.0
1748026111.351757,323.0266885142816,-171.0955043274493,13.384825249914496,0.7759488353834868,-0.629087243720711,0.03712700865890367,0.02782498666542334,1.3925266967511056,-5.8096422092605255,0.19631747517767928,0.0,0.0,0.0
1748026111.4622214,323.2466490418276,-171.9492702879575,13.418332635214506,0.7757314625585143,-0.62940949608838,0.03696613707214855,0.026793449583114033,1.4232042398951406,-5.872210829080782,0.2149305107749006,0.0,0.0,0.0
1748026111.5959597,323.42091807314887,-172.69314501820645,13.445892437229004,0.7757733187140126,-0.6294035538494035,0.03693906020183034,0.02573771949092705,1.4353610368806793,-5.849129752383096,0.20252938022266465,0.0,0.0,0.0
1748026111.6877205,323.6180674399539,-173.48833196348653,13.468113181019392,0.7759734027584136,-0.6292125355544407,0.037020269878892405,0.024214931979555637,1.421592324268408,-5.890431893344107,0.15741311619256704,0.0,0.0,0.0
1748026111.8457544,323.81042300956443,-174.27656802392534,13.489535637330077,0.7755923396677672,-0.6297303416260562,0.03651526309263175,0.023724566286555872,1.4510341031049785,-5.918812522858446,0.14180538617182856,0.0,0.0,0.0
1748026111.9603543,324.00645622884485,-175.07081854518583,13.510124686440664,0.7753560739302114,-0.6300922552439576,0.03572446450121541,0.023031959039851932,1.451085016050613,-5.942458153633928,0.1424760909528325,0.0,0.0,0.0
1748026112.0837772,324.216357879513,-175.8955879781349,13.532857647310717,0.7756439973980442,-0.6297452813359011,0.035756871557124946,0.02277533911924945,1.4698011108563067,-5.984863223941939,0.1360121593057725,0.0,0.0,0.0
1748026112.2448466,324.3817697372128,-176.62889089397342,13.555613110953072,0.775460345815424,-0.6299650356552882,0.03579417123438672,0.022892864069358157,1.4670154939285225,-5.967101872241175,0.11276004717729579,0.0,0.0,0.0
1748026112.3606765,324.5967855930284,-177.4665085664993,13.58147236392645,0.7754870102193839,-0.6299060219491084,0.03583348295301195,0.023542769435788532,1.4978515442573306,-6.000073325948527,0.10332839890790521,0.0,0.0,0.0
1748026112.4884489,324.8123462294662,-178.3126077665567,13.60579682983192,0.7753788850344441,-0.6300332518376568,0.03537227414580758,0.024382133691783603,1.5194576461888396,-6.045458227926569,0.09597479190304244,0.0,0.0,0.0
1748026112.639197,325.01675510221713,-179.1029833105443,13.632716296760183,0.7752050007616332,-0.6302013693768008,0.03574555078605216,0.02501392469731757,1.5309896774835519,-6.056208407083721,0.12142997977365205,0.0,0.0,0.0
1748026112.8169465,325.21490954283576,-179.90066226815637,13.654751765589026,0.7747109907855343,-0.6308300784330954,0.03562683314996372,0.024637809559597948,1.5415245728362785,-6.086426376615549,0.1194422283609913,0.0,0.0,0.0
1748026112.9381564,325.4150201446918,-180.71106184831805,13.678988163675239,0.7745811371019875,-0.6310064130973483,0.03544123650632643,0.024472176664803294,1.551625456956642,-6.105247817216143,0.13774233491744753,0.0,0.0,0.0
1748026113.05385,325.6347355915989,-181.564581523913,13.700001179933848,0.7745574498305149,-0.6310612560624912,0.03520185872041897,0.024151131474699557,1.573229513107661,-6.162580706593169,0.13543834773871422,0.0,0.0,0.0
1748026113.1653256,325.8332476889718,-182.37868668648696,13.72803957862545,0.7744259673470814,-0.6312204388310321,0.03568489177272578,0.02348972540634868,1.5773671239426519,-6.185539269940994,0.12481543399031556,0.0,0.0,0.0
1748026113.2846298,326.0252183109621,-183.16691450169998,13.753668049260025,0.7744456696548541,-0.6312125581196587,0.03541022388807732,0.02346757910559678,1.5857094628857946,-6.190723375318757,0.10273307190489175,0.0,0.0,0.0
1748026113.4402113,326.2391013362669,-184.00702408092994,13.780748821580065,0.7744729562243423,-0.6311641145513156,0.03584281515830347,0.023211918949312498,1.5689135928308748,-6.225320796311119,0.10182988946970586,0.0,0.0,0.0
1748026113.5636637,326.47118458997875,-184.89211525591276,13.807686159400518,0.7741972154905065,-0.6314509545620686,0.03692953338747343,0.022903560273076263,1.6017031955174832,-6.267414068766595,0.12026381543906602,0.0,0.0,0.0
1748026113.694919,326.6911688272784,-185.74044876721086,13.836876513034719,0.7740897275836812,-0.6315714953114958,0.03758933126653903,0.02212650298528298,1.6549613665354248,-6.2875401742550485,0.16350029186712123,0.0,0.0,0.0
1748026113.8297746,326.8526535643636,-186.44247222679067,13.882615466683724,0.7748296289643035,-0.6306576106254943,0.03830578284332906,0.02104022908482627,1.6433593770676138,-6.17206155679728,0.21286652010092583,0.0,0.0,0.0
1748026113.9688516,327.10870326535337,-187.32408590944357,13.918673332462776,0.7763240396467577,-0.6288607063684727,0.03863574861647114,0.01903881249264326,1.6791305878490705,-6.23662537627467,0.26313346059078524,0.0,0.0,0.0
1748026114.0748262,327.37083537407887,-188.24696855862672,13.959741545484462,0.7781214163073101,-0.6266404319052223,0.038976933917541104,0.01815569354031431,1.7155970866896704,-6.329935471877081,0.2663095309297192,0.0,0.0,0.0
1748026114.2714553,327.5994709380439,-189.0903250167907,13.997709363597167,0.7808558172013375,-0.6232414440259898,0.03818469395577364,0.01939650326049924,1.7185427126948218,-6.378799089618734,0.2619230557267478,0.0,0.0,0.0
1748026114.389578,327.80898284073794,-189.91446182692084,14.041515652606243,0.7831834457193769,-0.6202397761615047,0.03780321793971992,0.02229859035123644,1.643633370158448,-6.388933977596959,0.2885014395512114,0.0,0.0,0.0
1748026114.513479,328.04276652346107,-190.83445923917154,14.083673451465627,0.784851596744275,-0.618053992649213,0.03703809839707424,0.025404970487234224,1.5544137116496672,-6.47619853188088,0.28831642869801094,0.0,0.0,0.0
1748026114.6286733,328.2076988464056,-191.6254466640502,14.123516185390109,0.7847146798593989,-0.6181337746973236,0.036081282449422304,0.028838322565718208,1.4558594769856692,-6.46675729328171,0.2750228818446521,0.0,0.0,0.0
1748026114.745658,328.42140384410595,-192.55052400450603,14.160941142459903,0.7834503387961723,-0.6196093579075439,0.035538975776053874,0.03204358647768625,1.449035202296801,-6.511113246409652,0.27498636564807144,0.0,0.0,0.0
1748026114.874023,328.6246039089804,-193.42439021293228,14.19284532284334,0.7822850450386638,-0.6209873329632853,0.034519283240362374,0.03483187753442576,1.4891387068669233,-6.5054626935787265,0.2754340939107754,0.0,0.0,0.0
1748026115.0192459,328.82722588392596,-194.26879791313422,14.218507593065564,0.7818757142062976,-0.6214835800310018,0.03446278264785723,0.03522561423748467,1.605694969211536,-6.516184436727804,0.2469736373073377,0.0,0.0,0.0
1748026115.181128,329.0529694598592,-195.1311047623343,14.243197281322638,0.782267525465143,-0.6210431114857345,0.03419683160466627,0.03454777832164421,1.7549294563000786,-6.513856206333519,0.17875626394796074,0.0,0.0,0.0
1748026115.2802296,329.29954812979867,-196.00542507022558,14.258240860032735,0.7840593049067527,-0.6187851022946153,0.03565022310159268,0.0329403272629327,1.8612778259071399,-6.516126451966503,0.15966078241963605,0.0,0.0,0.0
1748026115.4470105,329.5306887430202,-196.8190450912575,14.287042280117843,0.7864156909718399,-0.615690257596283,0.03820766113522236,0.03187541881893309,1.8814531222564541,-6.4604607632552025,0.23911929758866168,0.0,0.0,0.0
1748026115.561075,329.7900602359213,-197.68345621161941,14.322141511056813,0.7883974300583015,-0.6130728213837829,0.040394276770966804,0.030651433280425456,1.8756103453672066,-6.48020994554947,0.2396432536972052,0.0,0.0,0.0
1748026115.6763124,330.0620710564321,-198.60247593056923,14.360431780520319,0.7898440116175456,-0.611091213556266,0.041561135324872385,0.03141079522616791,1.815193307266941,-6.532104487158377,0.27540240982447195,0.0,0.0,0.0
1748026115.8364103,330.31771259300234,-199.5175441609052,14.394733869090858,0.7899729719850133,-0.6108498291812331,0.04053537740004786,0.03408919039020675,1.7393411227831925,-6.5723399164033,0.2990344402544929,0.0,0.0,0.0
1748026115.9469974,330.5462357869923,-200.38624444597235,14.425716268066182,0.7890321878155067,-0.6120239315566786,0.03891311799140257,0.03661533887823654,1.6937051023315004,-6.586812472578614,0.2863773961932541,0.0,0.0,0.0
1748026116.1028435,330.77892544347384,-201.28461047600808,14.454137398228262,0.7871901895358827,-0.6144036432191379,0.03803044819985169,0.037328992850464565,1.7031657727417617,-6.589421046792977,0.2439882762369354,0.0,0.0,0.0
1748026116.2320585,330.99406504354374,-202.10916317961698,14.477797228482128,0.7849195806091847,-0.6173136671880093,0.039086016407588096,0.036019044970395944,1.7445891801211248,-6.5443026360895935,0.2008440693003901,0.0,0.0,0.0
1748026116.3796008,331.25894243190123,-203.0383573823039,14.496844843721513,0.7827416473896386,-0.6200826890351804,0.04113189079890664,0.033483425152777045,1.8399057244879458,-6.563395167072686,0.15589135011807734,0.0,0.0,0.0
1748026116.5024362,331.51003418957583,-203.90584684370674,14.507220705189246,0.7814755042582707,-0.6217073157810254,0.04220247653810739,0.03154363204649063,1.9205884291024315,-6.559898596420235,0.1038978200768088,0.0,0.0,0.0
1748026116.6202037,331.7452390238796,-204.70064718904288,14.518064334844054,0.7814115283818234,-0.621775321237682,0.04257482934111665,0.03128669235209998,1.9582692216718416,-6.480763393755199,0.05630139253140902,0.0,0.0,0.0
1748026116.7656248,332.0204720869261,-205.5930484669976,14.518242986095725,0.7819077811738027,-0.6211067355599674,0.04217943249205126,0.03267323455903925,2.0175205295868754,-6.463055869048329,0.03488616054141373,0.0,0.0,0.0
1748026116.8991218,332.31322991259947,-206.4988961336264,14.520980434641412,0.7832739085273871,-0.6193290979793256,0.04281508636629706,0.032868236882924215,2.0980886028639474,-6.4825268765806445,-0.02797773138463962,0.0,0.0,0.0
1748026117.068327,332.57214914234356,-207.31497798988323,14.515404663942476,0.7846803768547911,-0.6175530230023446,0.04398385145217785,0.031151095825370477,2.101536384699227,-6.42445256491152,-0.02615148203749664,0.0,0.0,0.0
1748026117.1658192,332.79300188555106,-208.05144796037624,14.514451132961073,0.7855925437989728,-0.6162890303742744,0.04710633356333265,0.02851630246044912,2.0100747066025204,-6.311998567801962,0.011449558577904613,0.0,0.0,0.0
1748026117.284241,333.11793413808164,-209.03473712075183,14.51364103348613,0.7858156724739842,-0.6159847313081135,0.04852150428313462,0.026499119072770846,1.9775660849788772,-6.432034606730678,0.03140478788184023,0.0,0.0,0.0
1748026117.4211252,333.36148548625715,-209.86266846294987,14.522158079435082,0.7853253937948516,-0.6164609325097954,0.05034676527463698,0.026554618741294257,1.886613740449076,-6.4108743740661565,0.06251847849927954,0.0,0.0,0.0
1748026117.5900576,333.62988211264735,-210.77577740347914,14.52925221958251,0.7840856431468749,-0.6180210397140848,0.04978362810253736,0.027951548340324275,1.8239232234909313,-6.474336047686183,0.014477870547181028,0.0,0.0,0.0
1748026117.695974,333.8623236677925,-211.6384982341388,14.537082198160537,0.7828021713992614,-0.6195859485231744,0.04946905548435737,0.029779613743719683,1.755959822379317,-6.4630556491788695,0.02538176217376687,0.0,0.0,0.0
1748026117.852859,334.0800190442858,-212.47249898453276,14.54226563849005,0.780995175475687,-0.6217598194679417,0.04946214637352616,0.031855279860918545,1.7759242890844968,-6.431637892991244,0.010377537229815763,0.0,0.0,0.0
1748026117.972483,334.3509047331686,-213.40617371186426,14.550419845356167,0.7790006300878203,-0.6242262921777132,0.05041996249370007,0.030941587854815236,1.8427449484377112,-6.441727655186979,0.02574212767165884,0.0,0.0,0.0
1748026118.0937262,334.58001504233437,-214.22331330192432,14.554599965858634,0.7783819031138373,-0.6249890850946523,0.0517905309475085,0.028774942599515286,1.8649172679215489,-6.39372151975137,0.034231128769419895,0.0,0.0,0.0
1748026118.2149806,334.8401844627974,-215.10150741064572,14.557213962507706,0.7779104377170817,-0.6255782919695534,0.052927055447530014,0.026568370460543403,1.8564250846353494,-6.403103924977232,0.024734701382250174,0.0,0.0,0.0
1748026118.3559754,335.0883260840697,-215.9699643803528,14.559459655575063,0.7779088107562713,-0.6256310988222866,0.05275660149374985,0.02569730205705684,1.854039291089661,-6.423768218005953,0.019063084887747418,0.0,0.0,0.0
1748026118.4927337,335.3236089896928,-216.78913182486752,14.563382252071202,0.7784424810109271,-0.6250813523709765,0.05122284872058748,0.026015888310255357,1.8319316424126952,-6.371377026619711,0.044325992157877955,0.0,0.0,0.0
1748026118.6071033,335.60994284527834,-217.73899738754102,14.570761165078668,0.7791119988746938,-0.6244012145631941,0.049051922029683656,0.026486324899484687,1.8312773870973986,-6.447243061859489,0.06234078072728168,0.0,0.0,0.0
1748026118.7725997,335.84354997562605,-218.58558035768058,14.584382779620448,0.7795084863749416,-0.6239110350868952,0.04943303417941129,0.025649855712336758,1.8177238696875346,-6.457784030859992,0.07932842387490262,0.0,0.0,0.0
1748026118.9155653,336.06204138769596,-219.41597212950484,14.604301690590464,0.7791048646468587,-0.6243198919164985,0.05138243635459028,0.024085839724581688,1.7532718757999357,-6.411067794447914,0.12862819851787474,0.0,0.0,0.0
1748026119.026806,336.33677259394295,-220.35749720156863,14.631942499568003,0.7784706778876561,-0.6249906505759134,0.053299193355244724,0.023006224147178407,1.7287472220310558,-6.462719057878475,0.18816725021930605,0.0,0.0,0.0
1748026119.1833692,336.5396087044708,-221.18755473850354,14.663444676641335,0.7774953142361182,-0.6260347659698082,0.05522057570552421,0.02306937703445723,1.6390520627102945,-6.422625167203531,0.2326218996265417,0.0,0.0,0.0
1748026119.2886887,336.7489442812173,-222.0464178549105,14.70306429275896,0.7764305002364237,-0.6272488847539075,0.05627621923632823,0.023398761207826975,1.5723541923794662,-6.431682047921655,0.24604232417677938,0.0,0.0,0.0
1748026119.409389,336.9438541944242,-222.89472726430165,14.742928346908585,0.7750348421314358,-0.6288903619105292,0.05663265005476317,0.024711315750457836,1.5035475208562366,-6.407310464212535,0.255600315122718,0.0,0.0,0.0
1748026119.5806851,337.15110329946884,-223.7891424731139,14.780386457944607,0.7737826860226881,-0.6303987594958739,0.056438702708350406,0.02593128755338032,1.4718470006357998,-6.415362491431438,0.21206750902564292,0.0,0.0,0.0
1748026119.7090368,337.35219011284215,-224.6596262344545,14.807416495149168,0.7730343528233673,-0.6312725388362675,0.056483282491166485,0.026879543619530252,1.4465033520552495,-6.437315973615366,0.2106486939942073,0.0,0.0,0.0
1748026119.823018,337.5247557637672,-225.47687454758548,14.837805956169465,0.772480534117233,-0.6319474715382773,0.055741661924015105,0.028444415133403293,1.4187475046847542,-6.394496200240807,0.19520019371556707,0.0,0.0,0.0
1748026120.0017133,337.69716015826094,-226.3008213609446,14.8646294890561,0.7718118017227774,-0.6326602625197433,0.05564378551661786,0.030843217783983596,1.3805184042585366,-6.3284916147365315,0.17248378397969266,0.0,0.0,0.0
1748026120.0973682,337.9300401581697,-227.2455200500502,14.88758331966986,0.7714169114602968,-0.6331989232904522,0.054211570363963325,0.03218971723301753,1.3973853987538796,-6.395491918811322,0.14919798620113175,0.0,0.0,0.0
1748026120.2009473,338.11268775734754,-228.09018849228553,14.908437146573815,0.7707155069981638,-0.6341379557681338,0.05339050798229068,0.03187654285158242,1.3793208466809994,-6.378605378736455,0.12978647137059005,0.0,0.0,0.0
1748026120.38092,338.2862352229202,-228.90584630682926,14.926343544565547,0.7704199616973363,-0.634583438418599,0.053091221518144285,0.03063110348672135,1.3790137922481696,-6.316078332244749,0.12256416919464423,0.0,0.0,0.0
1748026120.4919524,338.50081615555473,-229.8251778816908,14.946737051683685,0.7694257239757308,-0.6359184843942373,0.052682709148242225,0.02857041558956505,1.3628362996493482,-6.355543555089085,0.12284306581667555,0.0,0.0,0.0
1748026120.6288948,338.699859986778,-230.7222326807687,14.970611518453591,0.7683644927416027,-0.6372632565757227,0.05350322028003644,0.025474566377274313,1.3273897125762681,-6.374110482755519,0.1492241388534325,0.0,0.0,0.0
1748026120.809321,338.86652246443674,-231.54470885562162,14.99403203055609,0.7678991634953457,-0.6379141714605001,0.05299655733650028,0.02424354477982355,1.272465441546193,-6.353692225709541,0.15521359995405412,0.0,0.0,0.0
1748026120.917531,339.0603027584068,-232.44843486415206,15.023552445940279,0.767605524638691,-0.6382232820268671,0.053659832008052785,0.02394625757569621,1.277435553526696,-6.363811263927592,0.18645970866958542,0.0,0.0,0.0
1748026121.0352933,339.22372984413204,-233.2831023237381,15.05341549487919,0.7669080863665437,-0.6391099125154467,0.05272359846067183,0.024712930936293287,1.2384911937025735,-6.35964094039229,0.18554871826024016,0.0,0.0,0.0
1748026121.179808,339.3897752975063,-234.13722496101263,15.081528039467504,0.7666932250503918,-0.6393963126345907,0.051973321994441456,0.025546582001907226,1.2183659596615,-6.364850648685209,0.1928644894137524,0.0,0.0,0.0
1748026121.2907312,339.55844115073313,-235.01756971349795,15.118281558897783,0.7671692364255958,-0.6387361072197159,0.05223997450037317,0.027175965119429542,1.2099850475430187,-6.352412084529121,0.22910591686056728,0.0,0.0,0.0
1748026121.450103,339.7020832717555,-235.80866490692478,15.149368863680305,0.7678704947236692,-0.6378295572128136,0.05175560840512197,0.029490952462566923,1.166859875763076,-6.2871992315553875,0.26198601750890804,0.0,0.0,0.0
1748026121.5331333,339.86916745889687,-236.72275342650914,15.181116448566545,0.7688010502273578,-0.636695976359477,0.0508434842690593,0.031274893514542705,1.120921022656801,-6.3624915418504635,0.2279377420264572,0.0,0.0,0.0
1748026121.7133162,340.00073887526463,-237.54399237645353,15.210981723343572,0.7688900704677843,-0.6365395569063627,0.049663462371747874,0.03404397941996718,1.035551925459971,-6.333540380655258,0.24488493005037956,0.0,0.0,0.0
1748026121.8439443,340.1348767703313,-238.3873728152454,15.242334071788425,0.7683613188264868,-0.6370164056083235,0.04895341297330289,0.037875401982537894,0.9875662531005636,-6.337678530487879,0.22125464698860092,0.0,0.0,0.0
1748026121.9969761,340.2669140969733,-239.25085557221206,15.275524714262984,0.7668629357629886,-0.6387335328866444,0.047083084928202866,0.04151981253281655,0.9336647059428496,-6.332485091223025,0.22136422718530707,0.0,0.0,0.0
1748026122.0844243,340.3873637784178,-240.07545867967733,15.30418409908029,0.7648312755133754,-0.6410906492620917,0.04546871392203241,0.04436773016021285,0.91883096478669,-6.309669861768008,0.20112341139130857,0.0,0.0,0.0
1748026122.2544303,340.51843422038354,-240.9327259814239,15.335089614787409,0.7619585509020261,-0.6444950815134302,0.04548661067454609,0.04445475072052416,0.9264820467889854,-6.279978188602667,0.1725578496619319,0.0,0.0,0.0
1748026122.363402,340.64620687602144,-241.76085031173062,15.365543615155392,0.7589651750063985,-0.6480418110804427,0.04678083299687002,0.04272268581451423,0.9826135273098752,-6.225251600015059,0.17643830664279223,0.0,0.0,0.0
1748026122.5165799,340.79987793041136,-242.62279706946921,15.396682143429329,0.7563881334308186,-0.6511365089721414,0.048581559149523015,0.039218240644070694,1.079087042895044,-6.193689853622019,0.23149186681949724,0.0,0.0,0.0
1748026122.6266644,340.95514561788383,-243.46658619810316,15.436008819425307,0.756045190632927,-0.651583701549327,0.05121893560208871,0.03479899757015842,1.1551418671226281,-6.167098633511303,0.2976408233313955,0.0,0.0,0.0
1748026122.7737439,341.1124838845706,-244.32647980413006,15.496304797600295,0.7562846171641587,-0.6512487532604042,0.05326853433520578,0.03272770183514319,1.1938171280925445,-6.079268825829885,0.37749350752272065,0.0,0.0,0.0
1748026122.9110231,341.24442719621703,-245.01928834613355,15.547565205643457,0.7575694652626198,-0.6497258888817667,0.05397970016088012,0.03210866844090196,1.1748548145673157,-6.008265165549632,0.3993040703895478,0.0,0.0,0.0
1748026123.0680304,341.3907626911802,-245.80512522198435,15.604546502592001,0.7589826395336068,-0.648036684564061,0.05419964286346514,0.032499339367001806,1.059888911798648,-5.995557864493024,0.39578816818667223,0.0,0.0,0.0
1748026123.184275,341.52485172906677,-246.61648068473897,15.654615125051002,0.7591385493587064,-0.6477615238299209,0.05353767437999798,0.03531838820047147,0.9177220489934251,-5.99445583521746,0.3211035786075763,0.0,0.0,0.0
1748026123.2949736,341.6701622853449,-247.49842592692443,15.70657003665559,0.7585116152075112,-0.6484159233860092,0.05188591613298722,0.03904832393076633,0.8759169720913822,-6.028982645652721,0.311682934880532,0.0,0.0,0.0
1748026123.4650457,341.7527695055427,-248.21314317931953,15.745339999138055,0.7568044811718424,-0.6502497858118668,0.05052088364878782,0.043241573111826144,0.8059114764754346,-5.927537975105863,0.29566455253123614,0.0,0.0,0.0
1748026123.5723786,341.8851098626064,-249.02569771590709,15.78515606503134,0.7541789997737369,-0.6531931588351942,0.04941658589796885,0.04594273162726932,0.8407772949025014,-5.913237058194575,0.2947661762049978,0.0,0.0,0.0
1748026123.7100623,342.00361226123886,-249.83083682750194,15.826916737256992,0.7518816019563413,-0.6557419136016797,0.04958719544112633,0.047092562404870884,0.8776639545223771,-5.868087708578528,0.2705910536286695,0.0,0.0,0.0
1748026123.8296251,342.10375949672385,-250.5366997352359,15.867634092892436,0.749933026632372,-0.6578788821111519,0.050497741924511834,0.04738997888495616,0.9208340439932544,-5.739164464313039,0.26676559195009136,0.0,0.0,0.0
1748026123.9734514,342.2572265693483,-251.35086423288905,15.910132199948885,0.7488290223457121,-0.6590983338466966,0.05163773870504661,0.04666932134392965,1.0168252826226574,-5.748076217028431,0.2504540717276462,0.0,0.0,0.0
1748026124.1167746,342.4046742035974,-252.12383342694628,15.957077607521368,0.7483610803983771,-0.6596097052042215,0.05318669558718815,0.04518744911908256,1.07081782909173,-5.705387773382348,0.238708359985139,0.0,0.0,0.0
1748026124.2347565,342.5314620168905,-252.82973616390393,15.987162873018178,0.7487696816142373,-0.6591343946775952,0.05437745626466727,0.043919311225226784,1.1080463717347493,-5.6099291608799335,0.18538684220640297,0.0,0.0,0.0
1748026124.3463414,342.70044634002784,-253.63877264475335,16.023045120012547,0.7497441949992932,-0.6580114463651148,0.055188905824208004,0.04311337601346257,1.142557871743475,-5.601199850936052,0.19397724703878394,0.0,0.0,0.0
1748026124.5357544,342.83557796677314,-254.33994806702356,16.051931931509053,0.7519177087391472,-0.6554880331979891,0.055877107842064726,0.04281292372531024,1.1335405408562473,-5.524127469631636,0.1648928580757857,0.0,0.0,0.0
1748026124.6831205,343.00499592602813,-255.14347319411746,16.08275221451523,0.7542212901715525,-0.6528495892517938,0.055794046802217605,0.042716315467922115,1.1276513136041548,-5.532832437858475,0.167967014588201,0.0,0.0,0.0
1748026124.7856054,343.12978310693967,-255.83542989509257,16.107473660376684,0.7556216655880352,-0.6511767298964922,0.05573353565940564,0.043572215208500756,1.040126865439511,-5.4440258416718965,0.18101448705616818,0.0,0.0,0.0
1748026124.9249816,343.2542339658584,-256.56479744987615,16.136347845691763,0.7563373640724652,-0.6503317165290324,0.05511347981206193,0.0445528284996935,0.9550593630410601,-5.385677650613921,0.2012111871660246,0.0,0.0,0.0
1748026125.0610497,343.38303525604897,-257.28713146217626,16.167119050380077,0.7562546049786958,-0.6504625131269967,0.054369482583514955,0.04496054746807902,0.8907142545424936,-5.406310831018955,0.22278869325055806,0.0,0.0,0.0
1748026125.1682866,343.50227138606044,-258.01415440414956,16.203262202652688,0.7552952065235771,-0.6514852632899368,0.053483395504963636,0.0472824399096382,0.856171963171904,-5.373910874580795,0.2521072329057509,0.0,0.0,0.0
1748026125.3005266,343.632822180724,-258.77469671558316,16.238925397348638,0.7539583454506391,-0.6528428567077299,0.05307712208474304,0.050257704705114634,0.8342645290730653,-5.360279588955407,0.25786164713694804,0.0,0.0,0.0
1748026125.431518,343.7317325532647,-259.4465738772925,16.272546657679037,0.7520440284380909,-0.6548360906186239,0.05233565010285981,0.053669855992320624,0.8092490592198731,-5.299895465570609,0.20450883731507039,0.0,0.0,0.0
1748026125.5707202,343.8476407355087,-260.19026463602836,16.305931943541626,0.7490123608183459,-0.6581652060760219,0.05106939996551355,0.056488593887597846,0.8098374032681912,-5.251831160252779,0.1687902705935066,0.0,0.0,0.0
1748026125.7050738,343.98283839889694,-260.9329637056545,16.328782621779066,0.7458887433073746,-0.6615958938983041,0.05073334125383915,0.058025717311127205,0.8709256074741402,-5.233790215297447,0.11162203658978392,0.0,0.0,0.0
1748026125.8593366,344.0951187890958,-261.5823434321141,16.338831083263134,0.7430597151789015,-0.6649095793548172,0.05051374028783097,0.056620429198156505,0.9536323088083848,-5.126830693671732,0.08045695990871593,0.0,0.0,0.0
1748026125.958534,344.2551364162893,-262.3242653173868,16.340781482156963,0.7410967201433666,-0.6673349486171042,0.0510370918179304,0.05324408892750121,1.0860122423770315,-5.110833136358491,0.03401119736269244,0.0,0.0,0.0
1748026126.1123123,344.4055144267022,-263.02102082284443,16.33857122211756,0.7402704466967701,-0.6685803663362413,0.052136375373889376,0.04776774916127703,1.1566117834210912,-5.076360991645366,0.002034785465016012,0.0,0.0,0.0
1748026126.2654672,344.5550373637764,-263.6670801287979,16.342886234332614,0.7402554776738557,-0.6688696847582567,0.052862025772854045,0.042904298344481596,1.185931362998807,-5.0102129026979,0.06441393383984739,0.0,0.0,0.0
1748026126.381721,344.75704382188525,-264.4652942880481,16.35545804218826,0.740873312780266,-0.6683179810151634,0.053517992332192635,0.03992036020054511,1.2353442137872195,-5.085166948672554,0.09139700964591484,0.0,0.0,0.0
1748026126.5015006,344.9052168238441,-265.0968646469683,16.36648004946111,0.7425323835612793,-0.6665866870074356,0.05389800251839188,0.03745468451053636,1.229901111471822,-5.022959200532253,0.11894714512575355,0.0,0.0,0.0
1748026126.6522934,345.0545058404954,-265.73039010260345,16.38312976241383,0.7432669995731596,-0.6658103746353256,0.053686363333798275,0.03699306374811374,1.131518651131133,-4.9657311261448935,0.11524896980580167,0.0,0.0,0.0
1748026126.77799,345.2137918391189,-266.44743915250683,16.39799258093805,0.7428115360980337,-0.666295966908569,0.053202149862654466,0.03808198486221973,1.0561857701970407,-4.991464234663231,0.127762694673607,0.0,0.0,0.0
1748026126.9027023,345.3522985466778,-267.12192114430366,16.409311643739997,0.7419114219257491,-0.6673252078262961,0.05148827313300538,0.039918250781879945,1.0006423998968779,-4.968705946510294,0.09993648995059225,0.0,0.0,0.0
1748026127.0413768,345.48329181602054,-267.78549501476965,16.417181227072657,0.740364712454308,-0.6691040129276149,0.04984313609728353,0.04093377847938831,0.9760552293155799,-4.940960621878422,0.0891842712616034,0.0,0.0,0.0
1748026127.1619549,345.6046123056352,-268.418674859313,16.419025402900555,0.7377550936311493,-0.6720271382744157,0.04763361494614537,0.04275495259213674,0.9627336729815034,-4.892779156213022,0.04134684259965563,0.0,0.0,0.0
1748026127.3045805,345.72825436654443,-269.04054798539374,16.421818369978496,0.7357436869187041,-0.6743497874707995,0.04637126916854136,0.04222909770594396,0.9961575211868182,-4.843193223790857,0.0180996893827816,0.0,0.0,0.0
1748026127.4597516,345.91060963176244,-269.77876251418786,16.415169014850886,0.7345427777047252,-0.6757690319251449,0.04616357841789447,0.04064538399909719,1.1308042696530585,-4.8814200665705,-0.023877707306528537,0.0,0.0,0.0
1748026127.563768,346.0591411402692,-270.402338744917,16.410570691321993,0.7343305704219923,-0.6760693025856025,0.04787707815475962,0.037372407368159874,1.2325469445312605,-4.828651290779672,-0.01747858451942868,0.0,0.0,0.0
1748026127.689561,346.23641274578137,-271.06973897066723,16.4082682717927,0.7348639937760174,-0.6755928644088474,0.04965300663951814,0.03292067956568092,1.2753493016626054,-4.808862221043747,-0.02856918567392642,0.0,0.0,0.0
1748026127.8234057,346.4089932385546,-271.7052436638692,16.41311269814209,0.73597434959865,-0.6743262568751028,0.052680151300316745,0.02916603642308077,1.254435567955453,-4.7865259510844025,0.030831741050462706,0.0,0.0,0.0
1748026127.949869,346.57774965242476,-272.36543925851373,16.425084167599728,0.7365730363259123,-0.6737310902358109,0.05280138227387884,0.027542589516234,1.1812278262715774,-4.781800761492426,0.07197237562622409,0.0,0.0,0.0
1748026128.089883,346.7371531972001,-273.030296623539,16.439027317284104,0.7371099410592151,-0.6732235591470772,0.051231326438489384,0.028536387164028152,1.087205023311039,-4.77031580605954,0.10729872647794153,0.0,0.0,0.0
1748026128.2261198,346.86105591917556,-273.6272498835309,16.454192219989736,0.737177455871289,-0.6733108132192747,0.04833371242560773,0.02976238566196709,1.0097257609450028,-4.750174043287906,0.12177536408430421,0.0,0.0,0.0
1748026128.3512454,347.0107133397808,-274.2988161088931,16.46726569316945,0.7365362138558481,-0.6741294581230418,0.04669921168560082,0.029716375915813963,0.9684468445972328,-4.791647160253313,0.10702792409403734,0.0,0.0,0.0
1748026128.4991827,347.12105917976885,-274.8820768072344,16.476790759261952,0.734772641120871,-0.6760926050473292,0.046783252525224674,0.02862311205541687,0.9492150725243239,-4.732819851388595,0.09475407418911824,0.0,0.0,0.0
1748026128.6065068,347.27494935615744,-275.5702116832421,16.485230469465275,0.7322829676854987,-0.6788121801044852,0.047143448862992626,0.027444026833123063,0.9351005915478602,-4.769738993517915,0.11542179875971649,0.0,0.0,0.0
1748026128.776347,347.3764128840052,-276.15464074103113,16.49630578971841,0.729989820382304,-0.6812699894827665,0.04793517236801324,0.026235144718710773,0.875352277543266,-4.744697812861886,0.13713839480344125,0.0,0.0,0.0
1748026128.9077592,347.49375430801723,-276.7919341858305,16.517475071095372,0.7281501902413864,-0.68334212222253,0.04699372129325706,0.025148252560633026,0.8508706903076281,-4.741110654534514,0.15985340873245482,0.0,0.0,0.0
1748026129.0647645,347.6253789978044,-277.4428135047667,16.530510535882282,0.7263524612302301,-0.6852646819588,0.04604219528921722,0.026543058935277444,0.8735721449308276,-4.749372249017266,0.19053055593131268,0.0,0.0,0.0
1748026129.1987906,347.7584279853919,-278.1098591053404,16.54873256997051,0.7248429190402006,-0.6869045787144019,0.04478722665303837,0.02754898885986001,0.8821430523282545,-4.7699872526918154,0.18651975297875686,0.0,0.0,0.0
1748026129.359406,347.8657848417713,-278.70604767315547,16.57465540168241,0.7240436401487234,-0.6878063199551835,0.043874778727027754,0.027536833179365058,0.889056193852975,-4.741414892661938,0.22241692248270956,0.0,0.0,0.0
1748026129.4676132,348.0050351192271,-279.3746483406755,16.591699296816774,0.7234433801403428,-0.6885197439240324,0.04408250055463623,0.025039391021967713,0.9384121197240471,-4.773716387702153,0.21792878195843754,0.0,0.0,0.0
1748026129.6149552,348.14381163515117,-280.04899076719397,16.60966269841322,0.7225529981168266,-0.6893568691722975,0.04711490058250595,0.022010406185559116,0.8893847647318966,-4.8035159864737755,0.19355013917252986,0.0,0.0,0.0
1748026129.752003,348.26092498721266,-280.6999146038758,16.63109783129961,0.722193602678564,-0.6897617275155973,0.04794550999994692,0.01914125324267152,0.8223259048257981,-4.847046778043073,0.23550501419065079,0.0,0.0,0.0
1748026129.842326,348.3677689435136,-281.344307797793,16.653804110297415,0.7223131955152265,-0.6897084535356248,0.047153523872972475,0.01850518555541136,0.7743184311999015,-4.8681416135404,0.24399347569721977,0.0,0.0,0.0
1748026129.965285,348.4487852547425,-281.94240522342045,16.67740162918425,0.7224338597755046,-0.6896345170374629,0.04600277925204268,0.01942409486848807,0.6886732313198788,-4.800599814399604,0.2445683144229784,0.0,0.0,0.0
1748026130.0763311,348.5484512743948,-282.6074818802551,16.703749521647083,0.7220370414531514,-0.6901352281186056,0.04408044066769495,0.020803663855243407,0.6501662154557245,-4.847751329702606,0.24379679750381175,0.0,0.0,0.0
1748026130.219606,348.6521967514756,-283.30479310596013,16.7303366401365,0.7215079926932788,-0.6907298889097763,0.04342843725764413,0.02079441953416356,0.6220053939809724,-4.896540751438835,0.2345676007825395,0.0,0.0,0.0
1748026130.3915355,348.72689198250976,-283.92083330487134,16.75796099969083,0.7205155812580429,-0.6918133709441956,0.04317475953587055,0.019684945675143485,0.6206272471879081,-4.859594368520432,0.24283981101108904,0.0,0.0,0.0
1748026130.5262225,348.821524863285,-284.6031353036964,16.78608804733708,0.720075846132791,-0.6922624493531935,0.0440934422809062,0.017867439085741527,0.5917653467037929,-4.888972079558653,0.24594767313785984,0.0,0.0,0.0
1748026130.7403414,348.90209444519695,-285.2549054157992,16.81230728484395,0.7199922641827442,-0.6923630683424457,0.0449601468225313,0.014936743625566256,0.562650593249947,-4.920182078555302,0.2339848827481888,0.0,0.0,0.0
1748026130.8433661,348.96828445928827,-285.8672892130112,16.840755406281883,0.7209322474120005,-0.6913345676001386,0.04646389965256252,0.012422411669569854,0.5276952114966754,-4.901903371151041,0.24406705272249107,0.0,0.0,0.0
1748026130.9937735,349.05353496108853,-286.5619712673618,16.874009024263717,0.7214552779122986,-0.6907248001197022,0.04750515196195677,0.012032996682326004,0.4705409736687454,-4.9390350722992915,0.28257157852523435,0.0,0.0,0.0
1748026131.0964353,349.12870221125553,-287.26086629013975,16.912936602927676,0.7217375591056607,-0.6903799947024045,0.04808726566177191,0.012568753799998809,0.43564296109672795,-4.989567400656504,0.2832498632548743,0.0,0.0,0.0
1748026131.20907,349.1778423044758,-287.9037460787191,16.95082442606489,0.7222100054620829,-0.6897913309326988,0.049263424950024226,0.013181151040316544,0.3496052793873206,-5.0022682381981145,0.2981464636872452,0.0,0.0,0.0
1748026131.3917577,349.2397246945285,-288.6208732905939,16.990576134399497,0.7228910878309428,-0.6890624929059016,0.04893639467794642,0.015052749942274029,0.27932430202711883,-5.026316686067209,0.33520494893814334,0.0,0.0,0.0
1748026131.5999174,349.25475793780964,-289.223676231952,17.024529081853323,0.7218821942837165,-0.6900584091010749,0.0486410083905766,0.018426662958011614,0.17127925071697073,-4.994583196856915,0.3047310081446849,0.0,0.0,0.0
1748026131.7491207,349.29273482376334,-289.92792958992936,17.065436451342165,0.721114715113296,-0.6908470998855507,0.04771169056410039,0.021152938573858433,0.11965466766136007,-5.06771074938377,0.31745996416950006,0.0,0.0,0.0
1748026132.0079656,349.2988259451974,-290.5615036216153,17.105725630030623,0.7202176071140858,-0.6918091333345534,0.045661270192123175,0.02453099757850079,0.06118977236431383,-5.03634137603296,0.32572970624811964,0.0,0.0,0.0
1748026132.1416273,349.30127853213304,-291.20618585981384,17.146975141485722,0.7180780775758263,-0.6940273162894102,0.043804102576072805,0.02776975596992911,0.0027786336427117913,-5.028283756249116,0.3162396982479765,0.0,0.0,0.0
1748026132.265244,349.3441615377418,-291.9876941233155,17.190961404290025,0.7156928164560736,-0.6965198361202116,0.04181915130186293,0.029917702930518524,0.03939186445926822,-5.129565681253729,0.30876401071248244,0.0,0.0,0.0
1748026132.4288375,349.344986388672,-292.6675726896582,17.234521821521014,0.712972053616846,-0.6992837828166844,0.041995578893954846,0.03015647864600852,0.04131471334761318,-5.115688364802882,0.3178189083245576,0.0,0.0,0.0
1748026132.5808642,349.36036338438714,-293.31940344516073,17.282443416365876,0.7105977110913813,-0.7016885107100055,0.04250189044583019,0.02962627613783316,0.12944956180081105,-5.099609811003653,0.31916233615634093,0.0,0.0,0.0
1748026132.7315307,349.37780566432974,-293.9658668790504,17.325651189064466,0.7090164691118608,-0.7032620832702994,0.044124247577466184,0.027769399312749837,0.17910954695592587,-5.056583244322167,0.30464154701494023,0.0,0.0,0.0
1748026132.8355203,349.41919433830077,-294.7133839332218,17.380940100850538,0.7086953528917432,-0.7035924112883415,0.04549689399230631,0.02527148994732727,0.20437441612104817,-5.111166554412469,0.32584455790105377,0.0,0.0,0.0
1748026133.0212007,349.44414821748376,-295.3792489462415,17.430283763257876,0.7094024562799554,-0.7029780258720962,0.04477695630538011,0.023771292538744656,0.2307569109167641,-5.095028971766502,0.3909293302828249,0.0,0.0,0.0
1748026133.1027522,349.4723333138298,-296.05669792854843,17.485938009456326,0.7107573343981952,-0.7016571193910903,0.043520610967754426,0.02464254102082222,0.20647375567244877,-5.103137003732889,0.40767445386616574,0.0,0.0,0.0
1748026133.2258403,349.50674413104895,-296.79658894314474,17.544465965054155,0.7130740432464869,-0.6993368906370602,0.04174359372791658,0.026660731889325762,0.17469361295399213,-5.154778280855439,0.4196344706720267,0.0,0.0,0.0
1748026133.3843958,349.5150705332451,-297.4365388687376,17.594108471451353,0.7147528355138267,-0.6976805853286359,0.038069954184230204,0.03034573394807157,0.09648940366891676,-5.157391965977631,0.3995294250027199,0.0,0.0,0.0
1748026133.525046,349.5273733476155,-298.1485118284455,17.64752433648724,0.7153639607805569,-0.6969391302563618,0.034969213417474235,0.03615807581748701,0.06049308119245777,-5.175386505573334,0.40361293529333914,0.0,0.0,0.0
1748026133.6889563,349.53145894735553,-298.79336613739,17.69838319289293,0.7148625452038547,-0.6973818751178478,0.03114908981378967,0.040740593092807906,0.04085325704555971,-5.158739766798529,0.37480153977091724,0.0,0.0,0.0
1748026133.8440337,349.5429766039598,-299.52899471187,17.741264736069656,0.7140572887068248,-0.6980711559054447,0.02863638797608574,0.04470801965171084,0.06569734671870354,-5.200165473348645,0.387476013223678,0.0,0.0,0.0
1748026134.0563483,349.5381761528923,-300.16480289708034,17.778340269324392,0.7128892342074852,-0.6991952616410128,0.026155702270485876,0.04723139939234155,0.10814645481083611,-5.1757504935977385,0.33591806094347015,0.0,0.0,0.0
1748026134.1398382,349.5721523485599,-300.89014092406836,17.819689870407505,0.7117150252819355,-0.7003900899638981,0.02379362045424884,0.04846966364620261,0.21290585408125445,-5.217695378908658,0.2969269410626362,0.0,0.0,0.0
1748026134.2886236,349.6114209902082,-301.58211554623426,17.856184623683834,0.7112295469607415,-0.7008995870077959,0.022805952502720182,0.04870512285954535,0.35251745582772964,-5.210909183639653,0.2889766004525684,0.0,0.0,0.0
1748026134.380114,349.6826297381339,-302.3299898658387,17.892787446537856,0.7119551005275012,-0.7002698095645411,0.02296763521303545,0.04705971077299557,0.49202024369055564,-5.260030998196323,0.30266419743536943,0.0,0.0,0.0
1748026134.5451267,349.75622112699597,-303.00210646926314,17.931695437988605,0.7136717629459793,-0.6986030432003488,0.025265198820560577,0.0445878070031137,0.619703362394661,-5.239703958232609,0.314317103447269,0.0,0.0,0.0
1748026134.6610441,349.8518186067657,-303.72645584961106,17.975843533509817,0.7160614432087014,-0.6962294531668392,0.027499830674452976,0.04200377846995069,0.7226086445557376,-5.259931112306734,0.3139843597833871,0.0,0.0,0.0
1748026134.79347,349.9537093536819,-304.44665744000304,18.024005400433648,0.7193270596532988,-0.6928419191828965,0.029844151570816442,0.0405953555289066,0.7598878500604281,-5.2512315919149195,0.3369287552224886,0.0,0.0,0.0
1748026134.89577,350.05274983257164,-305.14341572063637,18.068179731699544,0.7219781209043111,-0.6900466378192833,0.031611362417366035,0.03979889867698255,0.6908408495631267,-5.273929538393212,0.3244637079441804,0.0,0.0,0.0
1748026135.0033479,350.1438292486592,-305.83791663196433,18.101534278912947,0.7241948683276972,-0.6876631761120537,0.03209111551175213,0.04038946907949423,0.6578573910432621,-5.276138726545219,0.2880727051538508,0.0,0.0,0.0
1748026135.1689918,350.2171630134451,-306.49103468091243,18.123768607978622,0.7246783317964439,-0.6871149705837994,0.03090036334786004,0.04194639638059505,0.599188164326373,-5.249265135149149,0.23153118631192288,0.0,0.0,0.0
1748026135.2875724,350.30455416228983,-307.24314243792804,18.1419807938662,0.7247891858209039,-0.6869796329122049,0.0287209441582356,0.04375759874059785,0.5380914106949624,-5.304866169410516,0.16036056988203493,0.0,0.0,0.0
1748026135.4010065,350.3598765849028,-307.89076527555795,18.147286302189542,0.7236418110897934,-0.6881574516992732,0.025821581168911305,0.045990182206462046,0.5145581646050486,-5.277866429760633,0.10012678872454889,0.0,0.0,0.0
1748026135.5252886,350.4298555816737,-308.57895335512063,18.150382123230823,0.7218989121606834,-0.689922196859284,0.02363519014088331,0.04806974816956759,0.598990793609316,-5.260105957621399,0.041512619858450055,0.0,0.0,0.0
1748026135.639356,350.5302343720379,-309.30994738119256,18.1508898573486,0.7207420110871922,-0.6912042863763721,0.02248954909059245,0.0475584706505756,0.7393525214017804,-5.267829228270191,0.008870989485853206,0.0,0.0,0.0
1748026135.7611313,350.6367156512759,-310.00693412547855,18.14960401300387,0.7201221488014827,-0.6919335967191751,0.02376126465176386,0.04568797258524493,0.8838874994939817,-5.275794075331847,-0.01355412790306566,0.0,0.0,0.0
1748026135.906856,350.76100895066077,-310.703940196706,18.14494081706484,0.720475502628692,-0.6916704675153165,0.02611837870275532,0.04271820189353246,1.0245831209110323,-5.277135237293868,-0.013441600666149706,0.0,0.0,0.0
1748026136.0433052,350.89913880476934,-311.4024597705519,18.144316646291642,0.721759090063807,-0.6904220305616899,0.029870937270514195,0.0385870798573738,1.0851421124220773,-5.244011197668161,0.010626695605561304,0.0,0.0,0.0
1748026136.1534338,351.0342191127765,-312.05929862002995,18.13852549706318,0.723263010148755,-0.6889338265937671,0.03270270449799521,0.03451570430902359,1.12210979573671,-5.22035824399151,-0.012702832077719398,0.0,0.0,0.0
1748026136.2661397,351.1932800913092,-312.78497920820905,18.13151094324856,0.7242085157145832,-0.6880338333645821,0.03534965189922764,0.029696330122127728,1.1035396018450698,-5.258532554322422,-0.04588442356630869,0.0,0.0,0.0
1748026136.4029596,351.3419725417347,-313.5139431431592,18.12150313706172,0.724778911989035,-0.6875104281311424,0.03587914765327717,0.027159284059014927,1.0621506726801047,-5.295503111704824,-0.05698426372734266,0.0,0.0,0.0
1748026136.4995606,351.4772815101468,-314.2249721624893,18.110641948122755,0.7250478447889338,-0.6872592634542332,0.036240361432589054,0.02582564164744662,1.0029522142009129,-5.330433397711237,-0.10401598075781078,0.0,0.0,0.0
1748026136.6829019,351.6236557297514,-314.98773798716104,18.096594080063277,0.7249906741746087,-0.687342426503946,0.036092249505957345,0.025421656380221935,0.9634137024895726,-5.395634651232308,-0.11126917011092977,0.0,0.0,0.0
1748026136.8155909,351.71514707942674,-315.6212697303504,18.090392157014776,0.7246278152184712,-0.6877360578466742,0.035977324944136614,0.02528391265380601,0.8993393831149402,-5.351500081182864,-0.11412017346904679,0.0,0.0,0.0
1748026136.9495978,351.8388943438432,-316.32882682014593,18.08103316469784,0.7229038432257487,-0.6895411493997256,0.03504661715559158,0.026735208244877257,0.8885407161912952,-5.360085938660808,-0.10415350595438493,0.0,0.0,0.0
1748026137.0711396,351.98271735650593,-317.125938336838,18.076440198456236,0.7208364577472498,-0.6916994174000751,0.034767132506637446,0.027165486339473396,0.9416059547824327,-5.419479209260709,-0.048103612161091,0.0,0.0,0.0
1748026137.18471,352.1078033732324,-317.82431329308974,18.073363434894,0.7193535559823078,-0.693200374618804,0.036042854568474544,0.02654458058652587,1.0055370720984416,-5.424484113879681,-0.02296893155539672,0.0,0.0,0.0
1748026137.3179953,352.25858077400846,-318.5728174563278,18.076239641009305,0.7187368041214304,-0.6937377778676902,0.03899269334673751,0.024997436390149994,1.096362912080096,-5.451213246544711,0.008514228639905082,0.0,0.0,0.0
1748026137.429072,352.4079298050815,-319.295775650666,18.07955328318322,0.7190328776077155,-0.6933328298870375,0.04191715734654445,0.02289672116233115,1.1357357142273528,-5.458424641644526,0.013345350731278256,0.0,0.0,0.0
1748026137.574801,352.56111909413903,-320.03457043981496,18.08562160321226,0.7207009873894783,-0.6915342269582674,0.044085873011695476,0.020662418102902074,1.1396112477954476,-5.49896615616597,0.0363322350351864,0.0,0.0,0.0
1748026137.7006505,352.7071090414467,-320.7590052779301,18.093487600305785,0.7222695755548588,-0.6898369607241319,0.0452739816336422,0.02004730489949606,1.1062141830327878,-5.491188973820061,0.048742659902790045,0.0,0.0,0.0
1748026137.8228753,352.85512361018533,-321.51946753942605,18.10100130957968,0.7236869674299891,-0.6883058518753612,0.04545326238206205,0.021124118560235734,1.025681732116969,-5.541784004706073,0.054466217852496675,0.0,0.0,0.0
1748026138.0649204,352.9745864670038,-322.2108244328453,18.112541930257184,0.7238384323109802,-0.6881301209294568,0.045246983426567904,0.022081011525503534,0.9282182415817091,-5.524366667570571,0.0789538058232446,0.0,0.0,0.0
1748026138.2022834,353.08298045835284,-322.9083567635637,18.125523603896287,0.722759693295101,-0.6892108600287804,0.04525380153160595,0.02364126928272579,0.8387688723463153,-5.519731838816552,0.09710675810388229,0.0,0.0,0.0
1748026138.3799355,353.2094196686913,-323.7197354949376,18.13702373634743,0.7203970027107915,-0.6916575276714507,0.045213960058004814,0.024366384971871723,0.8022195426821247,-5.579286885786861,0.09669312596796006,0.0,0.0,0.0
1748026138.499072,353.3067785285461,-324.4235755661047,18.15013558929479,0.7183386601217107,-0.6937370411389617,0.04574708684811707,0.025013819604671556,0.8132649791289385,-5.555790102807222,0.12416933239826868,0.0,0.0,0.0
1748026138.6726701,353.4170785027857,-325.17932708220405,18.15737561489375,0.7173087643845831,-0.6947891546833533,0.0459696126805892,0.024959202340026132,0.8470835862428231,-5.585833771583329,0.1558470896668647,0.0,0.0,0.0
1748026138.7954638,353.55043413283806,-325.95917316913443,18.171724566709635,0.7168250581230504,-0.6952027600507609,0.04753142512394349,0.024407418756941465,0.9360159445926741,-5.625943147369474,0.1693062313743942,0.0,0.0,0.0
1748026138.9350982,353.67286093831046,-326.67713918913756,18.192670699863672,0.7173905166655076,-0.6945044242812497,0.04980035516164045,0.023116571500560804,0.9802961065892605,-5.601846199604671,0.15391935340268947,0.0,0.0,0.0
1748026139.060494,353.83114213338916,-327.50634772778665,18.203636897326593,0.718671638989835,-0.6930696872110522,0.0518134686230283,0.021928256886703995,1.0023480830912375,-5.676158237432292,0.1330229664731321,0.0,0.0,0.0
1748026139.198561,353.9436405938103,-328.2311458079101,18.221436769755154,0.7198810109494348,-0.6916237322553782,0.054505791326299846,0.021379002957445215,0.92353635925507,-5.653078242124657,0.1251240787774413,0.0,0.0,0.0
1748026139.3636525,354.0714356211442,-329.0243420943269,18.235788542961306,0.7205045240718172,-0.6910251244151832,0.05395616392039639,0.021124407542472086,0.8087376428604491,-5.685425885206356,0.11186199693418498,0.0,0.0,0.0
1748026139.4909034,354.1584679153308,-329.7693591375896,18.242472752907428,0.7203122280988723,-0.6913738818340772,0.05145907445627579,0.022459145687694873,0.6722862912304317,-5.690438379977309,0.09752399941701094,0.0,0.0,0.0
1748026139.6404266,354.23482551909433,-330.53723718195516,18.246027894613626,0.7185061318513319,-0.6933969286671124,0.04822139835864139,0.02498668740327124,0.5776737089058596,-5.69928570499767,0.09427192307621245,0.0,0.0,0.0
1748026139.7545078,354.3042905079903,-331.298536713965,18.251749702627652,0.716324357992115,-0.6958133409825613,0.0446806916230839,0.026960052929345446,0.5661207328207241,-5.713396136502523,0.10217420874817801,0.0,0.0,0.0
1748026139.871514,354.40365736458295,-332.1198493931077,18.25777850967527,0.7142536226046984,-0.6980396089830012,0.04371174256888271,0.02591814901793385,0.6324231081893176,-5.780552977713414,0.08444608305192372,0.0,0.0,0.0
1748026140.0867808,354.48466843260417,-332.8811866383464,18.26820465016029,0.712069779632554,-0.7001895870701288,0.046407253179287185,0.023184864566393737,0.6661355962766666,-5.78282169539159,0.10732781067363989,0.0,0.0,0.0
1748026140.2361135,354.5695715930246,-333.6251343469881,18.285050198826365,0.7110093453104847,-0.7012156177069285,0.04837813794435921,0.020540791953648465,0.6553527652936117,-5.770709744699474,0.12080054599547108,0.0,0.0,0.0
1748026140.382092,354.66172830671496,-334.4182075550169,18.305617082974152,0.7108266051276222,-0.7013915543121635,0.048555846619514696,0.02043904942430441,0.6675124504699825,-5.813571035074863,0.1330005459984377,0.0,0.0,0.0
1748026140.5081658,354.7535039698711,-335.2025420480147,18.32555449701906,0.7114542444800248,-0.7007694069064434,0.047241949397083996,0.022875632723755555,0.6584680160195971,-5.814901503836384,0.14385901236269258,0.0,0.0,0.0
1748026140.6149209,354.8387391026831,-335.9815480599871,18.350129076746935,0.7125403395568384,-0.699695846444179,0.0451964570846129,0.025870199844375934,0.6370463241333767,-5.815343283019089,0.14839844425665497,0.0,0.0,0.0
1748026140.783657,354.9441210930959,-336.8346540700535,18.368803179708447,0.7134896399972787,-0.6987336376487292,0.04499843865904676,0.026057201556886764,0.6373009714904767,-5.898432787592369,0.12947875384081792,0.0,0.0,0.0
1748026140.9039054,355.009048242981,-337.5634867040784,18.385979637880148,0.7131683786770479,-0.6990585481614325,0.045010099509852596,0.026117060318769158,0.5848406435211388,-5.869435487586725,0.11039776198590621,0.0,0.0,0.0
1748026141.0452015,355.11503692145106,-338.4226503282304,18.401703273944857,0.712573098318755,-0.699705494570263,0.04495531550691861,0.025116130837910772,0.564913815750276,-5.932568112550632,0.11767912841606815,0.0,0.0,0.0
1748026141.1270869,355.191558465343,-339.2488555486782,18.42159875452157,0.7111986115897672,-0.701065894949383,0.04575045307166782,0.024699025392617296,0.5013356030855206,-5.971802174324145,0.14333326051960515,0.0,0.0,0.0
1748026141.2473946,355.2456819096526,-339.98819182542275,18.44372656061834,0.7095398352851624,-0.7027157684124048,0.04667846402428421,0.023767455993477245,0.48368768597245415,-5.9567566673140435,0.1512226905255203,0.0,0.0,0.0
1748026141.341052,355.31660180692546,-340.7898717674968,18.47441527330028,0.7083127561204641,-0.7039324649494964,0.04718341761484121,0.023363420326265903,0.4945885401603777,-5.974232047755232,0.1830053430286302,0.0,0.0,0.0
1748026141.4755948,355.39251241092705,-341.6507903307124,18.498951303435454,0.70739766839251,-0.7049366799563392,0.04669514064264375,0.021734301123755878,0.5043530567367853,-6.058420115756156,0.18394816729872537,0.0,0.0,0.0
1748026141.5547585,355.4536557506006,-342.4520133938719,18.525536567984364,0.7070076127398429,-0.7052853418851185,0.0473877689527338,0.021615304845928808,0.4874879682486972,-6.060183457728375,0.2023567950202302,0.0,0.0,0.0
1748026141.6812203,355.5129794760058,-343.2359104466837,18.555620270529968,0.7071011480765698,-0.7051909560936284,0.047447686160975014,0.021503462756519442,0.49295521974586565,-6.057046816463298,0.2177553763881282,0.0,0.0,0.0
1748026141.7829065,355.5857800892575,-344.05522279340505,18.58094329809728,0.7076755257975071,-0.7046216338757348,0.04762137028016304,0.02087841838242444,0.4932118727696041,-6.073533521529776,0.1793458593889896,0.0,0.0,0.0
1748026141.891203,355.67879951088315,-344.9629621620588,18.60438243327314,0.7083142772028825,-0.7039953961137186,0.04742705611694568,0.020785603415025198,0.4815834646010488,-6.162817675157148,0.1686098999217826,0.0,0.0,0.0
1748026142.020475,355.7341946652028,-345.7069900295446,18.62681270815341,0.7092569600402128,-0.7030323858101876,0.047610446243933985,0.020815247896793943,0.45704137336405787,-6.133392547310689,0.1490116450034187,0.0,0.0,0.0
1748026142.1100693,355.77988766531416,-346.4703156093762,18.657043225630137,0.710247920699262,-0.7019763338369807,0.0482522464180206,0.02118581107207216,0.42345411597942884,-6.110944266906348,0.10518762239356277,0.0,0.0,0.0
1748026142.2232878,355.84749999320655,-347.35073648075837,18.679646051534153,0.7107937935655992,-0.7013709606686436,0.048624606382927836,0.022059152600982332,0.3779751024229969,-6.157852338150078,0.0820385426926622,0.0,0.0,0.0
1748026142.3336248,355.88646621698604,-348.13709256055915,18.698897079044,0.7114798622086316,-0.7006201273419309,0.048910875270840704,0.02314236624037107,0.3348067913230743,-6.148030987692252,0.05207726532695592,0.0,0.0,0.0
1748026142.4790003,355.93509127259495,-348.978413728395,18.715613658449332,0.712245357626144,-0.699848930366358,0.04825856596995736,0.024272124249725285,0.29632940635789,-6.17148708103509,0.046298585304782,0.0,0.0,0.0
1748026142.595731,355.9918129246924,-349.87865927081265,18.723742606177595,0.7125595240412443,-0.6995550998647696,0.047289721285865165,0.02540214975180076,0.2622082031440191,-6.2272434798766465,0.050760592011855066,0.0,0.0,0.0
1748026142.702272,356.0289758438025,-350.71417259513294,18.733971536017513,0.7125121888428226,-0.6996327823370156,0.046001678938393145,0.026910893047700845,0.2200708814506121,-6.234142854806995,0.04677309680086574,0.0,0.0,0.0
1748026142.813455,356.0428181290515,-351.49594367156146,18.74031998268759,0.7123341986044925,-0.6998381738003949,0.044709162606762894,0.0284184934369474,0.16400997276919793,-6.2134298187143635,0.00931901848714051,0.0,0.0,0.0
1748026142.908058,356.080708614652,-352.36288168951313,18.74640630550724,0.7118379723217656,-0.700404317430882,0.0427562470932092,0.029873008210127318,0.16553456648759377,-6.256157117796812,-0.02529780557589042,0.0,0.0,0.0
1748026143.045907,356.1067371127686,-353.19664815252577,18.75343696476719,0.7109893557046612,-0.7012763173517743,0.04048415191443318,0.0326603159809192,0.14019740238904077,-6.250156312598824,0.031523518245328536,0.0,0.0,0.0
1748026143.1492019,356.1242438137075,-354.0004928728819,18.76914250388478,0.7099685956137489,-0.7022559687191705,0.03925425721732549,0.035217196521823674,0.13734874739121666,-6.2452579300847875,0.030945299554543376,0.0,0.0,0.0
1748026143.2597778,356.15969719332276,-354.88473360517906,18.785813093151532,0.7089243008999252,-0.7032972342328426,0.03764232747135309,0.03718052039073352,0.2091655264278678,-6.29588188059109,0.050997793177244385,0.0,0.0,0.0
1748026143.3917508,356.20336688326176,-355.7709697069435,18.80261999697513,0.7083408969259836,-0.7038598079286557,0.03667161756997156,0.0385971111552533,0.2719351971977235,-6.314795041573565,0.05984544754778014,0.0,0.0,0.0
1748026143.5057411,356.25891153965154,-356.66679221133,18.814857322601025,0.7080019277672223,-0.7042521621319641,0.03568021356092777,0.03858866116617261,0.31522789085709213,-6.347617563571583,0.09673247793568733,0.0,0.0,0.0
1748026143.623468,356.2948055109807,-357.4691194920828,18.823635807063727,0.7080016325754286,-0.7043121351461484,0.035784592458518505,0.03738405407361883,0.3261425890263672,-6.3343075048084145,0.06441137990940966,0.0,0.0,0.0
1748026143.7365394,356.3443975828103,-358.30712553678944,18.83185498792196,0.7079654180693379,-0.7043808869984574,0.03610091498572883,0.03645897401692881,0.37324371453220734,-6.326187586719993,0.07503517327307206,0.0,0.0,0.0
1748026143.840175,356.3932815936513,-359.08684371268936,18.840591091247344,0.7082456736815117,-0.7040936334934195,0.03687800640778449,0.03578035255336893,0.38960461623344017,-6.282978403244571,0.07859109670023982,0.0,0.0,0.0
1748026143.9599144,356.45641211105504,-359.93864332300757,18.851096203263115,0.7083570130076279,-0.7039445261430783,0.0386426643351633,0.034629333363319637,0.4189036237116577,-6.2970366646490925,0.08592886880208885,0.0,0.0,0.0
1748026144.100021,356.5049903953675,-360.7195350809566,18.857266675227528,0.7088788128554997,-0.70335296361624,0.0408558921701321,0.033410078297011106,0.45007145791890657,-6.2542381549127075,0.04571119375920507,0.0,0.0,0.0
1748026144.2213035,356.5537310119138,-361.4972165194398,18.85906716921313,0.709825477444484,-0.7024560907869072,0.04129282185708545,0.03159327381209157,0.4580078269703504,-6.209542301153535,0.02437420875017826,0.0,0.0,0.0
1748026144.3577042,356.6436978180587,-362.44907817183554,18.85173782898431,0.7106178998391598,-0.7016832382093867,0.04163942718971766,0.030479365929809012,0.4861335623952398,-6.310744774928011,0.01980089858667245,0.0,0.0,0.0
1748026144.4910238,356.69106098321333,-363.2634172299154,18.846632350382425,0.7119322798222081,-0.7003877245828981,0.04120824349181766,0.030188489015897095,0.4317709918397881,-6.296243409337325,0.020380275128490038,0.0,0.0,0.0
1748026144.6448302,356.73578052983487,-364.0394212864925,18.842785339194645,0.7129674493840862,-0.6993968658042727,0.03971253156042462,0.030730360540889682,0.4058204604121868,-6.257929245814197,0.04557805374922259,0.0,0.0,0.0
1748026144.759287,356.78079572191797,-364.85005472528957,18.844209255881566,0.7134200901788113,-0.6990319346362825,0.037280444955919555,0.031564184003416,0.3721137958068653,-6.259284918326007,0.07709362012884767,0.0,0.0,0.0
1748026144.9254637,356.8445176857101,-365.7496508591261,18.85348097156345,0.7136559079799423,-0.6987830355822467,0.03620209560723423,0.03296850711557077,0.3651349912706247,-6.317121451708634,0.15170828131968028,0.0,0.0,0.0
1748026145.0418792,356.88775107259545,-366.54776619108264,18.878564730778532,0.7138030898352721,-0.6986525963093096,0.035580408779894164,0.033222479181044005,0.394855214498923,-6.321702268194375,0.21906633661267802,0.0,0.0,0.0
1748026145.1346235,356.94151053981005,-367.3817056706568,18.913378432940686,0.7135892118770685,-0.6987783653464131,0.036372931198751214,0.034296394744493065,0.4235002769626048,-6.31651110016712,0.2792776379381453,0.0,0.0,0.0
1748026145.294321,357.006689445475,-368.2520405200087,18.953443326531215,0.7132081308710471,-0.6990737230751292,0.03732073366218216,0.035174630122029406,0.4384450115996488,-6.33812884864335,0.29910096860636914,0.0,0.0,0.0
1748026145.4350095,357.06432105382356,-369.0676445041513,18.993608058149547,0.7129292921849002,-0.6992373830159558,0.03842056405331625,0.03636986108799371,0.45572769553687564,-6.326312997713208,0.29120793045113613,0.0,0.0,0.0
1748026145.5745873,357.1605029457567,-370.00427542443555,19.03068493049932,0.7129541752263754,-0.6991715882736405,0.03938838194001664,0.03611079542658956,0.5199905238331705,-6.393858914969734,0.3042465940816873,0.0,0.0,0.0
1748026145.7395437,357.2259625228863,-370.8481351315271,19.06708062500741,0.7133352744658277,-0.6987577803063667,0.04024927035449521,0.03564192615463753,0.5404861841362931,-6.3735860338577375,0.29440364417812387,0.0,0.0,0.0
1748026145.8528087,357.30116720020686,-371.7165467004912,19.103772894301606,0.713842467554338,-0.6982351023012877,0.040952818222959264,0.0349219144641544,0.5575047293553438,-6.376640621124296,0.26886598241070647,0.0,0.0,0.0
1748026145.952351,357.3811630891507,-372.6102504624186,19.139724317047737,0.7145198864500636,-0.6975985805952315,0.04103986069138237,0.033664254831177104,0.5472217925208172,-6.390974172989259,0.2549528559338464,0.0,0.0,0.0
1748026146.0883603,357.452803898894,-373.4583481787011,19.172560756988908,0.7151922963301633,-0.6970152969518909,0.04100864603683492,0.03143160885606786,0.5259172234541984,-6.426299033688217,0.2360708858260421,0.0,0.0,0.0
1748026146.2165148,357.5064537840707,-374.22529852348754,19.201373925257613,0.7153560122329254,-0.6968630553499056,0.04153145676663307,0.030377556673346618,0.5280889662907339,-6.360496548935584,0.24358268026298074,0.0,0.0,0.0
1748026146.3738124,357.58531194337263,-375.1110771836554,19.235124982897823,0.71518914084708,-0.6970031888753211,0.04273675883880446,0.029404369675323318,0.5103653728803278,-6.39726111169624,0.27833320277164947,0.0,0.0,0.0
1748026146.4812043,357.65591453729303,-375.98467847002973,19.27388702087479,0.7149853147208604,-0.6971884330560315,0.04344329803542714,0.028930406187833112,0.4967209834755869,-6.424564275482646,0.31222932303452644,0.0,0.0,0.0
1748026146.6285973,357.71137055295065,-376.80752707447635,19.313257508690327,0.7149455742409414,-0.6971931286569082,0.044522737340245665,0.02814770126695663,0.45878415925846316,-6.397040735579469,0.33659371468948207,0.0,0.0,0.0
1748026146.7718122,357.7512696064815,-377.59515906461627,19.34729188648641,0.71444623037355,-0.6976880750070669,0.04512693847593464,0.027595168449330028,0.43155899492121796,-6.351614789140889,0.3147916842786698,0.0,0.0,0.0
1748026146.8728795,357.8151945429451,-378.4798137729231,19.381400106038182,0.7140652713505536,-0.69802759910725,0.04559495775613726,0.0280955327916142,0.4052874658474225,-6.375577657506841,0.28734362660735524,0.0,0.0,0.0
1748026147.03771,357.8785296377844,-379.34368363845556,19.411097148543575,0.7137319239163396,-0.6984120959241252,0.04454594810729856,0.02868699281509345,0.3734660296773935,-6.418466431850998,0.24760384364345908,0.0,0.0,0.0
1748026147.1617138,357.9363319872897,-380.2154407980342,19.43906515622475,0.7131794269061162,-0.698980045182283,0.04328258823178192,0.030473251070332448,0.3702937357576234,-6.441232438966383,0.20571749036626627,0.0,0.0,0.0
1748026147.2794337,357.984456192143,-381.04243927634917,19.47166436805691,0.7126516643405376,-0.6994404251809591,0.042317438675004856,0.03346537493183418,0.3731636454550398,-6.444662804398694,0.17775690088783097,0.0,0.0,0.0
1748026147.4019403,358.0421340046285,-381.9201908748867,19.494337455870713,0.7121655127031299,-0.6999323196276432,0.039814068541147295,0.03646738821407167,0.3939411248912254,-6.472281402495137,0.1419535751796015,0.0,0.0,0.0
1748026147.559307,358.08486950933593,-382.7344845484711,19.516231914422548,0.7117198470459395,-0.7003545524757595,0.03713117070203894,0.03974463875391604,0.4021816611721848,-6.420000380517552,0.12224011752715534,0.0,0.0,0.0
1748026147.70024,358.1774485498361,-383.7183840348074,19.53273662072411,0.7108521160343777,-0.7012707505634731,0.03527009208203429,0.040799805613698774,0.4500490760187385,-6.510547532874392,0.12507802203009682,0.0,0.0,0.0
1748026147.830785,358.21893435032763,-384.49942800150734,19.549520027131674,0.7092290700052404,-0.7029390640093915,0.035133946866069764,0.040452494690865606,0.45786659430705845,-6.448922065308988,0.13751780101024252,0.0,0.0,0.0
1748026147.9497197,358.31669216643854,-385.46931649946976,19.57338038973582,0.7070358613168004,-0.705290651391779,0.035301299732963067,0.037672352044090175,0.4872867532034302,-6.532871519996221,0.14124162679314908,0.0,0.0,0.0
1748026148.098783,358.3825185583835,-386.35732222061404,19.59612932567896,-0.7047764594344104,0.7077271800602475,-0.0351303564285823,-0.03432548453070522,0.4815955856967261,-6.567912755948481,0.12308438871414965,0.0,0.0,0.0
1748026148.234644,358.4470669321732,-387.24190573145756,19.632312525282064,-0.702711841062385,0.7097836682061345,-0.03468346155124394,-0.034644916991975166,0.4972669727677654,-6.544689073711891,0.218447987068865,0.0,0.0,0.0
1748026148.3667066,358.5274171050328,-388.1163348648508,19.673653156778894,-0.7014224601303173,0.7111696562269145,-0.03344126030898791,-0.033554948901346845,0.5782503487748696,-6.609601696643254,0.2778487341313954,0.0,0.0,0.0
1748026148.4834068,358.59794157437534,-388.90991843655604,19.72619375947987,-0.700851969436137,0.7117540970374736,-0.03315428888625193,-0.033367880009158905,0.6644478146858007,-6.5386489061389375,0.31950565315337004,0.0,0.0,0.0
1748026148.6829665,358.7234598106879,-389.8547874573981,19.77918746209887,-0.7006706741442246,0.7119667106820394,-0.03416170234862764,-0.031575106769715824,0.7476012925617358,-6.5919643068310565,0.3674083911162032,0.0,0.0,0.0
1748026148.7897484,358.81960054653393,-390.67271081900986,19.831501268087624,-0.7007865501627858,0.7118589610774231,-0.0360056310765152,-0.029302306658267847,0.7696508789428465,-6.565043738648391,0.4004287358669754,0.0,0.0,0.0
1748026148.8678334,358.95721436524536,-391.67012170993223,19.881414364779417,-0.7016881103940581,0.7110092238457155,-0.03733830622322577,-0.026561818957108976,0.7778461187570243,-6.67430101154731,0.4079846448526089,0.0,0.0,0.0
1748026149.0595305,359.0531426922831,-392.5450263949127,19.924229850829768,-0.7024569273833073,0.7102711708565558,-0.03695151616252487,-0.02652761720454859,0.718337644966965,-6.679432960392794,0.37579701657190345,0.0,0.0,0.0
1748026149.1999702,359.10214370674447,-393.276201094591,19.964692984226918,-0.7032803443726808,0.7094262739295161,-0.035473954327795876,-0.02920132945391778,0.6358035709323806,-6.584760127759088,0.32725040544082035,0.0,0.0,0.0
1748026149.3082135,359.21159756621046,-394.2219579520784,20.006896262816287,-0.7040474533718859,0.7086797154638302,-0.033509264094136765,-0.03110262867566685,0.6323234849605778,-6.666141889080511,0.25813312080513245,0.0,0.0,0.0
1748026149.4363723,359.3230750386343,-395.2279378277393,20.043707681349893,-0.7041889874414002,0.7085138858043195,-0.03353418288067981,-0.031644939046304624,0.6740055404581049,-6.741926870637106,0.22552290812973064,0.0,0.0,0.0
1748026149.5560644,359.3977342404118,-396.01320997926695,20.07521910470921,-0.7033322836536179,0.7093146256435655,-0.03488896068183864,-0.03129250774956255,0.6682529493128645,-6.678063155653753,0.20243761438221927,0.0,0.0,0.0
1748026149.693278,359.4751217197244,-396.9033396852524,20.108597210377518,-0.7021928309395644,0.7104240232417847,-0.0360611337776797,-0.030373179101051258,0.6109187767979606,-6.6757246896479305,0.1897153990454323,0.0,0.0,0.0
1748026149.8219023,359.5451682300029,-397.70586027398815,20.13311463196736,-0.700831955522823,0.7117869351638516,-0.036012079748912094,-0.029950945899330353,0.5894584594594576,-6.602905021240168,0.18113182291959612,0.0,0.0,0.0
1748026149.994073,359.6224569925718,-398.5600506167113,20.15303761900071,-0.6992260903825305,0.7133577347157449,-0.03630074147643869,-0.029763619031345414,0.6113880036503011,-6.577248360056118,0.1697767894327083,0.0,0.0,0.0
1748026150.1071093,359.69815384027845,-399.38039094462613,20.172684075448657,-0.69813495821676,0.7144774240620496,-0.03623972468432172,-0.028570491352893575,0.6264204958466723,-6.542543373436097,0.18529880247814462,0.0,0.0,0.0
1748026150.258945,359.81440308588157,-400.36458879386186,20.190512907610483,-0.6974393643864216,0.7152153749905288,-0.03628129516921463,-0.026999407442868,0.6756405517888034,-6.656487287347012,0.18930750608077282,0.0,0.0,0.0
1748026150.380432,359.91470962481236,-401.2823875936076,20.210205479758812,-0.6970360940843779,0.7156452971604661,-0.03693322378313463,-0.02506848971692378,0.711469222919937,-6.699120544274679,0.176858152572724,0.0,0.0,0.0
1748026150.489028,360.02883155486023,-402.22711218320774,20.22977939252726,-0.6972878077502116,0.7154352028060532,-0.03741499675567805,-0.02328737354314657,0.7426864161597928,-6.751398523803089,0.11937196109416275,0.0,0.0,0.0
1748026150.675388,360.113256616746,-403.06432949130755,20.25355320458796,-0.6980550770520788,0.7146388612562214,-0.03909493238034221,-0.021954353700442977,0.7322038088786509,-6.691677894585111,0.14341504192212298,0.0,0.0,0.0
1748026150.799599,360.2386093073236,-404.027857439868,20.28289692870107,-0.6993599901534747,0.7133210197070698,-0.04048465053657925,-0.02072969096559026,0.7548136381741108,-6.762744456727411,0.14028530755284213,0.0,0.0,0.0
1748026150.9412026,360.3282509661364,-404.8657739598344,20.30776049834598,-0.7008688538077262,0.7117542308094107,-0.04187797587032208,-0.02085664939900843,0.7315601571401373,-6.7239600237056605,0.1629259890405469,0.0,0.0,0.0
1748026151.0364249,360.4380420053105,-405.83051840795224,20.3316217344749,-0.7023279383578427,0.7103114023552984,-0.0423785664330787,-0.01993077502630191,0.6968307123814488,-6.786942657148356,0.2026978885905661,0.0,0.0,0.0
1748026151.187241,360.5156617221134,-406.6978847365878,20.354760832393158,-0.7035467917554681,0.7090790937676262,-0.04319863609280909,-0.019042805255293636,0.6160689097819366,-6.788566259179965,0.1739125190649566,0.0,0.0,0.0
1748026151.2975588,360.59625488436257,-407.62983239504814,20.382187970385967,-0.7044689174606807,0.7080960278923438,-0.04440143716123065,-0.018763581557884077,0.5763581021421466,-6.80281270366128,0.1649725731619962,0.0,0.0,0.0
1748026151.4148226,360.63937360093513,-408.4201746461221,20.408304343488663,-0.7048021831758544,0.7077106772645524,-0.04484410303896506,-0.019710055781977757,0.49827395064075164,-6.752251970286805,0.19023648037214735,0.0,0.0,0.0
1748026151.5923352,360.68072938139693,-409.2670198092847,20.436731881092044,-0.7046813735392786,0.7077319934225489,-0.04588199658147028,-0.02084297633830039,0.4329823708067535,-6.7270543673811325,0.20224594870488044,0.0,0.0,0.0
1748026151.7068,360.7279191650235,-410.14555308116127,20.4699672485962,-0.7047725198023427,0.7076179023634209,-0.045621654117099224,-0.022164481989627522,0.3584519872479778,-6.715363433663119,0.19547806142443006,0.0,0.0,0.0
1748026151.8408246,360.772779006615,-411.01413948717163,20.506915294611666,-0.7045756570910077,0.7077387026412892,-0.04552461799959982,-0.024628872779527945,0.3356231264333737,-6.711466732031465,0.23299088406510973,0.0,0.0,0.0
1748026151.950706,360.831568574643,-411.94574559167023,20.543701571536857,-0.7039475827502435,0.7082863870403775,-0.04490152362289225,-0.027785749040120437,0.33253589642822995,-6.729175336816729,0.26557504973741153,0.0,0.0,0.0
1748026152.110539,360.8982234091164,-412.9325219733259,20.58245292020193,-0.703364398099402,0.7087901699096628,-0.04500236760790699,-0.029492464043894877,0.3310829527294552,-6.789178936373,0.2770402041323612,0.0,0.0,0.0
1748026152.205544,360.9125070817339,-413.69474645361896,20.620411112639612,-0.7029893315553465,0.7091486237528442,-0.044624808815466384,-0.03037853826301212,0.32015523252222094,-6.688796674630036,0.28953344335865466,0.0,0.0,0.0
1748026152.358337,360.96872529922024,-414.6466943154097,20.65583615936924,-0.7024107769240806,0.7097132381220216,-0.044466958546207275,-0.030804377820594742,0.32452797903489355,-6.740180202841635,0.2971010183572953,0.0,0.0,0.0
1748026152.4970212,361.02411577255896,-415.5960485622756,20.686040171599608,-0.7021653198389421,0.7099557305879298,-0.0443394514938123,-0.03099576200165283,0.3374488818292497,-6.7930142424665005,0.26956590414345005,0.0,0.0,0.0
1748026152.646095,361.07403042433714,-416.5174254370786,20.722829849351537,-0.7019932327625226,0.7100343843021548,-0.04566065663688464,-0.031173365230132536,0.33694703747404336,-6.814721745490563,0.2619052304943535,0.0,0.0,0.0
1748026152.795237,361.1190154977269,-417.4159458058028,20.757291771385074,-0.701911642464633,0.7100460386419615,-0.04687622872793828,-0.030940076950542333,0.33347559229539325,-6.805256407624849,0.23502702265541955,0.0,0.0,0.0
1748026152.913043,361.1850987325068,-418.3920322828558,20.790085415352433,-0.701819317900154,0.7100968481383526,-0.04830131527104377,-0.029649523254638408,0.3427535542426532,-6.83858501748187,0.22081811541149737,0.0,0.0,0.0
1748026153.0221674,361.21707193055516,-419.2883820718764,20.820440701346396,-0.7018690793866482,0.7099702622201042,-0.05027241265159882,-0.02819054256737415,0.3112917815937225,-6.819307760759378,0.18944721913279525,0.0,0.0,0.0
1748026153.1951933,361.2541405641618,-420.1679260586444,20.843504847315007,-0.7018194032060012,0.7099860071680201,-0.051437598794689975,-0.026899225628646283,0.2810994299322915,-6.7900550990019735,0.1682009526378007,0.0,0.0,0.0
1748026153.3007696,361.25875477879185,-420.916814319012,20.860568227799806,-0.7020768225108036,0.7097458484706821,-0.051886258109846574,-0.025627760165956977,0.2283396247868068,-6.6501940409471105,0.15342159786682247,0.0,0.0,0.0
1748026153.4120731,361.3161111038909,-421.9066453099346,20.879236249948516,-0.7027027414393915,0.7092135494204866,-0.05166550592015492,-0.023572738279062873,0.2174881901301198,-6.723094270284841,0.16143462017717702,0.0,0.0,0.0
1748026153.5736935,361.3517213985234,-422.871572224598,20.895839187192966,-0.7034783366659597,0.7084998191777352,-0.05151117827504116,-0.022199877916961996,0.18798400018222888,-6.78277123652901,0.14346691545325302,0.0,0.0,0.0
1748026153.6941495,361.381871139984,-423.80727779948126,20.91395930038048,-0.7048679467645791,0.7071819924881995,-0.05107913726640904,-0.02111229169052975,0.14804052381274982,-6.816567720104751,0.14414664611568906,0.0,0.0,0.0
1748026153.857546,361.3959893427083,-424.70423121404883,20.930980297220977,-0.7058104126113025,0.706329229235942,-0.05014136880077663,-0.02040893214274641,0.09776104201044514,-6.821826152632577,0.13576969736295763,0.0,0.0,0.0
1748026154.0043192,361.39869277687217,-425.6048071910931,20.95562941000541,0.7062077878915995,-0.7059131332110945,0.049754225434267246,0.02194825124662697,0.0037205794769704075,-6.812631655421678,0.15526267877456124,0.0,0.0,0.0
1748026154.1163616,361.3859143452085,-426.45150014856694,20.987890441148423,0.7064087514996853,-0.7057314358373257,0.04874072679227218,0.023540557075050476,-0.07018186977796305,-6.766939420204452,0.19289301446337515,0.0,0.0,0.0
1748026154.2140534,361.3895761540954,-427.4171202857214,21.015260856336003,-0.7060076521955251,0.7061625551882882,-0.0471242163799348,-0.025825354245153097,-0.12543056296420285,-6.8199829573057205,0.20463290887500402,0.0,0.0,0.0
1748026154.379762,361.38639275215183,-428.4032711688373,21.04543036304474,-0.7046596392149141,0.7075050867431214,-0.04524767683884937,-0.029051554774270436,-0.16740560855701206,-6.869837065743379,0.24985110680416575,0.0,0.0,0.0
1748026154.507988,361.35495595561997,-429.26834710626247,21.069805281642697,-0.7029692741459296,0.7092473149384653,-0.042025546966010116,-0.03219160234486731,-0.21476637096600498,-6.85712036871189,0.21653677724477813,0.0,0.0,0.0
1748026154.6727774,361.33819937230686,-430.2143495430183,21.09822649511848,-0.7009482068069652,0.7112624543400637,-0.03853944284325367,-0.03594501030157358,-0.20534289383240828,-6.864252640877064,0.23948202857207052,0.0,0.0,0.0
1748026154.8370159,361.3361572003561,-431.2637029055529,21.12264054174982,-0.699104595522536,0.713130234380573,-0.03517963376820517,-0.03821552955953261,-0.14921545611532663,-6.974702208510196,0.20076201854052195,0.0,0.0,0.0
1748026154.9451149,361.327880395752,-432.2234654975252,21.14573841510693,-0.6976635704415229,0.7145576970377112,-0.033829937880903216,-0.03909444188018287,-0.06997706021699325,-7.023697370076595,0.17482718851815962,0.0,0.0,0.0
1748026155.064306,361.31149138942993,-433.13063722361636,21.161592479175827,-0.6965939692801343,0.7157724387538434,-0.03300194773698944,-0.03657224806445078,0.005293658046007153,-7.014096062133367,0.12492263491999295,0.0,0.0,0.0
1748026155.2178638,361.313832101113,-434.04142094760334,21.16266285870603,-0.6959101404927406,0.7165509532834532,-0.03344271157388926,-0.0338436515543802,0.04182388926922548,-7.061499915303662,0.06308047807647903,0.0,0.0,0.0
1748026155.3059247,361.3262045794699,-435.03225870453616,21.17021185458762,-0.6954178426996044,0.7170287486919199,-0.03483074854402525,-0.03241321582612589,0.04653924899941048,-7.081735664349764,0.1449611930859004,0.0,0.0,0.0
1748026155.4169018,361.3350401077915,-436.0048481459796,21.18338289970044,-0.695625157013717,0.7168535586235717,-0.03506428278740266,-0.031577088069805144,0.04891428578283037,-7.13233182432831,0.17987228555742774,0.0,0.0,0.0
1748026155.554723,361.3421864768874,-436.95487046514376,21.20100611312639,-0.6958778031073084,0.7166188335313438,-0.03395323578509769,-0.03253779879531171,0.04395166789185601,-7.133648827733917,0.23853675713688324,0.0,0.0,0.0
1748026155.7013342,361.32992507547044,-437.81557656061,21.22805174817533,-0.695831495000117,0.7166020712504472,-0.033637947005391765,-0.034183191289488137,0.02059771580025733,-7.070732438664349,0.2734702412910621,0.0,0.0,0.0
1748026155.8196907,361.3481717704261,-438.8408165650535,21.25709019855273,-0.6948176749919486,0.7174961919375734,-0.033153115587935524,-0.036448374458637696,0.003950614457128399,-7.142388017559164,0.3076586576777891,0.0,0.0,0.0
1748026155.9720662,361.35272950669344,-439.7460182948714,21.297238422875512,-0.6934633880524661,0.7187269190805158,-0.03425023590477952,-0.036973863204857904,0.012592397286358494,-7.1282254770758415,0.31951512381689445,0.0,0.0,0.0
1748026156.0803576,361.36589415059416,-440.75020437853925,21.337609053569217,-0.6918539122580849,0.7201615751392725,-0.03589358452868014,-0.037644659326213185,0.06276520942460527,-7.147830419876985,0.2991515252745421,0.0,0.0,0.0
1748026156.2099047,361.35222106772926,-441.5561448712539,21.37481853593516,-0.6902813836127497,0.7216083537675025,-0.03734063633547407,-0.03739882469657171,0.07344970488923894,-7.0542861637710885,0.24855953732152092,0.0,0.0,0.0
1748026156.3601694,361.39273030186666,-442.6475366440642,21.40069749726898,-0.6890240584112636,0.72270541915667,-0.03901382490621211,-0.0376914515273837,0.11505463900264705,-7.176604779838812,0.21910445147457777,0.0,0.0,0.0
1748026156.4961784,361.40897442460164,-443.53178035665394,21.426619074938632,-0.6884226648961245,0.7232370805485372,-0.04013312540012815,-0.037305388653178125,0.1583872836187987,-7.094322880988301,0.2080945906131413,0.0,0.0,0.0
1748026156.617635,361.41941526849797,-444.4252744255057,21.436828186001023,-0.688493464325823,0.7231898633603343,-0.04046059182287165,-0.03655286066548796,0.19796811259509167,-7.033425910523376,0.16791621300899826,0.0,0.0,0.0
1748026156.740534,361.45261182970495,-445.4311045160505,21.44875395213616,-0.6888807671696515,0.7229185136068454,-0.040380649521859754,-0.034662868496626704,0.21445881742491402,-7.087174753625901,0.13188371453780737,0.0,0.0,0.0
1748026156.9115975,361.47129932446086,-446.3355737465272,21.451268401707583,-0.6899098127988205,0.7220062733446071,-0.04099401854082544,-0.032417308629859753,0.2134256866814934,-7.073223386812271,0.08247278058395366,0.0,0.0,0.0
1748026157.010962,361.50869676916915,-447.3709626253064,21.46578799264167,-0.6904503102761673,0.7215387576500276,-0.04122375374501508,-0.030996651037963,0.17203051884249307,-7.139552645099724,0.14636200199627689,0.0,0.0,0.0
1748026157.171999,361.4965862750467,-448.16229499751364,21.477262227609693,-0.6901266050530772,0.721773639506645,-0.04202630247780027,-0.03165236501890809,0.0960309929262267,-7.02403870936138,0.09873558317793038,0.0,0.0,0.0
1748026157.28234,361.4985587960472,-449.1198874047051,21.493030444120645,-0.6895496496905521,0.7222645544855464,-0.04269781425173969,-0.03212616696022406,0.020342131448810804,-7.033708033873763,0.10430255543555939,0.0,0.0,0.0
1748026157.407451,361.4997217058025,-450.0866310132115,21.513333417326066,-0.6884556895245884,0.7232809784955649,-0.042397030829250684,-0.033104100721593456,-0.01530405601040352,-7.0584544886394385,0.15204297558349686,0.0,0.0,0.0
1748026157.5465825,361.5018526917024,-451.1183365622303,21.536491883109466,-0.6869883689238613,0.7246372977222698,-0.04176431918003393,-0.03469163237046297,-0.011497745600237036,-7.120187508546387,0.19918582334196147,0.0,0.0,0.0
1748026157.695607,361.48111355862926,-451.9967604936055,21.55855034480154,-0.6853726293479021,0.7261819616028841,-0.04080564015160192,-0.035482633993949894,-0.017800682706783217,-7.057272142988555,0.17687438924699334,0.0,0.0,0.0
1748026157.8927202,361.4865878468974,-452.98861126554687,21.580056709600363,-0.6842939135427789,0.7272476123055475,-0.040042811529541124,-0.03534577101999108,-0.0031847158354793106,-7.119263596255422,0.1530317748184219,0.0,0.0,0.0
1748026158.038912,361.48315776506695,-453.9244382976956,21.599369525866365,-0.683577255557343,0.7279220299540922,-0.039873758274619156,-0.0355209430232651,0.04126687674131984,-7.124832498025185,0.14158158646863833,0.0,0.0,0.0
1748026158.1405609,361.5094800594886,-454.9788640930139,21.620527691303455,-0.683463906366485,0.7280184918735937,-0.03990427590809331,-0.03569051622789648,0.08832051002600598,-7.2068851853482,0.09511980971599991,0.0,0.0,0.0
1748026158.231648,361.5093944932193,-455.92316252281853,21.638430730361904,-0.6837561690920845,0.7277183064071543,-0.039958026619122025,-0.03615140186943435,0.08253922742909774,-7.200968926879097,0.05580170496901721,0.0,0.0,0.0
1748026158.3646069,361.52138117697655,-456.86970369887615,21.656445439945042,-0.6843539614517861,0.7271214321938125,-0.04064464876095198,-0.03608449551767682,0.09369416045767942,-7.214935795020391,0.03956186237840594,0.0,0.0,0.0
1748026158.4762423,361.52787156744,-457.81519413307916,21.67052604103922,-0.6852509048247255,0.7262187769509894,-0.040660937815863385,-0.037204483286813306,0.10760867567804726,-7.1746297206828755,0.012344060138980224,0.0,0.0,0.0
1748026158.6201181,361.5503986397307,-458.844863617666,21.684273290441993,-0.6855807347983688,0.7259173107633339,-0.04025446516970515,-0.03745253050675196,0.11245184714076495,-7.223533683344366,0.02890710836614023,0.0,0.0,0.0
1748026158.738187,361.55023292674616,-459.7545605081779,21.69250926869597,-0.6859767759271893,0.7255488586201749,-0.039895291925519,-0.03772376340819942,0.06695461000318302,-7.189703508794179,0.021492593581868922,0.0,0.0,0.0
1748026158.8688197,361.56667191801296,-460.7644864080935,21.69700689697648,-0.6863619689288518,0.7252213775994151,-0.03897040627618243,-0.03798037013492514,0.05803813378797849,-7.221696158750113,0.011533261300552398,0.0,0.0,0.0
1748026159.0353203,361.57341217469144,-461.7254538530181,21.691913528201496,-0.6859793542167371,0.7256815065052112,-0.03741153110188675,-0.03767033375652596,0.050652464837096324,-7.224958572909752,-0.07170730420434597,0.0,0.0,0.0
1748026159.1955228,361.58819921411555,-462.7231437116999,21.685613733671598,-0.6848709919083569,0.7266843631645477,-0.03704680320600057,-0.03884707385138914,0.04337171167297248,-7.2541605918433945,-0.0507062471705997,0.0,0.0,0.0
1748026159.3257074,361.59633422310276,-463.7000409202545,21.682039735679066,-0.6837852445806016,0.727766957586313,-0.03660963075726529,-0.0381146910682114,0.028357865837358737,-7.287403721206126,-0.06867984455673952,0.0,0.0,0.0
1748026159.41577,361.6080961436062,-464.7018134356673,21.68426561079915,-0.6823768306495064,0.7291246350744317,-0.03625064980977826,-0.037749409381878436,0.04934117190351814,-7.2891780973344975,-0.038571956741767034,0.0,0.0,0.0
1748026159.5372164,361.6182708777447,-465.6685397446189,21.685953694910857,-0.6804999853995527,0.7308510695179378,-0.03673185825402194,-0.037779023874385635,0.10455256985167137,-7.274068450528215,-0.03007331817654007,0.0,0.0,0.0
1748026159.6868167,361.65357327906764,-466.7543321278929,21.68747459442017,-0.6793602538276222,0.7319344311623786,-0.03699483257195622,-0.037054235402274774,0.17659709160980172,-7.375924354529411,-0.03639088239086465,0.0,0.0,0.0
1748026159.8501155,361.6701468647153,-467.6828072686088,21.696070543339737,-0.6790813576491602,0.7322148562984959,-0.03838002567655716,-0.035169411968540475,0.2296989064655314,-7.332060101465816,0.007909899550818566,0.0,0.0,0.0
1748026159.9674177,361.72208514268607,-468.8054421300791,21.69637156565647,-0.6796195894689041,0.7317551598065022,-0.039837843030326885,-0.032627380669765456,0.2867785248685427,-7.429784058891806,0.01071399643681687,0.0,0.0,0.0
1748026160.1087925,361.7540822949273,-469.77537756485043,21.70012104937223,-0.6807424134507317,0.730693842976915,-0.04181593872679905,-0.030458194846333313,0.30818735134409186,-7.4163992469720545,0.002044368516248166,0.0,0.0,0.0
1748026160.2215128,361.7864759004374,-470.76149943677507,21.708028400416925,-0.6824339846977937,0.7291506449140901,-0.043513860108740685,-0.02701365449721624,0.2695836851330397,-7.443805670202295,-0.0033511707627102852,0.0,0.0,0.0
1748026160.382155,361.8271331955418,-471.824710647978,21.7088317654642,-0.6839853724549919,0.7276992521869075,-0.04500246743376222,-0.024343100852086172,0.22367407382335894,-7.482200489446823,-0.0024268414226076783,0.0,0.0,0.0
1748026160.487019,361.83021148943936,-472.7284753806736,21.721370304169717,-0.684586752137275,0.727085781244541,-0.04652413092371095,-0.022863743174420272,0.12993872060162415,-7.403822749951113,0.020042004415524273,0.0,0.0,0.0
1748026160.6601534,361.8362987622088,-473.73005809467935,21.73313428386245,-0.6848713714939585,0.7268801211477713,-0.046089693302467004,-0.02173094934581173,0.05481668245114081,-7.419670030786049,0.03077468345754209,0.0,0.0,0.0
1748026160.800407,361.8458423224492,-474.721941760989,21.73601901536701,-0.6848865794515357,0.726930476110176,-0.04512676272491937,-0.021587762166954946,-0.017812748231180724,-7.4406235440895125,0.015365358193765371,0.0,0.0,0.0
1748026160.9087129,361.845987058927,-475.7604072845112,21.742662538749666,-0.6844597372230692,0.7273132024784703,-0.04499320925078199,-0.022494104613300914,-0.0402364827448458,-7.424510289723499,0.055379589025977366,0.0,0.0,0.0
1748026161.0355299,361.8399628559761,-476.7101789902437,21.74984695512828,-0.6840067679997263,0.7277823187134442,-0.04437326226669643,-0.022330505915955874,-0.07824029270777921,-7.4161122850808345,0.09946113717430441,0.0,0.0,0.0
1748026161.164103,361.8282531676193,-477.69673315192483,21.76074324271005,-0.6837045985575447,0.7281113306904479,-0.043845877089405946,-0.021896371702011145,-0.0807621042596508,-7.447368890925509,0.13356190930913348,0.0,0.0,0.0
1748026161.303467,361.8306568774361,-478.74271425668724,21.771208064961325,-0.6841046320815769,0.7277403983309929,-0.04379233924561932,-0.021840238665702883,-0.05115772236394967,-7.4960761117019254,0.11750724783738796,0.0,0.0,0.0
1748026161.435654,361.829884249892,-479.76897527322313,21.783918098725028,-0.6850810234302825,0.7267712779210751,-0.0443909152961792,-0.022292320737233036,-0.0299907130221021,-7.552649606676556,0.1176841263252826,0.0,0.0,0.0
1748026161.6159897,361.83659874661095,-480.8620570851666,21.796901105831644,-0.6870040949243544,0.7248285679279551,-0.04574505166830486,-0.02358624430770356,-0.04314467120959579,-7.6282161306081715,0.1151722838309913,0.0,0.0,0.0
1748026161.753532,361.80533554996236,-481.7454755090631,21.8144865928787,-0.6890423905278705,0.7228254616762739,-0.04607965081915713,-0.024911880469034205,-0.07953535063989589,-7.547480416623874,0.05632415897350811,0.0,0.0,0.0
1748026161.8847237,361.80993465954157,-482.8635978509615,21.82059293193897,-0.6906761488945949,0.7212777376668431,-0.045117040868273055,-0.026255192203117818,-0.10995848468379808,-7.617629972660387,0.012961991706936236,0.0,0.0,0.0
1748026162.053821,361.77910630896633,-483.85496772798166,21.824162491072773,-0.6919414805493581,0.7200964832646328,-0.0434745442270053,-0.028071449718969223,-0.18473681522499472,-7.591082621331741,-0.010109459648653993,0.0,0.0,0.0
1748026162.2212453,361.7480411634676,-484.850743463423,21.81749048001683,-0.6926794437942958,0.719474172548037,-0.04085025820946633,-0.029721365805807937,-0.2525312491327918,-7.596572285183167,-0.005051273399729609,0.0,0.0,0.0
1748026162.3503058,361.70003613516565,-485.79033214860743,21.81255803294047,-0.6929948806367743,0.7192621625838126,-0.038686354302639774,-0.03038754477167904,-0.3018315433949661,-7.550224040066344,-0.018199304564530467,0.0,0.0,0.0
1748026162.4780846,361.6717735535422,-486.8588190075046,21.811776613213002,-0.6917566721272655,0.7204563883310475,-0.037163752547766764,-0.03215827384923443,-0.2996533162045655,-7.581961582814349,0.007642668432552583,0.0,0.0,0.0
1748026162.6308725,361.6321485727076,-487.82162908911573,21.814153581071242,-0.6904908213365163,0.7216609196893116,-0.037349769226662506,-0.03213934320914204,-0.298434540535514,-7.576040583765939,0.024951434896323645,0.0,0.0,0.0
1748026162.7556942,361.59409698645374,-488.8775075498326,21.824394268532323,-0.6894644258478285,0.7226532280376364,-0.03813146250602564,-0.030937179319707398,-0.2533216749073313,-7.600303681939969,0.0635935438993656,0.0,0.0,0.0
1748026162.8688753,361.5718588410024,-489.89846860108656,21.83036211518597,-0.6888060298086933,0.7232030599406979,-0.040446637583855555,-0.029793571450185723,-0.19190148741407562,-7.622504029767713,0.030764225834782402,0.0,0.0,0.0
1748026163.0644214,361.54051531402865,-490.84930600121976,21.837492031464162,-0.6884033291598535,0.7234641386818458,-0.043430355353634334,-0.028535954107448674,-0.18997536683292207,-7.576855014566976,0.02937135346343679,0.0,0.0,0.0
1748026163.1907115,361.52973593023916,-491.9471680035606,21.840827666875796,-0.6885943724605333,0.7232188992758606,-0.04536159872949992,-0.02710238562563947,-0.1759119479438377,-7.63805033184263,0.03155374073246871,0.0,0.0,0.0
1748026163.3798728,361.5075772672742,-492.941608894238,21.84343460588507,-0.6896724797969835,0.7221748416265049,-0.046475709895935774,-0.025600334413457996,-0.16528011485831817,-7.6102879210183065,0.0766837061964012,0.0,0.0,0.0
1748026163.527419,361.5044310902181,-494.0582494592297,21.853598328537625,-0.6914155699383109,0.7204000992797983,-0.04756999650584342,-0.026557523170873912,-0.15325634256919993,-7.636210933541514,0.14110480912289367,0.0,0.0,0.0
1748026163.6362607,361.47528691489856,-494.9865840639098,21.86739938237799,-0.6932906310744905,0.7185785843766648,-0.048103395775048255,-0.026057287933938685,-0.1845754485628059,-7.557848016039729,0.15729378457146626,0.0,0.0,0.0
1748026163.8209696,361.4607312328893,-496.025062992186,21.876273159334737,-0.6954615310305596,0.7164866346224515,-0.04841972692567125,-0.025212919475282886,-0.22428178950909422,-7.606742519047026,0.11980545741999288,0.0,0.0,0.0
1748026163.937901,361.43339420711976,-497.09443485293815,21.88857072645502,-0.6972616290864471,0.7146736301713132,-0.04908076349637356,-0.02566907859827275,-0.27728411710099066,-7.631770251161103,0.13357620885261226,0.0,0.0,0.0
1748026164.0358312,361.3960428004079,-498.19693457356817,21.901733228719014,-0.698372098383149,0.7135959396583823,-0.0485721034409962,-0.026419649322137754,-0.34632116594895956,-7.671529256649563,0.14684575219259247,0.0,0.0,0.0
1748026164.1732428,361.33844798280506,-499.142712079276,21.910813637684036,-0.6987635404133674,0.7132192933565304,-0.047138740995361306,-0.028734878986346496,-0.4185507726035809,-7.611693816594657,0.13111212345181272,0.0,0.0,0.0
1748026164.2645643,361.2841603104036,-500.28432150450783,21.91698227162195,-0.6991642846421753,0.7128739717019373,-0.0455601133432911,-0.030071242455997425,-0.4733929453132342,-7.676348909048504,0.10363623189555987,0.0,0.0,0.0
1748026164.3926167,361.22880681647246,-501.3420676053593,21.916716832658274,-0.6990034225550334,0.7130758929978839,-0.04324316216196891,-0.03235761128163498,-0.4978237928340831,-7.708495697798558,0.10423548239987748,0.0,0.0,0.0
1748026164.5140834,361.15742320701946,-502.3835504241464,21.91712956293716,-0.6985615427967755,0.7135779191176381,-0.04102725767204589,-0.033691073017079125,-0.5063221667121803,-7.722386586578401,0.11802275685168562,0.0,0.0,0.0
1748026164.6270926,361.0831742535309,-503.4049246247465,21.919672249304753,-0.6983742136948904,0.7138122347408773,-0.03877550597393152,-0.03524218093058322,-0.5034710406837992,-7.754739858432375,0.10612692012520714,0.0,0.0,0.0
1748026164.7560208,360.9875715847543,-504.23926002147687,21.94228948670853,-0.6984026531391299,0.7137848218354611,-0.0370294959077087,-0.03706451993975172,-0.48417145946715795,-7.5754860021139105,0.15336334334204013,0.0,0.0,0.0
1748026164.8664224,360.94682286911774,-505.3782636419294,21.967055314306545,-0.6982230806736919,0.7139698155738945,-0.036514691989937086,-0.03739397455203758,-0.40741563585704216,-7.690403378355203,0.18424217582672991,0.0,0.0,0.0
1748026164.9760704,360.8915059891298,-506.42020266851057,21.998226145220777,-0.6983918838675452,0.7137796461920668,-0.03711773883461998,-0.03727823351064254,-0.3712852847395919,-7.718225992414584,0.20529421725190541,0.0,0.0,0.0
1748026165.09952,360.83849554796944,-507.40480799427905,22.037073963923692,-0.6991702038760544,0.7130326459354208,-0.038182795710647525,-0.035882390583242746,-0.33463198592456217,-7.672861015000166,0.2371713148124703,0.0,0.0,0.0
1748026165.252385,360.7949479191801,-508.3722079730748,22.072231361270784,-0.6995595810080208,0.7125915896879818,-0.03986012190786091,-0.03522484360970512,-0.3622854730653314,-7.585919561963321,0.29064053732390077,0.0,0.0,0.0
1748026165.401049,360.7355585899386,-509.3438094324,22.11883833816601,-0.6989925058824508,0.713170343873945,-0.041081536666154064,-0.03331433151120896,-0.3875590901012628,-7.533014765667665,0.34834929138315474,0.0,0.0,0.0
1748026165.5244563,360.68317916548926,-510.3962230837999,22.163563261664105,-0.6982347923442778,0.7139446571047899,-0.041707928107844176,-0.03180644721464926,-0.41894427169385684,-7.546136029034428,0.35729873369353854,0.0,0.0,0.0
1748026165.6225574,360.6245309945384,-511.39274326841314,22.205250054398626,-0.6974739722715398,0.714714635698361,-0.042109938912699194,-0.030656166868793935,-0.42590283260438433,-7.520044227503997,0.34447613656077963,0.0,0.0,0.0
1748026165.7566833,360.5787635981529,-512.4231947680852,22.238310694213045,-0.6969969372035759,0.7152374506986541,-0.04226833926048669,-0.029052472237059902,-0.4144657083621442,-7.581063894559364,0.32414257321310785,0.0,0.0,0.0
1748026165.8582036,360.5204782245389,-513.4911108898793,22.272092116550006,-0.6963460947549109,0.7158463045506521,-0.04327311648079978,-0.02817129693143129,-0.42692918470465263,-7.625686800536554,0.3066901418415105,0.0,0.0,0.0
1748026165.9675372,360.45618867650154,-514.491094710826,22.30494640556116,-0.6957080798907642,0.7164140634878701,-0.044089309605346856,-0.028236323946786553,-0.46537703263667074,-7.609955561388472,0.2838260394362166,0.0,0.0,0.0
1748026166.0688562,360.389941704713,-515.4697642951518,22.336390037435056,-0.6950715638711435,0.7169504187023267,-0.04541465270332912,-0.02819800595995133,-0.4598244356775148,-7.566326229968089,0.2402479860171229,0.0,0.0,0.0
1748026166.198577,360.33198778639763,-516.4542133462871,22.3680189785541,-0.6946335509259898,0.7172754241728017,-0.046647392649924374,-0.02870917213438567,-0.45017711551887335,-7.539528980651179,0.21954973032835523,0.0,0.0,0.0
1748026166.3799472,360.2805508066469,-517.5533028457515,22.38679848955063,-0.694242698037549,0.7176000718603567,-0.04750253354897776,-0.028648252895837886,-0.4607768031731323,-7.593089222990881,0.22286015876909962,0.0,0.0,0.0
1748026166.4952874,360.21566011140254,-518.5710598016982,22.40797219988116,-0.6944532106272978,0.717443204950723,-0.04743338979004949,-0.02756917576748022,-0.48651283611421364,-7.594255406534711,0.1928037697033498,0.0,0.0,0.0
1748026166.6330397,360.15675723955883,-519.6639185136032,22.425429359489485,-0.6947783950117907,0.7171207278510422,-0.04781161004589745,-0.02710891838585001,-0.5016891401123755,-7.647125264465916,0.15346128422205868,0.0,0.0,0.0
1748026166.7410512,360.08494737416817,-520.6696200270297,22.441600921247506,-0.6950406637753946,0.7169108393557164,-0.047493625528173336,-0.026489236439179796,-0.5167610353553793,-7.639849060820735,0.1106858475152168,0.0,0.0,0.0
1748026166.891816,360.00504386376633,-521.6585038326289,22.45774451805682,-0.6957164462566526,0.7163002906991487,-0.046873769557340544,-0.026369863098138917,-0.5556016942915465,-7.641634670483041,0.047085074495040444,0.0,0.0,0.0
1748026167.069336,359.9342383743873,-522.776557414887,22.466453624186684,-0.6962584318535496,0.7158413494985398,-0.04589948777253475,-0.026241102171287528,-0.5733054008608445,-7.726968806096909,-0.04092335210754978,0.0,0.0,0.0
1748026167.2045,359.8408176703114,-523.8085686635764,22.472131713656957,-0.6963583421130477,0.7158202814247937,-0.04444757328903991,-0.026660782044270272,-0.6423580583291598,-7.6887956116528935,-0.045598735538851694,0.0,0.0,0.0
1748026167.3084085,359.75423749442575,-524.8157682013554,22.477935183571184,-0.6962234910500751,0.7159639601512656,-0.04350238619536137,-0.027856788577884702,-0.6729493435617298,-7.692779937010174,-0.06139720891280325,0.0,0.0,0.0
1748026167.432465,359.66972363635966,-525.9254138982385,22.47997499173363,-0.6960534355387141,0.7162457347497926,-0.040999904833019477,-0.028647340734635877,-0.6960652487213231,-7.751504402594446,-0.04376494996240341,0.0,0.0,0.0
1748026167.5811524,359.56701146349303,-526.8904846690322,22.481746689973058,-0.6955358792529411,0.7168241151891694,-0.03940331544663451,-0.02898977900770213,-0.7208878554540249,-7.684729819740232,-0.04303909251006352,0.0,0.0,0.0
1748026167.7598011,359.4710156317329,-527.9752330818325,22.481122887380867,-0.6947372384870373,0.7176830135425111,-0.03786542110604331,-0.02893909840350107,-0.7379347694815726,-7.737074188880668,-0.05170357513919641,0.0,0.0,0.0
1748026167.8664505,359.3621592105401,-528.9958761499004,22.47735974442334,-0.6942609947599456,0.718206391261234,-0.03670460283766965,-0.028879453543565185,-0.7792421857080648,-7.756464386097062,-0.10924468320004221,0.0,0.0,0.0
1748026168.031569,359.25467296522925,-530.0537236651217,22.473306130814997,-0.6932784719027396,0.7191330338133102,-0.03666894599624043,-0.029462322959871442,-0.7726388619755534,-7.783912419604615,-0.14631041874317752,0.0,0.0,0.0
1748026168.146515,359.1483016160931,-531.1519393726952,22.46627810302489,-0.691989783720753,0.720319420140997,-0.03718026654181865,-0.03012805957447078,-0.7739775321543103,-7.8269567809060065,-0.18391703684332383,0.0,0.0,0.0
1748026168.2816265,359.04216574893746,-532.2286706999876,22.461815279167926,-0.6908670012669792,0.7213228778515419,-0.03799076338984,-0.03086736699815023,-0.7885000162601821,-7.870311599477358,-0.18615716036269517,0.0,0.0,0.0
1748026168.399202,358.9280557602727,-533.2408966980587,22.45292079217486,-0.6902660428692566,0.7218640395980132,-0.038295857004994174,-0.031281395958444744,-0.7894063128269251,-7.8143424751648825,-0.19421705449075014,0.0,0.0,0.0
1748026168.537281,358.8286335243552,-534.3493800257387,22.447688754225595,-0.6898573690236984,0.7222440323898242,-0.037726750024835796,-0.03220342238879498,-0.779296534145499,-7.845938944564853,-0.18058542306414296,0.0,0.0,0.0
1748026168.6219964,358.71887800802284,-535.39787793034,22.440279771384446,-0.6888468013009803,0.7232223276343537,-0.037458259686895014,-0.032193600758293486,-0.777845131418416,-7.853954190592266,-0.10152817536364046,0.0,0.0,0.0
1748026168.76216,358.6007092735591,-536.3002675616634,22.43100917236475,-0.6882685780360847,0.7238357798972463,-0.036313487218624534,-0.03208518154466483,-0.802283278307314,-7.754187275876571,-0.10187123288023509,0.0,0.0,0.0
1748026168.90736,358.50820478873123,-537.498023063239,22.416009117728358,-0.6873810118010243,0.7247085591160701,-0.03586682126281043,-0.03191269483781659,-0.8052329286500972,-7.8827257871321805,-0.08522400729159106,0.0,0.0,0.0
1748026169.075363,358.401203616587,-538.5861803056681,22.41161943237281,-0.6857004754067244,0.7262353904840101,-0.03593060610772552,-0.03325668624894935,-0.8209587516626501,-7.910911309711665,-0.05867999623669947,0.0,0.0,0.0
1748026169.2508965,358.30710074995216,-539.7882074521685,22.409846009006877,-0.6836013990698344,0.7281463152546741,-0.03633299041421763,-0.03423426030113697,-0.8019366202730622,-8.044054700179503,-0.011699165112631187,0.0,0.0,0.0
1748026169.372275,358.20585677709477,-540.8447842308924,22.421780899676786,-0.6818958305716359,0.7296039513218596,-0.03828865565263812,-0.03507319935309488,-0.7843361015362573,-8.029437140283111,0.0320653701018748,0.0,0.0,0.0
1748026169.4840758,358.099915566219,-541.7351165179722,22.443438057091797,-0.6801277338335739,0.7311107052255015,-0.04008644093009075,-0.03600666089261098,-0.7513415947794794,-7.866374293291446,0.09080328611479548,0.0,0.0,0.0
1748026169.592456,358.0134963474923,-542.8880423058771,22.46090303018569,-0.6778844612528242,0.7330724655984027,-0.041432281370332315,-0.03688879821702634,-0.7180694660897399,-7.916955960508789,0.10808111077940523,0.0,0.0,0.0
1748026169.7550309,357.91964130774045,-544.0371122016155,22.47729894932832,-0.6767910714412755,0.734037960308468,-0.04274031390510917,-0.036268223155360886,-0.7104211745073732,-7.972968813433546,0.1067755083362236,0.0,0.0,0.0
1748026169.9039056,357.817959585086,-545.028003217181,22.491717533622197,-0.6765169445493915,0.7343261257565724,-0.0434770383138005,-0.03463685765710656,-0.6761834317287322,-7.907580641408087,0.11316759848078757,0.0,0.0,0.0
1748026170.0305314,357.7221728818448,-546.0904365636113,22.51573267365658,-0.6764485102610711,0.7344060200576044,-0.04418934634538416,-0.03335434511866213,-0.6239683038435697,-7.8444902584208664,0.13321434259249437,0.0,0.0,0.0
1748026170.17714,357.62967649080235,-547.19529906147,22.531194096197886,-0.6769344523049067,0.7339109265154931,-0.04623559478862334,-0.031571648648254146,-0.6515032845399766,-7.866919149364489,0.14020527446439443,0.0,0.0,0.0
1748026170.2789922,357.53942178996186,-548.0653070673018,22.538892180539367,-0.6776953326753112,0.733155526527801,-0.04780592076945805,-0.030440169697728708,-0.7043972675721417,-7.808230025863688,0.10128024646341231,0.0,0.0,0.0
1748026170.3752012,357.4480527904692,-549.2640478398062,22.54761438735127,-0.6780975826952019,0.7326241748321491,-0.04954582210705965,-0.03147536030249657,-0.7792342716713065,-7.904205348555769,0.1231265724737808,0.0,0.0,0.0
1748026170.5195339,357.32578683722863,-550.1144775206809,22.561707289060614,-0.6774518528736598,0.7330122803010337,-0.049738739174277125,-0.035749710366342426,-0.8652219044749193,-7.710673039424605,0.1160337882821258,0.0,0.0,0.0
1748026170.6553059,357.2157954255135,-551.2894148098019,22.56827517924787,-0.676336933250073,0.7338878248608949,-0.04881435699932755,-0.03992708095482493,-0.8848648214601922,-7.802092978957495,0.09291111755066037,0.0,0.0,0.0
1748026170.7817717,357.09753650687134,-552.3084374098776,22.576254890162176,-0.675251051220635,0.7347381173616242,-0.04826437795655101,-0.04320262193190135,-0.891852225740236,-7.743448043348744,0.10204519643430293,0.0,0.0,0.0
1748026170.8973544,356.9773106956458,-553.3334191388554,22.582026294341574,-0.6743095690202293,0.7354608223728998,-0.04903786781000246,-0.04471321284564006,-0.8761893375828239,-7.704391089095717,0.02784224540323285,0.0,0.0,0.0
1748026171.040598,356.8631801162548,-554.3857450772907,22.583199337222172,-0.6732739989619098,0.7363854217985321,-0.04971733592085552,-0.044348837565030066,-0.8487446208822841,-7.686376813451834,0.005988788771685886,0.0,0.0,0.0
1748026171.240109,356.75573675869,-555.3778825507276,22.586086320703924,-0.6723962566975032,0.7371701510756373,-0.05124311689844013,-0.042867065596331376,-0.8190963005063753,-7.625331820982213,0.020349224383815687,0.0,0.0,0.0
1748026171.4307158,356.6485649053971,-556.3797380736682,22.59617754600022,-0.6720391199880446,0.7374508686178011,-0.05354871824705733,-0.04076974803261394,-0.8210006928415382,-7.579109134135957,0.07978767355428526,0.0,0.0,0.0
1748026171.6092494,356.5421031671861,-557.346137395385,22.619880916446935,-0.67175547967128,0.7376048931813759,-0.05480659633794673,-0.04098577905016563,-0.8455485360416488,-7.488019641707117,0.11861977865715093,0.0,0.0,0.0
1748026171.7431118,356.4197342587546,-558.2576158837569,22.65751531837351,-0.6716195386218675,0.7375879130068468,-0.0552958831917623,-0.04282092046648641,-0.8741126793672513,-7.380871783771338,0.12249555481685438,0.0,0.0,0.0
1748026171.888582,356.3144316156249,-559.4144757536858,22.681176875847363,-0.6716582068350901,0.7374383322548017,-0.054907520304382174,-0.04522304198471952,-0.8771841403600263,-7.455235627640042,0.10891942895628104,0.0,0.0,0.0
1748026172.0094712,356.1932392603207,-560.4006403902906,22.69637921332356,-0.6716289933877024,0.7373621223560899,-0.05398375841035852,-0.047930674765086154,-0.8942378672697572,-7.376974245677013,0.09263923697309032,0.0,0.0,0.0
1748026172.2436342,356.07191143748815,-561.3485934708434,22.69872147269498,-0.6712006116391551,0.7377824575929213,-0.05322019579495883,-0.04831557681451939,-0.9050098904960923,-7.300827380250129,0.07102051818925088,0.0,0.0,0.0
1748026172.3288896,355.9537170801313,-562.3395330661145,22.700023162671084,-0.6710324747012596,0.7379540464188636,-0.05347833984074647,-0.047742124357916776,-0.9153386028587489,-7.271929397855713,0.07795115410935761,0.0,0.0,0.0
1748026172.5183086,355.83694586542174,-563.2811481456574,22.710157514915345,-0.670555466771824,0.7384439391919133,-0.05324523215339031,-0.047126000319172516,-0.9145599563171971,-7.190051088436785,0.1096376757137707,0.0,0.0,0.0
1748026172.6391962,355.72465521831305,-564.3085065311597,22.72303944286332,-0.6694895800816899,0.7393456059464018,-0.05371447170275836,-0.047608115479234825,-0.910744007304613,-7.177925356898627,0.09810773523161928,0.0,0.0,0.0
1748026172.7765548,355.61283437795976,-565.3430318071972,22.7397783083662,-0.6682267951490746,0.7403723930207432,-0.05518485310482635,-0.04771060558548661,-0.9370125213945533,-7.180650024292711,0.09772800425237751,0.0,0.0,0.0
1748026172.9297767,355.48219333381604,-566.1411098604419,22.766612832506016,-0.6665551737795388,0.7416143609685057,-0.055602333365135856,-0.051192972538779066,-0.9647660290066158,-6.942316862953606,0.179053543892035,0.0,0.0,0.0
1748026173.0959752,355.36133269754134,-567.0287890712618,22.795192127085627,-0.6648863546829508,0.7430108534786144,-0.054251026724548915,-0.05401697019206959,-0.9583012052577439,-6.835949051293132,0.19409775695645717,0.0,0.0,0.0
1748026173.2604015,355.270482919944,-568.1943778617899,22.83060261973475,-0.663188368307545,0.7444965647008391,-0.05235777641600617,-0.05625581337956936,-0.8981572599928896,-6.963039350744672,0.2112140624992732,0.0,0.0,0.0
1748026173.3669195,355.157547663457,-569.1615673533826,22.85569764740784,-0.6621174117299936,0.745463030210331,-0.05002530552856544,-0.05816246625082937,-0.8626631044857731,-6.918746251471086,0.24098643073049186,0.0,0.0,0.0
1748026173.4786332,355.04075521816924,-570.0444776174588,22.87849455322263,-0.6613891690419661,0.7461890173370996,-0.04968630933815317,-0.057424630114826715,-0.7853600834607632,-6.848823256129664,0.19265561776124895,0.0,0.0,0.0
1748026173.5874546,354.9360759000113,-571.0176561153845,22.894022729581607,-0.6611963062849041,0.7465176281553835,-0.0497261542751773,-0.05530085884921859,-0.7077972834317732,-6.8495423891408835,0.17025993367318956,0.0,0.0,0.0
1748026173.6692965,354.8392181510332,-572.0109471282998,22.911183093394193,-0.6617205919324453,0.7460565535447156,-0.051564297036693525,-0.053540642475289835,-0.6496245815833721,-6.857688274115775,0.18490150525421295,0.0,0.0,0.0
1748026173.7740488,354.7507780844294,-572.9526307497297,22.92403139072985,-0.6631219387087794,0.7448886313285794,-0.054017935944126204,-0.049922779538820995,-0.6201585872912041,-6.868954104305103,0.14182524495546633,0.0,0.0,0.0
1748026173.8786104,354.67153024705897,-573.7958983813525,22.944231091789206,-0.6647647862221866,0.7433279823391498,-0.05719882050702474,-0.04774499558261842,-0.6143510624012601,-6.747120943402816,0.1665119492198706,0.0,0.0,0.0
1748026173.987555,354.5581029035263,-574.7115365436835,22.94961040360381,-0.6658588647314078,0.7423173973806881,-0.058207558283277255,-0.04699716973671082,-0.6864359742537746,-6.691067323449409,0.22078130430257686,0.0,0.0,0.0
1748026174.090478,354.4476187378408,-575.5617689792979,22.974968409438954,-0.6671134809940465,0.7412174226251074,-0.05745593282257766,-0.04748843708195143,-0.785811132311552,-6.588805205068113,0.20549456929713672,0.0,0.0,0.0
1748026174.195332,354.3395046000562,-576.4500926714987,22.990530910400107,-0.667842129562132,0.7406701774394322,-0.05474327937018681,-0.048966841817236956,-0.8668298328318729,-6.545643966943396,0.23026350297416098,0.0,0.0,0.0
1748026174.3379529,354.21243130145893,-577.3517916745143,23.00025314671843,-0.6672928878397737,0.7412792081462833,-0.05159279753547011,-0.050631222096036266,-0.9264082710139261,-6.507530787263025,0.21751754507807292,0.0,0.0,0.0
1748026174.4472904,354.07855715948784,-578.1618726793895,23.00922469980454,-0.6653138613755173,0.7431783068617627,-0.04901724366247898,-0.05138851910121313,-0.9651485299513857,-6.425278438015318,0.15959504217737633,0.0,0.0,0.0
1748026174.5756779,353.9448627435645,-579.1188783459168,23.019967685765014,-0.6628322138330608,0.7455180060034531,-0.04780365005217373,-0.05070670637586602,-0.9776864756445448,-6.451716344713608,0.12344199705955813,0.0,0.0,0.0
1748026174.686093,353.81567557256943,-580.0478066497857,23.025074786499584,-0.6600582542495661,0.7481103180252164,-0.04788209108015836,-0.04859381045993596,-0.9306201309252825,-6.526825194994879,0.003360065148551564,0.0,0.0,0.0
1748026174.7874217,353.69023042127117,-580.8210252217527,23.021326061640043,-0.6576517354211044,0.7502788770200709,-0.04787459781039822,-0.04778937622111615,-0.8392133286167561,-6.4178971243112235,-0.055204546778962346,0.0,0.0,0.0
1748026174.9162407,353.5770197923118,-581.6207430310058,23.004115223978093,-0.6572570523975311,0.7507611197660179,-0.04829398503034724,-0.04515084862184539,-0.75977007285129,-6.360131395186677,-0.09894739231895495,0.0,0.0,0.0
1748026175.0368078,353.48664487124046,-582.6529134095372,22.99037377505891,-0.658692531245274,0.7496349716413047,-0.04921161750340172,-0.04183031528369021,-0.6766448255414701,-6.478887498128259,-0.12097536160886854,0.0,0.0,0.0
1748026175.169166,353.3990381923125,-583.5047376219147,22.97192482393176,-0.660829586920078,0.7478322426201984,-0.0503562668077032,-0.03892865707772992,-0.6508095368554839,-6.42095940873368,-0.1033210701656527,0.0,0.0,0.0
1748026175.2827225,353.3050618864897,-584.4060932339669,22.95425028103967,-0.6628493162703274,0.7461406979356445,-0.05097388874783399,-0.03614561480999286,-0.6917749628720915,-6.404867688853841,-0.10768239048275663,0.0,0.0,0.0
1748026175.4751146,353.2017946322227,-585.1839872534773,22.931761738126244,-0.6648963376463114,0.7444617228995858,-0.05095555347051319,-0.033062590527911516,-0.7851388425610971,-6.362914418712551,-0.16615323023589756,0.0,0.0,0.0
1748026175.6168928,353.0889486159745,-586.1042640301038,22.917594547664034,-0.6662021114854199,0.7433742238816066,-0.05051146699193388,-0.0319077047609213,-0.892750699400825,-6.371153826165981,-0.1144378129866716,0.0,0.0,0.0
1748026175.6865292,352.97295878137965,-587.0038436848292,22.91540863871379,-0.6666302076336653,0.7430740461269765,-0.048884052546656266,-0.0324881155100761,-0.9545673387995882,-6.384970688592275,-0.08708771834903219,0.0,0.0,0.0
1748026175.843013,352.8483207105747,-587.9241128841543,22.912263464076304,-0.6658639246875095,0.7438369787708493,-0.04647490372641055,-0.03423253038299526,-1.0002334899858603,-6.405334913240192,-0.12690542042824773,0.0,0.0,0.0
1748026176.0080593,352.72203618160125,-588.7968266344435,22.904393648121786,-0.6649539860984739,0.7447080105244749,-0.04481116492824261,-0.035187141546351,-1.0270308063297866,-6.411757295505362,-0.12457500344574328,0.0,0.0,0.0
1748026176.1022196,352.60513812876167,-589.7578608306267,22.90009031682098,-0.664046592200677,0.7455594152337542,-0.042535357927738014,-0.03706784413652086,-0.9965273673284966,-6.458020425333553,-0.06459217737225263,0.0,0.0,0.0
1748026176.222129,352.4800207913121,-590.6301475323162,22.893654914133414,-0.6629012912171128,0.7466666112096164,-0.04011655848605799,-0.037967243021673695,-0.9804391282043581,-6.459442572647445,0.0008372116708687934,0.0,0.0,0.0
1748026176.3457675,352.3521301071343,-591.4984140455264,22.882612616942776,-0.6620861195174517,0.7474698025283883,-0.0384954792811549,-0.03806524300998312,-0.9703709455050484,-6.4825646110791935,-0.04124864878796373,0.0,0.0,0.0
1748026176.482254,352.2280671046973,-592.3518827464243,22.864695112559037,-0.6618476312402929,0.7477348899805758,-0.037187279262881984,-0.03830605158945051,-0.9508690102761665,-6.482566617262555,-0.08949098013365075,0.0,0.0,0.0
1748026176.6594722,352.10557849937777,-593.2759903976204,22.84125161742812,-0.6617671151111508,0.7478567489492572,-0.03548141383813138,-0.038931191614952884,-0.9104171688391322,-6.527622205575918,-0.14482321132956968,0.0,0.0,0.0
1748026176.7538426,351.98161632689624,-594.1267550157885,22.811579522390183,-0.6617027667998627,0.7479139554147559,-0.034720094246142655,-0.03960654946849151,-0.8806761941840572,-6.536553074996284,-0.18778059915934975,0.0,0.0,0.0
1748026176.898669,351.8700114713544,-595.073282788095,22.77866509161541,-0.6621722177790371,0.7474992064053732,-0.0340153449963045,-0.04019759606881266,-0.8575717088870458,-6.601714883778925,-0.23687947339149698,0.0,0.0,0.0
1748026177.018981,351.7614906601017,-595.8982143535443,22.747952133518805,-0.6628435691577449,0.7468722503428299,-0.033549076017135505,-0.041166782634253864,-0.827105703228307,-6.5428235484472195,-0.2194617974202046,0.0,0.0,0.0
1748026177.1648796,351.6509426397108,-596.6702631880272,22.724356497441807,-0.6628878769905922,0.746792454707933,-0.033748439800208856,-0.04173409806449667,-0.8154420871459079,-6.429847193924065,-0.19052840423547163,0.0,0.0,0.0
1748026177.277879,351.5482084367284,-597.5986906275477,22.701230265409958,-0.6627085953788475,0.7469277610660858,-0.03410683386087012,-0.04186837999954739,-0.8288912944034678,-6.46697246457435,-0.13708077912653496,0.0,0.0,0.0
1748026177.4453788,351.43781190511777,-598.461727682147,22.681514677200134,-0.6620666603772963,0.7475493097219176,-0.03419749254465268,-0.04084480695017049,-0.8345533756811154,-6.45583600385407,-0.12835466446578786,0.0,0.0,0.0
1748026177.5833428,351.3311996344055,-599.2314030676558,22.66191071235174,-0.6604313048866463,0.7490287649968508,-0.03479414655969738,-0.03969594561408811,-0.829278288872034,-6.375687302847346,-0.11817009700640224,0.0,0.0,0.0
1748026177.6954513,351.2308362350578,-600.162237829784,22.638980545220814,-0.6588836574103129,0.7504638652420449,-0.03468971793344976,-0.0383788539859791,-0.8289969574711843,-6.433880348142687,-0.11970297091692687,0.0,0.0,0.0
1748026177.8581803,351.1219720088174,-600.9996034997819,22.617445481018468,-0.6570736676699086,0.7521579356575878,-0.03410072181166757,-0.03673929577514637,-0.8400254374612087,-6.446274419507014,-0.14345009887201268,0.0,0.0,0.0
1748026177.9379013,351.02101373513517,-601.887160715965,22.592134620646636,-0.6551578959562986,0.7539217371036,-0.033778416053395044,-0.03505943949537661,-0.8027794214239186,-6.474011626826702,-0.17641158924415443,0.0,0.0,0.0
1748026178.1170948,350.9223234969951,-602.8756376148519,22.559411885373773,-0.6533255401986431,0.7555470791165789,-0.0344105313460144,-0.03361941544766066,-0.7614422467179847,-6.578224807828415,-0.1756954091099757,0.0,0.0,0.0
1748026178.2482622,350.82440768951557,-603.6530994429714,22.53585405279704,-0.6520970042351157,0.7566049371440118,-0.03553633104448905,-0.032490542205232564,-0.7443988736659958,-6.518533534574714,-0.16399370376219402,0.0,0.0,0.0
1748026178.3655179,350.7360513293336,-604.5657990251507,22.5124433996934,-0.6513272753615955,0.7572639592290742,-0.03704838682226981,-0.03084628756617208,-0.7096898230089912,-6.54778798918021,-0.1238750267505519,0.0,0.0,0.0
1748026178.4967449,350.64423601238815,-605.3758953351131,22.495825693282015,-0.6512307418379787,0.7572799017479198,-0.03905222937882552,-0.03000990960267225,-0.7032878899285263,-6.488503713575978,-0.0796566800738202,0.0,0.0,0.0
1748026178.7002816,350.55444218057113,-606.1872097160882,22.483530295089807,-0.6512763948248818,0.7571795619672225,-0.04069631603808353,-0.029359467705634596,-0.7198088411933861,-6.44855426822708,-0.07419875581083021,0.0,0.0,0.0
1748026178.8442168,350.45243107724434,-607.0450511171679,22.469937428012177,-0.6515993179790208,0.7568720136945836,-0.04156257165713363,-0.02890737505251681,-0.7830325052971709,-6.457972169473884,-0.10999153778085351,0.0,0.0,0.0
1748026178.9535909,350.3684760613583,-607.9145729036776,22.34909734500854,-0.6516916563525558,0.7566921721829665,-0.04198074328757788,-0.030863551164903996,-0.7914138984241025,-6.448496883251299,-0.30397750960708836,0.0,0.0,0.0
1748026179.0634778,350.25789371002026,-608.549853775301,22.284889329540757,-0.6515394395159468,0.7567363726038298,-0.04196671088711372,-0.03294262149497389,-0.8316589598017797,-6.269929548937672,-0.41224459480965664,0.0,0.0,0.0
1748026179.2111845,350.14518200447856,-609.6418076839936,22.40551875411371,-0.6510337959564299,0.7574069070691787,-0.03820688487471865,-0.032093731391542514,-0.8696484299524143,-6.484155053434184,-0.1655419195217412,0.0,0.0,0.0
1748026179.3243904,350.02959774534696,-610.4556323155186,22.40021227405057,-0.6504511328168546,0.7579518425422623,-0.03624366187672801,-0.0332975251006088,-0.8904905790853871,-6.44593520317291,-0.11820717103593267,0.0,0.0,0.0
1748026179.4648528,349.9135175649976,-611.3255808217257,22.398489506315364,-0.649323029648926,0.7589161727405542,-0.0346001991000243,-0.03505241992513492,-0.8762100534189987,-6.451448963752448,-0.06021767316158643,0.0,0.0,0.0
1748026179.5602503,349.7946749277555,-612.2026550323149,22.402426194719745,-0.6477211389137236,0.7602961699081895,-0.03338964522025108,-0.03594706969020038,-0.8745948111588902,-6.453959904017803,0.0018541031259015819,0.0,0.0,0.0
1748026179.6790469,349.6794621217234,-613.0541591827393,22.408685532244306,-0.6465257755657753,0.7612751298487329,-0.03301652764183274,-0.037074345649568026,-0.8803540703207465,-6.448274604973938,0.05323385724956047,0.0,0.0,0.0
1748026179.8667426,349.56454713393936,-613.937443832834,22.420721819781278,-0.6449713810287477,0.7625650458110442,-0.03310173084737752,-0.0375598718844686,-0.8561155672137918,-6.457032063774272,0.06586815464719808,0.0,0.0,0.0
1748026179.9692545,349.451418245527,-614.7543739590992,22.431523335098387,-0.6431878517190093,0.7640736024901525,-0.033245678142105495,-0.03735829578122922,-0.8364055025770641,-6.440446964861563,0.0637330445282191,0.0,0.0,0.0
1748026180.114352,349.338019588766,-615.7136934238381,22.43960738206573,-0.6418519093818633,0.7651713034972605,-0.03406079932038773,-0.03713306716144017,-0.8196214471126472,-6.504636981598942,0.06404934023411238,0.0,0.0,0.0
1748026180.2784748,349.222464534844,-616.5482827297028,22.446658088344694,-0.6406871109764937,0.7661827461194004,-0.034748033624556064,-0.0357295331169513,-0.8166917055347226,-6.509963424481878,0.031100913762502413,0.0,0.0,0.0
1748026180.392032,349.1096657685908,-617.3291017819408,22.454353546011966,-0.6397646448176838,0.7669642720259077,-0.03564416027338807,-0.03459043965429514,-0.7806434415865339,-6.446703522099352,0.0399254261592044,0.0,0.0,0.0
1748026180.5133529,349.00612468018954,-618.196604897082,22.457494667477302,-0.6393109578689617,0.767366172796408,-0.03618266669510212,-0.033488365551267045,-0.7394793307871553,-6.439308626361341,0.06909057194180925,0.0,0.0,0.0
1748026180.6906219,348.90915778846477,-619.1268186889232,22.45706821962447,-0.6393057075740559,0.7673891701348654,-0.03746643513558902,-0.031596519763876244,-0.7383479197234565,-6.500128978859512,0.05865600896186653,0.0,0.0,0.0
1748026180.7775488,348.80287715363795,-619.918499464208,22.464284352087624,-0.6396515412496686,0.7670978150905525,-0.039532918279288495,-0.02905161325205359,-0.7634180780741885,-6.443604645907736,0.11781029957381739,0.0,0.0,0.0
1748026180.9163156,348.69297348736995,-620.8703150162127,22.47138964313574,-0.6400143013355254,0.7667420520215589,-0.04140722408566298,-0.027816569545650434,-0.7903217926974566,-6.504212946091393,0.13632261046311042,0.0,0.0,0.0
1748026181.0703294,348.5731810861215,-621.7123887149485,22.48827986480336,-0.6402520091254117,0.7664965366786445,-0.04239232904303124,-0.027628147039290316,-0.8591246320150978,-6.493526687181753,0.1697614125405633,0.0,0.0,0.0
1748026181.1952674,348.4602536106307,-622.5716558594363,22.506768631735167,-0.6404008947929085,0.7663038136270169,-0.042685940477132193,-0.029035661775052214,-0.930649134915163,-6.493293684378939,0.15577204873809872,0.0,0.0,0.0
1748026181.3032932,348.331981177236,-623.4386987492337,22.525206336617618,-0.6403134157699336,0.7663268361034368,-0.042375282657779886,-0.03076109998699595,-0.9912802242476574,-6.4996825600036425,0.10593410764206998,0.0,0.0,0.0
1748026181.5017352,348.1987243046803,-624.374523881398,22.540937391158625,-0.6392111652860868,0.7671826568708466,-0.04062506306235173,-0.034488569430637536,-1.0290665006864967,-6.521867251863384,0.10179730964858012,0.0,0.0,0.0
1748026181.6172972,348.0596698713924,-625.2632806489265,22.554358440672697,-0.6376910898104715,0.7683334336178963,-0.04024213256159548,-0.037341391620588305,-1.0501406231250863,-6.519629752325264,0.05979702850510696,0.0,0.0,0.0
1748026181.7159426,347.9189962453718,-626.1803508539807,22.564101632616183,-0.6362561132688584,0.7694755120654574,-0.039350938416752926,-0.03920584529542512,-1.0369770569931591,-6.544490895738429,0.026257518576105837,0.0,0.0,0.0
1748026181.840538,347.78715966199223,-626.9906444493823,22.57068694680937,-0.6346398543246088,0.7707585220551378,-0.038825842257427697,-0.04069533087739157,-1.01145406961829,-6.460964623766286,0.04681544582613308,0.0,0.0,0.0
1748026181.9608803,347.6608657689618,-627.8790517415456,22.577516369652738,-0.6330546979339474,0.7720682947636445,-0.03937738233654361,-0.04002148678945714,-0.9658266147490934,-6.465360747953558,0.02329390477709182,0.0,0.0,0.0
1748026182.1157022,347.53806061042906,-628.8305999950652,22.578114308955495,-0.632234239727831,0.7727720112954493,-0.0401104851959517,-0.03865790542053756,-0.9320391257152584,-6.533309087710283,0.009753574871001022,0.0,0.0,0.0
1748026182.2053497,347.41633038612656,-629.7253314710599,22.578362945783198,-0.6318842886887525,0.7731532637839653,-0.040342006142948326,-0.03645269467232771,-0.901888980110776,-6.549633216650168,-0.02561784644473003,0.0,0.0,0.0
1748026182.3772793,347.2873104800591,-630.5150258277333,22.57693874874428,-0.6318309118335529,0.7732224014840109,-0.041459603698144346,-0.034610951389306935,-0.9095150165672985,-6.480399851488991,-0.03829135737841037,0.0,0.0,0.0
1748026182.513286,347.1685113866473,-631.3963963227328,22.56960007464645,-0.6320692263514528,0.7730285442302077,-0.04254750626364497,-0.03324263250025126,-0.9331326033053703,-6.485271557306627,-0.08565077650492274,0.0,0.0,0.0
1748026182.6560042,347.0393508344664,-632.305006702844,22.559511595494214,-0.63234350574909,0.7728259183030519,-0.04299265171274612,-0.03214689152471021,-0.9592117150961847,-6.515407285714513,-0.08594913354060715,0.0,0.0,0.0
1748026182.7622921,346.89865057984787,-633.0656012013945,22.550547989126965,-0.6323815327448483,0.7727565565619714,-0.04408702934317191,-0.031579030660479165,-0.992759239389479,-6.412848443662507,-0.08596540128491159,0.0,0.0,0.0
1748026182.9021087,346.76307435327925,-633.996621571131,22.53933722716523,-0.632039919766668,0.773058756509668,-0.04435762432458558,-0.030628417676217042,-1.0404874037441139,-6.442755017184422,-0.07616629883038711,0.0,0.0,0.0
1748026183.0360563,346.61001486995406,-634.7754736848406,22.52865161597429,-0.6315956051859751,0.7734075691394027,-0.045109965216380984,-0.029880002440071645,-1.105982433481186,-6.377575210467118,-0.09513068262707783,0.0,0.0,0.0
1748026183.1868844,346.4680949501971,-635.4997046360334,22.52367312750883,-0.6311569449692749,0.773785116960797,-0.04444670628143113,-0.03036435225309396,-1.1245050950397175,-6.2618072879651,-0.06732331322133323,0.0,0.0,0.0
1748026183.3089056,346.3152194406322,-636.5294393979465,22.513857304519618,-0.6308530008354042,0.7740997082633172,-0.042821794783910024,-0.03099075499398937,-1.1512642963689559,-6.397902608644775,-0.07228778033731025,0.0,0.0,0.0
1748026183.4796174,346.15594735297765,-637.3124092313384,22.510112058847586,-0.6307485881577625,0.7742141889931806,-0.04149464817203755,-0.032043755580451444,-1.1872059750768247,-6.337274406278321,-0.05485364797952626,0.0,0.0,0.0
1748026183.630108,345.9909343287294,-638.239751482655,22.508491178288423,-0.6306467005911917,0.7743281077420696,-0.04014391286696001,-0.033002830996140604,-1.2000983438405761,-6.373279462843023,-0.038960862169695014,0.0,0.0,0.0
1748026183.770714,345.83874282784274,-639.1140309238065,22.49901898814574,-0.6302829332159983,0.7746308847637892,-0.03962504718176996,-0.03347046612387238,-1.2038013250618365,-6.411809603344583,-0.047190797109075866,0.0,0.0,0.0
1748026183.9344463,345.68003199452454,-639.8984496585766,22.50233300789475,-0.6297958041039403,0.7749659854734517,-0.03949846959288968,-0.03499767695222965,-1.2086384354032824,-6.3399012058918505,0.019668667194196483,0.0,0.0,0.0
1748026184.0569823,345.51965350788936,-640.8143921139239,22.500115635070397,-0.6294019649561351,0.7752587220817708,-0.039316379909338534,-0.03579528762729173,-1.2084561484535454,-6.396230235350618,0.013536957742714932,0.0,0.0,0.0
1748026184.1508732,345.3569286670444,-641.6970358757598,22.49567669080359,-0.6297925592885358,0.7750394416198726,-0.038799689566397254,-0.03420205093124748,-1.2099429047880406,-6.422140932643523,-0.039855072505869955,0.0,0.0,0.0
1748026184.2649546,345.19433935519027,-642.5272424489373,22.492894782684186,-0.6303205601823186,0.7745915776727414,-0.038863484543876343,-0.0345471963986874,-1.1868281315374065,-6.38633414495921,-0.032974431126540034,0.0,0.0,0.0
1748026184.3652422,345.0323688418586,-643.4387089049818,22.486907692101926,-0.6307715727483661,0.7742321468958053,-0.038910434085259925,-0.03431885553105831,-1.2084619248994348,-6.4471194059672055,-0.0473814882660972,0.0,0.0,0.0
1748026184.5374491,344.86622670065157,-644.3488387870315,22.481958496257235,-0.6319947487275016,0.7732353776649626,-0.03917639590589764,-0.03398379484414799,-1.22054060518354,-6.476786234389894,-0.046297829410277984,0.0,0.0,0.0
1748026184.6747816,344.7081495198444,-645.1353303400244,22.48281626974078,-0.6329569117268521,0.7724075216305388,-0.039832080141675316,-0.0341405011293306,-1.2245288704160113,-6.41983549475206,-0.05105030269943982,0.0,0.0,0.0
1748026184.779347,344.53773206391315,-646.066273736789,22.483634138047258,-0.6335934007960727,0.7718820970372599,-0.03964389483507299,-0.03443533567914288,-1.244539117005845,-6.460632031495676,0.015182759422964508,0.0,0.0,0.0
1748026184.882188,344.3657415025604,-646.8322047159427,22.499573950311326,-0.6346999676648931,0.7708914369901766,-0.039978787136116904,-0.03583350388295177,-1.2787050138514031,-6.375135407664724,0.006502866528944859,0.0,0.0,0.0
1748026185.0289044,344.18575304176153,-647.7623727481597,22.505499304772382,-0.6356686664479001,0.7701057048586459,-0.0391869831763286,-0.036427052997112276,-1.295018828245874,-6.420735616361599,0.03403308485697417,0.0,0.0,0.0
1748026185.1655483,344.011189659877,-648.6029041757002,22.512338552626197,-0.6365023910692781,0.7694937845781071,-0.037212665024542436,-0.03686786162126422,-1.305125426504586,-6.409348908410353,0.012472795002429822,0.0,0.0,0.0
1748026185.3242822,343.83769640046677,-649.3528102040215,22.522120200561638,-0.6373101123112416,0.7688595176334775,-0.03559890901340951,-0.037730366646826836,-1.315378526131581,-6.32353152579684,0.011158439331487873,0.0,0.0,0.0
1748026185.4268525,343.65516847798966,-650.2872310219494,22.5234479323608,-0.6380766495083477,0.7683319866288899,-0.03318590810886629,-0.037720593554376264,-1.3364163585939879,-6.415760428986201,-0.021197610479323118,0.0,0.0,0.0
1748026185.553168,343.4782499797595,-651.1478697487131,22.529726365562286,-0.6389137784898903,0.7676863983811303,-0.0317819710834355,-0.037903610783562115,-1.3137324645556232,-6.448421700294633,-0.0005142248710528928,0.0,0.0,0.0
1748026185.720162,343.30341317324223,-651.9811277883706,22.535634011538264,-0.6393478161109395,0.7673379569813588,-0.03120074362323908,-0.03812274133904194,-1.2927662079823343,-6.440471165966333,-0.011532669910149979,0.0,0.0,0.0
1748026185.8605876,343.13346408662386,-652.759143673413,22.543346600987988,-0.6392888817099399,0.7673724411288249,-0.031200657473761315,-0.03841589893843205,-1.2953082504975642,-6.4019007868021225,-0.05524661066758485,0.0,0.0,0.0
1748026185.9655058,342.957874604479,-653.6164809899509,22.548303039721944,-0.639246390300598,0.767379142818644,-0.03188075425713085,-0.038430732006755265,-1.3045403310061692,-6.4065937341105545,-0.07489564312723399,0.0,0.0,0.0
1748026186.0797625,342.78026565340315,-654.5241287971121,22.542830720342874,-0.6388334061740658,0.7677204575902742,-0.031774186974202666,-0.03856914823468553,-1.2832334785377137,-6.428891459753415,-0.08703623760967977,0.0,0.0,0.0
1748026186.2411065,342.6044527423022,-655.4041643329158,22.533027851482107,-0.6381711948812782,0.7683505297740423,-0.03145654886151152,-0.03722196869422152,-1.279318048675975,-6.446046522321481,-0.11460010916397884,0.0,0.0,0.0
1748026186.373581,342.43683838798563,-656.1675549189362,22.527696396879662,-0.6378578746690052,0.7686829648821354,-0.03114044508536007,-0.035973655675165736,-1.2731707802837895,-6.382240097478414,-0.12808270082288312,0.0,0.0,0.0
1748026186.5038111,342.2721541470036,-657.0725619886408,22.512102738588233,-0.6379249443259987,0.7688027148804812,-0.03024062681123723,-0.03285811146637096,-1.2593799610323069,-6.432765864495807,-0.17685701234489443,0.0,0.0,0.0
1748026186.66258,342.097668695293,-657.9840735938988,22.492666822581338,-0.6375218326831238,0.769279787015016,-0.029495665688172877,-0.030075369458982346,-1.2365161956363984,-6.474529029842954,-0.1747950207756901,0.0,0.0,0.0
1748026186.7941303,341.9340761912312,-658.7654590754033,22.479917463485545,-0.6374613114854109,0.7694354429821634,-0.02964572316502935,-0.02707963330926904,-1.2237534451159315,-6.466149948033829,-0.1691329389698058,0.0,0.0,0.0
1748026186.9239917,341.7738012249178,-659.6134230233374,22.467998680263285,-0.6378953607863657,0.7691780922225128,-0.029480590753276983,-0.024196402645970696,-1.232364384164472,-6.501187708245825,-0.15106267797821485,0.0,0.0,0.0
1748026187.0294347,341.60389731515704,-660.5608849048671,22.448827760246438,-0.6385325060076212,0.7686765926117999,-0.030069309062474518,-0.022547092824702273,-1.2409906897055212,-6.577531960244915,-0.1381513301756702,0.0,0.0,0.0
1748026187.1693823,341.4354010343149,-661.4650457853096,22.435410283602177,-0.6390543707278382,0.7682355907664729,-0.03078783270694644,-0.021810494963306414,-1.242541631439944,-6.612502510461831,-0.04402929288157495,0.0,0.0,0.0
1748026187.2853446,341.26474342319636,-662.3666179224488,22.42925924957952,-0.640303109906637,0.7671720594601289,-0.031152659555992994,-0.02210136715640262,-1.278471535507845,-6.651619475354088,0.0077717778651948035,0.0,0.0,0.0
1748026187.408149,341.0975464377065,-663.1905050121397,22.428805096288546,-0.6417123398052744,0.7659980519583931,-0.03063936867132672,-0.022660238855974728,-1.3041189519911462,-6.62238237016517,0.02531396522068627,0.0,0.0,0.0
1748026187.5521944,340.9151609864326,-664.1377361235651,22.423327221834064,-0.6429831625160745,0.7649002252245254,-0.029955491531500015,-0.024555380253704774,-1.3470211183769984,-6.7028010416564205,-0.010109815440049606,0.0,0.0,0.0
1748026187.6853514,340.7329192422465,-664.9558305186002,22.418864247778977,-0.643851248929688,0.7641210918730682,-0.028744969375340566,-0.02735421250925657,-1.395696508014397,-6.692203491925214,-0.0698506662401639,0.0,0.0,0.0
1748026187.8197129,340.5474763613925,-665.8760524011986,22.39740558421918,-0.6447551529442108,0.7633653635021846,-0.025824608558176004,-0.029953366252919937,-1.3994057933039814,-6.752040167780585,-0.13740159399841467,0.0,0.0,0.0
1748026187.9459631,340.36335929038114,-666.7576406002491,22.37819972257683,-0.6453649889927362,0.7628173810203805,-0.0243720694496267,-0.031932372701632385,-1.3578716857378008,-6.774549521221623,-0.1730567132934408,0.0,0.0,0.0
1748026188.0774288,340.18112055229267,-667.73773946114,22.34669378683284,-0.6458053231438761,0.7624693588383042,-0.02360901741949639,-0.03191513321647301,-1.2994309039245615,-6.865213518989364,-0.19885710797175782,0.0,0.0,0.0
1748026188.246897,340.00285926931014,-668.7124515370052,22.313547570151098,-0.6461506881152455,0.7621913827289081,-0.02463574197187516,-0.03076791444809447,-1.2913305980287872,-6.935149083040263,-0.21037885421593214,0.0,0.0,0.0
1748026188.3717637,339.8416932588659,-669.5818549398226,22.289678136032162,-0.6466908976062388,0.7617742239266123,-0.026447935078324304,-0.02813221364090747,-1.260458006103355,-6.910656352765888,-0.16784553018678544,0.0,0.0,0.0
1748026188.4891288,339.66945021998487,-670.5206900628403,22.257356250130908,-0.6475746944541013,0.7610541248369264,-0.027306977935799545,-0.02641899179361907,-1.2487529635037744,-6.935580680127214,-0.13606682018198835,0.0,0.0,0.0
1748026188.6599932,339.5007218291598,-671.398692348083,22.241345113693384,-0.6489734095097152,0.7598761797476565,-0.027298972214154484,-0.026009062218647242,-1.2677621649176292,-6.936491705317175,-0.13172720383322095,0.0,0.0,0.0
1748026188.783009,339.3277750532417,-672.382158205693,22.221088354925985,-0.6506989747444396,0.7584070895112326,-0.025669067035696477,-0.027397624772110857,-1.2962206415351485,-7.01147341811215,-0.13000434689569876,0.0,0.0,0.0
1748026188.9045682,339.15587101787514,-673.3929590563733,22.1985799669462,-0.6524696808265372,0.7569066681105963,-0.02384375809110575,-0.0284092691198674,-1.280242684979547,-7.0888595614872,-0.13812421568175914,0.0,0.0,0.0
1748026189.016513,338.98648225359534,-674.3067709027949,22.177982417601438,-0.6537397829145452,0.7557927545909265,-0.023433373246827007,-0.029197351951465667,-1.2682909239887237,-7.095245885167676,-0.1589204501946173,0.0,0.0,0.0
1748026189.1856992,338.82907628263143,-675.10002480655,22.158441969203466,-0.6548302797067292,0.7547637706799567,-0.02399131471910713,-0.03087672369649347,-1.2297552915416305,-6.995812387747658,-0.21140301760883254,0.0,0.0,0.0
1748026189.2947001,338.6662346320578,-676.212289011611,22.11864575104887,-0.6559290704536852,0.75380856378131,-0.024810100040701416,-0.030235122617475053,-1.2074929715125071,-7.1568012781803425,-0.27934993289084964,0.0,0.0,0.0
1748026189.402158,338.4985684213339,-677.1361021447572,22.077018589548256,-0.6572665411527655,0.752648611803007,-0.025898212506879535,-0.029155507559210654,-1.1860926593665233,-7.1574897562296655,-0.2873819158144314,0.0,0.0,0.0
1748026189.5722995,338.33977889200327,-677.9926538837576,22.034471954294165,-0.6585036675554734,0.7516137236765379,-0.026976064331435012,-0.026870469855697045,-1.1566278014110398,-7.1190984269812585,-0.2936009233343226,0.0,0.0,0.0
1748026189.6887639,338.18542086710755,-678.938069401689,21.987701434823396,-0.6600845803280245,0.7502654069828558,-0.028268101391214787,-0.024312143915366687,-1.158063015906741,-7.152867785145445,-0.32872435849774934,0.0,0.0,0.0
1748026189.8040302,338.02535652775526,-679.9581830861117,21.935041450106315,-0.6620748727755678,0.7485810182972834,-0.028749083181176065,-0.021373163089723538,-1.1664249949560037,-7.247998826037695,-0.3290294856938979,0.0,0.0,0.0
1748026189.9656608,337.858252996134,-681.0374233386528,21.88354582619755,-0.6642969644754856,0.7466563895830983,-0.02846800013286646,-0.020083621481778655,-1.1707865892953633,-7.36975332412297,-0.3017132489761346,0.0,0.0,0.0
1748026190.0920045,337.69987642846246,-681.8909132633675,21.85558950904642,-0.6670845779438174,0.7441477697200325,-0.028563360611071537,-0.020649385482930067,-1.2014100274613755,-7.316007057324236,-0.2412660550792984,0.0,0.0,0.0
1748026190.2111104,337.5360166998871,-682.7701231528094,21.83579822672569,-0.669553626670871,0.7419334890378393,-0.027828240810412075,-0.021406257716382753,-1.2321999068847005,-7.281988298629881,-0.17168798589969558,0.0,0.0,0.0
1748026190.3633366,337.3617650459528,-683.9332677718498,21.799816275501033,-0.6714936054557807,0.7401620469430025,-0.026480163948390617,-0.02356444385949647,-1.2573566201404154,-7.456608964763972,-0.11555842952789766,0.0,0.0,0.0
1748026190.4838078,337.19200481211936,-684.8380678225493,21.78985806066895,-0.6729751833985682,0.738739870470714,-0.02557413063658524,-0.026716477102331434,-1.2669959828377237,-7.406949326127733,-0.044048941703438135,0.0,0.0,0.0
1748026190.6306965,337.01553279783053,-685.907664138123,21.773218754598595,-0.6741155576641394,0.7376308463856076,-0.024340293963753385,-0.029605733657123944,-1.2948070148986517,-7.50971894441292,-0.0197887774630367,0.0,0.0,0.0
1748026190.756039,336.837899732784,-686.9015311900566,21.769066678286862,-0.6748680100935945,0.7368325502955165,-0.023856032187944142,-0.032586063057153905,-1.2507090966542338,-7.507643848328823,0.011578612013800484,0.0,0.0,0.0
1748026190.8912218,336.6748180257911,-687.9245813317054,21.75691519386423,-0.6755395105092074,0.7361750412122774,-0.02315781518639408,-0.034005794107402135,-1.1973387075374187,-7.607261363241422,0.007608367671652377,0.0,0.0,0.0
1748026191.0134504,336.5143783183031,-688.9206434769352,21.753850935555487,-0.6766008324102389,0.7351010356779191,-0.024086352755946266,-0.03546305877866206,-1.12508357958009,-7.647349349193288,0.016631896585481573,0.0,0.0,0.0
1748026191.1698103,336.36248147343684,-689.9446314857768,21.749489495800937,-0.6787464956216418,0.7330438607475677,-0.025531988390920083,-0.036027912379808694,-1.0482824555844594,-7.66649284433704,0.012472236654602575,0.0,0.0,0.0
1748026191.287018,336.22905312284104,-690.9843720265335,21.744102242720945,-0.681418493029204,0.7304675861894615,-0.02735095318899045,-0.03657688127771753,-0.9809657310214249,-7.690436947151367,-0.0006392872822002435,0.0,0.0,0.0
1748026191.4576697,336.09351359681676,-692.0126929416284,21.744203244821644,-0.6837951858252194,0.728233395377779,-0.028771610986813582,-0.035671558699173204,-0.9414496008043732,-7.684136093666135,0.006952947152442397,0.0,0.0,0.0
1748026191.5673406,335.96591974513274,-693.1084488314169,21.73265908330662,-0.6861305241876539,0.7260288527776585,-0.029761242203538502,-0.03494677631534393,-0.9134432927532501,-7.760743811422158,0.013086328885228045,0.0,0.0,0.0
1748026191.6800306,335.8434323506428,-694.0347962775212,21.73219393522537,-0.6892477204843712,0.7230968828844089,-0.031299167947588025,-0.03299757348258084,-0.8718715684819652,-7.678339737860557,0.029100109024326373,0.0,0.0,0.0
1748026191.835435,335.721673579197,-695.0898996606431,21.72862918661421,-0.692365042954684,0.7200932068792832,-0.03252844570261852,-0.03222298745989139,-0.843689454579703,-7.700135998795482,0.046977335597661846,0.0,0.0,0.0
1748026191.9949863,335.606095669139,-696.1048939672016,21.725635405130802,-0.6957113106392078,0.7168120173047264,-0.033901455663883556,-0.03189036531735055,-0.8303369272454965,-7.7061764779602155,0.02943534566324849,0.0,0.0,0.0
1748026192.086479,335.4895267894229,-697.1716624265648,21.719365830534198,-0.6996074339531765,0.7130709811575895,-0.03405298981263158,-0.030325040366424107,-0.8293570209270812,-7.778239598815651,-0.009998682389956565,0.0,0.0,0.0
1748026192.214902,335.37414376090413,-698.2523489793945,21.704901613365525,-0.7033030601403577,0.7093824649909001,-0.034871990422390614,-0.03041822224627081,-0.8457412826053367,-7.823535579254022,-0.04950506082965084,0.0,0.0,0.0
1748026192.3517718,335.25340074447325,-699.3493386098392,21.693982256224476,0.7064203143292822,-0.706161136914263,0.03582668686251538,0.031988071578780045,-0.8545474659774711,-7.884006932719773,-0.02634340709991698,0.0,0.0,0.0
1748026192.502503,335.1313203741931,-700.3312677869059,21.69212394529349,0.7090842073260814,-0.7033755918527577,0.03589207978472058,0.03426546826256934,-0.8794364330119394,-7.858418422179244,-0.02754451947265107,0.0,0.0,0.0
1748026192.672264,335.00796928984573,-701.368801525118,21.69033457957028,0.7115471009341152,-0.7008220311270003,0.03458554704497232,0.0367837433505887,-0.8963209994844213,-7.860563918527882,-0.008277011427632095,0.0,0.0,0.0
1748026192.7904072,334.8818292960675,-702.526528672526,21.687283169916327,0.7136609923939432,-0.6985959175939633,0.033026215652475883,0.03950950437574107,-0.8644424768833491,-7.936912666258422,0.005184715858152903,0.0,0.0,0.0
1748026192.979178,334.76081386375813,-703.5263123064344,21.692327483838707,0.7153038789192205,-0.6968033491272865,0.030958719898662387,0.04297686715374011,-0.824349097901938,-7.888893039162684,0.08022138956592717,0.0,0.0,0.0
1748026193.0612779,334.6450644827572,-704.7120656960714,21.697049503358397,0.7172758874177776,-0.6946935701592915,0.028511082701091116,0.04586134615979722,-0.7745730002492633,-8.014458294814823,0.09998036092130466,0.0,0.0,0.0
1748026193.1928644,334.53719492866753,-705.7487754935429,21.713046039857336,0.7200377157113023,-0.691670881488525,0.026563937165186787,0.049309602476806165,-0.7101261078971024,-8.026130040583103,0.07663316425225025,0.0,0.0,0.0
1748026193.2961934,334.440105415105,-706.7805991239618,21.731851992998106,0.7227380829249691,-0.6885472284881381,0.02598331527780706,0.05363995673393394,-0.5901617315286797,-7.996987028906685,0.07859662966447667,0.0,0.0,0.0
1748026193.4431665,334.3550585543882,-707.9492805689291,21.74754906656627,0.7251206618843351,-0.6857371748674794,0.025355538480993402,0.0576337521035273,-0.49337880758226255,-8.07504868147194,0.08575446889313115,0.0,0.0,0.0
1748026193.6190434,334.28553968532157,-709.0334950227732,21.765318240800088,0.7284445892078859,-0.681992770894733,0.026243915904160135,0.059712626630336885,-0.42829993339846806,-8.077288460096055,0.057839268405246023,0.0,0.0,0.0
1748026193.756788,334.23291997586244,-710.2288449558458,21.774630031632128,0.7314056733442654,-0.678756259282708,0.027771167226128546,0.059702962700901155,-0.3421440428682949,-8.135915446806365,0.004160342463564748,0.0,0.0,0.0
1748026193.9310412,334.1754348014457,-711.3188620106001,21.777189353709705,0.7338598572496801,-0.6760592384565548,0.02833269991992206,0.059923902829089944,-0.24146242749667374,-8.097802352490522,-0.04817165901698873,0.0,0.0,0.0
1748026194.030884,334.12804942179093,-712.2436132507222,21.762212137581937,0.7365483404834732,-0.6733323379440004,0.02544280719951351,0.05893019914879588,-0.2093616040648331,-8.031576261596802,-0.10979317890091948,0.0,0.0,0.0
1748026194.2131822,334.09162453229493,-713.3669269069405,21.735348001852632,0.7399158949425946,-0.6697396887989373,0.02292004018412689,0.05871873139603682,-0.1444785205899373,-8.081464969720471,-0.16461821497367993,0.0,0.0,0.0
1748026194.28224,334.0684795413548,-714.4357711101658,21.702186604962744,0.7434775153135477,-0.6659321112597592,0.02022789670113043,0.05802102732080653,-0.04671468941704019,-8.061220934365968,-0.2544586114626239,0.0,0.0,0.0
1748026194.4444623,334.06541611391054,-715.5685640810998,21.667849724347963,0.7463778080150867,-0.6628996239965781,0.018577314339461557,0.05602802512781319,0.10729736472347556,-8.112994620529726,-0.2231862543246963,0.0,0.0,0.0
1748026194.5481591,334.08451467253445,-716.7171822974321,21.64211349289921,0.7495770245914612,-0.6594769837713974,0.018049765639070535,0.05383862963306582,0.2399241281040504,-8.153137617774593,-0.16248531680756628,0.0,0.0,0.0
1748026194.6483054,334.11694033431144,-717.8704127620243,21.64099767952673,0.753248713279213,-0.6553748518475864,0.019483379002531165,0.05215915501240597,0.2834957819925919,-8.203634163584985,-0.04887786140167672,0.0,0.0,0.0
1748026194.7849925,334.1588626918103,-718.9520867414819,21.647236259503014,0.7570441553484708,-0.6507594892078852,0.019843592918977446,0.05479476141638706,0.3353482158991176,-8.1739875049189,0.03491357635115366,0.0,0.0,0.0
1748026194.9402974,334.21216700913425,-720.1525893662664,21.662540358339886,0.7604201476649209,-0.646470054851017,0.01815171898196943,0.05922991055356001,0.39760501098633777,-8.259473663974973,0.03300965458433494,0.0,0.0,0.0
1748026195.0391574,334.26002950409537,-721.1902790891911,21.672394802478593,0.7629085591809024,-0.6431418057100845,0.0152527741442749,0.06408198621605878,0.4777414287938162,-8.193607943790573,-0.022530432532236893,0.0,0.0,0.0
1748026195.1819587,334.3531430094626,-722.4288167423589,21.67115172257647,0.7647377693912957,-0.6409009052381276,0.013613221451760563,0.06509112023217517,0.629173436630603,-8.288926253752166,-0.04670550273269302,0.0,0.0,0.0
1748026195.3865252,334.44225174986883,-723.5676440995272,21.656729173544946,0.7668535678553704,-0.6385678720697041,0.013655568056122088,0.06308885550494153,0.7749240648847582,-8.336338480477428,-0.10252178076020145,0.0,0.0,0.0
1748026195.5061808,334.55652716048553,-724.7218086136168,21.64116766709977,0.7691708723582689,-0.6360141075478402,0.013866721224058777,0.06058001451170359,0.9396653115576877,-8.362703749196985,-0.1053875814710463,0.0,0.0,0.0
1748026195.6503446,334.7108896620232,-725.9268631977842,21.631965755886768,0.7721621585252568,-0.6325314253810375,0.014275869801810207,0.058871014841356026,1.1409482043216232,-8.40967174972335,-0.08130462829611473,0.0,0.0,0.0
1748026195.8219664,334.86214946155945,-727.0039961798084,21.634003616688982,0.7764170818587803,-0.6271495830548259,0.01374385448421964,0.06058895886191554,1.290558927368975,-8.362674747797797,-0.03281403829655454,0.0,0.0,0.0
1748026195.9491432,335.024133837658,-727.9752292923029,21.641190597178035,0.7816240831735732,-0.6204536985046413,0.011933554207065744,0.06291733385141195,1.4658117718038954,-8.234526712556526,-0.0019931430935269485,0.0,0.0,0.0
1748026196.055585,335.2803068364399,-729.3056194128146,21.635195085169922,0.7868016509399852,-0.613762618472659,0.011471769639145977,0.06408594810912431,1.689851565576307,-8.392194967927969,0.000940826727432877,0.0,0.0,0.0
1748026196.1702716,335.5105902855236,-730.388461567354,21.639306357072954,0.7921911725674056,-0.6068141236967932,0.013557210398148988,0.0634505116968518,1.8041252631793427,-8.322350744913127,0.07924969891223656,0.0,0.0,0.0
1748026196.2889247,335.75628264777015,-731.5270269002881,21.644360558641814,0.7967699152388857,-0.6008415575749232,0.015217907775300925,0.06257427701621135,1.8840362732199254,-8.353789918230195,0.09899374178097453,0.0,0.0,0.0
1748026196.4201977,335.97830251343805,-732.5376770838006,21.659582482916512,0.8007962327172855,-0.5952480381717239,0.014985118447843872,0.06465765958972874,1.9204650729003387,-8.278824211654346,0.15340061134900126,0.0,0.0,0.0
1748026196.5452292,336.2280628562208,-733.6300743043001,21.678531869744923,0.8044932150239715,-0.5895507644331355,0.013507747496265904,0.07097960195913197,1.9982121205041774,-8.275815880593806,0.15111975691842064,0.0,0.0,0.0
1748026196.6467721,336.57139372669707,-735.0000852225138,21.6940778481901,0.8077140659578557,-0.5843397253982352,0.011614688061458099,0.07752529907442424,2.172161300886545,-8.399905863208728,0.12881509150246312,0.0,0.0,0.0
1748026196.751645,336.8073554034215,-735.9200480110355,21.712045084834614,0.8101116375072042,-0.5803985913265488,0.011917109288994662,0.08194261692030778,2.3190851177698573,-8.236043124117648,0.08605322044240801,0.0,0.0,0.0
1748026196.8861911,337.0865205105173,-736.8884059130966,21.72092093262954,0.8124624617809583,-0.5767624641025618,0.012853030113572896,0.08417011236814247,2.4672806481717915,-8.096662697037331,0.045896830294394675,0.0,0.0,0.0
1748026197.0027013,337.4781043043368,-738.1343595726597,21.724243345759792,0.8148543455515699,-0.5733553385591966,0.013300277561712702,0.0842564768915321,2.693628109366641,-8.140023651202688,0.038360686459948404,0.0,0.0,0.0
1748026197.1632867,337.81944420815154,-739.1487039334335,21.7205035816065,0.817396283310334,-0.5698626701037016,0.013626139184871891,0.083271733401236,2.8584468723926304,-8.01711750132805,0.04827666246033294,0.0,0.0,0.0
1748026197.2819386,338.224612064941,-740.2585197286907,21.70956862148378,0.8204944083897379,-0.5656730332736937,0.014430025917209452,0.08120787880582458,3.0771303722457692,-7.967731373232233,0.007305689028205909,0.0,0.0,0.0
1748026197.433502,338.6610160247555,-741.3600363843359,21.699996343768703,0.8241840048132353,-0.5608278731215984,0.014944188491684522,0.07726250170843811,3.2995635794795812,-7.946818349613045,-0.03615493472889262,0.0,0.0,0.0
1748026197.5720584,339.12075885463685,-742.4625553896344,21.68109875695294,0.8283588837525547,-0.55505872831037,0.0165429794558804,0.07387623207377934,3.4730404603672205,-7.90149926637863,-0.05470216584797203,0.0,0.0,0.0
1748026197.6754832,339.675383345742,-743.6934084447345,21.666097870125963,0.8332227827220672,-0.5483236312837099,0.018655586086792568,0.06879650308336528,3.721723937672704,-7.913722882092506,-0.059309040237227106,0.0,0.0,0.0
1748026197.8482769,340.17726326163375,-744.7513121953499,21.654577710376486,0.8377567856804782,-0.541868672379994,0.021806946375624813,0.06376807217743484,3.8708225160553056,-7.909400629431866,-0.08682451616946218,0.0,0.0,0.0
1748026197.9699025,340.6046075112214,-745.6304591419563,21.65286437999246,0.842220605904416,-0.5351340917424271,0.026533574992107813,0.059932664242000284,3.8206716941737073,-7.730124214026828,-0.06818902260208526,0.0,0.0,0.0
1748026198.108552,341.2734479863082,-746.9700580405365,21.63560329763172,0.8459783854711009,-0.5292339427012341,0.02785978857467649,0.0587863707775075,3.9512366474419354,-7.904129695218222,-0.08813372074574508,0.0,0.0,0.0
1748026198.2410352,341.7020026570081,-747.828802182646,21.629943679938915,0.8487774395998956,-0.5243102608189967,0.02796398294373021,0.06239891092065716,3.901097076248711,-7.756031083269359,-0.03449767948711689,0.0,0.0,0.0
1748026198.3537972,342.29261356794706,-748.9732010832018,21.611905891218942,0.8511890868554765,-0.520194394088792,0.027263601503411162,0.06427773183457834,4.016797261628376,-7.805332362305143,-0.07542302366705082,0.0,0.0,0.0
1748026198.477477,342.8624373331817,-750.0490596348367,21.589279347865936,0.8527623198336105,-0.5175659595425821,0.0282115965041716,0.06423401916002942,4.136049793097798,-7.771522844817457,-0.11492479873880551,0.0,0.0,0.0
1748026198.662124,343.42624885544063,-751.0896879252007,21.568743718900162,0.8537484661564643,-0.5160856660324266,0.02989556880818645,0.06225268521908345,4.257087456670904,-7.721881156450383,-0.14225819945613571,0.0,0.0,0.0
1748026198.7607245,344.06335802049466,-752.2003470157966,21.543448782372653,0.8548584818639047,-0.5145009155685986,0.03178747433649546,0.059121403397760786,4.430068200804645,-7.719423334595504,-0.1688105317495164,0.0,0.0,0.0
1748026198.8955948,344.6564809820967,-753.2016441079222,21.51953032842114,0.8565501083381578,-0.5119000637140845,0.03423647380444483,0.05575034113656846,4.559460030401001,-7.638345433301199,-0.20867487620174005,0.0,0.0,0.0
1748026199.092873,345.20520195226027,-754.1039060251928,21.50032775026963,0.8588275041074463,-0.508108005680426,0.03734957549646963,0.05335336879961746,4.630961333000615,-7.467986133970585,-0.2214701833865598,0.0,0.0,0.0
1748026199.2406707,345.8177953405388,-755.0701219390986,21.470386639173967,0.8616792808182465,-0.503355497996439,0.03939491936036639,0.05089302480592339,4.7344720359654575,-7.379227444156595,-0.25551572225926544,0.0,0.0,0.0
1748026199.3731291,346.4482503398658,-756.0366685452706,21.44292129621796,0.8650234356787982,-0.49760787804208656,0.04119136462330393,0.04923542339992572,4.804068345346705,-7.306638217165772,-0.2450334799285715,0.0,0.0,0.0
1748026199.476557,347.1498065383491,-757.0898616087168,21.405663372431587,0.868553751723261,-0.4914746610827924,0.04227878886818727,0.047744548304927664,4.89029332168297,-7.30256808832649,-0.23375653542297087,0.0,0.0,0.0
1748026199.5867023,347.73573607956945,-757.9732782248357,21.377400632358846,0.8717351326290098,-0.4859295462998108,0.042903179327519185,0.04593094574177247,4.863586847073588,-7.206428738587259,-0.2154759898480118,0.0,0.0,0.0
1748026199.6933625,348.4136685621633,-758.9836492486266,21.33561450273181,0.874693270469494,-0.4808254284369496,0.043297662573519746,0.042940684431833555,4.9077032238942015,-7.269474173300861,-0.26867200792322526,0.0,0.0,0.0
1748026199.8134775,349.0622689098375,-759.9572901886439,21.29738849812823,0.8768845871667882,-0.4768324839574908,0.043557328099722785,0.04250837801038783,4.8952674480659235,-7.258074879443255,-0.27599924709288354,0.0,0.0,0.0
1748026199.9784203,349.7227799630731,-760.9285075137373,21.26123268106889,0.8782271438681822,-0.47431962037650705,0.04366480934968346,0.04279446136449625,4.916220512121576,-7.277723069269757,-0.28206165152761026,0.0,0.0,0.0
1748026200.0994306,350.37097687276486,-761.8822859346714,21.2305240177395,0.8790785844209938,-0.47256319474611724,0.044952726131751386,0.04340647183368676,4.947701797089041,-7.26551174234295,-0.30497032758180426,0.0,0.0,0.0
1748026200.2077463,351.00213304557974,-762.8021803897158,21.199266312390577,0.8794894190074922,-0.47171848977063274,0.04598958681214317,0.043185485608309246,4.959664023292099,-7.190104552892547,-0.2814327516123077,0.0,0.0,0.0
1748026200.3863146,351.7708739126535,-763.855728212101,21.162264527703755,0.8796696080219507,-0.47119116805762973,0.04839164895913447,0.042644016907533236,5.101915415857813,-7.179321436787112,-0.2820871402751107,0.0,0.0,0.0
1748026200.502565,352.45330643440985,-764.7900612018177,21.132311302490066,0.8801365358579225,-0.47032815773210523,0.05107130074139425,0.039278805136131134,5.1728103672025565,-7.080336294444521,-0.24160156307748779,0.0,0.0,0.0
1748026200.6245718,353.17938851664485,-765.7509228165931,21.09965280428982,0.8809510864313034,-0.46889907352091936,0.05326605381721399,0.03495096103788232,5.2742042820288395,-7.03223458906392,-0.24728968266242551,0.0,0.0,0.0
1748026200.7696955,353.913303747689,-766.7092151131069,21.067081805947907,0.8823236417442871,-0.4663209065077094,0.05622704556992473,0.0298047432366879,5.323894761791142,-6.998698397243888,-0.24614178861790578,0.0,0.0,0.0
1748026200.922248,354.5815514233731,-767.5801474180837,21.034300291593116,0.8842777471722817,-0.46268211024127753,0.05774869507918985,0.02536176128038865,5.295997127723413,-6.95342171565496,-0.27312777375164315,0.0,0.0,0.0
1748026201.0256188,355.4545742217453,-768.6763910831324,20.983606532765666,0.886260900118647,-0.4589682203097888,0.057290458735912875,0.024649401704294364,5.407176915416026,-7.085019669550696,-0.29258188340883756,0.0,0.0,0.0
1748026201.200447,356.1843985314376,-769.6255447008039,20.944429463494796,0.8881800677627442,-0.4553298231630905,0.056579953193605065,0.024690651345101882,5.385086070187253,-7.068801581024264,-0.3089124359433857,0.0,0.0,0.0
1748026201.3712308,356.7829303486441,-770.434910850316,20.910555162148707,0.8894869580288578,-0.45262582755270053,0.057411637466735534,0.025430603850281105,5.26565697555367,-6.971901311984432,-0.317570703523306,0.0,0.0,0.0
1748026201.474081,357.6113914550416,-771.4861936536788,20.847720566115942,0.8903398561255361,-0.45112835687828967,0.056359524604302005,0.02453059724163676,5.344915878712231,-7.075988347464033,-0.3668629070291824,0.0,0.0,0.0
1748026201.6204615,358.301092130307,-772.4080016282853,20.79600603837117,0.8905928851268744,-0.4506609403031794,0.05631534008702865,0.024033566471217536,5.294714353468833,-7.073123863296064,-0.34888561300077187,0.0,0.0,0.0
1748026201.759175,358.93822455454966,-773.2694488038328,20.750052488408578,0.8904353767653308,-0.45100764523464,0.05633972089395463,0.023297630658069106,5.234679802268998,-6.9971198682634075,-0.30779660678073695,0.0,0.0,0.0
1748026201.8995621,359.6379724139521,-774.1938286637234,20.698952614833797,0.8899128734462046,-0.45205115191375383,0.05655788274623344,0.022495324568254357,5.237658361181882,-6.98814471225643,-0.3107582417380497,0.0,0.0,0.0
1748026202.0296917,360.4084523592652,-775.2013686146436,20.64470479587448,0.88955693747396,-0.45271672785478856,0.056970312099936624,0.0221450412426449,5.287924951944681,-7.096144937582458,-0.3315493475102016,0.0,0.0,0.0
1748026202.1537464,361.0484366449815,-776.0816211381976,20.607938666410682,0.889575721131162,-0.45263797622367213,0.05693450835353009,0.02307294113574141,5.268390499193343,-7.053347219550897,-0.36837161780373945,0.0,0.0,0.0
1748026202.2645285,361.81244606178086,-777.0771643874336,20.565205776483943,0.8893921610223076,-0.4528675309361497,0.0568729992848773,0.02565239342064376,5.3542000291518335,-7.0398149664312,-0.4081035872649371,0.0,0.0,0.0
1748026202.3902009,362.53921452530807,-778.0282133994143,20.5212997457903,0.8895216627246282,-0.45252439653229387,0.05673700805978067,0.02745530919732316,5.3847069031070225,-7.024155583039366,-0.42011596486487923,0.0,0.0,0.0
1748026202.5296896,363.20956293844716,-778.8996987869067,20.481693305686374,0.8901254859464077,-0.4511914841392798,0.05730863992830287,0.02861090174101035,5.3708235623086615,-6.945121200618821,-0.38118286376422456,0.0,0.0,0.0
1748026202.6562905,363.9979093778963,-779.8898698919611,20.443767767628525,0.8906154367003116,-0.45023541772876696,0.05738426465516557,0.028271163819376884,5.42239066547966,-6.932466087972321,-0.360063072078729,0.0,0.0,0.0
1748026202.8026195,364.7616598228844,-780.8396997795719,20.403501504206012,0.8908305371522871,-0.4498430127386892,0.05738682065828202,0.02773032242656808,5.451876362436358,-6.932301218775954,-0.30110861577265724,0.0,0.0,0.0
1748026202.9844038,365.42104307130916,-781.6877254012301,20.373785941991063,0.8911606115946845,-0.449265243646134,0.05708353974839053,0.02711041651398362,5.363416677223892,-6.863648192871231,-0.21350830728601372,0.0,0.0,0.0
1748026203.156637,366.20022779787695,-782.6593801697177,20.33827201230507,0.891010639953869,-0.4496986390368108,0.056732841267690445,0.025545219888114007,5.399976304567507,-6.917690366129412,-0.27547492820054154,0.0,0.0,0.0
1748026203.3153536,366.9559550898005,-783.6024313484338,20.30061052917265,0.89079032601931,-0.4502909545966732,0.05582012676471879,0.024794449515954945,5.424427362463216,-6.911854934471608,-0.2730593724990252,0.0,0.0,0.0
1748026203.4522228,367.654424082657,-784.4875241618594,20.26404564993565,0.8902672472589742,-0.451423599381368,0.05554207882574362,0.023580497433549796,5.441214288556565,-6.876769872641679,-0.313324275794789,0.0,0.0,0.0
1748026203.5914185,368.51493161650154,-785.5369691851703,20.203919704242818,0.8896297260954258,-0.4528494988198745,0.05423294676835761,0.023346720343264394,5.562501467467774,-6.98287566072015,-0.30594838791953655,0.0,0.0,0.0
1748026203.7251678,369.1982127952814,-786.4068479474214,20.165586509971096,0.8892045321745962,-0.45368207966750707,0.05438045324164037,0.023035556297974904,5.5061899140854,-6.896369200488114,-0.2242895872404528,0.0,0.0,0.0
1748026203.8890631,369.9004659014492,-787.2883118281839,20.129841017407056,0.8889884384913335,-0.454055087498993,0.05512780294868466,0.02223643602454222,5.482197534645986,-6.846355375133493,-0.17074683375857078,0.0,0.0,0.0
1748026204.0281875,370.65267670859237,-788.2254583448336,20.084701032624128,0.888437800635953,-0.4550938485429609,0.05560917420295729,0.02180557644210503,5.505718146548872,-6.847085631418467,-0.14798215845376575,0.0,0.0,0.0
1748026204.1756217,371.44000150218733,-789.200417496571,20.038426353747518,0.8881362661361407,-0.4557111575016285,0.05584583130841226,0.02055618709179442,5.545873864505259,-6.908376845972653,-0.14621215483010574,0.0,0.0,0.0
1748026204.3010097,372.1309664267581,-790.0882725837188,20.003752857140288,0.8878211458491018,-0.45628356627924155,0.05665206383153638,0.019221440901051417,5.522421760156573,-6.8774108725033045,-0.17653821580536477,0.0,0.0,0.0
1748026204.4126391,372.829844197819,-790.9813390231707,19.971427662724015,0.8874427315599864,-0.4569228537980638,0.057764894235754594,0.018169228720979234,5.489457723245488,-6.874578352898508,-0.20330517645774804,0.0,0.0,0.0
1748026204.568231,373.59636721126094,-791.9303771935452,19.929652566177303,0.887249896508171,-0.4571920520689065,0.058936455735118735,0.01701595888113592,5.545606560169932,-6.914627322176623,-0.25405185674210384,0.0,0.0,0.0
1748026204.7396908,374.31443304684404,-792.8305855893805,19.89721293299494,0.8872952046289974,-0.4570902160929185,0.05945478624124727,0.015520392634289221,5.525986976869491,-6.8970311486508304,-0.24550432000467418,0.0,0.0,0.0
1748026204.8554256,375.0978002667165,-793.8057849308685,19.850297419455234,0.8873208347469786,-0.4570224235308761,0.05985764250410395,0.014467316535571284,5.542736509155189,-6.930782892393373,-0.26895426948280865,0.0,0.0,0.0
1748026205.0118153,375.8871527276011,-794.7819404264873,19.800951557049583,0.8873505453914442,-0.45693252314084004,0.060266878757252666,0.013768885739617832,5.575182609922362,-6.9676441994003016,-0.2909328880547203,0.0,0.0,0.0
1748026205.0789185,376.575427798696,-795.659929867878,19.75776671064864,0.8875407713194948,-0.4565943506845272,0.06016545098850913,0.013156620991756275,5.510046213581123,-6.948172158474277,-0.24616136708008365,0.0,0.0,0.0
1748026205.215632,377.37784316203226,-796.6433708964609,19.70919590424654,0.8879881846743546,-0.45577885642652666,0.05975092322505838,0.013131834868948708,5.527472848848837,-7.00226894791707,-0.24947605381937532,0.0,0.0,0.0
1748026205.311547,378.1202759241284,-797.5846907163453,19.674614537986745,0.8882607610117309,-0.45534020428713734,0.059004939750002997,0.013286680989145122,5.50680169538668,-7.027280190963188,-0.24016287787782364,0.0,0.0,0.0
1748026205.4762099,378.89659600737343,-798.5667609630538,19.636539535082637,0.8881465068961473,-0.4557215419416177,0.05726559458510369,0.01530719358147911,5.515612565424155,-7.0953604921768,-0.21130450528660663,0.0,0.0,0.0
1748026205.583197,379.5981464145201,-799.4730551362975,19.60783772397613,0.8882275850125522,-0.4556736409857638,0.0559138868633682,0.016938931175762367,5.4723310675686445,-7.1150621422658675,-0.22883370150554025,0.0,0.0,0.0
1748026205.773948,380.3755563416129,-800.4659443030366,19.566917883983123,0.8879122501717739,-0.45618445836745564,0.055766959370999555,0.019940465927401854,5.508765780254098,-7.1444099222977115,-0.2178175488231123,0.0,0.0,0.0
1748026205.874136,381.11629064967013,-801.4319710029297,19.533408281023892,0.8871373034966142,-0.45764732911344935,0.05491525731896343,0.023035655269047193,5.517467996840905,-7.139582792829358,-0.19696634008744862,0.0,0.0,0.0
1748026206.052387,381.86715340712163,-802.401569820327,19.50262948358293,0.886491475595507,-0.4587365482647958,0.05482527976987016,0.026226545345446953,5.5227077192969345,-7.1828555948859,-0.1813421821155479,0.0,0.0,0.0
1748026206.1974552,382.579950046413,-803.3322147404964,19.478694289836533,0.8860347278259745,-0.4595966902834353,0.05416070408724008,0.027927790811981247,5.5184644121748025,-7.139542882321755,-0.15347507160205262,0.0,0.0,0.0
1748026206.353432,383.3100468666472,-804.2785160607868,19.45242835248885,0.8852639669839792,-0.4610998317562959,0.05379219315153096,0.02830289508252534,5.567493547916211,-7.087233893466234,-0.18973646575049297,0.0,0.0,0.0
1748026206.4975123,384.0448449117179,-805.2106002572787,19.42487244968952,0.8843470130608793,-0.4629054499023068,0.05343940114354527,0.028162658725048063,5.592248855648327,-7.059321811251312,-0.1979366802660656,0.0,0.0,0.0
1748026206.6243856,384.7808664061213,-806.1325970898304,19.39585674721985,0.884325617297537,-0.46311652885564736,0.05317163645345974,0.025769368810421682,5.624224005194318,-7.058921483415728,-0.23681588832476214,0.0,0.0,0.0
1748026206.7219882,385.5645389135438,-807.0995464021914,19.370482660171128,0.8844134087397102,-0.4630647925562452,0.053647967069214555,0.022490352722630096,5.707118194251167,-7.040153098015586,-0.20281029718194032,0.0,0.0,0.0
1748026206.8466048,386.3546867642205,-808.0717559653555,19.351493401805996,0.8841664249350684,-0.46352661278765767,0.05450921108582684,0.020531881597698226,5.753608204685942,-7.015525399377799,-0.1921280416434652,0.0,0.0,0.0
1748026206.9599433,387.08590947273433,-808.9657240117834,19.326796783886454,0.8847203112429312,-0.4623808522570411,0.05578966063088343,0.019011367834911707,5.749229363486389,-7.046062514466227,-0.23116566756898108,0.0,0.0,0.0
1748026207.0808213,387.84369312101506,-809.8925991237226,19.30143145391092,0.8857824356212124,-0.4602998001765545,0.05624018336849342,0.018724648916735306,5.73673211025539,-7.031338438590689,-0.20397452563803226,0.0,0.0,0.0
1748026207.2068057,388.64366862035916,-810.8590936293666,19.27472760097917,0.886357926754932,-0.45906466314424244,0.05617080934827415,0.021773858365520777,5.753142634215878,-7.015153605429195,-0.14758028227605038,0.0,0.0,0.0
1748026207.3832433,389.44582193169435,-811.8298592364689,19.246824074022527,0.8863823903494988,-0.45894750999638967,0.05621728508513998,0.023088048944824694,5.773452946801901,-7.034365683245509,-0.1806768533585596,0.0,0.0,0.0
1748026207.5473256,390.1925905558303,-812.7546279682813,19.223418372706735,0.8866604484359951,-0.4583860731329457,0.05697552039090815,0.021662114698780266,5.707221087371063,-7.0404663940179395,-0.17759223076609815,0.0,0.0,0.0
1748026207.701508,390.99960307612577,-813.7352424410606,19.19540348215883,0.8865300026177046,-0.45868574284189123,0.057224469133373757,0.019932483654545845,5.714122072014593,-7.1091643654000185,-0.17692754028886293,0.0,0.0,0.0
1748026207.8188264,391.72169498869215,-814.6443588544433,19.17505370099813,0.8857732934346155,-0.4600706637981572,0.05753408803168223,0.020748148463901557,5.673587215512448,-7.0616652256362835,-0.16992238480656785,0.0,0.0,0.0
1748026207.9506662,392.4609225828925,-815.5713547229826,19.154653681381706,0.8849861472024196,-0.46147937806339545,0.05756789207372483,0.022852585941787622,5.651257709007209,-7.059700019817266,-0.18938822728215263,0.0,0.0,0.0
1748026208.1499836,393.30758028552657,-816.5930795345857,19.123813953431807,0.8846479508295738,-0.4620532080435099,0.05745471619087456,0.024572171600469296,5.722415293398697,-7.122906164446597,-0.2120038244096857,0.0,0.0,0.0
1748026208.264759,394.13531629344374,-817.6096723841729,19.103473990372365,0.8840748608047602,-0.46305316960525555,0.05748725819778653,0.026241527327338227,5.7479707321857685,-7.083667024387919,-0.1998878160299833,0.0,0.0,0.0
1748026208.371207,394.8395970358385,-818.4774520422022,19.084141730530202,0.8833651506729316,-0.4641827979404536,0.058234602736160025,0.02844418599508485,5.763870687814527,-7.008103258780468,-0.17317395200592778,0.0,0.0,0.0
1748026208.4994678,395.5530399226352,-819.3626908067849,19.06037591968496,0.8830986047904751,-0.4647037094335246,0.05852350435013458,0.02761007233634721,5.729511449485209,-6.966010730917354,-0.19057917208316097,0.0,0.0,0.0
1748026208.671199,396.3785186499609,-820.3520497187969,19.03252629053738,0.8830133962994678,-0.46486621507327136,0.05918174826892449,0.026158453910034553,5.763272117221887,-6.9752284547058885,-0.1967818078071412,0.0,0.0,0.0
1748026208.8105342,397.13221426878744,-821.2648817822324,19.005499218518445,0.8826771239734582,-0.4654753716932221,0.05992871504073327,0.024946388006438697,5.787561108068498,-6.936769388391336,-0.22165046624859652,0.0,0.0,0.0
1748026208.933435,397.9322870878919,-822.2234969978508,18.978224316827543,0.882598045636996,-0.4656748368574999,0.06021482040646748,0.023276845982927563,5.814393696390134,-6.960656685970571,-0.2285300924415576,0.0,0.0,0.0
1748026209.0591311,398.7554209808939,-823.1931064926375,18.94169583552999,0.8829096302844219,-0.46516059827839773,0.06068600249317453,0.020332527184463416,5.864952646883165,-6.9946650015160925,-0.2541934800088159,0.0,0.0,0.0
1748026209.1450443,399.4742568981164,-824.0688261801524,18.920625064986538,0.8832079631969998,-0.46453718723721277,0.06196667385496029,0.01757915670613592,5.818885958383241,-6.910612784744313,-0.22725311183998656,0.0,0.0,0.0
1748026209.3174098,400.3106403620254,-825.0490328315018,18.88756568522669,0.8834652574343955,-0.46400253625368487,0.06274691664905992,0.01592512818036635,5.854014782895632,-6.9374828545064595,-0.21423284593248557,0.0,0.0,0.0
1748026209.4378307,401.0561314265491,-825.9455661103744,18.86821075446497,0.8841285467415403,-0.4626080645065627,0.06380732249665393,0.015463411201674975,5.769907708892562,-6.927912517150579,-0.161299794944024,0.0,0.0,0.0
1748026209.5834692,401.8587039390246,-826.894790940407,18.84983133193115,0.8851295751334746,-0.46061707866677754,0.06426974408065099,0.015714390230814883,5.757176539072269,-6.945605842460235,-0.14624030338647045,0.0,0.0,0.0
1748026209.6766362,402.6153598308515,-827.8225817923877,18.83208060986621,0.8856447543494738,-0.45960311137977317,0.063959940632745,0.017534967851348754,5.722689878151513,-6.930704965809621,-0.13627668159479428,0.0,0.0,0.0
1748026209.8055134,403.35620243273627,-828.738367549549,18.812807740331746,0.8860948769672836,-0.4587363131144886,0.06318644978235818,0.020108122895038424,5.653632599105863,-6.954336688501986,-0.1341129770002782,0.0,0.0,0.0
1748026209.8994112,404.11905005045054,-829.6829359601164,18.798489253214374,0.8867411393654885,-0.4575184419745335,0.062457874119744634,0.021587982083398485,5.632907697563446,-7.014311971390779,-0.1490720485657321,0.0,0.0,0.0
1748026210.08129,404.87241786303804,-830.6213027078269,18.78875780093985,0.8867183198695809,-0.45732605148747707,0.06357117064680225,0.02328540532471323,5.632737925189317,-6.986076884050762,-0.08643754232683973,0.0,0.0,0.0
1748026210.241558,405.6638620049583,-831.5952627671528,18.78659462375205,0.8861046384136063,-0.45821563054250064,0.06527032377688353,0.02442929680714581,5.6616800388920705,-6.98020702951674,-0.05283476949746878,0.0,0.0,0.0
1748026210.3829868,406.346811892357,-832.4642337525047,18.795406464927137,0.8856343363978796,-0.45872551847551285,0.06806178311562847,0.02429639009360027,5.555212825044867,-6.9283232925579465,-0.05608621429486998,0.0,0.0,0.0
1748026210.5085216,407.2237178418168,-833.5056135856806,18.779780913422634,0.8853048377539348,-0.45909394788897956,0.06997935263625094,0.02389521847151584,5.651084338041772,-6.997766771164312,-0.0705387348777358,0.0,0.0,0.0
1748026210.6535182,407.92805573209,-834.3867122655846,18.773691028969818,0.8847000862228845,-0.459911584923291,0.07219620475321596,0.0239749767424054,5.5921937505885095,-6.917313334639843,-0.051531768095675626,0.0,0.0,0.0
1748026210.7764363,408.71603381582975,-835.3525380267522,18.76063513193402,0.8841524104693815,-0.46076848538679793,0.07375481529938195,0.02295964188946685,5.5558395393223465,-6.930465988233629,-0.05445570565933635,0.0,0.0,0.0
1748026210.9190824,409.41407482753493,-836.2404851346383,18.751379610935142,0.8838670779372981,-0.46119080321939676,0.0750469795753868,0.021212789091517557,5.485965127009078,-6.902736305905492,-0.07913100530964967,0.0,0.0,0.0
1748026211.0762932,410.2145109643761,-837.2248639685785,18.73581784424402,0.8835245999129661,-0.46176390947356283,0.0758594429400498,0.02009273931423505,5.514018508021543,-6.921501786964673,-0.0995430910906752,0.0,0.0,0.0
1748026211.209017,410.99883980421424,-838.2032339868753,18.71376238958718,0.8827766677022025,-0.4631417507308912,0.07638740719510817,0.019236364327204984,5.516419574468361,-6.953848115264149,-0.13252107221819215,0.0,0.0,0.0
1748026211.3165338,411.74620314005574,-839.1638782347165,18.699476497799775,0.8821593190011531,-0.46412031003529436,0.07763880288232156,0.01896022149564957,5.443897252670887,-6.99051755568662,-0.12463617163246268,0.0,0.0,0.0
1748026211.4663208,412.3399532319078,-839.9760016620746,18.6984208855417,0.8817617394908155,-0.46463072323204413,0.0792183684313072,0.018411298218231086,5.292098919883565,-6.895728171866425,-0.09448130872139954,0.0,0.0,0.0
1748026211.5506694,413.1096566105299,-840.9587783759196,18.691600751741323,0.8809453321140659,-0.4660413154881173,0.07972471113868285,0.019615925122126267,5.305891064637773,-6.888031645109882,-0.09499145208235805,0.0,0.0,0.0
1748026211.6731455,413.82077727082634,-841.8916515604726,18.68101559783922,0.8798138292187778,-0.4680577773289646,0.07990091520591544,0.021572824259184047,5.2287462362463755,-6.870507519493379,-0.07234738376821803,0.0,0.0,0.0
1748026211.7902696,414.5475073100935,-842.8513868899438,18.666900391316144,0.8791232878951075,-0.4693673160063933,0.07973430044399199,0.021886266884915424,5.160912074864329,-6.91265240930244,-0.08506508479992843,0.0,0.0,0.0
1748026211.94426,415.19993290804376,-843.7301614385153,18.660094720898694,0.8786201463353439,-0.4703268802456785,0.07949160897631177,0.02236846607130922,5.098697925742855,-6.848560582832866,-0.06335970544773198,0.0,0.0,0.0
1748026212.069879,415.8871159695967,-844.6436727053257,18.647824600978826,0.8773686151651211,-0.47278411390034625,0.07827367585205067,0.023931703560549595,5.055827411593371,-6.800277457740568,-0.049213029522441436,0.0,0.0,0.0
1748026212.2582426,416.68871339681,-845.6703305902276,18.629672612609117,0.8761871513721579,-0.47502830299561777,0.07777768888063191,0.024388895748571403,5.11067479423376,-6.884140392798949,-0.08151450645992209,0.0,0.0,0.0
1748026212.3645272,417.3445114556145,-846.5547905898284,18.620484479145723,0.875545411207372,-0.4763466184635661,0.0769989144282388,0.02419295701051646,5.051028951543771,-6.851246509458584,-0.11394436365478122,0.0,0.0,0.0
1748026212.4805403,418.0437597794117,-847.4861929486395,18.601198079259202,0.8747932100748792,-0.4778955138878818,0.07595029301521836,0.024171685990600243,5.060255994620223,-6.805449224959201,-0.15514375653539034,0.0,0.0,0.0
1748026212.6784885,418.8029138875061,-848.4741959289162,18.573982962889602,0.87380521406711,-0.4798540433023785,0.07468990834564464,0.02501924432932006,5.099530115652752,-6.803939745950201,-0.1404070024073178,0.0,0.0,0.0
1748026212.790052,419.4893654996705,-849.3899058426083,18.553084770866143,0.8733570723694785,-0.48075040929742746,0.07430950562771446,0.02458791320821052,5.049452406317847,-6.795399045732728,-0.12353963354470034,0.0,0.0,0.0
1748026212.9207878,420.19093412964327,-850.3169441346006,18.527723919435804,0.8730559366920393,-0.4814990939449288,0.07318551025913263,0.023996562776970272,5.040251266623409,-6.773404924250172,-0.11485749016669963,0.0,0.0,0.0
1748026213.0474296,420.8734211913362,-851.2284014670458,18.504733695367655,0.8724033573388622,-0.4828620641716742,0.07204249291486055,0.023801014733909383,5.046036263229022,-6.733459494949579,-0.110734174344609,0.0,0.0,0.0
1748026213.2022421,421.60235308600113,-852.1877317499615,18.475475337878407,0.8722251973874666,-0.4832944297570767,0.07153930892709878,0.02306136349850635,5.049847023108237,-6.778499722715105,-0.13511812574605428,0.0,0.0,0.0
1748026213.3136897,422.30135895179086,-853.1228554644509,18.453954922265925,0.8722920224703489,-0.48332352914873744,0.0708813708837509,0.02192772143744332,5.030950632160776,-6.7786756916549935,-0.11416789832591676,0.0,0.0,0.0
1748026213.4620833,422.8935692611509,-853.9372950103929,18.44016440539046,0.8721599706999981,-0.48361156850528986,0.07055117975741311,0.021894459373758685,4.964414093167792,-6.687657907448466,-0.11569196263643544,0.0,0.0,0.0
1748026213.6080608,423.6137878740452,-854.8883811218167,18.42211671081269,0.8721531881055065,-0.4835979992329895,0.07062469239696971,0.022224860833852767,4.988322195175649,-6.709385059407902,-0.12835588778280255,0.0,0.0,0.0
1748026213.7242572,424.3147764899092,-855.8155562053539,18.403648690705896,0.8722996755612763,-0.48333290623179886,0.07042658715666315,0.022862055696723792,4.963233025189567,-6.721501157414625,-0.10679768819638039,0.0,0.0,0.0
1748026213.8181503,425.0115373625634,-856.7436715690355,18.38677103339462,0.872423547300864,-0.48315556104306684,0.070252444811351,0.02241543990567119,4.942592535082711,-6.721462399049584,-0.08307879964484499,0.0,0.0,0.0
1748026213.9831057,425.6529954816544,-857.6164807455714,18.370865846970027,0.8723924035113291,-0.48323113768431936,0.06993403286506612,0.022986798717369483,4.890210098509086,-6.634650271474038,-0.01750965889521571,0.0,0.0,0.0
1748026214.1142976,426.348571627483,-858.5463423509505,18.356162394460906,0.8721916013483335,-0.4835988316027778,0.06991594626692044,0.022929044189826307,4.91039553539092,-6.663903443362119,-0.01768297028585148,0.0,0.0,0.0
1748026214.2562845,426.9360436811529,-859.3767864894118,18.34701156839891,0.8721854371143889,-0.4836668485874783,0.06964280725203952,0.022557088932199747,4.8028899266980885,-6.610056635739928,-0.01647732162742263,0.0,0.0,0.0
1748026214.3460877,427.64243894843156,-860.3267022097576,18.330229143479997,0.872053198534331,-0.48397211427093567,0.06943280798720113,0.021755383452741257,4.837480787031637,-6.682866365154828,-0.02895895623027363,0.0,0.0,0.0
1748026214.4814675,428.25375759697886,-861.1924323743032,18.318434174011,0.8718189446617238,-0.4843418732867925,0.06956753215711362,0.022473005573969678,4.790096029308203,-6.65837046919184,-0.0502201883929481,0.0,0.0,0.0
1748026214.6248362,428.8833939160818,-862.0834515293016,18.31184538079795,0.8714005172455898,-0.4848345060864746,0.07103528289847007,0.023465481787878894,4.762413011519154,-6.651215673045202,-0.05575632321113453,0.0,0.0,0.0
1748026214.7648225,429.5213579765346,-862.9817062496479,18.298723068889245,0.8712317088981533,-0.4850507669343741,0.07160372318732572,0.02353656161149788,4.726722929801476,-6.625493517999705,-0.06039584496900973,0.0,0.0,0.0
1748026214.930392,430.13237790896767,-863.8376494045848,18.28373560051683,0.8711290443603836,-0.4850793835332319,0.07244627151970708,0.024160245977175285,4.694639141079828,-6.608538280038482,-0.05723482833628186,0.0,0.0,0.0
1748026215.0775373,430.7266943628035,-864.6918710008422,18.27647677224348,0.8710938307588383,-0.4850556686068629,0.07296305940582425,0.024350119679044716,4.6246327428152245,-6.564795586881767,-0.017431655923128102,0.0,0.0,0.0
1748026215.1993086,431.42666662743056,-865.6621072812574,18.259841436816373,0.870600698604008,-0.4859683366019059,0.07241645623819891,0.025397958116568215,4.6400535817026025,-6.62316086330735,-0.02789621596182779,0.0,0.0,0.0
1748026215.4160488,432.0275485720194,-866.5254339303772,18.24557008465712,0.8702464200831032,-0.4868004542152451,0.07072078734126645,0.02636392129797107,4.57325370036712,-6.613597450301647,-0.05991668035160858,0.0,0.0,0.0
1748026215.5099328,432.6873480637538,-867.4527069826061,18.22804543583137,0.8699761884540641,-0.4876070047638254,0.06843953317108419,0.02639830917907008,4.607377389104213,-6.641215556075108,-0.08858697769197561,0.0,0.0,0.0
1748026215.6666558,433.31041681678926,-868.356661574964,18.210699837424727,0.8693699081046462,-0.48901956769468385,0.06631024414833887,0.02566664790757522,4.602112159633291,-6.673250084171393,-0.14195180349021785,0.0,0.0,0.0
1748026215.797156,433.98355095309296,-869.3199754977555,18.1885469254489,0.868726708270306,-0.49056212815957406,0.06349647556772317,0.025117769484288354,4.64169561833743,-6.718726987208189,-0.11818895874382979,0.0,0.0,0.0
1748026215.8949902,434.55421520273956,-870.1630988241479,18.178055075572676,0.8676898804356102,-0.4925366436372733,0.06232494014107063,0.025249314853637947,4.612866001834696,-6.662295725951718,-0.06149222706976184,0.0,0.0,0.0
1748026216.041306,435.2066274299933,-871.0994471853062,18.170127212762736,0.8667290058621527,-0.4944355653304293,0.061060420261065604,0.024205933386778393,4.614459197103219,-6.710511348590611,-0.030086679568175945,0.0,0.0,0.0
1748026216.1832843,435.82144865797,-871.9970649982721,18.162510190772135,0.8657001457591812,-0.4963049541093049,0.060700139138285036,0.0236673460211803,4.592609623121377,-6.714292264852403,0.006339804017667769,0.0,0.0,0.0
1748026216.3263454,436.4657034181978,-872.9233697749316,18.15409292897141,0.8645795417547821,-0.49833438212140385,0.06023207230083394,0.02317664861702201,4.623106397119602,-6.717079523685772,0.0017137502401685682,0.0,0.0,0.0
1748026216.4266896,437.1471032206384,-873.8891356671262,18.152793821233935,0.8638764128952029,-0.4994510447539771,0.060992747641168236,0.02336839473858914,4.650999381846479,-6.704990100954756,0.01350603213936748,0.0,0.0,0.0
1748026216.5754545,437.68037466240435,-874.6775406445249,18.15419123910326,0.8636884454959214,-0.4998649180939748,0.06094110838191811,0.0215293772535562,4.623731430068608,-6.628601141451493,-0.005960039543318602,0.0,0.0,0.0
1748026216.7179945,438.33397216724535,-875.5880517821062,18.146265218576424,0.8636120915742451,-0.5000260053579975,0.061619439531246725,0.01874016873821327,4.676239905054148,-6.639225768069182,-0.07158775719902649,0.0,0.0,0.0
1748026216.8319478,438.98830968041636,-876.5022475653835,18.140548842109492,0.8640204796069314,-0.49925857130478407,0.0628750016418622,0.016006997440178992,4.708757333922138,-6.617207124685412,-0.09085454749281849,0.0,0.0,0.0
1748026216.968272,439.69008080324267,-877.4573620387907,18.124960045904967,0.8646933911280531,-0.49808191595130025,0.06357573093540499,0.013336820377398643,4.734293992274226,-6.665440924179595,-0.09494031437602443,0.0,0.0,0.0
1748026217.1393988,440.3710991818225,-878.3952941026508,18.109298768720283,0.865810257904447,-0.4961370563426166,0.0636326912840681,0.013095771495589544,4.730268372383663,-6.710612151910728,-0.06072268309334599,0.0,0.0,0.0
1748026217.2207663,440.94377549310724,-879.2307768173586,18.10253475914884,0.8675981002162645,-0.4931669612792846,0.06221335761613672,0.013761647350953579,4.648647898150229,-6.669517328491396,-0.04307676722764575,0.0,0.0,0.0
1748026217.3714395,441.6502908635811,-880.2275874730346,18.08979188012293,0.8689879850332096,-0.49086945611316224,0.060246210479813996,0.016656921861877862,4.614531302751247,-6.758959914853644,-0.03964685300815407,0.0,0.0,0.0
1748026217.494985,442.23179843543113,-881.0942043942446,18.078172260043374,0.8697459551430117,-0.489639316779847,0.05851659528315776,0.019264502386569106,4.550807328970787,-6.805928312203106,-0.0754988353171589,0.0,0.0,0.0
1748026217.6223083,442.8263219354437,-881.9937169151291,18.063810700164183,0.8701869827175428,-0.48900619279920216,0.05663425698271315,0.020979024023638933,4.5009150369199205,-6.827064781173379,-0.07375314193421428,0.0,0.0,0.0
1748026217.8001163,443.38147601398884,-882.8520140599961,18.06315586754055,0.870262707789222,-0.488839349584307,0.056410815722965434,0.022287431409486646,4.470095587214187,-6.76108623947126,-0.03426079759685569,0.0,0.0,0.0
1748026217.9446487,444.0348635362401,-883.8119421314417,18.05669333600788,0.8701682426344807,-0.48890159813371503,0.05696149124164004,0.023191493445826293,4.542057953550228,-6.791801650957097,-0.02937063711243201,0.0,0.0,0.0
1748026218.0919883,444.6114160506772,-884.6746972666369,18.057430761879218,0.8709059008606178,-0.48741512339960036,0.05846536306964487,0.023048007476627195,4.521292322465704,-6.731186697665309,-0.029372389141202854,0.0,0.0,0.0
1748026218.2385607,445.26744456585567,-885.6226582024586,18.060542486087034,0.8721421962481782,-0.4850597927510801,0.05977516236479125,0.02262558162669939,4.58589968759273,-6.709463157753427,-0.009624900051950146,0.0,0.0,0.0
1748026218.4263284,445.82369436329435,-886.436879709219,18.062028312734935,0.8737583789579584,-0.48204795713083587,0.06056227433170393,0.02254491416085225,4.549959198189551,-6.616929046856197,0.01047382922286991,0.0,0.0,0.0
1748026218.5427344,446.4695280274749,-887.3662807840268,18.061229652959014,0.8755960764494477,-0.4787000637918022,0.06078551510893084,0.02197455312399734,4.538931056979262,-6.649330567234089,0.007999843631250288,0.0,0.0,0.0
1748026218.6691127,447.11218715601916,-888.298720355148,18.059679189926204,0.8772190533301972,-0.47584091266190276,0.059692904451914615,0.022336415774573886,4.502832545648394,-6.727618868198039,0.001269891699625525,0.0,0.0,0.0
1748026218.7939792,447.6741039394241,-889.1556305867589,18.067972459456843,0.8784444412300633,-0.4736194139468169,0.05858539538744971,0.024243882774253937,4.415031661581481,-6.712564808975884,0.008124145382050259,0.0,0.0,0.0
1748026218.937694,448.3271148637719,-890.1211379754851,18.06992987497267,0.878872681512555,-0.47286828010027,0.05667957712602633,0.027673541565156893,4.43067386887815,-6.76369065990356,0.014557087084446805,0.0,0.0,0.0
1748026219.0445921,448.9135788225651,-891.0123420518901,18.077979901166668,0.8790030293856529,-0.4725641349997164,0.05543964719772908,0.031036400587154143,4.405454601311768,-6.756613931132112,0.032374317005050356,0.0,0.0,0.0
1748026219.158904,449.51629586710885,-891.9140181297493,18.085826014621542,0.8787673763966459,-0.4729360729096718,0.05520927957577764,0.03242382720249033,4.433202306425527,-6.719893553910012,0.05360664707752407,0.0,0.0,0.0
1748026219.3083177,450.1041516145504,-892.7936456917413,18.098737954645394,0.8782724361937982,-0.47367856811034414,0.05633681180462073,0.033050046457388356,4.433640159940337,-6.646273029879895,0.09504366385150805,0.0,0.0,0.0
1748026219.4428596,450.71616080609635,-893.6877194674499,18.11496724806168,0.8776027282604183,-0.47476156749826975,0.05785199602662605,0.032681063816707955,4.450560909043507,-6.5934673892212,0.10729467577184708,0.0,0.0,0.0
1748026219.5353734,451.32879332327855,-894.5670862749143,18.129982605509102,0.8771348720816565,-0.4754435470220514,0.05995753880042927,0.03151100306847827,4.479114184949966,-6.5522466395006225,0.1311331603492263,0.0,0.0,0.0
1748026219.695272,451.88921835719475,-895.3907544017613,18.141103191646927,0.8770688125235576,-0.47561369908492407,0.06055492021194766,0.029580550694615813,4.478429653364619,-6.470598392096625,0.1003570723841285,0.0,0.0,0.0
1748026219.8520017,452.5396944106192,-896.3074272862989,18.147624034636557,0.8770913473077868,-0.4754169582128246,0.06165649033401968,0.029798683211975298,4.516463498492358,-6.470731128265003,0.0709364791928968,0.0,0.0,0.0
1748026219.9758089,453.13463209181583,-897.1688148911085,18.15662590943243,0.8776520090339446,-0.47428498470348146,0.06221983504753625,0.030156200857481434,4.510425525220793,-6.446496411516779,0.05536770034571339,0.0,0.0,0.0
1748026220.0867126,453.77017349276133,-898.0651427141657,18.16043299534619,0.8786154880472965,-0.4724859050111111,0.06199647387701795,0.030794982644231778,4.550919481847611,-6.443058955810087,0.02214415623617978,0.0,0.0,0.0
1748026220.2337174,454.3207001426222,-898.8689371193794,18.162365668907963,0.8795003283461298,-0.47072645218621634,0.06239824229552599,0.031658158658656885,4.516478241208955,-6.365985781138799,-0.043526886071254794,0.0,0.0,0.0
1748026220.3719769,454.94117906690434,-899.7428886695195,18.160979002746085,0.8800060443174909,-0.4697173123938473,0.06284190191998243,0.031715985957598974,4.507759836973845,-6.338155083703579,-0.031097689557927327,0.0,0.0,0.0
1748026220.5372233,455.46812584127287,-900.5070973400536,18.158358482542212,0.8804295056019414,-0.46881563012319794,0.06430202995262556,0.03034863360485443,4.415460253597772,-6.235460574984126,-0.030415351445566563,0.0,0.0,0.0
1748026220.641457,456.1068821257243,-901.3835561423327,18.14948020184189,0.8809063220732138,-0.4680987301846638,0.06417127183103477,0.027743078461774977,4.455553395615507,-6.241024234221103,-0.016229586144397994,0.0,0.0,0.0
1748026220.7905383,456.66272111039046,-902.1788095073615,18.144990445668878,0.881018938927487,-0.4678583495057257,0.06515913194433465,0.02585501059996346,4.397621777600087,-6.183221709864166,-0.014618296065910563,0.0,0.0,0.0
1748026220.879332,457.2322498103181,-902.9882961786616,18.13879500595213,0.881403237455972,-0.46713271574937765,0.06571500311459554,0.024431480601696306,4.35648759093906,-6.186973896213729,-0.04227924504702393,0.0,0.0,0.0
1748026221.0502646,457.8770499152929,-903.8965445352502,18.126196590132988,0.8815288860612969,-0.46684804284133785,0.06621070902289386,0.02399729037677553,4.394622076291611,-6.269319069140485,-0.11952611790925714,0.0,0.0,0.0
1748026221.1693068,458.38311916139486,-904.6620097776236,18.1170055311436,0.8812896686324904,-0.46716126288978843,0.06667882849202295,0.02535366339969273,4.294313097236935,-6.200069476620118,-0.14189618483623723,0.0,0.0,0.0
1748026221.3265564,459.0196990879632,-905.5776559020271,18.10694097763147,0.8808756189804878,-0.4678219598823771,0.06677984980857221,0.027225161103262237,4.308420925267157,-6.257541310047962,-0.1627396212600655,0.0,0.0,0.0
1748026221.4503427,459.53124004525,-906.3516719874146,18.100127328380495,0.8802405839636479,-0.46877180181424916,0.06720250558700913,0.03022143957501783,4.213226960756195,-6.194213836839119,-0.1188270781116696,0.0,0.0,0.0
1748026221.5991397,460.19536439193723,-907.2969489747038,18.094998912561078,0.8791495967955658,-0.4706146219745105,0.06740051909052831,0.03278771209325581,4.240501048404369,-6.234953175551835,-0.12983037637631123,0.0,0.0,0.0
1748026221.7091594,460.71016720625977,-908.0731745154931,18.08696641998734,0.8777328374233407,-0.4730277930671753,0.06772391798420616,0.03525966573349196,4.18104558001593,-6.147558871841026,-0.10818917756512396,0.0,0.0,0.0
1748026221.8836198,461.3029569763507,-908.9255293922623,18.08071096829004,0.8762999192398749,-0.47567201705374235,0.06767219430181805,0.03542679565794686,4.201343605809559,-6.12844335751218,-0.09698188841605122,0.0,0.0,0.0
1748026222.0280325,461.86404841451787,-909.7401513316495,18.0699853712769,0.8752116968958293,-0.4778481513784479,0.06726963512433157,0.03377019441996861,4.237324201306476,-6.078870499659348,-0.09962070272224141,0.0,0.0,0.0
1748026222.12436,462.4849205585898,-910.6011752102679,18.0625171041779,0.8743373725784807,-0.4796563394164126,0.06658846134742273,0.03209255031294399,4.299776037695075,-6.059999750395755,-0.10001760176523204,0.0,0.0,0.0
1748026222.2790318,463.1076023946055,-911.4571396035501,18.05460581213275,0.8735878958818918,-0.4810988487513534,0.06703049215370963,0.029916534231142176,4.350028982293235,-6.051277497013918,-0.0738540282932948,0.0,0.0,0.0
1748026222.4202175,463.72819920973944,-912.2965741544941,18.05137100451222,0.8732152261562508,-0.4817493632129007,0.06810967004389136,0.0278171296032637,4.379978895280136,-6.043258471406458,-0.09716555594583483,0.0,0.0,0.0
1748026222.5547707,464.3200388544182,-913.1033122023025,18.043178116459135,0.8733685982212217,-0.4815156567792872,0.06836760935353779,0.026378663893232145,4.382022964715778,-5.981767236805268,-0.1168709748516755,0.0,0.0,0.0
1748026222.7012076,464.9856945569779,-913.9941745504481,18.035816605338898,0.8736658868740474,-0.4810372554723066,0.06774509877386833,0.02686407549821412,4.401909447280721,-5.996717764153026,-0.131484355850782,0.0,0.0,0.0
1748026222.8307948,465.492869965961,-914.6997844436668,18.019503543355672,0.8740545817057449,-0.4804339219223996,0.06600184024435016,0.029250503411330793,4.314412008965654,-5.901370560700654,-0.10745694388667754,0.0,0.0,0.0
1748026222.9793122,466.01299699987845,-915.4277106001647,18.00509968309284,0.8747106712753935,-0.4793130042111695,0.06460980930629984,0.031078257551182317,4.211378635350317,-5.858376051796384,-0.11800450760615507,0.0,0.0,0.0
1748026223.1022758,466.5461559337933,-916.1786970133786,17.982036630788443,0.8745934997373125,-0.4797498133163489,0.06196159253390715,0.032971015920503305,4.164695954027893,-5.8234428331689,-0.17591430592509383,0.0,0.0,0.0
1748026223.260137,467.13472427379776,-916.9972798935622,17.95406492449088,0.8737289311716662,-0.4814408567581671,0.060502418401440196,0.0339398533461318,4.181152384054904,-5.84304474279029,-0.23118253199512903,0.0,0.0,0.0
1748026223.3712242,467.7368570414839,-917.8286796699741,17.917290387631667,0.8726940656854288,-0.4835420192471063,0.05953516170665282,0.03236893356955198,4.19375577560917,-5.873900833605578,-0.2520332771591083,0.0,0.0,0.0
1748026223.5537083,468.2579535961604,-918.5724052759874,17.884432409525665,0.8715466211284846,-0.485683335600003,0.05975519673371079,0.03078150716407572,4.157701409357208,-5.826823756855941,-0.27861299100863435,0.0,0.0,0.0
1748026223.6600742,468.8402934447478,-919.3775373051835,17.85024671037198,0.8701324819187753,-0.4882542542139456,0.06008663586030382,0.029442203430570874,4.168471242062078,-5.752458610978428,-0.2644563737864567,0.0,0.0,0.0
1748026223.8424392,469.3830249315789,-920.1071967331992,17.824545681084857,0.8692222149192503,-0.4898357896010716,0.061123693700777686,0.027884303562056824,4.218493230161755,-5.6934145056653715,-0.2630811562698863,0.0,0.0,0.0
1748026223.96582,469.9792257326113,-920.889734541039,17.79962643356572,0.8687631865973171,-0.49066280468389184,0.062072264498539156,0.025447429988814437,4.25244293014796,-5.65812836492188,-0.23033356713842906,0.0,0.0,0.0
1748026224.1533933,470.5744169478412,-921.6659244985802,17.76751255699296,0.8686845774417932,-0.49092840076084016,0.062397564764012224,0.021976217888847314,4.2545986601691475,-5.654424039536077,-0.21993021308418967,0.0,0.0,0.0
1748026224.2812188,471.09090933463983,-922.3594466839636,17.731605450020304,0.8686872013936412,-0.49097631980201706,0.06310223789532386,0.018517750974488042,4.184685729835026,-5.588687686886645,-0.22437388782778434,0.0,0.0,0.0
1748026224.4388175,471.7098425017054,-923.1582479199847,17.69380014677447,0.8690160370463672,-0.49046393252971127,0.0632488214253897,0.01599515026553485,4.211791215544384,-5.626504370948756,-0.210125126147673,0.0,0.0,0.0
1748026224.5870683,472.286478212437,-923.9349854907248,17.656564684284433,0.8688349372935515,-0.4908824291752752,0.06275681317115171,0.014895464601432328,4.167937118070143,-5.679878078731265,-0.21155133342544868,0.0,0.0,0.0
1748026224.6976204,472.8914542001539,-924.7542374722989,17.62085767837006,0.8688729421823919,-0.4909353759970107,0.0616444531772759,0.015563686274864758,4.12637722485058,-5.746880534111687,-0.19506848252682493,0.0,0.0,0.0
1748026224.8075926,473.4638779088582,-925.5461956977173,17.586007717940536,0.8688544110085749,-0.49110298587412893,0.06014080626791512,0.01711587444165995,4.084977008410746,-5.792228432025945,-0.19652074762185442,0.0,0.0,0.0
1748026224.9765441,473.8842875324911,-926.1997569785719,17.563682558603844,0.8682259626555595,-0.4922628580112637,0.059006165048780077,0.01947379982555184,3.9747510255937764,-5.722397100470054,-0.1905678913161942,0.0,0.0,0.0
1748026225.1609564,474.4597353785351,-927.0138807179497,17.53737013670176,0.8676729221845366,-0.4934245579061817,0.05707911189218077,0.020442131699902572,3.965864896017046,-5.785379081469984,-0.18922504012298563,0.0,0.0,0.0
1748026225.3300896,474.96984360322887,-927.7826073639699,17.515662016326278,0.8665340426665158,-0.4955272564361716,0.05567806799747875,0.02171275599581555,3.9125918330461134,-5.780409795232462,-0.18253244521876677,0.0,0.0,0.0
1748026225.423536,475.4838201996324,-928.5471951240727,17.497654159660716,0.8650046572265164,-0.4982163153960887,0.05516735415735008,0.02245014665563517,3.903892412928485,-5.7763782831411845,-0.14536515098072317,0.0,0.0,0.0
1748026225.6297193,476.02054487501215,-929.3327582046443,17.476185989265698,0.8635813953746618,-0.5008882871393698,0.05343455450688109,0.021973751477418396,3.925501919828412,-5.812898353760165,-0.16776916273164058,0.0,0.0,0.0
1748026225.8274257,476.6031389669037,-930.1658156053157,17.450585105432467,0.8617940875485114,-0.5041307509125736,0.05207286999579939,0.021249773202410078,3.957490500305895,-5.8592297727603615,-0.17187015097279296,0.0,0.0,0.0
1748026226.008745,477.12090353515737,-930.9248244059962,17.432944224183846,0.8605545331212558,-0.5063304227912234,0.051916418573300975,0.019495742177202777,3.988061729968093,-5.8335232821448715,-0.16121689463062083,0.0,0.0,0.0
1748026226.145159,477.6584829508908,-931.6986780200403,17.418080029192776,0.8593893516989691,-0.5082985415635781,0.05254663526535256,0.017927240530958174,3.9951049717474016,-5.81549625124752,-0.16430755421366652,0.0,0.0,0.0
1748026226.3347507,478.21395238945695,-932.4798598195534,17.40753472045101,0.8590461641200386,-0.5089432370272189,0.053177416750486206,0.013734327164049069,4.0571740009093435,-5.804982223844282,-0.14123892787903197,0.0,0.0,0.0
1748026226.4399765,478.7432071747801,-933.2448462179302,17.397791307815197,0.8577023866551773,-0.5112041657248179,0.053632710399020025,0.011851128505786719,4.015992806589634,-5.796751294749331,-0.10914429763634582,0.0,0.0,0.0
1748026226.5710447,479.28881550224605,-934.0202813317271,17.3921148807864,0.8570629354037905,-0.5122498879865581,0.05423342950605287,0.010095154224116023,3.986173240769918,-5.814247820659642,-0.04052714312280563,0.0,0.0,0.0
1748026226.9166024,479.84140932956365,-934.8122533832587,17.38116414285917,0.857201808922862,-0.5121316219666859,0.053338488119304105,0.00901477932572726,3.978504238899117,-5.861329198376252,-0.026679041734178312,0.0,0.0,0.0
1748026227.0921957,480.41137232857216,-935.6439037015278,17.37096228936812,0.856572230885369,-0.5132875116505007,0.052065138153593656,0.010448207920324177,3.971624304659287,-5.927853247428371,-0.03428687974715462,0.0,0.0,0.0
1748026227.2506695,480.8817250987154,-936.370352373062,17.366636245239757,0.856613995652472,-0.5133410675173036,0.050297703690454575,0.01278873942064253,3.8800495755281474,-5.905195490615474,-0.023040141641471907,0.0,0.0,0.0
1748026227.3924272,481.4763598996609,-937.2395317220739,17.35941821626145,0.8560122593149894,-0.5143864525560072,0.04916895205066866,0.015231660563872528,3.8906569941851483,-6.0286828215692205,-0.004168472233054067,0.0,0.0,0.0
1748026227.5369132,481.94771207926317,-937.976344498399,17.36343527744763,0.8555916300002047,-0.515059934262168,0.04801226395940496,0.019262640030291513,3.8545192197838345,-6.000901839104881,0.025797518504632532,0.0,0.0,0.0
1748026227.6895401,482.4286526799239,-938.7361173357376,17.370008121689207,0.8550124358853111,-0.5159476181838601,0.04709216603051936,0.02311098592493698,3.844622385792128,-5.9644486950917495,0.05173256566577194,0.0,0.0,0.0
1748026227.838544,482.9703403990753,-939.5551001268816,17.379552373859525,0.8542358738440587,-0.5171694510764828,0.045882944829822574,0.026675570938041047,3.8795130609387947,-5.990541690983986,0.1478494709643914,0.0,0.0,0.0
1748026228.0153985,483.49510725451444,-940.3558305660176,17.398306465056542,0.853384303038058,-0.5182746983955542,0.047239135149439816,0.02991709279957457,3.9058156478642703,-5.983558783295869,0.14605903190912756,0.0,0.0,0.0
1748026228.1183379,484.0299810683992,-941.1552131388604,17.420089295949296,0.8527666637704442,-0.5190940871885374,0.04847924219494518,0.031306690721460965,3.958243760289053,-5.9426321462446134,0.15686652112565974,0.0,0.0,0.0
1748026228.2754188,484.59147645724,-941.9718963780003,17.440151526054347,0.8523239113539436,-0.5196825190998747,0.04963012050363335,0.031794348792171,4.016138054779505,-5.9339768658934,0.13271157374385545,0.0,0.0,0.0
1748026228.411698,485.1611701334485,-942.791401176312,17.459341506139506,0.8516705736837547,-0.5206412085381427,0.05132359758844504,0.0309168922064604,4.071214477127043,-5.933302834669041,0.10654567304395418,0.0,0.0,0.0
1748026228.5520027,485.6377393112046,-943.492807025006,17.474865875413766,0.8516057051002593,-0.5206974347465794,0.05275077067107272,0.029313148630433057,4.0331231049288165,-5.849845003860649,0.0795654699011006,0.0,0.0,0.0
1748026228.727744,486.1983402623688,-944.2787429928532,17.48560803326151,0.8514023024177902,-0.5209819842722712,0.05428578715803867,0.027293677180710057,4.063882262215366,-5.819195557789345,0.029164924899409906,0.0,0.0,0.0
1748026228.8840618,486.80839565300846,-945.1346748203084,17.495769409437894,0.8515507216692867,-0.5207604448636854,0.055433345447936336,0.024435050692464055,4.090370258987981,-5.83796817560314,0.010329051256683916,0.0,0.0,0.0
1748026229.0420296,487.31270793500994,-945.8649146941628,17.49982321832844,0.8518044336549938,-0.5202928172882594,0.05683340540492421,0.02223859514494824,4.057508317363371,-5.82555309479612,-0.020667133992557835,0.0,0.0,0.0
1748026229.2013838,487.82778640767594,-946.6176679598742,17.49983453133959,0.8520827549817248,-0.5198656144360682,0.05703301601711498,0.02102276560671377,4.010943987205403,-5.789120819512894,0.0063867178592201266,0.0,0.0,0.0
1748026229.3593063,488.3797930105964,-947.4163127289097,17.49028251529476,0.8523407246293195,-0.5195343501889121,0.056575007965666405,0.019965384690407564,3.9946818150266843,-5.8058560435984266,-0.00823842437406836,0.0,0.0,0.0
1748026229.4995918,488.8925285952342,-948.1828149716054,17.48522771689693,0.8528826735808318,-0.5187491873376373,0.05572438810447188,0.019626979200459402,3.9236737477338095,-5.8131330986818135,-0.009200833813289011,0.0,0.0,0.0
1748026229.6672056,489.4244195059309,-948.9787888411962,17.480637319700737,0.8532150302966769,-0.5182357471969637,0.055628159691402265,0.019008688865711384,3.9116226667604317,-5.875744735685266,-0.03251245030493103,0.0,0.0,0.0
1748026229.7627466,489.88159324125724,-949.7003052391256,17.47499061622979,0.8530139554996397,-0.5185344538360273,0.055605108693791656,0.019931979203862017,3.823269458863157,-5.850764854956134,-0.025688323264787396,0.0,0.0,0.0
1748026229.9082062,490.38362779053693,-950.482871219386,17.470453525371184,0.8525311434431233,-0.5193302173947044,0.05507753301283381,0.021289436759812614,3.7794346091869104,-5.872509018101174,-0.04931059698387071,0.0,0.0,0.0
1748026230.027804,490.8739571846671,-951.254700056958,17.466814686892054,0.851829304788976,-0.5203082846331571,0.05573562272946296,0.023657235759708902,3.7163967365428707,-5.9030847144452,-0.04122625029707545,0.0,0.0,0.0
1748026230.2027779,491.3665647537948,-952.0285598694994,17.466049644670083,0.8506139480430412,-0.5222011938631311,0.05560171818851246,0.02588963995570326,3.7019551127234336,-5.86987251713587,-0.023018121854404938,0.0,0.0,0.0
1748026230.342552,491.83652038739956,-952.7736251017459,17.4658447710074,0.8490204897005112,-0.5246334415244618,0.05567451484262755,0.028710773238304305,3.694612764032232,-5.801639700860338,-0.000387243837213818,0.0,0.0,0.0
1748026230.4632125,492.4257589336389,-953.6281604971007,17.476262291671315,0.8475024677847329,-0.5269599554158746,0.05624316676680398,0.029824129139484266,3.8035250328216867,-5.819961252531824,0.024133352540732986,0.0,0.0,0.0
1748026230.627337,492.9093736114341,-954.3592521025579,17.480456247777983,0.8469162219280093,-0.5278972609295384,0.05731757165943936,0.027786524024120046,3.8466968544669746,-5.772311425247084,-0.0032157479622510485,0.0,0.0,0.0
1748026230.7698205,493.4721168011722,-955.167020189525,17.483205194327255,0.8468382045551143,-0.5280008890491363,0.058727203506466964,0.02512433158319197,3.9151906657876654,-5.761614532875975,-0.0003058413031163257,0.0,0.0,0.0
1748026230.951459,493.97104221043054,-955.910180266706,17.49107869991208,0.8471462896874484,-0.5274926980769414,0.05966544671042766,0.023122539072159047,3.9057170314341003,-5.733042395935802,-0.006661195342670708,0.0,0.0,0.0
1748026231.0568383,494.55848924625593,-956.7462581941504,17.501970339841705,0.8476512627264695,-0.5266066498059434,0.06054814285961179,0.022509899480773355,3.910702126921671,-5.794105096269228,0.02835775234422059,0.0,0.0,0.0
1748026231.2204072,495.0845025096489,-957.5299628398234,17.5262083040169,0.848566630688692,-0.525120466632516,0.06023538082841641,0.023555629937351698,3.846851469517003,-5.810356122992866,0.07643007856512656,0.0,0.0,0.0
1748026231.3719273,495.60578188128767,-958.3140913038626,17.54692683857024,0.8490049420678983,-0.5243530777976523,0.05850844357569283,0.02865693945214599,3.8062110868528825,-5.794730914121132,0.11448789552871841,0.0,0.0,0.0
1748026231.5117383,496.0207150653202,-958.9715096647179,17.57932297734482,0.8487407864322456,-0.5246887792472108,0.05677628734769973,0.033424774845262066,3.6874053080282687,-5.677068674695481,0.17299648102712237,0.0,0.0,0.0
1748026231.653313,496.5691938267069,-959.7928343370991,17.596330591946106,0.8479969380299108,-0.5259836878385691,0.05449210997567842,0.03567860941843223,3.7076140791227226,-5.730763890405875,0.1360850695204351,0.0,0.0,0.0
1748026231.7463324,497.08319017207566,-960.558596692428,17.61622141571769,0.8467465206160907,-0.5279167736480198,0.05399502848695908,0.03753327622660151,3.7126840544097868,-5.71312480097003,0.18671741785896462,0.0,0.0,0.0
1748026231.9022908,497.4946054426629,-961.211203425712,17.637675930260624,0.8448573384920283,-0.5308369569288527,0.054741658705058864,0.03783587658427769,3.665344521334142,-5.598786137148343,0.16814029797180044,0.0,0.0,0.0
1748026232.028437,498.0470813030542,-962.0001614070278,17.654010333008245,0.8429763996563081,-0.533940888343267,0.0548891936570235,0.0358482049393361,3.7368424241181213,-5.6072844092424425,0.16916559981242074,0.0,0.0,0.0
1748026232.1794689,498.6080648593036,-962.8234718551183,17.671275110950234,0.8418120085252498,-0.5359511361075405,0.05523272810062851,0.03253102756267187,3.8181942307923706,-5.658754741706105,0.14309816802953199,0.0,0.0,0.0
1748026232.2991307,499.1199570733315,-963.5744689902139,17.68573540693695,0.8406098596893258,-0.5378439131873214,0.056106008942793925,0.030839983802727,3.853359352938379,-5.614360972816558,0.08264952366235137,0.0,0.0,0.0
1748026232.4023092,499.6150769162626,-964.293555321991,17.703781450077656,0.8401086368318519,-0.5385940381922493,0.05756385170586036,0.028641636145295482,3.868019403960044,-5.541352201193751,0.048821502564938966,0.0,0.0,0.0
1748026232.5363479,500.11582766401176,-965.0044013046162,17.71597383459962,0.8402161690782046,-0.5384406969724957,0.058693516737597026,0.025951419157580015,3.8874387993306843,-5.503377355827841,0.020446714948114095,0.0,0.0,0.0
1748026232.6728225,500.59795292182906,-965.6962755716806,17.727182151009504,0.840304508749045,-0.5383271729400597,0.05909428071407675,0.024495988187354933,3.8409011627823846,-5.430363067721823,0.05984220994252427,0.0,0.0,0.0
1748026232.831218,501.0353821977191,-966.3384217169959,17.741372154500894,0.8411041805881999,-0.537192468046615,0.05875775256486709,0.022705421920006085,3.7430060687422064,-5.352030554620038,0.07292081789887321,0.0,0.0,0.0
1748026233.0258412,501.5576296149091,-967.067351510393,17.754900737509004,0.8416223074237956,-0.5365426310173178,0.057590696070724805,0.021845101825122077,3.6966381114755653,-5.378893895475481,0.0659769685977029,0.0,0.0,0.0
1748026233.1436,502.0458901019407,-967.7918436546374,17.765515699985805,0.8418882287924494,-0.5363110828017316,0.0563095226464225,0.02058811171717352,3.6282594601999767,-5.423386835538227,0.050827871592097486,0.0,0.0,0.0
1748026233.2976942,502.506605471316,-968.4978619020623,17.769707684504777,0.8413540988369305,-0.5374583750311924,0.05322547738279959,0.020708066942619553,3.5496824958125353,-5.4343516403597505,0.016142082831341407,0.0,0.0,0.0
1748026233.4425726,502.9329421820977,-969.1713771865401,17.766067503659247,0.8404805912840678,-0.539004743310886,0.051054060666858324,0.021441670937090828,3.4645558575659336,-5.42075014931127,0.006045221615615312,0.0,0.0,0.0
1748026233.5910285,503.440939568951,-969.9374516558449,17.760631025745713,0.8390363389861797,-0.5414561360901338,0.04824611733592314,0.022706534588515407,3.477616637767271,-5.481352624380738,-0.029889488391880218,0.0,0.0,0.0
1748026233.7387693,503.87448025451107,-970.6286414514523,17.757094505904163,0.8376752382526581,-0.5437449026234416,0.04546523731648364,0.02397057123082825,3.455405758996619,-5.457876037492986,-0.043457990996253866,0.0,0.0,0.0
1748026233.884341,504.34416320402113,-971.3728148509908,17.750756951945686,0.8358975048537375,-0.5466242839843316,0.0427510771117525,0.025487230993145607,3.474948240501368,-5.468823929755657,-0.04618551932162586,0.0,0.0,0.0
1748026234.0589402,504.8250163745376,-972.1213696832373,17.742837566071135,0.8342298326237079,-0.5492459976246463,0.040613114827687195,0.027202855694218476,3.52482830660876,-5.490703499119692,-0.07017596479200662,0.0,0.0,0.0
1748026234.2076848,505.2411212820487,-972.7923466747264,17.730958145053087,0.8325566795674978,-0.5519121508026413,0.038512508104631,0.027552492145648866,3.5551105208050964,-5.4466895510065685,-0.14057178438105514,0.0,0.0,0.0
1748026234.3703108,505.7814125682007,-973.5933796209366,17.71747445597154,0.8319522056934416,-0.552983139775675,0.03643075928124893,0.02716568320225576,3.6594974027561578,-5.498587067605928,-0.1698173261983543,0.0,0.0,0.0
1748026234.5087118,506.23377219196533,-974.2949542091943,17.704740628435992,0.8311429936983862,-0.5543302676710833,0.03484885008959403,0.02654874794077297,3.6902728079263594,-5.469619307977586,-0.1865565598936712,0.0,0.0,0.0
1748026234.7431238,506.78041688688563,-975.0819153819657,17.691632373717795,0.8308018083907948,-0.5549662403977832,0.033993538424218844,0.02500533020650118,3.768492642845709,-5.534227675389884,-0.16207678154117294,0.0,0.0,0.0
1748026234.903368,507.2628520593063,-975.8026448072137,17.68198503158184,0.8306758909422655,-0.5552396729645578,0.03359342737442038,0.023620995125612672,3.803363859404978,-5.5322180066713225,-0.1385335724567456,0.0,0.0,0.0
1748026235.0265715,507.77786604708297,-976.5456918394219,17.673697941720935,0.8303834722801637,-0.5556741161706362,0.034899915651793165,0.021715466134036045,3.845543922167832,-5.542760566609396,-0.11067701708162744,0.0,0.0,0.0
1748026235.216748,508.29918535020346,-977.3007453803726,17.670812960598557,0.8304856135004339,-0.5555198148350985,0.035695306430484776,0.020426115470636646,3.8514396143276266,-5.576757128824466,-0.04749868412657604,0.0,0.0,0.0
1748026235.3493412,508.80089785839897,-978.0430892066437,17.67137323254374,0.8294314871030225,-0.5570069337452765,0.03756337781571348,0.019382378822728332,3.797692151024116,-5.626034382099447,-0.03449118601833151,0.0,0.0,0.0
1748026235.469353,509.3107432859701,-978.8062602840082,17.6650375161882,0.8282438096149581,-0.5586975124518758,0.03912412180326857,0.01840066595833234,3.783806350663575,-5.6669664197365615,-0.0513953556065396,0.0,0.0,0.0
1748026235.6027617,509.77963750822926,-979.5346238452865,17.66707735387764,0.8270575710454778,-0.5603106250127801,0.041245163745433355,0.01807246916596377,3.7219084690463022,-5.674087491890011,-0.07302885118414999,0.0,0.0,0.0
1748026235.7178543,510.36522659360026,-980.4026363879952,17.658805235999356,0.8259174339003124,-0.5618444736122086,0.04353460172354425,0.017202276120210667,3.7636351437604407,-5.765708798784948,-0.07827492114028674,0.0,0.0,0.0
1748026235.931252,510.82300747723684,-981.1202077628578,17.648616071883126,0.8241912417063602,-0.5642857501035654,0.044848880030785104,0.016702313748972387,3.7122868557066964,-5.7599427869511315,-0.12239648455640795,0.0,0.0,0.0
1748026236.0708735,511.2883247447351,-981.8593460495749,17.633864841229947,0.8227621673008273,-0.5662987175282871,0.04601922298283441,0.015824338858831746,3.693337895998001,-5.744523966764386,-0.16159817453788627,0.0,0.0,0.0
1748026236.194822,511.8675729863147,-982.7109205497882,17.6105742750872,0.8211606175451245,-0.568511133107132,0.047087990421175334,0.01652431191456569,3.740494753855724,-5.814104356341291,-0.16406834163614445,0.0,0.0,0.0
1748026236.3202143,512.3379972312647,-983.4551649411875,17.58727063774208,0.8199864636642329,-0.5701036681011603,0.04848437912038546,0.015914521869617376,3.721052739741475,-5.80010142928219,-0.17174757470210408,0.0,0.0,0.0
1748026236.4721506,512.8796636329228,-984.2745669943286,17.56087596267348,0.818886690994441,-0.5715996851620512,0.04974305858484056,0.014967142594494368,3.742461634606147,-5.821788233771864,-0.15985917413802767,0.0,0.0,0.0
1748026236.7114408,513.3478245100326,-985.0090905999714,17.538176520724317,0.8182898973018818,-0.5723570932458939,0.051158160021254895,0.013850792324871013,3.7154662421854394,-5.79821242609136,-0.16543800708206047,0.0,0.0,0.0
1748026236.9266808,513.8733265222307,-985.8231556651857,17.509208806082107,0.817811062119327,-0.5729608256393062,0.05244375963790592,0.012272368680280093,3.714192509649729,-5.845906684998219,-0.17640109298037507,0.0,0.0,0.0
1748026237.0424535,514.392029770108,-986.6494698784459,17.47965375099287,0.817688376695342,-0.5729983654225452,0.054465309662397626,0.00959801457630757,3.7086645343508673,-5.912523268136729,-0.17102461004813105,0.0,0.0,0.0
1748026237.2464564,514.8545443444527,-987.4160612292145,17.45455802125353,0.8171508864285948,-0.5735498356205163,0.0568168856586734,0.008766776641949844,3.6438120771649256,-5.908038115468275,-0.20177040281466646,0.0,0.0,0.0
1748026237.335647,515.2965965470725,-988.1705254893701,17.433235715083384,0.8168420200077539,-0.5737525303184422,0.0593045438656006,0.007753668791640367,3.537267736334654,-5.903126682173412,-0.22528667772920047,0.0,0.0,0.0
1748026237.462804,515.7765725671451,-988.9807370733982,17.401562131643068,0.8166236482786114,-0.5738320975164083,0.061567655033627,0.007208660465751851,3.4769660424639537,-5.973100279692188,-0.2542142792755892,0.0,0.0,0.0
1748026237.6633463,516.2344586943245,-989.7790730087148,17.36825522466735,0.8159959031092613,-0.5746026103077421,0.06260262029203807,0.007964814436072857,3.4080537477960027,-5.984308434757942,-0.24708023710849125,0.0,0.0,0.0
1748026237.7291062,516.6170875953385,-990.4805577421199,17.28962758881688,0.8152999090045495,-0.5753553821699848,0.06454346879353721,0.009294257436820257,3.266631819316792,-5.882529025747381,-0.35090963402392955,0.0,0.0,0.0
1748026237.8498821,517.0558148496023,-991.292232513761,17.2972468039228,0.8145640042005717,-0.5764965919799562,0.06378199772576945,0.008307783238458192,3.200450505028799,-5.963483399904509,-0.3227966311957978,0.0,0.0,0.0
1748026238.004647,517.4998802328217,-992.1265505411027,17.25401366781184,0.8134518233340863,-0.5780495256383353,0.0639112982975426,0.008379914896259855,3.126529140342263,-6.019396078817687,-0.35094866054203727,0.0,0.0,0.0
1748026238.07982,517.9208502629124,-992.9265626945761,17.20848249443624,0.811847242250519,-0.5803566931299485,0.06340481509824669,0.008366206539104765,3.0698381768228886,-6.046434334342891,-0.3684119120093679,0.0,0.0,0.0
1748026238.2376716,518.3705374745072,-993.784934639441,17.16035240440343,0.8102850722820437,-0.5825777464296347,0.06301128435075216,0.008417187554064346,3.0338064457131217,-6.097357513241935,-0.373476706461387,0.0,0.0,0.0
1748026238.368455,518.8454282546658,-994.6803673541256,17.113289277210697,0.8082673916787755,-0.5854231900366238,0.06255716015393264,0.008373400122261074,3.0180600385566345,-6.187794790357432,-0.3595356120199789,0.0,0.0,0.0
1748026238.5112488,519.2520183431393,-995.5049654150322,17.076830099052327,0.8060666229106325,-0.5884334915285558,0.06270340143491669,0.008420743758901584,2.969455932331614,-6.194321030127942,-0.3486812128839714,0.0,0.0,0.0
1748026238.6380002,519.6811923730605,-996.3681413359216,17.042517671983383,0.8042085412271015,-0.5909758529817767,0.06267112573608385,0.00827607448074323,2.9321482598886885,-6.21254113260405,-0.32204438298532895,0.0,0.0,0.0
1748026238.7940714,520.1210230135372,-997.2537723195024,17.004639988002555,0.8022460306629594,-0.5936266568909437,0.06282874372250635,0.007826076683707469,2.9468098999902317,-6.254079241374214,-0.29952996737950177,0.0,0.0,0.0
1748026238.965088,520.4813690682694,-998.034507211465,16.964936862076176,0.8010944714430918,-0.5951546947960789,0.06322386606697103,0.0064249393028623656,2.888571069289922,-6.234391926386526,-0.3334127090886667,0.0,0.0,0.0
1748026239.2027164,520.9300147454304,-998.954281859129,16.92948191260024,0.8002033302946405,-0.5963257461277209,0.06362572346078633,0.004690629454013067,2.9067683448986723,-6.305399893495352,-0.31155504466369566,0.0,0.0,0.0
1748026239.3677723,521.3054828323944,-999.7776543247779,16.894522470930777,0.7996189687531666,-0.5970375519890373,0.0644068409377844,0.0027249156822019686,2.8321009237854717,-6.316881156270347,-0.31012615251960846,0.0,0.0,0.0
1748026239.4895012,521.7304582071371,-1000.6939843152061,16.853317292860584,0.7991127608711605,-0.5975943034402499,0.06556555955973772,0.001000653912519512,2.773908095350204,-6.397590327365035,-0.30579097215057327,0.0,0.0,0.0
1748026239.633363,522.0356108422001,-1001.4551571230948,16.823657462275794,0.7985483773910996,-0.5983743686248383,0.06533163402513668,0.0006176847686523221,2.6407441433604224,-6.371782014417958,-0.27871875467486007,0.0,0.0,0.0
1748026239.813767,522.4256594411585,-1002.3502435624388,16.784079470708516,0.7976481002612138,-0.599590889011477,0.06517233185071805,0.0009171288040418432,2.5787905171443337,-6.430744794010733,-0.28028012347159625,0.0,0.0,0.0
1748026239.9779444,522.7805374592584,-1003.2343069389017,16.746436555231817,0.7967699012201962,-0.6008083781885106,0.06466064412573748,0.0024532242651771016,2.4835328740632954,-6.4771212380618755,-0.2665864501420375,0.0,0.0,0.0
1748026240.1306465,523.1265165381478,-1004.1302340538733,16.714499570440914,0.7960034388081403,-0.601882149245936,0.06398804788182025,0.004683327127394455,2.3992325927970377,-6.508994534910614,-0.23131444249270794,0.0,0.0,0.0
1748026240.2924666,523.4063451397692,-1004.9226048420443,16.69137742570972,0.795131905013157,-0.6030782404171208,0.06321692714409169,0.008093805532380736,2.299299600718463,-6.4768278121292475,-0.1730638223072804,0.0,0.0,0.0
1748026240.4258249,523.7259008628203,-1005.8156618204235,16.676740016814804,0.7941984837329163,-0.6043181995639106,0.06248431917747559,0.011999665374395813,2.2446059137879195,-6.509619021772443,-0.14290858365941972,0.0,0.0,0.0
1748026240.6265168,524.0691992787517,-1006.7476894514855,16.661799086603782,0.7932753689057366,-0.6055611420352537,0.06125056227635131,0.016070499844677063,2.192646339161024,-6.572227567305077,-0.10674337709447394,0.0,0.0,0.0
1748026240.7638104,524.3786746162402,-1007.6531095987145,16.64960132488973,0.791905379567117,-0.6073376172013576,0.060238969112804346,0.019953825324086922,2.162425141041632,-6.592168656998796,-0.09136064967505071,0.0,0.0,0.0
1748026240.910349,524.6400838207427,-1008.4715948581296,16.645572783448717,0.7903847437527689,-0.6091594010557918,0.060536979506250636,0.02349585198452471,2.1379472053552786,-6.522874737923993,-0.09150813565681917,0.0,0.0,0.0
1748026241.067323,524.9886255032632,-1009.4499026903113,16.63187931651113,0.78869612808081,-0.6112288012296693,0.06058370251768566,0.026218029806388182,2.145480057206247,-6.603910062369063,-0.10832621774427291,0.0,0.0,0.0
1748026241.2056797,525.205967316772,-1010.2030185836403,16.630003733119167,0.7870038756814325,-0.6132877833424845,0.06054598765300071,0.02893402572040517,2.055549752145334,-6.479426995466499,-0.12357396020764262,0.0,0.0,0.0
1748026241.3377166,525.5304026632523,-1011.1361461665545,16.606233704221406,0.7851070064631451,-0.6157522151612237,0.05969387543945165,0.029880414346935207,2.0849859052027124,-6.49665100429399,-0.15620676790522242,0.0,0.0,0.0
1748026241.4577706,525.7606604293846,-1011.9146055868995,16.59043096450298,0.7832293369968878,-0.6181944082769388,0.058867096536448865,0.03036682709651289,2.031002437705794,-6.386344682359808,-0.14141719439341047,0.0,0.0,0.0
1748026241.6539197,526.0479524132353,-1012.7984576700732,16.57198099440196,0.780902561822934,-0.6212553447337635,0.05784178276063124,0.029787812024107442,1.9992468788544755,-6.371092485033205,-0.13454892996734352,0.0,0.0,0.0
1748026241.7890992,526.3578975926247,-1013.7314121827409,16.542294619837087,0.7789094422771352,-0.6239117308498106,0.057109755959020264,0.02779763683871125,2.02730544870655,-6.457084763637178,-0.14409576032130458,0.0,0.0,0.0
1748026241.9067833,526.6128930547128,-1014.5601880542437,16.520901214325335,0.7771158441774987,-0.6262011638394843,0.057344158105226625,0.025975270269463946,2.016738896245369,-6.403956362720397,-0.148230249552726,0.0,0.0,0.0
1748026242.041398,526.850576273373,-1015.348018303219,16.501173626575184,0.7755060564282586,-0.6281628618384887,0.058137434511478535,0.024936201763582123,1.99042918937326,-6.3439747505754545,-0.11171080370691837,0.0,0.0,0.0
1748026242.1539094,527.1122929090368,-1016.1944142844292,16.487966853657618,0.7744221706340044,-0.6294397251304031,0.05950554637792853,0.023130585996553328,1.9612885243128424,-6.326765878255835,-0.08289799758173046,0.0,0.0,0.0
1748026242.30492,527.3636590988208,-1017.0167287193527,16.479201383272358,0.7739056474324377,-0.6301286382592939,0.058847208755488274,0.023344252812105934,1.9390536339989557,-6.289271419412763,-0.05289884790833894,0.0,0.0,0.0
1748026242.4759398,527.6259866562954,-1017.8625933482128,16.472961350852362,0.7734537096097084,-0.6307183694553624,0.05810879562044515,0.024229432393091957,1.9148680039398507,-6.265517305335432,-0.008500507026190809,0.0,0.0,0.0
1748026242.6246085,527.8596819838309,-1018.6618956954271,16.476717620736594,0.7727856019961203,-0.6315383687641551,0.05756140114752168,0.025463448787192765,1.8331414141836044,-6.234615362845752,0.048520909336252076,0.0,0.0,0.0
1748026242.7943294,528.092529355389,-1019.4839842719339,16.479329538420313,0.7722071757994842,-0.6323474449500256,0.05621605721416104,0.025933403560916373,1.748788465676276,-6.238501300440217,0.06940011780981509,0.0,0.0,0.0
1748026242.9390428,528.324018964551,-1020.3111628034959,16.49236641696274,0.7708815899592971,-0.6340234912580606,0.05459103103521208,0.027849706017816243,1.6740430152519654,-6.22578830838916,0.12844323819298104,0.0,0.0,0.0
1748026243.0968082,528.5603739395083,-1021.1834658104202,16.510835049996803,0.7685964379348066,-0.6368059509660412,0.053518948309627466,0.029553655949717195,1.6161103186144326,-6.253616231838049,0.16701983841464052,0.0,0.0,0.0
1748026243.3173316,528.7522433769864,-1021.9863679869538,16.531458812350504,0.7659898038901253,-0.6399861533779381,0.051877526445667434,0.03140168897937101,1.534210248053402,-6.245044915985421,0.21005442600810617,0.0,0.0,0.0
1748026243.4444587,528.968623780171,-1022.8364032646311,16.55900516658258,0.7625639970381377,-0.6440088021872036,0.05109392132766736,0.033737580381298884,1.5135137659685953,-6.251623694913226,0.23348767689423203,0.0,0.0,0.0
1748026243.5642471,529.1728821276218,-1023.6781247364028,16.590474569651853,0.7585900744296611,-0.648626199451612,0.04992944913862975,0.03649934890476655,1.4957678773603933,-6.221854844754124,0.25269405900100717,0.0,0.0,0.0
1748026243.7327166,529.4092762515289,-1024.591580354029,16.620796189838174,0.7545033195910684,-0.6533190655335168,0.04882345922239226,0.03892568773997196,1.522749598941129,-6.251423805665127,0.27899273421773296,0.0,0.0,0.0
1748026243.8867857,529.5725513573217,-1025.3451670404484,16.647616317889664,0.7505912475755513,-0.6578536042693217,0.04710615244510937,0.04027933483385735,1.4959505226589163,-6.189381096567439,0.21389601141646714,0.0,0.0,0.0
1748026244.0738394,529.7868793600503,-1026.2080087785703,16.661511334567493,0.7464947666901095,-0.6625637598981389,0.04533062045201879,0.04123059814452752,1.5379263005217316,-6.185112218934242,0.1459364599930686,0.0,0.0,0.0
1748026244.187825,529.9911492616142,-1027.039341080391,16.67683258208722,0.7426473141383054,-0.6670149820602914,0.044228273783814775,0.040122815309674674,1.5805441137481815,-6.170153769887481,0.16514890159559367,0.0,0.0,0.0
1748026244.3408804,530.2345603946901,-1027.9416879809362,16.69203313223744,0.7392465632658872,-0.6709341637700453,0.04464910007369433,0.03699086979747613,1.6642720074866675,-6.218469068496384,0.16063623123291518,0.0,0.0,0.0
1748026244.487628,530.4351352419596,-1028.7074714526889,16.711919428740234,0.7364069686017854,-0.6741170365488702,0.04680250266637397,0.032871315359476655,1.6909763216714744,-6.1405446443097444,0.1967771927328928,0.0,0.0,0.0
1748026244.6651797,530.6571534950851,-1029.5090429967786,16.741862167319642,0.7339037041689441,-0.6768926095283554,0.048848217250420184,0.02855870873222223,1.6952104755698632,-6.111284459968493,0.24326197737893593,0.0,0.0,0.0
1748026244.8258274,530.896247224826,-1030.3860155392588,16.76765014633029,0.7321504233024101,-0.6787517981774314,0.05083284402907688,0.02584136406850011,1.6760721925636652,-6.153425104317023,0.31685985804771066,0.0,0.0,0.0
1748026244.9712982,531.1267156418377,-1031.2489391594527,16.80487697254864,0.7312743311177495,-0.6796275689288477,0.05127693144543815,0.0267375485355798,1.6177917698694957,-6.15276725595071,0.30760694202949124,0.0,0.0,0.0
1748026245.1205308,531.3137418011897,-1031.9975194091585,16.839521704857443,0.7299715848412639,-0.6809208855687328,0.0522233553466204,0.027585396081386653,1.5378605540350074,-6.092272335090673,0.30669814636574444,0.0,0.0,0.0
1748026245.2561777,531.5294034406024,-1032.8660509235503,16.87233595635349,0.7274808742352231,-0.6834642588184712,0.053539773061765925,0.0279584913786152,1.4454836244575815,-6.110952963140742,0.26835870763288705,0.0,0.0,0.0
1748026245.4245112,531.7245887830654,-1033.737157114471,16.901081963711537,0.7234677949759007,-0.6876736064470201,0.054148374537985725,0.027700436165354433,1.308664562139599,-6.097995695390447,0.21497980622466845,0.0,0.0,0.0
1748026245.5828886,531.8620194719425,-1034.4538713161,16.91787149340984,0.7199091779847704,-0.6913626312107054,0.05509883756976363,0.02669467582053414,1.1965454937911615,-6.055212304401597,0.16315925163760814,0.0,0.0,0.0
1748026245.7201128,532.0570068377265,-1035.3304443688487,16.930935502966026,0.7150742422253907,-0.6963180697085432,0.05607174051932671,0.025805693524587676,1.1786222013673862,-6.10967082590746,0.11649345427507223,0.0,0.0,0.0
1748026245.903238,532.1988290849764,-1036.1242580490743,16.939819135311843,0.7096766831958808,-0.7018598969647455,0.05622942007143082,0.024288735643517818,1.13024144134596,-6.050803516736091,0.0736883069372426,0.0,0.0,0.0
1748026246.0852003,532.3399101696425,-1036.8951829873713,16.939697254244802,-0.7055330980351661,0.7060236902885094,-0.05689387993270155,-0.022730656710691383,1.1283243829463254,-6.012542058494007,0.0803023350038677,0.0,0.0,0.0
1748026246.2012353,532.5003694316304,-1037.7166507717784,16.940721207272656,-0.702189474156456,0.7093219399445693,-0.05812506235237662,-0.020342198103573805,1.128650502535859,-5.995633599325316,0.0704465389243294,0.0,0.0,0.0
1748026246.3854427,532.6739792832695,-1038.5810093960565,16.946669682981927,-0.6992602424805213,0.7121040358134977,-0.06048384523982749,-0.01687186798241226,1.1211537585806985,-6.007919914878565,0.09578219867792687,0.0,0.0,0.0
1748026246.5503142,532.8063923466495,-1039.3324037544558,16.95493550633892,-0.6972595628244889,0.7140052006151938,-0.061658109863547646,-0.0149650603845871,1.05511414269242,-5.963733876309441,0.12855944037820474,0.0,0.0,0.0
1748026246.6561835,532.9574056811106,-1040.1764075528072,16.972444908536776,-0.6959883107629709,0.7150834062208528,-0.06349257011212399,-0.014989562016489249,0.9652057598598677,-5.962981305888131,0.18576030974824792,0.0,0.0,0.0
1748026246.8561392,533.0838607867413,-1040.9587218702761,16.99132858640514,-0.694960312957396,0.7161304349156564,-0.0628561339170984,-0.01537758208129208,0.8499139480574944,-5.948814828279668,0.15982486295143494,0.0,0.0,0.0
1748026247.0019414,533.1849894314599,-1041.7343402592637,17.010690681265416,-0.693238302067455,0.7178361951218517,-0.06180907579579755,-0.017649126575679356,0.7246109546863873,-5.922636544193361,0.14261422270219917,0.0,0.0,0.0
1748026247.1416116,533.2934354866644,-1042.6054302496373,17.02605911667951,-0.6913738528914204,0.7197725304398129,-0.059455856026611104,-0.019867087015566314,0.6022254883075912,-5.970848833269029,0.14575183103367415,0.0,0.0,0.0
1748026247.2803552,533.3418374376357,-1043.3419647211444,17.034898876766174,-0.6889087967618571,0.722184196872764,-0.058047133534215416,-0.02202693396349241,0.45476791456143445,-5.922495080449072,0.10532788487420944,0.0,0.0,0.0
1748026247.4125614,533.3924363000383,-1044.0997036986275,17.04724288511654,-0.6852885784384729,0.7256274041195938,-0.05714677453178813,-0.024055785438221115,0.3669088209718713,-5.8580733850387325,0.08783185213628675,0.0,0.0,0.0
1748026247.563468,533.4645580086069,-1044.9753940854719,17.05144890744748,-0.6806632264198967,0.7299851452914654,-0.05618171917658903,-0.025746345057455433,0.29642125171291434,-5.910121315529341,0.09480310697989877,0.0,0.0,0.0
1748026247.7407346,533.4996738234684,-1045.7482650515208,17.050983013657405,-0.6757410833034517,0.7345413830723956,-0.05567541543669367,-0.02689224806373739,0.22740048812888503,-5.885656555016761,0.05244623147645969,0.0,0.0,0.0
1748026247.8753078,533.5564774866616,-1046.6196739344496,17.056005685967236,-0.6712265210591035,0.7386478642212031,-0.05602119775965288,-0.026756597502709086,0.236150820131533,-5.9126403146309885,0.041634124312373635,0.0,0.0,0.0
1748026248.0471787,533.582709837046,-1047.3543459762202,17.050515389780028,-0.6676018679452183,0.7419410874042578,-0.05589586496775581,-0.02658610571237436,0.24596552866414695,-5.870044905559981,-0.015186759212541496,0.0,0.0,0.0
1748026248.2300582,533.6125772245055,-1048.1002305702177,17.04630397626497,-0.6648982284740911,0.7443541803044192,-0.05676041917120167,-0.025009095362706093,0.22024603986666272,-5.829745422627587,-0.04494891632730333,0.0,0.0,0.0
1748026248.4140682,533.6644296246354,-1048.922058256229,17.029861814581025,-0.6636306961353292,0.7455155837831674,-0.0572872281501545,-0.02278128561459468,0.21234659030743622,-5.838165767383542,-0.11612754075149535,0.0,0.0,0.0
1748026248.5884027,533.7004546105888,-1049.722644917841,17.010580044954352,-0.6620989145781501,0.7468441188508816,-0.05855515949564901,-0.020498359659376002,0.17909404248620023,-5.819371772881745,-0.16376516891710524,0.0,0.0,0.0
1748026248.6973357,533.7164658160239,-1050.4460048322424,16.988630767185025,-0.6612773569123659,0.7475698049529649,-0.05917297354670817,-0.01871371580477955,0.11347047556276739,-5.743238643707604,-0.17408236004455147,0.0,0.0,0.0
1748026248.8103015,533.7435018744465,-1051.2904941498573,16.960318781849622,-0.6607880127502958,0.7481298492933082,-0.058213078856801055,-0.016497522598830708,0.019503532691134192,-5.783982853529106,-0.18816334785207434,0.0,0.0,0.0
1748026248.9615514,533.7292225282621,-1051.988789508222,16.93459097923366,-0.659853766199109,0.749087652470086,-0.05694089686874218,-0.01477939151287193,-0.1345008299207842,-5.695860126106959,-0.15763219612826188,0.0,0.0,0.0
1748026249.1166527,533.6900260070387,-1052.7361282321751,16.916262214252107,-0.6581600013869747,0.7506762854076283,-0.05578950887841296,-0.014073300963458105,-0.2804349717265684,-5.645043736529045,-0.08845685389698074,0.0,0.0,0.0
1748026249.3048675,533.638804622274,-1053.4250724951373,16.90876259721641,-0.6557833960816334,0.7528217805992163,-0.054690153484716515,-0.01471363962053973,-0.4363195401237027,-5.582656232640598,-0.022077214331011667,0.0,0.0,0.0
1748026249.5321565,533.5896739215315,-1054.281789132327,16.90244972092742,-0.6519947674204604,0.7561856923636161,-0.053164304168410954,-0.01611144571995605,-0.5864591277130788,-5.649416997599828,-0.00852989231389623,0.0,0.0,0.0
1748026249.6518326,533.5049189954939,-1054.9649585516836,16.903239220422254,-0.6474148526821042,0.7600977164197225,-0.0525303259796423,-0.018602012595560997,-0.6937615373354905,-5.574543804281595,0.0021913372918663885,0.0,0.0,0.0
1748026249.8009179,533.4157880529426,-1055.7195988487213,16.900744764775308,-0.6429391117090776,0.7639350502745201,-0.05065166538147436,-0.021608942382538413,-0.744850650655743,-5.552985287990342,0.03394692894082844,0.0,0.0,0.0
1748026250.0115335,533.3214433383484,-1056.4843598298262,16.89961694193827,-0.6389656384933893,0.7672957569829241,-0.04876875002560236,-0.02453045376011701,-0.7729009695520133,-5.5699445806197785,0.002670525696184654,0.0,0.0,0.0
1748026250.123204,533.2162904519573,-1057.2336286946934,16.90012912979418,-0.6355262320467971,0.7701123148576262,-0.04766011375027729,-0.027603341144499173,-0.781541043551914,-5.540421056070869,0.0021370165398745173,0.0,0.0,0.0
1748026250.3907263,533.1145678180673,-1057.968533692252,16.898812002924963,-0.6335495786543164,0.7717704760082302,-0.04589448466566707,-0.02964726001236604,-0.742962165813139,-5.527268008284598,-0.019991498668647172,0.0,0.0,0.0
1748026250.5348961,533.0093702543907,-1058.6631374808494,16.902974793542953,-0.6325233417802412,0.7725749285235112,-0.04462525581077797,-0.03241586747058185,-0.76158617386415,-5.478853458428538,0.009785675866069706,0.0,0.0,0.0
1748026250.6650019,532.9156209891717,-1059.4353252268,16.902590848417326,-0.631622798191513,0.7733397704576781,-0.04330769560788444,-0.033506473021251655,-0.8045941444999443,-5.510117197597104,0.002565354121898206,0.0,0.0,0.0
1748026250.8122134,532.80352536199,-1060.231394307449,16.90061803265607,-0.6302916219408757,0.7744749793308634,-0.042126827689952025,-0.033857171919402726,-0.8808973946418993,-5.5303407828363005,-0.015431827128244644,0.0,0.0,0.0
1748026250.9280841,532.6745233838682,-1060.91346438216,16.902219778879225,-0.6280301366987813,0.776312350541128,-0.04000667738991988,-0.03628701640584153,-0.9671884585020577,-5.457094445833035,-0.006765183372783203,0.0,0.0,0.0
1748026251.089436,532.536689840172,-1061.5905848498683,16.907494277473536,-0.6246435553750159,0.7790232630162953,-0.03789090716009828,-0.038826068079170384,-1.050620975252093,-5.37735729626347,0.014714647072351301,0.0,0.0,0.0
1748026251.2036757,532.3960137135729,-1062.3463600059256,16.913517902844713,-0.6211251025131252,0.781793724726206,-0.0360456182798597,-0.04126611696788864,-1.1013131098054763,-5.375275840822434,0.06317211104996584,0.0,0.0,0.0
1748026251.3745944,532.2567355381708,-1063.0268366821927,16.9215248379344,-0.6171532894183014,0.7849053929502033,-0.032873568242145025,-0.04432459801155824,-1.0757206869711946,-5.329755179523239,0.0899252667677116,0.0,0.0,0.0
1748026251.551059,532.1180000303473,-1063.7359456560378,16.929376524648145,-0.613382820492341,0.7878242127296823,-0.03201640529366759,-0.04549148440959642,-1.0111235294434677,-5.31533550529076,0.08639281175068268,0.0,0.0,0.0
1748026251.6573975,531.9877715235717,-1064.4821864600378,16.926828567052628,-0.6099970867150457,0.7904906474915696,-0.03136824182172811,-0.04521198770823526,-0.9591273607710893,-5.370881635479079,0.0763461844342235,0.0,0.0,0.0
1748026251.8699028,531.8586393426114,-1065.222532830581,16.929171073013382,-0.6076512422718648,0.7923253137990782,-0.033645060687836834,-0.04299505518037612,-0.918980130215027,-5.383172643953473,0.04660626557926763,0.0,0.0,0.0
1748026252.091505,531.7444219727173,-1065.9081215275742,16.93210003889474,-0.6056754860330562,0.7938379301457956,-0.03556158903624164,-0.04139951286763834,-0.8556221497446367,-5.348621858362096,0.013987848548041191,0.0,0.0,0.0
1748026252.232131,531.6198598175486,-1066.628405059868,16.93146918250031,-0.6049273113694666,0.794378082358532,-0.03739439607971457,-0.040349341624409216,-0.9112654185528106,-5.330604622744851,0.0031576577045310922,0.0,0.0,0.0
1748026252.4255598,531.4891298546364,-1067.3687762066393,16.92718986601625,-0.6046574843883817,0.7946646108319558,-0.03555354334733324,-0.04041569521682594,-0.9498050966727605,-5.322792688637018,-0.009899543245031672,0.0,0.0,0.0
1748026252.6683545,531.3465930138797,-1068.1269205644305,16.92800638015899,-0.6040724101538796,0.7951121030956485,-0.034615118596033896,-0.041171110821550456,-0.9903776781411325,-5.306870410749306,-0.029360428766636585,0.0,0.0,0.0
1748026252.7980556,531.2203077510814,-1068.7799888068355,16.92362968034979,-0.6030338413407708,0.7959175507963555,-0.03474236681398316,-0.0407235371779953,-0.9938434619908049,-5.255150131010638,-0.040560121910482715,0.0,0.0,0.0
1748026252.995571,531.0835059418015,-1069.5352417809606,16.909290914148304,-0.6012324310030628,0.797333375968381,-0.03500073660811735,-0.03942080559680448,-1.039485139764331,-5.287644774077209,-0.058449453477337376,0.0,0.0,0.0
1748026253.1136642,530.9459887215778,-1070.1708267715453,16.896185736829718,-0.5997488135172341,0.7984933427613023,-0.03658906511808322,-0.03702678171724205,-1.0757822888161828,-5.18699197519588,-0.09269816562128136,0.0,0.0,0.0
1748026253.316915,530.7968607469157,-1070.9269583992373,16.88078879383739,-0.5976949851341872,0.8001395522280302,-0.03611559002859626,-0.03511503755739556,-1.1110427386672952,-5.217360481270761,-0.08197903564273269,0.0,0.0,0.0
1748026253.4565806,530.6499514387308,-1071.5963846420404,16.872687606494303,-0.5952187478960002,0.8019758554394908,-0.03686255939836308,-0.0345039296286269,-1.1191581310425294,-5.184018365251898,-0.015696712488511178,0.0,0.0,0.0
1748026253.5575662,530.4836396030059,-1072.3625118962245,16.864236539428912,-0.594574795275616,0.8024623951396253,-0.03626293106801316,-0.034927310805329195,-1.1631735413727469,-5.226218268794396,-0.01688526718014989,0.0,0.0,0.0
1748026253.7702534,530.33235258268,-1073.006841655906,16.863479699174334,-0.5942552094088199,0.8026379723259234,-0.036225252213936895,-0.036342297300070325,-1.1440056065553352,-5.166896431375162,-0.024189466615111076,0.0,0.0,0.0
1748026253.9323146,530.1701667210801,-1073.7730149245308,16.86528744073925,-0.5932479571178437,0.8032462400259723,-0.037978872396654796,-0.03754922783655899,-1.1674515078708456,-5.204603403279266,-0.010433529270954757,0.0,0.0,0.0
1748026254.0868964,530.0173589814971,-1074.4423863888226,16.86294398595253,-0.5927749558009179,0.8034851524839733,-0.03959764212191987,-0.038229416048516415,-1.1495318823980925,-5.181278746060697,-0.01648930148702657,0.0,0.0,0.0
1748026254.26867,529.8605505452902,-1075.1347793422055,16.86420427846161,-0.5920641162127586,0.8038723132151889,-0.041634018474351685,-0.03893577846844339,-1.187650601639524,-5.129428304839217,-0.004131527933107822,0.0,0.0,0.0
1748026254.4281993,529.7016044167318,-1075.7758297438756,16.865276270028943,-0.5925515537630728,0.8034395653694938,-0.042473604993799534,-0.039541292476067545,-1.223384419383415,-5.0696207777143,-0.057528508090266404,0.0,0.0,0.0
1748026254.5769768,529.5364131087956,-1076.3932260734061,16.862680638018567,-0.5920817982855419,0.8036773641164611,-0.043095234117504704,-0.04104435822538397,-1.2746950577080873,-4.97796700328628,-0.07012084556586871,0.0,0.0,0.0
1748026254.7158384,529.3546507604284,-1077.1425828505182,16.85335943907829,-0.5920155522615512,0.8037331634406841,-0.04261816698934032,-0.04140386103432881,-1.339733211739619,-5.001683226344163,-0.1261382130383556,0.0,0.0,0.0
1748026254.885483,529.174792777782,-1077.7579908984674,16.843927630397026,-0.5908316001008882,0.8045824755914119,-0.04113416442743728,-0.043278641502199795,-1.3531789176342055,-4.9268933597144535,-0.1260990719357544,0.0,0.0,0.0
1748026255.053974,528.9841485616572,-1078.492517756179,16.833746604909994,-0.5894971447989483,0.805494559613312,-0.04021803258798625,-0.04532262748336935,-1.4010485340279486,-4.9385800913940985,-0.1048257737857412,0.0,0.0,0.0
1748026255.1867564,528.8041378034715,-1079.0687734000912,16.831335196623773,-0.5879904446586416,0.8065442741337133,-0.039329036780102924,-0.04697656562802358,-1.4191407374962477,-4.832057292633273,-0.08475434131042515,0.0,0.0,0.0
1748026255.3227758,528.618497666706,-1079.6773045032119,16.831363412202773,-0.5860146754370323,0.8078246382238577,-0.03904871342390798,-0.04981317125881919,-1.4349861922939624,-4.76104328691689,-0.047623226772830964,0.0,0.0,0.0
1748026255.5215478,528.4374978591383,-1080.276493828593,16.825754844474535,-0.5827622333665488,0.8100138702904425,-0.038716707613594394,-0.05259967538202215,-1.3974273722652908,-4.6729451480178925,-0.05427158144427809,0.0,0.0,0.0
1748026255.7456734,528.246643793682,-1080.8769746514151,16.822093451929874,-0.5806344487070102,0.8114908498039036,-0.03791777690824513,-0.05393032406338013,-1.3951867065786012,-4.627796689948857,-0.09728011284376382,0.0,0.0,0.0
1748026255.9417024,528.0488319266825,-1081.5714908288383,16.799895359840594,-0.5780532890911688,0.8133085289451553,-0.037108324948940105,-0.05483250801698917,-1.4141409396455407,-4.664491861340928,-0.18167770209707196,0.0,0.0,0.0
1748026256.0825481,527.8616916548355,-1082.1807411893494,16.77071047535824,-0.5759859130643481,0.8148336955883316,-0.03632264557438033,-0.05446964203819934,-1.3734831065486186,-4.635486080359396,-0.23531682072065946,0.0,0.0,0.0
1748026256.261514,527.6833508145681,-1082.7966079535654,16.737162011780967,-0.5745154624851411,0.8159950579210944,-0.034407553796386506,-0.05385321769015347,-1.3372418494882405,-4.590985954946113,-0.271331813819678,0.0,0.0,0.0
1748026256.446811,527.4904401456172,-1083.5015599118879,16.69689767969081,-0.5725956074312056,0.8174808786179285,-0.03383234413624071,-0.052102360165304513,-1.3101259492015445,-4.640502358243723,-0.26149949986358434,0.0,0.0,0.0
1748026256.659994,527.3267343988439,-1084.034988821117,16.67111056486575,-0.571833394603707,0.8181469864426238,-0.03422485084958705,-0.04970650837845984,-1.2869693360697152,-4.54244988253176,-0.20499966425578944,0.0,0.0,0.0
1748026256.8223948,527.1542645829842,-1084.633400639947,16.652952347460456,-0.5707762021250014,0.8189230316454559,-0.03559963794387201,-0.048085976195148115,-1.269659740434787,-4.478840293393557,-0.13296074078908438,0.0,0.0,0.0
1748026256.939894,526.9705926551052,-1085.2867636379328,16.638137479383804,-0.5690302057944518,0.8201360724223073,-0.03677552436546365,-0.04721237563267739,-1.3138937196429825,-4.487385232191309,-0.08619633181987574,0.0,0.0,0.0
1748026257.0685678,526.7935212796375,-1085.8841028815793,16.627647632716723,-0.5686239234844543,0.8204836777499361,-0.03820928174273897,-0.04487113744701045,-1.3187033746739167,-4.437880666975618,-0.10700103589267583,0.0,0.0,0.0
1748026257.2207358,526.6178692008294,-1086.4547488843398,16.61193552140559,-0.5685267947642811,0.8206384398218918,-0.03884735348407552,-0.04266987050633954,-1.3292130544161425,-4.392611510614507,-0.1437875454694881,0.0,0.0,0.0
1748026257.384718,526.4301233394947,-1087.0622192876774,16.59360438855509,-0.5673273874971617,0.8215802925136679,-0.03833211066458119,-0.04094029360910154,-1.3466233657585465,-4.380786842555889,-0.15800436336875417,0.0,0.0,0.0
1748026257.5481708,526.2424627025896,-1087.6286009087542,16.578835709089574,-0.5666007200217931,0.8221998997904243,-0.037902456604915986,-0.03891468410143526,-1.3750740027502433,-4.345937821334638,-0.13772467234537514,0.0,0.0,0.0
1748026257.75668,526.0482688086872,-1088.2498056518423,16.562342038914206,-0.5665024467884655,0.8223130686347518,-0.03845380386261673,-0.037383149996692705,-1.4037933611578937,-4.3379362687306475,-0.13973619161757814,0.0,0.0,0.0
1748026257.8764653,525.8621290373171,-1088.8081833726446,16.548895109897458,-0.5667530756744356,0.8221903042991686,-0.03833003653015072,-0.03639866796471409,-1.4098117897451192,-4.296624753471659,-0.13210462418103058,0.0,0.0,0.0
1748026258.0025594,525.6676868354514,-1089.381719598798,16.538326596656418,-0.5666979621752315,0.8222771536160928,-0.037769875746464815,-0.035876716593819226,-1.4501086806481636,-4.264260599144553,-0.10602179820929748,0.0,0.0,0.0
1748026258.1880713,525.4606805447567,-1089.9786154032215,16.52901663419802,-0.5671570543564115,0.8219804567184031,-0.03763908404721719,-0.035557050198948344,-1.4941781654231931,-4.26647151245375,-0.08427947514518076,0.0,0.0,0.0
1748026258.3081493,525.259846757055,-1090.5211910869177,16.524326280548124,-0.5674040197052364,0.8218973940856736,-0.036018899255502515,-0.035213504709707535,-1.5046340777394267,-4.230530057623088,-0.058867121962877106,0.0,0.0,0.0
1748026258.4565,525.0541527980196,-1091.1132966285763,16.520709725132694,-0.5678962055017335,0.8215548123042922,-0.034527959266802584,-0.03673431890293233,-1.5192582769848157,-4.217729578214986,0.012129981101360994,0.0,0.0,0.0
1748026258.6102588,524.8532961056393,-1091.6581821825694,16.526084845952592,-0.5690125071538051,0.8207799566368789,-0.03424657516672654,-0.0370432392624349,-1.555048335433649,-4.184024600980678,0.04544300900209038,0.0,0.0,0.0
1748026258.8605042,524.6392991927381,-1092.2419937568327,16.527304221213335,-0.5696365790148337,0.8203983037926852,-0.03264008069412549,-0.03735526890069151,-1.6228317463573785,-4.193071314874059,0.040604046280716094,0.0,0.0,0.0
1748026258.9775472,524.4116862710522,-1092.825199286155,16.529977469104796,-0.5700637044881669,0.820047834282429,-0.03191797182850856,-0.039117328491099945,-1.6731475596061376,-4.170392653824682,0.021359029275318214,0.0,0.0,0.0
1748026259.0775635,524.1899531602274,-1093.3390365644127,16.532574401661595,-0.569299222594465,0.8206219599535247,-0.028904192477293953,-0.04052828213247065,-1.7019380439634662,-4.1195362579531825,0.025689987583803163,0.0,0.0,0.0
1748026259.2564437,523.9523726273311,-1093.8772782307838,16.533491781635398,-0.5680266448358112,0.8214856324048393,-0.02704299401867876,-0.04213980284123558,-1.7558855741603276,-4.081608572035204,0.011581947396440279,0.0,0.0,0.0
1748026259.349291,523.7305950379139,-1094.3792453683054,16.53131483798015,-0.5664169961465083,0.8226035302333632,-0.023263068252562382,-0.044204617173450346,-1.7485916152968435,-4.048219493579065,8.88202221823435e-05,0.0,0.0,0.0
1748026259.547017,523.482545605899,-1094.9998214063637,16.522513906342958,-0.5649706663597117,0.8236079270597304,-0.019787251312186876,-0.045679243896385384,-1.736591400170333,-4.104767737969344,0.006509480757958092,0.0,0.0,0.0
1748026259.8024254,523.2433132480942,-1095.585170785461,16.514607962163907,-0.5631539779864834,0.8248247836766549,-0.01820226821475525,-0.0468011831324478,-1.72963230007462,-4.130544539064221,0.02830837238360008,0.0,0.0,0.0
1748026259.9692469,523.016675203563,-1096.1159045465333,16.509582528667217,-0.5601552372733408,0.8268719377434777,-0.017111573559125192,-0.04707550082499864,-1.7005534910334228,-4.132192412304233,0.033453155986140924,0.0,0.0,0.0
1748026260.0694184,522.8066871067782,-1096.6535419095019,16.509739911077173,-0.5580059364747343,0.8282864617055509,-0.016304874122281637,-0.048011074702722985,-1.6236547155670797,-4.134644721898727,0.0547427783015765,0.0,0.0,0.0
1748026260.2251384,522.5890286051798,-1097.23443363038,16.513349811756267,-0.5559297233871523,0.8296238139318032,-0.016715290981495236,-0.04885764074673566,-1.5707220032564209,-4.151330009853683,0.06176377164330037,0.0,0.0,0.0
1748026260.4315674,522.3852099894767,-1097.7956234486558,16.51949287791564,-0.5555420377862625,0.8298074842452821,-0.01767811755743235,-0.04980027612803338,-1.5039127786802269,-4.170472512726731,0.04704517812500865,0.0,0.0,0.0
1748026260.634439,522.1889096893696,-1098.368538345034,16.52509997178772,-0.5553910941744179,0.8299126500530054,-0.019271242525183183,-0.04913598483063387,-1.4271019798890863,-4.175009567448071,0.04675757744554848,0.0,0.0,0.0
1748026260.7824733,522.0170048047681,-1098.8782387554916,16.531675936988425,-0.5557377408409089,0.8296510490173196,-0.020065111787487672,-0.04931624031148019,-1.3350827872963602,-4.1496462147659035,0.054500974032736724,0.0,0.0,0.0
1748026260.9403446,521.8205204445339,-1099.4463404689081,16.537699156969865,-0.5559808365823363,0.8295129974351444,-0.021648087554496567,-0.048216768292787794,-1.3383679060207105,-4.138777434962093,0.053743050182336785,0.0,0.0,0.0
1748026261.1201344,521.6432626571467,-1099.9723162134812,16.54386563989303,-0.5562681967985126,0.8293792465548959,-0.022150367607290042,-0.04695870344703431,-1.3904478807945155,-4.092277221512777,0.043282022685059186,0.0,0.0,0.0
1748026261.3384082,521.4570806230832,-1100.5072330104663,16.550443999425198,-0.5566889556103354,0.8291435696753572,-0.023158661228905253,-0.045629200930601466,-1.429443187295635,-4.047346622123617,0.07836479380903044,0.0,0.0,0.0
1748026261.5315645,521.2492735318374,-1101.056480772939,16.555434813603032,-0.5553869293758947,0.8300344077418562,-0.023163964504720365,-0.0452953793610893,-1.4305376228114524,-4.034457995377916,0.07537827218715028,0.0,0.0,0.0
1748026261.685534,521.0518026043246,-1101.5957934566397,16.564827389387506,-0.5538062318933519,0.8310457358144343,-0.023182654561531395,-0.04608912049728548,-1.4763171946023899,-3.9927361842422338,0.08407558122373757,0.0,0.0,0.0
1748026261.7848897,520.8678894612262,-1102.0712693578732,16.575569876014313,-0.5522412205226369,0.8320870900920659,-0.02377370438104755,-0.045776848272777074,-1.4917215473371106,-3.920167049716232,0.144166119037323,0.0,0.0,0.0
1748026262.0021226,520.6461719233316,-1102.7149492376227,16.59465243551983,-0.5507587044763068,0.8329836378154049,-0.025591185594509413,-0.04634867630539136,-1.4877080623882581,-3.9751136513831007,0.19012845228584385,0.0,0.0,0.0
1748026262.236131,520.4513287784783,-1103.2112623474497,16.620135023125798,-0.5481175874518237,0.8346471988194797,-0.02648459246033944,-0.04722001896439833,-1.4694260138187836,-3.9299318485999044,0.20511844049795297,0.0,0.0,0.0
1748026262.3337767,520.2568627616065,-1103.7222764774865,16.64700147923765,-0.5469220068099001,0.8353148314059683,-0.02908638507755028,-0.0477434090044988,-1.4563548707989722,-3.9099545028471248,0.20052767182191564,0.0,0.0,0.0
1748026262.4895813,520.056778594007,-1104.2757313989532,16.66993104878526,-0.5459371900014433,0.8358834201062093,-0.02895120667053563,-0.04912555543904119,-1.4219042778800928,-3.895447302778559,0.18341168588563492,0.0,0.0,0.0
1748026262.6307337,519.848110439211,-1104.8791531788884,16.688578917294937,-0.5466072496412353,0.83535207035441,-0.0268866551466452,-0.051812556096671646,-1.4114346352489318,-3.940672253321886,0.13802950470398317,0.0,0.0,0.0
1748026262.778746,519.6696307596955,-1105.3614947934095,16.703291089850286,-0.5480170467663421,0.8343677941438525,-0.025589201008403565,-0.05341248300509931,-1.3278916558195217,-3.8964885572692554,0.07743714121577505,0.0,0.0,0.0
1748026262.9433916,519.485432605264,-1105.9034814906122,16.715229408699713,-0.5506716949664489,0.8325753288915284,-0.025638347592700974,-0.05405257826096298,-1.3303861271881223,-3.893017176812862,0.047059113144492064,0.0,0.0,0.0
1748026263.1536515,519.30114264378,-1106.4435534414474,16.724913416732132,-0.5509413251792801,0.8324139989089986,-0.02503996697270186,-0.054070238431457945,-1.3027672560814627,-3.8652812169672313,0.03143634543570902,0.0,0.0,0.0
1748026263.2784653,519.1261732058184,-1106.9291080496782,16.734488545545663,-0.5513328192821908,0.8321779266905542,-0.025753636184821287,-0.05337387876688042,-1.3055485354950693,-3.7981972110357036,0.028412501518123474,0.0,0.0,0.0
1748026263.452093,518.951191765807,-1107.456722455946,16.739314200665287,-0.551446845620796,0.8321488419122114,-0.0265045083359203,-0.052270377814882404,-1.3389662329754115,-3.7661974453235176,0.004088646112486946,0.0,0.0,0.0
1748026263.6327238,518.7714212442722,-1107.9679371086581,16.74427282517677,-0.5510153579267933,0.8324932412781331,-0.027449105138377373,-0.05082937322197116,-1.339781444839025,-3.7154729713102594,0.025463866369563885,0.0,0.0,0.0
1748026263.7968583,518.5905647818125,-1108.4915690625,16.745095615957396,-0.5506851082801089,0.8328308366006094,-0.02814281955667599,-0.048442655099139885,-1.3140809620240843,-3.734551696936923,-0.06720317775913259,0.0,0.0,0.0
1748026263.973968,518.4128578716262,-1109.0167378706378,16.736502629503985,-0.5499550714919169,0.8334308112028336,-0.028209810118145853,-0.046332589947093106,-1.3116002313683413,-3.7288224397758603,-0.0751686289036548,0.0,0.0,0.0
1748026264.16128,518.2402786163678,-1109.4656391985902,16.731623227811586,-0.5500593599828405,0.8334724909482495,-0.02842952499033465,-0.0441595905394542,-1.293991778357648,-3.6752449726088185,-0.05376697943191661,0.0,0.0,0.0
1748026264.3916106,518.0711269453766,-1109.966375456386,16.733433597700692,-0.5506875295825318,0.833127345913809,-0.028389192338905963,-0.04285001763413163,-1.2660153186357903,-3.6587300460062426,-0.0497134648769062,0.0,0.0,0.0
1748026264.6260679,517.8976583510621,-1110.4928774519035,16.741263176698588,-0.5520712136659826,0.8322730028808092,-0.028814197874928515,-0.04133721952374229,-1.1988952387334193,-3.6901777223112515,0.028537491701990016,0.0,0.0,0.0
1748026264.778043,517.727963857134,-1111.0049473648958,16.75489254027612,-0.5550597716565857,0.8303271771744389,-0.02955331215574579,-0.03990025657425994,-1.2172930736774616,-3.6861453805277744,0.06159964009822225,0.0,0.0,0.0
1748026264.8543856,517.5562450424551,-1111.5252177797354,16.773259173418026,-0.5577305288021469,0.8285131613110754,-0.03065853769355664,-0.03953040403155959,-1.2566454495139594,-3.695189506092906,0.07105155185674551,0.0,0.0,0.0
1748026265.1598406,517.3882945070258,-1112.0051936356797,16.792899176034997,-0.5605634011947846,0.82661054418121,-0.03103072967800449,-0.03899711918885112,-1.300941806411593,-3.635407725701967,0.08820463940207672,0.0,0.0,0.0
1748026265.3372262,517.2151367931768,-1112.455739833528,16.816687484704538,-0.5618209914031728,0.8256915348138937,-0.03078579611789376,-0.04053267463195891,-1.3468056687038619,-3.5674498515594726,0.11324975644589602,0.0,0.0,0.0
1748026265.4640715,517.0291326101234,-1112.9266386760785,16.840639215282824,-0.5635095700865683,0.8244965662872941,-0.03045601125626912,-0.041651026153875184,-1.420286398112885,-3.526956340225407,0.07653323454192339,0.0,0.0,0.0
1748026265.5893154,516.824034162934,-1113.4344651436982,16.855871037549502,-0.5635689701416162,0.8244996704413022,-0.027081450589089562,-0.04309181325603062,-1.5066033105404175,-3.496983224963798,0.02497982528482132,0.0,0.0,0.0
1748026265.730444,516.632646184738,-1113.8680991884269,16.86137848663487,-0.5633665483678068,0.8246671819720286,-0.023144064148509613,-0.04479423459717373,-1.5104202003154819,-3.4645439438515018,-0.012125242776722757,0.0,0.0,0.0
1748026265.8667796,516.4182901633171,-1114.3929018175338,16.85775882054597,-0.5621751889288644,0.8254739677207631,-0.019317292878744105,-0.04667577277317501,-1.5165028256828088,-3.5013052783268392,-0.022237481142321373,0.0,0.0,0.0
1748026266.0397892,516.2074059593865,-1114.8883827378995,16.85575131628467,-0.5594649930181459,0.8273077356883002,-0.017354202965876104,-0.047535920070224974,-1.4492723319325194,-3.478634174711003,-0.0340956376124719,0.0,0.0,0.0
1748026266.2165437,516.0351366265328,-1115.3322540583004,16.850498481348996,-0.5583916556083663,0.8280763563770349,-0.018221624522690414,-0.046435755146607666,-1.3898138805625222,-3.4966285970302735,-0.06956229168158613,0.0,0.0,0.0
1748026266.3408585,515.8614779409345,-1115.794071642254,16.833416320783662,-0.5575421379094189,0.8287516737034554,-0.019741146421661613,-0.043905750501211316,-1.303913980158666,-3.5412727015621455,-0.12753434842863562,0.0,0.0,0.0
1748026266.4929736,515.6990127635908,-1116.2462023213448,16.81316371711313,-0.5577257652006079,0.8287070512938295,-0.021848741198690305,-0.04134279230186615,-1.2451612520687636,-3.5360374662252085,-0.14513733736120146,0.0,0.0,0.0
1748026266.7368062,515.5289907321105,-1116.745736359423,16.78717593134017,-0.5589396595385728,0.827957007717959,-0.023171368064146578,-0.039201250843101096,-1.1851627418656534,-3.571151418571209,-0.15935725194656408,0.0,0.0,0.0
1748026266.9489267,515.3729284692748,-1117.2038387629825,16.76322026387042,-0.5611310719848968,0.826530390437107,-0.024513300731627875,-0.037128585001385675,-1.2012205649064578,-3.5387300765060865,-0.18548686764272815,0.0,0.0,0.0
1748026267.1715567,515.1970555139177,-1117.7132141395484,16.7376439525016,-0.5637156353675344,0.8247712573770051,-0.024828881629607877,-0.036886068968570045,-1.1927708715578107,-3.567326302130237,-0.19288518673892546,0.0,0.0,0.0
1748026267.3536713,515.0346521565349,-1118.1616439791676,16.711678887319668,-0.5662706378018603,0.8230984547709504,-0.02397953369080985,-0.035657824963383114,-1.2897032206989185,-3.52187213903224,-0.21257313537382053,0.0,0.0,0.0
1748026267.5227363,514.8619416423239,-1118.6247239882557,16.68360919872476,-0.5679896502431002,0.8218884374167271,-0.023451621060459466,-0.03656740525451833,-1.3541594743485545,-3.471729538119455,-0.20577751501041647,0.0,0.0,0.0
1748026267.6710036,514.6795399639673,-1119.065774251481,16.652274458934,-0.5683193047752382,0.8216162037590672,-0.02356993834640089,-0.03747585284787793,-1.421961011555024,-3.44382123493139,-0.20695154517718273,0.0,0.0,0.0
1748026267.8604872,514.4843323795781,-1119.5208381202451,16.626560847518864,-0.567382265634089,0.8222177252270756,-0.021504973932721553,-0.03965996800924657,-1.466837093065747,-3.426460209699038,-0.19812571728271536,0.0,0.0,0.0
1748026267.9496577,514.2732876621826,-1119.979408392335,16.60620097515905,-0.5663745006854201,0.8228568654284986,-0.02128567012932957,-0.040907508328816934,-1.516871546118717,-3.411646334905949,-0.15645259704577527,0.0,0.0,0.0
1748026268.1173291,514.0674273797692,-1120.4330171134163,16.584465460259093,-0.5643387261590713,0.824190250221727,-0.021085548048163552,-0.042280412250976514,-1.4919187408185095,-3.3953860987944404,-0.17014243914963653,0.0,0.0,0.0
1748026268.2385504,513.8690949867291,-1120.9323651061977,16.556453028864563,-0.5626234405014472,0.8253327865740426,-0.02042676230311004,-0.04316715170187515,-1.4216787669976727,-3.481781761915926,-0.18187307076602652,0.0,0.0,0.0
1748026268.3909307,513.6819216774938,-1121.4088117740214,16.525574831819064,-0.5618832975177768,0.8258594070059746,-0.020658582784768467,-0.04262185809669015,-1.3958693482647677,-3.4955832830632247,-0.22776393533965544,0.0,0.0,0.0
1748026268.5723557,513.493615018519,-1121.9274299042218,16.489656283865024,-0.5623247068848374,0.8255652406876994,-0.022444543320294177,-0.04158364907371952,-1.32058343747492,-3.5439308713372526,-0.25072089420140115,0.0,0.0,0.0
1748026268.8148804,513.3305511104061,-1122.3686744504496,16.45908268122548,-0.5639840970890682,0.824469580517122,-0.024198330111166493,-0.039828254448073114,-1.2591806967540706,-3.516424862167632,-0.2482421706808856,0.0,0.0,0.0
1748026269.035395,513.170319277239,-1122.8121855604927,16.43076045731118,-0.5657797192611164,0.8232348657931351,-0.02615675836757509,-0.03864568549102933,-1.2617654450633589,-3.504410928886187,-0.23695185690672477,0.0,0.0,0.0
1748026269.1380324,513.0040632709809,-1123.280933527422,16.399758149498098,-0.5678852872843012,0.8218339760276944,-0.027895452166521558,-0.036291322392042406,-1.262703700423531,-3.4884999354169794,-0.2083416915533197,0.0,0.0,0.0
1748026269.304008,512.8166564332498,-1123.8001724501323,16.365242520216245,-0.5695228836945733,0.8206656030635164,-0.030898376445535277,-0.03459686733856784,-1.335955995736067,-3.4855099181180917,-0.22920094812380598,0.0,0.0,0.0
1748026269.4812787,512.6405654148593,-1124.2283412480233,16.337635581349804,-0.5701854620554305,0.8202212108824952,-0.03192130441304695,-0.03326761794385433,-1.3841629660610566,-3.438126532588399,-0.2044764243968126,0.0,0.0,0.0
1748026269.6255493,512.4278554166185,-1124.7635115770438,16.299171073632902,-0.5699806221146966,0.8204481794430832,-0.03122184555877134,-0.03181307313319393,-1.517307090811164,-3.4710367003718745,-0.2320852865773166,0.0,0.0,0.0
1748026269.7710307,512.2344576536394,-1125.1615019951996,16.27606079895962,-0.5701097445007391,0.8203203432715381,-0.03186053842364171,-0.03216084158605873,-1.549366192438492,-3.380153910740609,-0.21807641065310157,0.0,0.0,0.0
1748026269.9404738,512.03578184981,-1125.5731708002006,16.25099059046228,-0.5690459019700184,0.8211285703104886,-0.02938839299636839,-0.032725446185993504,-1.5632998553157396,-3.327865741668164,-0.19669588499082005,0.0,0.0,0.0
1748026270.089415,511.81458671132157,-1126.044152316628,16.223014054912653,-0.5686203541191578,0.8214934871952326,-0.026867024611198713,-0.033128633623514654,-1.6135720005777068,-3.3655466281048665,-0.20394824908319964,0.0,0.0,0.0
1748026270.272198,511.59250630382655,-1126.5137224836112,16.19540934393865,-0.5678020615356388,0.8221062400742776,-0.023332777668941256,-0.0346082422706579,-1.6620217293978194,-3.3647019750363385,-0.20463580319168495,0.0,0.0,0.0
1748026270.45704,511.36805814131066,-1126.9811311933536,16.16920948658733,-0.5673559651094765,0.8224802532044473,-0.02131450234369883,-0.03433851967227889,-1.6526516752987035,-3.394923603736145,-0.19763247921915533,0.0,0.0,0.0
1748026270.5605881,511.16122009261153,-1127.3936806967092,16.143905384002718,-0.5664115915192095,0.8231911783687919,-0.018212777369156736,-0.03467690281696936,-1.6241546451072317,-3.375720655283512,-0.1920010527006202,0.0,0.0,0.0
1748026270.849005,510.94409895576547,-1127.830363101607,16.117558767010927,-0.5659418480462401,0.8236144794957223,-0.01616377278594694,-0.03328282206065386,-1.6663364779145338,-3.3920972560751017,-0.1888917895856428,0.0,0.0,0.0
1748026270.9701707,510.7095385166911,-1128.3205708963392,16.088363790107035,-0.5658227886733788,0.8238212117296421,-0.014795148916650833,-0.030729244877138153,-1.6747286619857746,-3.4343921939995146,-0.2038748179231831,0.0,0.0,0.0
1748026271.1640918,510.4921929529353,-1128.755375524836,16.060638899778215,-0.5653958802129776,0.8242183661133783,-0.012971364681674162,-0.028693680451984525,-1.6755306225742164,-3.4591472097736418,-0.20682670905241538,0.0,0.0,0.0
1748026271.3217423,510.26474445701473,-1129.2063442425983,16.033117428990472,-0.5646049796512199,0.824867943677167,-0.011790690389167217,-0.025982149006473554,-1.6972554109302909,-3.4784958078323105,-0.19083056610253296,0.0,0.0,0.0
1748026271.6088214,510.0412471890342,-1129.6549379843307,16.009340906712897,-0.563753865476032,0.8255609269233359,-0.01085223697423844,-0.022648709697674352,-1.7681357431398146,-3.49615812279294,-0.19915709166144832,0.0,0.0,0.0
1748026271.7954154,509.8022336352501,-1130.1338660573551,15.98477351240831,-0.5632293246998957,0.8259847113677192,-0.010451557618809617,-0.020316233120974903,-1.7612258597099986,-3.537332024759177,-0.16660327056241056,0.0,0.0,0.0
1748026271.9560747,509.5574596290556,-1130.625952817581,15.960543505935886,-0.5626078410093586,0.8264997282144201,-0.009043003665467526,-0.016995310558632397,-1.7666859698791515,-3.596708799304598,-0.12853058037521461,0.0,0.0,0.0
1748026272.1188338,509.31890984719195,-1131.0970763108187,15.944261353719657,-0.5620461410864641,0.826929475455195,-0.008817598402980735,-0.014629691439473933,-1.8343487279697002,-3.644933946091556,-0.10125950952884025,0.0,0.0,0.0
1748026272.293879,509.07746811562174,-1131.5810573318179,15.933909352021693,-0.5619907928167709,0.827001468854726,-0.009421544920074288,-0.012089408282543132,-1.8637829994929553,-3.7070725877011403,-0.0303617342312219,0.0,0.0,0.0
1748026272.4593306,508.8409709976324,-1132.0468055428742,15.937060082878869,-0.5624424004877541,0.8267071300706672,-0.009572600168780598,-0.011055883044903127,-1.8868681154238527,-3.7344752447271703,0.07977829431769903,0.0,0.0,0.0
1748026272.6898398,508.5902746423374,-1132.5438282297978,15.947818192354884,-0.5621792142052063,0.8268928803024748,-0.010023663581855066,-0.010110479172213497,-1.9500437498281222,-3.7938728507597594,0.10646264886506891,0.0,0.0,0.0
1748026272.9096677,508.3034842311699,-1133.1444220267692,15.950179658863782,-0.5619920010002124,0.8270394472465871,-0.008234507720131509,-0.010145757361780314,-2.0650628860752875,-3.9003537596313134,0.046125241089232834,0.0,0.0,0.0
1748026273.0974963,508.0440823152876,-1133.6277933071835,15.95664425421566,-0.5618309307698474,0.8271587285445253,-0.007660819020729945,-0.009785441984032936,-2.1168019298432132,-3.9428593515427464,0.04828055392988526,0.0,0.0,0.0
1748026273.2794957,507.7698902523655,-1134.1480755371654,15.964271056193871,-0.5609853435192557,0.8277486105592659,-0.005882393340810363,-0.009647772922893766,-2.1270207197074753,-4.0188357386940945,0.0963051802243736,0.0,0.0,0.0
1748026273.4027617,507.45037344907274,-1134.7896945265215,15.97417157156452,-0.5596747608258943,0.8286410703567287,-0.004350500532976123,-0.00996050990890442,-2.174375338191002,-4.137255243695783,0.16122322529077343,0.0,0.0,0.0
1748026273.5646286,507.183473808366,-1135.2839404690353,15.999234802492117,-0.5589655569309667,0.8291069570073747,-0.0052262802777982755,-0.010575726986047905,-2.2596349953166497,-4.170872356103918,0.25599158746462924,0.0,0.0,0.0
1748026273.763423,506.88790499917985,-1135.8340038246383,16.037261237811276,-0.5565583467792982,0.830700477390207,-0.00507192894805121,-0.012401573719591615,-2.314829941369474,-4.23081158335837,0.33955770197439894,0.0,0.0,0.0
1748026273.9160173,506.5651287147784,-1136.4447960408752,16.069173371169093,-0.5536114758697871,0.8326350293172969,-0.004503972959341697,-0.014593010883359464,-2.3395178568871104,-4.348580585285677,0.3354854119349805,0.0,0.0,0.0
1748026274.167985,506.2566583057321,-1137.0175581144922,16.109252470460717,-0.5513427625101252,0.8341068059540645,-0.003954570454853872,-0.016472882605355198,-2.3790086409245816,-4.405423428180289,0.3192257592159191,0.0,0.0,0.0
1748026274.3646033,505.9430527158324,-1137.612863911504,16.14437609180726,-0.5489035317123668,0.8356914011323028,-0.003029711483642475,-0.017765578953281225,-2.4004825838149593,-4.466233179005734,0.3031217560961277,0.0,0.0,0.0
1748026274.50115,505.6090497454081,-1138.2864556789139,16.162395014763657,-0.5461335137380752,0.8374753046737037,-0.002709754455338684,-0.019129988619512588,-2.39755344963926,-4.616501265268768,0.3134441216946294,0.0,0.0,0.0
1748026274.605458,505.28458930881135,-1138.9119498408802,16.194209342236427,-0.5438882262906979,0.838910871280625,-0.002199575746881446,-0.020231391847201467,-2.4360227837095185,-4.683174418374599,0.3150996229904676,0.0,0.0,0.0
1748026274.803647,504.9534974796302,-1139.553579835008,16.228912972092168,-0.5407810078145961,0.8408981633523669,-0.002653754494418339,-0.02095562083855581,-2.460169882216902,-4.761742307490621,0.3389610545549547,0.0,0.0,0.0
1748026274.9435089,504.6176405753454,-1140.2038769670974,16.267229719257628,-0.5386035042200341,0.8422755921200424,-0.0033713884443813923,-0.02160383995239861,-2.4455855780436355,-4.821602871726906,0.3645418236038916,0.0,0.0,0.0
1748026275.246989,504.29301714189984,-1140.8408563936387,16.312530703437403,-0.5358070396032131,0.8440147375517592,-0.0037712802626408744,-0.023145551457175936,-2.446605564093121,-4.889983959838967,0.3891940878505072,0.0,0.0,0.0
1748026275.4202929,503.9290047162637,-1141.5854054033225,16.35198040914341,-0.5336817466124774,0.8452972009390981,-0.0056589869369290495,-0.024988222906588108,-2.5110012969695203,-5.015621560335794,0.3916767495939642,0.0,0.0,0.0
1748026275.5920196,503.60137451596734,-1142.2122844786802,16.399507669918833,-0.5309648081036001,0.8469623487879601,-0.0073292142352834695,-0.026027579791106047,-2.486028232915615,-5.02420658605199,0.38386588818857875,0.0,0.0,0.0
1748026275.7926724,503.2459918710254,-1142.950418890784,16.43760694623538,-0.5289063083909882,0.8481804151254023,-0.00818028851395801,-0.02794965512748826,-2.5085751241349294,-5.125460014721379,0.3100772109923542,0.0,0.0,0.0
1748026276.0409136,502.9256304336585,-1143.6010297849846,16.474215256189357,-0.5269602246775557,0.8493036982884516,-0.009367418858645117,-0.03013969384824154,-2.509614999491928,-5.137723022059083,0.26774433570671013,0.0,0.0,0.0
1748026276.2009265,502.6078693313493,-1144.24420963913,16.499958700945484,-0.5262598350286066,0.8496517452656235,-0.011545125495138028,-0.03176803236030335,-2.4763806914796724,-5.1499865626470145,0.26418055880397473,0.0,0.0,0.0
1748026276.3653994,502.283809807568,-1144.931592086032,16.538838372020727,-0.5260963660661506,0.8495881708400894,-0.01497592918662061,-0.03461611078066075,-2.4038157589916493,-5.194094959874876,0.33388688457572846,0.0,0.0,0.0
1748026276.5698063,501.9418081258737,-1145.6784450686748,16.577176859105233,-0.5252034585637623,0.8499508521508636,-0.017931297709845126,-0.037727239537554066,-2.421563363308162,-5.243560058794125,0.39952250059028455,0.0,0.0,0.0
1748026276.7660785,501.6265838244607,-1146.3592295335404,16.63180636596883,-0.5249287440898337,0.849813697554717,-0.02224209634930656,-0.042092543599052075,-2.4196241473444053,-5.218210199633261,0.43661838532540703,0.0,0.0,0.0
1748026276.977335,501.30379902232085,-1147.0520385591158,16.69076600794814,-0.5253610476635671,0.8491395789111071,-0.0258472280314209,-0.047850453786757355,-2.4437112945927955,-5.177189946442743,0.4697165689964255,0.0,0.0,0.0
1748026277.088497,500.96074159146383,-1147.740500609774,16.745098215298086,-0.5249733777285417,0.8487966132527728,-0.02533210821469134,-0.057493880546610816,-2.4723959239535427,-5.131124548549128,0.4526216206018145,0.0,0.0,0.0
1748026277.2348285,500.6320439830336,-1148.4207812256147,16.800442047578606,-0.5244784343048523,0.848473422842075,-0.024217678340272497,-0.06654867944288025,-2.431472659368358,-5.1046459945478215,0.37554487656904256,0.0,0.0,0.0
1748026277.4693646,500.2841940127139,-1149.133726865704,16.842875691653596,-0.5237912128837898,0.8483955157348415,-0.025491276554134367,-0.07223578757362159,-2.4065860043741085,-5.095366337206166,0.26030500468238266,0.0,0.0,0.0
1748026277.7403479,499.96106172666,-1149.8235278131247,16.87805303640815,-0.522477310070336,0.8487943827802376,-0.02914386059137268,-0.07560549988070923,-2.3426352691536847,-5.068029260987491,0.23452501254374514,0.0,0.0,0.0
1748026277.8485498,499.6269410047871,-1150.5404571005092,16.910930461837218,-0.5203739070966772,0.8496518470249781,-0.03331946953218628,-0.07869274814159083,-2.325196107271424,-4.99515138300986,0.21234863871422283,0.0,0.0,0.0
1748026278.078171,499.3345596270968,-1151.1504639733976,16.936374611523497,-0.5189972290142849,0.8500596518414263,-0.03441731890285968,-0.08280043928788021,-2.2524179593724463,-4.901983546455623,0.20913090904549653,0.0,0.0,0.0
1748026278.2186618,499.01860059465906,-1151.8577928833502,16.962387141597194,-0.5184077559730889,0.8500211418705713,-0.03333801983937425,-0.08721257565962641,-2.150009374869035,-4.883941814325236,0.1917608167290229,0.0,0.0,0.0
1748026278.450976,498.745878436601,-1152.495953808669,16.985383373293914,-0.5186377861885862,0.8494820525008433,-0.03556572218748231,-0.09016744768285156,-1.9507212487559862,-4.813162579820724,0.17572458961083554,0.0,0.0,0.0
1748026278.5742044,498.48580355904886,-1153.1095072872938,16.998435113471793,-0.5200148821363849,0.8484780055958155,-0.040526806227972306,-0.08959449957329621,-1.80041995474468,-4.755016364610471,0.12554056733378793,0.0,0.0,0.0
1748026278.7495697,498.2275001714324,-1153.7988527665138,17.011446181544244,-0.5225624034340761,0.8466743769581515,-0.0462029276907715,-0.08908604488094232,-1.7338534441910567,-4.712774153998945,0.09682961054581804,0.0,0.0,0.0
1748026279.0188103,497.996493828453,-1154.4189111920596,17.018887308786642,-0.5256238426049186,0.8445078060997698,-0.05009470996260205,-0.0895358115814907,-1.6415056905075385,-4.610191840126151,0.04916933988121863,0.0,0.0,0.0
1748026279.2476583,497.76417382132865,-1155.0624204932878,17.023846010714124,-0.5282960077289401,0.8423804019375108,-0.05167948093032509,-0.09288604792988896,-1.6006514011801265,-4.482647218907641,0.0171653583298267,0.0,0.0,0.0
1748026279.4175265,497.54820684917274,-1155.6381522398758,17.023075923047188,-0.5309036872318286,0.8403305063510788,-0.05206690415958152,-0.09630655466075597,-1.594647492629105,-4.319102197902659,-0.025574002760826484,0.0,0.0,0.0
1748026279.5334046,497.34975986129746,-1156.1415209530674,17.01950211531989,-0.5321110618480234,0.8390603449820847,-0.0517759523308606,-0.10077105783778648,-1.5359406463861378,-4.115447808732565,-0.06077258377047789,0.0,0.0,0.0
1748026279.712824,497.15900931966274,-1156.6563386095906,17.012745976529335,-0.5321892194841248,0.8386218495991173,-0.05222030778705441,-0.10373556523420076,-1.4583437868371811,-3.920383625590006,-0.06994652976593381,0.0,0.0,0.0
1748026280.018517,496.9669121222696,-1157.1674228569589,16.999645901875535,-0.5307705119343906,0.8392608739451637,-0.053521955511419216,-0.10516296593353977,-1.3980413188965912,-3.7809208083956816,-0.12446611325904026,0.0,0.0,0.0
1748026280.1181617,496.77801333291933,-1157.6751578891651,16.977643972312404,-0.5277333924423838,0.8410494032645822,-0.05450201751845453,-0.10565461587626565,-1.326629236548895,-3.6391128071035794,-0.17450919467874937,0.0,0.0,0.0
1748026280.2160575,496.5887824909092,-1158.2122014059366,16.952400033923624,-0.5253870986869636,0.8426311965211525,-0.05578879784119223,-0.10406091109566658,-1.223989338295518,-3.5544945064097213,-0.2496648146050807,0.0,0.0,0.0
1748026280.3505096,496.4317167687521,-1158.6926879469909,16.914801260861953,-0.524633965234373,0.8432847250621321,-0.057889035688851266,-0.10138508049194496,-1.0450477418912905,-3.4761668654224813,-0.3164671878804569,0.0,0.0,0.0
1748026280.4896617,496.29074538945775,-1159.1905399487657,16.873144045851827,-0.5254556471606152,0.8429543537780019,-0.06149502195306926,-0.09768665512096388,-0.8715597773052767,-3.399556667983413,-0.3432574602768434,0.0,0.0,0.0
1748026280.666871,496.16783868565534,-1159.6890943833066,16.83174133787376,-0.5280006794721288,0.8415945636708024,-0.06548584580315481,-0.09298105654469475,-0.7469473795190049,-3.298986760750605,-0.3008188787792272,0.0,0.0,0.0
1748026280.8978622,496.0756434183894,-1160.081387982566,16.796989687958995,-0.5312972701151707,0.8396572372436129,-0.06873933881277117,-0.08929634937764068,-0.7009422786680644,-3.085955048958414,-0.2724311687857941,0.0,0.0,0.0
1748026281.0666845,495.9639791693517,-1160.5678142857057,16.76481107543115,-0.5349632951191843,0.8373176602987239,-0.07117907165140087,-0.08744683176616709,-0.7125939156427297,-2.953434723626794,-0.24845740627520488,0.0,0.0,0.0
1748026281.2887466,495.8657660506153,-1160.9486082300868,16.73275344959668,-0.5373319785543934,0.8358979876528302,-0.07136893974579533,-0.08634450474888876,-0.748056809204839,-2.7646114890215614,-0.22745909330066016,0.0,0.0,0.0
1748026281.4599767,495.749032455628,-1161.336440850593,16.69933554562004,-0.5383661289408688,0.8353408421241063,-0.06960604860586965,-0.08673284663891935,-0.8070041082096886,-2.5900892038756327,-0.24949532816803102,0.0,0.0,0.0
1748026281.5367813,495.62700163774485,-1161.7021765486988,16.661108865929723,-0.5376218576464917,0.8360397695015354,-0.06509706878042577,-0.08810569577928329,-0.8562224169406099,-2.4101055624810033,-0.2829358924033562,0.0,0.0,0.0
1748026281.749321,495.5174236823273,-1162.0118401722661,16.619062691587363,-0.5364359246338858,0.8369590207215261,-0.06316222689866306,-0.0880149390061373,-0.8017648305400106,-2.2800853131660324,-0.3390513136723857,0.0,0.0,0.0
1748026281.8859847,495.41601439930326,-1162.2992188143044,16.570421145920875,-0.5361858328829867,0.8374355565993398,-0.06212168846562873,-0.08571660854765174,-0.7399554802125055,-2.1505046769217513,-0.39544672644404566,0.0,0.0,0.0
1748026282.0509503,495.32212454673015,-1162.5990435372953,16.514591431771017,-0.5356803932669195,0.8380837445916401,-0.06247741548612747,-0.08221147045775881,-0.6208417023873067,-2.0418250022783693,-0.4456843827251027,0.0,0.0,0.0
1748026282.12908,495.23918813540956,-1162.9588479045865,16.451168991605932,-0.5358587988885506,0.8381657313814154,-0.06411390138537824,-0.07888575309092853,-0.5058849345094423,-1.9851198337443035,-0.44458040601170484,0.0,0.0,0.0
1748026282.2901914,495.1722000411739,-1163.2189605446206,16.393691827351645,-0.5374676767203107,0.8374325761779798,-0.06438646468781964,-0.0754291720873811,-0.49067525174960164,-1.8491694025287293,-0.4269783431440123,0.0,0.0,0.0
1748026282.4387336,495.11404988991484,-1163.4464840998303,16.334742122364,-0.5398409940203263,0.8360679150315237,-0.06305607948798493,-0.0747400392667283,-0.4620049175467267,-1.6700477254994153,-0.43715928257248443,0.0,0.0,0.0
1748026282.5871,495.0476494710545,-1163.690067565861,16.270612814266904,-0.5423811794872107,0.8348056557207771,-0.058533187986827925,-0.07413527647998809,-0.48260036250614485,-1.5579094189535911,-0.4909268458919038,0.0,0.0,0.0
1748026282.652234,494.9870749604965,-1163.915726009588,16.20003285182043,-0.544358159609249,0.8336902098919526,-0.055686787737900256,-0.0743895803764034,-0.4739401734236325,-1.445598489029796,-0.5322862901413083,0.0,0.0,0.0
1748026282.814057,494.92324299971824,-1164.1104171982454,16.12155944476609,-0.5445879858652419,0.8337408710133725,-0.05411461385669647,-0.07329184279469893,-0.48336998498894895,-1.304080391868917,-0.5945342396527398,0.0,0.0,0.0
1748026283.0712755,494.8596378636979,-1164.3122230575734,16.036913154542344,-0.543958676889254,0.8343320495764445,-0.05395157252873608,-0.07133173703295206,-0.4641216087399497,-1.2184465369216069,-0.6476117569848309,0.0,0.0,0.0
1748026283.1744933,494.81540144621215,-1164.490839599434,15.944566853157653,-0.5439799670061901,0.8344996720930329,-0.054564437627433175,-0.06869363084716862,-0.359640009984067,-1.1380264805760663,-0.7199735821304954,0.0,0.0,0.0
1748026283.2898822,494.7703370335541,-1164.6334074885851,15.845490246086706,-0.5450230015464739,0.834019128610256,-0.05399757793553757,-0.0666804504675663,-0.3265048392259334,-1.0479505444216588,-0.7655265904954681,0.0,0.0,0.0
1748026283.4604597,494.73261719461925,-1164.7821377289886,15.739511582177075,-0.5469365900998204,0.8330066333693943,-0.05240580586914272,-0.06491491880742321,-0.27060043993495353,-0.9414158209009275,-0.7866838399885967,0.0,0.0,0.0
1748026283.55563,494.69835473888224,-1164.9291421319972,15.635756279316015,-0.5495572558002821,0.8314370393694818,-0.051098842586599344,-0.06393888056639882,-0.24015872927152648,-0.8514241641547218,-0.7915791343600665,0.0,0.0,0.0
1748026283.713677,494.665069003682,-1165.0425829774429,15.53605111802816,-0.5513731360822429,0.8303137434244706,-0.048228751776485404,-0.06512096274900302,-0.2253330699206129,-0.7437749611498509,-0.7601895221556771,0.0,0.0,0.0
1748026283.8428,494.6368240683173,-1165.146597888157,15.437416244902083,-0.5528840234168347,0.8293388552056373,-0.048016074671388534,-0.06489049598953377,-0.2308725513236473,-0.6316548452938741,-0.7684191074213607,0.0,0.0,0.0
1748026283.9589636,494.6074932354843,-1165.2202430918296,15.3341879623357,-0.5538252258061541,0.8287690237104923,-0.04820123044841185,-0.0640012967210753,-0.2465566921563591,-0.5351393122351094,-0.8532502368276097,0.0,0.0,0.0
1748026284.1239247,494.59373610006736,-1165.2757104925354,15.237469278265623,-0.5541664614462148,0.8286640558935224,-0.04676810808482382,-0.06346778351608355,-0.23784478125610278,-0.4160743923248034,-0.8429660453031955,0.0,0.0,0.0
1748026284.2372396,494.56561727480783,-1165.3232438735195,15.120797613172124,-0.5535196112112535,0.8292953284805149,-0.0451126000727383,-0.0620495888754688,-0.25229516548649206,-0.3065539203049909,-0.8642048258556455,0.0,0.0,0.0
1748026284.3771534,494.53403477641166,-1165.3501981316435,15.008303716789714,-0.5522671961043527,0.8303609625941963,-0.04245744024867088,-0.06081925414049968,-0.282236731163887,-0.20196436039197718,-0.8730310877913071,0.0,0.0,0.0
1748026284.5329037,494.5068228997226,-1165.3768018629703,14.89823619353553,-0.549874165963716,0.8321559656543068,-0.04012750600577179,-0.05953682636329148,-0.2439178427628704,-0.11963081661900801,-0.837523887382431,0.0,0.0,0.0
1748026284.664849,494.4869690540026,-1165.3992898241686,14.786289659929308,-0.5474933465908763,0.8338711485244785,-0.03893678841274228,-0.05825692753047554,-0.16807178069135617,-0.06826971736439912,-0.8247054132541174,0.0,0.0,0.0
1748026284.8336802,494.4756541146922,-1165.4002321222104,14.675517050578904,-0.5464174281872076,0.8347793141406343,-0.03908224079170724,-0.05517308502221838,-0.11198964146192193,-0.02325800214618346,-0.8627689636019611,0.0,0.0,0.0
1748026285.0148263,494.47794468029133,-1165.4201632678248,14.568508120219848,-0.5467234039163679,0.8348268913565406,-0.03829144734228993,-0.05187818557454964,-0.037187526282608664,0.03107426841915755,-0.9162926781857611,0.0,0.0,0.0
1748026285.1395843,494.48036408829995,-1165.415870367644,14.434050849335947,-0.5477067461416572,0.8343591024615838,-0.03778165989601277,-0.04934323201737329,0.013681235846410018,0.10463038106372986,-0.9029783121226502,0.0,0.0,0.0
1748026285.3164089,494.4822890156521,-1165.4060118287516,14.319129791531497,-0.5489467647567199,0.8337495626346958,-0.03539662415460396,-0.04760457192372901,0.02960687216153863,0.12279100593488719,-0.8576047207652369,0.0,0.0,0.0
1748026285.4565854,494.4947610520585,-1165.4107001219877,14.20450730424107,-0.5513836367231059,0.832342137113067,-0.03161262214732301,-0.04672573232197691,0.012663699000832054,0.1686982124604623,-0.8385074130024689,0.0,0.0,0.0
1748026285.596204,494.4914545255822,-1165.3959706118135,14.093205181355447,-0.5534438194074899,0.8310998479641402,-0.027297011758186114,-0.04720015490129574,-0.02396665745159135,0.22404887254763237,-0.840747029930269,0.0,0.0,0.0
1748026285.8178198,494.4914348906155,-1165.3677402502594,13.976852682843985,-0.5533883905307713,0.831256561326738,-0.025572989028833742,-0.04604172791219948,-0.04404966853252805,0.25403576908070613,-0.8888637870228371,0.0,0.0,0.0
1748026285.9656818,494.50504731122464,-1165.3274170334787,13.861355388398232,-0.5528764673482691,0.8317227584828566,-0.02466479656370175,-0.04423248449541682,-0.048512460960898986,0.2944326665183328,-0.895438078724149,0.0,0.0,0.0
1748026286.2657819,494.48942329330595,-1165.2825814824664,13.742528241644267,-0.550535031627869,0.8334443867777622,-0.024209650264004155,-0.041176764482359365,-0.09765035452623633,0.34938024343279345,-0.883657322380947,0.0,0.0,0.0
1748026286.421704,494.47276419478806,-1165.2397076474915,13.624510986092153,-0.547440291239628,0.8355868560720089,-0.02311033463889071,-0.039618757174420934,-0.12949833701403501,0.36911475901158175,-0.8786972347616289,0.0,0.0,0.0
1748026286.5765622,494.4785976489627,-1165.1781031961552,13.51298538846892,-0.5448016904161229,0.8373492027538619,-0.020827420949753848,-0.04004559031639516,-0.10087449544459808,0.37836378140721166,-0.8702420703882019,0.0,0.0,0.0
1748026286.7337651,494.4687324500188,-1165.1144904718917,13.400929708856443,-0.5424741551823669,0.8388916665896564,-0.018951232790796527,-0.04029160534546882,-0.028351700519323314,0.3834809524216612,-0.8758686669679129,0.0,0.0,0.0
1748026286.8770852,494.48266078557197,-1165.037492971191,13.272821570805553,-0.5409155020044883,0.8398878559549634,-0.017802617703690193,-0.041010680480862045,0.061806801242750474,0.4168838529709384,-0.9342366468931145,0.0,0.0,0.0
1748026287.0087826,494.519140860004,-1164.9864033184601,13.128471537904456,-0.5411139406494149,0.8398375063681086,-0.01695385191959121,-0.03976472101432707,0.14694039261941036,0.4062553573888732,-0.9795135146798325,0.0,0.0,0.0
1748026287.1457136,494.55391666045574,-1164.9390236668448,12.994668562909977,-0.5412242087382448,0.8398704903713654,-0.016325103882067538,-0.03778103045528164,0.19742424567267805,0.39042460853844757,-1.0243365252052112,0.0,0.0,0.0
1748026287.3536916,494.5849676282924,-1164.8766748626877,12.879021296088009,-0.5418404715758016,0.8396449251464213,-0.015837336910484865,-0.03397766616407621,0.2288859131280213,0.3910138666036927,-1.042012726399568,0.0,0.0,0.0
1748026287.4187078,494.6366872759605,-1164.8086808344608,12.717507842032454,-0.5433661907125508,0.8387410245641006,-0.016339221720836954,-0.031618133045011536,0.22943952057143668,0.4182357290655586,-1.055403073245955,0.0,0.0,0.0
1748026287.5862298,494.6725994819203,-1164.744860335839,12.57857408961933,-0.5432195987206094,0.8388959740826288,-0.0170352136955506,-0.02959415023487727,0.20505338174850263,0.4477941846336868,-1.0204687281491271,0.0,0.0,0.0
1748026287.7578318,494.71022942256224,-1164.6765595316124,12.437050675175419,-0.5426385496829299,0.8393054465977774,-0.017419077495870832,-0.028396257649640266,0.160083298854171,0.45997406545188185,-1.0474989213078818,0.0,0.0,0.0
1748026287.9059148,494.7305294150886,-1164.620822521885,12.293767713461836,-0.5409230142666699,0.8404535340656257,-0.017334665566232414,-0.027196674115913623,0.12519867156929188,0.4732241344170776,-1.0658137298293504,0.0,0.0,0.0
1748026288.0681224,494.74829980193994,-1164.5570315510317,12.157645466925747,-0.539086296442675,0.8416505032738759,-0.016843382983589224,-0.026957295417378964,0.1106165033402917,0.4976995308285153,-1.0574087454364678,0.0,0.0,0.0
1748026288.259053,494.7729647351819,-1164.4883299612363,12.009467783226384,-0.537384396830754,0.8427739576859992,-0.0149875590945879,-0.02693398153839804,0.07652551979370284,0.48886880729508225,-1.087659376547662,0.0,0.0,0.0
1748026288.3910801,494.7837001602533,-1164.4193846069732,11.861009399450387,-0.534718445466105,0.8444943103385488,-0.013088890505778461,-0.0270965833539712,0.05647544205700315,0.4992585109736447,-1.1011296705485436,0.0,0.0,0.0
1748026288.4735322,494.79501475488047,-1164.352038395478,11.7140414877389,-0.5322360005469388,0.8460945196739335,-0.011506844200587736,-0.026767443585038745,0.0699141762561944,0.4920786345928649,-1.1241451726089087,0.0,0.0,0.0
1748026288.6028304,494.8068842212967,-1164.274437640698,11.56390605224985,-0.5303117372646683,0.8473160334439849,-0.010975828216606889,-0.026543021362326166,0.09416747177733485,0.4661813159873143,-1.130802536082093,0.0,0.0,0.0
1748026288.7895184,494.8321955246472,-1164.2186484497643,11.414772204617751,-0.5287055830183092,0.8483299865059483,-0.01009244319895559,-0.02654775075903065,0.14878842212953733,0.40751555562511343,-1.132110279579578,0.0,0.0,0.0
1748026288.9051337,494.8634359972439,-1164.165090813069,11.26294165951898,-0.5281003445185524,0.8487227347059759,-0.01015050328073825,-0.026013707843050324,0.20193871537774793,0.39627493867290986,-1.1208133007794727,0.0,0.0,0.0
1748026289.049952,494.8954744008985,-1164.1082409877954,11.1073891642543,-0.5287545039347251,0.8483147720801056,-0.01062468710656471,-0.025842563017414753,0.2478684536038525,0.370565868036142,-1.1115187680675784,0.0,0.0,0.0
1748026289.2058637,494.9356404988224,-1164.0713918951583,10.956866603107626,-0.5289656061183043,0.8482094809934357,-0.010811378131067284,-0.024883287557082908,0.24287236539520526,0.34194398938853365,-1.132447743114638,0.0,0.0,0.0
1748026289.3617609,494.9712110865421,-1164.0307521129187,10.803892871035874,-0.5292049607919309,0.8480849411111098,-0.011972771706526638,-0.023466888831712492,0.20971740421220092,0.34183623712705047,-1.153929761738864,0.0,0.0,0.0
1748026289.5238833,494.9951763669905,-1163.981507839507,10.65131866193186,-0.5296881512255691,0.8478113990720532,-0.012878135288408608,-0.021919116912416433,0.16565169174254382,0.35174884668847806,-1.168067915187303,0.0,0.0,0.0
1748026289.634901,495.0158409018795,-1163.9349428783041,10.484931832018985,-0.5289382868428548,0.8482824852304086,-0.013686616241113957,-0.021302358999319846,0.11953095161534151,0.33546802721598185,-1.2221574599696214,0.0,0.0,0.0
1748026289.8043282,495.02944076971403,-1163.8973338664432,10.331831315858501,-0.528407335509152,0.8486613963507394,-0.013303679421951665,-0.01955848250681664,0.08230313124658659,0.3049490980841604,-1.262205789739113,0.0,0.0,0.0
1748026289.991289,495.0421548895844,-1163.864355159322,10.178441058238699,-0.5285009894202074,0.8486409700150637,-0.012425106118353093,-0.018461444464110185,0.07234105227620206,0.29926006083539236,-1.2452762428923225,0.0,0.0,0.0
1748026290.2172153,495.05507849991085,-1163.8348892546503,10.007535967843294,-0.5276271225735251,0.8492167099814633,-0.012058627069839909,-0.01718105137156625,0.05446522466488045,0.2699505794966919,-1.223759078562172,0.0,0.0,0.0
1748026290.4387853,495.07251827453524,-1163.7915794553253,9.849764475582294,-0.5270456742979241,0.8495624802333087,-0.012709798217334525,-0.01746168413842162,0.04872210846250429,0.2525052544935406,-1.2008984031782883,0.0,0.0,0.0
1748026290.5959642,495.08235810227814,-1163.7653223150528,9.69698909269851,-0.5266468008869473,0.8498285841854051,-0.013096583032783623,-0.016217402068133102,0.02277856797913094,0.21944682612846933,-1.1937408270712155,0.0,0.0,0.0
1748026290.6636477,495.077215120956,-1163.7475972866107,9.539054440308135,-0.525579459082487,0.8504933487551394,-0.013682860789379183,-0.01549436137592019,-0.016476555203384046,0.20693333648785547,-1.2175822905364035,0.0,0.0,0.0
1748026290.8236127,495.10105607942063,-1163.689738905116,9.356523097329411,-0.5249758322986839,0.8508009363925367,-0.015192199460400086,-0.017531092705308643,-0.008013206248509949,0.18875403024914011,-1.2462363092468745,0.0,0.0,0.0
1748026291.0384564,495.1110912405569,-1163.6369342558744,9.155993655138529,-0.5247286767409292,0.8509505335425389,-0.01571691045771377,-0.017204185393277054,-0.014864393296926149,0.17962107986605383,-1.3154297211616113,0.0,0.0,0.0
1748026291.1864114,495.1027091753421,-1163.6159362053006,8.98350834694094,-0.5243159405637131,0.8512233967489498,-0.014848708294994262,-0.017059869868771883,-0.04139033834884744,0.1765302409623444,-1.317010487992374,0.0,0.0,0.0
1748026291.3382998,495.09393308875894,-1163.595010143688,8.806779928095075,-0.5241358487224949,0.8513191989692256,-0.013765481435381543,-0.01864792404527746,-0.05999353916139611,0.14962768245120828,-1.3362805094646397,0.0,0.0,0.0
1748026291.5499332,495.072198764102,-1163.5834132166344,8.634371366928661,-0.5234928752423795,0.8516882938955523,-0.012267274166040999,-0.020779162550136565,-0.10082495180591967,0.11810765856274263,-1.3117753130723306,0.0,0.0,0.0
1748026291.668052,495.03543852829023,-1163.5805714303935,8.483331997803194,-0.5233555915028829,0.8517522552788478,-0.01119749904092,-0.022172877244341704,-0.14500608985839888,0.07966234200245843,-1.2923275271654622,0.0,0.0,0.0
