timestamp,latitude,longitude,altitude,x_local,y_local,z_local,source
1748025979.2863512,4.251358027352083e-11,-6.113070482793249e-11,-0.0009002686370608329,-6.113070482793249e-11,4.251358027352083e-11,-0.0009002686370608329,ppk
1748025979.3368113,4.251358027352083e-11,-6.113070482793249e-11,-0.0009002686370608329,-6.113070482793249e-11,4.251358027352083e-11,-0.0009002686370608329,ppk
1748025979.3873184,4.251358027352083e-11,-6.113070482793249e-11,-0.0009002686370608329,-6.113070482793249e-11,4.251358027352083e-11,-0.0009002686370608329,ppk
1748025979.4688485,4.251358027352083e-11,-6.113070482793249e-11,-0.0009002686370608329,-6.113070482793249e-11,4.251358027352083e-11,-0.0009002686370608329,ppk
1748025979.5435455,-7.752711424755589e-11,-8.544310258807807e-11,0.004104614873552727,-8.544310258807807e-11,-7.752711424755589e-11,0.004104614873552727,ppk
1748025979.6463492,-7.752711424755589e-11,-8.544310258807807e-11,0.004104614873552727,-8.544310258807807e-11,-7.752711424755589e-11,0.004104614873552727,ppk
1748025979.743161,8.859818409307686e-11,-3.200536296853716e-10,0.005104065348887341,-3.200536296853716e-10,8.859818409307686e-11,0.005104065348887341,ppk
1748025979.8656006,8.859818409307686e-11,-3.200536296853716e-10,0.005104065348887341,-3.200536296853716e-10,8.859818409307686e-11,0.005104065348887341,ppk
1748025979.9682925,-5.1891894227291896e-11,-8.349528357387417e-11,0.011001587280746777,-8.349528357387417e-11,-5.1891894227291896e-11,0.011001587280746777,ppk
1748025980.0549145,-5.1891894227291896e-11,-8.349528357387417e-11,0.011001587280746777,-8.349528357387417e-11,-5.1891894227291896e-11,0.011001587280746777,ppk
1748025980.1758142,2.8872047263968412e-08,-0.5981505758920141,0.01860043562160731,-0.5981505758920141,2.8872047263968412e-08,0.01860043562160731,ppk
1748025980.2424324,2.8872047263968412e-08,-0.5981505758920141,0.01860043562160731,-0.5981505758920141,2.8872047263968412e-08,0.01860043562160731,ppk
1748025980.3308978,2.8699840879263554e-08,-0.5981505763152059,0.0212020595323929,-0.5981505763152059,2.8699840879263554e-08,0.0212020595323929,ppk
1748025980.4423764,2.8699840879263554e-08,-0.5981505763152059,0.0212020595323929,-0.5981505763152059,2.8699840879263554e-08,0.0212020595323929,ppk
1748025980.553623,2.8369002493954938e-08,-0.5981505774452888,0.033699007951317216,-0.5981505774452888,2.8369002493954938e-08,0.033699007951317216,ppk
1748025980.6381485,2.8369002493954938e-08,-0.5981505774452888,0.033699007951317216,-0.5981505774452888,2.8369002493954938e-08,0.033699007951317216,ppk
1748025980.7604601,2.8277894254633085e-08,-0.5981505779808297,0.03910061961155909,-0.5981505779808297,2.8277894254633085e-08,0.03910061961155909,ppk
1748025980.8607814,2.8277894254633085e-08,-0.5981505779808297,0.03910061961155909,-0.5981505779808297,2.8277894254633085e-08,0.03910061961155909,ppk
1748025980.9445984,2.9015111828213474e-08,-0.5981505777513058,0.037803622109398326,-0.5981505777513058,2.9015111828213474e-08,0.037803622109398326,ppk
1748025981.0285523,2.9015111828213474e-08,-0.5981505777513058,0.037803622109398326,-0.5981505777513058,2.9015111828213474e-08,0.037803622109398326,ppk
1748025981.1040764,2.9015111828213474e-08,-0.5981505777513058,0.037803622109398326,-0.5981505777513058,2.9015111828213474e-08,0.037803622109398326,ppk
1748025981.195279,2.8058714802258264e-08,-0.5981505778062851,0.03849789736691435,-0.5981505778062851,2.8058714802258264e-08,0.03849789736691435,ppk
1748025981.2847128,2.8058714802258264e-08,-0.5981505778062851,0.03849789736691435,-0.5981505778062851,2.8058714802258264e-08,0.03849789736691435,ppk
1748025981.3828273,0.4239641279875069,-0.5981505386889493,0.04920192256924163,-0.5981505386889493,0.4239641279875069,0.04920192256924163,ppk
1748025981.5223722,0.4239641279875069,-0.5981505386889493,0.04920192256924163,-0.5981505386889493,0.4239641279875069,0.04920192256924163,ppk
1748025981.6278331,0.4239641302183709,-0.5981505412780955,0.0756988102229236,-0.5981505412780955,0.4239641302183709,0.0756988102229236,ppk
1748025981.7192984,0.4239641302183709,-0.5981505412780955,0.0756988102229236,-0.5981505412780955,0.4239641302183709,0.0756988102229236,ppk
1748025981.8059764,0.42396413135892713,-0.5981505422780318,0.0874023008305865,-0.5981505422780318,0.42396413135892713,0.0874023008305865,ppk
1748025981.905812,0.42396413135892713,-0.5981505422780318,0.0874023008305865,-0.5981505422780318,0.42396413135892713,0.0874023008305865,ppk
1748025982.006554,0.4239641280300204,-0.59815053875008,0.04830165393218079,-0.59815053875008,0.4239641280300204,0.04830165393218079,ppk
1748025982.1015527,0.4239641280300204,-0.59815053875008,0.04830165393218079,-0.59815053875008,0.4239641280300204,0.04830165393218079,ppk
1748025982.2054155,0.42396412256559357,-0.5981505305210213,-0.039497417952493244,-0.5981505305210213,0.42396412256559357,-0.039497417952493244,ppk
1748025982.3335676,0.42396412256559357,-0.5981505305210213,-0.039497417952493244,-0.5981505305210213,0.42396412256559357,-0.039497417952493244,ppk
1748025982.4385684,0.42396411496302155,-0.5981505209440019,-0.14150242246414046,-0.5981505209440019,0.42396411496302155,-0.14150242246414046,ppk
1748025982.5558326,0.42396411496302155,-0.5981505209440019,-0.14150242246414046,-0.5981505209440019,0.42396411496302155,-0.14150242246414046,ppk
1748025982.6157515,0.42396411496302155,-0.5981505209440019,-0.14150242246414046,-0.5981505209440019,0.42396411496302155,-0.14150242246414046,ppk
1748025982.7450984,0.42396411496302155,-0.5981505209440019,-0.14150242246414046,-0.5981505209440019,0.42396411496302155,-0.14150242246414046,ppk
1748025982.8536358,0.8479281917395771,-0.5981504731122761,-0.22419747184663885,-0.5981504731122761,0.8479281917395771,-0.22419747184663885,ppk
1748025982.955598,0.8479281917395771,-0.5981504731122761,-0.22419747184663885,-0.5981504731122761,0.8479281917395771,-0.22419747184663885,ppk
1748025983.0620973,0.8479281938542325,-0.5981504745282672,-0.20729836360535966,-0.5981504745282672,0.8479281938542325,-0.20729836360535966,ppk
1748025983.15864,0.8479281938542325,-0.5981504745282672,-0.20729836360535966,-0.5981504745282672,0.8479281938542325,-0.20729836360535966,ppk
1748025983.2558048,0.8479282013295059,-0.5981504798572346,-0.15039833926007615,-0.5981504798572346,0.8479282013295059,-0.15039833926007615,ppk
1748025983.341668,0.8479282013295059,-0.5981504798572346,-0.15039833926007615,-0.5981504798572346,0.8479282013295059,-0.15039833926007615,ppk
1748025983.4507544,0.8479282117373168,-0.5981504871657047,-0.0737992183428486,-0.5981504871657047,0.8479282117373168,-0.0737992183428486,ppk
1748025983.5449057,0.8479282117373168,-0.5981504871657047,-0.0737992183428486,-0.5981504871657047,0.8479282117373168,-0.0737992183428486,ppk
1748025983.646204,0.8479282219925837,-0.5981504937894666,0.000503455312355233,-0.5981504937894666,0.8479282219925837,0.000503455312355233,ppk
1748025983.7493947,0.8479282219925837,-0.5981504937894666,0.000503455312355233,-0.5981504937894666,0.8479282219925837,0.000503455312355233,ppk
1748025983.8551383,0.8479282292175931,-0.5981504991003754,0.05540457862590807,-0.5981504991003754,0.8479282292175931,0.05540457862590807,ppk
1748025983.9591386,0.8479282292175931,-0.5981504991003754,0.05540457862590807,-0.5981504991003754,0.8479282292175931,0.05540457862590807,ppk
1748025984.0549972,0.8479282382539396,-0.5981505058692829,0.12560263737969907,-0.5981505058692829,0.8479282382539396,0.12560263737969907,ppk
1748025984.1600423,0.8479282382539396,-0.5981505058692829,0.12560263737969907,-0.5981505058692829,0.8479282382539396,0.12560263737969907,ppk
1748025984.2700424,0.8479282499731915,-0.5981505140963704,0.21540061090769114,-0.5981505140963704,0.8479282499731915,0.21540061090769114,ppk
1748025984.3635404,0.8479282499731915,-0.5981505140963704,0.21540061090769114,-0.5981505140963704,0.8479282499731915,0.21540061090769114,ppk
1748025984.4721057,1.271892381839636,-0.5981504834889593,0.3146971119830396,-0.5981504834889593,1.271892381839636,0.3146971119830396,ppk
1748025984.553181,1.271892381839636,-0.5981504834889593,0.3146971119830396,-0.5981504834889593,1.271892381839636,0.3146971119830396,ppk
1748025984.68819,1.2718924075180853,-0.5981504946285209,0.4372022990510992,-0.5981504946285209,1.2718924075180853,0.4372022990510992,ppk
1748025984.7967567,1.2718924075180853,-0.5981504946285209,0.4372022990510992,-0.5981504946285209,1.2718924075180853,0.4372022990510992,ppk
1748025984.8776176,1.2718924516762529,-0.5981505157628441,0.6613005057166301,-0.5981505157628441,1.2718924516762529,0.6613005057166301,ppk
1748025984.962032,1.2718924516762529,-0.5981505157628441,0.6613005057166301,-0.5981505157628441,1.2718924516762529,0.6613005057166301,ppk
1748025985.0500991,1.2718924516762529,-0.5981505157628441,0.6613005057166301,-0.5981505157628441,1.2718924516762529,0.6613005057166301,ppk
1748025985.164752,1.2718924706300112,-0.5981505244213257,0.7551039100828034,-0.5981505244213257,1.2718924706300112,0.7551039100828034,ppk
1748025985.277428,1.6958566428539448,-0.5981504928253863,0.8463971464227719,-0.5981504928253863,1.6958566428539448,0.8463971464227719,ppk
1748025985.384807,1.6958566428539448,-0.5981504928253863,0.8463971464227719,-0.5981504928253863,1.6958566428539448,0.8463971464227719,ppk
1748025985.4752767,1.6958566636729644,-0.5981505005512138,0.9260022496364548,-0.5981505005512138,1.6958566636729644,0.9260022496364548,ppk
1748025985.5812123,1.6958566636729644,-0.5981505005512138,0.9260022496364548,-0.5981505005512138,1.6958566636729644,0.9260022496364548,ppk
1748025985.6586533,1.6958566636729644,-0.5981505005512138,0.9260022496364548,-0.5981505005512138,1.6958566636729644,0.9260022496364548,ppk
1748025985.8226826,1.6958566916741586,-0.5981505102064142,1.0305020664364775,-0.5981505102064142,1.6958566916741586,1.0305020664364775,ppk
1748025985.9172542,1.6958566916741586,-0.5981505102064142,1.0305020664364775,-0.5981505102064142,1.6958566916741586,1.0305020664364775,ppk
1748025986.0753858,1.6958566916741586,-0.5981505102064142,1.0305020664364775,-0.5981505102064142,1.6958566916741586,1.0305020664364775,ppk
1748025986.2026901,1.6958567620991978,-0.5981505352208711,1.2970044465225667,-0.5981505352208711,1.6958567620991978,1.2970044465225667,ppk
1748025986.3280418,1.6958567620991978,-0.5981505352208711,1.2970044465225667,-0.5981505352208711,1.6958567620991978,1.2970044465225667,ppk
1748025986.4832723,1.6958567620991978,-0.5981505352208711,1.2970044465225667,-0.5981505352208711,1.6958567620991978,1.2970044465225667,ppk
1748025986.601432,2.119821017448559,-0.5981505153324114,1.514403916324854,-0.5981505153324114,2.119821017448559,1.514403916324854,ppk
1748025986.7563367,2.119821054374899,-0.5981505254689776,1.6236034405324433,-0.5981505254689776,2.119821054374899,1.6236034405324433,ppk
1748025986.8844075,2.119821054374899,-0.5981505254689776,1.6236034405324433,-0.5981505254689776,2.119821054374899,1.6236034405324433,ppk
1748025987.010409,2.119821090899313,-0.5981505359753877,1.7342983259998026,-0.5981505359753877,2.119821090899313,1.7342983259998026,ppk
1748025987.1527653,2.119821090899313,-0.5981505359753877,1.7342983259998026,-0.5981505359753877,2.119821090899313,1.7342983259998026,ppk
1748025987.298436,2.119821090899313,-0.5981505359753877,1.7342983259998026,-0.5981505359753877,2.119821090899313,1.7342983259998026,ppk
1748025987.4223437,2.5437853572885984,-0.5981505081769479,1.8656000509576618,-0.5981505081769479,2.5437853572885984,1.8656000509576618,ppk
1748025987.545226,2.5437853572885984,-0.5981505081769479,1.8656000509576618,-0.5981505081769479,2.5437853572885984,1.8656000509576618,ppk
1748025987.6852248,2.5437853572885984,-0.5981505081769479,1.8656000509576618,-0.5981505081769479,2.5437853572885984,1.8656000509576618,ppk
1748025987.824732,2.543785354707293,-2.632538616721504e-11,1.9308008837162516,-2.632538616721504e-11,2.543785354707293,1.9308008837162516,ppk
1748025987.9464264,2.543785354707293,-2.632538616721504e-11,1.9308008837162516,-2.632538616721504e-11,2.543785354707293,1.9308008837162516,ppk
1748025988.092543,2.543785354707293,-2.632538616721504e-11,1.9308008837162516,-2.632538616721504e-11,2.543785354707293,1.9308008837162516,ppk
1748025988.217122,2.967749596709073,-1.5859140404910992e-10,1.9637978326535686,-1.5859140404910992e-10,2.967749596709073,1.9637978326535686,ppk
1748025988.3622308,2.967749596709073,-1.5859140404910992e-10,1.9637978326535686,-1.5859140404910992e-10,2.967749596709073,1.9637978326535686,ppk
1748025988.4662192,2.967749596709073,-1.5859140404910992e-10,1.9637978326535686,-1.5859140404910992e-10,2.967749596709073,1.9637978326535686,ppk
1748025988.6133034,3.3917138541357414,0.5981504361255306,1.9623022307639058,0.5981504361255306,3.3917138541357414,1.9623022307639058,ppk
1748025988.7410755,3.3917138541357414,0.5981504361255306,1.9623022307639058,0.5981504361255306,3.3917138541357414,1.9623022307639058,ppk
1748025988.8848927,3.391713933532649,1.196300870947214,1.9523000104342625,1.196300870947214,3.391713933532649,1.9523000104342625,ppk
1748025989.0121896,3.3917139209289138,1.1963008665565271,1.929297386010206,1.1963008665565271,3.3917139209289138,1.929297386010206,ppk
1748025989.1366463,3.3917139209289138,1.1963008665565271,1.929297386010206,1.1963008665565271,3.3917139209289138,1.929297386010206,ppk
1748025989.2767792,3.8156782710272235,1.7944511707021495,1.8973985073982516,1.7944511707021495,3.8156782710272235,1.8973985073982516,ppk
1748025989.4136126,3.815678250678333,1.7944511608506,1.8628983853216492,1.7944511608506,3.815678250678333,1.8628983853216492,ppk
1748025989.5379667,3.815678250678333,1.7944511608506,1.8628983853216492,1.7944511608506,3.815678250678333,1.8628983853216492,ppk
1748025989.6707547,4.239642643571897,2.392601371719793,1.8210964692519336,2.392601371719793,4.239642643571897,1.8210964692519336,ppk
1748025989.7952313,4.239642643571897,2.392601371719793,1.8210964692519336,2.392601371719793,4.239642643571897,1.8210964692519336,ppk
1748025989.9194558,4.239642866994203,2.9907516926434314,1.7737024180974448,2.9907516926434314,4.239642866994203,1.7737024180974448,ppk
1748025990.0628717,4.239642836137062,2.99075167079835,1.7273004414183029,2.99075167079835,4.239642836137062,1.7273004414183029,ppk
1748025990.1832788,4.239642836137062,2.99075167079835,1.7273004414183029,2.99075167079835,4.239642836137062,1.7273004414183029,ppk
1748025990.343629,4.663607675969764,4.187052010064235,1.6535995204677962,4.187052010064235,4.663607675969764,1.6535995204677962,ppk
1748025990.4850883,4.663607675969764,4.187052010064235,1.6535995204677962,4.187052010064235,4.663607675969764,1.6535995204677962,ppk
1748025990.5847113,4.663607675969764,4.187052010064235,1.6535995204677962,4.187052010064235,4.663607675969764,1.6535995204677962,ppk
1748025990.7441132,4.663608032106651,4.785202227260711,1.5603984179366621,4.785202227260711,4.663608032106651,1.5603984179366621,ppk
1748025990.8694105,4.663608032106651,4.785202227260711,1.5603984179366621,4.785202227260711,4.663608032106651,1.5603984179366621,ppk
1748025991.0008364,5.087572673349239,5.3833520983938214,1.5052981300001862,5.3833520983938214,5.087572673349239,1.5052981300001862,ppk
1748025991.1688056,5.511537370739785,5.981501884900432,1.4573922763025344,5.981501884900432,5.511537370739785,1.4573922763025344,ppk
1748025991.273173,5.511537370739785,5.981501884900432,1.4573922763025344,5.981501884900432,5.511537370739785,1.4573922763025344,ppk
1748025991.4034708,5.511537938026269,6.57965204096339,1.4257983654309896,6.57965204096339,5.511537938026269,1.4257983654309896,ppk
1748025991.5509925,5.511537938026269,6.57965204096339,1.4257983654309896,6.57965204096339,5.511537938026269,1.4257983654309896,ppk
1748025991.670316,5.511537938026269,6.57965204096339,1.4257983654309896,6.57965204096339,5.511537938026269,1.4257983654309896,ppk
1748025991.810641,5.935502707277824,7.177801652532405,1.343590614118211,7.177801652532405,5.935502707277824,1.343590614118211,ppk
1748025991.9344249,5.935502707277824,7.177801652532405,1.343590614118211,7.177801652532405,5.935502707277824,1.343590614118211,ppk
1748025992.0660193,5.935503338596606,7.77595168946394,1.260696541950163,7.77595168946394,5.935503338596606,1.260696541950163,ppk
1748025992.1910388,5.935504050870727,8.374101745425643,1.204093307581009,8.374101745425643,5.935504050870727,1.204093307581009,ppk
1748025992.3307176,5.935504050870727,8.374101745425643,1.204093307581009,8.374101745425643,5.935504050870727,1.204093307581009,ppk
1748025992.4919882,6.359469014194632,8.972251213188718,1.1653881689575365,8.972251213188718,6.359469014194632,1.1653881689575365,ppk
1748025992.5946066,6.359469014194632,8.972251213188718,1.1653881689575365,8.972251213188718,6.359469014194632,1.1653881689575365,ppk
1748025992.7303371,6.359469014194632,8.972251213188718,1.1653881689575365,8.972251213188718,6.359469014194632,1.1653881689575365,ppk
1748025992.8902442,6.783434937755319,10.168550593191442,1.1028859392314685,10.168550593191442,6.783434937755319,1.1028859392314685,ppk
1748025992.9993374,6.783434937755319,10.168550593191442,1.1028859392314685,10.168550593191442,6.783434937755319,1.1028859392314685,ppk
1748025993.1400025,6.783434885898105,10.168550515560696,1.0540883315934955,10.168550515560696,6.783434885898105,1.0540883315934955,ppk
1748025993.2786036,7.207401054081922,11.364849746453777,1.016389011815471,11.364849746453777,7.207401054081922,1.016389011815471,ppk
1748025993.413214,7.207401054081922,11.364849746453777,1.016389011815471,11.364849746453777,7.207401054081922,1.016389011815471,ppk
1748025993.5206647,7.207401054081922,11.364849746453777,1.016389011815471,11.364849746453777,7.207401054081922,1.016389011815471,ppk
1748025993.659987,7.207401054081922,11.364849746453777,1.016389011815471,11.364849746453777,7.207401054081922,1.016389011815471,ppk
1748025993.7993627,7.207403457928016,12.56114996081196,1.1388843299872962,12.56114996081196,7.207403457928016,1.1388843299872962,ppk
1748025993.9466345,7.207404748939568,13.159300091739961,1.203481209745485,13.159300091739961,7.207404748939568,1.203481209745485,ppk
1748025994.0614243,7.207404748939568,13.159300091739961,1.203481209745485,13.159300091739961,7.207404748939568,1.203481209745485,ppk
1748025994.2500737,7.631370253499719,13.75744925982096,1.2439839119669247,13.75744925982096,7.631370253499719,1.2439839119669247,ppk
1748025994.3218315,7.631370253499719,13.75744925982096,1.2439839119669247,13.75744925982096,7.631370253499719,1.2439839119669247,ppk
1748025994.4788625,7.631370253499719,13.75744925982096,1.2439839119669247,13.75744925982096,7.631370253499719,1.2439839119669247,ppk
1748025994.5993047,7.631372907573632,14.953749068827092,1.1898811876162265,14.953749068827092,7.631372907573632,1.1898811876162265,ppk
1748025994.7322743,7.631372907573632,14.953749068827092,1.1898811876162265,14.953749068827092,7.631372907573632,1.1898811876162265,ppk
1748025994.8504853,7.631372907573632,14.953749068827092,1.1898811876162265,14.953749068827092,7.631372907573632,1.1898811876162265,ppk
1748025995.0075705,7.631372907573632,14.953749068827092,1.1898811876162265,14.953749068827092,7.631372907573632,1.1898811876162265,ppk
1748025995.1146283,7.631372907573632,14.953749068827092,1.1898811876162265,14.953749068827092,7.631372907573632,1.1898811876162265,ppk
1748025995.2510307,7.631372907573632,14.953749068827092,1.1898811876162265,14.953749068827092,7.631372907573632,1.1898811876162265,ppk
1748025995.4003525,7.631372907573632,14.953749068827092,1.1898811876162265,14.953749068827092,7.631372907573632,1.1898811876162265,ppk
1748025995.5191052,7.631372907573632,14.953749068827092,1.1898811876162265,14.953749068827092,7.631372907573632,1.1898811876162265,ppk
1748025995.6703136,7.631372907573632,14.953749068827092,1.1898811876162265,14.953749068827092,7.631372907573632,1.1898811876162265,ppk
1748025995.810439,8.055346245973963,18.54264678257419,0.9077667643675356,18.54264678257419,8.055346245973963,0.9077667643675356,ppk
1748025995.9456131,8.055346245973963,18.54264678257419,0.9077667643675356,18.54264678257419,8.055346245973963,0.9077667643675356,ppk
1748025996.0769343,8.055347860018781,19.140796276103288,0.773464768426591,19.140796276103288,8.055347860018781,0.773464768426591,ppk
1748025996.2186992,7.6313853714379665,19.738947027123842,0.6253692940908753,19.738947027123842,7.6313853714379665,0.6253692940908753,ppk
1748025996.350498,7.6313853714379665,19.738947027123842,0.6253692940908753,19.738947027123842,7.6313853714379665,0.6253692940908753,ppk
1748025996.470825,7.631385195219229,19.73894657422852,0.4787628487784542,19.73894657422852,7.631385195219229,0.4787628487784542,ppk
1748025996.6141658,7.631385195219229,19.73894657422852,0.4787628487784542,19.73894657422852,7.631385195219229,0.4787628487784542,ppk
1748025996.7252085,7.631386953420771,20.33709609849932,0.3619625719136909,20.33709609849932,7.631386953420771,0.3619625719136909,ppk
1748025996.859899,7.631390763166176,21.533395433762227,0.23286166693385302,21.533395433762227,7.631390763166176,0.23286166693385302,ppk
1748025996.9808495,7.631390763166176,21.533395433762227,0.23286166693385302,21.533395433762227,7.631390763166176,0.23286166693385302,ppk
1748025997.129561,7.6313928136019475,22.13154525802655,0.21866131937007408,22.13154525802655,7.6313928136019475,0.21866131937007408,ppk
1748025997.2481961,7.6313928136019475,22.13154525802655,0.21866131937007408,22.13154525802655,7.6313928136019475,0.21866131937007408,ppk
1748025997.3754663,7.6313949414694235,22.729695140548095,0.22165757135920364,22.729695140548095,7.6313949414694235,0.22165757135920364,ppk
1748025997.5250428,7.6313949414694235,22.729695140548095,0.22165757135920364,22.729695140548095,7.6313949414694235,0.22165757135920364,ppk
1748025997.6505158,7.6313949414694235,22.729695140548095,0.22165757135920364,22.729695140548095,7.6313949414694235,0.22165757135920364,ppk
1748025997.7892492,7.207435239886665,23.925996483547742,0.21975397768659866,23.925996483547742,7.207435239886665,0.21975397768659866,ppk
1748025997.925038,7.207435239886665,23.925996483547742,0.21975397768659866,23.925996483547742,7.207435239886665,0.21975397768659866,ppk
1748025998.047799,7.207435239886665,23.925996483547742,0.21975397768659866,23.925996483547742,7.207435239886665,0.21975397768659866,ppk
1748025998.170673,7.207439855812958,25.122296208391827,0.19454949587194592,25.122296208391827,7.207439855812958,0.19454949587194592,ppk
1748025998.3208025,7.207439855812958,25.122296208391827,0.19454949587194592,25.122296208391827,7.207439855812958,0.19454949587194592,ppk
1748025998.438256,7.2074398238724395,25.12229609788794,0.16645043567881337,25.12229609788794,7.2074398238724395,0.16645043567881337,ppk
1748025998.5737789,7.2074398238724395,25.12229609788794,0.16645043567881337,25.12229609788794,7.2074398238724395,0.16645043567881337,ppk
1748025998.7248063,7.2074398238724395,25.12229609788794,0.16645043567881337,25.12229609788794,7.2074398238724395,0.16645043567881337,ppk
1748025998.8619883,6.783480532923484,26.31859748920656,0.12054001898449371,26.31859748920656,6.783480532923484,0.12054001898449371,ppk
1748025998.966743,6.783480532923484,26.31859748920656,0.12054001898449371,26.31859748920656,6.783480532923484,0.12054001898449371,ppk
1748025999.1406186,6.783480522956512,26.31859745183638,0.11144578056074204,26.31859745183638,6.783480522956512,0.11144578056074204,ppk
1748025999.2597585,6.783483060326446,26.916747457770242,0.1265418606782257,26.916747457770242,6.783483060326446,0.1265418606782257,ppk
1748025999.4163513,6.783483060326446,26.916747457770242,0.1265418606782257,26.916747457770242,6.783483060326446,0.1265418606782257,ppk
1748025999.5089583,6.783485651043395,27.514897455805464,0.139234624470167,27.514897455805464,6.783485651043395,0.139234624470167,ppk
1748025999.6734037,6.359524204059549,28.11304941435345,0.16813260560541907,28.11304941435345,6.359524204059549,0.16813260560541907,ppk
1748025999.7787826,6.359524204059549,28.11304941435345,0.16813260560541907,28.11304941435345,6.359524204059549,0.16813260560541907,ppk
1748025999.920561,5.935562780783388,28.711201323477294,0.16693253881573147,28.711201323477294,5.935562780783388,0.16693253881573147,ppk
1748026000.0651188,5.935562780783388,28.711201323477294,0.16693253881573147,28.711201323477294,5.935562780783388,0.16693253881573147,ppk
1748026000.2171614,5.93556274605053,28.711201154653388,0.1293348825910111,28.711201154653388,5.93556274605053,0.1293348825910111,ppk
1748026000.3409245,5.93556274605053,28.711201154653388,0.1293348825910111,28.711201154653388,5.93556274605053,0.1293348825910111,ppk
1748026000.4513032,5.93556274605053,28.711201154653388,0.1293348825910111,28.711201154653388,5.93556274605053,0.1293348825910111,ppk
1748026000.5957813,5.511601268727786,29.309352534775687,-0.003869050714520276,29.309352534775687,5.511601268727786,-0.003869050714520276,ppk
1748026000.7412899,5.511601268727786,29.309352534775687,-0.003869050714520276,29.309352534775687,5.511601268727786,-0.003869050714520276,ppk
1748026000.870033,5.5116012176015845,29.30935226423236,-0.06286715844454942,29.30935226423236,5.5116012176015845,-0.06286715844454942,ppk
1748026001.0186102,5.087639910865584,29.907504230212904,-0.08156922302072586,29.907504230212904,5.087639910865584,-0.08156922302072586,ppk
1748026001.1681998,5.087639910865584,29.907504230212904,-0.08156922302072586,29.907504230212904,5.087639910865584,-0.08156922302072586,ppk
1748026001.2983534,5.087639910853493,29.907504234720506,-0.08056977236918561,29.907504234720506,5.087639910853493,-0.08056977236918561,ppk
1748026001.4039474,5.087639910853493,29.907504234720506,-0.08056977236918561,29.907504234720506,5.087639910853493,-0.08056977236918561,ppk
1748026001.5267441,4.663675827003446,29.907506306085832,-0.06686705586766577,29.907506306085832,4.663675827003446,-0.06686705586766577,ppk
1748026001.6682312,4.663678697425887,30.505656504607984,-0.05167212954868477,30.505656504607984,4.663678697425887,-0.05167212954868477,ppk
1748026001.8053997,4.663678697425887,30.505656504607984,-0.05167212954868477,30.505656504607984,4.663678697425887,-0.05167212954868477,ppk
1748026001.9485626,4.663678714968516,30.505656616249947,-0.028272776590844033,30.505656616249947,4.663678714968516,-0.028272776590844033,ppk
1748026002.089391,4.239717538049216,31.10380886061168,-0.02277457029189534,31.10380886061168,4.239717538049216,-0.02277457029189534,ppk
1748026002.2135046,4.239717538049216,31.10380886061168,-0.02277457029189534,31.10380886061168,4.239717538049216,-0.02277457029189534,ppk
1748026002.3336623,4.239717539877471,31.10380886970706,-0.020874851555231146,31.10380886970706,4.239717539877471,-0.020874851555231146,ppk
1748026002.4803605,4.239717539877471,31.10380886970706,-0.020874851555231146,31.10380886970706,4.239717539877471,-0.020874851555231146,ppk
1748026002.6129212,4.239717541112416,31.103808880010604,-0.018776768142832023,31.103808880010604,4.239717541112416,-0.018776768142832023,ppk
1748026002.735599,3.8157534664509227,31.10381115606924,0.01992741850297603,31.10381115606924,3.8157534664509227,0.01992741850297603,ppk
1748026002.8955863,3.8157534664509227,31.10381115606924,0.01992741850297603,31.10381115606924,3.8157534664509227,0.01992741850297603,ppk
1748026003.0192695,3.8157535139175374,31.103811536750953,0.09812108235750537,31.103811536750953,3.8157535139175374,0.09812108235750537,ppk
1748026003.134102,3.8157535139175374,31.103811536750953,0.09812108235750537,31.103811536750953,3.8157535139175374,0.09812108235750537,ppk
1748026003.2810712,3.8157535781520813,31.103812062057155,0.2060236089853434,31.103812062057155,3.8157535781520813,0.2060236089853434,ppk
1748026003.4144845,3.391792500165013,31.701964982662368,0.31911905400715923,31.701964982662368,3.391792500165013,0.31911905400715923,ppk
1748026003.5397642,3.391792500165013,31.701964982662368,0.31911905400715923,31.701964982662368,3.391792500165013,0.31911905400715923,ppk
1748026003.6864872,3.391792565606889,31.701965596528286,0.44282205708921757,31.701965596528286,3.391792565606889,0.44282205708921757,ppk
1748026003.8074272,3.391792565606889,31.701965596528286,0.44282205708921757,31.701965596528286,3.391792565606889,0.44282205708921757,ppk
1748026003.9702091,3.3917926091335535,31.701966008260683,0.5258222402130134,31.701966008260683,3.3917926091335535,0.5258222402130134,ppk
1748026004.0801601,3.391792643284145,31.70196632195501,0.5890241445427392,31.70196632195501,3.391792643284145,0.5890241445427392,ppk
1748026004.2097533,3.391792643284145,31.70196632195501,0.5890241445427392,31.70196632195501,3.391792643284145,0.5890241445427392,ppk
1748026004.397186,3.391792652937704,31.701966411288716,0.6070218858723995,31.701966411288716,3.391792652937704,0.6070218858723995,ppk
1748026004.4855661,3.391792652937704,31.701966411288716,0.6070218858723995,31.701966411288716,3.391792652937704,0.6070218858723995,ppk
1748026004.652227,3.3917926642566023,31.701966514897144,0.627918798049067,31.701966514897144,3.3917926642566023,0.627918798049067,ppk
1748026004.7445726,2.967828522367322,31.70196863389334,0.6261184727817025,31.70196863389334,2.967828522367322,0.6261184727817025,ppk
1748026004.9100199,2.967828522367322,31.70196863389334,0.6261184727817025,31.70196863389334,2.967828522367322,0.6261184727817025,ppk
1748026005.0419323,2.9678315407717375,32.300118854944884,0.6003204939128354,32.300118854944884,2.9678315407717375,0.6003204939128354,ppk
1748026005.1806216,2.9678315407717375,32.300118854944884,0.6003204939128354,32.300118854944884,2.9678315407717375,0.6003204939128354,ppk
1748026005.3018212,2.9678315407717375,32.300118854944884,0.6003204939128354,32.300118854944884,2.9678315407717375,0.6003204939128354,ppk
1748026005.4245815,2.9678315078026722,32.3001185005939,0.5302216172920525,32.3001185005939,2.9678315078026722,0.5302216172920525,ppk
1748026005.5643115,2.9678315078026722,32.3001185005939,0.5302216172920525,32.3001185005939,2.9678315078026722,0.5302216172920525,ppk
1748026005.6739752,2.9678315070853536,32.30011849340855,0.5288178076797783,32.30011849340855,2.9678315070853536,0.5288178076797783,ppk
1748026005.8234348,2.967831525808535,32.30011869478917,0.5686203595796696,32.30011869478917,2.967831525808535,0.5686203595796696,ppk
1748026005.9299667,2.967831525808535,32.30011869478917,0.5686203595796696,32.30011869478917,2.967831525808535,0.5686203595796696,ppk
1748026006.0739753,2.5438674394316303,32.300121495238315,0.6938189072835506,32.300121495238315,2.5438674394316303,0.6938189072835506,ppk
1748026006.2201984,2.5438674394316303,32.300121495238315,0.6938189072835506,32.300121495238315,2.5438674394316303,0.6938189072835506,ppk
1748026006.3457284,2.5438674365723792,32.30012145745317,0.6863192125972896,32.30012145745317,2.5438674365723792,0.6863192125972896,ppk
1748026006.4760356,2.5438674365723792,32.30012145745317,0.6863192125972896,32.30012145745317,2.5438674365723792,0.6863192125972896,ppk
1748026006.6234047,2.543867428749762,32.300121355995444,0.6662157572492977,32.300121355995444,2.543867428749762,0.6662157572492977,ppk
1748026006.7714295,2.54386742686006,32.3001213327106,0.6616152327883063,32.3001213327106,2.54386742686006,0.6616152327883063,ppk
1748026006.9312878,2.5438705206594996,32.898271817360616,0.6790148298839076,32.898271817360616,2.5438705206594996,0.6790148298839076,ppk
1748026007.0400085,2.5438705206594996,32.898271817360616,0.6790148298839076,32.898271817360616,2.5438705206594996,0.6790148298839076,ppk
1748026007.1424186,2.5438705206594996,32.898271817360616,0.6790148298839076,32.898271817360616,2.5438705206594996,0.6790148298839076,ppk
1748026007.2703214,2.5438705318820714,32.89827196250381,0.7072130716509081,32.89827196250381,2.5438705318820714,0.7072130716509081,ppk
1748026007.52874,2.543870539224908,32.89827204608655,0.7234179056498052,32.89827204608655,2.543870539224908,0.7234179056498052,ppk
1748026007.547633,2.543870539224908,32.89827204608655,0.7234179056498052,32.89827204608655,2.543870539224908,0.7234179056498052,ppk
1748026007.7067733,2.5438705338017202,32.89827198785983,0.7121187724099671,32.89827198785983,2.5438705338017202,0.7121187724099671,ppk
1748026007.8041728,2.5438705338017202,32.89827198785983,0.7121187724099671,32.89827198785983,2.5438705338017202,0.7121187724099671,ppk
1748026007.9468555,2.543870505239247,32.8982716123757,0.6392122786473927,32.8982716123757,2.543870505239247,0.6392122786473927,ppk
1748026008.0933747,2.1199063552228075,32.898273678940086,0.6117160952419559,32.898273678940086,2.1199063552228075,0.6117160952419559,ppk
1748026008.231058,2.1199063552228075,32.898273678940086,0.6117160952419559,32.898273678940086,2.1199063552228075,0.6117160952419559,ppk
1748026008.3709817,2.119906349644152,32.89827358722026,0.5939167179015262,32.89827358722026,2.119906349644152,0.5939167179015262,ppk
1748026008.4844732,2.119906349644152,32.89827358722026,0.5939167179015262,32.89827358722026,2.119906349644152,0.5939167179015262,ppk
1748026008.6356695,2.1199063365345623,32.89827339757282,0.5571125189185372,32.89827339757282,2.1199063365345623,0.5571125189185372,ppk
1748026008.7624383,2.1199094649347474,33.496423581175506,0.5110126093622404,33.496423581175506,2.1199094649347474,0.5110126093622404,ppk
1748026008.8763268,2.1199094649347474,33.496423581175506,0.5110126093622404,33.496423581175506,2.1199094649347474,0.5110126093622404,ppk
1748026009.0262492,2.1199094540402084,33.496423405171996,0.477412755700746,33.496423405171996,2.1199094540402084,0.477412755700746,ppk
1748026009.152804,2.1199094540402084,33.496423405171996,0.477412755700746,33.496423405171996,2.1199094540402084,0.477412755700746,ppk
1748026009.273277,2.119909445488819,33.49642327867581,0.4533114985149607,33.49642327867581,2.119909445488819,0.4533114985149607,ppk
1748026009.3895354,2.119909445488819,33.49642327867581,0.4533114985149607,33.49642327867581,2.119909445488819,0.4533114985149607,ppk
1748026009.5617917,2.119909440491367,33.496423201536544,0.4386096558728804,33.496423201536544,2.119909440491367,0.4386096558728804,ppk
1748026009.6785545,2.5438735537740222,33.49642076383556,0.4024156522351248,33.49642076383556,2.5438735537740222,0.4024156522351248,ppk
1748026009.8374186,2.5438735537740222,33.49642076383556,0.4024156522351248,33.49642076383556,2.5438735537740222,0.4024156522351248,ppk
1748026009.934874,2.1199094194148214,33.49642287586811,0.37651401328188366,33.49642287586811,2.1199094194148214,0.37651401328188366,ppk
1748026010.084079,2.1199094194148214,33.49642287586811,0.37651401328188366,33.49642287586811,2.1199094194148214,0.37651401328188366,ppk
1748026010.2231178,2.1199094140821266,33.4964227827948,0.35871463569826934,33.4964227827948,2.1199094140821266,0.35871463569826934,ppk
1748026010.3682547,2.1199094140821266,33.4964227827948,0.35871463569826934,33.4964227827948,2.1199094140821266,0.35871463569826934,ppk
1748026010.502393,2.1199094140821266,33.4964227827948,0.35871463569826934,33.4964227827948,2.1199094140821266,0.35871463569826934,ppk
1748026010.6256943,2.1199094064908497,33.49642265888038,0.3351092890956778,33.49642265888038,2.1199094064908497,0.3351092890956778,ppk
1748026010.721593,2.1199094064908497,33.49642265888038,0.3351092890956778,33.49642265888038,2.1199094064908497,0.3351092890956778,ppk
1748026010.891682,2.1199094053788854,33.49642264790009,0.333011205561686,33.49642264790009,2.1199094053788854,0.333011205561686,ppk
1748026010.974033,2.1199094053788854,33.49642264790009,0.333011205561686,33.49642264790009,2.1199094053788854,0.333011205561686,ppk
1748026011.152963,2.1199126060059665,34.09457306427765,0.3352129366096892,34.09457306427765,2.1199126060059665,0.3352129366096892,ppk
1748026011.281144,2.543876721765653,34.094570702830815,0.3215103889395635,34.094570702830815,2.543876721765653,0.3215103889395635,ppk
1748026011.4139354,2.543876721765653,34.094570702830815,0.3215103889395635,34.094570702830815,2.543876721765653,0.3215103889395635,ppk
1748026011.5267596,2.543876721765653,34.094570702830815,0.3215103889395635,34.094570702830815,2.543876721765653,0.3215103889395635,ppk
1748026011.6913354,2.5438766921350098,34.09457030603068,0.2471085327513676,34.09457030603068,2.5438766921350098,0.2471085327513676,ppk
1748026011.8061435,2.5438766921350098,34.09457030603068,0.2471085327513676,34.09457030603068,2.5438766921350098,0.2471085327513676,ppk
1748026011.9409215,2.543876682780119,34.0945701856672,0.22460944946095568,34.0945701856672,2.543876682780119,0.22460944946095568,ppk
1748026012.0538492,2.543876682780119,34.0945701856672,0.22460944946095568,34.0945701856672,2.543876682780119,0.22460944946095568,ppk
1748026012.2289002,2.543876676172535,34.09457009498099,0.2076111583786349,34.09457009498099,2.543876676172535,0.2076111583786349,ppk
1748026012.351091,2.543876676172535,34.09457009498099,0.2076111583786349,34.09457009498099,2.543876676172535,0.2076111583786349,ppk
1748026012.473233,2.543876676172535,34.09457009498099,0.2076111583786349,34.09457009498099,2.543876676172535,0.2076111583786349,ppk
1748026012.6082878,2.543876675608142,34.09457008919006,0.20651252494283504,34.09457008919006,2.543876675608142,0.20651252494283504,ppk
1748026012.7190433,2.543876675608142,34.09457008919006,0.20651252494283504,34.09457008919006,2.543876675608142,0.20651252494283504,ppk
1748026012.8754723,2.967840794171378,34.09456788518485,0.22231281765997088,34.09456788518485,2.967840794171378,0.22231281765997088,ppk
1748026012.9721558,2.967840794171378,34.09456788518485,0.22231281765997088,34.09456788518485,2.967840794171378,0.22231281765997088,ppk
1748026013.1434982,2.9678407991809603,34.09456794483521,0.23351276926418793,34.09456794483521,2.9678407991809603,0.23351276926418793,ppk
1748026013.297209,2.9678407986975195,34.094567932615924,0.23120869213532738,34.094567932615924,2.9678407986975195,0.23120869213532738,ppk
1748026013.4162138,2.9678407986975195,34.094567932615924,0.23120869213532738,34.094567932615924,2.9678407986975195,0.23120869213532738,ppk
1748026013.5496926,2.9678407986975195,34.094567932615924,0.23120869213532738,34.094567932615924,2.9678407986975195,0.23120869213532738,ppk
1748026013.660714,2.9678407986975195,34.094567932615924,0.23120869213532738,34.094567932615924,2.9678407986975195,0.23120869213532738,ppk
1748026013.8262026,2.967840817267073,34.0945681498734,0.2719115114724608,34.0945681498734,2.967840817267073,0.2719115114724608,ppk
1748026013.9352384,2.9678408354556653,34.09456835589417,0.31050861897820664,34.09456835589417,2.9678408354556653,0.31050861897820664,ppk
1748026014.0921023,2.9678408354556653,34.09456835589417,0.31050861897820664,34.09456835589417,2.9678408354556653,0.31050861897820664,ppk
1748026014.1957629,2.967840857943377,34.0945686071811,0.35761250058017713,34.0945686071811,2.967840857943377,0.35761250058017713,ppk
1748026014.3646176,3.3918049934626655,34.09456644856144,0.38191191027893556,34.09456644856144,3.3918049934626655,0.38191191027893556,ppk
1748026014.5210216,3.3918049934626655,34.09456644856144,0.38191191027893556,34.09456644856144,3.3918049934626655,0.38191191027893556,ppk
1748026014.6288967,3.391804998078139,34.094566497205676,0.391006148755086,34.094566497205676,3.391804998078139,0.391006148755086,ppk
1748026014.749727,3.391804998078139,34.094566497205676,0.391006148755086,34.094566497205676,3.391804998078139,0.391006148755086,ppk
1748026014.9034255,3.3918050019600092,34.09456653827007,0.398711836713381,34.09456653827007,3.3918050019600092,0.398711836713381,ppk
1748026015.0253315,3.3918050019600092,34.09456653827007,0.398711836713381,34.09456653827007,3.3918050019600092,0.398711836713381,ppk
1748026015.1845899,2.967840879438921,34.094568854842,0.4040068484632115,34.094568854842,2.967840879438921,0.4040068484632115,ppk
1748026015.2736835,3.3918050003598585,34.09456652124243,0.3955074907839246,34.09456652124243,3.3918050003598585,0.3955074907839246,ppk
1748026015.4110305,3.3918050003598585,34.09456652124243,0.3955074907839246,34.09456652124243,3.3918050003598585,0.3955074907839246,ppk
1748026015.5414042,3.3918049920143662,34.09456643993232,0.38030973730027723,34.09456643993232,3.3918049920143662,0.38030973730027723,ppk
1748026015.6876023,3.3918049920143662,34.09456643993232,0.38030973730027723,34.09456643993232,3.3918049920143662,0.38030973730027723,ppk
1748026015.7985992,3.3918049928031606,34.09456644175207,0.3806072839637382,34.09456644175207,3.3918049928031606,0.3806072839637382,ppk
1748026015.9370048,3.3918050041923573,34.09456655489088,0.40180937108889636,34.09456655489088,3.3918050041923573,0.40180937108889636,ppk
1748026016.0457773,3.3918050041923573,34.09456655489088,0.40180937108889636,34.09456655489088,3.3918050041923573,0.40180937108889636,ppk
1748026016.1993372,3.391805009863055,34.094566607135306,0.41160551302763804,34.094566607135306,3.391805009863055,0.41160551302763804,ppk
1748026016.3411338,3.391805009863055,34.094566607135306,0.41160551302763804,34.094566607135306,3.391805009863055,0.41160551302763804,ppk
1748026016.4489288,3.39180500721346,34.09456658631274,0.40770689251419484,34.09456658631274,3.39180500721346,0.40770689251419484,ppk
1748026016.61297,3.39180500721346,34.09456658631274,0.40770689251419484,34.09456658631274,3.39180500721346,0.40770689251419484,ppk
1748026016.7441905,3.39180500721346,34.09456658631274,0.40770689251419484,34.09456658631274,3.39180500721346,0.40770689251419484,ppk
1748026016.8548627,2.96784086461984,34.09456868466544,0.37210834989843333,34.09456868466544,2.96784086461984,0.37210834989843333,ppk
1748026017.019669,2.96784086461984,34.09456868466544,0.37210834989843333,34.09456868466544,2.96784086461984,0.37210834989843333,ppk
1748026017.1828809,2.9678408373416656,34.09456838314009,0.3156126838596522,34.09456838314009,2.9678408373416656,0.3156126838596522,ppk
1748026017.2760024,2.9678408373416656,34.09456838314009,0.3156126838596522,34.09456838314009,2.9678408373416656,0.3156126838596522,ppk
1748026017.4173717,2.967840815516144,34.094568117443124,0.26580799581788267,34.094568117443124,2.967840815516144,0.26580799581788267,ppk
1748026017.556585,2.967840815516144,34.094568117443124,0.26580799581788267,34.094568117443124,2.967840815516144,0.26580799581788267,ppk
1748026017.675232,2.967840815516144,34.094568117443124,0.26580799581788267,34.094568117443124,2.967840815516144,0.26580799581788267,ppk
1748026017.8040733,2.9678440745448005,34.69271847251224,0.2727093788068688,34.69271847251224,2.9678440745448005,0.2727093788068688,ppk
1748026017.926659,2.9678440745448005,34.69271847251224,0.2727093788068688,34.69271847251224,2.9678440745448005,0.2727093788068688,ppk
1748026018.0860784,2.9678440754917648,34.69271847532459,0.27320528809338174,34.69271847532459,2.9678440754917648,0.27320528809338174,ppk
1748026018.2095115,2.9678440754917648,34.69271847532459,0.27320528809338174,34.69271847532459,2.9678440754917648,0.27320528809338174,ppk
1748026018.354924,2.543879955742837,34.69272075165786,0.26360769335950995,34.69272075165786,2.543879955742837,0.26360769335950995,ppk
1748026018.513267,2.543879955742837,34.69272075165786,0.26360769335950995,34.69272075165786,2.543879955742837,0.26360769335950995,ppk
1748026018.6303227,2.543879955742837,34.69272075165786,0.26360769335950995,34.69272075165786,2.543879955742837,0.26360769335950995,ppk
1748026018.7737234,2.543879946956002,34.69272064610552,0.2442061434707664,34.69272064610552,2.543879946956002,0.2442061434707664,ppk
1748026018.866762,2.543879946956002,34.69272064610552,0.2442061434707664,34.69272064610552,2.543879946956002,0.2442061434707664,ppk
1748026019.0357552,2.543879938177633,34.69272051913905,0.22080678970563028,34.69272051913905,2.543879938177633,0.22080678970563028,ppk
1748026019.1429381,2.543879938177633,34.69272051913905,0.22080678970563028,34.69272051913905,2.543879938177633,0.22080678970563028,ppk
1748026019.280109,2.543879938177633,34.69272051913905,0.22080678970563028,34.69272051913905,2.543879938177633,0.22080678970563028,ppk
1748026019.4138784,2.543879907902326,34.69272010231026,0.14400930469741988,34.69272010231026,2.543879907902326,0.14400930469741988,ppk
1748026019.5661194,2.543879907902326,34.69272010231026,0.14400930469741988,34.69272010231026,2.543879907902326,0.14400930469741988,ppk
1748026019.7421274,2.543879907902326,34.69272010231026,0.14400930469741988,34.69272010231026,2.543879907902326,0.14400930469741988,ppk
1748026019.8421426,2.54387989250901,34.69271989427437,0.1057097444906511,34.69271989427437,2.54387989250901,0.1057097444906511,ppk
1748026019.979678,2.54387989250901,34.69271989427437,0.1057097444906511,34.69271989427437,2.54387989250901,0.1057097444906511,ppk
1748026020.1125357,2.543879894921007,34.69271993537308,0.11330862166367765,34.69271993537308,2.543879894921007,0.11330862166367765,ppk
1748026020.2216449,2.543879894921007,34.69271993537308,0.11330862166367765,34.69271993537308,2.543879894921007,0.11330862166367765,ppk
1748026020.3585832,2.119919122631724,35.290872968878276,0.17140333930285157,35.290872968878276,2.119919122631724,0.17140333930285157,ppk
1748026020.49208,2.1199191218150846,35.29087296705352,0.171105793976602,35.29087296705352,2.1199191218150846,0.171105793976602,ppk
1748026020.6150105,2.1199191218150846,35.29087296705352,0.171105793976602,35.29087296705352,2.1199191218150846,0.171105793976602,ppk
1748026020.7620974,2.119919116062547,35.29087287661808,0.15470259562591143,35.29087287661808,2.119919116062547,0.15470259562591143,ppk
1748026020.869363,2.119919116062547,35.29087287661808,0.15470259562591143,35.29087287661808,2.119919116062547,0.15470259562591143,ppk
1748026021.0119953,2.543883220523178,35.29087044130797,0.14260222044117352,35.29087044130797,2.543883220523178,0.14260222044117352,ppk
1748026021.1539743,2.543883220523178,35.29087044130797,0.14260222044117352,35.29087044130797,2.543883220523178,0.14260222044117352,ppk
1748026021.310606,2.543883220523178,35.29087044130797,0.14260222044117352,35.29087044130797,2.543883220523178,0.14260222044117352,ppk
1748026021.4042125,2.5438832264517792,35.29087052633348,0.1580059679782007,35.29087052633348,2.5438832264517792,0.1580059679782007,ppk
1748026021.5658562,2.5438832264517792,35.29087052633348,0.1580059679782007,35.29087052633348,2.5438832264517792,0.1580059679782007,ppk
1748026021.6696968,2.119919120647974,35.29087294575895,0.16719954311308008,35.29087294575895,2.119919120647974,0.16719954311308008,ppk
1748026021.8717132,2.1199191236895,35.2908729963891,0.17640059276461795,35.2908729963891,2.1199191236895,0.17640059276461795,ppk
1748026021.9842725,2.1199191236895,35.2908729963891,0.17640059276461795,35.2908729963891,2.1199191236895,0.17640059276461795,ppk
1748026022.0797443,2.1199191285592036,35.290873076982244,0.19100325479812624,35.290873076982244,2.1199191285592036,0.19100325479812624,ppk
1748026022.2067032,2.1199191285592036,35.290873076982244,0.19100325479812624,35.290873076982244,2.1199191285592036,0.19100325479812624,ppk
1748026022.3451316,2.1199191355518514,35.290873198187,0.21289961665309826,35.290873198187,2.1199191355518514,0.21289961665309826,ppk
1748026022.446157,2.1199191355518514,35.290873198187,0.21289961665309826,35.290873198187,2.1199191355518514,0.21289961665309826,ppk
1748026022.6230245,2.1199191403795354,35.29087326993546,0.22590010431753524,35.29087326993546,2.1199191403795354,0.22590010431753524,ppk
1748026022.741597,2.1199191403795354,35.29087326993546,0.22590010431753524,35.29087326993546,2.1199191403795354,0.22590010431753524,ppk
1748026022.9014802,2.119919143045881,35.29087330913416,0.23300307101628998,35.29087330913416,2.119919143045881,0.23300307101628998,ppk
1748026022.9878244,2.11991913991395,35.290873264294945,0.22490065413828172,35.290873264294945,2.11991913991395,0.22490065413828172,ppk
1748026023.1170557,2.11991913991395,35.290873264294945,0.22490065413828172,35.290873264294945,2.11991913991395,0.22490065413828172,ppk
1748026023.2832866,2.1199191347389315,35.29087318112004,0.20980208218385074,35.29087318112004,2.1199191347389315,0.20980208218385074,ppk
1748026023.396,2.1199191347389315,35.29087318112004,0.20980208218385074,35.29087318112004,2.1199191347389315,0.20980208218385074,ppk
1748026023.5611951,1.6959550207242065,35.290875473800384,0.1960998172157467,35.290875473800384,1.6959550207242065,0.1960998172157467,ppk
1748026023.675917,1.695955025228633,35.290875565443976,0.21270137957990098,35.290875565443976,1.695955025228633,0.21270137957990098,ppk
1748026023.80054,1.695955025228633,35.290875565443976,0.21270137957990098,35.290875565443976,1.695955025228633,0.21270137957990098,ppk
1748026023.9479895,1.6959550295170776,35.290875655718985,0.22900539602392647,35.290875655718985,1.6959550295170776,0.22900539602392647,ppk
1748026024.0630374,1.6959550295170776,35.290875655718985,0.22900539602392647,35.290875655718985,1.6959550295170776,0.22900539602392647,ppk
1748026024.205517,1.6959550330966522,35.29087572867561,0.24220424770182816,35.29087572867561,1.6959550330966522,0.24220424770182816,ppk
1748026024.337034,1.6959550330966522,35.29087572867561,0.24220424770182816,35.29087572867561,1.6959550330966522,0.24220424770182816,ppk
1748026024.502395,1.6959550330966522,35.29087572867561,0.24220424770182816,35.29087572867561,1.6959550330966522,0.24220424770182816,ppk
1748026024.589393,1.271990940854302,35.2908787069317,0.3526016864480884,35.2908787069317,1.271990940854302,0.3526016864480884,ppk
1748026024.7263834,1.271990940854302,35.2908787069317,0.3526016864480884,35.2908787069317,1.271990940854302,0.3526016864480884,ppk
1748026024.8867416,1.2719909533294727,35.290879047538546,0.4143006001974181,35.290879047538546,1.2719909533294727,0.4143006001974181,ppk
1748026024.9971898,1.2719909533294727,35.290879047538546,0.4143006001974181,35.290879047538546,1.2719909533294727,0.4143006001974181,ppk
1748026025.158923,1.271990959928842,35.290879226618955,0.44670263813819905,35.290879226618955,1.271990959928842,0.44670263813819905,ppk
1748026025.2809422,1.2719909548949013,35.290879073460204,0.4190003070235836,35.290879073460204,1.2719909548949013,0.4190003070235836,ppk
1748026025.4209356,1.2719909548949013,35.290879073460204,0.4190003070235836,35.290879073460204,1.2719909548949013,0.4190003070235836,ppk
1748026025.5508876,1.2719909464695027,35.290878850408596,0.3786026631521866,35.290878850408596,1.2719909464695027,0.3786026631521866,ppk
1748026025.6924665,1.2719909464695027,35.290878850408596,0.3786026631521866,35.290878850408596,1.2719909464695027,0.3786026631521866,ppk
1748026025.7937396,1.2719909412305566,35.29087871135905,0.35340277262654796,35.29087871135905,1.2719909412305566,0.35340277262654796,ppk
1748026025.9704702,1.2719909372927174,35.29087859542383,0.33240667896562226,35.29087859542383,1.2719909372927174,0.33240667896562226,ppk
1748026026.056817,1.2719909372927174,35.29087859542383,0.33240667896562226,35.29087859542383,1.2719909372927174,0.33240667896562226,ppk
1748026026.2146735,1.2719943022937337,35.88902894831343,0.3089963645322983,35.88902894831343,1.2719943022937337,0.3089963645322983,ppk
1748026026.3355815,1.2719943022937337,35.88902894831343,0.3089963645322983,35.88902894831343,1.2719943022937337,0.3089963645322983,ppk
1748026026.4993486,1.2719943003516794,35.88902887525235,0.29600350551846966,35.88902887525235,1.2719943003516794,0.29600350551846966,ppk
1748026026.5760357,1.2719943003516794,35.88902887525235,0.29600350551846966,35.88902887525235,1.2719943003516794,0.29600350551846966,ppk
1748026026.7748454,1.2719942953634213,35.88902873995849,0.2719022487387952,35.88902873995849,1.2719942953634213,0.2719022487387952,ppk
1748026026.8622763,1.2719942953634213,35.88902873995849,0.2719022487387952,35.88902873995849,1.2719942953634213,0.2719022487387952,ppk
1748026027.0152864,1.2719942921795975,35.88902865899944,0.25749795174690565,35.88902865899944,1.2719942921795975,0.25749795174690565,ppk
1748026027.1588087,1.271994286460407,35.88902850618747,0.2302991604169222,35.88902850618747,1.271994286460407,0.2302991604169222,ppk
1748026027.28814,1.271994286460407,35.88902850618747,0.2302991604169222,35.88902850618747,1.271994286460407,0.2302991604169222,ppk
1748026027.4154828,1.2719942781229052,35.88902825512891,0.18559853757260147,35.88902825512891,1.2719942781229052,0.18559853757260147,ppk
1748026027.5552413,1.2719942781229052,35.88902825512891,0.18559853757260147,35.88902825512891,1.2719942781229052,0.18559853757260147,ppk
1748026027.6593614,1.2719942781229052,35.88902825512891,0.18559853757260147,35.88902825512891,1.2719942781229052,0.18559853757260147,ppk
1748026027.799128,1.2719942781229052,35.88902825512891,0.18559853757260147,35.88902825512891,1.2719942781229052,0.18559853757260147,ppk
1748026027.93661,1.2719942648343985,35.88902788549331,0.11980263871485057,35.88902788549331,1.2719942648343985,0.11980263871485057,ppk
1748026028.1016624,1.2719942689266974,35.88902800947528,0.14189736621688376,35.88902800947528,1.2719942689266974,0.14189736621688376,ppk
1748026028.2020857,1.2719942689266974,35.88902800947528,0.14189736621688376,35.88902800947528,1.2719942689266974,0.14189736621688376,ppk
1748026028.3676267,1.2719942726233706,35.88902810451769,0.1587964742036744,35.88902810451769,1.2719942726233706,0.1587964742036744,ppk
1748026028.4984744,1.2719942726233706,35.88902810451769,0.1587964742036744,35.88902810451769,1.2719942726233706,0.1587964742036744,ppk
1748026028.631117,1.271994271150526,35.88902805400365,0.1498014185939519,35.88902805400365,1.271994271150526,0.1498014185939519,ppk
1748026028.7504044,1.2719942694054085,35.8890280165854,0.1431028093565972,35.8890280165854,1.2719942694054085,0.1431028093565972,ppk
1748026028.872458,1.2719942694054085,35.8890280165854,0.1431028093565972,35.8890280165854,1.2719942694054085,0.1431028093565972,ppk
1748026029.0277376,1.271994269070148,35.88902801193247,0.14230172313760694,35.88902801193247,1.271994269070148,0.14230172313760694,ppk
1748026029.1818209,1.271994269070148,35.88902801193247,0.14230172313760694,35.88902801193247,1.271994269070148,0.14230172313760694,ppk
1748026029.3095562,1.271994269070148,35.88902801193247,0.14230172313760694,35.88902801193247,1.271994269070148,0.14230172313760694,ppk
1748026029.4093866,1.6959618138781618,36.487176266500754,0.18369533073290267,36.487176266500754,1.6959618138781618,0.18369533073290267,ppk
1748026029.5565245,1.6959618138781618,36.487176266500754,0.18369533073290267,36.487176266500754,1.6959618138781618,0.18369533073290267,ppk
1748026029.734232,1.695961836117889,36.48717673807225,0.2662987857703446,36.48717673807225,1.695961836117889,0.2662987857703446,ppk
1748026029.8018444,1.695961836117889,36.48717673807225,0.2662987857703446,36.48717673807225,1.695961836117889,0.2662987857703446,ppk
1748026029.951934,2.1199259601103333,36.48717445601504,0.2954963513613222,36.48717445601504,2.1199259601103333,0.2954963513613222,ppk
1748026030.1349823,2.1199259677724065,36.487174590134956,0.31899488696503725,36.487174590134956,2.1199259677724065,0.31899488696503725,ppk
1748026030.208425,2.1199259677724065,36.487174590134956,0.31899488696503725,36.487174590134956,2.1199259677724065,0.31899488696503725,ppk
1748026030.3187225,2.1199259677724065,36.487174590134956,0.31899488696503725,36.487174590134956,2.1199259677724065,0.31899488696503725,ppk
1748026030.4997184,2.1199259754150623,36.487174715817034,0.3409980604158931,36.487174715817034,2.1199259754150623,0.3409980604158931,ppk
1748026030.617994,2.1199259754150623,36.487174715817034,0.3409980604158931,36.487174715817034,2.1199259754150623,0.3409980604158931,ppk
1748026030.7390647,2.1199259754150623,36.487174715817034,0.3409980604158931,36.487174715817034,2.1199259754150623,0.3409980604158931,ppk
1748026030.862759,2.1199259843025744,36.487174866096495,0.3672965826376354,36.487174866096495,2.1199259843025744,0.3672965826376354,ppk
1748026031.052983,2.1199259858511748,36.48717489450964,0.37229383692379603,36.48717489450964,2.1199259858511748,0.37229383692379603,ppk
1748026031.1392875,2.1199259858511748,36.48717489450964,0.37229383692379603,36.48717489450964,2.1199259858511748,0.37229383692379603,ppk
1748026031.257344,2.1199259892352758,36.48717495625031,0.38309705933756066,36.48717495625031,2.1199259892352758,0.38309705933756066,ppk
1748026031.4651601,2.1199259892352758,36.48717495625031,0.38309705933756066,36.48717495625031,2.1199259892352758,0.38309705933756066,ppk
1748026031.546083,2.1199259840408518,36.487174871125426,0.3681968514914335,36.487174871125426,2.1199259840408518,0.3681968514914335,ppk
1748026031.7179375,2.1199259840408518,36.487174871125426,0.3681968514914335,36.487174871125426,2.1199259840408518,0.3681968514914335,ppk
1748026031.8253553,2.119925977636782,36.4871747613723,0.3489936659552848,36.4871747613723,2.119925977636782,0.3489936659552848,ppk
1748026031.9442673,2.119925977636782,36.4871747613723,0.3489936659552848,36.4871747613723,2.119925977636782,0.3489936659552848,ppk
1748026032.0627322,2.1199259734360894,36.48717468173252,0.3349937270313458,36.48717468173252,2.1199259734360894,0.3349937270313458,ppk
1748026032.2082558,2.1199259718838164,36.487174652487205,0.32989729070425833,36.487174652487205,2.1199259718838164,0.32989729070425833,ppk
1748026032.3482673,2.1199259718838164,36.487174652487205,0.32989729070425833,36.487174652487205,2.1199259718838164,0.32989729070425833,ppk
1748026032.4860911,2.119925965642616,36.48717455362912,0.312593824241691,36.48717455362912,2.119925965642616,0.312593824241691,ppk
1748026032.640249,2.119925965642616,36.48717455362912,0.312593824241691,36.48717455362912,2.119925965642616,0.312593824241691,ppk
1748026032.8006184,2.119929436312955,37.08532473331686,0.2741916378794549,37.08532473331686,2.119929436312955,0.2741916378794549,ppk
1748026032.9411845,2.1199294361789587,37.08532473149711,0.27389409187826386,37.08532473149711,2.1199294361789587,0.27389409187826386,ppk
1748026033.013333,2.1199294361789587,37.08532473149711,0.27389409187826386,37.08532473149711,2.1199294361789587,0.27389409187826386,ppk
1748026033.1517966,2.1199294361789587,37.08532473149711,0.27389409187826386,37.08532473149711,2.1199294361789587,0.27389409187826386,ppk
1748026033.28448,2.119929432929889,37.0853246775534,0.26459385907769034,37.0853246775534,2.119929432929889,0.26459385907769034,ppk
1748026033.4085314,2.1199294266052386,37.085324554719605,0.2433917721838477,37.085324554719605,2.1199294266052386,0.2433917721838477,ppk
1748026033.5577044,2.1199294266052386,37.085324554719605,0.2433917721838477,37.085324554719605,2.1199294266052386,0.2433917721838477,ppk
1748026033.6843073,2.119929419561659,37.08532443891575,0.2234943116584044,37.08532443891575,2.119929419561659,0.2234943116584044,ppk
1748026034.0048587,2.1199294131696718,37.08532433284308,0.20519139339565828,37.08532433284308,2.1199294131696718,0.20519139339565828,ppk
1748026034.009235,2.1199294131696718,37.08532433284308,0.20519139339565828,37.08532433284308,2.1199294131696718,0.20519139339565828,ppk
1748026034.1389792,2.119929407372023,37.085324234632516,0.18829228486677774,37.085324234632516,2.119929407372023,0.18829228486677774,ppk
1748026034.2484586,2.119929407372023,37.085324234632516,0.18829228486677774,37.085324234632516,2.119929407372023,0.18829228486677774,ppk
1748026034.377452,2.1199294111796814,37.08532429626207,0.1988895138883267,37.08532429626207,2.1199294111796814,0.1988895138883267,ppk
1748026034.4851842,2.1199294111796814,37.08532429626207,0.1988895138883267,37.08532429626207,2.1199294111796814,0.1988895138883267,ppk
1748026034.6139266,2.119929420667742,37.08532447265857,0.22929265162287749,37.08532447265857,2.119929420667742,0.22929265162287749,ppk
1748026034.7949188,2.119929420667742,37.08532447265857,0.22929265162287749,37.08532447265857,2.119929420667742,0.22929265162287749,ppk
1748026034.9045212,2.1199329715759374,37.68347504963651,0.26018819942774185,37.68347504963651,2.1199329715759374,0.26018819942774185,ppk
1748026035.0123012,2.1199329715759374,37.68347504963651,0.26018819942774185,37.68347504963651,2.1199329715759374,0.26018819942774185,ppk
1748026035.1762514,2.119932976846485,37.68347514579165,0.276492214900745,37.68347514579165,2.119932976846485,0.276492214900745,ppk
1748026035.3116364,2.119932986460181,37.68347530508526,0.30349264222008715,37.68347530508526,2.119932986460181,0.30349264222008715,ppk
1748026035.4343657,2.119932986460181,37.68347530508526,0.30349264222008715,37.68347530508526,2.119932986460181,0.30349264222008715,ppk
1748026035.5591347,1.6959688803630375,37.6834780854905,0.3460876786985964,37.6834780854905,1.6959688803630375,0.3460876786985964,ppk
1748026035.7042487,1.6959688803630375,37.6834780854905,0.3460876786985964,37.6834780854905,1.6959688803630375,0.3460876786985964,ppk
1748026035.8414364,1.695968893690526,37.68347838623882,0.39709018201314045,37.68347838623882,1.695968893690526,0.39709018201314045,ppk
1748026035.9765651,1.695968893690526,37.68347838623882,0.39709018201314045,37.68347838623882,1.695968893690526,0.39709018201314045,ppk
1748026036.101915,1.695968893690526,37.68347838623882,0.39709018201314045,37.68347838623882,1.695968893690526,0.39709018201314045,ppk
1748026036.2123313,1.6959689276801146,37.683479122942245,0.5219909994889992,37.683479122942245,1.6959689276801146,0.5219909994889992,ppk
1748026036.3410838,1.6959689276801146,37.683479122942245,0.5219909994889992,37.683479122942245,1.6959689276801146,0.5219909994889992,ppk
1748026036.493806,1.6959689423443585,37.683479462130634,0.5794861168518552,37.683479462130634,1.6959689423443585,0.5794861168518552,ppk
1748026036.6213226,1.6959689423443585,37.683479462130634,0.5794861168518552,37.683479462130634,1.6959689423443585,0.5794861168518552,ppk
1748026036.7849245,1.6959725482013335,38.281630121080994,0.6113886885421557,38.281630121080994,1.6959725482013335,0.6113886885421557,ppk
1748026036.8816884,1.6959725482013335,38.281630121080994,0.6113886885421557,38.281630121080994,1.6959725482013335,0.6113886885421557,ppk
1748026037.0271041,1.695972548849176,38.281630150847626,0.61638594240923,38.281630150847626,1.695972548849176,0.61638594240923,ppk
1748026037.1917918,1.69597255618992,38.28163032517698,0.6454844526802482,38.28163032517698,1.69597255618992,0.6454844526802482,ppk
1748026037.3020728,1.69597255618992,38.28163032517698,0.6454844526802482,38.28163032517698,1.69597255618992,0.6454844526802482,ppk
1748026037.446777,1.6959762262359885,38.879781184159484,0.7087819271571659,38.879781184159484,1.6959762262359885,0.7087819271571659,ppk
1748026037.5713892,1.6959762262359885,38.879781184159484,0.7087819271571659,38.879781184159484,1.6959762262359885,0.7087819271571659,ppk
1748026037.7083263,1.695976246841068,38.87978165154852,0.785579412558736,38.87978165154852,1.695976246841068,0.785579412558736,ppk
1748026037.8168619,1.695976246841068,38.87978165154852,0.785579412558736,38.87978165154852,1.695976246841068,0.785579412558736,ppk
1748026037.999357,1.695979978301131,39.47793264703755,0.8678816527837588,39.47793264703755,1.695979978301131,0.8678816527837588,ppk
1748026038.1031878,1.695979978301131,39.47793264703755,0.8678816527837588,39.47793264703755,1.695979978301131,0.8678816527837588,ppk
1748026038.2143588,1.6959799766764083,39.47793260759414,0.8614805908707224,39.47793260759414,1.6959799766764083,0.8614805908707224,ppk
1748026038.3795028,1.695979976762067,39.47793260797515,0.8615797728305886,39.47793260797515,1.695979976762067,0.8615797728305886,ppk
1748026038.4756255,1.695979976762067,39.47793260797515,0.8615797728305886,39.47793260797515,1.695979976762067,0.8615797728305886,ppk
1748026038.6224716,1.2720195939555399,40.07608595683553,0.8878746707447625,40.07608595683553,1.2720195939555399,0.8878746707447625,ppk
1748026038.7636542,1.2720195939555399,40.07608595683553,0.8878746707447625,40.07608595683553,1.2720195939555399,0.8878746707447625,ppk
1748026038.8941534,1.272019603379257,40.07608626739725,0.9373741829336139,40.07608626739725,1.272019603379257,0.9373741829336139,ppk
1748026039.0411673,1.272019603379257,40.07608626739725,0.9373741829336139,40.07608626739725,1.272019603379257,0.9373741829336139,ppk
1748026039.1392646,1.2720234633199998,40.674237964576385,1.118972881344725,40.674237964576385,1.2720234633199998,1.118972881344725,ppk
1748026039.285108,1.2720234633199998,40.674237964576385,1.118972881344725,40.674237964576385,1.2720234633199998,1.118972881344725,ppk
1748026039.4286985,1.2720234866976672,40.67423872915672,1.239074809726523,40.67423872915672,1.2720234866976672,1.239074809726523,ppk
1748026039.5575652,1.272027389518831,41.272389997924776,1.3472710466122628,41.272389997924776,1.272027389518831,1.3472710466122628,ppk
1748026039.6624868,1.272027389518831,41.272389997924776,1.3472710466122628,41.272389997924776,1.272027389518831,1.3472710466122628,ppk
1748026039.823573,1.272027409512437,41.27239068778315,1.4540673121939722,41.27239068778315,1.272027409512437,1.4540673121939722,ppk
1748026039.9744902,1.272027409512437,41.27239068778315,1.4540673121939722,41.27239068778315,1.272027409512437,1.4540673121939722,ppk
1748026040.0907376,1.272027409512437,41.27239068778315,1.4540673121939722,41.27239068778315,1.272027409512437,1.4540673121939722,ppk
1748026040.2230637,0.8480671761824106,41.870545311022646,1.6407624027709184,41.870545311022646,0.8480671761824106,1.6407624027709184,ppk
1748026040.3480084,0.8480671761824106,41.870545311022646,1.6407624027709184,41.870545311022646,0.8480671761824106,1.6407624027709184,ppk
1748026040.5054288,0.8480711925562217,42.46869711959963,1.815456330790666,42.46869711959963,0.8480711925562217,1.815456330790666,ppk
1748026040.606313,0.8480711925562217,42.46869711959963,1.815456330790666,42.46869711959963,0.8480711925562217,1.815456330790666,ppk
1748026040.7460032,0.42411103519352383,43.066851657711744,1.9614560916057908,43.066851657711744,0.42411103519352383,1.9614560916057908,ppk
1748026040.8540282,0.42411103519352383,43.066851657711744,1.9614560916057908,43.066851657711744,0.42411103519352383,1.9614560916057908,ppk
1748026041.0048158,0.42411104626997137,43.06685282926622,2.1352536993488354,43.06685282926622,0.42411104626997137,2.1352536993488354,ppk
1748026041.1200643,0.42411104626997137,43.06685282926622,2.1352536993488354,43.06685282926622,0.42411104626997137,2.1352536993488354,ppk
1748026041.3256485,0.0001509138484811974,43.6650074463895,2.2746539515793947,43.6650074463895,0.0001509138484811974,2.2746539515793947,ppk
1748026041.463495,0.00015507675279139652,44.26315898324077,2.3828499077422807,44.26315898324077,0.00015507675279139652,2.3828499077422807,ppk
1748026041.6148396,0.00015507675279139652,44.26315898324077,2.3828499077422807,44.26315898324077,0.00015507675279139652,2.3828499077422807,ppk
1748026041.732108,0.00015929596829014666,44.86131082613205,2.5318401820609084,44.86131082613205,0.00015929596829014666,2.5318401820609084,ppk
1748026041.8344524,0.00015929596829014666,44.86131082613205,2.5318401820609084,44.86131082613205,0.00015929596829014666,2.5318401820609084,ppk
1748026041.9448442,0.00015929596829014666,44.86131082613205,2.5318401820609084,44.86131082613205,0.00015929596829014666,2.5318401820609084,ppk
1748026042.1064534,-0.4238006990886753,45.45946535146869,2.625036622635834,45.45946535146869,-0.4238006990886753,2.625036622635834,ppk
1748026042.2160585,-0.4238006990886753,45.45946535146869,2.625036622635834,45.45946535146869,-0.4238006990886753,2.625036622635834,ppk
1748026042.3530116,-0.4238007070182605,45.459466185459945,2.742239381974812,45.459466185459945,-0.4238007070182605,2.742239381974812,ppk
1748026042.4680915,-0.42379200366211917,46.65577003241624,3.0305303189627084,46.65577003241624,-0.42379200366211917,3.0305303189627084,ppk
1748026042.61059,-0.42379200366211917,46.65577003241624,3.0305303189627084,46.65577003241624,-0.42379200366211917,3.0305303189627084,ppk
1748026042.7241507,-0.423787567508908,47.253921986014824,3.173325300387272,47.253921986014824,-0.423787567508908,3.173325300387272,ppk
1748026042.8684587,-0.423787567508908,47.253921986014824,3.173325300387272,47.253921986014824,-0.423787567508908,3.173325300387272,ppk
1748026043.0131917,-0.4237875753931087,47.25392291665886,3.2991263859497324,47.25392291665886,-0.4237875753931087,3.2991263859497324,ppk
1748026043.128755,-0.4237875753931087,47.25392291665886,3.2991263859497324,47.25392291665886,-0.4237875753931087,3.2991263859497324,ppk
1748026043.2743542,-0.8477473973807156,47.85207763990786,3.377719915217717,47.85207763990786,-0.8477473973807156,3.377719915217717,ppk
1748026043.4337063,-0.8477473973807156,47.85207763990786,3.377719915217717,47.85207763990786,-0.8477473973807156,3.377719915217717,ppk
1748026043.568674,-0.8477382328805302,49.04838022183282,3.4612145656905238,49.04838022183282,-0.8477382328805302,3.4612145656905238,ppk
1748026043.6875403,-0.8477382328805302,49.04838022183282,3.4612145656905238,49.04838022183282,-0.8477382328805302,3.4612145656905238,ppk
1748026043.824939,-0.847733568023549,49.64653162451776,3.5158058931901897,49.64653162451776,-0.847733568023549,3.5158058931901897,ppk
1748026043.9389398,-0.847733568023549,49.64653162451776,3.5158058931901897,49.64653162451776,-0.847733568023549,3.5158058931901897,ppk
1748026044.1143267,-1.2716931984649,50.24468714082565,3.6634070428845553,50.24468714082565,-1.2716931984649,3.6634070428845553,ppk
1748026044.213654,-1.2716931984649,50.24468714082565,3.6634070428845553,50.24468714082565,-1.2716931984649,3.6634070428845553,ppk
1748026044.3458593,-1.6956527639704708,50.842841953477325,3.7089954730565777,50.842841953477325,-1.6956527639704708,3.7089954730565777,ppk
1748026044.4693644,-1.6956527639704708,50.842841953477325,3.7089954730565777,50.842841953477325,-1.6956527639704708,3.7089954730565777,ppk
1748026044.63044,-1.6956479255288062,51.44099316161954,3.724691979571885,51.44099316161954,-1.6956479255288062,3.724691979571885,ppk
1748026044.7702875,-1.6956479255288062,51.44099316161954,3.724691979571885,51.44099316161954,-1.6956479255288062,3.724691979571885,ppk
1748026044.9309318,-1.695643033453837,52.03914446557486,3.75178674453767,52.03914446557486,-1.695643033453837,3.75178674453767,ppk
1748026045.050009,-1.695643033453837,52.03914446557486,3.75178674453767,52.03914446557486,-1.695643033453837,3.75178674453767,ppk
1748026045.161027,-2.119602474462325,52.63730039268555,3.9105875652678495,52.63730039268555,-2.119602474462325,3.9105875652678495,ppk
1748026045.2831993,-2.119602474462325,52.63730039268555,3.9105875652678495,52.63730039268555,-2.119602474462325,3.9105875652678495,ppk
1748026045.4184165,-2.5435618665161113,53.23545612109408,4.03237810779367,53.23545612109408,-2.5435618665161113,4.03237810779367,ppk
1748026045.5483434,-2.5435618665161113,53.23545612109408,4.03237810779367,53.23545612109408,-2.5435618665161113,4.03237810779367,ppk
1748026045.6897914,-2.5435568488300997,53.833608399449474,4.16127171654318,53.833608399449474,-2.5435568488300997,4.16127171654318,ppk
1748026045.8152092,-2.5435568488300997,53.833608399449474,4.16127171654318,53.833608399449474,-2.5435568488300997,4.16127171654318,ppk
1748026045.963777,-2.9675161541406836,54.43176433715685,4.2880670029995835,54.43176433715685,-2.9675161541406836,4.2880670029995835,ppk
1748026046.0987754,-2.9675161541406836,54.43176433715685,4.2880670029995835,54.43176433715685,-2.9675161541406836,4.2880670029995835,ppk
1748026046.212203,-3.391470184545165,55.628071773840794,4.424759978844316,55.628071773840794,-3.391470184545165,4.424759978844316,ppk
1748026046.3833127,-3.815434570734782,55.6280754674233,4.420159213160953,55.6280754674233,-3.815434570734782,4.420159213160953,ppk
1748026046.468069,-3.815434570734782,55.6280754674233,4.420159213160953,55.6280754674233,-3.815434570734782,4.420159213160953,ppk
1748026046.6670163,-3.8154292608786093,56.226226611500664,4.39685380639042,56.226226611500664,-3.8154292608786093,4.39685380639042,ppk
1748026046.7785256,-3.8154292608786093,56.226226611500664,4.39685380639042,56.226226611500664,-3.8154292608786093,4.39685380639042,ppk
1748026046.8784266,-3.8154292608786093,56.226226611500664,4.39685380639042,56.226226611500664,-3.8154292608786093,4.39685380639042,ppk
1748026047.055014,-4.2393828688078266,57.422532916318985,4.369842472253302,57.422532916318985,-4.2393828688078266,4.369842472253302,ppk
1748026047.165618,-4.2393828688078266,57.422532916318985,4.369842472253302,57.422532916318985,-4.2393828688078266,4.369842472253302,ppk
1748026047.2927139,-4.663341789439716,58.0206882305179,4.373735390587874,58.0206882305179,-4.663341789439716,4.373735390587874,ppk
1748026047.4280226,-4.663341789439716,58.0206882305179,4.373735390587874,58.0206882305179,-4.663341789439716,4.373735390587874,ppk
1748026047.5526562,-4.663336273667182,58.618839736379414,4.3825342523627615,58.618839736379414,-4.663336273667182,4.3825342523627615,ppk
1748026047.6879206,-4.663336273667182,58.618839736379414,4.3825342523627615,58.618839736379414,-4.663336273667182,4.3825342523627615,ppk
1748026047.8013682,-5.087289395185415,59.81514602755233,4.321121473222476,59.81514602755233,-5.087289395185415,4.321121473222476,ppk
1748026047.992484,-5.511248022202359,60.41330087960123,4.251016614742762,60.41330087960123,-5.511248022202359,4.251016614742762,ppk
1748026048.0778594,-5.511248022202359,60.41330087960123,4.251016614742762,60.41330087960123,-5.511248022202359,4.251016614742762,ppk
1748026048.2138164,-5.511242215598828,61.011451732599085,4.183910406724156,61.011451732599085,-5.511242215598828,4.183910406724156,ppk
1748026048.356496,-5.511242215598828,61.011451732599085,4.183910406724156,61.011451732599085,-5.511242215598828,4.183910406724156,ppk
1748026048.490983,-5.93520076458139,61.609607169902375,4.1647010993822,61.609607169902375,-5.93520076458139,4.1647010993822,ppk
1748026048.6251104,-5.93520076458139,61.609607169902375,4.1647010993822,61.609607169902375,-5.93520076458139,4.1647010993822,ppk
1748026048.740966,-5.935183068991203,63.40406239532497,4.229983531883489,63.40406239532497,-5.935183068991203,4.229983531883489,ppk
1748026048.9013207,-5.935183068991203,63.40406239532497,4.229983531883489,63.40406239532497,-5.935183068991203,4.229983531883489,ppk
1748026049.0093105,-6.359141473346555,64.00221885619979,4.293179062205625,64.00221885619979,-6.359141473346555,4.293179062205625,ppk
1748026049.152829,-6.359141473346555,64.00221885619979,4.293179062205625,64.00221885619979,-6.359141473346555,4.293179062205625,ppk
1748026049.2896874,-6.359129387191358,65.19852352685255,4.441566319396053,65.19852352685255,-6.359129387191358,4.441566319396053,ppk
1748026049.43912,-6.359129387191358,65.19852352685255,4.441566319396053,65.19852352685255,-6.359129387191358,4.441566319396053,ppk
1748026049.581804,-6.7830876872065575,65.79668063689904,4.548562008202697,65.79668063689904,-6.7830876872065575,4.548562008202697,ppk
1748026049.6971347,-6.7830876872065575,65.79668063689904,4.548562008202697,65.79668063689904,-6.7830876872065575,4.548562008202697,ppk
1748026049.8177752,-6.783081557008287,66.39483353075146,4.669054477542122,66.39483353075146,-6.783081557008287,4.669054477542122,ppk
1748026049.9757438,-6.783081557008287,66.39483353075146,4.669054477542122,66.39483353075146,-6.783081557008287,4.669054477542122,ppk
1748026050.0948825,-7.207033503987192,67.59114354277,4.874035669056472,67.59114354277,-7.207033503987192,4.874035669056472,ppk
1748026050.216827,-7.207033503987192,67.59114354277,4.874035669056472,67.59114354277,-7.207033503987192,4.874035669056472,ppk
1748026050.3485653,-7.207020661369088,68.78744764342969,4.936728894439938,68.78744764342969,-7.207020661369088,4.936728894439938,ppk
1748026050.4864466,-7.207020661369088,68.78744764342969,4.936728894439938,68.78744764342969,-7.207020661369088,4.936728894439938,ppk
1748026050.6393552,-7.630978576923173,69.38560434788229,4.967018258367511,69.38560434788229,-7.630978576923173,4.967018258367511,ppk
1748026050.7349925,-7.630978576923173,69.38560434788229,4.967018258367511,69.38560434788229,-7.630978576923173,4.967018258367511,ppk
1748026050.8800766,-8.054929783388445,70.5819129381404,4.996904230604306,70.5819129381404,-8.054929783388445,4.996904230604306,ppk
1748026051.0159502,-8.054929783388445,70.5819129381404,4.996904230604306,70.5819129381404,-8.054929783388445,4.996904230604306,ppk
1748026051.1481395,-8.478887536255158,71.18006986902134,5.028200449029713,71.18006986902134,-8.478887536255158,5.028200449029713,ppk
1748026051.3098447,-8.478887536255158,71.18006986902134,5.028200449029713,71.18006986902134,-8.478887536255158,5.028200449029713,ppk
1748026051.4237623,-8.902845241151443,71.7782269178577,5.062388124344793,71.7782269178577,-8.902845241151443,5.062388124344793,ppk
1748026051.667293,-8.902838461662832,72.37637917379007,5.09458505064847,72.37637917379007,-8.902838461662832,5.09458505064847,ppk
1748026051.684064,-8.902838461662832,72.37637917379007,5.09458505064847,72.37637917379007,-8.902838461662832,5.09458505064847,ppk
1748026051.831939,-8.902838461662832,72.37637917379007,5.09458505064847,72.37637917379007,-8.902838461662832,5.09458505064847,ppk
1748026051.949542,-9.750753525159045,73.572693027363,5.111072525023102,73.572693027363,-9.750753525159045,5.111072525023102,ppk
1748026052.1096988,-9.750753525159045,73.572693027363,5.111072525023102,73.572693027363,-9.750753525159045,5.111072525023102,ppk
1748026052.2236981,-10.174703909710765,74.76900200162669,5.1114547026347985,74.76900200162669,-10.174703909710765,5.1114547026347985,ppk
1748026052.3542762,-10.174703909710765,74.76900200162669,5.1114547026347985,74.76900200162669,-10.174703909710765,5.1114547026347985,ppk
1748026052.4961045,-10.174696816520424,75.36715412619893,5.120648725110101,75.36715412619893,-10.174696816520424,5.120648725110101,ppk
1748026052.6253653,-10.598654079741372,75.96531122933487,5.119641498767328,75.96531122933487,-10.598654079741372,5.119641498767328,ppk
1748026052.7442012,-10.598654079741372,75.96531122933487,5.119641498767328,75.96531122933487,-10.598654079741372,5.119641498767328,ppk
1748026052.8863673,-11.446568418815376,77.16162556057118,5.108021385622683,77.16162556057118,-11.446568418815376,5.108021385622683,ppk
1748026053.0066907,-11.446568418815376,77.16162556057118,5.108021385622683,77.16162556057118,-11.446568418815376,5.108021385622683,ppk
1748026053.1470447,-11.87052559606782,77.75978345325201,5.152218068979172,77.75978345325201,-11.87052559606782,5.152218068979172,ppk
1748026053.2797265,-11.87052559606782,77.75978345325201,5.152218068979172,77.75978345325201,-11.87052559606782,5.152218068979172,ppk
1748026053.4100742,-12.294475329509462,78.95609401894926,5.225498185551655,78.95609401894926,-12.294475329509462,5.225498185551655,ppk
1748026053.5642478,-12.294475329509462,78.95609401894926,5.225498185551655,78.95609401894926,-12.294475329509462,5.225498185551655,ppk
1748026053.6948705,-12.294468036803956,79.55424761748091,5.335590558222548,79.55424761748091,-12.294468036803956,5.335590558222548,ppk
1748026053.8342533,-12.294468036803956,79.55424761748091,5.335590558222548,79.55424761748091,-12.294468036803956,5.335590558222548,ppk
1748026053.9479785,-12.294468036803956,79.55424761748091,5.335590558222548,79.55424761748091,-12.294468036803956,5.335590558222548,ppk
1748026054.0991821,-13.142367169810862,81.9468727353719,5.738459320165982,81.9468727353719,-13.142367169810862,5.738459320165982,ppk
1748026054.2000082,-13.142367169810862,81.9468727353719,5.738459320165982,81.9468727353719,-13.142367169810862,5.738459320165982,ppk
1748026054.3454165,-13.566324104556811,82.54503216471528,5.8571564815967765,82.54503216471528,-13.566324104556811,5.8571564815967765,ppk
1748026054.4690378,-13.566324104556811,82.54503216471528,5.8571564815967765,82.54503216471528,-13.566324104556811,5.8571564815967765,ppk
1748026054.6234453,-13.99028092160924,83.14319124753841,5.941345805349605,83.14319124753841,-13.99028092160924,5.941345805349605,ppk
1748026054.7530317,-13.99028092160924,83.14319124753841,5.941345805349605,83.14319124753841,-13.99028092160924,5.941345805349605,ppk
1748026054.883524,-13.99028092160924,83.14319124753841,5.941345805349605,83.14319124753841,-13.99028092160924,5.941345805349605,ppk
1748026054.9979546,-13.99028092160924,83.14319124753841,5.941345805349605,83.14319124753841,-13.99028092160924,5.941345805349605,ppk
1748026055.1579854,-13.99028092160924,83.14319124753841,5.941345805349605,83.14319124753841,-13.99028092160924,5.941345805349605,ppk
1748026055.2790165,-13.99028092160924,83.14319124753841,5.941345805349605,83.14319124753841,-13.99028092160924,5.941345805349605,ppk
1748026055.428694,-13.99028092160924,83.14319124753841,5.941345805349605,83.14319124753841,-13.99028092160924,5.941345805349605,ppk
1748026055.5484986,-13.99028092160924,83.14319124753841,5.941345805349605,83.14319124753841,-13.99028092160924,5.941345805349605,ppk
1748026055.6731298,-15.68606641260494,88.52659111799775,6.230667723286649,88.52659111799775,-15.68606641260494,6.230667723286649,ppk
1748026055.811785,-15.68606641260494,88.52659111799775,6.230667723286649,88.52659111799775,-15.68606641260494,6.230667723286649,ppk
1748026055.9711475,-16.11002258477409,89.12475019108128,6.26286202403705,89.12475019108128,-16.11002258477409,6.26286202403705,ppk
1748026056.141575,-16.11002258477409,89.12475019108128,6.26286202403705,89.12475019108128,-16.11002258477409,6.26286202403705,ppk
1748026056.2365458,-16.11000564539695,90.32105585660315,6.283642952936528,90.32105585660315,-16.11000564539695,6.283642952936528,ppk
1748026056.3551354,-16.11000564539695,90.32105585660315,6.283642952936528,90.32105585660315,-16.11000564539695,6.283642952936528,ppk
1748026056.498359,-16.533961641439877,90.91921504785473,6.311831624531047,90.91921504785473,-16.533961641439877,6.311831624531047,ppk
1748026056.6093845,-16.533961641439877,90.91921504785473,6.311831624531047,90.91921504785473,-16.533961641439877,6.311831624531047,ppk
1748026056.7865772,-16.957908909383036,92.11552719561564,6.346817034700067,92.11552719561564,-16.957908909383036,6.346817034700067,ppk
1748026056.9205298,-16.957908909383036,92.11552719561564,6.346817034700067,92.11552719561564,-16.957908909383036,6.346817034700067,ppk
1748026057.0440507,-16.95788261362038,93.90998621571752,6.3942915209635505,93.90998621571752,-16.95788261362038,6.3942915209635505,ppk
1748026057.169655,-17.381838236414055,94.50814551416957,6.406274966545161,94.50814551416957,-17.381838236414055,6.406274966545161,ppk
1748026057.284911,-17.381838236414055,94.50814551416957,6.406274966545161,94.50814551416957,-17.381838236414055,6.406274966545161,ppk
1748026057.42562,-17.381820227932273,95.70445117017368,6.407363420202861,95.70445117017368,-17.381820227932273,6.407363420202861,ppk
1748026057.5668743,-17.381820227932273,95.70445117017368,6.407363420202861,95.70445117017368,-17.381820227932273,6.407363420202861,ppk
1748026057.6806421,-17.381811136147324,96.30260398082606,6.406751709849193,96.30260398082606,-17.381811136147324,6.406751709849193,ppk
1748026057.8394895,-17.381811136147324,96.30260398082606,6.406751709849193,96.30260398082606,-17.381811136147324,6.406751709849193,ppk
1748026057.9647322,-17.381774197782054,98.69521520082246,6.402915760269099,98.69521520082246,-17.381774197782054,6.402915760269099,ppk
1748026058.0879335,-17.381774197782054,98.69521520082246,6.402915760269099,98.69521520082246,-17.381774197782054,6.402915760269099,ppk
1748026058.215907,-17.80572931693498,99.29337459091283,6.396900987140897,99.29337459091283,-17.80572931693498,6.396900987140897,ppk
1748026058.3394327,-17.80572931693498,99.29337459091283,6.396900987140897,99.29337459091283,-17.80572931693498,6.396900987140897,ppk
1748026058.4811718,-17.805710384197837,100.48968021873931,6.391183126034858,100.48968021873931,-17.805710384197837,6.391183126034858,ppk
1748026058.6630151,-17.805710384197837,100.48968021873931,6.391183126034858,100.48968021873931,-17.805710384197837,6.391183126034858,ppk
1748026058.7713735,-17.805710384197837,100.48968021873931,6.391183126034858,100.48968021873931,-17.805710384197837,6.391183126034858,ppk
1748026058.89277,-17.381697288914893,103.48043578226519,6.281036764830231,103.48043578226519,-17.381697288914893,6.281036764830231,ppk
1748026059.0162883,-17.381697288914893,103.48043578226519,6.281036764830231,103.48043578226519,-17.381697288914893,6.281036764830231,ppk
1748026059.1717947,-16.95772278975214,104.07858057050278,6.217528741708963,104.07858057050278,-16.95772278975214,6.217528741708963,ppk
1748026059.2816615,-16.95772278975214,104.07858057050278,6.217528741708963,104.07858057050278,-16.95772278975214,6.217528741708963,ppk
1748026059.4227433,-16.957702831059933,105.2748852604039,6.1669109967761315,105.2748852604039,-16.957702831059933,6.1669109967761315,ppk
1748026059.5720673,-16.957702831059933,105.2748852604039,6.1669109967761315,105.2748852604039,-16.957702831059933,6.1669109967761315,ppk
1748026059.70155,-16.10974368655132,107.06932920497425,6.169584184916949,107.06932920497425,-16.10974368655132,6.169584184916949,ppk
1748026059.8176186,-16.10974368655132,107.06932920497425,6.169584184916949,107.06932920497425,-16.10974368655132,6.169584184916949,ppk
1748026059.9651034,-16.1097233539686,108.2656349418294,6.192162292157531,108.2656349418294,-16.1097233539686,6.192162292157531,ppk
1748026060.071963,-16.1097233539686,108.2656349418294,6.192162292157531,108.2656349418294,-16.1097233539686,6.192162292157531,ppk
1748026060.2303777,-15.68574859438506,108.86378044911092,6.200057238654515,108.86378044911092,-15.68574859438506,6.200057238654515,ppk
1748026060.3297665,-15.68574859438506,108.86378044911092,6.200057238654515,108.86378044911092,-15.68574859438506,6.200057238654515,ppk
1748026060.4672256,-15.261742279779682,111.25638259934038,6.145917016032393,111.25638259934038,-15.261742279779682,6.145917016032393,ppk
1748026060.6258495,-15.261742279779682,111.25638259934038,6.145917016032393,111.25638259934038,-15.261742279779682,6.145917016032393,ppk
1748026060.769818,-14.83776716124834,111.85452723309837,6.1200057803476895,111.85452723309837,-14.83776716124834,6.1200057803476895,ppk
1748026060.873039,-14.83776716124834,111.85452723309837,6.1200057803476895,111.85452723309837,-14.83776716124834,6.1200057803476895,ppk
1748026061.0257187,-14.413781316778671,113.05082432991317,6.096281169752756,113.05082432991317,-14.413781316778671,6.096281169752756,ppk
1748026061.1510165,-14.413781316778671,113.05082432991317,6.096281169752756,113.05082432991317,-14.413781316778671,6.096281169752756,ppk
1748026061.2862802,-13.989806025539304,113.64896867838083,6.066272723699241,113.64896867838083,-13.989806025539304,6.066272723699241,ppk
1748026061.4741073,-13.565819841227029,114.84526542027058,6.0393510047720556,114.84526542027058,-13.565819841227029,6.0393510047720556,ppk
1748026061.596714,-13.565819841227029,114.84526542027058,6.0393510047720556,114.84526542027058,-13.565819841227029,6.0393510047720556,ppk
1748026061.7394745,-12.29389338579662,116.6396981904348,5.983626498930119,116.6396981904348,-12.29389338579662,5.983626498930119,ppk
1748026061.857953,-12.29389338579662,116.6396981904348,5.983626498930119,116.6396981904348,-12.29389338579662,5.983626498930119,ppk
1748026062.009903,-11.869906656171361,117.8359944687256,5.961403814319659,117.8359944687256,-11.869906656171361,5.961403814319659,ppk
1748026062.1023717,-11.869906656171361,117.8359944687256,5.961403814319659,117.8359944687256,-11.869906656171361,5.961403814319659,ppk
1748026062.22368,-11.445930919982976,118.4341381222384,5.926092322005141,118.4341381222384,-11.445930919982976,5.926092322005141,ppk
1748026062.3395934,-11.445930919982976,118.4341381222384,5.926092322005141,118.4341381222384,-11.445930919982976,5.926092322005141,ppk
1748026062.498281,-10.17400343683856,120.22856897148542,5.842061331562074,120.22856897148542,-10.17400343683856,5.842061331562074,ppk
1748026062.6159794,-10.17400343683856,120.22856897148542,5.842061331562074,120.22856897148542,-10.17400343683856,5.842061331562074,ppk
1748026062.7538466,-9.750015997780652,121.42486402544243,5.791242862327321,121.42486402544243,-9.750015997780652,5.791242862327321,ppk
1748026062.8986433,-9.750015997780652,121.42486402544243,5.791242862327321,121.42486402544243,-9.750015997780652,5.791242862327321,ppk
1748026063.0475445,-9.326028337250449,122.62115887269835,5.739020332365337,122.62115887269835,-9.326028337250449,5.739020332365337,ppk
1748026063.1752822,-9.326028337250449,122.62115887269835,5.739020332365337,122.62115887269835,-9.326028337250449,5.739020332365337,ppk
1748026063.2790701,-8.478087666824766,123.21929307541734,5.674106750698748,123.21929307541734,-8.478087666824766,5.674106750698748,ppk
1748026063.418957,-8.478087666824766,123.21929307541734,5.674106750698748,123.21929307541734,-8.478087666824766,5.674106750698748,ppk
1748026063.5564525,-7.630123283400454,125.0137289430379,5.516876919113121,125.0137289430379,-7.630123283400454,5.516876919113121,ppk
1748026063.6820178,-7.630123283400454,125.0137289430379,5.516876919113121,125.0137289430379,-7.630123283400454,5.516876919113121,ppk
1748026063.812906,-6.782170526889261,126.21001470697668,5.4702540176334535,126.21001470697668,-6.782170526889261,5.4702540176334535,ppk
1748026063.9568655,-6.782170526889261,126.21001470697668,5.4702540176334535,126.21001470697668,-6.782170526889261,5.4702540176334535,ppk
1748026064.1041589,-6.358182034540237,127.40630917792716,5.448425901888195,127.40630917792716,-6.358182034540237,5.448425901888195,ppk
1748026064.2640731,-5.086252257458188,129.2007391404381,5.493793535625519,129.2007391404381,-5.086252257458188,5.493793535625519,ppk
1748026064.3548894,-5.086252257458188,129.2007391404381,5.493793535625519,129.2007391404381,-5.086252257458188,5.493793535625519,ppk
1748026064.5254035,-5.086252257458188,129.2007391404381,5.493793535625519,129.2007391404381,-5.086252257458188,5.493793535625519,ppk
1748026064.612564,-4.662263248107861,130.39703440252464,5.536570459367159,130.39703440252464,-4.662263248107861,5.536570459367159,ppk
1748026064.7338254,-4.662263248107861,130.39703440252464,5.536570459367159,130.39703440252464,-4.662263248107861,5.536570459367159,ppk
1748026064.8993304,-3.8143219654641953,130.9951689063531,5.563559216647492,130.9951689063531,-3.8143219654641953,5.563559216647492,ppk
1748026065.028264,-3.3903325814058047,132.19146301654794,5.566929897552696,132.19146301654794,-3.3903325814058047,5.566929897552696,ppk
1748026065.1342885,-3.3903325814058047,132.19146301654794,5.566929897552696,132.19146301654794,-3.3903325814058047,5.566929897552696,ppk
1748026065.295053,-2.9663429646053436,133.38775672343527,5.558604463226286,133.38775672343527,-2.9663429646053436,5.558604463226286,ppk
1748026065.3943918,-2.9663429646053436,133.38775672343527,5.558604463226286,133.38775672343527,-2.9663429646053436,5.558604463226286,ppk
1748026065.5697148,-1.694411425808043,135.18218374705882,5.564068006765213,135.18218374705882,-1.694411425808043,5.564068006765213,ppk
1748026065.6746848,-1.694411425808043,135.18218374705882,5.564068006765213,135.18218374705882,-1.694411425808043,5.564068006765213,ppk
1748026065.8228385,-0.8464567832407806,136.37846863681588,5.5961472444208775,136.37846863681588,-0.8464567832407806,5.5961472444208775,ppk
1748026065.9461057,-0.8464567832407806,136.37846863681588,5.5961472444208775,136.37846863681588,-0.8464567832407806,5.5961472444208775,ppk
1748026066.0729952,-0.8464567832407806,136.37846863681588,5.5961472444208775,136.37846863681588,-0.8464567832407806,5.5961472444208775,ppk
1748026066.2408118,0.4254756248154016,138.17289643539672,5.692506131139493,138.17289643539672,0.4254756248154016,5.692506131139493,ppk
1748026066.3426816,0.4254756248154016,138.17289643539672,5.692506131139493,138.17289643539672,0.4254756248154016,5.692506131139493,ppk
1748026066.489223,0.8494532160555218,138.77103879630872,5.720493002828899,138.77103879630872,0.8494532160555218,5.720493002828899,ppk
1748026066.6166716,0.8494532160555218,138.77103879630872,5.720493002828899,138.77103879630872,0.8494532160555218,5.720493002828899,ppk
1748026066.759822,0.8494532160555218,138.77103879630872,5.720493002828899,138.77103879630872,0.8494532160555218,5.720493002828899,ppk
1748026066.9005823,2.121399664869925,141.16361451679148,5.721638106680832,141.16361451679148,2.121399664869925,5.721638106680832,ppk
1748026067.0432138,2.121399664869925,141.16361451679148,5.721638106680832,141.16361451679148,2.121399664869925,5.721638106680832,ppk
1748026067.1386101,3.3933334860175073,142.9580396247082,5.773698791806531,142.9580396247082,3.3933334860175073,5.773698791806531,ppk
1748026067.2774596,3.3933334860175073,142.9580396247082,5.773698791806531,142.9580396247082,3.3933334860175073,5.773698791806531,ppk
1748026067.4196565,4.241289659329654,144.15432255183413,5.8042729067635666,144.15432255183413,4.241289659329654,5.8042729067635666,ppk
1748026067.5420907,4.241289659329654,144.15432255183413,5.8042729067635666,144.15432255183413,4.241289659329654,5.8042729067635666,ppk
1748026067.7300103,4.665267829248102,144.75246375829272,5.813360953711575,144.75246375829272,4.665267829248102,5.813360953711575,ppk
1748026067.8389416,4.665267829248102,144.75246375829272,5.813360953711575,144.75246375829272,4.665267829248102,5.813360953711575,ppk
1748026067.930915,6.361181019615254,147.14502605666732,5.774005818965296,147.14502605666732,6.361181019615254,5.774005818965296,ppk
1748026068.07043,6.361181019615254,147.14502605666732,5.774005818965296,147.14502605666732,6.361181019615254,5.774005818965296,ppk
1748026068.258878,6.785159430750544,147.7431659104858,5.741887085594206,147.7431659104858,6.785159430750544,5.741887085594206,ppk
1748026068.346576,6.785159430750544,147.7431659104858,5.741887085594206,147.7431659104858,6.785159430750544,5.741887085594206,ppk
1748026068.4632201,6.785159430750544,147.7431659104858,5.741887085594206,147.7431659104858,6.785159430750544,5.741887085594206,ppk
1748026068.6258214,8.481073738914052,150.1357267786105,5.7119296809137765,150.1357267786105,8.481073738914052,5.7119296809137765,ppk
1748026068.7582686,8.481073738914052,150.1357267786105,5.7119296809137765,150.1357267786105,8.481073738914052,5.7119296809137765,ppk
1748026068.890741,8.905052467644689,150.73386702202632,5.714219095527504,150.73386702202632,8.905052467644689,5.714219095527504,ppk
1748026069.037447,8.905052467644689,150.73386702202632,5.714219095527504,150.73386702202632,8.905052467644689,5.714219095527504,ppk
1748026069.183101,10.600967979368052,153.1264274339355,5.733255979039464,153.1264274339355,10.600967979368052,5.733255979039464,ppk
1748026069.261293,10.600967979368052,153.1264274339355,5.733255979039464,153.1264274339355,10.600967979368052,5.733255979039464,ppk
1748026069.3995407,11.024947016237538,153.72456754616726,5.746645740393909,153.72456754616726,11.024947016237538,5.746645740393909,ppk
1748026069.5451741,11.024947016237538,153.72456754616726,5.746645740393909,153.72456754616726,11.024947016237538,5.746645740393909,ppk
1748026069.6646311,11.872905239798335,154.92084720937842,5.759913356316358,154.92084720937842,11.872905239798335,5.759913356316358,ppk
1748026069.8168466,11.872905239798335,154.92084720937842,5.759913356316358,154.92084720937842,11.872905239798335,5.759913356316358,ppk
1748026069.9643435,13.144843039102783,156.7152664808462,5.794863126784672,156.7152664808462,13.144843039102783,5.794863126784672,ppk
1748026070.0614734,13.144843039102783,156.7152664808462,5.794863126784672,156.7152664808462,13.144843039102783,5.794863126784672,ppk
1748026070.19171,13.992801838331369,157.91154529974514,5.805833453708383,157.91154529974514,13.992801838331369,5.805833453708383,ppk
1748026070.3555174,13.992801838331369,157.91154529974514,5.805833453708383,157.91154529974514,13.992801838331369,5.805833453708383,ppk
1748026070.4737282,14.41679635717316,159.10783429595452,5.80940390084079,159.10783429595452,14.41679635717316,5.80940390084079,ppk
1748026070.6471345,15.26475556484962,160.30411204047584,5.799675060336387,160.30411204047584,15.26475556484962,5.799675060336387,ppk
1748026070.7636657,15.26475556484962,160.30411204047584,5.799675060336387,160.30411204047584,15.26475556484962,5.799675060336387,ppk
1748026070.8951855,15.26475556484962,160.30411204047584,5.799675060336387,160.30411204047584,15.26475556484962,5.799675060336387,ppk
1748026071.008323,16.536694744706676,162.09852751361277,5.764020226457395,162.09852751361277,16.536694744706676,5.764020226457395,ppk
1748026071.1701393,17.384654517253814,163.2948044956768,5.756388627888694,163.2948044956768,17.384654517253814,5.756388627888694,ppk
1748026071.3195355,17.384654517253814,163.2948044956768,5.756388627888694,163.2948044956768,17.384654517253814,5.756388627888694,ppk
1748026071.4212732,17.80865001817992,164.49109211896675,5.745858720888981,164.49109211896675,17.80865001817992,5.745858720888981,ppk
1748026071.5625734,17.80865001817992,164.49109211896675,5.745858720888981,164.49109211896675,17.80865001817992,5.745858720888981,ppk
1748026071.6723683,18.6565945110999,165.08921855773517,5.713843185959152,165.08921855773517,18.6565945110999,5.713843185959152,ppk
1748026071.815099,18.6565945110999,165.08921855773517,5.713843185959152,165.08921855773517,18.6565945110999,5.713843185959152,ppk
1748026071.9579499,19.928550696971033,167.48177998450285,5.629075523519766,167.48177998450285,19.928550696971033,5.629075523519766,ppk
1748026072.0933175,19.928550696971033,167.48177998450285,5.629075523519766,167.48177998450285,19.928550696971033,5.629075523519766,ppk
1748026072.2051573,20.35254692819422,168.67806639979335,5.602843370975303,168.67806639979335,20.35254692819422,5.602843370975303,ppk
1748026072.3835218,20.35254692819422,168.67806639979335,5.602843370975303,168.67806639979335,20.35254692819422,5.602843370975303,ppk
1748026072.4979787,21.20050792625898,169.87434172233563,5.594607310454255,169.87434172233563,21.20050792625898,5.594607310454255,ppk
1748026072.6182654,21.20050792625898,169.87434172233563,5.594607310454255,169.87434172233563,21.20050792625898,5.594607310454255,ppk
1748026072.7260084,22.472466317062583,172.26690451672027,5.636042792777411,172.26690451672027,22.472466317062583,5.636042792777411,ppk
1748026072.8790858,22.472466317062583,172.26690451672027,5.636042792777411,172.26690451672027,22.472466317062583,5.636042792777411,ppk
1748026073.0110197,22.896463568048507,173.463191017527,5.643203432713202,173.463191017527,22.896463568048507,5.643203432713202,ppk
1748026073.1606834,22.896463568048507,173.463191017527,5.643203432713202,173.463191017527,22.896463568048507,5.643203432713202,ppk
1748026073.2671614,22.896463568048507,173.463191017527,5.643203432713202,173.463191017527,22.896463568048507,5.643203432713202,ppk
1748026073.4181726,24.168406389471134,175.25760129022606,5.597854046904906,175.25760129022606,24.168406389471134,5.597854046904906,ppk
1748026073.570923,24.168406389471134,175.25760129022606,5.597854046904906,175.25760129022606,24.168406389471134,5.597854046904906,ppk
1748026073.697792,25.01636859155055,176.453874717991,5.579514928563937,176.453874717991,25.01636859155055,5.579514928563937,ppk
1748026073.8055396,25.01636859155055,176.453874717991,5.579514928563937,176.453874717991,25.01636859155055,5.579514928563937,ppk
1748026073.9448776,26.28832938349506,178.8464339565341,5.591543499547998,178.8464339565341,26.28832938349506,5.591543499547998,ppk
1748026074.0852675,26.28832938349506,178.8464339565341,5.591543499547998,178.8464339565341,26.28832938349506,5.591543499547998,ppk
1748026074.185158,27.136275325513097,179.44455851987703,5.593026159966727,179.44455851987703,27.136275325513097,5.593026159966727,ppk
1748026074.358091,27.984238434433557,180.6408315656832,5.601388743648942,180.6408315656832,27.984238434433557,5.601388743648942,ppk
1748026074.4694734,27.984238434433557,180.6408315656832,5.601388743648942,180.6408315656832,27.984238434433557,5.601388743648942,ppk
1748026074.5991523,27.984238434433557,180.6408315656832,5.601388743648942,180.6408315656832,27.984238434433557,5.601388743648942,ppk
1748026074.7360137,28.408237409591486,181.83711730878508,5.63824868311457,181.83711730878508,28.408237409591486,5.63824868311457,ppk
1748026074.9034266,30.104165091467877,184.22966387947838,5.720775803707222,184.22966387947838,30.104165091467877,5.720775803707222,ppk
1748026075.044939,30.104165091467877,184.22966387947838,5.720775803707222,184.22966387947838,30.104165091467877,5.720775803707222,ppk
1748026075.1496453,30.528164653229016,185.42594832973546,5.733739666565815,185.42594832973546,30.528164653229016,5.733739666565815,ppk
1748026075.2764225,30.528164653229016,185.42594832973546,5.733739666565815,185.42594832973546,30.528164653229016,5.733739666565815,ppk
1748026075.4317288,31.376111337538887,186.02407216741562,5.7539131651050255,186.02407216741562,31.376111337538887,5.7539131651050255,ppk
1748026075.532637,31.376111337538887,186.02407216741562,5.7539131651050255,186.02407216741562,31.376111337538887,5.7539131651050255,ppk
1748026075.6695983,31.80011132792496,187.22035675286503,5.783478169682963,187.22035675286503,31.80011132792496,5.783478169682963,ppk
1748026075.8280752,31.80011132792496,187.22035675286503,5.783478169682963,187.22035675286503,31.80011132792496,5.783478169682963,ppk
1748026075.9416904,33.496041255093814,189.6129013642642,5.887799552433353,189.6129013642642,33.496041255093814,5.887799552433353,ppk
1748026076.0804558,33.496041255093814,189.6129013642642,5.887799552433353,189.6129013642642,33.496041255093814,5.887799552433353,ppk
1748026076.2351043,33.920042116869745,190.80918630442866,5.94936142345655,190.80918630442866,33.920042116869745,5.94936142345655,ppk
1748026076.3268619,33.920042116869745,190.80918630442866,5.94936142345655,190.80918630442866,33.920042116869745,5.94936142345655,ppk
1748026076.4843266,34.768007725263224,192.00545818147225,6.009623746004693,192.00545818147225,34.768007725263224,6.009623746004693,ppk
1748026076.616996,35.19199070190447,192.6035944497548,6.054403218843886,192.6035944497548,35.19199070190447,6.054403218843886,ppk
1748026076.7563694,35.19199070190447,192.6035944497548,6.054403218843886,192.6035944497548,35.19199070190447,6.054403218843886,ppk
1748026076.8978825,36.46395790487057,194.99614764252868,6.094324402900624,194.99614764252868,36.46395790487057,6.094324402900624,ppk
1748026077.0549371,36.46395790487057,194.99614764252868,6.094324402900624,194.99614764252868,36.46395790487057,6.094324402900624,ppk
1748026077.184153,37.311924123884495,196.19241733848128,6.115378144585533,196.19241733848128,37.311924123884495,6.115378144585533,ppk
1748026077.2983065,37.311924123884495,196.19241733848128,6.115378144585533,196.19241733848128,37.311924123884495,6.115378144585533,ppk
1748026077.4248474,38.159890707731556,197.38868739502306,6.158236359497743,197.38868739502306,38.159890707731556,6.158236359497743,ppk
1748026077.5577912,38.159890707731556,197.38868739502306,6.158236359497743,197.38868739502306,38.159890707731556,6.158236359497743,ppk
1748026077.6782465,39.43184122934674,199.18309291298027,6.254776312742868,199.18309291298027,39.43184122934674,6.254776312742868,ppk
1748026077.8047829,39.43184122934674,199.18309291298027,6.254776312742868,199.18309291298027,39.43184122934674,6.254776312742868,ppk
1748026077.943776,39.855843760028485,200.37937509987023,6.27973779346682,200.37937509987023,39.855843760028485,6.27973779346682,ppk
1748026078.0582669,39.855843760028485,200.37937509987023,6.27973779346682,200.37937509987023,39.855843760028485,6.27973779346682,ppk
1748026078.2508228,40.70381089462898,201.57564277397273,6.278290988600213,201.57564277397273,40.70381089462898,6.278290988600213,ppk
1748026078.3612087,40.70381089462898,201.57564277397273,6.278290988600213,201.57564277397273,40.70381089462898,6.278290988600213,ppk
1748026078.4591353,40.70381089462898,201.57564277397273,6.278290988600213,201.57564277397273,40.70381089462898,6.278290988600213,ppk
1748026078.6256514,41.97576235227957,203.37004526625034,6.325924840614935,203.37004526625034,41.97576235227957,6.325924840614935,ppk
1748026078.735704,42.39976586933238,204.56632757481916,6.377588248575102,204.56632757481916,42.39976586933238,6.377588248575102,ppk
1748026078.8705692,42.39976586933238,204.56632757481916,6.377588248575102,204.56632757481916,42.39976586933238,6.377588248575102,ppk
1748026079.0148153,43.24773414058969,205.762595774908,6.424342838061192,205.762595774908,43.24773414058969,6.424342838061192,ppk
1748026079.139135,43.24773414058969,205.762595774908,6.424342838061192,205.762595774908,43.24773414058969,6.424342838061192,ppk
1748026079.2592006,44.09568290748643,206.36071584934035,6.445817364295374,206.36071584934035,44.09568290748643,6.445817364295374,ppk
1748026079.4176672,44.09568290748643,206.36071584934035,6.445817364295374,206.36071584934035,44.09568290748643,6.445817364295374,ppk
1748026079.5520494,45.367655399352984,208.75326279261935,6.47533275570385,208.75326279261935,45.367655399352984,6.47533275570385,ppk
1748026079.6654546,45.367655399352984,208.75326279261935,6.47533275570385,208.75326279261935,45.367655399352984,6.47533275570385,ppk
1748026079.7969444,46.21560461986826,209.351382967513,6.517802814430517,209.351382967513,46.21560461986826,6.517802814430517,ppk
1748026079.9479446,46.21560461986826,209.351382967513,6.517802814430517,209.351382967513,46.21560461986826,6.517802814430517,ppk
1748026080.0772674,46.21560461986826,209.351382967513,6.517802814430517,209.351382967513,46.21560461986826,6.517802814430517,ppk
1748026080.2448564,47.48757876366793,211.7439307300827,6.613211742546998,211.7439307300827,47.48757876366793,6.613211742546998,ppk
1748026080.340836,47.48757876366793,211.7439307300827,6.613211742546998,211.7439307300827,47.48757876366793,6.613211742546998,ppk
1748026080.4801147,47.91156364684345,212.3420642221582,6.644690485029396,212.3420642221582,47.91156364684345,6.644690485029396,ppk
1748026080.6011596,47.91156364684345,212.3420642221582,6.644690485029396,212.3420642221582,47.91156364684345,6.644690485029396,ppk
1748026080.7535794,49.18353928946663,214.73461218381658,6.780304863946734,214.73461218381658,49.18353928946663,6.780304863946734,ppk
1748026080.8880124,49.18353928946663,214.73461218381658,6.780304863946734,214.73461218381658,49.18353928946663,6.780304863946734,ppk
1748026081.0669365,50.03148960254136,215.33273321801525,6.880772510790746,215.33273321801525,50.03148960254136,6.880772510790746,ppk
1748026081.1794417,50.03148960254136,215.33273321801525,6.880772510790746,215.33273321801525,50.03148960254136,6.880772510790746,ppk
1748026081.295624,50.03148960254136,215.33273321801525,6.880772510790746,215.33273321801525,50.03148960254136,6.880772510790746,ppk
1748026081.3954773,51.30346657166936,217.72528034228318,7.028584748315111,217.72528034228318,51.30346657166936,7.028584748315111,ppk
1748026081.595367,51.30346657166936,217.72528034228318,7.028584748315111,217.72528034228318,51.30346657166936,7.028584748315111,ppk
1748026081.7170165,51.30346657166936,217.72528034228318,7.028584748315111,217.72528034228318,51.30346657166936,7.028584748315111,ppk
1748026081.8418603,52.57542302728395,219.5196775699811,7.095613497725024,219.5196775699811,52.57542302728395,7.095613497725024,ppk
1748026082.0186787,52.57542302728395,219.5196775699811,7.095613497725024,219.5196775699811,52.57542302728395,7.095613497725024,ppk
1748026082.0984786,52.57542302728395,219.5196775699811,7.095613497725024,219.5196775699811,52.57542302728395,7.095613497725024,ppk
1748026082.24308,53.84737983284103,221.31407333668844,7.140241585954623,221.31407333668844,53.84737983284103,7.140241585954623,ppk
1748026082.3676865,53.84737983284103,221.31407333668844,7.140241585954623,221.31407333668844,53.84737983284103,7.140241585954623,ppk
1748026082.4627047,54.27138663117293,222.51035136221762,7.159498804133179,222.51035136221762,54.27138663117293,7.159498804133179,ppk
1748026082.620857,54.27138663117293,222.51035136221762,7.159498804133179,222.51035136221762,54.27138663117293,7.159498804133179,ppk
1748026082.7519083,55.11933702468042,223.10846783311723,7.168465718892362,223.10846783311723,55.11933702468042,7.168465718892362,ppk
1748026082.9138002,56.39131596217649,225.5010071112116,7.18477378276393,225.5010071112116,56.39131596217649,7.18477378276393,ppk
1748026083.0148182,56.39131596217649,225.5010071112116,7.18477378276393,225.5010071112116,56.39131596217649,7.18477378276393,ppk
1748026083.1921759,57.239266658328006,226.09912302550603,7.1948463979263675,226.09912302550603,57.239266658328006,7.1948463979263675,ppk
1748026083.3509643,57.239266658328006,226.09912302550603,7.1948463979263675,226.09912302550603,57.239266658328006,7.1948463979263675,ppk
1748026083.480019,57.663274278624094,227.29539971703434,7.2029940961722465,227.29539971703434,57.663274278624094,7.2029940961722465,ppk
1748026083.582919,57.663274278624094,227.29539971703434,7.2029940961722465,227.29539971703434,57.663274278624094,7.2029940961722465,ppk
1748026083.720445,58.93523301169549,229.08979120578448,7.209922146113635,229.08979120578448,58.93523301169549,7.209922146113635,ppk
1748026083.8587587,58.93523301169549,229.08979120578448,7.209922146113635,229.08979120578448,58.93523301169549,7.209922146113635,ppk
1748026083.9751086,59.78320552334375,230.28605079067805,7.1865710642437985,230.28605079067805,59.78320552334375,7.1865710642437985,ppk
1748026084.0928168,59.78320552334375,230.28605079067805,7.1865710642437985,230.28605079067805,59.78320552334375,7.1865710642437985,ppk
1748026084.206145,59.78320552334375,230.28605079067805,7.1865710642437985,230.28605079067805,59.78320552334375,7.1865710642437985,ppk
1748026084.3414035,60.20721344639653,231.48232483216242,7.1425251216892764,231.48232483216242,60.20721344639653,7.1425251216892764,ppk
1748026084.5640137,61.05516413341463,232.08043737915614,7.091790393429754,232.08043737915614,61.05516413341463,7.091790393429754,ppk
1748026084.6482227,61.05516413341463,232.08043737915614,7.091790393429754,232.08043737915614,61.05516413341463,7.091790393429754,ppk
1748026084.7675953,61.90318143547508,234.47298670083237,7.06359578772637,234.47298670083237,61.90318143547508,7.06359578772637,ppk
1748026084.8942351,61.90318143547508,234.47298670083237,7.06359578772637,234.47298670083237,61.90318143547508,7.06359578772637,ppk
1748026085.033298,62.75113286296683,235.07110044981837,7.061665790639463,235.07110044981837,62.75113286296683,7.061665790639463,ppk
1748026085.2057924,62.75113286296683,235.07110044981837,7.061665790639463,235.07110044981837,62.75113286296683,7.061665790639463,ppk
1748026085.3365617,63.59915150661153,237.46364951299563,7.055267022948569,237.46364951299563,63.59915150661153,7.055267022948569,ppk
1748026085.4821446,63.59915150661153,237.46364951299563,7.055267022948569,237.46364951299563,63.59915150661153,7.055267022948569,ppk
1748026085.5990305,64.02313884736682,238.06177955623525,7.076946141600601,238.06177955623525,64.02313884736682,7.076946141600601,ppk
1748026085.7118065,64.02313884736682,238.06177955623525,7.076946141600601,238.06177955623525,64.02313884736682,7.076946141600601,ppk
1748026085.8569562,64.87111354760833,239.25803882187125,7.104488394464908,239.25803882187125,64.87111354760833,7.104488394464908,ppk
1748026085.998527,64.87111354760833,239.25803882187125,7.104488394464908,239.25803882187125,64.87111354760833,7.104488394464908,ppk
1748026086.1308942,64.87111354760833,239.25803882187125,7.104488394464908,239.25803882187125,64.87111354760833,7.104488394464908,ppk
1748026086.2607486,65.71913449112868,241.6505891266516,7.166691288868602,241.6505891266516,65.71913449112868,7.166691288868602,ppk
1748026086.376669,65.71913449112868,241.6505891266516,7.166691288868602,241.6505891266516,65.71913449112868,7.166691288868602,ppk
1748026086.477049,65.71913449112868,241.6505891266516,7.166691288868602,241.6505891266516,65.71913449112868,7.166691288868602,ppk
1748026086.6238012,66.99109864730858,243.44498025403362,7.2999106963963145,243.44498025403362,66.99109864730858,7.2999106963963145,ppk
1748026086.7454531,66.99109864730858,243.44498025403362,7.2999106963963145,243.44498025403362,66.99109864730858,7.2999106963963145,ppk
1748026086.8772182,67.83905194088047,244.04309584318608,7.389776056311303,244.04309584318608,67.83905194088047,7.389776056311303,ppk
1748026087.0080414,67.83905194088047,244.04309584318608,7.389776056311303,244.04309584318608,67.83905194088047,7.389776056311303,ppk
1748026087.1619027,69.1110409596227,246.43563351489937,7.595076732422664,246.43563351489937,69.1110409596227,7.595076732422664,ppk
1748026087.3194308,69.53503035060211,247.0337665591133,7.721346015294759,247.0337665591133,69.53503035060211,7.721346015294759,ppk
1748026087.4340138,69.53503035060211,247.0337665591133,7.721346015294759,247.0337665591133,69.53503035060211,7.721346015294759,ppk
1748026087.5534942,69.95904340439472,248.23004463111067,7.857891684601261,248.23004463111067,69.95904340439472,7.857891684601261,ppk
1748026087.6700833,69.95904340439472,248.23004463111067,7.857891684601261,248.23004463111067,69.95904340439472,7.857891684601261,ppk
1748026087.8440597,70.80699790073885,248.8281616208816,8.004358680124554,248.8281616208816,70.80699790073885,8.004358680124554,ppk
1748026087.976385,70.80699790073885,248.8281616208816,8.004358680124554,248.8281616208816,70.80699790073885,8.004358680124554,ppk
1748026088.6246266,71.65502493066377,251.22071677381774,8.268759044020882,251.22071677381774,71.65502493066377,8.268759044020882,ppk
1748026088.624692,71.65502493066377,251.22071677381774,8.268759044020882,251.22071677381774,71.65502493066377,8.268759044020882,ppk
1748026088.6347568,71.65502493066377,251.22071677381774,8.268759044020882,251.22071677381774,71.65502493066377,8.268759044020882,ppk
1748026088.634799,71.65502493066377,251.22071677381774,8.268759044020882,251.22071677381774,71.65502493066377,8.268759044020882,ppk
1748026088.6800623,71.65502493066377,251.22071677381774,8.268759044020882,251.22071677381774,71.65502493066377,8.268759044020882,ppk
1748026088.8477464,73.35098330543539,253.6132406816868,8.614844247411453,253.6132406816868,73.35098330543539,8.614844247411453,ppk
1748026088.9664428,73.35098330543539,253.6132406816868,8.614844247411453,253.6132406816868,73.35098330543539,8.614844247411453,ppk
1748026089.0911057,73.77499735746974,254.80951654534152,8.717491030662112,254.80951654534152,73.77499735746974,8.717491030662112,ppk
1748026089.1846967,73.77499735746974,254.80951654534152,8.717491030662112,254.80951654534152,73.77499735746974,8.717491030662112,ppk
1748026089.289896,75.04696655058605,256.60390618788927,8.919003472570584,256.60390618788927,75.04696655058605,8.919003472570584,ppk
1748026089.4370096,75.04696655058605,256.60390618788927,8.919003472570584,256.60390618788927,75.04696655058605,8.919003472570584,ppk
1748026089.5475173,75.47098127734317,257.8001818369366,9.026654465554891,257.8001818369366,75.47098127734317,9.026654465554891,ppk
1748026089.672818,75.47098127734317,257.8001818369366,9.026654465554891,257.8001818369366,75.47098127734317,9.026654465554891,ppk
1748026089.8290215,76.31893635899839,258.39829529019204,9.122216510657745,258.39829529019204,76.31893635899839,9.122216510657745,ppk
1748026089.980304,76.31893635899839,258.39829529019204,9.122216510657745,258.39829529019204,76.31893635899839,9.122216510657745,ppk
1748026090.1018915,77.59090598509795,260.1926811978586,9.261929341092966,260.1926811978586,77.59090598509795,9.261929341092966,ppk
1748026090.2280173,77.59090598509795,260.1926811978586,9.261929341092966,260.1926811978586,77.59090598509795,9.261929341092966,ppk
1748026090.379256,78.01492095448026,261.38895456292056,9.32837313326822,261.38895456292056,78.01492095448026,9.32837313326822,ppk
1748026090.5344589,78.01492095448026,261.38895456292056,9.32837313326822,261.38895456292056,78.01492095448026,9.32837313326822,ppk
1748026090.6474712,78.86287622839058,261.9870666169201,9.40544085177435,261.9870666169201,78.86287622839058,9.40544085177435,ppk
1748026090.7549458,78.86287622839058,261.9870666169201,9.40544085177435,261.9870666169201,78.86287622839058,9.40544085177435,ppk
1748026090.8597734,79.2868915670668,263.1833396870803,9.472387762923017,263.1833396870803,79.2868915670668,9.472387762923017,ppk
1748026091.0313497,79.2868915670668,263.1833396870803,9.472387762923017,263.1833396870803,79.2868915670668,9.472387762923017,ppk
1748026091.176269,80.55886259589278,264.97772366754145,9.604293785171793,264.97772366754145,80.55886259589278,9.604293785171793,ppk
1748026091.3318672,80.98285322781555,265.57585205285943,9.661163597433209,265.57585205285943,80.98285322781555,9.661163597433209,ppk
1748026091.446964,80.98285322781555,265.57585205285943,9.661163597433209,265.57585205285943,80.98285322781555,9.661163597433209,ppk
1748026091.5624118,80.98285322781555,265.57585205285943,9.661163597433209,265.57585205285943,80.98285322781555,9.661163597433209,ppk
1748026091.6816022,81.83083391354116,266.7721061059353,9.714806227259071,266.7721061059353,81.83083391354116,9.714806227259071,ppk
1748026091.861284,82.67884097628493,268.5665058840686,9.824720707742717,268.5665058840686,82.67884097628493,9.824720707742717,ppk
1748026091.98145,82.67884097628493,268.5665058840686,9.824720707742717,268.5665058840686,82.67884097628493,9.824720707742717,ppk
1748026092.0656924,82.67884097628493,268.5665058840686,9.824720707742717,268.5665058840686,82.67884097628493,9.824720707742717,ppk
1748026092.2431622,83.52679709689131,269.16461678812095,9.904686303211744,269.16461678812095,83.52679709689131,9.904686303211744,ppk
1748026092.4065564,83.95081426561606,270.36088990163415,10.000928434572257,270.36088990163415,83.95081426561606,10.000928434572257,ppk
1748026092.5521934,83.95081426561606,270.36088990163415,10.000928434572257,270.36088990163415,83.95081426561606,10.000928434572257,ppk
1748026092.673037,84.79879662643278,271.557145068355,10.106663279492782,271.557145068355,84.79879662643278,10.106663279492782,ppk
1748026092.7884326,84.79879662643278,271.557145068355,10.106663279492782,271.557145068355,84.79879662643278,10.106663279492782,ppk
1748026092.9087393,85.64680628565998,273.3515471515152,10.300674837440534,273.3515471515152,85.64680628565998,10.300674837440534,ppk
1748026093.0396514,85.64680628565998,273.3515471515152,10.300674837440534,273.3515471515152,85.64680628565998,10.300674837440534,ppk
1748026093.169877,86.49476287012709,273.9496569411353,10.373742616804222,273.9496569411353,86.49476287012709,10.373742616804222,ppk
1748026093.294942,86.49476287012709,273.9496569411353,10.373742616804222,273.9496569411353,86.49476287012709,10.373742616804222,ppk
1748026093.4489422,87.34271956251965,274.5477666780498,10.448999863079536,274.5477666780498,87.34271956251965,10.448999863079536,ppk
1748026093.5472386,87.34271956251965,274.5477666780498,10.448999863079536,274.5477666780498,87.34271956251965,10.448999863079536,ppk
1748026093.6946745,87.76673752923001,275.7440378936532,10.522146557024408,275.7440378936532,87.76673752923001,10.522146557024408,ppk
1748026093.840917,87.76673752923001,275.7440378936532,10.522146557024408,275.7440378936532,87.76673752923001,10.522146557024408,ppk
1748026094.002605,89.03871300617574,277.5384189758373,10.688249932660538,277.5384189758373,89.03871300617574,10.688249932660538,ppk
1748026094.1294937,89.03871300617574,277.5384189758373,10.688249932660538,277.5384189758373,89.03871300617574,10.688249932660538,ppk
1748026094.2669861,89.88667036986367,278.1365288503352,10.781611058682392,278.1365288503352,89.88667036986367,10.781611058682392,ppk
1748026094.3823462,89.88667036986367,278.1365288503352,10.781611058682392,278.1365288503352,89.88667036986367,10.781611058682392,ppk
1748026094.4955022,90.7346541437264,279.33278129722714,10.868445647526329,279.33278129722714,90.7346541437264,10.868445647526329,ppk
1748026094.6512744,90.7346541437264,279.33278129722714,10.868445647526329,279.33278129722714,90.7346541437264,10.868445647526329,ppk
1748026094.7759743,92.0066309602393,281.12716151093025,11.046052550013494,281.12716151093025,92.0066309602393,11.046052550013494,ppk
1748026094.9099889,92.0066309602393,281.12716151093025,11.046052550013494,281.12716151093025,92.0066309602393,11.046052550013494,ppk
1748026095.0174766,92.43062358191669,281.7252887791526,11.12042191867978,281.7252887791526,92.43062358191669,11.12042191867978,ppk
1748026095.15941,92.43062358191669,281.7252887791526,11.12042191867978,281.7252887791526,92.43062358191669,11.12042191867978,ppk
1748026095.308022,93.27860769426032,282.92153909123584,11.178256168131195,282.92153909123584,93.27860769426032,11.178256168131195,ppk
1748026095.4219873,93.27860769426032,282.92153909123584,11.178256168131195,282.92153909123584,93.27860769426032,11.178256168131195,ppk
1748026095.5530157,94.55058391861154,284.7159127960033,11.238056074863792,284.7159127960033,94.55058391861154,11.238056074863792,ppk
1748026095.694336,94.55058391861154,284.7159127960033,11.238056074863792,284.7159127960033,94.55058391861154,11.238056074863792,ppk
1748026095.8522594,95.39854065336144,285.31401696472085,11.233416221305784,285.31401696472085,95.39854065336144,11.233416221305784,ppk
1748026095.9881861,95.39854065336144,285.31401696472085,11.233416221305784,285.31401696472085,95.39854065336144,11.233416221305784,ppk
1748026096.1119661,96.67051653405267,287.1083864915021,11.223512884114237,287.1083864915021,96.67051653405267,11.223512884114237,ppk
1748026096.2326496,96.67051653405267,287.1083864915021,11.223512884114237,287.1083864915021,96.67051653405267,11.223512884114237,ppk
1748026096.3455892,96.67051653405267,287.1083864915021,11.223512884114237,287.1083864915021,96.67051653405267,11.223512884114237,ppk
1748026096.4987717,97.0945361889241,288.3046528507811,11.240458485132395,288.3046528507811,97.0945361889241,11.240458485132395,ppk
1748026096.6731932,98.79047872010307,290.099004422446,11.287851787849739,290.099004422446,98.79047872010307,11.287851787849739,ppk
1748026096.7788053,98.79047872010307,290.099004422446,11.287851787849739,290.099004422446,98.79047872010307,11.287851787849739,ppk
1748026096.8943346,98.79047872010307,290.099004422446,11.287851787849739,290.099004422446,98.79047872010307,11.287851787849739,ppk
1748026097.0387971,99.638464113485,291.2952513640828,11.32048373297067,291.2952513640828,99.638464113485,11.32048373297067,ppk
1748026097.1493783,99.638464113485,291.2952513640828,11.32048373297067,291.2952513640828,99.638464113485,11.32048373297067,ppk
1748026097.2814069,100.0624571191859,291.89337536073543,11.35084529385254,291.89337536073543,100.0624571191859,11.35084529385254,ppk
1748026097.4347994,100.0624571191859,291.89337536073543,11.35084529385254,291.89337536073543,100.0624571191859,11.35084529385254,ppk
1748026097.5637078,100.91044265164842,293.08962121343137,11.36978197062162,293.08962121343137,100.91044265164842,11.36978197062162,ppk
1748026097.7103875,102.18242186648341,294.8839907873638,11.428173687978532,294.8839907873638,102.18242186648341,11.428173687978532,ppk
1748026097.8363867,102.18242186648341,294.8839907873638,11.428173687978532,294.8839907873638,102.18242186648341,11.428173687978532,ppk
1748026097.9644916,102.18242186648341,294.8839907873638,11.428173687978532,294.8839907873638,102.18242186648341,11.428173687978532,ppk
1748026098.1200485,102.60644390604448,296.08025817432934,11.499812593878781,296.08025817432934,102.60644390604448,11.499812593878781,ppk
1748026098.305978,104.30239047869836,297.8746110814921,11.651404517325092,297.8746110814921,104.30239047869836,11.651404517325092,ppk
1748026098.4153407,104.30239047869836,297.8746110814921,11.651404517325092,297.8746110814921,104.30239047869836,11.651404517325092,ppk
1748026098.5476925,104.30239047869836,297.8746110814921,11.651404517325092,297.8746110814921,104.30239047869836,11.651404517325092,ppk
1748026098.6523514,104.72641285814065,299.0708771829704,11.706837889687215,299.0708771829704,104.72641285814065,11.706837889687215,ppk
1748026098.7624342,104.72641285814065,299.0708771829704,11.706837889687215,299.0708771829704,104.72641285814065,11.706837889687215,ppk
1748026098.918393,105.57440026856351,300.2671225554825,11.7529713914179,300.2671225554825,105.57440026856351,11.7529713914179,ppk
1748026099.0373774,105.57440026856351,300.2671225554825,11.7529713914179,300.2671225554825,105.57440026856351,11.7529713914179,ppk
1748026099.158323,106.84638268979691,302.0614924591347,11.873265068469932,302.0614924591347,106.84638268979691,11.873265068469932,ppk
1748026099.2973154,106.84638268979691,302.0614924591347,11.873265068469932,302.0614924591347,106.84638268979691,11.873265068469932,ppk
1748026099.4565482,107.69437151027071,303.2577393354597,11.966890709609444,303.2577393354597,107.69437151027071,11.966890709609444,ppk
1748026099.5632062,107.69437151027071,303.2577393354597,11.966890709609444,303.2577393354597,107.69437151027071,11.966890709609444,ppk
1748026099.7160063,108.1183672235131,303.85586605494973,12.084958135247478,303.85586605494973,108.1183672235131,12.084958135247478,ppk
1748026099.8430161,108.1183672235131,303.85586605494973,12.084958135247478,303.85586605494973,108.1183672235131,12.084958135247478,ppk
1748026099.955302,109.39038247071336,306.24838361095436,12.363317966501162,306.24838361095436,109.39038247071336,12.363317966501162,ppk
1748026100.1124287,109.39038247071336,306.24838361095436,12.363317966501162,306.24838361095436,109.39038247071336,12.363317966501162,ppk
1748026100.2507837,110.23837285467908,307.44463144489566,12.495348856765073,307.44463144489566,110.23837285467908,12.495348856765073,ppk
1748026100.361763,110.23837285467908,307.44463144489566,12.495348856765073,307.44463144489566,110.23837285467908,12.495348856765073,ppk
1748026100.5056224,110.66236900204551,308.04275763885533,12.610714915114555,308.04275763885533,110.66236900204551,12.610714915114555,ppk
1748026100.6120586,110.66236900204551,308.04275763885533,12.610714915114555,308.04275763885533,110.66236900204551,12.610714915114555,ppk
1748026100.8324802,111.93438403674142,310.4352681848387,12.774173989333724,310.4352681848387,111.93438403674142,12.774173989333724,ppk
1748026100.92464,111.93438403674142,310.4352681848387,12.774173989333724,310.4352681848387,111.93438403674142,12.774173989333724,ppk
1748026101.0403738,112.35840904973242,311.6315326155286,12.83570801462109,311.6315326155286,112.35840904973242,12.83570801462109,ppk
1748026101.144829,112.35840904973242,311.6315326155286,12.83570801462109,311.6315326155286,112.35840904973242,12.83570801462109,ppk
1748026101.2847505,113.20639916327406,312.82777546135515,12.888033218838425,312.82777546135515,113.20639916327406,12.888033218838425,ppk
1748026101.4162693,113.20639916327406,312.82777546135515,12.888033218838425,312.82777546135515,113.20639916327406,12.888033218838425,ppk
1748026101.5547245,114.05442130233223,314.62216454152997,13.053030072992053,314.62216454152997,114.05442130233223,13.053030072992053,ppk
1748026101.6927235,114.05442130233223,314.62216454152997,13.053030072992053,314.62216454152997,114.05442130233223,13.053030072992053,ppk
1748026101.8160849,114.47844762709022,315.81842970193844,13.14126605609498,315.81842970193844,114.47844762709022,13.14126605609498,ppk
1748026101.9775405,114.47844762709022,315.81842970193844,13.14126605609498,315.81842970193844,114.47844762709022,13.14126605609498,ppk
1748026102.0939984,114.47844762709022,315.81842970193844,13.14126605609498,315.81842970193844,114.47844762709022,13.14126605609498,ppk
1748026102.285988,115.32650025756712,318.21095761270266,13.277034445123398,318.21095761270266,115.32650025756712,13.277034445123398,ppk
1748026102.3814955,115.32650025756712,318.21095761270266,13.277034445123398,318.21095761270266,115.32650025756712,13.277034445123398,ppk
1748026102.4977856,115.32650025756712,318.21095761270266,13.277034445123398,318.21095761270266,115.32650025756712,13.277034445123398,ppk
1748026102.600903,116.1745528710098,320.6034823382992,13.360097969593623,320.6034823382992,116.1745528710098,13.360097969593623,ppk
1748026102.7853622,116.17461422319039,321.7997654325904,13.388739608468102,321.7997654325904,116.17461422319039,13.388739608468102,ppk
1748026102.9140646,116.17461422319039,321.7997654325904,13.388739608468102,321.7997654325904,116.17461422319039,13.388739608468102,ppk
1748026103.0730042,117.02266743602381,324.1922872770838,13.429099953971422,324.1922872770838,117.02266743602381,13.429099953971422,ppk
1748026103.2072787,117.02266743602381,324.1922872770838,13.429099953971422,324.1922872770838,117.02266743602381,13.429099953971422,ppk
1748026103.3234043,117.02266743602381,324.1922872770838,13.429099953971422,324.1922872770838,117.02266743602381,13.429099953971422,ppk
1748026103.564492,117.02266743602381,324.1922872770838,13.429099953971422,324.1922872770838,117.02266743602381,13.429099953971422,ppk
1748026103.7000294,117.02266743602381,324.1922872770838,13.429099953971422,324.1922872770838,117.02266743602381,13.429099953971422,ppk
1748026103.836633,117.87078405139972,327.7810913041734,13.497603897434123,327.7810913041734,117.87078405139972,13.497603897434123,ppk
1748026103.966131,117.87078405139972,327.7810913041734,13.497603897434123,327.7810913041734,117.87078405139972,13.497603897434123,ppk
1748026104.0484507,117.87078405139972,327.7810913041734,13.497603897434123,327.7810913041734,117.87078405139972,13.497603897434123,ppk
1748026104.1672013,118.29484298890434,329.5754925902403,13.524198975422626,329.5754925902403,118.29484298890434,13.524198975422626,ppk
1748026104.2794712,118.29484298890434,329.5754925902403,13.524198975422626,329.5754925902403,118.29484298890434,13.524198975422626,ppk
1748026104.4283433,118.29490557508633,330.7717740286587,13.527242315876416,330.7717740286587,118.29490557508633,13.527242315876416,ppk
1748026104.5482235,118.29490557508633,330.7717740286587,13.527242315876416,330.7717740286587,118.29490557508633,13.527242315876416,ppk
1748026104.6642218,118.71893364701292,331.96803369611615,13.540073687358607,331.96803369611615,118.71893364701292,13.540073687358607,ppk
1748026104.803641,118.71893364701292,331.96803369611615,13.540073687358607,331.96803369611615,118.71893364701292,13.540073687358607,ppk
1748026105.128368,118.71906119279957,334.3605999069287,13.612748604048827,334.3605999069287,118.71906119279957,13.612748604048827,ppk
1748026105.205845,118.71906119279957,334.3605999069287,13.612748604048827,334.3605999069287,118.71906119279957,13.612748604048827,ppk
1748026105.308006,119.14315508990211,336.75314457613445,13.704511082588558,336.75314457613445,119.14315508990211,13.704511082588558,ppk
1748026105.4381278,119.14315508990211,336.75314457613445,13.704511082588558,336.75314457613445,119.14315508990211,13.704511082588558,ppk
1748026105.5616567,119.1432195770571,337.9494274247009,13.736544779228787,337.9494274247009,119.1432195770571,13.736544779228787,ppk
1748026105.663838,119.1432195770571,337.9494274247009,13.736544779228787,337.9494274247009,119.1432195770571,13.736544779228787,ppk
1748026105.7930336,119.1432195770571,337.9494274247009,13.736544779228787,337.9494274247009,119.1432195770571,13.736544779228787,ppk
1748026105.951983,119.14328407078048,339.14570965901765,13.756783207072289,339.14570965901765,119.14328407078048,13.756783207072289,ppk
1748026106.0823379,119.14328407078048,339.14570965901765,13.756783207072289,339.14570965901765,119.14328407078048,13.756783207072289,ppk
1748026106.1984525,119.14341445787728,341.5382762086973,13.835757316476377,341.5382762086973,119.14341445787728,13.835757316476377,ppk
1748026106.310731,119.14341445787728,341.5382762086973,13.835757316476377,341.5382762086973,119.14341445787728,13.835757316476377,ppk
1748026106.4166913,119.14341445787728,341.5382762086973,13.835757316476377,341.5382762086973,119.14341445787728,13.835757316476377,ppk
1748026106.537388,118.71958116590596,343.9308673922784,13.942440779779444,343.9308673922784,118.71958116590596,13.942440779779444,ppk
1748026106.6719408,118.71958116590596,343.9308673922784,13.942440779779444,343.9308673922784,118.71958116590596,13.942440779779444,ppk
1748026106.7904043,118.7196475059448,345.1271518332604,14.000970018882832,345.1271518332604,118.7196475059448,14.000970018882832,ppk
1748026106.9225101,118.7196475059448,345.1271518332604,14.000970018882832,345.1271518332604,118.7196475059448,14.000970018882832,ppk
1748026107.0501122,118.29574899623444,346.32345964894677,14.061513453963796,346.32345964894677,118.29574899623444,14.061513453963796,ppk
1748026107.1668706,118.29574899623444,346.32345964894677,14.061513453963796,346.32345964894677,118.29574899623444,14.061513453963796,ppk
1748026107.3217998,117.87191765621633,348.7160521364352,14.177296933913242,348.7160521364352,117.87191765621633,14.177296933913242,ppk
1748026107.4369936,117.87191765621633,348.7160521364352,14.177296933913242,348.7160521364352,117.87191765621633,14.177296933913242,ppk
1748026107.6178372,117.87198437650115,349.9123352974463,14.207924582175949,349.9123352974463,117.87198437650115,14.207924582175949,ppk
1748026107.7389586,117.87198437650115,349.9123352974463,14.207924582175949,349.9123352974463,117.87198437650115,14.207924582175949,ppk
1748026107.8528292,117.87198437650115,349.9123352974463,14.207924582175949,349.9123352974463,117.87198437650115,14.207924582175949,ppk
1748026107.9676497,117.0241875618642,352.30494688427655,14.231810809645303,352.30494688427655,117.0241875618642,14.231810809645303,ppk
1748026108.1466188,116.60028955647938,353.5012531243401,14.247354618042136,353.5012531243401,116.60028955647938,14.247354618042136,ppk
1748026108.3106186,116.60028955647938,353.5012531243401,14.247354618042136,353.5012531243401,116.60028955647938,14.247354618042136,ppk
1748026108.4277549,116.60035702020672,354.6975360852261,14.26939067146633,354.6975360852261,116.60035702020672,14.26939067146633,ppk
1748026108.5171168,116.60035702020672,354.6975360852261,14.26939067146633,354.6975360852261,116.60035702020672,14.26939067146633,ppk
1748026108.6242402,116.60035702020672,354.6975360852261,14.26939067146633,354.6975360852261,116.60035702020672,14.26939067146633,ppk
1748026108.752711,115.75252881283402,356.49200969874414,14.3258019319249,356.49200969874414,115.75252881283402,14.3258019319249,ppk
1748026108.9109125,115.75252881283402,356.49200969874414,14.3258019319249,356.49200969874414,115.75252881283402,14.3258019319249,ppk
1748026109.0290337,115.32863192967767,357.68831752971136,14.359945335904346,357.68831752971136,115.32863192967767,14.359945335904346,ppk
1748026109.1459913,115.32863192967767,357.68831752971136,14.359945335904346,357.68831752971136,115.32863192967767,14.359945335904346,ppk
1748026109.3005102,114.48083916658415,360.08093476578136,14.446923405033962,360.08093476578136,114.48083916658415,14.446923405033962,ppk
1748026109.4419842,114.48083916658415,360.08093476578136,14.446923405033962,360.08093476578136,114.48083916658415,14.446923405033962,ppk
1748026109.5973065,114.05694311847878,361.27724365217,14.490465466925873,361.27724365217,114.05694311847878,14.490465466925873,ppk
1748026109.7004054,114.05694311847878,361.27724365217,14.490465466925873,361.27724365217,114.05694311847878,14.490465466925873,ppk
1748026109.8556757,113.63304706919536,362.47355201171723,14.521601880973124,362.47355201171723,113.63304706919536,14.521601880973124,ppk
1748026109.9926333,113.63304706919536,362.47355201171723,14.521601880973124,362.47355201171723,113.63304706919536,14.521601880973124,ppk
1748026110.1089697,113.20915103993363,363.66985989469504,14.541347356887908,363.66985989469504,113.20915103993363,14.541347356887908,ppk
1748026110.2166135,113.20915103993363,363.66985989469504,14.541347356887908,363.66985989469504,113.20915103993363,14.541347356887908,ppk
1748026110.3547516,112.36135901271311,366.0624740790395,14.544422450031895,366.0624740790395,112.36135901271311,14.544422450031895,ppk
1748026110.4751737,112.36135901271311,366.0624740790395,14.544422450031895,366.0624740790395,112.36135901271311,14.544422450031895,ppk
1748026110.622125,111.93746363585618,367.25878238437747,14.562862545232317,367.25878238437747,111.93746363585618,14.562862545232317,ppk
1748026110.7604573,111.93746363585618,367.25878238437747,14.562862545232317,367.25878238437747,111.93746363585618,14.562862545232317,ppk
1748026110.8847647,111.51353387416692,367.856950300416,14.59563433736904,367.856950300416,111.51353387416692,14.59563433736904,ppk
1748026111.05529,111.08963933025296,369.0532605538362,14.64267663673795,369.0532605538362,111.08963933025296,14.64267663673795,ppk
1748026111.2052736,111.08963933025296,369.0532605538362,14.64267663673795,369.0532605538362,111.08963933025296,14.64267663673795,ppk
1748026111.3530986,110.24185147501984,371.4458835075337,14.769650800980461,371.4458835075337,110.24185147501984,14.769650800980461,ppk
1748026111.4633472,110.24185147501984,371.4458835075337,14.769650800980461,371.4458835075337,110.24185147501984,14.769650800980461,ppk
1748026111.5992289,109.39399276823481,372.642220443592,14.836093560958975,372.642220443592,109.39399276823481,14.836093560958975,ppk
1748026111.6898935,109.39399276823481,372.642220443592,14.836093560958975,372.642220443592,109.39399276823481,14.836093560958975,ppk
1748026111.845947,109.39399276823481,372.642220443592,14.836093560958975,372.642220443592,109.39399276823481,14.836093560958975,ppk
1748026111.96261,108.5462062858942,375.0348449112313,14.96726995116302,375.0348449112313,108.5462062858942,14.96726995116302,ppk
1748026112.085904,108.5462062858942,375.0348449112313,14.96726995116302,375.0348449112313,108.5462062858942,14.96726995116302,ppk
1748026112.2464926,108.12231321990998,376.2311568960581,15.023908488914556,376.2311568960581,108.12231321990998,15.023908488914556,ppk
1748026112.367507,108.12231321990998,376.2311568960581,15.023908488914556,376.2311568960581,108.12231321990998,15.023908488914556,ppk
1748026112.4909225,107.69842018323612,377.4274683949648,15.06924001017412,377.4274683949648,107.69842018323612,15.06924001017412,ppk
1748026112.639572,107.69842018323612,377.4274683949648,15.06924001017412,377.4274683949648,107.69842018323612,15.06924001017412,ppk
1748026112.8192604,106.42666956317238,379.82011731093814,15.158124117921648,379.82011731093814,106.42666956317238,15.158124117921648,ppk
1748026112.9405093,106.42666956317238,379.82011731093814,15.158124117921648,379.82011731093814,106.42666956317238,15.158124117921648,ppk
1748026113.055631,106.00277721008882,381.01642951198903,15.204957845656862,381.01642951198903,106.00277721008882,15.204957845656862,ppk
1748026113.1672394,106.00277721008882,381.01642951198903,15.204957845656862,381.01642951198903,106.00277721008882,15.204957845656862,ppk
1748026113.284909,105.15502949998753,384.00719649775647,15.298596249218695,384.00719649775647,105.15502949998753,15.298596249218695,ppk
1748026113.4424057,105.15502949998753,384.00719649775647,15.298596249218695,384.00719649775647,105.15502949998753,15.298596249218695,ppk
1748026113.574834,104.73113805367994,385.2035097592341,15.353424715648433,385.2035097592341,104.73113805367994,15.353424715648433,ppk
1748026113.6973228,104.73113805367994,385.2035097592341,15.353424715648433,385.2035097592341,104.73113805367994,15.353424715648433,ppk
1748026113.8312955,104.73113805367994,385.2035097592341,15.353424715648433,385.2035097592341,104.73113805367994,15.353424715648433,ppk
1748026113.9691486,103.45939102259601,387.596164327743,15.487601032317523,387.596164327743,103.45939102259601,15.487601032317523,ppk
1748026114.0768056,103.45939102259601,387.596164327743,15.487601032317523,387.596164327743,103.45939102259601,15.487601032317523,ppk
1748026114.273225,103.03550023434977,388.7924782370247,15.542741517116136,388.7924782370247,103.03550023434977,15.542741517116136,ppk
1748026114.4041061,102.61160935195474,389.9887911362983,15.578373387598575,389.9887911362983,102.61160935195474,15.578373387598575,ppk
1748026114.5159287,102.61160935195474,389.9887911362983,15.578373387598575,389.9887911362983,102.61160935195474,15.578373387598575,ppk
1748026114.630562,101.76375320007482,391.1851293632716,15.596014051766268,391.1851293632716,101.76375320007482,15.596014051766268,ppk
1748026114.7496397,101.76375320007482,391.1851293632716,15.596014051766268,391.1851293632716,101.76375320007482,15.596014051766268,ppk
1748026114.8809884,101.76375320007482,391.1851293632716,15.596014051766268,391.1851293632716,101.76375320007482,15.596014051766268,ppk
1748026115.0219119,101.76375320007482,391.1851293632716,15.596014051766268,391.1851293632716,101.76375320007482,15.596014051766268,ppk
1748026115.182435,101.76375320007482,391.1851293632716,15.596014051766268,391.1851293632716,101.76375320007482,15.596014051766268,ppk
1748026115.282789,101.76375320007482,391.1851293632716,15.596014051766268,391.1851293632716,101.76375320007482,15.596014051766268,ppk
1748026115.4484425,101.76375320007482,391.1851293632716,15.596014051766268,391.1851293632716,101.76375320007482,15.596014051766268,ppk
1748026115.5623314,101.76375320007482,391.1851293632716,15.596014051766268,391.1851293632716,101.76375320007482,15.596014051766268,ppk
1748026115.6784055,101.76375320007482,391.1851293632716,15.596014051766268,391.1851293632716,101.76375320007482,15.596014051766268,ppk
1748026115.8379762,98.79648514286559,398.9611761709417,15.726775010357903,398.9611761709417,98.79648514286559,15.726775010357903,ppk
1748026115.9533553,98.79648514286559,398.9611761709417,15.726775010357903,398.9611761709417,98.79648514286559,15.726775010357903,ppk
1748026116.1065638,98.37263393525417,400.7556328236257,15.75347133077695,400.7556328236257,98.37263393525417,15.75347133077695,ppk
1748026116.2342734,98.37263393525417,400.7556328236257,15.75347133077695,400.7556328236257,98.37263393525417,15.75347133077695,ppk
1748026116.379787,97.52485661414642,403.14826141574184,15.809432782281066,403.14826141574184,97.52485661414642,15.809432782281066,ppk
1748026116.5149014,97.52485661414642,403.14826141574184,15.809432782281066,403.14826141574184,97.52485661414642,15.809432782281066,ppk
1748026116.6216755,97.10100658599619,404.94271875146,15.836127840940192,404.94271875146,97.10100658599619,15.836127840940192,ppk
1748026116.770455,97.10100658599619,404.94271875146,15.836127840940192,404.94271875146,97.10100658599619,15.836127840940192,ppk
1748026116.9064457,96.25323040989592,407.335346676472,15.864186860341801,407.335346676472,96.25323040989592,15.864186860341801,ppk
1748026117.0731509,96.25323040989592,407.335346676472,15.864186860341801,407.335346676472,96.25323040989592,15.864186860341801,ppk
1748026117.1650739,95.40537721766762,408.5316873540884,15.863322147894129,408.5316873540884,95.40537721766762,15.863322147894129,ppk
1748026117.2865562,95.40537721766762,408.5316873540884,15.863322147894129,408.5316873540884,95.40537721766762,15.863322147894129,ppk
1748026117.4218128,94.98152805864802,410.32614289723386,15.846512745062187,410.32614289723386,94.98152805864802,15.846512745062187,ppk
1748026117.647597,94.98152805864802,410.32614289723386,15.846512745062187,410.32614289723386,94.98152805864802,15.846512745062187,ppk
1748026117.6979113,94.98152805864802,410.32614289723386,15.846512745062187,410.32614289723386,94.98152805864802,15.846512745062187,ppk
1748026117.8562787,94.98152805864802,410.32614289723386,15.846512745062187,410.32614289723386,94.98152805864802,15.846512745062187,ppk
1748026117.973868,94.13386999142111,414.51319559352356,15.778559436901137,414.51319559352356,94.13386999142111,15.778559436901137,ppk
1748026118.0972114,94.13386999142111,414.51319559352356,15.778559436901137,414.51319559352356,94.13386999142111,15.778559436901137,ppk
1748026118.2165942,93.70998334954136,415.70950956851306,15.775390428088688,415.70950956851306,93.70998334954136,15.775390428088688,ppk
1748026118.3602645,93.70998334954136,415.70950956851306,15.775390428088688,415.70950956851306,93.70998334954136,15.775390428088688,ppk
1748026118.4939384,93.28609722518178,416.9058249944209,15.79201181561448,416.9058249944209,93.28609722518178,15.79201181561448,ppk
1748026118.610782,93.28609722518178,416.9058249944209,15.79201181561448,416.9058249944209,93.28609722518178,15.79201181561448,ppk
1748026118.77753,92.01440039990278,419.8966288838898,15.841234788777864,419.8966288838898,92.01440039990278,15.841234788777864,ppk
1748026118.9180093,92.01440039990278,419.8966288838898,15.841234788777864,419.8966288838898,92.01440039990278,15.841234788777864,ppk
1748026119.0287287,91.59051516291902,421.09294540369103,15.864965874894903,421.09294540369103,91.59051516291902,15.864965874894903,ppk
1748026119.1861005,91.59051516291902,421.09294540369103,15.864965874894903,421.09294540369103,91.59051516291902,15.864965874894903,ppk
1748026119.2906258,90.74278518076513,424.083720995625,15.890880353736293,424.083720995625,90.74278518076513,15.890880353736293,ppk
1748026119.4100907,90.74278518076513,424.083720995625,15.890880353736293,424.083720995625,90.74278518076513,15.890880353736293,ppk
1748026119.58173,90.31890055434464,425.2800372430954,15.902304357427038,425.2800372430954,90.31890055434464,15.902304357427038,ppk
1748026119.715381,90.31890055434464,425.2800372430954,15.902304357427038,425.2800372430954,90.31890055434464,15.902304357427038,ppk
1748026119.8241239,89.89501618111926,426.47635378276397,15.915635458898425,426.47635378276397,89.89501618111926,15.915635458898425,ppk
1748026120.003244,89.89501618111926,426.47635378276397,15.915635458898425,426.47635378276397,89.89501618111926,15.915635458898425,ppk
1748026120.0974908,89.04728917884954,429.4671330765215,15.973247325270144,429.4671330765215,89.04728917884954,15.973247325270144,ppk
1748026120.202773,89.04728917884954,429.4671330765215,15.973247325270144,429.4671330765215,89.04728917884954,15.973247325270144,ppk
1748026120.3801122,88.62340633225625,430.66345374566527,16.03976969633703,430.66345374566527,88.62340633225625,16.03976969633703,ppk
1748026120.4934487,88.62340633225625,430.66345374566527,16.03976969633703,430.66345374566527,88.62340633225625,16.03976969633703,ppk
1748026120.628323,87.7756415887751,433.0560970980811,16.194320945762485,433.0560970980811,87.7756415887751,16.194320945762485,ppk
1748026120.8105931,87.7756415887751,433.0560970980811,16.194320945762485,433.0560970980811,87.7756415887751,16.194320945762485,ppk
1748026120.918063,86.92783512495987,434.8505904468832,16.24770800401251,434.8505904468832,86.92783512495987,16.24770800401251,ppk
1748026121.0356848,86.92783512495987,434.8505904468832,16.24770800401251,434.8505904468832,86.92783512495987,16.24770800401251,ppk
1748026121.182066,86.92783512495987,434.8505904468832,16.24770800401251,434.8505904468832,86.92783512495987,16.24770800401251,ppk
1748026121.2943835,86.5039528839282,436.0469101030475,16.28663370636069,436.0469101030475,86.5039528839282,16.28663370636069,ppk
1748026121.4515913,86.5039528839282,436.0469101030475,16.28663370636069,436.0469101030475,86.5039528839282,16.28663370636069,ppk
1748026121.5355358,85.65618847818266,438.43954694110465,16.320783181976832,438.43954694110465,85.65618847818266,16.320783181976832,ppk
1748026121.714253,85.65618847818266,438.43954694110465,16.320783181976832,438.43954694110465,85.65618847818266,16.320783181976832,ppk
1748026121.846465,84.80834113394363,439.6358938961796,16.320109597867603,439.6358938961796,84.80834113394363,16.320109597867603,ppk
1748026121.9986806,84.80834113394363,439.6358938961796,16.320109597867603,439.6358938961796,84.80834113394363,16.320109597867603,ppk
1748026122.090586,84.38445932910682,440.83221195733904,16.32483168745348,440.83221195733904,84.38445932910682,16.32483168745348,ppk
1748026122.2564344,84.38445932910682,440.83221195733904,16.32483168745348,440.83221195733904,84.38445932910682,16.32483168745348,ppk
1748026122.3639965,83.53673925153784,443.8229972965809,16.399541202870253,443.8229972965809,83.53673925153784,16.399541202870253,ppk
1748026122.517566,83.53673925153784,443.8229972965809,16.399541202870253,443.8229972965809,83.53673925153784,16.399541202870253,ppk
1748026122.6987123,83.1128593163547,445.01932167209304,16.487163423123945,445.01932167209304,83.1128593163547,16.487163423123945,ppk
1748026122.7754252,83.1128593163547,445.01932167209304,16.487163423123945,445.01932167209304,83.1128593163547,16.487163423123945,ppk
1748026122.9123325,83.1128593163547,445.01932167209304,16.487163423123945,445.01932167209304,83.1128593163547,16.487163423123945,ppk
1748026123.0703773,82.26510011617854,447.4119711365658,16.664306827250307,447.4119711365658,82.26510011617854,16.664306827250307,ppk
1748026123.1845365,82.26510011617854,447.4119711365658,16.664306827250307,447.4119711365658,82.26510011617854,16.664306827250307,ppk
1748026123.3017988,80.99337564187304,449.8046467915489,16.773652198351847,449.8046467915489,80.99337564187304,16.773652198351847,ppk
1748026123.4668252,80.99337564187304,449.8046467915489,16.773652198351847,449.8046467915489,80.99337564187304,16.773652198351847,ppk
1748026123.5731888,80.56949622080347,451.00096908229864,16.817076048220418,451.00096908229864,80.56949622080347,16.817076048220418,ppk
1748026123.7129648,80.56949622080347,451.00096908229864,16.817076048220418,451.00096908229864,80.56949622080347,16.817076048220418,ppk
1748026123.8312287,79.72173806893304,453.39361432896646,16.905815078556383,453.39361432896646,79.72173806893304,16.905815078556383,ppk
1748026123.9744892,79.72173806893304,453.39361432896646,16.905815078556383,453.39361432896646,79.72173806893304,16.905815078556383,ppk
1748026124.1176627,79.29785927922332,454.5899369656586,16.946636548170567,454.5899369656586,79.29785927922332,16.946636548170567,ppk
1748026124.239082,79.29785927922332,454.5899369656586,16.946636548170567,454.5899369656586,79.29785927922332,16.946636548170567,ppk
1748026124.3493154,79.29785927922332,454.5899369656586,16.946636548170567,454.5899369656586,79.29785927922332,16.946636548170567,ppk
1748026124.5386598,78.87398074118558,455.7862599490486,16.98985339579048,455.7862599490486,78.87398074118558,16.98985339579048,ppk
1748026124.6858747,78.02622430180453,458.178906296061,17.074195877421985,458.178906296061,78.02622430180453,17.074195877421985,ppk
1748026124.7861893,78.02622430180453,458.178906296061,17.074195877421985,458.178906296061,78.02622430180453,17.074195877421985,ppk
1748026124.926464,78.02622430180453,458.178906296061,17.074195877421985,458.178906296061,78.02622430180453,17.074195877421985,ppk
1748026125.0612555,77.17838101255565,459.3752598863585,17.10691907064374,459.3752598863585,77.17838101255565,17.10691907064374,ppk
1748026125.1753774,77.17838101255565,459.3752598863585,17.10691907064374,459.3752598863585,77.17838101255565,17.10691907064374,ppk
1748026125.3078108,76.33062535191208,461.7679041672374,17.145857455684094,461.7679041672374,76.33062535191208,17.145857455684094,ppk
1748026125.4369655,76.33062535191208,461.7679041672374,17.145857455684094,461.7679041672374,76.33062535191208,17.145857455684094,ppk
1748026125.57475,76.3307129700933,462.96419440359756,17.150371406128354,462.96419440359756,76.3307129700933,17.150371406128354,ppk
1748026125.7069685,76.3307129700933,462.96419440359756,17.150371406128354,462.96419440359756,76.3307129700933,17.150371406128354,ppk
1748026125.8616035,75.906835664046,464.16051664425424,17.16658606055545,464.16051664425424,75.906835664046,17.16658606055545,ppk
1748026125.9605064,75.906835664046,464.16051664425424,17.16658606055545,464.16051664425424,75.906835664046,17.16658606055545,ppk
1748026126.114764,75.05903868164337,465.95502338319227,17.292770113857575,465.95502338319227,75.05903868164337,17.292770113857575,ppk
1748026126.2694716,75.05903868164337,465.95502338319227,17.292770113857575,465.95502338319227,75.05903868164337,17.292770113857575,ppk
1748026126.3852565,75.05912788187099,467.1513187970021,17.364383805231952,467.1513187970021,75.05912788187099,17.364383805231952,ppk
1748026126.5014384,75.05912788187099,467.1513187970021,17.364383805231952,467.1513187970021,75.05912788187099,17.364383805231952,ppk
1748026126.6534243,75.05912788187099,467.1513187970021,17.364383805231952,467.1513187970021,75.05912788187099,17.364383805231952,ppk
1748026126.7809474,74.21137550077755,469.5439674492058,17.435713406526247,469.5439674492058,74.21137550077755,17.435713406526247,ppk
1748026126.9044282,74.21137550077755,469.5439674492058,17.435713406526247,469.5439674492058,74.21137550077755,17.435713406526247,ppk
1748026127.0427952,73.78745491453931,470.14214564766087,17.45557943427649,470.14214564766087,73.78745491453931,17.45557943427649,ppk
1748026127.1630602,73.78745491453931,470.14214564766087,17.45557943427649,470.14214564766087,73.78745491453931,17.45557943427649,ppk
1748026127.3050964,73.36366882129953,472.53476268502027,17.51540537887005,472.53476268502027,73.36366882129953,17.51540537887005,ppk
1748026127.4604785,73.36366882129953,472.53476268502027,17.51540537887005,472.53476268502027,73.36366882129953,17.51540537887005,ppk
1748026127.566443,72.93979361639475,473.7310882839684,17.559419556508054,473.7310882839684,72.93979361639475,17.559419556508054,ppk
1748026127.7074964,72.93979361639475,473.7310882839684,17.559419556508054,473.7310882839684,72.93979361639475,17.559419556508054,ppk
1748026127.824462,72.51591868147618,474.9274143873584,17.60783564254319,474.9274143873584,72.51591868147618,17.60783564254319,ppk
1748026127.9501472,72.51591868147618,474.9274143873584,17.60783564254319,474.9274143873584,72.51591868147618,17.60783564254319,ppk
1748026128.0907178,72.09208975463777,476.7218905097647,17.71570852242234,476.7218905097647,72.09208975463777,17.71570852242234,ppk
1748026128.233338,72.09208975463777,476.7218905097647,17.71570852242234,476.7218905097647,72.09208975463777,17.71570852242234,ppk
1748026128.3520122,71.66821532383659,477.9182167118646,17.759920194005744,477.9182167118646,71.66821532383659,17.759920194005744,ppk
1748026128.501506,71.66821532383659,477.9182167118646,17.759920194005744,477.9182167118646,71.66821532383659,17.759920194005744,ppk
1748026128.6157544,71.24429570130191,478.5163971027868,17.797584646543356,478.5163971027868,71.24429570130191,17.797584646543356,ppk
1748026128.780549,71.24429570130191,478.5163971027868,17.797584646543356,478.5163971027868,71.24429570130191,17.797584646543356,ppk
1748026128.9092343,71.24429570130191,478.5163971027868,17.797584646543356,478.5163971027868,71.24429570130191,17.797584646543356,ppk
1748026129.067412,70.82051301073936,480.9090177318101,17.88211126603178,480.9090177318101,70.82051301073936,17.88211126603178,ppk
1748026129.2003443,70.82051301073936,480.9090177318101,17.88211126603178,480.9090177318101,70.82051301073936,17.88211126603178,ppk
1748026129.365308,70.3966854820059,482.7034931850507,17.96707890928752,482.7034931850507,70.3966854820059,17.96707890928752,ppk
1748026129.4735057,70.3966854820059,482.7034931850507,17.96707890928752,482.7034931850507,70.3966854820059,17.96707890928752,ppk
1748026129.6195884,69.97281216485294,483.8998202588018,18.012090435370535,483.8998202588018,69.97281216485294,18.012090435370535,ppk
1748026129.753706,69.97281216485294,483.8998202588018,18.012090435370535,483.8998202588018,69.97281216485294,18.012090435370535,ppk
1748026129.850117,69.97281216485294,483.8998202588018,18.012090435370535,483.8998202588018,69.97281216485294,18.012090435370535,ppk
1748026129.9734986,69.1250205554869,485.6943318764048,18.137161893141595,485.6943318764048,69.1250205554869,18.137161893141595,ppk
1748026130.0779295,69.1250205554869,485.6943318764048,18.137161893141595,485.6943318764048,69.1250205554869,18.137161893141595,ppk
1748026130.221265,68.70114811972608,486.89066180754656,18.21317863476096,486.89066180754656,68.70114811972608,18.21317863476096,ppk
1748026130.3968666,68.70114811972608,486.89066180754656,18.21317863476096,486.89066180754656,68.70114811972608,18.21317863476096,ppk
1748026130.52791,68.27722971876062,487.48884614479806,18.289736701748318,487.48884614479806,68.27722971876062,18.289736701748318,ppk
1748026130.7437787,67.85345112940733,489.88147437711274,18.446960262886584,489.88147437711274,67.85345112940733,18.446960262886584,ppk
1748026130.846474,67.85345112940733,489.88147437711274,18.446960262886584,489.88147437711274,67.85345112940733,18.446960262886584,ppk
1748026130.9952435,67.85345112940733,489.88147437711274,18.446960262886584,489.88147437711274,67.85345112940733,18.446960262886584,ppk
1748026131.1006052,67.00556740739054,490.4796904905346,18.50422009847552,490.4796904905346,67.00556740739054,18.50422009847552,ppk
1748026131.2147622,67.00556740739054,490.4796904905346,18.50422009847552,490.4796904905346,67.00556740739054,18.50422009847552,ppk
1748026131.3947737,66.15782338811299,492.8723442000251,18.552048984370654,492.8723442000251,66.15782338811299,18.552048984370654,ppk
1748026131.6067653,66.15782338811299,492.8723442000251,18.552048984370654,492.8723442000251,66.15782338811299,18.552048984370654,ppk
1748026131.7579813,65.31003314683403,494.6668505976604,18.575913496790562,494.6668505976604,65.31003314683403,18.575913496790562,ppk
1748026132.0106049,64.88616202003108,495.8631796213596,18.620731709483444,495.8631796213596,64.88616202003108,18.620731709483444,ppk
1748026132.1429188,64.88616202003108,495.8631796213596,18.620731709483444,495.8631796213596,64.88616202003108,18.620731709483444,ppk
1748026132.2691584,64.88616202003108,495.8631796213596,18.620731709483444,495.8631796213596,64.88616202003108,18.620731709483444,ppk
1748026132.4316356,64.03837392016273,497.6576969070036,18.77419573542826,497.6576969070036,64.03837392016273,18.77419573542826,ppk
1748026132.582658,64.03837392016273,497.6576969070036,18.77419573542826,497.6576969070036,64.03837392016273,18.77419573542826,ppk
1748026132.731834,63.61450392709155,498.854031028435,18.877904601487398,498.854031028435,63.61450392709155,18.877904601487398,ppk
1748026132.84066,63.61450392709155,498.854031028435,18.877904601487398,498.854031028435,63.61450392709155,18.877904601487398,ppk
1748026133.0280178,62.76671687106596,500.6485512666878,19.057475404268114,500.6485512666878,62.76671687106596,19.057475404268114,ppk
1748026133.1054227,62.76671687106596,500.6485512666878,19.057475404268114,500.6485512666878,62.76671687106596,19.057475404268114,ppk
1748026133.2276235,61.918834037773614,501.2467693666592,19.113535739668702,501.2467693666592,61.918834037773614,19.113535739668702,ppk
1748026133.3880215,61.918834037773614,501.2467693666592,19.113535739668702,501.2467693666592,61.918834037773614,19.113535739668702,ppk
1748026133.5852392,61.07109445751538,503.639430659028,19.21085942809709,503.639430659028,61.07109445751538,19.21085942809709,ppk
1748026133.6894217,61.07109445751538,503.639430659028,19.21085942809709,503.639430659028,61.07109445751538,19.21085942809709,ppk
1748026133.8488178,61.07109445751538,503.639430659028,19.21085942809709,503.639430659028,61.07109445751538,19.21085942809709,ppk
1748026134.058522,60.22330856756952,505.43395181732404,19.38192177573632,505.43395181732404,60.22330856756952,19.38192177573632,ppk
1748026134.1446452,60.22330856756952,505.43395181732404,19.38192177573632,505.43395181732404,60.22330856756952,19.38192177573632,ppk
1748026134.2910848,60.22330856756952,505.43395181732404,19.38192177573632,505.43395181732404,60.22330856756952,19.38192177573632,ppk
1748026134.3816893,59.7994397691108,506.6302859247078,19.466730919940005,506.6302859247078,59.7994397691108,19.466730919940005,ppk
1748026134.550214,59.7994397691108,506.6302859247078,19.466730919940005,506.6302859247078,59.7994397691108,19.466730919940005,ppk
1748026134.666455,58.52768861512515,508.42483688570843,19.572000268255657,508.42483688570843,58.52768861512515,19.572000268255657,ppk
1748026134.7953038,58.52768861512515,508.42483688570843,19.572000268255657,508.42483688570843,58.52768861512515,19.572000268255657,ppk
1748026134.897295,58.52768861512515,508.42483688570843,19.572000268255657,508.42483688570843,58.52768861512515,19.572000268255657,ppk
1748026135.004059,57.67990296547687,510.2193507745195,19.632068501379848,510.2193507745195,57.67990296547687,19.632068501379848,ppk
1748026135.1688998,57.67990296547687,510.2193507745195,19.632068501379848,510.2193507745195,57.67990296547687,19.632068501379848,ppk
1748026135.2996898,57.25603457637426,511.4156818007445,19.666972710056903,511.4156818007445,57.25603457637426,19.666972710056903,ppk
1748026135.403953,57.25603457637426,511.4156818007445,19.666972710056903,511.4156818007445,57.25603457637426,19.666972710056903,ppk
1748026135.5267305,56.40829837082473,513.8083435144466,19.726091590605318,513.8083435144466,56.40829837082473,19.726091590605318,ppk
1748026135.640945,56.40829837082473,513.8083435144466,19.726091590605318,513.8083435144466,56.40829837082473,19.726091590605318,ppk
1748026135.761009,55.98443061634297,515.0046747613403,19.75729478704871,515.0046747613403,55.98443061634297,19.75729478704871,ppk
1748026135.9088058,55.98443061634297,515.0046747613403,19.75729478704871,515.0046747613403,55.98443061634297,19.75729478704871,ppk
1748026136.0477476,55.98443061634297,515.0046747613403,19.75729478704871,515.0046747613403,55.98443061634297,19.75729478704871,ppk
1748026136.1588511,55.136646653535685,516.7991890839512,19.80146117534862,516.7991890839512,55.136646653535685,19.80146117534862,ppk
1748026136.2678308,55.136646653535685,516.7991890839512,19.80146117534862,516.7991890839512,55.136646653535685,19.80146117534862,ppk
1748026136.404357,54.71277930499011,517.9955193907317,19.815268707590416,517.9955193907317,54.71277930499011,19.815268707590416,ppk
1748026136.4999943,54.71277930499011,517.9955193907317,19.815268707590416,517.9955193907317,54.71277930499011,19.815268707590416,ppk
1748026136.685348,54.71287757583976,519.1918144480536,19.82206857690258,519.1918144480536,54.71287757583976,19.82206857690258,ppk
1748026136.8163106,54.71287757583976,519.1918144480536,19.82206857690258,519.1918144480536,54.71287757583976,19.82206857690258,ppk
1748026136.9542305,53.86514349149059,521.5844707476839,19.788685427243397,521.5844707476839,53.86514349149059,19.788685427243397,ppk
1748026137.07167,53.86514349149059,521.5844707476839,19.788685427243397,521.5844707476839,53.86514349149059,19.788685427243397,ppk
1748026137.1863163,53.86514349149059,521.5844707476839,19.788685427243397,521.5844707476839,53.86514349149059,19.788685427243397,ppk
1748026137.3185122,53.44127671298362,522.7807983517156,19.762491063234766,522.7807983517156,53.44127671298362,19.762491063234766,ppk
1748026137.43163,53.44127671298362,522.7807983517156,19.762491063234766,522.7807983517156,53.44127671298362,19.762491063234766,ppk
1748026137.579641,52.5935439214987,525.173454742673,19.7189974520377,525.173454742673,52.5935439214987,19.7189974520377,ppk
1748026137.7019887,52.5935439214987,525.173454742673,19.7189974520377,525.173454742673,52.5935439214987,19.7189974520377,ppk
1748026137.8244023,52.5935439214987,525.173454742673,19.7189974520377,525.173454742673,52.5935439214987,19.7189974520377,ppk
1748026138.068322,51.745812342320285,527.5661147416924,19.71181112205095,527.5661147416924,51.745812342320285,19.71181112205095,ppk
1748026138.2026212,51.7459122638368,528.7624087379072,19.699108466776945,528.7624087379072,51.7459122638368,19.699108466776945,ppk
1748026138.3816702,51.7459122638368,528.7624087379072,19.699108466776945,528.7624087379072,51.7459122638368,19.699108466776945,ppk
1748026138.5027313,51.7459122638368,528.7624087379072,19.699108466776945,528.7624087379072,51.7459122638368,19.699108466776945,ppk
1748026138.6737547,50.474266625985535,531.7532496109126,19.653368740815807,531.7532496109126,50.474266625985535,19.653368740815807,ppk
1748026138.7959995,50.474266625985535,531.7532496109126,19.653368740815807,531.7532496109126,50.474266625985535,19.653368740815807,ppk
1748026138.9354305,50.050402118215544,532.9495818675264,19.66787506499479,532.9495818675264,50.050402118215544,19.66787506499479,ppk
1748026139.0616577,50.050402118215544,532.9495818675264,19.66787506499479,532.9495818675264,50.050402118215544,19.66787506499479,ppk
1748026139.2010999,49.62653798830729,534.1459159208252,19.701881871448297,534.1459159208252,49.62653798830729,19.701881871448297,ppk
1748026139.3658576,49.62653798830729,534.1459159208252,19.701881871448297,534.1459159208252,49.62653798830729,19.701881871448297,ppk
1748026139.494676,49.20267423790907,535.3422518643002,19.756380978992183,535.3422518643002,49.20267423790907,19.756380978992183,ppk
1748026139.6418831,49.20267423790907,535.3422518643002,19.756380978992183,535.3422518643002,49.20267423790907,19.756380978992183,ppk
1748026139.7581344,49.20267423790907,535.3422518643002,19.756380978992183,535.3422518643002,49.20267423790907,19.756380978992183,ppk
1748026139.8772807,49.20267423790907,535.3422518643002,19.756380978992183,535.3422518643002,49.20267423790907,19.756380978992183,ppk
1748026140.0886574,47.9310839326139,538.9312566066118,19.870392534258347,538.9312566066118,47.9310839326139,19.870392534258347,ppk
1748026140.2485862,47.9310839326139,538.9312566066118,19.870392534258347,538.9312566066118,47.9310839326139,19.870392534258347,ppk
1748026140.3821802,47.08335798468985,541.3239251563159,19.920993093214328,541.3239251563159,47.08335798468985,19.920993093214328,ppk
1748026140.508573,47.08335798468985,541.3239251563159,19.920993093214328,541.3239251563159,47.08335798468985,19.920993093214328,ppk
1748026140.6179626,46.65954675154201,543.1184077861104,19.947142443011792,543.1184077861104,46.65954675154201,19.947142443011792,ppk
1748026140.7852104,46.65954675154201,543.1184077861104,19.947142443011792,543.1184077861104,46.65954675154201,19.947142443011792,ppk
1748026140.9040823,45.81182255976872,545.5110796875254,20.02404741635725,545.5110796875254,45.81182255976872,20.02404741635725,ppk
1748026141.0466933,45.81182255976872,545.5110796875254,20.02404741635725,545.5110796875254,45.81182255976872,20.02404741635725,ppk
1748026141.129623,45.81182255976872,545.5110796875254,20.02404741635725,545.5110796875254,45.81182255976872,20.02404741635725,ppk
1748026141.2496254,45.38796089014859,546.7074170515334,20.07595014825346,546.7074170515334,45.38796089014859,20.07595014825346,ppk
1748026141.345256,45.38796089014859,546.7074170515334,20.07595014825346,546.7074170515334,45.38796089014859,20.07595014825346,ppk
1748026141.485404,44.96409948891813,547.903755153226,20.134352870829666,547.903755153226,44.96409948891813,20.134352870829666,ppk
1748026141.5557775,44.96409948891813,547.903755153226,20.134352870829666,547.903755153226,44.96409948891813,20.134352870829666,ppk
1748026141.687918,44.96409948891813,547.903755153226,20.134352870829666,547.903755153226,44.96409948891813,20.134352870829666,ppk
1748026141.7850604,43.69241165464356,550.2964661585974,20.220055437962042,550.2964661585974,43.69241165464356,20.220055437962042,ppk
1748026141.8929625,43.69241165464356,550.2964661585974,20.220055437962042,550.2964661585974,43.69241165464356,20.220055437962042,ppk
1748026142.0220056,43.69241165464356,550.2964661585974,20.220055437962042,550.2964661585974,43.69241165464356,20.220055437962042,ppk
1748026142.1132014,43.2685506927953,551.4928021278891,20.246551248734633,551.4928021278891,43.2685506927953,20.246551248734633,ppk
1748026142.224586,43.2685506927953,551.4928021278891,20.246551248734633,551.4928021278891,43.2685506927953,20.246551248734633,ppk
1748026142.3350954,41.99686386869681,553.8855105483485,20.285651790971688,553.8855105483485,41.99686386869681,20.285651790971688,ppk
1748026142.5562038,41.99686386869681,553.8855105483485,20.285651790971688,553.8855105483485,41.99686386869681,20.285651790971688,ppk
1748026142.5991063,41.573003457352506,555.081845552281,20.294255887002624,555.081845552281,41.573003457352506,20.294255887002624,ppk
1748026142.70798,41.573003457352506,555.081845552281,20.294255887002624,555.081845552281,41.573003457352506,20.294255887002624,ppk
1748026142.8218856,41.573003457352506,555.081845552281,20.294255887002624,555.081845552281,41.573003457352506,20.294255887002624,ppk
1748026142.9122,40.301317699916794,557.4745515557536,20.289554392640884,557.4745515557536,40.301317699916794,20.289554392640884,ppk
1748026143.0503073,40.301317699916794,557.4745515557536,20.289554392640884,557.4745515557536,40.301317699916794,20.289554392640884,ppk
1748026143.152282,39.87745789226647,558.6708860776405,20.286149036442115,558.6708860776405,39.87745789226647,20.286149036442115,ppk
1748026143.2634435,39.87745789226647,558.6708860776405,20.286149036442115,558.6708860776405,39.87745789226647,20.286149036442115,ppk
1748026143.3920243,39.87745789226647,558.6708860776405,20.286149036442115,558.6708860776405,39.87745789226647,20.286149036442115,ppk
1748026143.507724,39.45359840566062,559.8672220736329,20.297750444357973,559.8672220736329,39.45359840566062,20.297750444357973,ppk
1748026143.6329284,39.45359840566062,559.8672220736329,20.297750444357973,559.8672220736329,39.45359840566062,20.297750444357973,ppk
1748026143.7371569,38.60588009268516,562.259894356743,20.318640801376077,562.259894356743,38.60588009268516,20.318640801376077,ppk
1748026143.843006,38.60588009268516,562.259894356743,20.318640801376077,562.259894356743,38.60588009268516,20.318640801376077,ppk
1748026143.9617062,38.60588009268516,562.259894356743,20.318640801376077,562.259894356743,38.60588009268516,20.318640801376077,ppk
1748026144.1004894,37.75810913785866,564.0544168246868,20.321791236216256,564.0544168246868,37.75810913785866,20.321791236216256,ppk
1748026144.2297442,37.75810913785866,564.0544168246868,20.321791236216256,564.0544168246868,37.75810913785866,20.321791236216256,ppk
1748026144.3589907,36.91039237412416,566.4470898570629,20.337285816851765,566.4470898570629,36.91039237412416,20.337285816851765,ppk
1748026144.491303,36.91039237412416,566.4470898570629,20.337285816851765,566.4470898570629,36.91039237412416,20.337285816851765,ppk
1748026144.6487205,36.06256893058832,567.6434658931183,20.35827976986337,567.6434658931183,36.06256893058832,20.35827976986337,ppk
1748026144.7603512,36.06256893058832,567.6434658931183,20.35827976986337,567.6434658931183,36.06256893058832,20.35827976986337,ppk
1748026144.93062,35.21485371585267,570.0361432661184,20.40957752920501,570.0361432661184,35.21485371585267,20.40957752920501,ppk
1748026145.0433872,35.21485371585267,570.0361432661184,20.40957752920501,570.0361432661184,35.21485371585267,20.40957752920501,ppk
1748026145.1367044,35.21485371585267,570.0361432661184,20.40957752920501,570.0361432661184,35.21485371585267,20.40957752920501,ppk
1748026145.2969532,34.790996370500665,571.2324809872752,20.421573228643243,571.2324809872752,34.790996370500665,20.421573228643243,ppk
1748026145.4377599,34.790996370500665,571.2324809872752,20.421573228643243,571.2324809872752,34.790996370500665,20.421573228643243,ppk
1748026145.5885909,33.943173763138645,572.4288571845718,20.432365501932793,572.4288571845718,33.943173763138645,20.432365501932793,ppk
1748026145.7397697,33.943173763138645,572.4288571845718,20.432365501932793,572.4288571845718,33.943173763138645,20.432365501932793,ppk
1748026145.8539732,33.09551483849369,575.4196861652333,20.49180131226713,575.4196861652333,33.09551483849369,20.49180131226713,ppk
1748026145.953569,33.09551483849369,575.4196861652333,20.49180131226713,575.4196861652333,33.09551483849369,20.49180131226713,ppk
1748026146.0925195,31.823837490051233,577.8124126108664,20.631690423626512,577.8124126108664,31.823837490051233,20.631690423626512,ppk
1748026146.2179883,31.823837490051233,577.8124126108664,20.631690423626512,577.8124126108664,31.823837490051233,20.631690423626512,ppk
1748026146.3758304,31.399981873981623,579.0087566371868,20.69979100831884,579.0087566371868,31.399981873981623,20.69979100831884,ppk
1748026146.4818895,31.399981873981623,579.0087566371868,20.69979100831884,579.0087566371868,31.399981873981623,20.69979100831884,ppk
1748026146.6293259,30.976126432745254,580.2051000494437,20.759079389514657,580.2051000494437,30.976126432745254,20.759079389514657,ppk
1748026146.7736604,30.976126432745254,580.2051000494437,20.759079389514657,580.2051000494437,30.976126432745254,20.759079389514657,ppk
1748026146.8742917,30.976126432745254,580.2051000494437,20.759079389514657,580.2051000494437,30.976126432745254,20.759079389514657,ppk
1748026147.0379615,30.12847131317505,583.1959353825,20.858809627592752,583.1959353825,30.12847131317505,20.858809627592752,ppk
1748026147.1637933,29.70461653943584,584.392277336728,20.89570486814062,584.392277336728,29.70461653943584,20.89570486814062,ppk
1748026147.2821603,29.70461653943584,584.392277336728,20.89570486814062,584.392277336728,29.70461653943584,20.89570486814062,ppk
1748026147.4040318,29.70461653943584,584.392277336728,20.89570486814062,584.392277336728,29.70461653943584,20.89570486814062,ppk
1748026147.581596,29.280761968339927,585.5886190891997,20.928495241147516,585.5886190891997,29.280761968339927,20.928495241147516,ppk
1748026147.7108643,29.280761968339927,585.5886190891997,20.928495241147516,585.5886190891997,29.280761968339927,20.928495241147516,ppk
1748026147.8332732,28.00914379754506,588.5794948127684,21.019527099238072,588.5794948127684,28.00914379754506,21.019527099238072,ppk
1748026147.9504917,28.00914379754506,588.5794948127684,21.019527099238072,588.5794948127684,28.00914379754506,21.019527099238072,ppk
1748026148.111039,27.58529019607604,589.7758413291182,21.096918016298478,589.7758413291182,27.58529019607604,21.096918016298478,ppk
1748026148.236794,27.58529019607604,589.7758413291182,21.096918016298478,589.7758413291182,27.58529019607604,21.096918016298478,ppk
1748026148.3682215,26.737639929516757,592.7666890366079,21.295550790122718,592.7666890366079,26.737639929516757,21.295550790122718,ppk
1748026148.485323,26.737639929516757,592.7666890366079,21.295550790122718,592.7666890366079,26.737639929516757,21.295550790122718,ppk
1748026148.6845608,26.313787185856416,593.9630383619793,21.39643937603886,593.9630383619793,26.313787185856416,21.39643937603886,ppk
1748026148.7927847,26.313787185856416,593.9630383619793,21.39643937603886,593.9630383619793,26.313787185856416,21.39643937603886,ppk
1748026148.8689303,26.313787185856416,593.9630383619793,21.39643937603886,593.9630383619793,26.313787185856416,21.39643937603886,ppk
1748026149.0653098,25.466082157593064,596.3557333615972,21.55272170532286,596.3557333615972,25.466082157593064,21.55272170532286,ppk
1748026149.20096,25.466082157593064,596.3557333615972,21.55272170532286,596.3557333615972,25.466082157593064,21.55272170532286,ppk
1748026149.3099482,25.042286572705716,598.1502312657594,21.629650668909665,598.1502312657594,25.042286572705716,21.629650668909665,ppk
1748026149.4394066,25.042286572705716,598.1502312657594,21.629650668909665,598.1502312657594,25.042286572705716,21.629650668909665,ppk
1748026149.56532,24.194582931337322,600.5429240867758,21.74963060311538,600.5429240867758,24.194582931337322,21.74963060311538,ppk
1748026149.6950479,24.194582931337322,600.5429240867758,21.74963060311538,600.5429240867758,24.194582931337322,21.74963060311538,ppk
1748026149.8252246,23.770788437634653,602.3374209292396,21.80736274803895,602.3374209292396,23.770788437634653,21.80736274803895,ppk
1748026149.995926,23.770788437634653,602.3374209292396,21.80736274803895,602.3374209292396,23.770788437634653,21.80736274803895,ppk
1748026150.1081703,22.923086373158498,604.7301159139405,21.937640627751648,604.7301159139405,22.923086373158498,21.937640627751648,ppk
1748026150.26087,22.923086373158498,604.7301159139405,21.937640627751648,604.7301159139405,22.923086373158498,21.937640627751648,ppk
1748026150.383525,22.499293078726126,606.5246143911792,22.004870108457673,606.5246143911792,22.499293078726126,22.004870108457673,ppk
1748026150.490904,22.499293078726126,606.5246143911792,22.004870108457673,606.5246143911792,22.499293078726126,22.004870108457673,ppk
1748026150.6794837,22.075442674787013,607.7209615607414,22.061261204659093,607.7209615607414,22.075442674787013,22.061261204659093,ppk
1748026150.802127,22.075442674787013,607.7209615607414,22.061261204659093,607.7209615607414,22.075442674787013,22.061261204659093,ppk
1748026150.94343,20.803834677624923,610.7118462941123,22.155378795995645,610.7118462941123,20.803834677624923,22.155378795995645,ppk
1748026151.0370803,20.803834677624923,610.7118462941123,22.155378795995645,610.7118462941123,20.803834677624923,22.155378795995645,ppk
1748026151.1883068,20.379984968472666,611.9081919469025,22.188964734691417,611.9081919469025,20.379984968472666,22.188964734691417,ppk
1748026151.299513,20.379984968472666,611.9081919469025,22.188964734691417,611.9081919469025,20.379984968472666,22.188964734691417,ppk
1748026151.4163253,20.379984968472666,611.9081919469025,22.188964734691417,611.9081919469025,20.379984968472666,22.188964734691417,ppk
1748026151.595748,19.956135449291935,613.1045367368379,22.211754828438472,613.1045367368379,19.956135449291935,22.211754828438472,ppk
1748026151.7140548,19.956135449291935,613.1045367368379,22.211754828438472,613.1045367368379,19.956135449291935,22.211754828438472,ppk
1748026151.8428612,18.684529759888772,616.0954176710377,22.243270293774735,616.0954176710377,18.684529759888772,22.243270293774735,ppk
1748026151.9527905,18.684529759888772,616.0954176710377,22.243270293774735,616.0954176710377,18.684529759888772,22.243270293774735,ppk
1748026152.1142483,18.260681013453066,617.2917627105693,22.26215324051024,617.2917627105693,18.260681013453066,22.26215324051024,ppk
1748026152.2077932,18.260681013453066,617.2917627105693,22.26215324051024,617.2917627105693,18.260681013453066,22.26215324051024,ppk
1748026152.3622108,17.413042921483953,620.2826050829863,22.307863569199263,620.2826050829863,17.413042921483953,22.307863569199263,ppk
1748026152.4970782,17.413042921483953,620.2826050829863,22.307863569199263,620.2826050829863,17.413042921483953,22.307863569199263,ppk
1748026152.6586745,16.989194998439956,621.478951982591,22.340249675752286,621.478951982591,16.989194998439956,22.340249675752286,ppk
1748026152.798683,16.989194998439956,621.478951982591,22.340249675752286,621.478951982591,16.989194998439956,22.340249675752286,ppk
1748026152.913995,16.989194998439956,621.478951982591,22.340249675752286,621.478951982591,16.989194998439956,22.340249675752286,ppk
1748026153.0233796,15.717593382538205,624.4698418176604,22.430163642591936,624.4698418176604,15.717593382538205,22.430163642591936,ppk
1748026153.1965137,15.293746284745664,625.6661913809996,22.483148216142084,625.6661913809996,15.293746284745664,22.483148216142084,ppk
1748026153.3022141,15.293746284745664,625.6661913809996,22.483148216142084,625.6661913809996,15.293746284745664,22.483148216142084,ppk
1748026153.4127536,15.293746284745664,625.6661913809996,22.483148216142084,625.6661913809996,15.293746284745664,22.483148216142084,ppk
1748026153.5759816,14.445993210999932,627.4607356030239,22.547175564491667,627.4607356030239,14.445993210999932,22.547175564491667,ppk
1748026153.7026792,14.445993210999932,627.4607356030239,22.547175564491667,627.4607356030239,14.445993210999932,22.547175564491667,ppk
1748026153.861131,13.598300378906869,629.8534379659718,22.67423844794091,629.8534379659718,13.598300378906869,22.67423844794091,ppk
1748026154.0051844,13.598300378906869,629.8534379659718,22.67423844794091,629.8534379659718,13.598300378906869,22.67423844794091,ppk
1748026154.1170814,12.750548437541239,631.6479825261229,22.73016197644102,631.6479825261229,12.750548437541239,22.73016197644102,ppk
1748026154.2155485,12.750548437541239,631.6479825261229,22.73016197644102,631.6479825261229,12.750548437541239,22.73016197644102,ppk
1748026154.3818476,11.902857007401957,634.0406794584013,22.78883317399834,634.0406794584013,11.902857007401957,22.78883317399834,ppk
1748026154.5087702,11.902857007401957,634.0406794584013,22.78883317399834,634.0406794584013,11.902857007401957,22.78883317399834,ppk
1748026154.6768835,11.055106158430839,635.8352211002837,22.804250844975737,635.8352211002837,11.055106158430839,22.804250844975737,ppk
1748026154.8391511,11.055106158430839,635.8352211002837,22.804250844975737,635.8352211002837,11.055106158430839,22.804250844975737,ppk
1748026154.9473224,10.207476761826209,638.8260716902347,22.869253901269452,638.8260716902347,10.207476761826209,22.869253901269452,ppk
1748026155.0652528,10.207476761826209,638.8260716902347,22.869253901269452,638.8260716902347,10.207476761826209,22.869253901269452,ppk
1748026155.2180083,9.359666688327675,640.0224667979054,22.926035492248264,640.0224667979054,9.359666688327675,22.926035492248264,ppk
1748026155.3075178,9.359666688327675,640.0224667979054,22.926035492248264,640.0224667979054,9.359666688327675,22.926035492248264,ppk
1748026155.4192972,9.359666688327675,640.0224667979054,22.926035492248264,640.0224667979054,9.359666688327675,22.926035492248264,ppk
1748026155.556144,8.935822464057855,641.218819553754,22.98621887839904,641.218819553754,8.935822464057855,22.98621887839904,ppk
1748026155.702845,8.935822464057855,641.218819553754,22.98621887839904,641.218819553754,8.935822464057855,22.98621887839904,ppk
1748026155.822109,7.664229923860869,644.2097139553729,23.0384175290312,644.2097139553729,7.664229923860869,23.0384175290312,ppk
1748026155.973798,7.240447541478797,646.0042131966242,23.036939835806155,646.0042131966242,7.240447541478797,23.036939835806155,ppk
1748026156.0799248,7.240447541478797,646.0042131966242,23.036939835806155,646.0042131966242,7.240447541478797,23.036939835806155,ppk
1748026156.211298,7.240447541478797,646.0042131966242,23.036939835806155,646.0042131966242,7.240447541478797,23.036939835806155,ppk
1748026156.3622742,6.392822827941816,648.9950603132385,23.034432742437772,648.9950603132385,6.392822827941816,23.034432742437772,ppk
1748026156.4969883,6.392822827941816,648.9950603132385,23.034432742437772,648.9950603132385,6.392822827941816,23.034432742437772,ppk
1748026156.6181562,5.5450145995477405,650.1914543018306,23.05851233572367,650.1914543018306,5.5450145995477405,23.05851233572367,ppk
1748026156.7408564,5.5450145995477405,650.1914543018306,23.05851233572367,650.1914543018306,5.5450145995477405,23.05851233572367,ppk
1748026156.9141421,4.273426310149835,653.1823581938351,23.16910912265844,653.1823581938351,4.273426310149835,23.16910912265844,ppk
1748026157.013094,4.273426310149835,653.1823581938351,23.16910912265844,653.1823581938351,4.273426310149835,23.16910912265844,ppk
1748026157.1848443,3.849646497219112,654.9768633202,23.209430135399344,654.9768633202,3.849646497219112,23.209430135399344,ppk
1748026157.2844691,3.849646497219112,654.9768633202,23.209430135399344,654.9768633202,3.849646497219112,23.209430135399344,ppk
1748026157.4087203,3.4258050171490604,656.1732145781831,23.233202885804133,656.1732145781831,3.4258050171490604,23.233202885804133,ppk
1748026157.5470755,3.4258050171490604,656.1732145781831,23.233202885804133,656.1732145781831,3.4258050171490604,23.233202885804133,ppk
1748026157.6968415,2.1542194682505986,659.1641137754153,23.275093752108145,659.1641137754153,2.1542194682505986,23.275093752108145,ppk
1748026157.8928368,2.1542194682505986,659.1641137754153,23.275093752108145,659.1641137754153,2.1542194682505986,23.275093752108145,ppk
1748026158.0410075,1.7304413306959991,660.9586177489547,23.2939133106242,660.9586177489547,1.7304413306959991,23.2939133106242,ppk
1748026158.1417465,1.7304413306959991,660.9586177489547,23.2939133106242,660.9586177489547,1.7304413306959991,23.2939133106242,ppk
1748026158.2329,1.7304413306959991,660.9586177489547,23.2939133106242,660.9586177489547,1.7304413306959991,23.2939133106242,ppk
1748026158.3657455,0.4588580249753866,663.9495172962692,23.32160329435129,663.9495172962692,0.4588580249753866,23.32160329435129,ppk
1748026158.4781048,0.4588580249753866,663.9495172962692,23.32160329435129,663.9495172962692,0.4588580249753866,23.32160329435129,ppk
1748026158.6232314,0.03501822750870618,665.1458680319699,23.327879936247424,665.1458680319699,0.03501822750870618,23.327879936247424,ppk
1748026158.7417548,0.03501822750870618,665.1458680319699,23.327879936247424,665.1458680319699,0.03501822750870618,23.327879936247424,ppk
1748026158.870133,-0.8127238691168788,666.9404165396879,23.334589780716502,666.9404165396879,-0.8127238691168788,23.334589780716502,ppk
1748026159.0367057,-0.8127238691168788,666.9404165396879,23.334589780716502,666.9404165396879,-0.8127238691168788,23.334589780716502,ppk
1748026159.1965554,-1.6603387010891975,669.931271816568,23.345476658788705,669.931271816568,-1.6603387010891975,23.345476658788705,ppk
1748026159.3288145,-1.6603387010891975,669.931271816568,23.345476658788705,669.931271816568,-1.6603387010891975,23.345476658788705,ppk
1748026159.418125,-2.508143015932943,671.1276681351881,23.349150257617847,671.1276681351881,-2.508143015932943,23.349150257617847,ppk
1748026159.5384772,-2.508143015932943,671.1276681351881,23.349150257617847,671.1276681351881,-2.508143015932943,23.349150257617847,ppk
1748026159.6870096,-2.508143015932943,671.1276681351881,23.349150257617847,671.1276681351881,-2.508143015932943,23.349150257617847,ppk
1748026159.851746,-3.355692013776635,674.7166791584259,23.372171213205526,674.7166791584259,-3.355692013776635,23.372171213205526,ppk
1748026159.9675071,-3.355692013776635,674.7166791584259,23.372171213205526,674.7166791584259,-3.355692013776635,23.372171213205526,ppk
1748026160.1090302,-3.779529785154818,675.913032765929,23.391743619341216,675.913032765929,-3.779529785154818,23.391743619341216,ppk
1748026160.2359579,-3.779529785154818,675.913032765929,23.391743619341216,675.913032765929,-3.779529785154818,23.391743619341216,ppk
1748026160.3842692,-5.051106067637307,678.9039414346167,23.45133162901128,678.9039414346167,-5.051106067637307,23.45133162901128,ppk
1748026160.4897857,-5.051106067637307,678.9039414346167,23.45133162901128,678.9039414346167,-5.051106067637307,23.45133162901128,ppk
1748026160.6607823,-5.898844305915107,680.6984972256367,23.4950394947312,680.6984972256367,-5.898844305915107,23.4950394947312,ppk
1748026160.807021,-5.898844305915107,680.6984972256367,23.4950394947312,680.6984972256367,-5.898844305915107,23.4950394947312,ppk
1748026160.9089787,-7.1704183835081095,683.6894104035456,23.577513025093406,683.6894104035456,-7.1704183835081095,23.577513025093406,ppk
1748026161.03683,-7.1704183835081095,683.6894104035456,23.577513025093406,683.6894104035456,-7.1704183835081095,23.577513025093406,ppk
1748026161.1652417,-7.594189586263746,685.4839177670759,23.5864221202903,685.4839177670759,-7.594189586263746,23.5864221202903,ppk
1748026161.3125882,-7.594189586263746,685.4839177670759,23.5864221202903,685.4839177670759,-7.594189586263746,23.5864221202903,ppk
1748026161.4381833,-8.01802531255009,686.6802703510999,23.581593425459978,686.6802703510999,-8.01802531255009,23.581593425459978,ppk
1748026161.621304,-8.01802531255009,686.6802703510999,23.581593425459978,686.6802703510999,-8.01802531255009,23.581593425459978,ppk
1748026161.754353,-9.289596397560347,689.6711710243464,23.52667359490211,689.6711710243464,-9.289596397560347,23.52667359490211,ppk
1748026161.8847756,-9.289596397560347,689.6711710243464,23.52667359490211,689.6711710243464,-9.289596397560347,23.52667359490211,ppk
1748026162.0556965,-10.1373315166337,691.4657230223072,23.509975956171306,691.4657230223072,-10.1373315166337,23.509975956171306,ppk
1748026162.2290082,-10.1373315166337,691.4657230223072,23.509975956171306,691.4657230223072,-10.1373315166337,23.509975956171306,ppk
1748026162.353135,-11.408900399669884,694.4566316414554,23.51074804285826,694.4566316414554,-11.408900399669884,23.51074804285826,ppk
1748026162.47912,-11.408900399669884,694.4566316414554,23.51074804285826,694.4566316414554,-11.408900399669884,23.51074804285826,ppk
1748026162.6393447,-11.408900399669884,694.4566316414554,23.51074804285826,694.4566316414554,-11.408900399669884,23.51074804285826,ppk
1748026162.9134533,-12.680467825176088,697.4475393154261,23.49181937813078,697.4475393154261,-12.680467825176088,23.49181937813078,ppk
1748026162.9285932,-12.680467825176088,697.4475393154261,23.49181937813078,697.4475393154261,-12.680467825176088,23.49181937813078,ppk
1748026163.0654526,-12.680467825176088,697.4475393154261,23.49181937813078,697.4475393154261,-12.680467825176088,23.49181937813078,ppk
1748026163.1910398,-13.951967479953442,701.0366026307846,23.47612698281238,701.0366026307846,-13.951967479953442,23.47612698281238,ppk
1748026163.3808122,-13.951967479953442,701.0366026307846,23.47612698281238,701.0366026307846,-13.951967479953442,23.47612698281238,ppk
1748026163.5265408,-13.951967479953442,701.0366026307846,23.47612698281238,701.0366026307846,-13.951967479953442,23.47612698281238,ppk
1748026163.6368825,-13.951967479953442,701.0366026307846,23.47612698281238,701.0366026307846,-13.951967479953442,23.47612698281238,ppk
1748026163.8265185,-16.07132967981655,705.2239182563363,23.478560334009376,705.2239182563363,-16.07132967981655,23.478560334009376,ppk
1748026163.9422712,-16.07132967981655,705.2239182563363,23.478560334009376,705.2239182563363,-16.07132967981655,23.478560334009376,ppk
1748026164.0387645,-16.919060400968792,707.018476517049,23.482662782075682,707.018476517049,-16.919060400968792,23.482662782075682,ppk
1748026164.174867,-16.919060400968792,707.018476517049,23.482662782075682,707.018476517049,-16.919060400968792,23.482662782075682,ppk
1748026164.2651322,-16.919060400968792,707.018476517049,23.482662782075682,707.018476517049,-16.919060400968792,23.482662782075682,ppk
1748026164.3958228,-18.19062194128195,710.0093929457031,23.496724267056738,710.0093929457031,-18.19062194128195,23.496724267056738,ppk
1748026164.5168934,-18.19062194128195,710.0093929457031,23.496724267056738,710.0093929457031,-18.19062194128195,23.496724267056738,ppk
1748026164.629517,-18.614385683077305,711.8039057336749,23.510225761358566,711.8039057336749,-18.614385683077305,23.510225761358566,ppk
1748026164.7602782,-18.614385683077305,711.8039057336749,23.510225761358566,711.8039057336749,-18.614385683077305,23.510225761358566,ppk
1748026164.867048,-19.462182144292914,713.000313337959,23.535388895365195,713.000313337959,-19.462182144292914,23.535388895365195,ppk
1748026164.979377,-19.462182144292914,713.000313337959,23.535388895365195,713.000313337959,-19.462182144292914,23.535388895365195,ppk
1748026165.101733,-19.462182144292914,713.000313337959,23.535388895365195,713.000313337959,-19.462182144292914,23.535388895365195,ppk
1748026165.252489,-20.73367331009284,716.5893963095423,23.632784554065953,716.5893963095423,-20.73367331009284,23.632784554065953,ppk
1748026165.401556,-20.73367331009284,716.5893963095423,23.632784554065953,716.5893963095423,-20.73367331009284,23.632784554065953,ppk
1748026165.5256486,-21.58146904708791,717.7858103253054,23.705347936101916,717.7858103253054,-21.58146904708791,23.705347936101916,ppk
1748026165.6323805,-21.58146904708791,717.7858103253054,23.705347936101916,717.7858103253054,-21.58146904708791,23.705347936101916,ppk
1748026165.7584648,-22.85295769881017,721.3749001147353,23.84243622290228,721.3749001147353,-22.85295769881017,23.84243622290228,ppk
1748026165.8594131,-22.85295769881017,721.3749001147353,23.84243622290228,721.3749001147353,-22.85295769881017,23.84243622290228,ppk
1748026165.9682856,-22.85295769881017,721.3749001147353,23.84243622290228,721.3749001147353,-22.85295769881017,23.84243622290228,ppk
1748026166.070956,-23.276786864346562,722.5712654830146,23.903601682476015,722.5712654830146,-23.276786864346562,23.903601682476015,ppk
1748026166.1998188,-23.276786864346562,722.5712654830146,23.903601682476015,722.5712654830146,-23.276786864346562,23.903601682476015,ppk
1748026166.3800821,-24.548272680471296,726.1603518106585,23.991385793468428,726.1603518106585,-24.548272680471296,23.991385793468428,ppk
1748026166.497315,-24.548272680471296,726.1603518106585,23.991385793468428,726.1603518106585,-24.548272680471296,23.991385793468428,ppk
1748026166.6343737,-25.396066552955897,727.3567640928541,24.02954593706625,727.3567640928541,-25.396066552955897,24.02954593706625,ppk
1748026166.7428286,-25.396066552955897,727.3567640928541,24.02954593706625,727.3567640928541,-25.396066552955897,24.02954593706625,ppk
1748026166.8967283,-26.667618834902253,730.3476959965942,24.105401933242327,730.3476959965942,-26.667618834902253,24.105401933242327,ppk
1748026167.070653,-26.667618834902253,730.3476959965942,24.105401933242327,730.3476959965942,-26.667618834902253,24.105401933242327,ppk
1748026167.2104626,-27.515342635924732,732.142264532906,24.14179113962516,732.142264532906,-27.515342635924732,24.14179113962516,ppk
1748026167.311243,-27.515342635924732,732.142264532906,24.14179113962516,732.142264532906,-27.515342635924732,24.14179113962516,ppk
1748026167.4349728,-27.515342635924732,732.142264532906,24.14179113962516,732.142264532906,-27.515342635924732,24.14179113962516,ppk
1748026167.5812273,-27.939100280420472,733.936785187587,24.185788113414358,733.936785187587,-27.939100280420472,24.185788113414358,ppk
1748026167.7624707,-29.2106495626671,736.9277212701303,24.274633379953187,736.9277212701303,-29.2106495626671,24.274633379953187,ppk
1748026167.9937847,-29.2106495626671,736.9277212701303,24.274633379953187,736.9277212701303,-29.2106495626671,24.274633379953187,ppk
1748026168.0334346,-29.2106495626671,736.9277212701303,24.274633379953187,736.9277212701303,-29.2106495626671,24.274633379953187,ppk
1748026168.1481884,-30.482196972398228,739.9186468053192,24.26128125218097,739.9186468053192,-30.482196972398228,24.26128125218097,ppk
1748026168.283164,-30.482196972398228,739.9186468053192,24.26128125218097,739.9186468053192,-30.482196972398228,24.26128125218097,ppk
1748026168.4005935,-31.32991777136283,741.7132102515795,24.232573269410054,741.7132102515795,-31.32991777136283,24.232573269410054,ppk
1748026168.5372393,-31.32991777136283,741.7132102515795,24.232573269410054,741.7132102515795,-31.32991777136283,24.232573269410054,ppk
1748026168.6258643,-31.32991777136283,741.7132102515795,24.232573269410054,741.7132102515795,-31.32991777136283,24.232573269410054,ppk
1748026168.7658162,-32.60146273247345,744.7041339356814,24.18671725839261,744.7041339356814,-32.60146273247345,24.18671725839261,ppk
1748026168.907983,-32.60146273247345,744.7041339356814,24.18671725839261,744.7041339356814,-32.60146273247345,24.18671725839261,ppk
1748026169.0771472,-33.4491821756454,746.498699179544,24.163104083549108,746.498699179544,-33.4491821756454,24.163104083549108,ppk
1748026169.2532814,-33.4491821756454,746.498699179544,24.163104083549108,746.498699179544,-33.4491821756454,24.163104083549108,ppk
1748026169.3722138,-33.4491821756454,746.498699179544,24.163104083549108,746.498699179544,-33.4491821756454,24.163104083549108,ppk
1748026169.485572,-33.4491821756454,746.498699179544,24.163104083549108,746.498699179544,-33.4491821756454,24.163104083549108,ppk
1748026169.5994008,-35.144476978541284,751.2841355017739,24.04863479870445,751.2841355017739,-35.144476978541284,24.04863479870445,ppk
1748026169.7564886,-35.144476978541284,751.2841355017739,24.04863479870445,751.2841355017739,-35.144476978541284,24.04863479870445,ppk
1748026169.9049459,-35.144476978541284,751.2841355017739,24.04863479870445,751.2841355017739,-35.144476978541284,24.04863479870445,ppk
1748026170.0303025,-36.41601762022978,754.2750686199448,24.052372238292104,754.2750686199448,-36.41601762022978,24.052372238292104,ppk
1748026170.20016,-36.41601762022978,754.2750686199448,24.052372238292104,754.2750686199448,-36.41601762022978,24.052372238292104,ppk
1748026170.280607,-37.26373453450054,756.0696407394373,24.067459784413987,756.0696407394373,-37.26373453450054,24.067459784413987,ppk
1748026170.374545,-37.26373453450054,756.0696407394373,24.067459784413987,756.0696407394373,-37.26373453450054,24.067459784413987,ppk
1748026170.5218258,-37.26373453450054,756.0696407394373,24.067459784413987,756.0696407394373,-37.26373453450054,24.067459784413987,ppk
1748026170.657525,-38.53527254196973,759.0605685892903,24.010197553397386,759.0605685892903,-38.53527254196973,24.010197553397386,ppk
1748026170.7834241,-38.53527254196973,759.0605685892903,24.010197553397386,759.0605685892903,-38.53527254196973,24.010197553397386,ppk
1748026170.8981566,-39.806808855057774,762.0514927587534,23.912429210180395,762.0514927587534,-39.806808855057774,23.912429210180395,ppk
1748026171.0411215,-39.806808855057774,762.0514927587534,23.912429210180395,762.0514927587534,-39.806808855057774,23.912429210180395,ppk
1748026171.2412653,-41.078344386153724,765.0424305908432,23.919464204380088,765.0424305908432,-41.078344386153724,23.919464204380088,ppk
1748026171.4330647,-41.078344386153724,765.0424305908432,23.919464204380088,765.0424305908432,-41.078344386153724,23.919464204380088,ppk
1748026171.6122081,-41.92605806267828,766.837002442596,23.909340587264577,766.837002442596,-41.92605806267828,23.909340587264577,ppk
1748026171.7452319,-41.92605806267828,766.837002442596,23.909340587264577,766.837002442596,-41.92605806267828,23.909340587264577,ppk
1748026171.891624,-41.92605806267828,766.837002442596,23.909340587264577,766.837002442596,-41.92605806267828,23.909340587264577,ppk
1748026172.0125296,-41.92605806267828,766.837002442596,23.909340587264577,766.837002442596,-41.92605806267828,23.909340587264577,ppk
1748026172.2460117,-43.621410801672376,771.0243028392453,23.875126218199707,771.0243028392453,-43.621410801672376,23.875126218199707,ppk
1748026172.3309524,-43.621410801672376,771.0243028392453,23.875126218199707,771.0243028392453,-43.621410801672376,23.875126218199707,ppk
1748026172.5199552,-44.46912295597633,772.8188794616188,23.89200863787586,772.8188794616188,-44.46912295597633,23.89200863787586,ppk
1748026172.6598063,-44.46912295597633,772.8188794616188,23.89200863787586,772.8188794616188,-44.46912295597633,23.89200863787586,ppk
1748026172.7814007,-44.46912295597633,772.8188794616188,23.89200863787586,772.8188794616188,-44.46912295597633,23.89200863787586,ppk
1748026172.9320846,-44.46912295597633,772.8188794616188,23.89200863787586,772.8188794616188,-44.46912295597633,23.89200863787586,ppk
1748026173.0989034,-46.16447203472396,777.0061886645166,23.903489742782362,777.0061886645166,-46.16447203472396,23.903489742782362,ppk
1748026173.262358,-46.16447203472396,777.0061886645166,23.903489742782362,777.0061886645166,-46.16447203472396,23.903489742782362,ppk
1748026173.466171,-47.43600101443259,779.9971413080461,23.982415881538376,779.9971413080461,-47.43600101443259,23.982415881538376,ppk
1748026173.479703,-47.43600101443259,779.9971413080461,23.982415881538376,779.9971413080461,-47.43600101443259,23.982415881538376,ppk
1748026173.5883753,-47.43600101443259,779.9971413080461,23.982415881538376,779.9971413080461,-47.43600101443259,23.982415881538376,ppk
1748026173.6699054,-47.85981912745968,781.1935129197329,24.019566650703187,781.1935129197329,-47.85981912745968,24.019566650703187,ppk
1748026173.77384,-47.85981912745968,781.1935129197329,24.019566650703187,781.1935129197329,-47.85981912745968,24.019566650703187,ppk
1748026173.8793342,-47.85981912745968,781.1935129197329,24.019566650703187,781.1935129197329,-47.85981912745968,24.019566650703187,ppk
1748026173.9907663,-49.131345969011036,784.1844641967731,24.073084607321807,784.1844641967731,-49.131345969011036,24.073084607321807,ppk
1748026174.0916927,-49.131345969011036,784.1844641967731,24.073084607321807,784.1844641967731,-49.131345969011036,24.073084607321807,ppk
1748026174.1963725,-49.131345969011036,784.1844641967731,24.073084607321807,784.1844641967731,-49.131345969011036,24.073084607321807,ppk
1748026174.343115,-50.40294611192139,786.5772620667763,24.150585098498293,786.5772620667763,-50.40294611192139,24.150585098498293,ppk
1748026174.449318,-50.40294611192139,786.5772620667763,24.150585098498293,786.5772620667763,-50.40294611192139,24.150585098498293,ppk
1748026174.579553,-50.82676308168556,787.7736359109518,24.19713385282119,787.7736359109518,-50.82676308168556,24.19713385282119,ppk
1748026174.687703,-50.82676308168556,787.7736359109518,24.19713385282119,787.7736359109518,-50.82676308168556,24.19713385282119,ppk
1748026174.7886362,-50.82676308168556,787.7736359109518,24.19713385282119,787.7736359109518,-50.82676308168556,24.19713385282119,ppk
1748026174.9165204,-50.82676308168556,787.7736359109518,24.19713385282119,787.7736359109518,-50.82676308168556,24.19713385282119,ppk
1748026175.0428514,-50.82676308168556,787.7736359109518,24.19713385282119,787.7736359109518,-50.82676308168556,24.19713385282119,ppk
1748026175.170498,-50.82676308168556,787.7736359109518,24.19713385282119,787.7736359109518,-50.82676308168556,24.19713385282119,ppk
1748026175.2858353,-50.82676308168556,787.7736359109518,24.19713385282119,787.7736359109518,-50.82676308168556,24.19713385282119,ppk
1748026175.477215,-50.82676308168556,787.7736359109518,24.19713385282119,787.7736359109518,-50.82676308168556,24.19713385282119,ppk
1748026175.6169417,-50.82676308168556,787.7736359109518,24.19713385282119,787.7736359109518,-50.82676308168556,24.19713385282119,ppk
1748026175.6897347,-50.82676308168556,787.7736359109518,24.19713385282119,787.7736359109518,-50.82676308168556,24.19713385282119,ppk
1748026175.851293,-50.82676308168556,787.7736359109518,24.19713385282119,787.7736359109518,-50.82676308168556,24.19713385282119,ppk
1748026176.0095942,-55.065221059265774,797.3447225515155,24.428913037232302,797.3447225515155,-55.065221059265774,24.428913037232302,ppk
1748026176.1030762,-55.065221059265774,797.3447225515155,24.428913037232302,797.3447225515155,-55.065221059265774,24.428913037232302,ppk
1748026176.225132,-55.489035557313066,798.5410912319848,24.420253166671326,798.5410912319848,-55.489035557313066,24.420253166671326,ppk
1748026176.3498855,-55.489035557313066,798.5410912319848,24.420253166671326,798.5410912319848,-55.489035557313066,24.420253166671326,ppk
1748026176.4846652,-56.33666368629069,800.9338264718141,24.382249379338468,800.9338264718141,-56.33666368629069,24.382249379338468,ppk
1748026176.6604722,-56.33666368629069,800.9338264718141,24.382249379338468,800.9338264718141,-56.33666368629069,24.382249379338468,ppk
1748026176.7553513,-56.33666368629069,800.9338264718141,24.382249379338468,800.9338264718141,-56.33666368629069,24.382249379338468,ppk
1748026176.9008365,-57.184442981713474,802.1302467057174,24.351688589734913,802.1302467057174,-57.184442981713474,24.351688589734913,ppk
1748026177.0215497,-57.184442981713474,802.1302467057174,24.351688589734913,802.1302467057174,-57.184442981713474,24.351688589734913,ppk
1748026177.1669455,-58.032069362214045,804.522977948006,24.273384772444647,804.522977948006,-58.032069362214045,24.273384772444647,ppk
1748026177.2796295,-58.032069362214045,804.522977948006,24.273384772444647,804.522977948006,-58.032069362214045,24.273384772444647,ppk
1748026177.4474921,-58.87977162087256,806.3175572022296,24.241450628608693,806.3175572022296,-58.87977162087256,24.241450628608693,ppk
1748026177.5847006,-58.87977162087256,806.3175572022296,24.241450628608693,806.3175572022296,-58.87977162087256,24.241450628608693,ppk
1748026177.6995232,-58.87977162087256,806.3175572022296,24.241450628608693,806.3175572022296,-58.87977162087256,24.241450628608693,ppk
1748026177.8609662,-59.72739677531677,808.7102949352861,24.20564074264595,808.7102949352861,-59.72739677531677,24.20564074264595,ppk
1748026177.9407146,-59.72739677531677,808.7102949352861,24.20564074264595,808.7102949352861,-59.72739677531677,24.20564074264595,ppk
1748026178.1184735,-60.15120909257648,809.9066651413605,24.196482522789683,809.9066651413605,-60.15120909257648,24.196482522789683,ppk
1748026178.249121,-60.15120909257648,809.9066651413605,24.196482522789683,809.9066651413605,-60.15120909257648,24.196482522789683,ppk
1748026178.366125,-60.99875617459255,812.8975656834638,24.18629847934352,812.8975656834638,-60.99875617459255,24.18629847934352,ppk
1748026178.55641,-60.99875617459255,812.8975656834638,24.18629847934352,812.8975656834638,-60.99875617459255,24.18629847934352,ppk
1748026178.7009885,-61.84653316401286,814.0939884908756,24.157138635960557,814.0939884908756,-61.84653316401286,24.157138635960557,ppk
1748026178.8453991,-61.84653316401286,814.0939884908756,24.157138635960557,814.0939884908756,-61.84653316401286,24.157138635960557,ppk
1748026178.9553921,-62.694154825796645,816.4867216069736,24.068819950287754,816.4867216069736,-62.694154825796645,24.068819950287754,ppk
1748026179.0654144,-62.694154825796645,816.4867216069736,24.068819950287754,816.4867216069736,-62.694154825796645,24.068819950287754,ppk
1748026179.2142098,-62.694154825796645,816.4867216069736,24.068819950287754,816.4867216069736,-62.694154825796645,24.068819950287754,ppk
1748026179.326631,-63.96566415384707,819.4776757138922,24.0317269898776,819.4776757138922,-63.96566415384707,24.0317269898776,ppk
1748026179.4712741,-63.96566415384707,819.4776757138922,24.0317269898776,819.4776757138922,-63.96566415384707,24.0317269898776,ppk
1748026179.562732,-63.96566415384707,819.4776757138922,24.0317269898776,819.4776757138922,-63.96566415384707,24.0317269898776,ppk
1748026179.6812832,-64.38947441206781,820.674047423095,24.022764836367763,820.674047423095,-64.38947441206781,24.022764836367763,ppk
1748026179.8672874,-64.38947441206781,820.674047423095,24.022764836367763,820.674047423095,-64.38947441206781,24.022764836367763,ppk
1748026179.9735808,-65.23709419316063,823.0667906574212,23.999750964505893,823.0667906574212,-65.23709419316063,23.999750964505893,ppk
1748026180.1181564,-65.23709419316063,823.0667906574212,23.999750964505893,823.0667906574212,-65.23709419316063,23.999750964505893,ppk
1748026180.2779815,-65.66082572293195,824.8613222756495,23.99381602105785,824.8613222756495,-65.66082572293195,23.99381602105785,ppk
1748026180.3930755,-65.66082572293195,824.8613222756495,23.99381602105785,824.8613222756495,-65.66082572293195,23.99381602105785,ppk
1748026180.5207171,-66.50860083685761,826.0577529628395,24.007049861820633,826.0577529628395,-66.50860083685761,24.007049861820633,ppk
1748026180.6917033,-66.50860083685761,826.0577529628395,24.007049861820633,826.0577529628395,-66.50860083685761,24.007049861820633,ppk
1748026180.7875273,-67.35621936825488,828.4505075259862,24.059831726393035,828.4505075259862,-67.35621936825488,24.059831726393035,ppk
1748026180.918327,-67.35621936825488,828.4505075259862,24.059831726393035,828.4505075259862,-67.35621936825488,24.059831726393035,ppk
1748026181.071964,-68.62772347532825,831.4414719930099,24.067432855909317,831.4414719930099,-68.62772347532825,24.067432855909317,ppk
1748026181.197145,-68.62772347532825,831.4414719930099,24.067432855909317,831.4414719930099,-68.62772347532825,24.067432855909317,ppk
1748026181.3049834,-68.62772347532825,831.4414719930099,24.067432855909317,831.4414719930099,-68.62772347532825,24.067432855909317,ppk
1748026181.5045738,-69.05153138798939,832.6378445050635,24.05176954314818,832.6378445050635,-69.05153138798939,24.05176954314818,ppk
1748026181.6221693,-69.05153138798939,832.6378445050635,24.05176954314818,832.6378445050635,-69.05153138798939,24.05176954314818,ppk
1748026181.7179258,-69.4753391183742,833.8342177075783,24.04021059162217,833.8342177075783,-69.4753391183742,24.04021059162217,ppk
1748026181.8416984,-69.4753391183742,833.8342177075783,24.04021059162217,833.8342177075783,-69.4753391183742,24.04021059162217,ppk
1748026181.9641156,-70.746840498666,836.8251822156883,24.03220666534467,836.8251822156883,-70.746840498666,24.03220666534467,ppk
1748026182.1161056,-70.746840498666,836.8251822156883,24.03220666534467,836.8251822156883,-70.746840498666,24.03220666534467,ppk
1748026182.2077134,-70.746840498666,836.8251822156883,24.03220666534467,836.8251822156883,-70.746840498666,24.03220666534467,ppk
1748026182.3781753,-71.59445468101774,839.2179363817377,24.057983504987867,839.2179363817377,-71.59445468101774,24.057983504987867,ppk
1748026182.5169826,-71.59445468101774,839.2179363817377,24.057983504987867,839.2179363817377,-71.59445468101774,24.057983504987867,ppk
1748026182.6631052,-72.4422269850226,840.4143689643437,24.06211200148018,840.4143689643437,-72.4422269850226,24.06211200148018,ppk
1748026182.7654307,-72.4422269850226,840.4143689643437,24.06211200148018,840.4143689643437,-72.4422269850226,24.06211200148018,ppk
1748026182.903234,-73.28975968980944,843.4052806830834,24.06231090258873,843.4052806830834,-73.28975968980944,24.06231090258873,ppk
1748026183.0361829,-73.28975968980944,843.4052806830834,24.06231090258873,843.4052806830834,-73.28975968980944,24.06231090258873,ppk
1748026183.188586,-74.13753110378225,844.6017130431205,24.058046053518673,844.6017130431205,-74.13753110378225,24.058046053518673,ppk
1748026183.3100696,-74.13753110378225,844.6017130431205,24.058046053518673,844.6017130431205,-74.13753110378225,24.058046053518673,ppk
1748026183.4816055,-74.56133659753627,845.7980884670799,24.05007796938332,845.7980884670799,-74.56133659753627,24.05007796938332,ppk
1748026183.6302671,-74.56133659753627,845.7980884670799,24.05007796938332,845.7980884670799,-74.56133659753627,24.05007796938332,ppk
1748026183.7736583,-74.56133659753627,845.7980884670799,24.05007796938332,845.7980884670799,-74.56133659753627,24.05007796938332,ppk
1748026183.9368417,-75.83283212428717,848.7890558432056,24.027472393858154,848.7890558432056,-75.83283212428717,24.027472393858154,ppk
1748026184.0609944,-75.83283212428717,848.7890558432056,24.027472393858154,848.7890558432056,-75.83283212428717,24.027472393858154,ppk
1748026184.1529865,-77.10440687920587,851.1818645983303,24.007332882035765,851.1818645983303,-77.10440687920587,24.007332882035765,ppk
1748026184.2650783,-77.10440687920587,851.1818645983303,24.007332882035765,851.1818645983303,-77.10440687920587,24.007332882035765,ppk
1748026184.3672044,-77.10440687920587,851.1818645983303,24.007332882035765,851.1818645983303,-77.10440687920587,24.007332882035765,ppk
1748026184.5405345,-77.52821104223923,852.3782401817581,23.993168299015927,852.3782401817581,-77.52821104223923,23.993168299015927,ppk
1748026184.6745248,-77.52821104223923,852.3782401817581,23.993168299015927,852.3782401817581,-77.52821104223923,23.993168299015927,ppk
1748026184.7850418,-78.79970341216772,855.3692100897246,23.969452789343244,855.3692100897246,-78.79970341216772,23.969452789343244,ppk
1748026184.8837752,-78.79970341216772,855.3692100897246,23.969452789343244,855.3692100897246,-78.79970341216772,23.969452789343244,ppk
1748026185.0330074,-78.79970341216772,855.3692100897246,23.969452789343244,855.3692100897246,-78.79970341216772,23.969452789343244,ppk
1748026185.171796,-80.07127597074366,857.7620246898139,23.974922098339352,857.7620246898139,-80.07127597074366,23.974922098339352,ppk
1748026185.3282077,-80.07127597074366,857.7620246898139,23.974922098339352,857.7620246898139,-80.07127597074366,23.974922098339352,ppk
1748026185.429716,-80.91904496609033,858.9584636896428,23.996349457645866,858.9584636896428,-80.91904496609033,23.996349457645866,ppk
1748026185.5549984,-80.91904496609033,858.9584636896428,23.996349457645866,858.9584636896428,-80.91904496609033,23.996349457645866,ppk
1748026185.723577,-82.19053524057868,861.9494473516412,24.053028749817607,861.9494473516412,-82.19053524057868,24.053028749817607,ppk
1748026185.8684747,-82.19053524057868,861.9494473516412,24.053028749817607,861.9494473516412,-82.19053524057868,24.053028749817607,ppk
1748026185.9727232,-82.61433777240818,863.1458289834487,24.071263849327696,863.1458289834487,-82.61433777240818,24.071263849327696,ppk
1748026186.0820918,-82.61433777240818,863.1458289834487,24.071263849327696,863.1458289834487,-82.61433777240818,24.071263849327696,ppk
1748026186.2432806,-82.61433777240818,863.1458289834487,24.071263849327696,863.1458289834487,-82.61433777240818,24.071263849327696,ppk
1748026186.37682,-83.88590801533557,865.5386529506654,24.123322195431957,865.5386529506654,-83.88590801533557,24.123322195431957,ppk
1748026186.5063016,-83.88590801533557,865.5386529506654,24.123322195431957,865.5386529506654,-83.88590801533557,24.123322195431957,ppk
1748026186.665415,-84.7336758614845,866.7350967826496,24.16694912933759,866.7350967826496,-84.7336758614845,24.16694912933759,ppk
1748026186.7952702,-84.7336758614845,866.7350967826496,24.16694912933759,866.7350967826496,-84.7336758614845,24.16694912933759,ppk
1748026186.9291136,-86.00516299585658,869.7260888115372,24.25922277285568,869.7260888115372,-86.00516299585658,24.25922277285568,ppk
1748026187.0307882,-86.00516299585658,869.7260888115372,24.25922277285568,869.7260888115372,-86.00516299585658,24.25922277285568,ppk
1748026187.1716738,-86.42896390299386,870.9224699899047,24.26455485607626,870.9224699899047,-86.42896390299386,24.26455485607626,ppk
1748026187.286524,-86.42896390299386,870.9224699899047,24.26455485607626,870.9224699899047,-86.42896390299386,24.26455485607626,ppk
1748026187.410788,-86.42896390299386,870.9224699899047,24.26455485607626,870.9224699899047,-86.42896390299386,24.26455485607626,ppk
1748026187.5553534,-87.70044686785945,873.9134416536443,24.19512881452259,873.9134416536443,-87.70044686785945,24.19512881452259,ppk
1748026187.6852512,-87.70044686785945,873.9134416536443,24.19512881452259,873.9134416536443,-87.70044686785945,24.19512881452259,ppk
1748026187.824531,-88.5482117467212,875.1098735004455,24.137252207398,875.1098735004455,-88.5482117467212,24.137252207398,ppk
1748026187.9472485,-88.5482117467212,875.1098735004455,24.137252207398,875.1098735004455,-88.5482117467212,24.137252207398,ppk
1748026188.080864,-89.81969250519363,878.1008452285545,24.055624380697182,878.1008452285545,-89.81969250519363,24.055624380697182,ppk
1748026188.2489133,-89.81969250519363,878.1008452285545,24.055624380697182,878.1008452285545,-89.81969250519363,24.055624380697182,ppk
1748026188.3736758,-90.24349151371734,879.2972247426384,24.039752555134136,879.2972247426384,-90.24349151371734,24.039752555134136,ppk
1748026188.4908235,-90.24349151371734,879.2972247426384,24.039752555134136,879.2972247426384,-90.24349151371734,24.039752555134136,ppk
1748026188.675504,-90.24349151371734,879.2972247426384,24.039752555134136,879.2972247426384,-90.24349151371734,24.039752555134136,ppk
1748026188.783839,-91.93893653323128,882.2882635418725,24.003816384682274,882.2882635418725,-91.93893653323128,24.003816384682274,ppk
1748026188.9070654,-91.93893653323128,882.2882635418725,24.003816384682274,882.2882635418725,-91.93893653323128,24.003816384682274,ppk
1748026189.0186093,-92.36273439193155,883.4846404276396,23.9641475529825,883.4846404276396,-92.36273439193155,23.9641475529825,ppk
1748026189.1876714,-92.36273439193155,883.4846404276396,23.9641475529825,883.4846404276396,-92.36273439193155,23.9641475529825,ppk
1748026189.3062046,-93.6342104051946,886.4756089534944,23.83561715649211,886.4756089534944,-93.6342104051946,23.83561715649211,ppk
1748026189.4047859,-93.6342104051946,886.4756089534944,23.83561715649211,886.4756089534944,-93.6342104051946,23.83561715649211,ppk
1748026189.5742905,-93.6342104051946,886.4756089534944,23.83561715649211,886.4756089534944,-93.6342104051946,23.83561715649211,ppk
1748026189.6906557,-94.48188862313533,888.2702043268611,23.771550756883975,888.2702043268611,-94.48188862313533,23.771550756883975,ppk
1748026189.8079262,-94.48188862313533,888.2702043268611,23.771550756883975,888.2702043268611,-94.48188862313533,23.771550756883975,ppk
1748026189.9728053,-95.75336280009503,891.2611794182774,23.677319453288778,891.2611794182774,-95.75336280009503,23.677319453288778,ppk
1748026190.093388,-95.75336280009503,891.2611794182774,23.677319453288778,891.2611794182774,-95.75336280009503,23.677319453288778,ppk
1748026190.2140572,-96.60112436850655,892.4576160379631,23.62783849012073,892.4576160379631,-96.60112436850655,23.62783849012073,ppk
1748026190.3766854,-96.60112436850655,892.4576160379631,23.62783849012073,892.4576160379631,-96.60112436850655,23.62783849012073,ppk
1748026190.4870172,-96.60112436850655,892.4576160379631,23.62783849012073,892.4576160379631,-96.60112436850655,23.62783849012073,ppk
1748026190.6322227,-97.87259566178291,895.4485852082064,23.479100407204164,895.4485852082064,-97.87259566178291,23.479100407204164,ppk
1748026190.75734,-97.87259566178291,895.4485852082064,23.479100407204164,895.4485852082064,-97.87259566178291,23.479100407204164,ppk
1748026190.8928368,-98.72027077900067,897.2431786720247,23.385634869028255,897.2431786720247,-98.72027077900067,23.385634869028255,ppk
1748026191.0165782,-98.72027077900067,897.2431786720247,23.385634869028255,897.2431786720247,-98.72027077900067,23.385634869028255,ppk
1748026191.1739335,-99.99173939060044,900.2341467656972,23.21688984972572,900.2341467656972,-99.99173939060044,23.21688984972572,ppk
1748026191.2903874,-99.99173939060044,900.2341467656972,23.21688984972572,900.2341467656972,-99.99173939060044,23.21688984972572,ppk
1748026191.4602745,-100.83941374010705,902.0287472042571,23.1650257721398,902.0287472042571,-100.83941374010705,23.1650257721398,ppk
1748026191.5770333,-100.83941374010705,902.0287472042571,23.1650257721398,902.0287472042571,-100.83941374010705,23.1650257721398,ppk
1748026191.6827884,-100.83941374010705,902.0287472042571,23.1650257721398,902.0287472042571,-100.83941374010705,23.1650257721398,ppk
1748026191.8414483,-102.11088225249323,905.0197371086181,23.137986463282655,905.0197371086181,-102.11088225249323,23.137986463282655,ppk
1748026191.9965782,-102.11088225249323,905.0197371086181,23.137986463282655,905.0197371086181,-102.11088225249323,23.137986463282655,ppk
1748026192.087546,-103.80622839326628,908.6089473307807,23.08014524669739,908.6089473307807,-103.80622839326628,23.08014524669739,ppk
1748026192.2160687,-103.80622839326628,908.6089473307807,23.08014524669739,908.6089473307807,-103.80622839326628,23.08014524669739,ppk
1748026192.3539,-103.80622839326628,908.6089473307807,23.08014524669739,908.6089473307807,-103.80622839326628,23.08014524669739,ppk
1748026192.5058436,-104.6539865475358,909.805387772109,23.032162950757527,909.805387772109,-104.6539865475358,23.032162950757527,ppk
1748026192.680313,-105.92536376234126,913.3945342036475,22.938528321951082,913.3945342036475,-105.92536376234126,22.938528321951082,ppk
1748026192.7907066,-105.92536376234126,913.3945342036475,22.938528321951082,913.3945342036475,-105.92536376234126,22.938528321951082,ppk
1748026192.9808087,-106.3490690906002,915.1890795679809,22.908166494638678,915.1890795679809,-106.3490690906002,22.908166494638678,ppk
1748026193.0639725,-106.3490690906002,915.1890795679809,22.908166494638678,915.1890795679809,-106.3490690906002,22.908166494638678,ppk
1748026193.1942708,-106.3490690906002,915.1890795679809,22.908166494638678,915.1890795679809,-106.3490690906002,22.908166494638678,ppk
1748026193.3025658,-106.3490690906002,915.1890795679809,22.908166494638678,915.1890795679809,-106.3490690906002,22.908166494638678,ppk
1748026193.444189,-107.6204434783425,918.7782303136422,22.831328430553427,918.7782303136422,-107.6204434783425,22.831328430553427,ppk
1748026193.9194908,-108.46819945842843,919.9746711936509,22.772746494168224,919.9746711936509,-108.46819945842843,22.772746494168224,ppk
1748026193.9195335,-108.46819945842843,919.9746711936509,22.772746494168224,919.9746711936509,-108.46819945842843,22.772746494168224,ppk
1748026193.9321444,-108.46819945842843,919.9746711936509,22.772746494168224,919.9746711936509,-108.46819945842843,22.772746494168224,ppk
1748026194.0317724,-108.46819945842843,919.9746711936509,22.772746494168224,919.9746711936509,-108.46819945842843,22.772746494168224,ppk
1748026194.2133982,-110.16327433333122,925.3583781856527,22.71523825600342,925.3583781856527,-110.16327433333122,22.71523825600342,ppk
1748026194.2844896,-110.16327433333122,925.3583781856527,22.71523825600342,925.3583781856527,-110.16327433333122,22.71523825600342,ppk
1748026194.4448462,-110.16327433333122,925.3583781856527,22.71523825600342,925.3583781856527,-110.16327433333122,22.71523825600342,ppk
1748026194.5491142,-110.16327433333122,925.3583781856527,22.71523825600342,925.3583781856527,-110.16327433333122,22.71523825600342,ppk
1748026194.6515734,-111.01068067738841,928.9474985748507,22.830997565603386,928.9474985748507,-111.01068067738841,22.830997565603386,ppk
1748026194.7869372,-111.01068067738841,928.9474985748507,22.830997565603386,928.9474985748507,-111.01068067738841,22.830997565603386,ppk
1748026194.9416547,-112.28204824443678,932.5366634494856,22.81525465982116,932.5366634494856,-112.28204824443678,22.81525465982116,ppk
1748026195.041372,-112.28204824443678,932.5366634494856,22.81525465982116,932.5366634494856,-112.28204824443678,22.81525465982116,ppk
1748026195.182117,-112.28204824443678,932.5366634494856,22.81525465982116,932.5366634494856,-112.28204824443678,22.81525465982116,ppk
1748026195.3875883,-112.70548268749079,936.1257041148269,22.79962374913718,936.1257041148269,-112.70548268749079,22.79962374913718,ppk
1748026195.511347,-112.70548268749079,936.1257041148269,22.79962374913718,936.1257041148269,-112.70548268749079,22.79962374913718,ppk
1748026195.652926,-113.12918243816625,937.9202604329596,22.821356220475927,937.9202604329596,-113.12918243816625,22.821356220475927,ppk
1748026195.8231318,-113.12918243816625,937.9202604329596,22.821356220475927,937.9202604329596,-113.12918243816625,22.821356220475927,ppk
1748026195.9514506,-113.5528814313978,939.7148149439124,22.829080590981633,939.7148149439124,-113.5528814313978,22.829080590981633,ppk
1748026196.0556784,-113.5528814313978,939.7148149439124,22.829080590981633,939.7148149439124,-113.5528814313978,22.829080590981633,ppk
1748026196.1719177,-113.97631159223018,943.3038551352321,22.80214643090052,943.3038551352321,-113.97631159223018,22.80214643090052,ppk
1748026196.2898462,-113.97631159223018,943.3038551352321,22.80214643090052,943.3038551352321,-113.97631159223018,22.80214643090052,ppk
1748026196.4302845,-113.97631159223018,943.3038551352321,22.80214643090052,943.3038551352321,-113.97631159223018,22.80214643090052,ppk
1748026196.5460765,-114.39964909218459,947.4910516636967,22.723516324092678,947.4910516636967,-114.39964909218459,22.723516324092678,ppk
1748026196.6508522,-114.39964909218459,947.4910516636967,22.723516324092678,947.4910516636967,-114.39964909218459,22.723516324092678,ppk
1748026196.7538855,-114.39964909218459,947.4910516636967,22.723516324092678,947.4910516636967,-114.39964909218459,22.723516324092678,ppk
1748026196.8899608,-114.39937861574555,949.2855334244857,22.663748308742353,949.2855334244857,-114.39937861574555,22.663748308742353,ppk
1748026197.003818,-114.39937861574555,949.2855334244857,22.663748308742353,949.2855334244857,-114.39937861574555,22.663748308742353,ppk
1748026197.1650805,-114.39937861574555,949.2855334244857,22.663748308742353,949.2855334244857,-114.39937861574555,22.663748308742353,ppk
1748026197.2838118,-114.39883747324934,952.8745079723475,22.618818614812128,952.8745079723475,-114.39883747324934,22.618818614812128,ppk
1748026197.4405406,-114.39883747324934,952.8745079723475,22.618818614812128,952.8745079723475,-114.39883747324934,22.618818614812128,ppk
1748026197.5738711,-114.398295735701,956.4634944896123,22.654178651953753,956.4634944896123,-114.398295735701,22.654178651953753,ppk
1748026197.6768818,-114.398295735701,956.4634944896123,22.654178651953753,956.4634944896123,-114.398295735701,22.654178651953753,ppk
1748026197.8501213,-114.398295735701,956.4634944896123,22.654178651953753,956.4634944896123,-114.398295735701,22.654178651953753,ppk
1748026197.9817092,-113.97378637201902,960.0524161491222,22.686446751165008,960.0524161491222,-113.97378637201902,22.686446751165008,ppk
1748026198.1225607,-113.97378637201902,960.0524161491222,22.686446751165008,960.0524161491222,-113.97378637201902,22.686446751165008,ppk
1748026198.2433321,-113.54954731904434,961.8468374464369,22.65549138606692,961.8468374464369,-113.54954731904434,22.65549138606692,ppk
1748026198.366385,-113.54954731904434,961.8468374464369,22.65549138606692,961.8468374464369,-113.54954731904434,22.65549138606692,ppk
1748026198.4819674,-113.54954731904434,961.8468374464369,22.65549138606692,961.8468374464369,-113.54954731904434,22.65549138606692,ppk
1748026198.7226987,-113.1249411784414,966.0339024072925,22.560064368573673,966.0339024072925,-113.1249411784414,22.560064368573673,ppk
1748026198.787592,-113.1249411784414,966.0339024072925,22.560064368573673,966.0339024072925,-113.1249411784414,22.560064368573673,ppk
1748026198.8981538,-111.85249303518046,969.6226727590375,22.46194036643165,969.6226727590375,-111.85249303518046,22.46194036643165,ppk
1748026199.126356,-111.85249303518046,969.6226727590375,22.46194036643165,969.6226727590375,-111.85249303518046,22.46194036643165,ppk
1748026199.2465484,-111.4283426920566,970.8189246905093,22.399571319443005,970.8189246905093,-111.4283426920566,22.399571319443005,ppk
1748026199.3751578,-111.4283426920566,970.8189246905093,22.399571319443005,970.8189246905093,-111.4283426920566,22.399571319443005,ppk
1748026199.4782553,-111.4283426920566,970.8189246905093,22.399571319443005,970.8189246905093,-111.4283426920566,22.399571319443005,ppk
1748026199.588975,-110.5798571498298,974.4077562118487,22.287436995764168,974.4077562118487,-110.5798571498298,22.287436995764168,ppk
1748026199.6965,-110.5798571498298,974.4077562118487,22.287436995764168,974.4077562118487,-110.5798571498298,22.287436995764168,ppk
1748026199.8136206,-110.5798571498298,974.4077562118487,22.287436995764168,974.4077562118487,-110.5798571498298,22.287436995764168,ppk
1748026199.980539,-109.30740383981546,977.9965187115946,22.16030845407442,977.9965187115946,-109.30740383981546,22.16030845407442,ppk
1748026200.0997026,-109.30740383981546,977.9965187115946,22.16030845407442,977.9965187115946,-109.30740383981546,22.16030845407442,ppk
1748026200.210626,-109.30740383981546,977.9965187115946,22.16030845407442,977.9965187115946,-109.30740383981546,22.16030845407442,ppk
1748026200.3925495,-108.88315890595737,979.790929745009,22.080443320622006,979.790929745009,-108.88315890595737,22.080443320622006,ppk
1748026200.505548,-108.88315890595737,979.790929745009,22.080443320622006,979.790929745009,-108.88315890595737,22.080443320622006,ppk
1748026200.6269722,-107.18673664811749,983.3796196210407,21.92502115262605,983.3796196210407,-107.18673664811749,21.92502115262605,ppk
1748026200.7698448,-107.18673664811749,983.3796196210407,21.92502115262605,983.3796196210407,-107.18673664811749,21.92502115262605,ppk
1748026200.923931,-105.91427835356666,986.9683778198458,21.79668907948464,986.9683778198458,-105.91427835356666,21.79668907948464,ppk
1748026201.0284214,-105.91427835356666,986.9683778198458,21.79668907948464,986.9683778198458,-105.91427835356666,21.79668907948464,ppk
1748026201.2089705,-105.91427835356666,986.9683778198458,21.79668907948464,986.9683778198458,-105.91427835356666,21.79668907948464,ppk
1748026201.3721137,-105.06606581013133,988.762723948353,21.73772513152288,988.762723948353,-105.06606581013133,21.73772513152288,ppk
1748026201.4774363,-105.06606581013133,988.762723948353,21.73772513152288,988.762723948353,-105.06606581013133,21.73772513152288,ppk
1748026201.6250963,-103.36973327938713,991.7532532683886,21.626289322420448,991.7532532683886,-103.36973327938713,21.626289322420448,ppk
1748026201.7606847,-103.36973327938713,991.7532532683886,21.626289322420448,991.7532532683886,-103.36973327938713,21.626289322420448,ppk
1748026201.901049,-101.67330446472488,995.3419362549229,21.470858968999387,995.3419362549229,-101.67330446472488,21.470858968999387,ppk
1748026202.0334365,-101.67330446472488,995.3419362549229,21.470858968999387,995.3419362549229,-101.67330446472488,21.470858968999387,ppk
1748026202.1564016,-100.82518339384346,996.5381117088546,21.373182327324567,996.5381117088546,-100.82518339384346,21.373182327324567,ppk
1748026202.2660778,-100.82518339384346,996.5381117088546,21.373182327324567,996.5381117088546,-100.82518339384346,21.373182327324567,ppk
1748026202.413598,-100.82518339384346,996.5381117088546,21.373182327324567,996.5381117088546,-100.82518339384346,21.373182327324567,ppk
1748026202.5326376,-99.97696766181745,998.3324492753878,21.27821952985823,998.3324492753878,-99.97696766181745,21.27821952985823,ppk
1748026202.6610444,-99.97696766181745,998.3324492753878,21.27821952985823,998.3324492753878,-99.97696766181745,21.27821952985823,ppk
1748026202.8132062,-98.28053532616367,1001.9211287141505,21.12598129533389,1001.9211287141505,-98.28053532616367,21.12598129533389,ppk
1748026202.989065,-98.28053532616367,1001.9211287141505,21.12598129533389,1001.9211287141505,-98.28053532616367,21.12598129533389,ppk
1748026203.1611295,-96.16023105145548,1004.9115797455507,20.991747316739513,1004.9115797455507,-96.16023105145548,20.991747316739513,ppk
1748026203.3172517,-96.16023105145548,1004.9115797455507,20.991747316739513,1004.9115797455507,-96.16023105145548,20.991747316739513,ppk
1748026203.4576237,-95.31201359236636,1006.7059202722508,20.932578664560264,1006.7059202722508,-95.31201359236636,20.932578664560264,ppk
1748026203.595712,-95.31201359236636,1006.7059202722508,20.932578664560264,1006.7059202722508,-95.31201359236636,20.932578664560264,ppk
1748026203.7874053,-93.19170693543008,1009.696365571659,20.782334990367858,1009.696365571659,-93.19170693543008,20.782334990367858,ppk
1748026203.889426,-93.19170693543008,1009.696365571659,20.782334990367858,1009.696365571659,-93.19170693543008,20.782334990367858,ppk
1748026204.0297668,-93.19170693543008,1009.696365571659,20.782334990367858,1009.696365571659,-93.19170693543008,20.782334990367858,ppk
1748026204.1792932,-91.49526782104414,1013.2850309748716,20.588592287462426,1013.2850309748716,-91.49526782104414,20.588592287462426,ppk
1748026204.3036907,-91.49526782104414,1013.2850309748716,20.588592287462426,1013.2850309748716,-91.49526782104414,20.588592287462426,ppk
1748026204.4127004,-90.64704740328405,1015.0793613781565,20.482316782584803,1015.0793613781565,-90.64704740328405,20.482316782584803,ppk
1748026204.5713136,-90.64704740328405,1015.0793613781565,20.482316782584803,1015.0793613781565,-90.64704740328405,20.482316782584803,ppk
1748026204.7427366,-88.52673673685693,1018.0697979377067,20.311269907163297,1018.0697979377067,-88.52673673685693,20.311269907163297,ppk
1748026204.8560095,-88.52673673685693,1018.0697979377067,20.311269907163297,1018.0697979377067,-88.52673673685693,20.311269907163297,ppk
1748026205.0162446,-88.52673673685693,1018.0697979377067,20.311269907163297,1018.0697979377067,-88.52673673685693,20.311269907163297,ppk
1748026205.098802,-87.67851546456572,1019.8641315996163,20.235700975850833,1019.8641315996163,-87.67851546456572,20.235700975850833,ppk
1748026205.2159333,-87.67851546456572,1019.8641315996163,20.235700975850833,1019.8641315996163,-87.67851546456572,20.235700975850833,ppk
1748026205.3132637,-87.67851546456572,1019.8641315996163,20.235700975850833,1019.8641315996163,-87.67851546456572,20.235700975850833,ppk
1748026205.4794235,-85.55820297458213,1022.8545683624119,20.086249687293545,1022.8545683624119,-85.55820297458213,20.086249687293545,ppk
1748026205.5842197,-85.55820297458213,1022.8545683624119,20.086249687293545,1022.8545683624119,-85.55820297458213,20.086249687293545,ppk
1748026205.7757592,-84.70998018744247,1024.6488978045084,19.994375001798282,1024.6488978045084,-84.70998018744247,19.994375001798282,ppk
1748026205.8757265,-84.70998018744247,1024.6488978045084,19.994375001798282,1024.6488978045084,-84.70998018744247,19.994375001798282,ppk
1748026206.0532413,-82.58956776648904,1028.237485741454,19.808523589976712,1028.237485741454,-82.58956776648904,19.808523589976712,ppk
1748026206.1989725,-82.58956776648904,1028.237485741454,19.808523589976712,1028.237485741454,-82.58956776648904,19.808523589976712,ppk
1748026206.3544083,-80.4692517656017,1031.2279195687806,19.675668251691732,1031.2279195687806,-80.4692517656017,19.675668251691732,ppk
1748026206.4982476,-80.4692517656017,1031.2279195687806,19.675668251691732,1031.2279195687806,-80.4692517656017,19.675668251691732,ppk
1748026206.6273715,-79.62102725278996,1033.0222530944343,19.626393074505287,1033.0222530944343,-79.62102725278996,19.626393074505287,ppk
1748026206.722342,-79.62102725278996,1033.0222530944343,19.626393074505287,1033.0222530944343,-79.62102725278996,19.626393074505287,ppk
1748026206.8466785,-79.62102725278996,1033.0222530944343,19.626393074505287,1033.0222530944343,-79.62102725278996,19.626393074505287,ppk
1748026206.9567223,-77.50061103939194,1036.610844356118,19.49893828110122,1036.610844356118,-77.50061103939194,19.49893828110122,ppk
1748026207.0833101,-77.50061103939194,1036.610844356118,19.49893828110122,1036.610844356118,-77.50061103939194,19.49893828110122,ppk
1748026207.233863,-77.50061103939194,1036.610844356118,19.49893828110122,1036.610844356118,-77.50061103939194,19.49893828110122,ppk
1748026207.3844898,-76.22851768963403,1037.8069427277235,19.423953246146624,1037.8069427277235,-76.22851768963403,19.423953246146624,ppk
1748026207.5496318,-74.53206399913199,1041.3955971729652,19.278293571549874,1041.3955971729652,-74.53206399913199,19.278293571549874,ppk
1748026207.708123,-74.53206399913199,1041.3955971729652,19.278293571549874,1041.3955971729652,-74.53206399913199,19.278293571549874,ppk
1748026207.8220575,-73.2598710949277,1043.1898536567835,19.205818662610366,1043.1898536567835,-73.2598710949277,19.205818662610366,ppk
1748026207.9527972,-73.2598710949277,1043.1898536567835,19.205818662610366,1043.1898536567835,-73.2598710949277,19.205818662610366,ppk
1748026208.1530795,-71.13954826369282,1046.180275769978,19.062653538160664,1046.180275769978,-71.13954826369282,19.062653538160664,ppk
1748026208.2672117,-71.13954826369282,1046.180275769978,19.062653538160664,1046.180275769978,-71.13954826369282,19.062653538160664,ppk
1748026208.372658,-71.13954826369282,1046.180275769978,19.062653538160664,1046.180275769978,-71.13954826369282,19.062653538160664,ppk
1748026208.5027306,-69.86735413847349,1047.9745311452584,18.995868137491268,1047.9745311452584,-69.86735413847349,18.995868137491268,ppk
1748026208.6735802,-69.86735413847349,1047.9745311452584,18.995868137491268,1047.9745311452584,-69.86735413847349,18.995868137491268,ppk
1748026208.813763,-67.74692999394459,1051.5631141914143,18.88660543512339,1051.5631141914143,-67.74692999394459,18.88660543512339,ppk
1748026208.9322252,-67.74692999394459,1051.5631141914143,18.88660543512339,1051.5631141914143,-67.74692999394459,18.88660543512339,ppk
1748026209.0608935,-66.89879964616524,1052.7592829805083,18.84141161549496,1052.7592829805083,-66.89879964616524,18.84141161549496,ppk
1748026209.145314,-66.89879964616524,1052.7592829805083,18.84141161549496,1052.7592829805083,-66.89879964616524,18.84141161549496,ppk
1748026209.3521237,-65.62660384611192,1054.55353752922,18.785731918471114,1054.55353752922,-65.62660384611192,18.785731918471114,ppk
1748026209.4400313,-65.62660384611192,1054.55353752922,18.785731918471114,1054.55353752922,-65.62660384611192,18.785731918471114,ppk
1748026209.5836742,-65.62660384611192,1054.55353752922,18.785731918471114,1054.55353752922,-65.62660384611192,18.785731918471114,ppk
1748026209.67681,-62.657943604923034,1059.9364307112792,18.569172829671675,1059.9364307112792,-62.657943604923034,18.569172829671675,ppk
1748026209.805694,-62.657943604923034,1059.9364307112792,18.569172829671675,1059.9364307112792,-62.657943604923034,18.569172829671675,ppk
1748026209.9023974,-62.657943604923034,1059.9364307112792,18.569172829671675,1059.9364307112792,-62.657943604923034,18.569172829671675,ppk
1748026210.0824301,-61.3857455667805,1061.7306776012501,18.48418576756563,1061.7306776012501,-61.3857455667805,18.48418576756563,ppk
1748026210.242683,-61.3857455667805,1061.7306776012501,18.48418576756563,1061.7306776012501,-61.3857455667805,18.48418576756563,ppk
1748026210.3832757,-59.26541385420612,1064.7210769183503,18.279805010072096,1064.7210769183503,-59.26541385420612,18.279805010072096,ppk
1748026210.5096498,-59.26541385420612,1064.7210769183503,18.279805010072096,1064.7210769183503,-59.26541385420612,18.279805010072096,ppk
1748026210.6536713,-57.99321453623777,1066.5153214703957,18.19322138267874,1066.5153214703957,-57.99321453623777,18.19322138267874,ppk
1748026210.7765222,-57.99321453623777,1066.5153214703957,18.19322138267874,1066.5153214703957,-57.99321453623777,18.19322138267874,ppk
1748026210.9202316,-55.87288136542753,1069.505728954282,18.05853940516143,1069.505728954282,-55.87288136542753,18.05853940516143,ppk
1748026211.074239,-55.87288136542753,1069.505728954282,18.05853940516143,1069.505728954282,-55.87288136542753,18.05853940516143,ppk
1748026211.2112463,-55.02464624371092,1071.3000475255194,17.996844809013673,1071.3000475255194,-55.02464624371092,17.996844809013673,ppk
1748026211.3188097,-55.02464624371092,1071.3000475255194,17.996844809013673,1071.3000475255194,-55.02464624371092,17.996844809013673,ppk
1748026211.4725428,-55.02464624371092,1071.3000475255194,17.996844809013673,1071.3000475255194,-55.02464624371092,17.996844809013673,ppk
1748026211.552513,-52.904310973363565,1074.2904527987125,17.86806475511724,1074.2904527987125,-52.904310973363565,17.86806475511724,ppk
1748026211.6747377,-52.904310973363565,1074.2904527987125,17.86806475511724,1074.2904527987125,-52.904310973363565,17.86806475511724,ppk
1748026211.7919397,-52.904310973363565,1074.2904527987125,17.86806475511724,1074.2904527987125,-52.904310973363565,17.86806475511724,ppk
1748026211.9453459,-50.783872579729156,1077.8790182334596,17.770279123019424,1077.8790182334596,-50.783872579729156,17.770279123019424,ppk
1748026212.071535,-50.783872579729156,1077.8790182334596,17.770279123019424,1077.8790182334596,-50.783872579729156,17.770279123019424,ppk
1748026212.2615309,-49.511772394812084,1079.0751106027978,17.743681904883235,1079.0751106027978,-49.511772394812084,17.743681904883235,ppk
1748026212.3912027,-49.511772394812084,1079.0751106027978,17.743681904883235,1079.0751106027978,-49.511772394812084,17.743681904883235,ppk
1748026212.4821196,-47.3913317538606,1082.6636812573279,17.698390321201963,1082.6636812573279,-47.3913317538606,17.698390321201963,ppk
1748026212.6790006,-47.3913317538606,1082.6636812573279,17.698390321201963,1082.6636812573279,-47.3913317538606,17.698390321201963,ppk
1748026212.7919877,-46.5431959477707,1083.8598451894302,17.67449686831337,1083.8598451894302,-46.5431959477707,17.67449686831337,ppk
1748026212.922903,-46.5431959477707,1083.8598451894302,17.67449686831337,1083.8598451894302,-46.5431959477707,17.67449686831337,ppk
1748026213.0479841,-46.5431959477707,1083.8598451894302,17.67449686831337,1083.8598451894302,-46.5431959477707,17.67449686831337,ppk
1748026213.2051013,-44.422855416703975,1086.850252441613,17.608101299579463,1086.850252441613,-44.422855416703975,17.608101299579463,ppk
1748026213.3179235,-44.422855416703975,1086.850252441613,17.608101299579463,1086.850252441613,-44.422855416703975,17.608101299579463,ppk
1748026213.4649088,-43.574615707664485,1088.644569739375,17.573400735779384,1088.644569739375,-43.574615707664485,17.573400735779384,ppk
1748026213.6103117,-43.574615707664485,1088.644569739375,17.573400735779384,1088.644569739375,-43.574615707664485,17.573400735779384,ppk
1748026213.7259738,-41.4542728245722,1091.6349701944787,17.485410754605564,1091.6349701944787,-41.4542728245722,17.485410754605564,ppk
1748026213.8219137,-41.4542728245722,1091.6349701944787,17.485410754605564,1091.6349701944787,-41.4542728245722,17.485410754605564,ppk
1748026213.9834518,-40.60603170162465,1093.4292837044793,17.437608780471038,1093.4292837044793,-40.60603170162465,17.437608780471038,ppk
1748026214.1151352,-40.60603170162465,1093.4292837044793,17.437608780471038,1093.4292837044793,-40.60603170162465,17.437608780471038,ppk
1748026214.2580862,-40.60603170162465,1093.4292837044793,17.437608780471038,1093.4292837044793,-40.60603170162465,17.437608780471038,ppk
1748026214.3474596,-38.48568637961593,1096.419673913805,17.308210849410884,1096.419673913805,-38.48568637961593,17.308210849410884,ppk
1748026214.4820354,-38.48568637961593,1096.419673913805,17.308210849410884,1096.419673913805,-38.48568637961593,17.308210849410884,ppk
1748026214.6264122,-37.63744382500081,1098.2139825177826,17.241005586862766,1098.2139825177826,-37.63744382500081,17.241005586862766,ppk
1748026214.778379,-37.63744382500081,1098.2139825177826,17.241005586862766,1098.2139825177826,-37.63744382500081,17.241005586862766,ppk
1748026214.9319186,-35.517096453762136,1101.2043726804552,17.129899713938705,1101.2043726804552,-35.517096453762136,17.129899713938705,ppk
1748026215.0809755,-35.517096453762136,1101.2043726804552,17.129899713938705,1101.2043726804552,-35.517096453762136,17.129899713938705,ppk
1748026215.2004023,-34.66895727747772,1102.4005328721023,17.11279900096987,1102.4005328721023,-34.66895727747772,17.11279900096987,ppk
1748026215.4165359,-34.66895727747772,1102.4005328721023,17.11279900096987,1102.4005328721023,-34.66895727747772,17.11279900096987,ppk
1748026215.512899,-32.5485040617997,1105.9891007350143,17.148292290037244,1105.9891007350143,-32.5485040617997,17.148292290037244,ppk
1748026215.6680007,-32.5485040617997,1105.9891007350143,17.148292290037244,1105.9891007350143,-32.5485040617997,17.148292290037244,ppk
1748026215.7999454,-31.700364166355538,1107.185266176743,17.168490393595796,1107.185266176743,-31.700364166355538,17.168490393595796,ppk
1748026215.899177,-31.700364166355538,1107.185266176743,17.168490393595796,1107.185266176743,-31.700364166355538,17.168490393595796,ppk
1748026216.047529,-31.700364166355538,1107.185266176743,17.168490393595796,1107.185266176743,-31.700364166355538,17.168490393595796,ppk
1748026216.1847956,-29.580013085020866,1110.175666366095,17.14967876073383,1110.175666366095,-29.580013085020866,17.14967876073383,ppk
1748026216.3573685,-29.580013085020866,1110.175666366095,17.14967876073383,1110.175666366095,-29.580013085020866,17.14967876073383,ppk
1748026216.4760756,-28.731766958495065,1111.969979403635,17.13417285524934,1111.969979403635,-28.731766958495065,17.13417285524934,ppk
1748026216.5766435,-28.731766958495065,1111.969979403635,17.13417285524934,1111.969979403635,-28.731766958495065,17.13417285524934,ppk
1748026216.7202442,-28.731766958495065,1111.969979403635,17.13417285524934,1111.969979403635,-28.731766958495065,17.13417285524934,ppk
1748026216.8338966,-27.035378872993196,1114.9604527961083,17.123458612693913,1114.9604527961083,-27.035378872993196,17.123458612693913,ppk
1748026216.9683797,-27.035378872993196,1114.9604527961083,17.123458612693913,1114.9604527961083,-27.035378872993196,17.123458612693913,ppk
1748026217.142712,-25.338989312884607,1117.9509218773837,17.097338772415547,1117.9509218773837,-25.338989312884607,17.097338772415547,ppk
1748026217.2351832,-25.338989312884607,1117.9509218773837,17.097338772415547,1117.9509218773837,-25.338989312884607,17.097338772415547,ppk
1748026217.3722866,-24.490740945865983,1119.7452306524697,17.070530985315045,1119.7452306524697,-24.490740945865983,17.070530985315045,ppk
1748026217.4972029,-24.490740945865983,1119.7452306524697,17.070530985315045,1119.7452306524697,-24.490740945865983,17.070530985315045,ppk
1748026217.6262698,-24.490740945865983,1119.7452306524697,17.070530985315045,1119.7452306524697,-24.490740945865983,17.070530985315045,ppk
1748026217.8037736,-22.370383701166695,1122.735610866758,16.98191737393597,1122.735610866758,-22.370383701166695,16.98191737393597,ppk
1748026217.946044,-22.370383701166695,1122.735610866758,16.98191737393597,1122.735610866758,-22.370383701166695,16.98191737393597,ppk
1748026218.0926409,-21.522133951491107,1124.5299156388317,16.94110027979752,1124.5299156388317,-21.522133951491107,16.94110027979752,ppk
1748026218.2407734,-21.522133951491107,1124.5299156388317,16.94110027979752,1124.5299156388317,-21.522133951491107,16.94110027979752,ppk
1748026218.4285996,-19.825739887680008,1127.5203777764634,16.905681890397613,1127.5203777764634,-19.825739887680008,16.905681890397613,ppk
1748026218.5444446,-19.825739887680008,1127.5203777764634,16.905681890397613,1127.5203777764634,-19.825739887680008,16.905681890397613,ppk
1748026218.670266,-18.977488925862993,1129.3146885027138,16.90656538452379,1129.3146885027138,-18.977488925862993,16.90656538452379,ppk
1748026218.7940795,-18.977488925862993,1129.3146885027138,16.90656538452379,1129.3146885027138,-18.977488925862993,16.90656538452379,ppk
1748026218.939914,-17.281092625402305,1132.305148959225,16.875942965592266,1132.305148959225,-17.281092625402305,16.875942965592266,ppk
1748026219.0433447,-17.281092625402305,1132.305148959225,16.875942965592266,1132.305148959225,-17.281092625402305,16.875942965592266,ppk
1748026219.156057,-17.281092625402305,1132.305148959225,16.875942965592266,1132.305148959225,-17.281092625402305,16.875942965592266,ppk
1748026219.3110807,-15.16072964177629,1135.2955262541066,16.81531332449809,1135.2955262541066,-15.16072964177629,16.81531332449809,ppk
1748026219.445383,-15.16072964177629,1135.2955262541066,16.81531332449809,1135.2955262541066,-15.16072964177629,16.81531332449809,ppk
1748026219.5378644,-15.16072964177629,1135.2955262541066,16.81531332449809,1135.2955262541066,-15.16072964177629,16.81531332449809,ppk
1748026219.6971316,-14.312584052985999,1136.491675907294,16.787201932509376,1136.491675907294,-14.312584052985999,16.787201932509376,ppk
1748026219.8524826,-14.312584052985999,1136.491675907294,16.787201932509376,1136.491675907294,-14.312584052985999,16.787201932509376,ppk
1748026219.9765348,-12.616184384070115,1139.4821311222886,16.750875755035896,1139.4821311222886,-12.616184384070115,16.750875755035896,ppk
1748026220.087722,-12.616184384070115,1139.4821311222886,16.750875755035896,1139.4821311222886,-12.616184384070115,16.750875755035896,ppk
1748026220.235576,-11.7679300028637,1141.2764350987868,16.734657456201905,1141.2764350987868,-11.7679300028637,16.734657456201905,ppk
1748026220.3829942,-11.7679300028637,1141.2764350987868,16.734657456201905,1141.2764350987868,-11.7679300028637,16.734657456201905,ppk
1748026220.5399911,-9.647562860936317,1144.2668076616121,16.679827749747588,1144.2668076616121,-9.647562860936317,16.679827749747588,ppk
1748026220.6425443,-9.647562860936317,1144.2668076616121,16.679827749747588,1144.2668076616121,-9.647562860936317,16.679827749747588,ppk
1748026220.79286,-8.799415585102944,1145.4629519898317,16.634914017565176,1145.4629519898317,-8.799415585102944,16.634914017565176,ppk
1748026220.8809144,-8.799415585102944,1145.4629519898317,16.634914017565176,1145.4629519898317,-8.799415585102944,16.634914017565176,ppk
1748026221.0566576,-8.799415585102944,1145.4629519898317,16.634914017565176,1145.4629519898317,-8.799415585102944,16.634914017565176,ppk
1748026221.1757026,-7.103011626444242,1148.4533862091168,16.51037874470742,1148.4533862091168,-7.103011626444242,16.51037874470742,ppk
1748026221.3275383,-7.103011626444242,1148.4533862091168,16.51037874470742,1148.4533862091168,-7.103011626444242,16.51037874470742,ppk
1748026221.4537582,-5.83089840367067,1149.6494516081634,16.46176404821802,1149.6494516081634,-5.83089840367067,16.46176404821802,ppk
1748026221.6018322,-5.83089840367067,1149.6494516081634,16.46176404821802,1149.6494516081634,-5.83089840367067,16.46176404821802,ppk
1748026221.7093914,-4.134492611432885,1152.6398974594044,16.41662513460832,1152.6398974594044,-4.134492611432885,16.41662513460832,ppk
1748026221.8842185,-4.134492611432885,1152.6398974594044,16.41662513460832,1152.6398974594044,-4.134492611432885,16.41662513460832,ppk
1748026222.0413723,-2.8623786529668047,1153.8359706680335,16.41930910934499,1153.8359706680335,-2.8623786529668047,16.41930910934499,ppk
1748026222.1277614,-2.8623786529668047,1153.8359706680335,16.41930910934499,1153.8359706680335,-2.8623786529668047,16.41930910934499,ppk
1748026222.2792995,-2.8623786529668047,1153.8359706680335,16.41930910934499,1153.8359706680335,-2.8623786529668047,16.41930910934499,ppk
1748026222.4227,-1.1660804222801344,1156.2282695421115,16.417480980934453,1156.2282695421115,-1.1660804222801344,16.417480980934453,ppk
1748026222.5568876,-1.1660804222801344,1156.2282695421115,16.417480980934453,1156.2282695421115,-1.1660804222801344,16.417480980934453,ppk
1748026222.705837,-0.31782134233441983,1158.0225698215402,16.41195286518588,1158.0225698215402,-0.31782134233441983,16.41195286518588,ppk
1748026222.8586166,-0.31782134233441983,1158.0225698215402,16.41195286518588,1158.0225698215402,-0.31782134233441983,16.41195286518588,ppk
1748026222.9819572,1.802443656016461,1160.4147800770506,16.362522608394965,1160.4147800770506,1.802443656016461,16.362522608394965,ppk
1748026223.1035843,1.802443656016461,1160.4147800770506,16.362522608394965,1160.4147800770506,1.802443656016461,16.362522608394965,ppk
1748026223.2625258,1.802443656016461,1160.4147800770506,16.362522608394965,1160.4147800770506,1.802443656016461,16.362522608394965,ppk
1748026223.3737745,3.922709522856743,1162.8069857402365,16.296885915614926,1162.8069857402365,3.922709522856743,16.296885915614926,ppk
1748026223.5557268,3.922709522856743,1162.8069857402365,16.296885915614926,1162.8069857402365,3.922709522856743,16.296885915614926,ppk
1748026223.6622999,4.770970441493873,1164.6012792221813,16.267055655441574,1164.6012792221813,4.770970441493873,16.267055655441574,ppk
1748026223.844954,4.770970441493873,1164.6012792221813,16.267055655441574,1164.6012792221813,4.770970441493873,16.267055655441574,ppk
1748026223.9674997,6.467272678127323,1166.9935632134584,16.215721951909064,1166.9935632134584,6.467272678127323,16.215721951909064,ppk
1748026224.1552668,6.467272678127323,1166.9935632134584,16.215721951909064,1166.9935632134584,6.467272678127323,16.215721951909064,ppk
1748026224.2856328,7.315424117059417,1168.189703184891,16.181696594509795,1168.189703184891,7.315424117059417,16.181696594509795,ppk
1748026224.460507,7.315424117059417,1168.189703184891,16.181696594509795,1168.189703184891,7.315424117059417,16.181696594509795,ppk
1748026224.5871625,9.435692831252473,1170.5819040049294,16.116062784920224,1170.5819040049294,9.435692831252473,16.116062784920224,ppk
1748026224.6982033,9.435692831252473,1170.5819040049294,16.116062784920224,1170.5819040049294,9.435692831252473,16.116062784920224,ppk
1748026224.8087234,9.435692831252473,1170.5819040049294,16.116062784920224,1170.5819040049294,9.435692831252473,16.116062784920224,ppk
1748026224.978508,11.556073550555851,1173.5722581543107,16.07210708328131,1173.5722581543107,11.556073550555851,16.07210708328131,ppk
1748026225.163402,11.556073550555851,1173.5722581543107,16.07210708328131,1173.5722581543107,11.556073550555851,16.07210708328131,ppk
1748026225.3327026,12.404226247460414,1174.7684009431134,16.063783243740545,1174.7684009431134,12.404226247460414,16.063783243740545,ppk
1748026225.4262574,12.404226247460414,1174.7684009431134,16.063783243740545,1174.7684009431134,12.404226247460414,16.063783243740545,ppk
1748026225.6298635,14.100532364726645,1177.1606895649552,16.06893936898559,1177.1606895649552,14.100532364726645,16.06893936898559,ppk
1748026225.82286,14.100532364726645,1177.1606895649552,16.06893936898559,1177.1606895649552,14.100532364726645,16.06893936898559,ppk
1748026226.0114367,15.372650940117547,1178.3567541618834,16.070714841882495,1178.3567541618834,15.372650940117547,16.070714841882495,ppk
1748026226.1452594,17.0689583914099,1180.7490380414083,16.061472164896383,1180.7490380414083,17.0689583914099,16.061472164896383,ppk
1748026226.337581,17.0689583914099,1180.7490380414083,16.061472164896383,1180.7490380414083,17.0689583914099,16.061472164896383,ppk
1748026227.4403732,17.91722436427715,1182.5433273968956,16.04333860499408,1182.5433273968956,17.91722436427715,16.04333860499408,ppk
1748026227.4483645,17.91722436427715,1182.5433273968956,16.04333860499408,1182.5433273968956,17.91722436427715,16.04333860499408,ppk
1748026227.4605558,17.91722436427715,1182.5433273968956,16.04333860499408,1182.5433273968956,17.91722436427715,16.04333860499408,ppk
1748026227.4606228,17.91722436427715,1182.5433273968956,16.04333860499408,1182.5433273968956,17.91722436427715,16.04333860499408,ppk
1748026227.4647248,17.91722436427715,1182.5433273968956,16.04333860499408,1182.5433273968956,17.91722436427715,16.04333860499408,ppk
1748026227.5671098,17.91722436427715,1182.5433273968956,16.04333860499408,1182.5433273968956,17.91722436427715,16.04333860499408,ppk
1748026227.5735118,17.91722436427715,1182.5433273968956,16.04333860499408,1182.5433273968956,17.91722436427715,16.04333860499408,ppk
1748026227.690671,23.430231650514404,1190.3182192152867,15.910079139102246,1190.3182192152867,23.430231650514404,15.910079139102246,ppk
1748026227.841576,23.430231650514404,1190.3182192152867,15.910079139102246,1190.3182192152867,23.430231650514404,15.910079139102246,ppk
1748026228.0194871,25.550509016453546,1192.7104281281293,15.96202353807163,1192.7104281281293,25.550509016453546,15.96202353807163,ppk
1748026228.1210759,25.550509016453546,1192.7104281281293,15.96202353807163,1192.7104281281293,25.550509016453546,15.96202353807163,ppk
1748026228.280426,25.550509016453546,1192.7104281281293,15.96202353807163,1192.7104281281293,25.550509016453546,15.96202353807163,ppk
1748026228.4162757,27.246821936390877,1195.1027064066416,15.964369455345249,1195.1027064066416,27.246821936390877,15.964369455345249,ppk
1748026228.5609381,27.246821936390877,1195.1027064066416,15.964369455345249,1195.1027064066416,27.246821936390877,15.964369455345249,ppk
1748026228.7283509,28.943248849053393,1198.0931187599233,15.892100850721707,1198.0931187599233,28.943248849053393,15.892100850721707,ppk
1748026228.8866277,28.943248849053393,1198.0931187599233,15.892100850721707,1198.0931187599233,28.943248849053393,15.892100850721707,ppk
1748026229.0423503,30.215371234995406,1199.2891702212705,15.861467405036128,1199.2891702212705,30.215371234995406,15.861467405036128,ppk
1748026229.2023828,30.215371234995406,1199.2891702212705,15.861467405036128,1199.2891702212705,30.215371234995406,15.861467405036128,ppk
1748026229.3599243,31.911686536538795,1201.6814412264011,15.844110520443603,1201.6814412264011,31.911686536538795,15.844110520443603,ppk
1748026229.5024478,31.911686536538795,1201.6814412264011,15.844110520443603,1201.6814412264011,31.911686536538795,15.844110520443603,ppk
1748026229.6781876,32.75984464748377,1202.8775807144846,15.859185692060558,1202.8775807144846,32.75984464748377,15.859185692060558,ppk
1748026229.7642674,32.75984464748377,1202.8775807144846,15.859185692060558,1202.8775807144846,32.75984464748377,15.859185692060558,ppk
1748026229.9083552,34.45616164448963,1205.2698615149413,15.904021608589835,1205.2698615149413,34.45616164448963,15.904021608589835,ppk
1748026230.0287216,34.45616164448963,1205.2698615149413,15.904021608589835,1205.2698615149413,34.45616164448963,15.904021608589835,ppk
1748026230.2023878,34.45616164448963,1205.2698615149413,15.904021608589835,1205.2698615149413,34.45616164448963,15.904021608589835,ppk
1748026230.3430216,35.304320463596724,1206.46600045562,15.921193855583839,1206.46600045562,35.304320463596724,15.921193855583839,ppk
1748026230.4643283,35.304320463596724,1206.46600045562,15.921193855583839,1206.46600045562,35.304320463596724,15.921193855583839,ppk
1748026230.636687,37.42460412393631,1208.8582007794387,15.979430135531317,1208.8582007794387,37.42460412393631,15.979430135531317,ppk
1748026230.7713854,37.42460412393631,1208.8582007794387,15.979430135531317,1208.8582007794387,37.42460412393631,15.979430135531317,ppk
1748026230.9521372,39.12092377072089,1211.250487755202,16.07416643981125,1211.250487755202,39.12092377072089,16.07416643981125,ppk
1748026231.0624437,39.12092377072089,1211.250487755202,16.07416643981125,1211.250487755202,39.12092377072089,16.07416643981125,ppk
1748026231.222977,40.39304926456752,1212.4465528287951,16.13952916911432,1212.4465528287951,40.39304926456752,16.13952916911432,ppk
1748026231.3733313,40.39304926456752,1212.4465528287951,16.13952916911432,1212.4465528287951,40.39304926456752,16.13952916911432,ppk
1748026231.5128036,40.39304926456752,1212.4465528287951,16.13952916911432,1212.4465528287951,40.39304926456752,16.13952916911432,ppk
1748026231.654571,42.08937069057375,1214.8388471851517,16.28346530457432,1214.8388471851517,42.08937069057375,16.28346530457432,ppk
1748026231.752926,42.08937069057375,1214.8388471851517,16.28346530457432,1214.8388471851517,42.08937069057375,16.28346530457432,ppk
1748026231.9045954,43.785693120248716,1217.2311408403002,16.429894904268785,1217.2311408403002,43.785693120248716,16.429894904268785,ppk
1748026232.0299084,43.785693120248716,1217.2311408403002,16.429894904268785,1217.2311408403002,43.785693120248716,16.429894904268785,ppk
1748026232.1817431,43.785693120248716,1217.2311408403002,16.429894904268785,1217.2311408403002,43.785693120248716,16.429894904268785,ppk
1748026232.3021479,45.90598148992392,1219.623344039143,16.537425477313413,1219.623344039143,45.90598148992392,16.537425477313413,ppk
1748026232.4032438,45.90598148992392,1219.623344039143,16.537425477313413,1219.623344039143,45.90598148992392,16.537425477313413,ppk
1748026232.5391366,45.90598148992392,1219.623344039143,16.537425477313413,1219.623344039143,45.90598148992392,16.537425477313413,ppk
1748026232.6756532,46.75414332562198,1220.8194833974014,16.57739014277887,1220.8194833974014,46.75414332562198,16.57739014277887,ppk
1748026232.8323,46.75414332562198,1220.8194833974014,16.57739014277887,1220.8194833974014,46.75414332562198,16.57739014277887,ppk
1748026233.027638,48.45046764835186,1223.2117595497741,16.648720131507684,1223.2117595497741,48.45046764835186,16.648720131507684,ppk
1748026233.1459854,48.45046764835186,1223.2117595497741,16.648720131507684,1223.2117595497741,48.45046764835186,16.648720131507684,ppk
1748026233.299139,49.722595179687666,1224.4078094486215,16.65548500985156,1224.4078094486215,49.722595179687666,16.65548500985156,ppk
1748026233.448056,49.722595179687666,1224.4078094486215,16.65548500985156,1224.4078094486215,49.722595179687666,16.65548500985156,ppk
1748026233.5976744,51.41903603036677,1227.398205015145,16.5921993880532,1227.398205015145,51.41903603036677,16.5921993880532,ppk
1748026233.7408376,51.41903603036677,1227.398205015145,16.5921993880532,1227.398205015145,51.41903603036677,16.5921993880532,ppk
1748026233.8881807,53.5393265294889,1229.7903579470628,16.47011699056826,1229.7903579470628,53.5393265294889,16.47011699056826,ppk
1748026234.060581,53.5393265294889,1229.7903579470628,16.47011699056826,1229.7903579470628,53.5393265294889,16.47011699056826,ppk
1748026234.2097363,53.5393265294889,1229.7903579470628,16.47011699056826,1229.7903579470628,53.5393265294889,16.47011699056826,ppk
1748026234.3729029,55.23565277411516,1232.182594910451,16.36374559056183,1232.182594910451,55.23565277411516,16.36374559056183,ppk
1748026234.5108502,55.23565277411516,1232.182594910451,16.36374559056183,1232.182594910451,55.23565277411516,16.36374559056183,ppk
1748026234.7432127,56.50778142487217,1233.3786298386467,16.309197619263742,1233.3786298386467,56.50778142487217,16.309197619263742,ppk
1748026234.9037533,56.50778142487217,1233.3786298386467,16.309197619263742,1233.3786298386467,56.50778142487217,16.309197619263742,ppk
1748026235.026668,56.50778142487217,1233.3786298386467,16.309197619263742,1233.3786298386467,56.50778142487217,16.309197619263742,ppk
1748026235.2185578,56.50778142487217,1233.3786298386467,16.309197619263742,1233.3786298386467,56.50778142487217,16.309197619263742,ppk
1748026235.3577135,56.50778142487217,1233.3786298386467,16.309197619263742,1233.3786298386467,56.50778142487217,16.309197619263742,ppk
1748026235.4732385,56.50778142487217,1233.3786298386467,16.309197619263742,1233.3786298386467,56.50778142487217,16.309197619263742,ppk
1748026235.6090496,56.50778142487217,1233.3786298386467,16.309197619263742,1233.3786298386467,56.50778142487217,16.309197619263742,ppk
1748026235.7241683,56.50778142487217,1233.3786298386467,16.309197619263742,1233.3786298386467,56.50778142487217,16.309197619263742,ppk
1748026235.9336572,56.50778142487217,1233.3786298386467,16.309197619263742,1233.3786298386467,56.50778142487217,16.309197619263742,ppk
1748026236.0730815,62.86901227289743,1242.34946858668,15.732601321503356,1242.34946858668,62.86901227289743,15.732601321503356,ppk
1748026236.207945,62.86901227289743,1242.34946858668,15.732601321503356,1242.34946858668,62.86901227289743,15.732601321503356,ppk
1748026236.3219426,62.86901227289743,1242.34946858668,15.732601321503356,1242.34946858668,62.86901227289743,15.732601321503356,ppk
1748026236.4815648,64.56534279727198,1244.7416952564363,15.611322528966246,1244.7416952564363,64.56534279727198,15.611322528966246,ppk
1748026236.717559,66.26167436699072,1247.1339242787612,15.509138761637468,1247.1339242787612,66.26167436699072,15.509138761637468,ppk
1748026236.929298,66.26167436699072,1247.1339242787612,15.509138761637468,1247.1339242787612,66.26167436699072,15.509138761637468,ppk
1748026237.0448318,66.26167436699072,1247.1339242787612,15.509138761637468,1247.1339242787612,66.26167436699072,15.509138761637468,ppk
1748026237.247907,66.26167436699072,1247.1339242787612,15.509138761637468,1247.1339242787612,66.26167436699072,15.509138761637468,ppk
1748026237.3415809,66.26167436699072,1247.1339242787612,15.509138761637468,1247.1339242787612,66.26167436699072,15.509138761637468,ppk
1748026237.4659517,66.26167436699072,1247.1339242787612,15.509138761637468,1247.1339242787612,66.26167436699072,15.509138761637468,ppk
1748026237.6636922,66.26167436699072,1247.1339242787612,15.509138761637468,1247.1339242787612,66.26167436699072,15.509138761637468,ppk
1748026237.734159,66.26167436699072,1247.1339242787612,15.509138761637468,1247.1339242787612,66.26167436699072,15.509138761637468,ppk
1748026237.851654,66.26167436699072,1247.1339242787612,15.509138761637468,1247.1339242787612,66.26167436699072,15.509138761637468,ppk
1748026238.0069644,66.26167436699072,1247.1339242787612,15.509138761637468,1247.1339242787612,66.26167436699072,15.509138761637468,ppk
1748026238.0816147,71.35114808702006,1256.7031550493336,15.054205767222703,1256.7031550493336,71.35114808702006,15.054205767222703,ppk
1748026238.2450242,71.35114808702006,1256.7031550493336,15.054205767222703,1256.7031550493336,71.35114808702006,15.054205767222703,ppk
1748026238.3736718,72.19931550594407,1257.8992596012715,14.967359567049213,1257.8992596012715,72.19931550594407,14.967359567049213,ppk
1748026238.5134737,72.19931550594407,1257.8992596012715,14.967359567049213,1257.8992596012715,72.19931550594407,14.967359567049213,ppk
1748026238.6383471,72.19931550594407,1257.8992596012715,14.967359567049213,1257.8992596012715,72.19931550594407,14.967359567049213,ppk
1748026238.7987545,73.47180586451502,1260.8897087581852,14.851956040266668,1260.8897087581852,73.47180586451502,14.851956040266668,ppk
1748026238.968125,73.47180586451502,1260.8897087581852,14.851956040266668,1260.8897087581852,73.47180586451502,14.851956040266668,ppk
1748026239.204126,74.31997493964359,1262.0858277792229,14.84371442579934,1262.0858277792229,74.31997493964359,14.84371442579934,ppk
1748026239.3795059,75.59234877988364,1264.4781521683449,14.839625349161592,1264.4781521683449,75.59234877988364,14.839625349161592,ppk
1748026239.4915602,75.59234877988364,1264.4781521683449,14.839625349161592,1264.4781521683449,75.59234877988364,14.839625349161592,ppk
1748026239.6358094,75.59234877988364,1264.4781521683449,14.839625349161592,1264.4781521683449,75.59234877988364,14.839625349161592,ppk
1748026239.8139868,76.86484344753553,1267.4686191645587,14.8298165145008,1267.4686191645587,76.86484344753553,14.8298165145008,ppk
1748026239.978298,76.86484344753553,1267.4686191645587,14.8298165145008,1267.4686191645587,76.86484344753553,14.8298165145008,ppk
1748026240.133433,77.28904876454152,1268.6648239793274,14.832572316058057,1268.6648239793274,77.28904876454152,14.832572316058057,ppk
1748026240.2965674,77.28904876454152,1268.6648239793274,14.832572316058057,1268.6648239793274,77.28904876454152,14.832572316058057,ppk
1748026240.4275112,78.56142535460701,1271.05715005053,14.849285542454068,1271.05715005053,78.56142535460701,14.849285542454068,ppk
1748026240.6279123,78.98575195655353,1272.8515004667445,14.860321385783536,1272.8515004667445,78.98575195655353,14.860321385783536,ppk
1748026240.764606,78.98575195655353,1272.8515004667445,14.860321385783536,1272.8515004667445,78.98575195655353,14.860321385783536,ppk
1748026240.9104598,78.98575195655353,1272.8515004667445,14.860321385783536,1272.8515004667445,78.98575195655353,14.860321385783536,ppk
1748026241.0676107,80.6820955046072,1275.2437428961134,14.894124836513614,1275.2437428961134,80.6820955046072,14.894124836513614,ppk
1748026241.2066252,80.6820955046072,1275.2437428961134,14.894124836513614,1275.2437428961134,80.6820955046072,14.894124836513614,ppk
1748026241.3412292,81.95447570789969,1277.6360833737333,14.995727193315993,1277.6360833737333,81.95447570789969,14.995727193315993,ppk
1748026241.4616454,81.95447570789969,1277.6360833737333,14.995727193315993,1277.6360833737333,81.95447570789969,14.995727193315993,ppk
1748026241.657626,81.95447570789969,1277.6360833737333,14.995727193315993,1277.6360833737333,81.95447570789969,14.995727193315993,ppk
1748026241.7901525,83.22685746036731,1280.0284321610714,15.14323446769177,1280.0284321610714,83.22685746036731,15.14323446769177,ppk
1748026241.9088748,83.22685746036731,1280.0284321610714,15.14323446769177,1280.0284321610714,83.22685746036731,15.14323446769177,ppk
1748026242.042318,83.65118711904044,1281.8227880316622,15.190568137118413,1281.8227880316622,83.65118711904044,15.190568137118413,ppk
1748026242.1546402,83.65118711904044,1281.8227880316622,15.190568137118413,1281.8227880316622,83.65118711904044,15.190568137118413,ppk
1748026242.3068419,83.65118711904044,1281.8227880316622,15.190568137118413,1281.8227880316622,83.65118711904044,15.190568137118413,ppk
1748026242.4776168,84.92356924284745,1284.2151159644409,15.24086739040946,1284.2151159644409,84.92356924284745,15.24086739040946,ppk
1748026242.6272554,84.92356924284745,1284.2151159644409,15.24086739040946,1284.2151159644409,84.92356924284745,15.24086739040946,ppk
1748026242.796908,86.19595277324629,1286.6074500820453,15.32647433063619,1286.6074500820453,86.19595277324629,15.32647433063619,ppk
1748026242.9400883,86.19595277324629,1286.6074500820453,15.32647433063619,1286.6074500820453,86.19595277324629,15.32647433063619,ppk
1748026243.0978687,86.62016250281775,1287.8036629713304,15.38392105620219,1287.8036629713304,86.62016250281775,15.38392105620219,ppk
1748026243.319525,86.62016250281775,1287.8036629713304,15.38392105620219,1287.8036629713304,86.62016250281775,15.38392105620219,ppk
1748026243.44637,87.89254760278523,1290.1959980871288,15.480726264920358,1290.1959980871288,87.89254760278523,15.480726264920358,ppk
1748026243.5685072,87.89254760278523,1290.1959980871288,15.480726264920358,1290.1959980871288,87.89254760278523,15.480726264920358,ppk
1748026243.7499647,88.74108979480899,1293.1865469479199,15.499610623655826,1293.1865469479199,88.74108979480899,15.499610623655826,ppk
1748026243.8915062,88.74108979480899,1293.1865469479199,15.499610623655826,1293.1865469479199,88.74108979480899,15.499610623655826,ppk
1748026244.0805087,89.16529991716158,1294.3827461408434,15.493556497003398,1294.3827461408434,89.16529991716158,15.493556497003398,ppk
1748026244.1934004,89.16529991716158,1294.3827461408434,15.493556497003398,1294.3827461408434,89.16529991716158,15.493556497003398,ppk
1748026244.3410347,90.0137208460093,1296.7751441217836,15.481859478570238,1296.7751441217836,90.0137208460093,15.481859478570238,ppk
1748026244.4884639,90.0137208460093,1296.7751441217836,15.481859478570238,1296.7751441217836,90.0137208460093,15.481859478570238,ppk
1748026244.668499,90.0137208460093,1296.7751441217836,15.481859478570238,1296.7751441217836,90.0137208460093,15.481859478570238,ppk
1748026244.826084,90.86214281981732,1299.167543445118,15.47996522042278,1299.167543445118,90.86214281981732,15.47996522042278,ppk
1748026244.9731674,90.86214281981732,1299.167543445118,15.47996522042278,1299.167543445118,90.86214281981732,15.47996522042278,ppk
1748026245.1262794,91.2863542920154,1300.3637449405173,15.489214398612717,1300.3637449405173,91.2863542920154,15.489214398612717,ppk
1748026245.2596858,91.2863542920154,1300.3637449405173,15.489214398612717,1300.3637449405173,91.2863542920154,15.489214398612717,ppk
1748026245.4264362,91.71081314579705,1302.7562407702987,15.536519066087914,1302.7562407702987,91.71081314579705,15.536519066087914,ppk
1748026245.5840046,91.71081314579705,1302.7562407702987,15.536519066087914,1302.7562407702987,91.71081314579705,15.536519066087914,ppk
1748026245.7213495,91.71081314579705,1302.7562407702987,15.536519066087914,1302.7562407702987,91.71081314579705,15.536519066087914,ppk
1748026245.9114678,92.13527319919277,1305.1487403602719,15.603628717201145,1305.1487403602719,92.13527319919277,15.603628717201145,ppk
1748026246.086644,92.55973274221263,1307.5412196012792,15.572631060414478,1307.5412196012792,92.55973274221263,15.572631060414478,ppk
1748026246.2092302,92.55973274221263,1307.5412196012792,15.572631060414478,1307.5412196012792,92.55973274221263,15.572631060414478,ppk
1748026246.3883717,92.55998002904914,1308.737499826911,15.541586256236497,1308.737499826911,92.55998002904914,15.541586256236497,ppk
1748026246.5736332,92.55998002904914,1308.737499826911,15.541586256236497,1308.737499826911,92.55998002904914,15.541586256236497,ppk
1748026246.6575441,92.55998002904914,1308.737499826911,15.541586256236497,1308.737499826911,92.55998002904914,15.541586256236497,ppk
1748026246.8572154,92.98444075248223,1311.1299761856333,15.498693002414873,1311.1299761856333,92.98444075248223,15.498693002414873,ppk
1748026247.0126843,92.98444075248223,1311.1299761856333,15.498693002414873,1311.1299761856333,92.98444075248223,15.498693002414873,ppk
1748026247.1428986,92.98493734491095,1313.5225425695828,15.466600604612102,1313.5225425695828,92.98493734491095,15.466600604612102,ppk
1748026247.2805462,92.98493734491095,1313.5225425695828,15.466600604612102,1313.5225425695828,92.98493734491095,15.466600604612102,ppk
1748026247.413038,92.98531058645584,1315.3169701826414,15.456328478374912,1315.3169701826414,92.98531058645584,15.456328478374912,ppk
1748026247.564984,92.98531058645584,1315.3169701826414,15.456328478374912,1315.3169701826414,92.98531058645584,15.456328478374912,ppk
1748026247.750089,93.40977419233216,1317.709451472194,15.440631522611454,1317.709451472194,93.40977419233216,15.440631522611454,ppk
1748026247.8774488,93.40977419233216,1317.709451472194,15.440631522611454,1317.709451472194,93.40977419233216,15.440631522611454,ppk
1748026248.0475113,93.41002379632734,1318.9057370370024,15.436585241431779,1318.9057370370024,93.41002379632734,15.436585241431779,ppk
1748026248.2315953,93.41002379632734,1318.9057370370024,15.436585241431779,1318.9057370370024,93.41002379632734,15.436585241431779,ppk
1748026248.4205134,93.41002379632734,1318.9057370370024,15.436585241431779,1318.9057370370024,93.41002379632734,15.436585241431779,ppk
1748026248.5914278,93.4106494782813,1321.896460520949,15.472763722074014,1321.896460520949,93.4106494782813,15.472763722074014,ppk
1748026248.6990962,93.4106494782813,1321.896460520949,15.472763722074014,1321.896460520949,93.4106494782813,15.472763722074014,ppk
1748026248.810788,93.4106494782813,1321.896460520949,15.472763722074014,1321.896460520949,93.4106494782813,15.472763722074014,ppk
1748026248.9617388,93.41115110961113,1324.2890402789587,15.506272455436807,1324.2890402789587,93.41115110961113,15.506272455436807,ppk
1748026249.11925,93.41115110961113,1324.2890402789587,15.506272455436807,1324.2890402789587,93.41115110961113,15.506272455436807,ppk
1748026249.3062217,93.41165288486383,1326.6816092627614,15.487770709206325,1326.6816092627614,93.41165288486383,15.487770709206325,ppk
1748026249.5335732,93.41165288486383,1326.6816092627614,15.487770709206325,1326.6816092627614,93.41165288486383,15.487770709206325,ppk
1748026249.656844,93.4119036899851,1327.877887785457,15.449825349233697,1327.877887785457,93.4119036899851,15.449825349233697,ppk
1748026249.816607,93.4119036899851,1327.877887785457,15.449825349233697,1327.877887785457,93.4119036899851,15.449825349233697,ppk
1748026250.0119789,93.41240579175407,1330.27044208013,15.360925838630674,1330.27044208013,93.41240579175407,15.360925838630674,ppk
1748026250.1845539,93.41240579175407,1330.27044208013,15.360925838630674,1330.27044208013,93.41240579175407,15.360925838630674,ppk
1748026250.392283,92.98894386627018,1332.6630892160485,15.288633179756843,1332.6630892160485,92.98894386627018,15.288633179756843,ppk
1748026250.5378766,92.98894386627018,1332.6630892160485,15.288633179756843,1332.6630892160485,92.98894386627018,15.288633179756843,ppk
1748026250.670961,92.98894386627018,1332.6630892160485,15.288633179756843,1332.6630892160485,92.98894386627018,15.288633179756843,ppk
1748026250.8152957,92.98932110893044,1334.457496217239,15.180058560304484,1334.457496217239,92.98932110893044,15.180058560304484,ppk
1748026250.9288082,92.98932110893044,1334.457496217239,15.180058560304484,1334.457496217239,92.98932110893044,15.180058560304484,ppk
1748026251.091086,92.98957301835108,1335.6537693861299,15.116614307800956,1335.6537693861299,92.98957301835108,15.116614307800956,ppk
1748026251.2106545,92.98957301835108,1335.6537693861299,15.116614307800956,1335.6537693861299,92.98957301835108,15.116614307800956,ppk
1748026251.3841999,92.99007859901239,1338.046331190149,15.063913361745492,1338.046331190149,92.99007859901239,15.063913361745492,ppk
1748026251.552374,92.99007859901239,1338.046331190149,15.063913361745492,1338.046331190149,92.99007859901239,15.063913361745492,ppk
1748026251.6617672,92.99007859901239,1338.046331190149,15.063913361745492,1338.046331190149,92.99007859901239,15.063913361745492,ppk
1748026251.8735707,92.56649432262346,1339.8408583285027,15.100141662753094,1339.8408583285027,92.56649432262346,15.100141662753094,ppk
1748026252.0960035,92.56700244733828,1342.2334340333232,15.113036680438295,1342.2334340333232,92.56700244733828,15.113036680438295,ppk
1748026252.2360382,92.56700244733828,1342.2334340333232,15.113036680438295,1342.2334340333232,92.56700244733828,15.113036680438295,ppk
1748026252.4270713,92.14316477492893,1342.8316727443162,15.138422186786517,1342.8316727443162,92.14316477492893,15.138422186786517,ppk
1748026252.6724114,92.14316477492893,1342.8316727443162,15.138422186786517,1342.8316727443162,92.14316477492893,15.138422186786517,ppk
1748026252.800667,92.14316477492893,1342.8316727443162,15.138422186786517,1342.8316727443162,92.14316477492893,15.138422186786517,ppk
1748026253.0055623,91.71983685477389,1345.8224907557772,15.191693041973606,1345.8224907557772,91.71983685477389,15.191693041973606,ppk
1748026253.1150978,91.71983685477389,1345.8224907557772,15.191693041973606,1345.8224907557772,91.71983685477389,15.191693041973606,ppk
1748026253.3184686,91.2963818672831,1348.2151542786298,15.190195226384658,1348.2151542786298,91.2963818672831,15.190195226384658,ppk
1748026253.4579613,91.2963818672831,1348.2151542786298,15.190195226384658,1348.2151542786298,91.2963818672831,15.190195226384658,ppk
1748026253.5614822,91.2963818672831,1348.2151542786298,15.190195226384658,1348.2151542786298,91.2963818672831,15.190195226384658,ppk
1748026253.7706182,91.29676480960812,1350.0095799372805,15.169018581907782,1350.0095799372805,91.29676480960812,15.169018581907782,ppk
1748026253.9340792,91.29676480960812,1350.0095799372805,15.169018581907782,1350.0095799372805,91.29676480960812,15.169018581907782,ppk
1748026254.0877705,90.87305551567583,1351.2059587419321,15.175470343594293,1351.2059587419321,90.87305551567583,15.175470343594293,ppk
1748026254.267447,90.87305551567583,1351.2059587419321,15.175470343594293,1351.2059587419321,90.87305551567583,15.175470343594293,ppk
1748026254.4299412,90.87343985431377,1353.0003925970827,15.19249323581291,1353.0003925970827,90.87343985431377,15.19249323581291,ppk
1748026254.583332,90.87343985431377,1353.0003925970827,15.19249323581291,1353.0003925970827,90.87343985431377,15.19249323581291,ppk
1748026254.7180111,90.44960270245646,1353.5986249519929,15.183469050400747,1353.5986249519929,90.44960270245646,15.183469050400747,ppk
1748026254.8873427,90.44960270245646,1353.5986249519929,15.183469050400747,1353.5986249519929,90.44960270245646,15.183469050400747,ppk
1748026255.0553021,90.45011553674993,1355.9911941120972,15.161462067167452,1355.9911941120972,90.45011553674993,15.161462067167452,ppk
1748026255.1886013,90.45011553674993,1355.9911941120972,15.161462067167452,1355.9911941120972,90.45011553674993,15.161462067167452,ppk
1748026255.3251932,90.02653596538333,1357.7857176966459,15.17128745573992,1357.7857176966459,90.02653596538333,15.17128745573992,ppk
1748026255.5245013,90.02653596538333,1357.7857176966459,15.17128745573992,1357.7857176966459,90.02653596538333,15.17128745573992,ppk
1748026255.748098,90.0266649551833,1358.3838670775401,15.198961823209183,1358.3838670775401,90.0266649551833,15.198961823209183,ppk
1748026255.9454498,89.60308643890852,1360.178396684119,15.235687756033215,1360.178396684119,89.60308643890852,15.235687756033215,ppk
1748026256.0843081,89.60308643890852,1360.178396684119,15.235687756033215,1360.178396684119,89.60308643890852,15.235687756033215,ppk
1748026256.2640643,89.60334413256918,1361.3746835870916,15.234830239620388,1361.3746835870916,89.60334413256918,15.234830239620388,ppk
1748026256.4592948,89.60334413256918,1361.3746835870916,15.234830239620388,1361.3746835870916,89.60334413256918,15.234830239620388,ppk
1748026256.660566,89.17976559665064,1363.1692003785038,15.209856389607028,1363.1692003785038,89.17976559665064,15.209856389607028,ppk
1748026256.824944,89.17976559665064,1363.1692003785038,15.209856389607028,1363.1692003785038,89.17976559665064,15.209856389607028,ppk
1748026256.9459922,88.75618817096607,1364.9637265387817,15.227675282778877,1364.9637265387817,88.75618817096607,15.227675282778877,ppk
1748026257.0702634,88.75618817096607,1364.9637265387817,15.227675282778877,1364.9637265387817,88.75618817096607,15.227675282778877,ppk
1748026257.2208598,88.75618817096607,1364.9637265387817,15.227675282778877,1364.9637265387817,88.75618817096607,15.227675282778877,ppk
1748026257.3906279,88.7565770784079,1366.7581712727847,15.292492465847438,1366.7581712727847,88.7565770784079,15.292492465847438,ppk
1748026257.548097,88.7565770784079,1366.7581712727847,15.292492465847438,1366.7581712727847,88.7565770784079,15.292492465847438,ppk
1748026257.760599,88.33274200944471,1367.3564168127161,15.33987096465374,1367.3564168127161,88.33274200944471,15.33987096465374,ppk
1748026257.8782187,88.33274200944471,1367.3564168127161,15.33987096465374,1367.3564168127161,88.33274200944471,15.33987096465374,ppk
1748026258.005866,88.33313233694366,1369.1508732293685,15.458383154784633,1369.1508732293685,88.33313233694366,15.458383154784633,ppk
1748026258.1940546,88.33313233694366,1369.1508732293685,15.458383154784633,1369.1508732293685,88.33313233694366,15.458383154784633,ppk
1748026258.3087847,88.33313233694366,1369.1508732293685,15.458383154784633,1369.1508732293685,88.33313233694366,15.458383154784633,ppk
1748026258.4577162,87.90955736858449,1370.945412179106,15.532406058124671,1370.945412179106,87.90955736858449,15.532406058124671,ppk
1748026258.613311,87.90955736858449,1370.945412179106,15.532406058124671,1370.945412179106,87.90955736858449,15.532406058124671,ppk
1748026258.866514,87.48572213738883,1371.5436497402723,15.540683462071218,1371.5436497402723,87.48572213738883,15.540683462071218,ppk
1748026258.98192,87.06214716712341,1373.3381786740915,15.566007213325937,1373.3381786740915,87.06214716712341,15.566007213325937,ppk
1748026259.0811818,87.06214716712341,1373.3381786740915,15.566007213325937,1373.3381786740915,87.06214716712341,15.566007213325937,ppk
1748026259.2580938,87.06214716712341,1373.3381786740915,15.566007213325937,1373.3381786740915,87.06214716712341,15.566007213325937,ppk
1748026259.3505683,87.06253796497782,1375.1326166444976,15.596321922798753,1375.1326166444976,87.06253796497782,15.596321922798753,ppk
1748026259.5528283,87.06253796497782,1375.1326166444976,15.596321922798753,1375.1326166444976,87.06253796497782,15.596321922798753,ppk
1748026259.808479,86.63896369933883,1376.927141054916,15.598840379780379,1376.927141054916,86.63896369933883,15.598840379780379,ppk
1748026259.972883,86.63896369933883,1376.927141054916,15.598840379780379,1376.927141054916,86.63896369933883,15.598840379780379,ppk
1748026260.071377,86.63896369933883,1376.927141054916,15.598840379780379,1376.927141054916,86.63896369933883,15.598840379780379,ppk
1748026260.2268395,86.63896369933883,1376.927141054916,15.598840379780379,1376.927141054916,86.63896369933883,15.598840379780379,ppk
1748026260.4336472,86.21551941536343,1379.3197919399981,15.519526013124297,1379.3197919399981,86.21551941536343,15.519526013124297,ppk
1748026260.641683,86.21551941536343,1379.3197919399981,15.519526013124297,1379.3197919399981,86.21551941536343,15.519526013124297,ppk
1748026260.787525,85.79181377782898,1380.5161438013783,15.387277188343177,1380.5161438013783,85.79181377782898,15.387277188343177,ppk
1748026260.945168,85.79181377782898,1380.5161438013783,15.387277188343177,1380.5161438013783,85.79181377782898,15.387277188343177,ppk
1748026261.1236818,85.7920743469582,1381.7124157735657,15.313913728854278,1381.7124157735657,85.7920743469582,15.313913728854278,ppk
1748026261.3406105,85.7920743469582,1381.7124157735657,15.313913728854278,1381.7124157735657,85.7920743469582,15.313913728854278,ppk
1748026261.5357034,85.36836969059833,1382.9087759472661,15.21936126365769,1382.9087759472661,85.36836969059833,15.21936126365769,ppk
1748026261.7009256,84.94479661315253,1384.7032842669344,15.143477765536826,1384.7032842669344,84.94479661315253,15.143477765536826,ppk
1748026261.7888994,84.94479661315253,1384.7032842669344,15.143477765536826,1384.7032842669344,84.94479661315253,15.143477765536826,ppk
1748026262.0015998,84.94479661315253,1384.7032842669344,15.143477765536826,1384.7032842669344,84.94479661315253,15.143477765536826,ppk
1748026262.2598016,84.94492731995888,1385.3014210823173,15.110450151856265,1385.3014210823173,84.94492731995888,15.110450151856265,ppk
1748026262.3351216,84.94492731995888,1385.3014210823173,15.110450151856265,1385.3014210823173,84.94492731995888,15.110450151856265,ppk
1748026262.494093,84.52135524691631,1387.0959347256833,15.058064489354415,1387.0959347256833,84.52135524691631,15.058064489354415,ppk
1748026262.7004535,84.52135524691631,1387.0959347256833,15.058064489354415,1387.0959347256833,84.52135524691631,15.058064489354415,ppk
1748026262.7787871,84.52135524691631,1387.0959347256833,15.058064489354415,1387.0959347256833,84.52135524691631,15.058064489354415,ppk
1748026262.9459908,84.0977843106545,1388.890458777262,15.052583808426633,1388.890458777262,84.0977843106545,15.052583808426633,ppk
1748026263.1544564,83.67421481836084,1390.6849985422043,15.118200924069086,1390.6849985422043,83.67421481836084,15.118200924069086,ppk
1748026263.2821925,83.67421481836084,1390.6849985422043,15.118200924069086,1390.6849985422043,83.67421481836084,15.118200924069086,ppk
1748026263.4649706,83.67421481836084,1390.6849985422043,15.118200924069086,1390.6849985422043,83.67421481836084,15.118200924069086,ppk
1748026263.6347728,83.2505147734962,1391.881407325184,15.242945949398065,1391.881407325184,83.2505147734962,15.242945949398065,ppk
1748026263.7996154,83.25077940305255,1393.0777109538483,15.313280003902696,1393.0777109538483,83.25077940305255,15.313280003902696,ppk
1748026263.97645,83.25077940305255,1393.0777109538483,15.313280003902696,1393.0777109538483,83.25077940305255,15.313280003902696,ppk
1748026264.1634502,82.82721164555512,1394.8722609197555,15.422696238300087,1394.8722609197555,82.82721164555512,15.422696238300087,ppk
1748026264.3919506,82.82721164555512,1394.8722609197555,15.422696238300087,1394.8722609197555,82.82721164555512,15.422696238300087,ppk
1748026264.628371,82.40364349074574,1396.6667961256778,15.463210880455224,1396.6667961256778,82.40364349074574,15.463210880455224,ppk
1748026264.7782023,82.40364349074574,1396.6667961256778,15.463210880455224,1396.6667961256778,82.40364349074574,15.463210880455224,ppk
1748026264.856837,81.98007619682306,1398.4613376571133,15.531419691657984,1398.4613376571133,81.98007619682306,15.531419691657984,ppk
1748026265.1679976,81.55637598081513,1399.6577203712368,15.532269413367237,1399.6577203712368,81.55637598081513,15.532269413367237,ppk
1748026265.3405192,81.55637598081513,1399.6577203712368,15.532269413367237,1399.6577203712368,81.55637598081513,15.532269413367237,ppk
1748026265.4673014,81.55637598081513,1399.6577203712368,15.532269413367237,1399.6577203712368,81.55637598081513,15.532269413367237,ppk
1748026265.5934427,81.13280880126234,1401.4522499579168,15.543775669822693,1401.4522499579168,81.13280880126234,15.543775669822693,ppk
1748026265.7330968,81.13280880126234,1401.4522499579168,15.543775669822693,1401.4522499579168,81.13280880126234,15.543775669822693,ppk
1748026265.8693397,81.13307454406868,1402.6485424938917,15.5610149769124,1402.6485424938917,81.13307454406868,15.5610149769124,ppk
1748026266.0454228,81.13307454406868,1402.6485424938917,15.5610149769124,1402.6485424938917,81.13307454406868,15.5610149769124,ppk
1748026266.2204542,80.70964160403526,1405.0412233600657,15.602196894675226,1405.0412233600657,80.70964160403526,15.602196894675226,ppk
1748026266.3435864,80.70964160403526,1405.0412233600657,15.602196894675226,1405.0412233600657,80.70964160403526,15.602196894675226,ppk
1748026266.498668,80.70964160403526,1405.0412233600657,15.602196894675226,1405.0412233600657,80.70964160403526,15.602196894675226,ppk
1748026266.7433562,80.28620859809843,1407.4338876807499,15.566671957130632,1407.4338876807499,80.28620859809843,15.566671957130632,ppk
1748026266.9521575,79.8627759254983,1409.8265421241688,15.485049294678003,1409.8265421241688,79.8627759254983,15.485049294678003,ppk
1748026267.1768644,79.8627759254983,1409.8265421241688,15.485049294678003,1409.8265421241688,79.8627759254983,15.485049294678003,ppk
1748026267.3538718,79.8627759254983,1409.8265421241688,15.485049294678003,1409.8265421241688,79.8627759254983,15.485049294678003,ppk
1748026267.5253227,79.4393420130566,1412.2191585893206,15.230429191155757,1412.2191585893206,79.4393420130566,15.230429191155757,ppk
1748026267.6773372,79.4393420130566,1412.2191585893206,15.230429191155757,1412.2191585893206,79.4393420130566,15.230429191155757,ppk
1748026267.863739,79.01590767139164,1414.6117507832928,14.86560156340267,1414.6117507832928,79.01590767139164,14.86560156340267,ppk
1748026267.9530025,79.01590767139164,1414.6117507832928,14.86560156340267,1414.6117507832928,79.01590767139164,14.86560156340267,ppk
1748026268.1197567,79.01590767139164,1414.6117507832928,14.86560156340267,1414.6117507832928,79.01590767139164,14.86560156340267,ppk
1748026268.241969,78.59234156050118,1416.4062240758412,14.616109497198178,1416.4062240758412,78.59234156050118,14.616109497198178,ppk
1748026268.3933687,78.59234156050118,1416.4062240758412,14.616109497198178,1416.4062240758412,78.59234156050118,14.616109497198178,ppk
1748026268.576264,78.16891117970601,1418.798857708535,14.43728487902623,1418.798857708535,78.16891117970601,14.43728487902623,ppk
1748026268.8193922,78.16891117970601,1418.798857708535,14.43728487902623,1418.798857708535,78.16891117970601,14.43728487902623,ppk
1748026269.0458765,77.32138212209686,1420.593442971558,14.261496671162174,1420.593442971558,77.32138212209686,14.261496671162174,ppk
1748026269.138739,77.32138212209686,1420.593442971558,14.261496671162174,1420.593442971558,77.32138212209686,14.261496671162174,ppk
1748026269.3055453,77.32164998534864,1421.7897086694334,14.155731298759074,1421.7897086694334,77.32164998534864,14.155731298759074,ppk
1748026269.4904408,77.32164998534864,1421.7897086694334,14.155731298759074,1421.7897086694334,77.32164998534864,14.155731298759074,ppk
1748026269.6259208,76.89808641752661,1423.5841896213324,13.938440778363335,1423.5841896213324,76.89808641752661,13.938440778363335,ppk
1748026269.7724402,76.89808641752661,1423.5841896213324,13.938440778363335,1423.5841896213324,76.89808641752661,13.938440778363335,ppk
1748026269.9477472,76.89849013247374,1425.3786061236076,13.860541304588065,1425.3786061236076,76.89849013247374,13.860541304588065,ppk
1748026270.09392,76.89849013247374,1425.3786061236076,13.860541304588065,1425.3786061236076,76.89849013247374,13.860541304588065,ppk
1748026270.2746685,76.89862508957265,1425.9767499762766,13.857104302678373,1425.9767499762766,76.89862508957265,13.857104302678373,ppk
1748026270.45972,76.89862508957265,1425.9767499762766,13.857104302678373,1425.9767499762766,76.89862508957265,13.857104302678373,ppk
1748026270.5626068,76.89862508957265,1425.9767499762766,13.857104302678373,1425.9767499762766,76.89862508957265,13.857104302678373,ppk
1748026270.8548448,76.4749295428909,1427.173123037522,13.803543323122742,1427.173123037522,76.4749295428909,13.803543323122742,ppk
1748026270.9704764,76.47519914424048,1428.369397598477,13.737571640006292,1428.369397598477,76.47519914424048,13.737571640006292,ppk
1748026271.1701112,76.47519914424048,1428.369397598477,13.737571640006292,1428.369397598477,76.47519914424048,13.737571640006292,ppk
1748026271.3269186,76.47546976449924,1429.5656869037036,13.737609252113103,1429.5656869037036,76.47546976449924,13.737609252113103,ppk
1748026271.60902,76.47546976449924,1429.5656869037036,13.737609252113103,1429.5656869037036,76.47546976449924,13.737609252113103,ppk
1748026271.7977264,76.47560449082698,1430.163819075861,13.681872360033802,1430.163819075861,76.47560449082698,13.681872360033802,ppk
1748026271.9572763,76.47560449082698,1430.163819075861,13.681872360033802,1430.163819075861,76.47560449082698,13.681872360033802,ppk
1748026272.1204875,76.05177371497697,1430.7620378381187,13.584041471095741,1430.7620378381187,76.05177371497697,13.584041471095741,ppk
1748026272.2957406,76.05177371497697,1430.7620378381187,13.584041471095741,1430.7620378381187,76.05177371497697,13.584041471095741,ppk
1748026272.464857,76.05190767124932,1431.3601534035283,13.454108608367424,1431.3601534035283,76.05190767124932,13.454108608367424,ppk
1748026272.6967418,76.05190767124932,1431.3601534035283,13.454108608367424,1431.3601534035283,76.05190767124932,13.454108608367424,ppk
1748026272.9033256,76.05204045177999,1431.958245815567,13.220980500098097,1431.958245815567,76.05204045177999,13.220980500098097,ppk
1748026273.0981834,76.05204045177999,1431.958245815567,13.220980500098097,1431.958245815567,76.05204045177999,13.220980500098097,ppk
1748026273.2862108,76.05203774242884,1431.9581949600592,12.994074683312926,1431.9581949600592,76.05203774242884,12.994074683312926,ppk
1748026273.4024205,76.05203774242884,1431.9581949600592,12.994074683312926,1431.9581949600592,76.05203774242884,12.994074683312926,ppk
1748026273.5685172,76.05203774242884,1431.9581949600592,12.994074683312926,1431.9581949600592,76.05203774242884,12.994074683312926,ppk
1748026273.7643328,76.05203583442642,1431.9581591671156,12.834376200753248,1431.9581591671156,76.05203583442642,12.834376200753248,ppk
1748026273.9199982,76.05203583442642,1431.9581591671156,12.834376200753248,1431.9581591671156,76.05203583442642,12.834376200753248,ppk
1748026274.1697757,76.0520348561876,1431.958140810925,12.752474652464798,1431.958140810925,76.0520348561876,12.752474652464798,ppk
1748026274.3694968,76.0520348561876,1431.958140810925,12.752474652464798,1431.958140810925,76.0520348561876,12.752474652464798,ppk
1748026274.50302,76.05203180469971,1431.9580835463037,12.496973865494928,1431.9580835463037,76.05203180469971,12.496973865494928,ppk
1748026274.6074874,76.05203180469971,1431.9580835463037,12.496973865494928,1431.9580835463037,76.05203180469971,12.496973865494928,ppk
1748026274.8047657,76.05203180469971,1431.9580835463037,12.496973865494928,1431.9580835463037,76.05203180469971,12.496973865494928,ppk
1748026274.9436476,76.05203047470786,1431.9580585794142,12.385577078766792,1431.9580585794142,76.05203047470786,12.385577078766792,ppk
1748026275.2477078,76.05202769934003,1431.9580064925606,12.153178098348777,1431.9580064925606,76.05202769934003,12.153178098348777,ppk
1748026275.4203894,76.05202769934003,1431.9580064925606,12.153178098348777,1431.9580064925606,76.05202769934003,12.153178098348777,ppk
1748026275.5989711,76.05202769934003,1431.9580064925606,12.153178098348777,1431.9580064925606,76.05202769934003,12.153178098348777,ppk
1748026275.8178225,76.05202264510282,1431.9579116416435,11.729975594199132,1431.9579116416435,76.05202264510282,11.729975594199132,ppk
1748026276.0437672,76.05202116521457,1431.9578838721034,11.606074229396533,1431.9578838721034,76.05202116521457,11.606074229396533,ppk
1748026276.204856,76.05202116521457,1431.9578838721034,11.606074229396533,1431.9578838721034,76.05202116521457,11.606074229396533,ppk
1748026276.3658986,76.05202116521457,1431.9578838721034,11.606074229396533,1431.9578838721034,76.05202116521457,11.606074229396533,ppk
1748026276.576889,76.47584451433244,1431.3595312837767,11.106004855333655,1431.3595312837767,76.47584451433244,11.106004855333655,ppk
1748026276.7680671,76.47584451433244,1431.3595312837767,11.106004855333655,1431.3595312837767,76.47584451433244,11.106004855333655,ppk
1748026276.9775605,76.47584451433244,1431.3595312837767,11.106004855333655,1431.3595312837767,76.47584451433244,11.106004855333655,ppk
1748026277.0917292,76.47584005801905,1431.3594481447744,10.734903485441432,1431.3594481447744,76.47584005801905,10.734903485441432,ppk
1748026277.2371705,76.47584005801905,1431.3594481447744,10.734903485441432,1431.3594481447744,76.47584005801905,10.734903485441432,ppk
1748026277.4710488,76.4756970423369,1430.76116377845,10.109739931867637,1430.76116377845,76.4756970423369,10.109739931867637,ppk
1748026277.7404633,76.4756970423369,1430.76116377845,10.109739931867637,1430.76116377845,76.4756970423369,10.109739931867637,ppk
1748026277.849702,76.4756970423369,1430.76116377845,10.109739931867637,1430.76116377845,76.4756970423369,10.109739931867637,ppk
1748026278.0819695,76.47569160156712,1430.7610623331507,9.65673701459568,1430.7610623331507,76.47569160156712,9.65673701459568,ppk
1748026278.2187312,76.47569160156712,1430.7610623331507,9.65673701459568,1430.7610623331507,76.47569160156712,9.65673701459568,ppk
1748026278.4538732,76.89965132564566,1430.760872341481,9.23713812917986,1430.760872341481,76.89965132564566,9.23713812917986,ppk
1748026278.5773268,76.89965132564566,1430.760872341481,9.23713812917986,1430.760872341481,76.89965132564566,9.23713812917986,ppk
1748026278.75332,76.89965132564566,1430.760872341481,9.23713812917986,1430.760872341481,76.89965132564566,9.23713812917986,ppk
1748026279.0271797,76.89964281395433,1430.7607145085426,8.532334679622286,1430.7607145085426,76.89964281395433,8.532334679622286,ppk
1748026279.2524283,76.89964281395433,1430.7607145085426,8.532334679622286,1430.7607145085426,76.89964281395433,8.532334679622286,ppk
1748026279.417194,76.89963679254201,1430.7606028531488,8.033738501171028,1430.7606028531488,76.89963679254201,8.033738501171028,ppk
1748026279.535826,76.89963679254201,1430.7606028531488,8.033738501171028,1430.7606028531488,76.89963679254201,8.033738501171028,ppk
1748026279.7153811,76.8996297290183,1430.7604718707848,7.44883861378814,1430.7604718707848,76.8996297290183,7.44883861378814,ppk
1748026280.0214899,76.8996297290183,1430.7604718707848,7.44883861378814,1430.7604718707848,76.8996297290183,7.44883861378814,ppk
1748026280.1205964,76.8996297290183,1430.7604718707848,7.44883861378814,1430.7604718707848,76.8996297290183,7.44883861378814,ppk
1748026280.2183769,76.8996297290183,1430.7604718707848,7.44883861378814,1430.7604718707848,76.8996297290183,7.44883861378814,ppk
1748026280.3515806,76.47565467155944,1430.760373720499,6.581740143631791,1430.760373720499,76.47565467155944,6.581740143631791,ppk
1748026280.49193,76.47565467155944,1430.760373720499,6.581740143631791,1430.760373720499,76.47565467155944,6.581740143631791,ppk
1748026280.6701221,76.89961342007176,1430.7601694403334,6.09833663365557,1430.7601694403334,76.89961342007176,6.09833663365557,ppk
1748026280.8992589,76.89961342007176,1430.7601694403334,6.09833663365557,1430.7601694403334,76.89961342007176,6.09833663365557,ppk
1748026281.0689342,76.8997448525785,1431.3582377147748,5.760800320060232,1431.3582377147748,76.8997448525785,5.760800320060232,ppk
1748026281.2891595,76.8997448525785,1431.3582377147748,5.760800320060232,1431.3582377147748,76.8997448525785,5.760800320060232,ppk
1748026281.4699519,76.89974154888463,1431.3581764199314,5.487202609860439,1431.3581764199314,76.89974154888463,5.487202609860439,ppk
1748026281.5527394,76.89974154888463,1431.3581764199314,5.487202609860439,1431.3581764199314,76.89974154888463,5.487202609860439,ppk
1748026281.753103,76.89974154888463,1431.3581764199314,5.487202609860439,1431.3581764199314,76.89974154888463,5.487202609860439,ppk
1748026281.8881109,77.32370330646445,1431.358029518838,5.260299311332092,1431.358029518838,77.32370330646445,5.260299311332092,ppk
1748026282.0534027,77.32370330646445,1431.358029518838,5.260299311332092,1431.358029518838,77.32370330646445,5.260299311332092,ppk
1748026282.1310744,77.32370330646445,1431.358029518838,5.260299311332092,1431.358029518838,77.32370330646445,5.260299311332092,ppk
1748026282.2937138,77.32383779982229,1431.9561535168953,5.17206103148958,1431.9561535168953,77.32383779982229,5.17206103148958,ppk
1748026282.4401774,77.32383779982229,1431.9561535168953,5.17206103148958,1431.9561535168953,77.32383779982229,5.17206103148958,ppk
1748026282.5887456,77.74780049680479,1431.9560244628392,5.0250603502651074,1431.9560244628392,77.74780049680479,5.0250603502651074,ppk
1748026282.6651697,77.74780049680479,1431.9560244628392,5.0250603502651074,1431.9560244628392,77.74780049680479,5.0250603502651074,ppk
1748026282.8191087,78.1718991328171,1432.5540452010084,4.905414259631054,1432.5540452010084,78.1718991328171,4.905414259631054,ppk
1748026283.0769968,78.1718991328171,1432.5540452010084,4.905414259631054,1432.5540452010084,78.1718991328171,4.905414259631054,ppk
1748026283.1765523,78.1718991328171,1432.5540452010084,4.905414259631054,1432.5540452010084,78.1718991328171,4.905414259631054,ppk
1748026283.2945616,78.59599906234982,1433.152088606606,4.8872771732081945,1433.152088606606,78.59599906234982,4.8872771732081945,ppk
1748026283.4627304,78.59599906234982,1433.152088606606,4.8872771732081945,1433.152088606606,78.59599906234982,4.8872771732081945,ppk
1748026283.5592966,78.59599906234982,1433.152088606606,4.8872771732081945,1433.152088606606,78.59599906234982,4.8872771732081945,ppk
1748026283.7168262,79.02009869669988,1433.750125600332,4.840941765612642,1433.750125600332,79.02009869669988,4.840941765612642,ppk
1748026283.847005,79.02009869669988,1433.750125600332,4.840941765612642,1433.750125600332,79.02009869669988,4.840941765612642,ppk
1748026283.9632962,79.44406291571848,1433.7500248154493,4.8206346931217015,1433.7500248154493,79.44406291571848,4.8206346931217015,ppk
1748026284.1266344,79.44406291571848,1433.7500248154493,4.8206346931217015,1433.7500248154493,79.44406291571848,4.8206346931217015,ppk
1748026284.2401733,79.44406291571848,1433.7500248154493,4.8206346931217015,1433.7500248154493,79.44406291571848,4.8206346931217015,ppk
1748026284.3796036,79.86816271592744,1434.348063855008,4.783996131568633,1434.348063855008,79.86816271592744,4.783996131568633,ppk
1748026284.5353193,79.86816271592744,1434.348063855008,4.783996131568633,1434.348063855008,79.86816271592744,4.783996131568633,ppk
1748026284.6666195,80.29239816735294,1435.5442407636474,4.722923494826372,1435.5442407636474,80.29239816735294,4.722923494826372,ppk
1748026284.8360155,80.29239816735294,1435.5442407636474,4.722923494826372,1435.5442407636474,80.29239816735294,4.722923494826372,ppk
1748026285.0170743,80.7163622617564,1435.5441378521482,4.693712834709409,1435.5441378521482,80.7163622617564,4.693712834709409,ppk
1748026285.1423578,80.7163622617564,1435.5441378521482,4.693712834709409,1435.5441378521482,80.7163622617564,4.693712834709409,ppk
1748026285.3213212,81.1404625953335,1436.1421832600806,4.686576888882099,1436.1421832600806,81.1404625953335,4.686576888882099,ppk
1748026285.4589155,81.1404625953335,1436.1421832600806,4.686576888882099,1436.1421832600806,81.1404625953335,4.686576888882099,ppk
1748026285.5968702,81.1404625953335,1436.1421832600806,4.686576888882099,1436.1421832600806,81.1404625953335,4.686576888882099,ppk
1748026285.8196766,81.14059890445805,1436.7403317608832,4.7094374020822,1436.7403317608832,81.14059890445805,4.7094374020822,ppk
1748026285.9679036,81.14059890445805,1436.7403317608832,4.7094374020822,1436.7403317608832,81.14059890445805,4.7094374020822,ppk
1748026286.26509,81.56483464855927,1437.9365057103469,4.637164281047491,1437.9365057103469,81.56483464855927,4.637164281047491,ppk
1748026286.423783,81.98893522071876,1438.5345511840476,4.631424233618353,1438.5345511840476,81.98893522071876,4.631424233618353,ppk
1748026286.5812137,81.98893522071876,1438.5345511840476,4.631424233618353,1438.5345511840476,81.98893522071876,4.631424233618353,ppk
1748026286.734587,81.98907242087324,1439.1327111647847,4.70559219909476,1439.1327111647847,81.98907242087324,4.70559219909476,ppk
1748026286.8790684,81.98907242087324,1439.1327111647847,4.70559219909476,1439.1327111647847,81.98907242087324,4.70559219909476,ppk
1748026287.0131316,82.41317369349383,1439.7307666410993,4.744750997801856,1439.7307666410993,82.41317369349383,4.744750997801856,ppk
1748026287.1480522,82.41317369349383,1439.7307666410993,4.744750997801856,1439.7307666410993,82.41317369349383,4.744750997801856,ppk
1748026287.354431,82.41317369349383,1439.7307666410993,4.744750997801856,1439.7307666410993,82.41317369349383,4.744750997801856,ppk
1748026287.4193032,82.41330982683267,1440.328905978937,4.7274195252782905,1440.328905978937,82.41330982683267,4.7274195252782905,ppk
1748026287.5951817,82.41330982683267,1440.328905978937,4.7274195252782905,1440.328905978937,82.41330982683267,4.7274195252782905,ppk
1748026287.7599826,82.41330982683267,1440.328905978937,4.7274195252782905,1440.328905978937,82.41330982683267,4.7274195252782905,ppk
1748026287.9085884,82.8376841593965,1442.1232467927243,4.762302836273918,1442.1232467927243,82.8376841593965,4.762302836273918,ppk
1748026288.0731869,82.8376841593965,1442.1232467927243,4.762302836273918,1442.1232467927243,82.8376841593965,4.762302836273918,ppk
1748026288.2597547,82.8378213888454,1442.721401192963,4.811873299625663,1442.721401192963,82.8378213888454,4.811873299625663,ppk
1748026288.400126,82.8378213888454,1442.721401192963,4.811873299625663,1442.721401192963,82.8378213888454,4.811873299625663,ppk
1748026288.475803,82.83795821571553,1443.3195476257363,4.8261348685695635,1443.3195476257363,82.83795821571553,4.8261348685695635,ppk
1748026288.6050825,82.83795821571553,1443.3195476257363,4.8261348685695635,1443.3195476257363,82.83795821571553,4.8261348685695635,ppk
1748026288.7916746,82.83809468487613,1443.917686874907,4.808597067110879,1443.917686874907,82.83809468487613,4.808597067110879,ppk
1748026288.9120631,82.83809468487613,1443.917686874907,4.808597067110879,1443.917686874907,82.83809468487613,4.808597067110879,ppk
1748026289.0513062,82.83809468487613,1443.917686874907,4.808597067110879,1443.917686874907,82.83809468487613,4.808597067110879,ppk
1748026289.2082481,82.41440349507101,1445.1140653413913,4.786733255670533,1445.1140653413913,82.41440349507101,4.786733255670533,ppk
1748026289.3632283,82.41440349507101,1445.1140653413913,4.786733255670533,1445.1140653413913,82.41440349507101,4.786733255670533,ppk
1748026289.5271325,82.41453995526658,1445.7122014778815,4.755302159359357,1445.7122014778815,82.41453995526658,4.755302159359357,ppk
1748026289.6355405,82.41453995526658,1445.7122014778815,4.755302159359357,1445.7122014778815,82.41453995526658,4.755302159359357,ppk
1748026289.8055496,81.99071292839803,1446.310450888028,4.795470692947062,1446.310450888028,81.99071292839803,4.795470692947062,ppk
1748026289.999091,81.99071292839803,1446.310450888028,4.795470692947062,1446.310450888028,81.99071292839803,4.795470692947062,ppk
1748026290.2196252,81.56702408502258,1447.506863060249,4.9210062758605275,1447.506863060249,81.56702408502258,4.9210062758605275,ppk
1748026290.4397156,81.56702408502258,1447.506863060249,4.9210062758605275,1447.506863060249,81.56702408502258,4.9210062758605275,ppk
1748026290.5987055,81.1431963348183,1448.1050971033098,4.892372708498971,1448.1050971033098,81.1431963348183,4.892372708498971,ppk
1748026290.6722572,81.1431963348183,1448.1050971033098,4.892372708498971,1448.1050971033098,81.1431963348183,4.892372708498971,ppk
1748026290.8275347,81.14333280573983,1448.7032283887875,4.839037340684187,1448.7032283887875,81.14333280573983,4.839037340684187,ppk
1748026291.0460844,81.14333280573983,1448.7032283887875,4.839037340684187,1448.7032283887875,81.14333280573983,4.839037340684187,ppk
1748026291.1879911,80.29567779881458,1449.8997001481966,4.796677675163808,1449.8997001481966,80.29567779881458,4.796677675163808,ppk
1748026291.3479927,80.29567779881458,1449.8997001481966,4.796677675163808,1449.8997001481966,80.29567779881458,4.796677675163808,ppk
1748026291.5507083,79.4478862182877,1450.498038977108,4.799650031500924,1450.498038977108,79.4478862182877,4.799650031500924,ppk
1748026291.6698737,79.4478862182877,1450.498038977108,4.799650031500924,1450.498038977108,79.4478862182877,4.799650031500924,ppk
