timestamp,vins_x,vins_y,vins_z,gps_x,gps_y,gps_z,time_diff,error_x,error_y,error_z,error_2d,error_3d
1748025979.1802502,82.77881293665615,-75.01576852243807,-0.1567169748839063,-6.113070482793249e-11,4.251358027352083e-11,-0.0009002686370608,0.10610103607177734,82.77881293671729,-75.01576852248058,-0.1558167062468455,111.712565981766,111.7126746482975
1748025979.2351625,82.78195629316343,-75.01780751171276,-0.1580723801264995,-6.113070482793249e-11,4.251358027352083e-11,-0.0009002686370608,0.05118870735168457,82.78195629322457,-75.01780751175528,-0.1571721114894387,111.71626440050754,111.71637496211886
1748025979.285224,82.78313000171767,-75.02009601963951,-0.1558133416241651,-6.113070482793249e-11,4.251358027352083e-11,-0.0009002686370608,0.0011272430419921875,82.7831300017788,-75.02009601968203,-0.1549130729871043,111.71867086433548,111.71877826826564
1748025979.3354657,82.78155506020886,-75.01847873482046,-0.1582126832304453,-6.113070482793249e-11,4.251358027352083e-11,-0.0009002686370608,0.0013456344604492188,82.78155506027,-75.01847873486298,-0.1573124145933845,111.71641781712124,111.7165285760589
1748025979.3868296,82.77462850833638,-75.01648117628011,-0.14863459792932018,-6.113070482793249e-11,4.251358027352083e-11,-0.0009002686370608,0.0004887580871582031,82.77462850839751,-75.01648117632263,-0.14773432929225938,111.70994392971818,111.71004161763092
1748025979.4661102,82.76880043088732,-75.01631994948613,-0.14068425644747867,-6.113070482793249e-11,4.251358027352083e-11,-0.0009002686370608,0.0027382373809814453,82.76880043094846,-75.01631994952865,-0.13978398781041787,111.70551724757478,111.7056047076935
1748025979.5421746,82.76975644510935,-75.01690468697464,-0.13728666213698487,-8.544310258807807e-11,-7.752711424755589e-11,0.0041046148735527,0.0013709068298339844,82.7697564451948,-75.01690468689712,-0.14139127701053758,111.70661829453022,111.70670777662856
1748025979.6444972,82.77641697654315,-75.01845692140961,-0.13725600166376278,-8.544310258807807e-11,-7.752711424755589e-11,0.0041046148735527,0.0018520355224609375,82.7764169766286,-75.01845692133209,-0.1413606165373155,111.71259591624592,111.71268535475437
1748025979.7416692,82.78030546334429,-75.019371221792,-0.13604233810917168,-3.2005362968537155e-10,8.859818409307685e-11,0.0051040653488873,0.0014917850494384766,82.78030546366435,-75.0193712218806,-0.14114640345805898,111.71609119184177,111.71618035670176
1748025979.8641891,82.77920357604432,-75.01960919833914,-0.13449832606935028,-3.2005362968537155e-10,8.859818409307685e-11,0.0051040653488873,0.00141143798828125,82.77920357636438,-75.01960919842774,-0.13960239141823758,111.7154345156568,111.71552174093665
1748025979.966744,82.77554519855266,-75.01861702225662,-0.1336417174274302,-8.349528357387416e-11,-5.1891894227291896e-11,0.0110015872807467,0.0015485286712646484,82.77554519863615,-75.01861702220472,-0.1446433047081769,111.71205746407001,111.71215110515631
1748025980.0509994,82.77200822966552,-75.01759493693365,-0.13005579577757298,-8.349528357387416e-11,-5.1891894227291896e-11,0.0110015872807467,0.003915071487426758,82.772008229749,-75.01759493688175,-0.1410573830583197,111.70875031303369,111.70883937130947
1748025980.1731489,82.77164496283638,-75.01772890240068,-0.12730522002626068,-0.5981505758920141,2.887204726396841e-08,0.0186004356216073,0.002665281295776367,83.3697955387284,-75.01772893127273,-0.14590565564786798,112.15249645984387,112.15259136834797
1748025980.2410998,82.77409255619648,-75.01905526251306,-0.12481424460833418,-0.5981505758920141,2.887204726396841e-08,0.0186004356216073,0.0013325214385986328,83.3722431320885,-75.01905529138511,-0.14341468022994147,112.15520309681568,112.15529479011894
1748025980.3300965,82.77625864186734,-75.02071571161474,-0.11932643164659279,-0.5981505763152059,2.8699840879263558e-08,0.0212020595323929,0.0008013248443603516,83.37440921818255,-75.02071574031459,-0.1405284911789857,112.15792394062065,112.15801197831067
1748025980.4411118,82.77727468697378,-75.0237965563795,-0.1140885817120297,-0.5981505763152059,2.8699840879263558e-08,0.0212020595323929,0.0012645721435546875,83.37542526328899,-75.02379658507934,-0.13529064124442258,112.16073997559774,112.16082157077514
1748025980.5534236,82.77922227208654,-75.0279764560579,-0.1082489576217616,-0.5981505774452888,2.8369002493954938e-08,0.0336990079513172,0.00019931793212890625,83.37737284953184,-75.0279764844269,-0.1419479655730788,112.16498365638701,112.16507347593766
1748025980.6374383,82.7847644831599,-75.0337763412764,-0.10242693105562288,-0.5981505774452888,2.8369002493954938e-08,0.0336990079513172,0.0007100105285644531,83.3829150606052,-75.0337763696454,-0.1361259390069401,112.17298302307047,112.17306561989525
1748025980.760372,82.79114925047543,-75.03859020830461,-0.09951219492697148,-0.5981505779808297,2.8277894254633085e-08,0.039100619611559,8.797645568847656e-05,83.38929982845626,-75.03859023658251,-0.13861281453853047,112.18094914277518,112.1810347789958
1748025980.8508778,82.7938169671146,-75.0417949537273,-0.09652227106010298,-0.5981505779808297,2.8277894254633085e-08,0.039100619611559,0.009903669357299805,83.39196754509543,-75.0417949820052,-0.135622890671662,112.18507585754689,112.18515783619517
1748025980.9435985,82.79236370627837,-75.04329820310898,-0.09208740630891749,-0.5981505777513058,2.9015111828213478e-08,0.0378036221093983,0.0009999275207519531,83.39051428402968,-75.04329823212409,-0.1298910284183158,112.1850011459218,112.18507634168522
1748025981.0284622,82.79103004459648,-75.04482657823513,-0.08783530342172528,-0.5981505777513058,2.9015111828213478e-08,0.0378036221093983,9.012222290039062e-05,83.3891806223478,-75.04482660725024,-0.12563892553112357,112.18503218067372,112.18510253379638
1748025981.1020105,82.7918186657717,-75.04594631841337,-0.08475941636979728,-0.5981505777513058,2.9015111828213478e-08,0.0378036221093983,0.002065896987915039,83.38996924352301,-75.04594634742848,-0.12256303847919559,112.1863674143023,112.18643436403187
1748025981.1943698,82.79446934542113,-75.04740959945696,-0.08209892243297029,-0.5981505778062851,2.8058714802258264e-08,0.0384978973669143,0.0009090900421142578,83.39261992322741,-75.04740962751568,-0.1205968197998846,112.18931655670248,112.18938137387578
1748025981.2851686,82.79729143116896,-75.04958250737582,-0.08074126161103248,-0.5981505778062851,2.8058714802258264e-08,0.0384978973669143,0.0004558563232421875,83.39544200897524,-75.04958253543454,-0.11923915897794679,112.19286780635993,112.19293117033884
1748025981.3802788,82.80080571034608,-75.05377909287773,-0.07756988515763438,-0.5981505386889493,0.4239641279875069,0.0492019225692416,0.0025484561920166016,83.39895624903504,-75.47774322086524,-0.126771807726876,112.48233472480614,112.48240616307318
1748025981.5203042,82.80630006623755,-75.05941428023354,-0.07450400706831338,-0.5981505386889493,0.4239641279875069,0.0492019225692416,0.002068042755126953,83.40445060492651,-75.48337840822104,-0.12370592963755497,112.49018977950173,112.49025779944388
1748025981.625482,82.81339121304234,-75.0677136618429,-0.07004147710582839,-0.5981505412780955,0.4239641302183709,0.0756988102229236,0.002351045608520508,83.41154175432044,-75.49167779206127,-0.145740287328752,112.5010165007105,112.50111090084616
1748025981.7181976,82.82100741735434,-75.07776408959774,-0.06800636929398209,-0.5981505412780955,0.4239641302183709,0.0756988102229236,0.001100778579711914,83.41915795863244,-75.5017282198161,-0.1437051795169057,112.51340755086144,112.51349932290287
1748025981.8031888,82.82995177913386,-75.08763013111118,-0.06567890658472059,-0.5981505422780318,0.4239641313589271,0.0874023008305865,0.0027875900268554688,83.4281023214119,-75.51159426247011,-0.1530812074153071,112.5266596190071,112.52676374475517
1748025981.9043765,82.83717437895467,-75.09363119234959,-0.06228012613961349,-0.5981505422780318,0.4239641313589271,0.0874023008305865,0.0014355182647705078,83.4353249212327,-75.51759532370852,-0.1496824269702,112.53604155197159,112.53614109705389
1748025982.0049453,82.8396647462692,-75.09567744197219,-0.05720638517985349,-0.59815053875008,0.4239641280300204,0.0483016539321807,0.0016086101531982422,83.43781528501927,-75.51964157000221,-0.10550803911203419,112.53926107096403,112.5393105290099
1748025982.1006367,82.84177127518689,-75.10049235263796,-0.05037146198503159,-0.59815053875008,0.4239641280300204,0.0483016539321807,0.0009160041809082031,83.43992181393696,-75.52445648066798,-0.09867311591721228,112.54405394784847,112.54409720371847
1748025982.2028072,82.84660643255688,-75.1066887958747,-0.0447176754267577,-0.5981505305210213,0.4239641225655935,-0.0394974179524932,0.0026082992553710938,83.44475696307791,-75.5306529184403,-0.005220257474264495,112.55179694217695,112.55179706323716
1748025982.3308852,82.85420311586506,-75.11326474386468,-0.040206486462889296,-0.5981505305210213,0.4239641225655935,-0.0394974179524932,0.0026824474334716797,83.45235364638609,-75.53722886643027,-0.0007090685103960936,112.5618419978145,112.56184200004783
1748025982.4354064,82.86166633157552,-75.1193875661983,-0.03503693378840958,-0.5981505209440019,0.4239641149630215,-0.1415024224641404,0.003161907196044922,83.45981685251952,-75.54335168116133,0.10646548867573083,112.5714840102933,112.57153435562651
1748025982.5520997,82.86573400167003,-75.12209793833622,-0.0239526077915182,-0.5981505209440019,0.4239641149630215,-0.1415024224641404,0.003732919692993164,83.46388452261404,-75.54606205329925,0.11754981467262221,112.57631860815663,112.57637997965702
1748025982.615339,82.86709031737149,-75.11862896747314,-0.0048180486567042935,-0.5981505209440019,0.4239641149630215,-0.1415024224641404,0.0004124641418457031,83.4652408383155,-75.54259308243617,0.13668437380743612,112.57499632607829,112.57507930458937
1748025982.7430675,82.87396477216271,-75.11076955022867,0.022922822278631017,-0.5981505209440019,0.4239641149630215,-0.1415024224641404,0.0020308494567871094,83.47211529310671,-75.5347336651917,0.16442524474277143,112.57481965953639,112.57493973810624
1748025982.852219,82.8866520667309,-75.09967266744911,0.0577109895626276,-0.5981504731122761,0.8479281917395771,-0.2241974718466388,0.0014166831970214844,83.48480253984317,-75.9476008591887,0.2819084614092664,112.86164242728016,112.86199450551926
1748025982.954995,82.90520119867341,-75.08520605918815,0.09759704946805309,-0.5981504731122761,0.8479281917395771,-0.2241974718466388,0.0006031990051269531,83.50335167178568,-75.93313425092774,0.3217945213146919,112.8656308075728,112.86608954555516
1748025983.0618718,82.92475587281388,-75.06745277320272,0.1369670529777004,-0.5981504745282672,0.8479281938542325,-0.2072983636053596,0.00022554397583007812,83.52290634734214,-75.91538096705695,0.34426541658306,112.86815738763647,112.86868241792023
1748025983.157504,82.9394334280808,-75.04547273793375,0.1755662768256807,-0.5981504745282672,0.8479281938542325,-0.2072983636053596,0.0011358261108398438,83.53758390260907,-75.89340093178798,0.3828646404310403,112.86423804411461,112.86488743011026
1748025983.2544322,82.94683737580624,-75.01931084894508,0.212997397265144,-0.5981504798572346,0.8479282013295059,-0.1503983392600761,0.0013725757598876953,83.54498785566348,-75.86723905027459,0.36339573652522006,112.85212872123621,112.85271380598604
1748025983.341333,82.94983398236297,-74.99078591058188,0.24998345453843074,-0.5981504798572346,0.8479282013295059,-0.1503983392600761,0.0003349781036376953,83.54798446222021,-75.83871411191139,0.4003817937985068,112.83517299959094,112.83588335023758
1748025983.4499986,82.9522274738743,-74.96120551807994,0.29159741827286423,-0.5981504871657047,0.8479282117373168,-0.0737992183428486,0.0007557868957519531,83.55037796104001,-75.80913372981725,0.3653966366157128,112.81706614824706,112.81765787765674
1748025983.543139,82.95401654945533,-74.93497900623825,0.3348324369758686,-0.5981504871657047,0.8479282117373168,-0.0737992183428486,0.0017666816711425781,83.55216703662104,-75.78290721797556,0.4086316553187172,112.80076969118481,112.8015098425258
1748025983.6446342,82.95156149747612,-74.90751780709519,0.38374994664033757,-0.5981504937894666,0.8479282219925837,0.0005034553123552,0.0015697479248046875,83.54971199126558,-75.75544602908778,0.3832464913279824,112.78050353181378,112.78115469688441
1748025983.7481637,82.95121166395057,-74.88291561476001,0.43562478246349057,-0.5981504937894666,0.8479282219925837,0.0005034553123552,0.0012311935424804688,83.54936215774003,-75.7308438367526,0.4351213271511354,112.76372034121529,112.76455983934471
1748025983.8548963,82.9534151436232,-74.86041819033275,0.49204095232637446,-0.5981504991003754,0.8479282292175931,0.055404578625908,0.00024199485778808594,83.55156564272357,-75.70834641955034,0.4366363737004665,112.75024540520073,112.75109086060243
1748025983.9582665,82.96150702830016,-74.84357628723049,0.5573873711726588,-0.5981504991003754,0.8479282292175931,0.055404578625908,0.0008721351623535156,83.55965752740053,-75.69150451644808,0.5019827925467508,112.74493435210269,112.74605185452818
1748025984.051625,82.97702783537187,-74.83407942231494,0.6327471032298355,-0.5981505058692829,0.8479282382539396,0.125602637379699,0.0033721923828125,83.57517834124116,-75.68200766056889,0.5071444658501365,112.75006305233124,112.75120360250668
1748025984.1589737,83.00544439722563,-74.83090407142296,0.7133222544076645,-0.5981505058692829,0.8479282382539396,0.125602637379699,0.0010685920715332031,83.60359490309492,-75.6788323096769,0.5877196170279655,112.76899724869861,112.77052875120003
1748025984.2668958,83.0483513482589,-74.83561922098784,0.7909093589020082,-0.5981505140963704,0.8479282499731915,0.2154006109076911,0.003146648406982422,83.64650186235528,-75.68354747096103,0.5755087479943171,112.80397436082745,112.80544243039533
1748025984.3619075,83.1002131977038,-74.84833153817726,0.8580109667977391,-0.5981505140963704,0.8479282499731915,0.2154006109076911,0.0016329288482666016,83.69836371180017,-75.69625978815046,0.642610355890048,112.85096292875816,112.85279253087823
1748025984.4715867,83.1539814506628,-74.86470675573355,0.9199459104903032,-0.5981504834889593,1.271892381839636,0.3146971119830396,0.000518798828125,83.75213193415176,-76.13659913757319,0.6052487985072635,113.18657752468299,113.18819575317546
1748025984.5514152,83.20376067511728,-74.88134844315826,0.9745561287196987,-0.5981504834889593,1.271892381839636,0.3146971119830396,0.0017657279968261719,83.80191115860625,-76.1532408249979,0.659859016736659,113.23460779278153,113.23653039504093
1748025984.6855445,83.24852128816656,-74.8997285491638,1.021097865499033,-0.5981504946285209,1.2718924075180853,0.4372022990510992,0.0026454925537109375,83.84667178279508,-76.17162095668188,0.5838955664479338,113.28009625799311,113.28160107560583
1748025984.7963831,83.29003365898342,-74.91892707270745,1.0628361003330575,-0.5981504946285209,1.2718924075180853,0.4372022990510992,0.00037360191345214844,83.88818415361195,-76.19081948022553,0.6256338012819583,113.32373279087936,113.3254597666029
1748025984.873062,83.33090083077116,-74.94082079738641,1.0996808987357882,-0.5981505157628441,1.2718924516762529,0.6613005057166301,0.004555702209472656,83.929051346534,-76.21271324906266,0.4383803930191581,113.36870520877,113.36955278240262
1748025984.9600835,83.37298952161694,-74.96381226201058,1.1332056405154065,-0.5981505157628441,1.2718924516762529,0.6613005057166301,0.0019485950469970703,83.97114003737978,-76.23570471368683,0.4719051347987764,113.41532097723702,113.41630273830103
1748025985.048579,83.41439224491717,-74.98754469785626,1.1662780965564064,-0.5981505157628441,1.2718924516762529,0.6613005057166301,0.0015201568603515625,84.01254276068,-76.25943714953252,0.5049775908397762,113.46192795593853,113.46305168576173
1748025985.163033,83.45531921835959,-75.01328459579003,1.199570346954142,-0.5981505244213257,1.2718924706300112,0.7551039100828034,0.0017189979553222656,84.05346974278092,-76.28517706642003,0.4444664368713387,113.50953270917665,113.51040289889357
1748025985.2764184,83.49250742217362,-75.03807062644069,1.2302880303366508,-0.5981504928253863,1.6958566428539448,0.8463971464227719,0.0010094642639160156,84.090657914999,-76.73392726929463,0.38389088391387893,113.839072127046,113.83971940828708
1748025985.384023,83.52248111975484,-75.06137466413173,1.2596933461834354,-0.5981504928253863,1.6958566428539448,0.8463971464227719,0.0007841587066650391,84.12063161258023,-76.75723130698567,0.41329619976066356,113.87692137045825,113.87767136081712
1748025985.4724565,83.54735405765359,-75.08228898861557,1.2917791034072164,-0.5981505005512138,1.6958566636729644,0.9260022496364548,0.002820253372192383,84.1455045582048,-76.77814565228854,0.3657768537707615,113.90939200592241,113.90997928129762
1748025985.5758047,83.57106674323029,-75.10103960296607,1.3190777223039623,-0.5981505005512138,1.6958566636729644,0.9260022496364548,0.005407571792602539,84.1692172437815,-76.79689626663904,0.3930754726675074,113.93954716260637,113.94022518824076
1748025985.6557543,83.59338828610635,-75.11880371991796,1.3345174793301522,-0.5981505005512138,1.6958566636729644,0.9260022496364548,0.0028989315032958984,84.19153878665756,-76.81466038359093,0.40851522969369736,113.96800977955033,113.96874193306063
1748025985.82089,83.61420306076405,-75.13271132393908,1.3425511524359452,-0.5981505102064142,1.6958566916741586,1.0305020664364777,0.0017926692962646484,84.21235357097046,-76.82856801561323,0.31204908599946757,113.99276010910451,113.99318721714873
1748025985.9171855,83.63498144342373,-75.14063095628856,1.341563591738891,-0.5981505102064142,1.6958566916741586,1.0305020664364777,6.866455078125e-05,84.23313195363014,-76.83648764796271,0.3110615253024134,114.0134481225491,114.01387245447685
1748025986.068907,83.65623262374424,-75.14519350657957,1.347889775736718,-0.5981505102064142,1.6958566916741586,1.0305020664364777,0.006478786468505859,84.25438313395065,-76.84105019825373,0.3173877093002404,114.03222383542774,114.03266552971175
1748025986.2024405,83.67500403450384,-75.14115691825344,1.354837977703381,-0.5981505352208711,1.6958567620991978,1.2970044465225667,0.0002493858337402344,84.27315456972471,-76.83701368035264,0.057833531180814246,114.04337443467467,114.04338909890717
1748025986.3264766,83.69741875688186,-75.13327321124947,1.3768454894240454,-0.5981505352208711,1.6958567620991978,1.2970044465225667,0.0015652179718017578,84.29556929210273,-76.82912997334867,0.07984104290147864,114.05462820395057,114.05465614929331
1748025986.480599,83.72383859346519,-75.12041135414384,1.3988730749214555,-0.5981505352208711,1.6958567620991978,1.2970044465225667,0.0026733875274658203,84.32198912868606,-76.81626811624304,0.10186862839888877,114.06549389681696,114.06553938478632
1748025986.6009653,83.75396352459506,-75.09878213952268,1.4157644805607703,-0.5981505153324114,2.119821017448559,1.514403916324854,0.0004668235778808594,84.35211403992747,-77.21860315697124,-0.09863943576408363,114.35904781222489,114.35909035252521
1748025986.7566285,83.79069352732597,-75.07274685476585,1.4318565188211267,-0.5981505254689776,2.119821054374899,1.623603440532443,0.0002918243408203125,84.38884405279495,-77.19256790914075,-0.19174692171131635,114.3685688507741,114.36872958923797
1748025986.8825011,83.82850844904084,-75.0359359017369,1.445145597756205,-0.5981505254689776,2.119821054374899,1.623603440532443,0.0019063949584960938,84.42665897450982,-77.1557569561118,-0.178457842776238,114.37163799241827,114.3717772191655
1748025987.0069256,83.8690752125508,-74.98603783936778,1.4586984361423498,-0.5981505359753877,2.119821090899313,1.7342983259998026,0.0034835338592529297,84.46722574852619,-77.10585893026709,-0.27559988985745276,114.36794003140362,114.36827209644301
1748025987.1499364,83.91156398201696,-74.92557283891412,1.471131841046277,-0.5981505359753877,2.119821090899313,1.7342983259998026,0.002828836441040039,84.50971451799235,-77.04539392981343,-0.26316648495352557,114.35857892485679,114.35888172901788
1748025987.2977617,83.96152479492889,-74.85399746040139,1.484538306987105,-0.5981505359753877,2.119821090899313,1.7342983259998026,0.0006742477416992188,84.55967533090428,-76.9738185513007,-0.24976001901269762,114.34731056931993,114.34758333477626
1748025987.421065,84.01557775488345,-74.77229226807384,1.498486089234335,-0.5981505081769479,2.5437853572885984,1.8656000509576616,0.0012784004211425781,84.6137282630604,-77.31607762536244,-0.36711396172332655,114.61788198159175,114.61846990170035
1748025987.5431807,84.08041593247663,-74.68441036663634,1.5085223400814738,-0.5981505081769479,2.5437853572885984,1.8656000509576616,0.0020453929901123047,84.67856644065357,-77.22819572392494,-0.3570777108761878,114.60651739415626,114.6070736634901
1748025987.684192,84.15788644213058,-74.59404205426065,1.5223515873802391,-0.5981505081769479,2.5437853572885984,1.8656000509576616,0.0010328292846679688,84.75603695030752,-77.13782741154925,-0.34324846357742245,114.60292412192567,114.60343815437476
1748025987.8188574,84.25004544930943,-74.50171149635423,1.5352997493760625,-2.632538616721504e-11,2.543785354707293,1.930800883716252,0.0058746337890625,84.25004544933574,-77.04549685106153,-0.3955011343401895,114.16688987286143,114.16757492558618
1748025987.945342,84.35823799646869,-74.40082856985634,1.545718634836483,-2.632538616721504e-11,2.543785354707293,1.930800883716252,0.0010843276977539062,84.358237996495,-76.94461392456364,-0.38508224887976894,114.17874552592285,114.17939489335126
1748025988.0911057,84.47984454570144,-74.29108688142006,1.552597990374645,-2.632538616721504e-11,2.543785354707293,1.930800883716252,0.0014371871948242188,84.47984454572776,-76.83487223612735,-0.37820289334160706,114.1947534960006,114.19537978149935
1748025988.2136748,84.60855767433651,-74.17609892596366,1.5572382075250994,-1.5859140404910992e-10,2.967749596709073,1.9637978326535688,0.003447294235229492,84.6085576744951,-77.14384852267273,-0.4065596251284693,114.49795367886466,114.49867548306497
1748025988.356301,84.74036761410349,-74.04706183879804,1.5630446359050776,-1.5859140404910992e-10,2.967749596709073,1.9637978326535688,0.005929708480834961,84.74036761426208,-77.01481143550711,-0.4007531967484912,114.50856336469774,114.50926463379153
1748025988.4641783,84.87150424292889,-73.90293485735782,1.5684918326646855,-1.5859140404910992e-10,2.967749596709073,1.9637978326535688,0.002040863037109375,84.87150424308749,-76.87068445406689,-0.39530599998888327,114.50883966280131,114.50952199601029
1748025988.6115024,85.01220932000734,-73.73936369996,1.574621647844168,0.5981504361255306,3.391713854135741,1.9623022307639055,0.0018010139465332031,84.41405888388181,-77.13107755409574,-0.3876805829197376,114.34568842727477,114.34634562652963
1748025988.740687,85.13604015510043,-73.59749981519693,1.5800060909930067,0.5981504361255306,3.391713854135741,1.9623022307639055,0.0003886222839355469,84.5378897189749,-76.98921366933267,-0.3822961397708988,114.341566455772,114.34220554938673
1748025988.8837132,85.29596418406135,-73.42673081107611,1.5869094202146423,1.196300870947214,3.391713933532649,1.9523000104342625,0.0011794567108154297,84.09966331311414,-76.81844474460875,-0.36539059021962017,113.90270770424935,113.90329377433774
1748025989.0113146,85.46508243265328,-73.26169931783161,1.5917260665350548,1.1963008665565271,3.3917139209289138,1.929297386010206,0.0008749961853027344,84.26878156609675,-76.65341323876052,-0.3375713194751513,113.91651902944855,113.91701919459815
1748025989.136227,85.6628172031991,-73.08389460366956,1.5963656000491047,1.1963008665565271,3.3917139209289138,1.929297386010206,0.00041961669921875,84.46651633664257,-76.47560852459847,-0.3329317859611014,113.94345563153658,113.94394202777981
1748025989.2758217,85.84123188977924,-72.94360554631683,1.6012367254949034,1.7944511707021495,3.815678271027224,1.897398507398252,0.000957489013671875,84.04678071907709,-76.75928381734406,-0.29616178190334863,113.82376290297297,113.8241481988478
1748025989.4131758,86.05843289724692,-72.76223347970767,1.6080727611057344,1.7944511608506,3.815678250678333,1.8628983853216488,0.0004367828369140625,84.26398173639632,-76.577911730386,-0.25482562421591437,113.8621762617355,113.86246141357246
1748025989.526545,86.26691709118103,-72.58797548688929,1.6152477655150483,1.7944511608506,3.815678250678333,1.8628983853216488,0.011421680450439453,84.47246593033043,-76.40365373756762,-0.2476506198066004,113.89958649969265,113.89985573138561
1748025989.6667333,86.47416462645799,-72.40535934190666,1.6232033159569568,2.392601371719793,4.239642643571897,1.8210964692519336,0.004021644592285156,84.0815632547382,-76.64500198547856,-0.1978931532949768,113.77242903583694,113.7726011411125
1748025989.7930715,86.6749020451374,-72.21936230219794,1.6322869058172773,2.392601371719793,4.239642643571897,1.8210964692519336,0.002159595489501953,84.28230067341761,-76.45900494576983,-0.18880956343465627,113.79580679489744,113.79596343083911
1748025989.9169335,86.88475270508007,-72.0117001177787,1.6386252383888613,2.9907516926434314,4.239642866994203,1.7737024180974448,0.0025222301483154297,83.89400101243665,-76.2513429847729,-0.13507717970858346,113.36873781098649,113.36881828219201
1748025990.0617747,87.08757492308183,-71.80497564623036,1.644701203637931,2.99075167079835,4.239642836137062,1.7273004414183029,0.001096963882446289,84.09682325228349,-76.04461848236743,-0.08259923778037193,113.38015558842132,113.38018567584334
1748025990.1813433,87.309483818795,-71.58984733326662,1.6491737267382025,2.99075167079835,4.239642836137062,1.7273004414183029,0.0019354820251464844,84.31873214799666,-75.82949016940368,-0.07812671468010035,113.40088258209146,113.40090949450467
1748025990.3423796,87.52210143851494,-71.39093258679503,1.654440270799196,4.187052010064235,4.663607675969764,1.6535995204677962,0.0012493133544921875,83.3350494284507,-76.05454026276479,0.0008407503313998532,112.82297442375304,112.82297442688565
1748025990.484086,87.7537564715467,-71.18368273900234,1.658996569979112,4.187052010064235,4.663607675969764,1.6535995204677962,0.0010023117065429688,83.56670446148246,-75.8472904149721,0.00539704951131581,112.85479855923658,112.85479868828801
1748025990.583366,87.99225973784735,-70.96698050010193,1.6647399175789312,4.187052010064235,4.663607675969764,1.6535995204677962,0.0013453960418701172,83.80520772778311,-75.63058817607168,0.011140397111135014,112.88622019606925,112.88622074577516
1748025990.7419198,88.21358277176563,-70.76772903073689,1.6737573049319237,4.785202227260711,4.663608032106651,1.560398417936662,0.002193450927734375,83.42838054450492,-75.43133706284354,0.11335888699526175,112.47302472756319,112.47308185341194
1748025990.8668497,88.45468059511279,-70.54604209380219,1.6796467222040403,4.785202227260711,4.663608032106651,1.560398417936662,0.002560853958129883,83.66947836785208,-75.20965012590884,0.11924830426737842,112.50365808457113,112.50372128320093
1748025990.999894,88.70136902844922,-70.31649815804502,1.681572964342232,5.383352098393821,5.087572673349239,1.5052981300001862,0.0009424686431884766,83.3180169300554,-75.40407083139426,0.17627483434204572,112.37288749116898,112.37302574870958
1748025991.1673062,88.94000018510383,-70.08936370837523,1.677530539914912,5.981501884900432,5.511537370739785,1.4573922763025344,0.0014994144439697266,82.95849830020339,-75.60090107911502,0.22013826361237765,112.23906933059888,112.2392852126834
1748025991.2710035,89.16461506421615,-69.87476035964809,1.6671288483433728,5.981501884900432,5.511537370739785,1.4573922763025344,0.0021696090698242188,83.18311317931571,-75.38629773038788,0.2097365720408384,112.26096473706937,112.26116066176753
1748025991.402429,89.39445521371351,-69.65331430512163,1.6518525796616548,6.57965204096339,5.511537938026269,1.4257983654309896,0.0010416507720947266,82.81480317275012,-75.16485224314789,0.22605421423066518,111.83937874145938,111.83960719612426
1748025991.548486,89.66091765882823,-69.39582985396362,1.6334456197130256,6.57965204096339,5.511537938026269,1.4257983654309896,0.0025064945220947266,83.08126561786483,-74.90736779198988,0.207647254282036,111.86425008102746,111.86444280276402
1748025991.6687677,89.89129631309754,-69.17605547769642,1.6215525587133384,6.57965204096339,5.511537938026269,1.4257983654309896,0.0015482902526855469,83.31164427213415,-74.68759341572269,0.19575419328234878,111.88863517604871,111.8888064162949
1748025991.8081992,90.14135642944797,-68.94659338081493,1.6107400809858363,7.177801652532405,5.935502707277824,1.343590614118211,0.002441883087158203,82.96355477691556,-74.88209608809275,0.2671494668676253,111.75992007767644,111.76023937253477
1748025991.9336567,90.37391533219034,-68.75904658916667,1.598269353300809,7.177801652532405,5.935502707277824,1.343590614118211,0.0007681846618652344,83.19611367965793,-74.69454929644449,0.254678739182598,111.80728520985357,111.80757526776856
1748025992.0569932,90.63468312191554,-68.5700397742524,1.5760744683847359,7.77595168946394,5.935503338596606,1.260696541950163,0.009026050567626953,82.8587314324516,-74.505543112849,0.31537792643457285,111.4300019255844,111.43044822835554
1748025992.1902957,90.90234338225724,-68.39724528882255,1.5461707637468345,8.374101745425643,5.935504050870727,1.204093307581009,0.0007431507110595703,82.5282416368316,-74.33274933969328,0.3420774561658255,111.06875479658956,111.06928157258852
1748025992.3309157,91.18018688560124,-68.22446328122186,1.5141731217306156,8.374101745425643,5.935504050870727,1.204093307581009,0.00019812583923339844,82.8060851401756,-74.15996733209259,0.3100798141496066,111.16001300350342,111.1604454850294
1748025992.4907894,91.47294661786947,-68.041926889031,1.476463536972276,8.972251213188718,6.359469014194632,1.1653881689575365,0.0011987686157226562,82.50069540468076,-74.40139590322563,0.31107536801473956,111.09425032198756,111.09468584270365
1748025992.5932262,91.78454870448218,-67.84760599745599,1.4366903910116433,8.972251213188718,6.359469014194632,1.1653881689575365,0.0013804435729980469,82.81229749129346,-74.20707501165062,0.2713022220541068,111.19607276145696,111.196403729918
1748025992.7302735,92.06247155089977,-67.68192127771235,1.4010966051694038,8.972251213188718,6.359469014194632,1.1653881689575365,6.365776062011719e-05,83.09022033771106,-74.04139029190698,0.23570843621186732,111.29291168860607,111.29316129302272
1748025992.8885343,92.34779743268939,-67.50837810702296,1.3670567806928666,10.168550593191442,6.783434937755319,1.1028859392314685,0.0017099380493164062,82.17924683949795,-74.29181304477828,0.26417084146139813,110.78222825249283,110.78254322239087
1748025992.998591,92.62167270042664,-67.33683521889728,1.3332402542857553,10.168550593191442,6.783434937755319,1.1028859392314685,0.0007464885711669922,82.4531221072352,-74.1202701566526,0.23035431505428683,110.87078872870799,110.87102803003258
1748025993.138374,92.89595105884314,-67.1556660441083,1.3019111522981754,10.168550515560696,6.783434885898105,1.0540883315934957,0.0016283988952636719,82.72740054328244,-73.9391009300064,0.24782282070467976,110.95410513805409,110.95438190146807
1748025993.2777476,93.1740797097732,-66.96088888801933,1.2694582414529703,11.364849746453777,7.207401054081922,1.016389011815471,0.0008559226989746094,81.80922996331942,-74.16828994210125,0.2530692296374992,110.42502134990455,110.42531133830624
1748025993.411985,93.44976170984773,-66.7648256070826,1.2449061330584885,11.364849746453777,7.207401054081922,1.016389011815471,0.0012290477752685547,82.08491196339396,-73.97222666116453,0.22851712124301748,110.4980682602589,110.49830455406789
1748025993.5196288,93.72284407316226,-66.57134203369529,1.2255667296708455,11.364849746453777,7.207401054081922,1.016389011815471,0.001035928726196289,82.35799432670849,-73.77874308777722,0.20917771785537442,110.57188684801567,110.57208470698211
1748025993.657349,93.99950260520211,-66.37934235034035,1.2083675101317686,11.364849746453777,7.207401054081922,1.016389011815471,0.0026378631591796875,82.63465285874834,-73.58674340442228,0.19197849831629754,110.65032606347859,110.65049260485895
1748025993.798989,94.26006853254938,-66.20942976881665,1.2001122434120464,12.56114996081196,7.207403457928016,1.1388843299872962,0.00037384033203125,81.69891857173742,-73.41683322674466,0.0612279134247502,109.83963172204749,109.83964878718614
1748025993.944759,94.55952930541895,-66.0213822251514,1.196747146459293,13.15930009173996,7.207404748939568,1.203481209745485,0.0018754005432128906,81.40022921367898,-73.22878697409097,-0.006734063286192082,109.49179219346203,109.49179240054426
1748025994.0611525,94.86494943343484,-65.83311152562143,1.2002001590118327,13.15930009173996,7.207404748939568,1.203481209745485,0.0002720355987548828,81.70564934169488,-73.040516274561,-0.0032810507336522576,109.59347677668784,109.5934768258025
1748025994.2123234,95.15852399547236,-65.65788711872548,1.2104160352105269,13.75744925982096,7.631370253499719,1.2439839119669247,0.037750244140625,81.4010747356514,-73.28925737222521,-0.03356787675639783,109.53287275649888,109.53287790017079
1748025994.319074,95.48095709494191,-65.46160046315364,1.2206655396902906,13.75744925982096,7.631370253499719,1.2439839119669247,0.0027577877044677734,81.72350783512096,-73.09297071665337,-0.023318372276634136,109.64175345671293,109.64175593636354
1748025994.4755547,95.79886860380435,-65.27649535089901,1.237934362044233,13.75744925982096,7.631370253499719,1.2439839119669247,0.0033075809478759766,82.04141934398339,-72.90786560439874,-0.006049549922691799,109.75587161953752,109.75587178625777
1748025994.5976872,96.13054082302824,-65.09363883914526,1.2496146166141626,14.953749068827092,7.631372907573632,1.1898811876162263,0.0016176700592041016,81.17679175420115,-72.72501174671889,0.05973342899793632,108.98898500796005,108.9890013769641
1748025994.730488,96.46761073033701,-64.91456197092464,1.2532531781316991,14.953749068827092,7.631372907573632,1.1898811876162263,0.0017862319946289062,81.51386166150992,-72.54593487849827,0.06337199051547282,109.12113594701573,109.12115434862422
1748025994.8492692,96.79491391855748,-64.74544179855863,1.250863550949839,14.953749068827092,7.631372907573632,1.1898811876162263,0.0012159347534179688,81.84116484973039,-72.37681470613227,0.06098236333361262,109.25373939122885,109.25375641054723
1748025995.0052297,97.11442932614722,-64.58080957316818,1.2421254008079223,14.953749068827092,7.631372907573632,1.1898811876162263,0.0023407936096191406,82.16068025732012,-72.21218248074182,0.05224421319169603,109.38453583106502,109.38454830749798
1748025995.1136298,97.44240601955386,-64.40951063391879,1.22573872352441,14.953749068827092,7.631372907573632,1.1898811876162263,0.0009984970092773438,82.48865695072676,-72.04088354149242,0.035857535908183635,109.5183428790518,109.5183487491317
1748025995.248593,97.77012307720088,-64.24270173666514,1.2050706679347007,14.953749068827092,7.631372907573632,1.1898811876162263,0.002437591552734375,82.81637400837378,-71.87407464423877,0.015189480318474446,109.65598209792503,109.65598314994385
1748025995.3981612,98.04990194415632,-64.1214146652556,1.1690271921103916,14.953749068827092,7.631372907573632,1.1898811876162263,0.002191305160522461,83.09615287532922,-71.75278757282923,-0.020853995505834666,109.78812844361471,109.78813042419827
1748025995.5184443,98.40248472839153,-63.96002569147566,1.1645649620383665,14.953749068827092,7.631372907573632,1.1898811876162263,0.0006608963012695312,83.44873565956443,-71.59139859904928,-0.02531622557785984,109.95007883829742,109.95008175285317
1748025995.6687188,98.74771779808566,-63.81683181104125,1.1467634221057157,14.953749068827092,7.631372907573632,1.1898811876162263,0.0015947818756103516,83.79396872925857,-71.44820471861487,-0.04311776551051061,110.1193677466097,110.1193761880931
1748025995.809322,99.07407527428018,-63.683685052229855,1.1326529371312637,18.54264678257419,8.055346245973963,0.9077667643675356,0.0011169910430908203,80.53142849170598,-71.73903129820381,0.22488617276372813,107.85082098212985,107.85105544365396
1748025995.9446466,99.42856363611367,-63.539154153040805,1.1172697489594732,18.54264678257419,8.055346245973963,0.9077667643675356,0.0009665489196777344,80.88591685353947,-71.59450039901476,0.2095029845919376,108.01992423910612,108.02012740282608
1748025996.0766988,99.79946845651239,-63.38475443627703,1.1021968064369763,19.140796276103288,8.055347860018781,0.773464768426591,0.00023555755615234375,80.6586721804091,-71.4401022962958,0.3287320380103853,107.74743437322259,107.74793584456606
1748025996.218045,100.14602646903234,-63.24201485331036,1.082576847290138,19.73894702712384,7.6313853714379665,0.6253692940908753,0.0006542205810546875,80.4070794419085,-70.87340022474832,0.45720755319926276,107.1836614591736,107.18463659751542
1748025996.348909,100.49129390368614,-63.09974854181558,1.0561726829422957,19.73894702712384,7.6313853714379665,0.6253692940908753,0.001589059829711914,80.7523468765623,-70.73113391325354,0.43080338885142044,107.34912589642846,107.34999032271541
1748025996.4696262,100.84457664668355,-62.95817952745832,1.02365150958586,19.73894657422852,7.631385195219229,0.4787628487784542,0.0011987686157226562,81.10563007245503,-70.58956472267755,0.5448886608074058,107.52213668443817,107.5235173384859
1748025996.6134963,101.1830626401354,-62.829937553767955,0.9888640870654664,19.73894657422852,7.631385195219229,0.4787628487784542,0.0006694793701171875,81.44411606590688,-70.46132274898719,0.5101012382870121,107.6937419040394,107.69494996780095
1748025996.7222826,101.52762726347464,-62.705360044844916,0.9536083788830778,20.33709609849932,7.631386953420771,0.3619625719136909,0.0029256343841552734,81.19053116497533,-70.33674699826568,0.5916458069693868,107.42048375030186,107.42211305829805
1748025996.8586576,101.87690933523675,-62.57837640124762,0.9232403699185014,21.533395433762227,7.631390763166176,0.232861666933853,0.001241445541381836,80.34351390147452,-70.20976716441379,0.6903787029846484,106.69813321383663,106.70036670073426
1748025996.9788227,102.18565977956752,-62.46949721634842,0.8946245373496837,21.533395433762227,7.631390763166176,0.232861666933853,0.002026796340942383,80.65226434580529,-70.1008879795146,0.6617628704158307,106.85935728621106,106.86140636225396
1748025997.1273963,102.49525526016089,-62.35691124176247,0.865871694822888,22.13154525802655,7.6313928136019475,0.218661319370074,0.002164602279663086,80.36371000213434,-69.98830405536441,0.647210375452814,106.56776524753292,106.56973055761837
1748025997.247281,102.79023795872172,-62.24150729611409,0.8398993350251751,22.13154525802655,7.6313928136019475,0.218661319370074,0.0009148120880126953,80.65869270069517,-69.87290010971603,0.6212380156551012,106.71479221704706,106.71660046403102
1748025997.374547,103.07838178594886,-62.124434256026795,0.8184818975186383,22.729695140548092,7.631394941469423,0.2216575713592036,0.000919342041015625,80.34868664540078,-69.75582919749621,0.5968243261594347,106.40388692463762,106.40556071910605
1748025997.522769,103.36856872385414,-62.02062314862956,0.798922721516535,22.729695140548092,7.631394941469423,0.2216575713592036,0.0022737979888916016,80.63887358330605,-69.65201809009898,0.5772651501573314,106.55529811702415,106.55686177746357
1748025997.6500225,103.66115362415775,-61.923531653378824,0.7832351087607188,22.729695140548092,7.631394941469423,0.2216575713592036,0.0004932880401611328,80.93145848360966,-69.55492659484824,0.5615775374015152,106.71358294940228,106.71506058298179
1748025997.7891078,103.95888925260863,-61.83342381025977,0.771282665818094,23.925996483547745,7.207435239886665,0.2197539776865986,0.00014138221740722656,80.03289276906088,-69.04085905014644,0.5515286881314954,105.6972286456281,105.69866757561334
1748025997.9242678,104.23210913765178,-61.75665081525107,0.760712310738872,23.925996483547745,7.207435239886665,0.2197539776865986,0.0007703304290771484,80.30611265410403,-68.96408605513774,0.5409583330522734,105.85422473871363,105.85560698872871
1748025998.0465617,104.51090300283238,-61.668235132700794,0.756088086701915,23.925996483547745,7.207435239886665,0.2197539776865986,0.0012373924255371094,80.58490651928463,-68.87567037258746,0.5363341090153164,106.00842008064815,106.0097768239876
1748025998.169591,104.78012822303134,-61.55895953041908,0.751380400336569,25.122296208391827,7.207439855812958,0.1945494958719459,0.0010819435119628906,79.65783201463951,-68.76639938623204,0.5568309044646231,105.23396735759468,105.2354405439321
1748025998.3189948,105.02912804439569,-61.43690719610125,0.7502298229625768,25.122296208391827,7.207439855812958,0.1945494958719459,0.0018076896667480469,79.90683183600386,-68.64434705191421,0.5556803270906309,105.34300240761624,105.34446799370605
1748025998.4367557,105.282721685875,-61.2945916216401,0.7452775540580664,25.12229609788794,7.207439823872439,0.1664504356788133,0.0015003681182861328,80.16042558798706,-68.50203144551254,0.578827118379253,105.44298052790997,105.44456924584675
1748025998.572381,105.55904732579666,-61.14887733853629,0.7353387765409458,25.12229609788794,7.207439823872439,0.1664504356788133,0.001397848129272461,80.43675122790872,-68.35631716240873,0.5688883408621326,105.55878477942179,105.56031772428811
1748025998.724006,105.81009418821179,-61.0156218266706,0.740641263701355,25.12229609788794,7.207439823872439,0.1664504356788133,0.0008003711700439453,80.68779809032385,-68.22306165054304,0.5741908280225416,105.66412305810647,105.66568315562841
1748025998.8604069,106.02639352899632,-60.909264150133104,0.7384246286323785,26.31859748920656,6.783480532923484,0.1205400189844937,0.001581430435180664,79.70779603978977,-67.69274468305659,0.6178846096478847,104.5736125045234,104.57543790793827
1748025998.9652598,106.27565997626982,-60.829802012704214,0.7224550845218618,26.31859748920656,6.783480532923484,0.1205400189844937,0.0014832019805908203,79.95706248706327,-67.6132825456277,0.6019150655373681,104.71240527346806,104.71413524401157
1748025999.1401863,106.44824381802272,-60.7764602755096,0.7041169676220826,26.31859745183638,6.783480522956512,0.111445780560742,0.0004322528839111328,80.12964636618634,-67.55994079846612,0.5926711870613406,104.80985558363452,104.81153126730997
1748025999.258192,106.6477019029922,-60.72284665949305,0.6928427438241218,26.91674745777024,6.783483060326446,0.1265418606782257,0.0015664100646972656,79.73095444522195,-67.50632971981949,0.5663008831458961,104.47071191959516,104.4722467724194
1748025999.4122229,106.84677895315133,-60.6774719368758,0.7044995807507339,26.91674745777024,6.783483060326446,0.1265418606782257,0.004128456115722656,79.93003149538109,-67.46095499720224,0.5779577200725082,104.59345287343352,104.59504968741757
1748025999.506976,107.05078941043837,-60.61402998887586,0.7096625542578575,27.514897455805464,6.783485651043395,0.139234624470167,0.001982450485229492,79.5358919546329,-67.39751563991926,0.5704279297876905,104.25153823062853,104.25309880994082
1748025999.6725032,107.24159130136832,-60.54597014851469,0.7059578328224458,28.11304941435345,6.359524204059549,0.168132605605419,0.0009002685546875,79.12854188701486,-66.90549435257424,0.5378252272170269,103.6227355155586,103.62413122290792
1748025999.777532,107.46708182140213,-60.4637691387154,0.7016239869827864,28.11304941435345,6.359524204059549,0.168132605605419,0.0012505054473876953,79.35403240704868,-66.82329334277495,0.5334913813773674,103.74205990066653,103.74343162575396
1748025999.912384,107.68798982601129,-60.38742957480516,0.6964800137119267,28.71120132347729,5.935562780783388,0.1669325388157314,0.008177042007446289,78.97678850253399,-66.32299235558855,0.5295474748961952,103.13133586438917,103.13269538658248
1748026000.0641336,107.94264827814175,-60.311496023993236,0.6927137297306921,28.71120132347729,5.935562780783388,0.1669325388157314,0.0009851455688476562,79.23144695466445,-66.24705880477663,0.5257811909149608,103.2777564958367,103.27909484825116
1748026000.217045,108.15199409816705,-60.26604784841489,0.6874988599183441,28.711201154653388,5.93556274605053,0.1293348825910111,0.0001163482666015625,79.44079294351366,-66.20161059446542,0.558163977327333,103.40934594511003,103.41085231164585
1748026000.332451,108.35201840223277,-60.23548501187846,0.6860761743183089,28.711201154653388,5.93556274605053,0.1293348825910111,0.008473396301269531,79.64081724757938,-66.17104775792899,0.5567412917272978,103.5435528328271,103.54504958765712
1748026000.449337,108.5621695708005,-60.20813957541235,0.6859978492149812,28.711201154653388,5.93556274605053,0.1293348825910111,0.001966238021850586,79.85096841614711,-66.14370232146288,0.5566629666239701,103.68783204304553,103.68932629468296
1748026000.592765,108.79894378084884,-60.173662417305955,0.6817062208785671,29.309352534775687,5.511601268727786,-0.0038690507145202,0.0030159950256347656,79.48959124607316,-65.68526368603374,0.6855752715930873,103.11716143286516,103.1194404340161
1748026000.736581,108.95390393008569,-60.1654200145877,0.6766612790594598,29.309352534775687,5.511601268727786,-0.0038690507145202,0.004709005355834961,79.64455139531,-65.67702128331548,0.68053032977398,103.2314181420039,103.23366124060017
1748026000.8697634,109.144432957682,-60.14104278736951,0.6678066460781187,29.30935226423236,5.5116012176015845,-0.0628671584445494,0.0002696514129638672,79.83508069344964,-65.6526440049711,0.7306738045226681,103.36300002502385,103.36558256200028
1748026001.0166163,109.32232249980262,-60.113194984127254,0.6572195041587228,29.907504230212904,5.087639910865584,-0.0815692230207258,0.001993894577026367,79.41481826958972,-65.20083489499284,0.7387887271794485,102.75145853853402,102.75411447031931
1748026001.1383748,109.4824476918808,-60.0897062113307,0.6467326584370582,29.907504230212904,5.087639910865584,-0.0815692230207258,0.02982497215270996,79.57494346166789,-65.17734612219628,0.728301881457784,102.86038146176698,102.86295979647267
1748026001.298277,109.66130534762885,-60.06529077996125,0.6363407172400009,29.907504234720506,5.087639910853493,-0.0805697723691856,7.653236389160156e-05,79.75380111290835,-65.15293069081474,0.7169104896091865,102.98336355722438,102.98585888465253
1748026001.402591,109.79378068455094,-60.0614358203812,0.6283523385115438,29.907504234720506,5.087639910853493,-0.0805697723691856,0.001356363296508789,79.88627644983043,-65.14907573123469,0.7089221108807294,103.0835546227083,103.08599227932078
1748026001.5263984,109.93337370550705,-60.06308663931065,0.6250245960204059,29.907506306085832,4.663675827003446,-0.0668670558676657,0.00034546852111816406,80.02586739942122,-64.7267624663141,0.6918916518880717,102.92566848167854,102.92799398831373
1748026001.6673248,110.06716548218503,-60.0724262807644,0.6255131365883206,30.505656504607984,4.663678697425887,-0.0516721295486847,0.0009064674377441406,79.56150897757705,-64.73610497819028,0.6771852661370054,102.57093642224558,102.57317182587764
1748026001.8042514,110.21032266641384,-60.08684285411953,0.6251906608055716,30.505656504607984,4.663678697425887,-0.0516721295486847,0.001148223876953125,79.70466616180586,-64.75052155154542,0.6768627903542563,102.69110890998338,102.69333957175137
1748026001.94687,110.31989239224367,-60.10232840923549,0.6268269835797958,30.505656616249947,4.663678714968516,-0.028272776590844,0.0016925334930419922,79.81423577599372,-64.76600712420401,0.6550997601706399,102.78593245828128,102.78802005590991
1748026002.0887134,110.46474249213736,-60.108725684699685,0.6317046372199085,31.10380886061168,4.239717538049216,-0.0227745702918953,0.0006775856018066406,79.36093363152568,-64.3484432227489,0.6544792075118039,102.17083699402076,102.17293318238362
1748026002.2116969,110.56273760322608,-60.107837311314874,0.6343639383624461,31.10380886061168,4.239717538049216,-0.0227745702918953,0.0018076896667480469,79.4589287426144,-64.34755484936409,0.6571385086543414,102.24641398120423,102.24852567658543
1748026002.3319523,110.64701365112705,-60.10327804012862,0.6357465223142427,31.10380886970706,4.239717539877471,-0.0208748515552311,0.0017101764678955078,79.54320478142,-64.34299558000609,0.6566213738694737,102.30905388628908,102.31116096856795
1748026002.4790497,110.76287130318167,-60.095445054405864,0.6410064690468179,31.10380886970706,4.239717539877471,-0.0208748515552311,0.0013108253479003906,79.65906243347462,-64.33516259428333,0.661881320602049,102.39423506141877,102.39637425561337
1748026002.6120143,110.82787617599092,-60.091809944728276,0.6404187781325418,31.103808880010604,4.239717541112416,-0.018776768142832,0.0009069442749023438,79.72406729598032,-64.3315274858407,0.6591955462753738,102.44253186482396,102.44465273328669
1748026002.733631,110.93361629969172,-60.093293199632306,0.642418291160081,31.10381115606924,3.8157534664509223,0.019927418502976,0.0019681453704833984,79.82980514362248,-63.90904666608323,0.622490872657105,102.26027593858888,102.26217057114953
1748026002.89407,110.99752952326912,-60.1024073388003,0.6405805952817397,31.10381115606924,3.8157534664509223,0.019927418502976,0.001516580581665039,79.89371836719988,-63.91816080525122,0.6206531767787637,102.31587127744847,102.3177537166901
1748026003.0162666,111.05914582166838,-60.11561232244011,0.6400709962043912,31.103811536750957,3.815753513917538,0.0981210823575053,0.0030031204223632812,79.95533428491743,-63.93136583635764,0.541949913846886,102.37223753691764,102.37367204522951
1748026003.1305814,111.14709846142165,-60.12965922336917,0.6452844951069535,31.103811536750957,3.815753513917538,0.0981210823575053,0.0035207271575927734,80.0432869246707,-63.9454127372867,0.5471634127494482,102.44971250251075,102.45117363723735
1748026003.2807014,111.20241629862682,-60.14440980685233,0.6495938984344993,31.103812062057155,3.815753578152081,0.2060236089853434,0.00036978721618652344,80.09860423656966,-63.960163385004414,0.44357028944915594,102.50214095755793,102.50310071156265
1748026003.4112656,111.26366448738708,-60.160807075420585,0.6571075015165445,31.701964982662368,3.391792500165013,0.3191190540071592,0.0032188892364501953,79.56169950472471,-63.552599575585596,0.33798844750938534,101.82827181532069,101.82883273948241
1748026003.5378847,111.31363229670353,-60.17666503109998,0.6647137945832959,31.701964982662368,3.391792500165013,0.3191190540071592,0.0018794536590576172,79.61166731404117,-63.56845753126499,0.34559474057613676,101.87721219893,101.87779837212092
1748026003.684512,111.39191791853057,-60.18995172266903,0.682747877663299,31.70196559652829,3.391792565606889,0.4428220570892175,0.0019752979278564453,79.68995232200228,-63.58174428827592,0.23992582057408152,101.9466856147011,101.94696794030749
1748026003.8066342,111.4450385989503,-60.19937953468885,0.7071988624271454,31.70196559652829,3.391792565606889,0.4428220570892175,0.0007929801940917969,79.74307300242202,-63.59117210029574,0.26437680533792784,101.99409228459774,101.99443492688334
1748026003.9670768,111.50982353212106,-60.20926053258511,0.7346866875877648,31.701966008260683,3.391792609133553,0.5258222402130134,0.003132343292236328,79.80785752386038,-63.601053141718666,0.2088644473747514,102.05090927220844,102.05112301019473
1748026004.0735583,111.5624670174144,-60.21351070421442,0.7564517390736613,31.70196632195501,3.391792643284145,0.5890241445427392,0.006601572036743164,79.8605006954594,-63.60530334749857,0.16742759453092204,102.09473142751678,102.09486871168498
1748026004.208377,111.61416947642238,-60.216707798313614,0.769797007936548,31.70196632195501,3.391792643284145,0.5890241445427392,0.0013763904571533203,79.91220315446736,-63.60850044159776,0.18077286339380882,102.13717022430966,102.13733019938276
1748026004.3964863,111.6804068234602,-60.20877651472403,0.781524655164644,31.70196641128872,3.391792652937704,0.6070218858723995,0.0006997585296630859,79.97844041217148,-63.60056916766173,0.1745027692922445,102.1840659262186,102.18421492789518
1748026004.4813468,111.72345989365476,-60.18805116623164,0.7841327152534721,31.70196641128872,3.391792652937704,0.6070218858723995,0.00421905517578125,80.02149348236604,-63.57984381916934,0.1771108293810726,102.20487248276531,102.20502594033329
1748026004.6518128,111.75978845049019,-60.15937950433692,0.7860742435771696,31.701966514897144,3.3917926642566023,0.627918798049067,0.00041413307189941406,80.05782193559304,-63.551172168593524,0.15815544552810257,102.2154897120458,102.21561206693569
1748026004.7416472,111.80670473911289,-60.1296016691302,0.7942653125794746,31.70196863389334,2.967828522367322,0.6261184727817025,0.002925395965576172,80.10473610521954,-63.09743019149752,0.16814683979777212,101.97085094897348,101.97098958339818
1748026004.9022944,111.85773099352014,-60.108162622323384,0.8054863884769065,31.70196863389334,2.967828522367322,0.6261184727817025,0.007725715637207031,80.15576235962679,-63.075991144690704,0.17936791569520394,101.99768084784115,101.99783856135014
1748026005.040554,111.9019972436148,-60.09850847007953,0.8120566815045838,32.300118854944884,2.967831540771737,0.6003204939128354,0.0013782978057861328,79.60187838866992,-63.06634001085126,0.2117361875917484,101.55699033236901,101.55721105653714
1748026005.1759093,111.94970648140259,-60.100896198226756,0.8199510013891815,32.300118854944884,2.967831540771737,0.6003204939128354,0.004712343215942383,79.6495876264577,-63.06872773899849,0.21963050747634616,101.59587209961181,101.59610949854574
1748026005.3000743,112.00785326978348,-60.098482334983736,0.8267527152829439,32.300118854944884,2.967831540771737,0.6003204939128354,0.0017468929290771484,79.7077344148386,-63.06631387575547,0.22643222137010854,101.6399668999442,101.64021912103803
1748026005.42356,112.05379195986347,-60.09301471817022,0.8260697144196452,32.3001185005939,2.967831507802672,0.5302216172920525,0.0010216236114501953,79.75367345926958,-63.06084622597289,0.29584809712759264,101.67260573519104,101.67303616534805
1748026005.5629218,112.10454095577899,-60.07495787942613,0.8199693856103265,32.3001185005939,2.967831507802672,0.5302216172920525,0.0013897418975830078,79.80442245518509,-63.0427893872288,0.289747768318274,101.70122485559423,101.70163760184683
1748026005.673001,112.13287962032109,-60.06446422609235,0.801701907725172,32.30011849340855,2.9678315070853536,0.5288178076797783,0.0009741783142089844,79.83276112691254,-63.032295733177705,0.27288410004539376,101.71696050581463,101.71732654898824
1748026005.8226645,112.1723485683737,-60.053579209741876,0.7795647605301544,32.30011869478917,2.967831525808535,0.5686203595796696,0.0007703304290771484,79.87222987358453,-63.02141073555041,0.21094440095048483,101.74119773266716,101.74141641248156
1748026005.9288194,112.21876539588106,-60.052587338417304,0.7594807525515176,32.30011869478917,2.967831525808535,0.5686203595796696,0.0011472702026367188,79.91864670109189,-63.02041886422584,0.19086039297184798,101.77702729180302,101.77720624995571
1748026006.069732,112.27012587053304,-60.06176397511475,0.7513093847950204,32.300121495238315,2.5438674394316303,0.6938189072835506,0.004243135452270508,79.97000437529472,-62.60563141454638,0.05749047751146985,101.56114751517282,101.56116378692053
1748026006.2082086,112.32770971379591,-60.07147251954412,0.7546921443423225,32.300121495238315,2.5438674394316303,0.6938189072835506,0.011989831924438477,80.0275882185576,-62.61533995897575,0.0608732370587719,101.61247794565944,101.61249617939771
1748026006.3435383,112.37915151333459,-60.08100810707921,0.7629360216027776,32.30012145745317,2.5438674365723792,0.6863192125972896,0.002190113067626953,80.07903005588142,-62.624875543651584,0.07661680900548806,101.65887118962422,101.6589000613524
1748026006.4744651,112.44044355018627,-60.08945926936135,0.7675112276498768,32.30012145745317,2.5438674365723792,0.6863192125972896,0.0015704631805419922,80.1403220927331,-62.633326705933726,0.08119201505258722,101.7123632572719,101.71239566307808
1748026006.621726,112.49295330123783,-60.0978952878014,0.7691815418172616,32.300121355995444,2.543867428749762,0.6662157572492977,0.0016787052154541016,80.19283194524239,-62.64176271655116,0.1029657845679639,101.75893440693346,101.75898650039406
1748026006.7693982,112.54787745306646,-60.10009264636795,0.7656325291617576,32.3001213327106,2.54386742686006,0.6616152327883063,0.0020313262939453125,80.24775612035586,-62.64396007322801,0.10401729637345136,101.8035760472504,101.80362918681357
1748026006.8788972,112.58444697476426,-60.10115845944528,0.757606763845977,32.898271817360616,2.5438705206595,0.6790148298839076,0.05239057540893555,79.68617515740365,-62.64502898010478,0.07859193396206943,101.36215352455069,101.3621839929797
1748026007.0393906,112.64197049124425,-60.09135304771876,0.7474323846440284,32.898271817360616,2.5438705206595,0.6790148298839076,0.0006177425384521484,79.74369867388364,-62.635223568378265,0.06841755476012079,101.40132498962663,101.40134807098809
1748026007.1408112,112.6902860790712,-60.073893402383696,0.740736073260798,32.898271817360616,2.5438705206595,0.6790148298839076,0.0016074180603027344,79.79201426171059,-62.6177639230432,0.061721243376890444,101.42854577811414,101.42856455740109
1748026007.2694132,112.73321785378698,-60.051479001090335,0.7370335513123656,32.89827196250381,2.543870531882072,0.7072130716509081,0.0009081363677978516,79.83494589128317,-62.595349532972406,0.02982047966145751,101.44849120918013,101.44849559200031
1748026007.4090152,112.7736617172618,-60.02394294971622,0.7382476608038794,32.89827204608655,2.543870539224908,0.7234179056498052,0.11972475051879883,79.87538967117526,-62.56781348894113,0.014829755154074142,101.46333899448123,101.46334007823049
1748026007.5464191,112.8136411602643,-59.99203917499303,0.74907517379177,32.89827204608655,2.543870539224908,0.7234179056498052,0.0012137889862060547,79.91536911417775,-62.53590971421794,0.025657268141964784,101.47515077318235,101.47515401681093
1748026007.7057188,112.85288840273898,-59.95767623814438,0.7605347408893192,32.89827198785983,2.54387053380172,0.7121187724099671,0.001054525375366211,79.95461641487915,-62.5015467719461,0.048415968479352034,101.48489559996715,101.48490714900534
1748026007.7996168,112.89547059918232,-59.9196601868364,0.7754374737141776,32.89827198785983,2.54387053380172,0.7121187724099671,0.004555940628051758,79.99719861132249,-62.463530720638126,0.06331870130421047,101.49504645916213,101.49506621016322
1748026007.9456997,112.9296932813267,-59.88718768144573,0.786846450711996,32.8982716123757,2.543870505239247,0.6392122786473927,0.001155853271484375,80.031421668951,-62.43105818668498,0.14763417206460328,101.50204668213684,101.50215404862819
1748026008.0919323,112.97481935181577,-59.85818777115244,0.795980640349762,32.898273678940086,2.1199063552228075,0.6117160952419559,0.0014424324035644531,80.07654567287568,-61.97809412637525,0.1842645451078061,101.25975172020705,101.25991937514348
1748026008.2285955,113.02380859318714,-59.8337196944538,0.7988074530654464,32.898273678940086,2.1199063552228075,0.6117160952419559,0.0024623870849609375,80.12553491424705,-61.95362604967661,0.1870913578234905,101.28352840416547,101.2837012019879
1748026008.3704998,113.06750428951631,-59.808261336096216,0.8001386935150349,32.89827358722026,2.119906349644152,0.5939167179015262,0.0004818439483642578,80.16923070229605,-61.92816768574037,0.20622197561350863,101.3025345404109,101.30274444364463
1748026008.4806976,113.10612189228652,-59.773047056099834,0.8024442666924478,32.89827358722026,2.119906349644152,0.5939167179015262,0.0037755966186523438,80.20784830506626,-61.89295340574399,0.2085275487909216,101.31158182070853,101.31179642446739
1748026008.63069,113.14429412923266,-59.74770881037326,0.8007988733704616,32.89827339757282,2.1199063365345623,0.5571125189185372,0.004979610443115234,80.24602073165984,-61.86761514690782,0.24368635445192444,101.32633244735487,101.32662547559366
1748026008.7613328,113.19171857915472,-59.73328628268862,0.796202019045274,33.496423581175506,2.1199094649347474,0.5110126093622404,0.0011055469512939453,79.69529499797922,-61.85319574762337,0.28518940968303363,100.88190060168743,100.88230371084981
1748026008.87419,113.2420398901694,-59.736612465069975,0.7860688877901668,33.496423581175506,2.1199094649347474,0.5110126093622404,0.002136707305908203,79.74561630899389,-61.856521930004725,0.27505627842792646,100.92369704771237,100.92407186461875
1748026009.0261796,113.29677261679024,-59.74280143800976,0.7693108007979034,33.496423405172,2.1199094540402084,0.477412755700746,6.961822509765625e-05,79.80034921161823,-61.86271089204997,0.2918980450971574,100.97074196622295,100.9711638918672
1748026009.1525495,113.34657245021413,-59.75272104273247,0.7483150596703336,33.496423405172,2.1199094540402084,0.477412755700746,0.0002543926239013672,79.85014904504212,-61.87263049677268,0.27090230396958764,101.01618042227494,101.01654367064783
1748026009.2711282,113.3934907579715,-59.75387554438003,0.7265213991807876,33.49642327867581,2.119909445488819,0.4533114985149607,0.002148866653442383,79.89706747929569,-61.87378498986885,0.2732099006658269,101.05397894572805,101.05434827068784
1748026009.3892958,113.42948052861902,-59.75189938859673,0.7045430347147411,33.49642327867581,2.119909445488819,0.4533114985149607,0.0002396106719970703,79.9330572499432,-61.871808834085556,0.2512315361997804,101.081226593885,101.08153880412142
1748026009.559585,113.46309005236333,-59.7452257366572,0.6809091974867004,33.496423201536544,2.119909440491367,0.4386096558728804,0.002206563949584961,79.96666685082678,-61.86513517714857,0.24229954161382,101.10372276883767,101.10401310920278
1748026009.67262,113.4949799019247,-59.73221495703398,0.6576203635296655,33.49642076383556,2.5438735537740222,0.4024156522351248,0.005934238433837891,79.99855913808913,-62.276088510808,0.25520471129454064,101.38086932146685,101.38119053266738
1748026009.8345048,113.5194975875578,-59.71560256099723,0.634381664403104,33.49642076383556,2.5438735537740222,0.4024156522351248,0.0029137134552001953,80.02307682372223,-62.25947611477125,0.23196601216797913,101.39001524026477,101.39028059262841
1748026009.9337008,113.53662228648932,-59.6938219264056,0.6124310490921864,33.49642287586811,2.1199094194148214,0.3765140132818836,0.001173257827758789,80.0401994106212,-61.81373134582042,0.23591703581030277,101.1304647699459,101.13073994307099
1748026010.0823994,113.55352507939256,-59.66778217635129,0.5878177155064388,33.49642287586811,2.1199094194148214,0.3765140132818836,0.0016796588897705078,80.05710220352444,-61.78769159576611,0.2113037022245552,101.12793108710899,101.12815184316204
1748026010.2210686,113.56568755661976,-59.64836115279217,0.5693573896598592,33.4964227827948,2.119909414082126,0.3587146356982693,0.0020492076873779297,80.06926477382495,-61.76827056687429,0.21064275396158988,101.1256960927512,101.12591547478456
1748026010.3666406,113.58533551683394,-59.63412598808602,0.5523798753965317,33.4964227827948,2.119909414082126,0.3587146356982693,0.0016143321990966797,80.08891273403913,-61.75403540216814,0.19366523969826238,101.13256068830044,101.1327461191371
1748026010.4981337,113.6119219021262,-59.6252716534434,0.5394536325403282,33.4964227827948,2.119909414082126,0.3587146356982693,0.004259347915649414,80.11549911933139,-61.74518106752552,0.1807389968420589,101.14821097874693,101.14837245742552
1748026010.624127,113.63639105597565,-59.61850274776727,0.5326445992312516,33.49642265888038,2.1199094064908497,0.3351092890956778,0.0015676021575927734,80.13996839709527,-61.73841215425812,0.19753531013557385,101.16346212944907,101.16365498643881
1748026010.7201698,113.6585343199472,-59.60483578327483,0.5313864530839439,33.49642265888038,2.1199094064908497,0.3351092890956778,0.0014231204986572266,80.16211166106682,-61.72474518976568,0.19627716398826617,101.17266584756402,101.17285623836045
1748026010.89133,113.67703579769108,-59.589241825291246,0.5301521994577751,33.49642264790009,2.1199094053788854,0.333011205561686,0.00035190582275390625,80.18061314979099,-61.70915123067013,0.19714099389608913,101.17781412289035,101.17800618344693
1748026010.972692,113.69522941354262,-59.570751954645736,0.5370280944763707,33.49642264790009,2.1199094053788854,0.333011205561686,0.001341104507446289,80.19880676564253,-61.69066136002462,0.20401688891468467,101.18095821680137,101.18116390198853
1748026011.1515138,113.71218093852849,-59.55335803580396,0.5452718632490476,34.09457306427765,2.1199126060059665,0.3352129366096892,0.0014491081237792969,79.61760787425084,-61.67327064180993,0.21005892663935843,100.71025665380812,100.7104757213894
1748026011.244241,113.72262835196432,-59.540410552730684,0.5470618843353086,34.094570702830815,2.543876721765653,0.3215103889395635,0.03690290451049805,79.6280576491335,-62.08428727449634,0.22555149539574504,100.97071997047419,100.97097189208883
1748026011.4126055,113.74351100167593,-59.518505475999795,0.5518728218497746,34.094570702830815,2.543876721765653,0.3215103889395635,0.0013298988342285156,79.6489402988451,-62.06238219776545,0.23036243291021108,100.97372418005837,100.97398695525992
1748026011.5240102,113.75604500671841,-59.49847015079822,0.5503645284656269,34.094570702830815,2.543876721765653,0.3215103889395635,0.0027494430541992188,79.66147430388759,-62.042346872563876,0.22885413952606337,100.97129935642344,100.97155870809195
1748026011.6877365,113.76733479457727,-59.48061914918198,0.5487908291338152,34.09457030603068,2.5438766921350098,0.2471085327513676,0.003598928451538086,79.67276448854659,-62.02449584131699,0.3016822963824476,100.9692402943439,100.96969098608211
1748026011.8043046,113.77737015049257,-59.47846384395336,0.5471721682296915,34.09457030603068,2.5438766921350098,0.2471085327513676,0.0018389225006103516,79.6827998444619,-62.022340536088365,0.30006363547832393,100.9758353103706,100.97628114964634
1748026011.936843,113.79459883690419,-59.482263655537615,0.5421206906946777,34.0945701856672,2.543876682780119,0.2246094494609556,0.00407862663269043,79.70002865123698,-62.02614033831773,0.3175112412337221,100.99176526963315,100.99226438527354
1748026012.0534437,113.81237528953005,-59.49131360348343,0.5342422273882074,34.0945701856672,2.543876682780119,0.2246094494609556,0.0004055500030517578,79.71780510386284,-62.03519028626354,0.30963277792725175,101.01135225523113,101.01182681690076
1748026012.2280576,113.8327138378678,-59.50113294870311,0.5225144943300785,34.09457009498099,2.543876676172535,0.2076111583786349,0.0008425712585449219,79.73814374288682,-62.04500962487565,0.3149033359514436,101.03343400534395,101.03392475314016
1748026012.3493154,113.8464965408964,-59.51553689776235,0.5163118922128622,34.09457009498099,2.543876676172535,0.2076111583786349,0.001775503158569336,79.75192644591542,-62.05941357393489,0.30870073383422736,101.05315722418274,101.05362873800459
1748026012.4727354,113.85431643460998,-59.526289804603714,0.5061523444564257,34.09457009498099,2.543876676172535,0.2076111583786349,0.0004975795745849609,79.759746339629,-62.07016648077625,0.2985411860777908,101.06593245556707,101.06637338874403
1748026012.604133,113.8550643001895,-59.529583121674214,0.49602518586438893,34.09457008919006,2.543876675608142,0.206512524942835,0.00415492057800293,79.76049421099944,-62.073459797282354,0.2895126609215539,101.06854529470435,101.06895995095891
1748026012.7179372,113.85237421277367,-59.52543802650242,0.48705291692815955,34.09457008919006,2.543876675608142,0.206512524942835,0.0011060237884521484,79.75780412358361,-62.06931470211056,0.28054039198532454,101.06387656430744,101.06426593567632
1748026012.8717906,113.84515886530266,-59.51081829918859,0.4810333770094515,34.09456788518485,2.967840794171378,0.2223128176599708,0.003681659698486328,79.7505909801178,-62.47865909335997,0.2587205593494807,101.3101159992542,101.31044635233906
1748026012.970792,113.83295785736755,-59.48534923001764,0.479432659687829,34.09456788518485,2.967840794171378,0.2223128176599708,0.0013637542724609375,79.73838997218269,-62.45319002418902,0.2571198420278582,101.28480527479601,101.28513163424586
1748026013.1429508,113.81815898867586,-59.45307937628893,0.4794886241834687,34.09456794483521,2.9678407991809603,0.2335127692641879,0.0005474090576171875,79.72359104384066,-62.420920175469895,0.2459758549192808,101.25325794500607,101.25355672073519
1748026013.294612,113.80037134125814,-59.4182763404521,0.4763926112568717,34.094567932615924,2.9678407986975195,0.2312086921353273,0.0025970935821533203,79.70580340864223,-62.38611713914962,0.2451839191215444,101.21779837912312,101.21809533809169
1748026013.4150467,113.78194705099628,-59.39035767011344,0.47337130587261445,34.094567932615924,2.9678407986975195,0.2312086921353273,0.0011670589447021484,79.68737911838036,-62.358198468810954,0.24216261373728715,101.18608257577768,101.18637235202965
1748026013.5466769,113.76504284207203,-59.364997088773514,0.47206493172040853,34.094567932615924,2.9678407986975195,0.2312086921353273,0.003015756607055664,79.67047490945612,-62.33283788747103,0.24085623958508123,101.15714137619756,101.15742811643725
1748026013.6544638,113.75106559736383,-59.34319690005537,0.4714036188104098,34.094567932615924,2.9678407986975195,0.2312086921353273,0.006250143051147461,79.65649766474792,-62.311037698752884,0.24019492667508252,101.13270014841586,101.1329853851462
1748026013.8261456,113.73809641662359,-59.32710524159145,0.46912857427864474,34.0945681498734,2.967840817267073,0.2719115114724608,5.698204040527344e-05,79.6435282667502,-62.29494605885852,0.19721706280618395,101.11257043143908,101.11276276426528
1748026013.933858,113.72336792200679,-59.317557188802674,0.4648832701322645,34.09456835589417,2.9678408354556653,0.3105086189782066,0.0013804435729980469,79.62879956611262,-62.28539802425834,0.1543746511540579,101.09508656398897,101.09520443084004
1748026014.087561,113.7069287753149,-59.30240669668671,0.4608948222230602,34.09456835589417,2.9678408354556653,0.3105086189782066,0.0045413970947265625,79.61236041942074,-62.27024753214238,0.15038620324485363,101.07280375682686,101.07291563656487
1748026014.1951318,113.68776387052748,-59.27825522817175,0.4633303210167288,34.0945686071811,2.967840857943377,0.3576125005801771,0.0006310939788818359,79.59319526334637,-62.24609608611513,0.1057178204365517,101.0428285935774,101.04288389811832
1748026014.3582275,113.66797998037191,-59.249848824955414,0.46953716847772886,34.09456644856144,3.391804993462665,0.3819119102789355,0.006390094757080078,79.57341353181047,-62.64165381841808,0.08762525819879335,101.27144184917607,101.27147975810823
1748026014.515097,113.64514179698278,-59.212637401072776,0.47400731127718765,34.09456644856144,3.391804993462665,0.3819119102789355,0.005924701690673828,79.55057534842135,-62.60444239453544,0.09209540099825214,101.23048081381204,101.23052270614063
1748026014.6277049,113.62560886897506,-59.17487760743372,0.4768452490515117,34.09456649720568,3.391804998078139,0.391006148755086,0.001191854476928711,79.53104237176939,-62.56668260551186,0.08583910029642572,101.19178065929583,101.19181706714322
1748026014.748622,113.60118706637672,-59.13161243578494,0.4733294782038985,34.09456649720568,3.391804998078139,0.391006148755086,0.0011050701141357422,79.50662056917105,-62.523417433863074,0.08232332944881249,101.14583749190683,101.14587099367822
1748026014.9021974,113.57876860709422,-59.08953364671233,0.466686341049646,34.09456653827007,3.391805001960009,0.398711836713381,0.00122833251953125,79.48420206882415,-62.48133864867234,0.06797450433626501,101.10220599891846,101.10222884971917
1748026015.0252,113.56600796886698,-59.05792390819246,0.45795187281869065,34.09456653827007,3.391805001960009,0.398711836713381,0.0001316070556640625,79.47144143059691,-62.449728910152466,0.059240036105309646,101.07264043255388,101.07265779324399
1748026015.1828663,113.55037925756017,-59.029865014511834,0.44725925214424167,34.094568854842,2.967840879438921,0.4040068484632115,0.0017237663269042969,79.45581040271816,-61.99770589395076,0.04325240368103017,100.78165181651624,100.78166109782045
1748026015.2726166,113.54493962866331,-59.01249782356333,0.4416175791570849,34.09456652124243,3.3918050003598585,0.3955074907839246,0.0010669231414794922,79.45037310742089,-62.40430282392319,0.046110088373160274,101.02800996678246,101.02802048931052
1748026015.4102845,113.542883317031,-59.000311439016876,0.4364081147100337,34.09456652124243,3.3918050003598585,0.3955074907839246,0.0007457733154296875,79.44831679578857,-62.392116439376736,0.0409006239261091,101.01886574035923,101.01887402030258
1748026015.5394542,113.54420976838855,-58.99073601127727,0.4286769341085189,34.09456643993232,3.3918049920143662,0.3803097373002772,0.0019500255584716797,79.44964332845623,-62.382541003291635,0.04836719680824175,101.01399530286025,101.0140068823725
1748026015.6853063,113.54748933219992,-58.983304584130956,0.41578709572819506,34.09456643993232,3.3918049920143662,0.3803097373002772,0.002295970916748047,79.4529228922676,-62.37510957614532,0.03547735842791788,101.01198567873396,101.01199190890019
1748026015.798138,113.5554895154707,-58.98115930154582,0.4003961950479432,34.09456644175207,3.3918049928031606,0.3806072839637382,0.00046133995056152344,79.46092307371862,-62.37296429434898,0.019788911084204996,101.0169538770179,101.01695581531133
1748026015.9365995,113.56259494138232,-58.97607910225704,0.3862528403294475,34.09456655489088,3.3918050041923573,0.4018093710888963,0.00040531158447265625,79.46802838649143,-62.367884106449395,-0.015556530759448794,101.01940656899401,101.01940776681163
1748026016.0446496,113.57282096403719,-58.97252956959371,0.3749482470848913,34.09456655489088,3.3918050041923573,0.4018093710888963,0.001127481460571289,79.4782544091463,-62.36433457378607,-0.026861124004005033,101.02525996381355,101.0252635348015
1748026016.197906,113.5873931417184,-58.97291367675077,0.3677724156861645,34.094566607135306,3.391805009863055,0.411605513027638,0.0014312267303466797,79.49282653458309,-62.36471868661383,-0.043833097341473504,101.0369615898944,101.03697109800066
1748026016.3402286,113.60850943463248,-58.97927366768305,0.36163004674402777,34.094566607135306,3.391805009863055,0.411605513027638,0.0009052753448486328,79.51394282749717,-62.37107867754611,-0.049975466283610215,101.05750125238174,101.05751360944106
1748026016.447896,113.63461088398515,-58.992517094526356,0.35756185879449454,34.09456658631274,3.39180500721346,0.4077068925141948,0.0010328292846679688,79.54004429767241,-62.38432210173981,-0.05014503371970025,101.0862121704504,101.08622460797376
1748026016.6113038,113.6634777164382,-59.00868659250971,0.3577730852359585,34.09456658631274,3.39180500721346,0.4077068925141948,0.0016663074493408203,79.56891113012546,-62.40049159972317,-0.049933807278236264,101.11890510839665,101.11891743737189
1748026016.7432272,113.69613439058537,-59.02498683992072,0.36291739207065776,34.09456658631274,3.39180500721346,0.4077068925141948,0.0009632110595703125,79.60156780427263,-62.41679184713418,-0.04478950044353702,101.15466129342083,101.15467120942087
1748026016.853612,113.7334378722237,-59.04061610330108,0.37225862373194263,34.09456868466544,2.96784086461984,0.3721083498984333,0.0012507438659667969,79.63886918755827,-62.00845696792092,0.0001502738335093512,100.93264199958068,100.93264199969255
1748026017.0171883,113.77203783455559,-59.053072468276774,0.3873937051825367,34.09456868466544,2.96784086461984,0.3721083498984333,0.002480745315551758,79.67746914989016,-62.02091333289661,0.015285355284103408,100.97075210563884,100.97075326261786
1748026017.1807685,113.80949997444998,-59.065991246869,0.4007807492485469,34.09456838314009,2.9678408373416656,0.3156126838596522,0.0021123886108398438,79.71493159130989,-62.033832084210665,0.08516806538889471,101.00825036431064,101.00828627027894
1748026017.275375,113.84974723872187,-59.080901588334676,0.4091901654060017,34.09456838314009,2.9678408373416656,0.3156126838596522,0.0006275177001953125,79.75517885558179,-62.048742425676345,0.09357748154634954,101.04917115391778,101.04921448303703
1748026017.4167404,113.89555213129267,-59.09570251503856,0.4088946445727367,34.094568117443124,2.967840815516144,0.2658079958178826,0.0006310939788818359,79.80098401384956,-62.06354333055471,0.1430866487548541,101.09441359601585,101.09451485669916
1748026017.5525582,113.93954885398608,-59.10781419282423,0.40269404107313256,34.094568117443124,2.967840815516144,0.2658079958178826,0.004026889801025391,79.84498073654296,-62.07565500834038,0.13688604525524994,101.13658039272147,101.13667302874263
1748026017.6676595,113.98104066325374,-59.11066121459094,0.39595700875890216,34.094568117443124,2.967840815516144,0.2658079958178826,0.0075724124908447266,79.88647254581062,-62.07850203010709,0.13014901294101955,101.17108732298257,101.17117103641795
1748026017.7988732,114.01568197607878,-59.10398584864688,0.3906403468334826,34.69271847251224,2.9678440745448005,0.2727093788068688,0.005199909210205078,79.32296350356654,-62.07182992319168,0.11793096802661379,100.72261220302909,100.72268124268238
1748026017.9270396,114.05186677155979,-59.099257437231635,0.3856403408711575,34.69271847251224,2.9678440745448005,0.2727093788068688,0.00038051605224609375,79.35914829904755,-62.067101511776436,0.11293096206428871,100.74819853884922,100.74826183227964
1748026018.0805366,114.08742948943905,-59.097276847820034,0.38011402320069776,34.69271847532459,2.9678440754917648,0.2732052880933817,0.005541801452636719,79.39471101411445,-62.065120923311795,0.10690873510731608,100.77499378437123,100.77505049226076
1748026018.2094476,114.13236850955178,-59.089420290971724,0.37334798564758165,34.69271847532459,2.9678440754917648,0.2732052880933817,6.389617919921875e-05,79.43965003422718,-62.057264366463485,0.10014269755419997,100.80556561127779,100.80561535335967
1748026018.3511057,114.1706296853755,-59.078961467322834,0.36801103438739413,34.69272075165786,2.543879955742837,0.2636076933595099,0.0038182735443115234,79.47790893371764,-61.62284142306567,0.10440334102788423,100.56894447854474,100.56899867049601
1748026018.5068183,114.20845953680555,-59.07056226525196,0.3602611931661128,34.69272075165786,2.543879955742837,0.2636076933595099,0.0064487457275390625,79.51573878514769,-61.614442220994796,0.09665349980660293,100.59369863342408,100.59374506723155
1748026018.6285312,114.24434850046543,-59.06045994423041,0.35590974701529554,34.69272075165786,2.543879955742837,0.2636076933595099,0.0017914772033691406,79.55162774880758,-61.60433989997325,0.09230205365578564,100.61588429267164,100.61592663025768
1748026018.7719748,114.29503694038203,-59.04541796632832,0.35321884808221515,34.69272064610552,2.543879946956002,0.2442061434707664,0.0017485618591308594,79.6023162942765,-61.58929791328433,0.10901270461144874,100.64676038932068,100.64681942632413
1748026018.8658242,114.32150673757064,-59.03008541162074,0.354545586139962,34.69272064610552,2.543879946956002,0.2442061434707664,0.0009377002716064453,79.62878609146512,-61.57396535857674,0.1103394426691956,100.65831701543354,100.65837749125566
1748026019.0332887,114.35856712553777,-59.00785315531353,0.3542223655888189,34.69272051913905,2.543879938177633,0.2208067897056302,0.002466440200805664,79.66584660639873,-61.551733093491166,0.13341557588318873,100.67404314085448,100.67413154352272
1748026019.138527,114.39198055269969,-58.981436820607534,0.35265621578646755,34.69272051913905,2.543879938177633,0.2208067897056302,0.004410982131958008,79.69926003356065,-61.525316758785166,0.13184942608083736,100.68434164340535,100.68442797392815
1748026019.2783551,114.41920042548662,-58.95062952611698,0.3490833178000686,34.69272051913905,2.543879938177633,0.2208067897056302,0.0017538070678710938,79.72647990634758,-61.49450946429461,0.12827652809443843,100.68707112887664,100.68715284175595
1748026019.4124591,114.45151787707954,-58.90801467765362,0.3439447171849097,34.69272010231026,2.543879907902326,0.1440093046974198,0.0014193058013916016,79.75879777476928,-61.45189458555595,0.19993541248748992,100.68664842287095,100.68684693047045
1748026019.5597138,114.46958409500417,-58.867877424308425,0.3362598367683254,34.69272010231026,2.543879907902326,0.1440093046974198,0.00640559196472168,79.7768639926939,-61.411757332210755,0.1922505320709056,100.67647176544837,100.67665532488752
1748026019.7408483,114.48729061843437,-58.81610946403287,0.32699732938145254,34.69272010231026,2.543879907902326,0.1440093046974198,0.0012791156768798828,79.79457051612411,-61.3599893719352,0.18298802468403275,100.65893790208948,100.65910422904568
1748026019.8406827,114.50269703322766,-58.75648514002031,0.31695433460974776,34.69271989427437,2.54387989250901,0.1057097444906511,0.0014598369598388672,79.80997713895329,-61.30036503252932,0.21124459011909666,100.6348210314978,100.63504274515137
1748026019.9802213,114.51363277073699,-58.696468058390444,0.3045793851757722,34.69271989427437,2.54387989250901,0.1057097444906511,0.0005433559417724609,79.82091287646261,-61.240347950899455,0.1988696406851211,100.60694980755093,100.60714636005267
1748026020.1114788,114.52406341098788,-58.631907722992075,0.2953212081845936,34.69271993537308,2.543879894921007,0.1133086216636776,0.0010569095611572266,79.8313434756148,-61.17578761791308,0.182012586520916,100.57594340493951,100.5761080991666
1748026020.2207277,114.53335164158375,-58.57590744879561,0.2943149450573988,34.69271993537308,2.543879894921007,0.1133086216636776,0.0009171962738037109,79.84063170621067,-61.11978734371662,0.1810063233937212,100.54926591570877,100.54942883714965
1748026020.3569622,114.5452591517361,-58.5286620908202,0.3010501855694842,35.29087296887828,2.119919122631724,0.1714033393028515,0.0016210079193115234,79.25438618285781,-60.64858121345192,0.1296468462666327,99.79733529722243,99.79741950937901
1748026020.491603,114.56162140969525,-58.482427239585114,0.3141351460060229,35.29087296705352,2.119919121815085,0.171105793976602,0.00047707557678222656,79.27074844264173,-60.6023463614002,0.14302935202942088,99.78224262444547,99.78234513459405
1748026020.6127458,114.58000149755236,-58.45810351589784,0.3328436841675828,35.29087296705352,2.119919121815085,0.171105793976602,0.002264738082885742,79.28912853049884,-60.57802263771293,0.1617378901909808,99.7820761951826,99.78220727647965
1748026020.7609117,114.60457995828199,-58.44397595129862,0.35286556283283044,35.29087287661808,2.119919116062547,0.1547025956259114,0.0011856555938720703,79.3137070816639,-60.563895067361166,0.19816296720691903,99.79303340798053,99.79323015780123
1748026020.8689349,114.6312659313731,-58.43353517582329,0.3706765139389686,35.29087287661808,2.119919116062547,0.1547025956259114,0.00042819976806640625,79.34039305475501,-60.553454291885835,0.2159739183130572,99.80790948999245,99.80814316224861
1748026021.0107489,114.66336594198373,-58.42632882106593,0.39095459292038814,35.29087044130797,2.543883220523178,0.1426022204411735,0.0012464523315429688,79.37249550067575,-60.97021204158911,0.24835237247921466,100.08676135434261,100.08706948103759
1748026021.1486015,114.69220747514385,-58.40963788358666,0.41160599528056463,35.29087044130797,2.543883220523178,0.1426022204411735,0.005372762680053711,79.40133703383587,-60.95352110410984,0.26900377483939114,100.09947081653308,100.09983227149203
1748026021.3082316,114.71187130474186,-58.3988765052079,0.4313845984275936,35.29087044130797,2.543883220523178,0.1426022204411735,0.002374410629272461,79.42100086343389,-60.94275972573108,0.2887823779864201,100.10851782509697,100.10893434853651
1748026021.3994455,114.73490643220555,-58.38471392928019,0.4534337911052808,35.29087052633348,2.5438832264517792,0.1580059679782007,0.004766941070556641,79.44403590587207,-60.928597155731964,0.2954278231270801,100.1181741362624,100.11861000821794
1748026021.5655386,114.75830437985405,-58.37673824779875,0.47008941716556185,35.29087052633348,2.5438832264517792,0.1580059679782007,0.00031757354736328125,79.46743385352057,-60.920621474250524,0.31208344918736114,100.13188884702306,100.13237518481142
1748026021.6681638,114.78371316400967,-58.3782808265476,0.48435430684543124,35.29087294575895,2.119919120647974,0.16719954311308,0.0015330314636230469,79.49284021825072,-60.49819994719557,0.31715476373235124,99.8956647848904,99.89616824462964
1748026021.8704643,114.8100640608327,-58.38065445399521,0.49007226206963206,35.2908729963891,2.1199191236895,0.1764005927646179,0.0012488365173339844,79.5191910644436,-60.50057357768471,0.31367166930501417,99.91807219303388,99.91856454477542
1748026021.9795237,114.83468869689136,-58.38509138015797,0.4880715666258866,35.2908729963891,2.1199191236895,0.1764005927646179,0.004748821258544922,79.54381570050226,-60.505010503847465,0.3116709738612687,99.94035677475922,99.94084275741379
1748026022.077397,114.8583176654821,-58.386394168968074,0.47858021463060996,35.290873076982244,2.119919128559204,0.1910032547981262,0.002347230911254883,79.56744458849985,-60.50631329752728,0.28757695983248377,99.95995291716838,99.96036658451362
1748026022.203789,114.87691543299627,-58.38767309918841,0.46974676183367303,35.290873076982244,2.119919128559204,0.1910032547981262,0.0029141902923583984,79.58604235601402,-60.507592227747615,0.27874350703554684,99.97553128187238,99.97591986591249
1748026022.3444574,114.89436865671155,-58.39528443244716,0.4629423061759671,35.290873198187,2.1199191355518514,0.2128996166530982,0.0006742477416992188,79.60349545852455,-60.515203567999016,0.2500426895228689,99.99403158234844,99.99434420725146
1748026022.4449954,114.91391081735833,-58.40874022296955,0.4563670598749838,35.290873198187,2.1199191355518514,0.2128996166530982,0.0011615753173828125,79.62303761917133,-60.5286593585214,0.24346744322188563,100.01773204509234,100.01802837408765
1748026022.6202142,114.93515058323294,-58.42848819715572,0.4514196340762332,35.29087326993546,2.1199191403795354,0.2259001043175352,0.002810239791870117,79.64427731329748,-60.54840733753526,0.225519529758698,100.04659184534736,100.0468460218903
1748026022.7402709,114.95724636585652,-58.44855495038407,0.4474518128748456,35.29087326993546,2.1199191403795354,0.2259001043175352,0.0013260841369628906,79.66637309592106,-60.56847409076361,0.22155170855731038,100.07632615130312,100.07657138961926
1748026022.9001477,114.98315786282052,-58.46166711600181,0.44519662922584213,35.29087330913416,2.119919143045881,0.2330030710162899,0.0013325214385986328,79.69228455368636,-60.5815862590477,0.21219355820955224,100.10488904668021,100.10511394106847
1748026022.9868522,114.99517863906243,-58.47205205505434,0.4381490000731827,35.290873264294945,2.11991913991395,0.2249006541382817,0.0009722709655761719,79.70430537476749,-60.591971194968295,0.213248345934901,100.1207434479292,100.1209705477484
1748026023.117266,115.00966615261916,-58.483659543077515,0.43523128479479,35.290873264294945,2.11991913991395,0.2249006541382817,0.00021028518676757812,79.71879288832422,-60.60357868299147,0.2103306306565083,100.13930141935818,100.13952230628655
1748026023.281701,115.02339156018286,-58.497856017798846,0.43135065282983087,35.29087318112004,2.1199191347389315,0.2098020821838507,0.0015854835510253906,79.73251837906281,-60.617775152537774,0.22154857064598016,100.15881963916715,100.15906466855793
1748026023.3974636,115.03424264060669,-58.518284379881116,0.4278500006684308,35.29087318112004,2.1199191347389315,0.2098020821838507,0.0014636516571044922,79.74336945948664,-60.638203514620045,0.2180479184845801,100.17982181174344,100.18005910922304
1748026023.5599935,115.05232362756664,-58.540751974143824,0.422422666512,35.290875473800384,1.6959550207242065,0.1960998172157467,0.001201629638671875,79.76144815376625,-60.23670699486803,0.2263228492962533,99.95173575867267,99.95199199217411
1748026023.6744516,115.07102097614472,-58.563383855351525,0.41523916360239577,35.290875565443976,1.695955025228633,0.2127013795799009,0.0014653205871582031,79.78014541070075,-60.25933888058016,0.20253778402249487,99.98029567908446,99.98050082706683
1748026023.7996671,115.08601606477907,-58.58215008892872,0.4098303188766008,35.290875565443976,1.695955025228633,0.2127013795799009,0.0008728504180908203,79.7951404993351,-60.278105114157356,0.19712893929669992,100.0035719535159,100.00376624548068
1748026023.9460683,115.099076416132,-58.59554632633725,0.41020003024672524,35.290875655718985,1.6959550295170776,0.2290053960239264,0.0019214153289794922,79.808200760413,-60.29150135585433,0.18119463422279886,100.02206778685077,100.02223190797555
1748026024.0602727,115.10983817810603,-58.60673475284457,0.41277082244582586,35.290875655718985,1.6959550295170776,0.2290053960239264,0.0027647018432617188,79.81896252238704,-60.30268978236165,0.18376542642189947,100.0373988723116,100.03756765770507
1748026024.2034905,115.11344777612828,-58.614994623650965,0.41589145176905673,35.29087572867561,1.6959550330966522,0.2422042477018281,0.0020265579223632812,79.82257204745267,-60.31094965674762,0.17368720406722862,100.04525804239559,100.04540881027162
1748026024.3355572,115.12256113823173,-58.62655374860986,0.4156176220976239,35.29087572867561,1.6959550330966522,0.2422042477018281,0.0014767646789550781,79.83168540955612,-60.32250878170651,0.17341337439579577,100.05949760542171,100.05964787689297
1748026024.501678,115.13288366632821,-58.64118933295057,0.4132635886943655,35.29087572867561,1.6959550330966522,0.2422042477018281,0.0007169246673583984,79.8420079376526,-60.33714436604722,0.17105934099253742,100.07655680410573,100.07670299856777
1748026024.5885563,115.14454065638603,-58.65485471394219,0.41052948074258067,35.2908787069317,1.271990940854302,0.3526016864480884,0.0008366107940673828,79.85366194945433,-59.926845654796495,0.05792779429449224,99.83904124575483,99.8390580509496
1748026024.7233715,115.15427005060872,-58.6652816970608,0.41116687637669613,35.2908787069317,1.271990940854302,0.3526016864480884,0.003011941909790039,79.86339134367702,-59.9372726379151,0.05856518992860771,99.85308171601451,99.85309889065307
1748026024.883342,115.17023633525758,-58.680599333763546,0.4138026057779577,35.290879047538546,1.2719909533294729,0.4143006001974181,0.0033996105194091797,79.87935728771905,-59.95259028709302,-0.0004979944194604125,99.87504594657824,99.87504594781979
1748026024.9965775,115.19544161396004,-58.70269984965514,0.4199620705390653,35.290879047538546,1.2719909533294729,0.4143006001974181,0.0006122589111328125,79.9045625664215,-59.97469080298461,0.005661470341647212,99.90847139179328,99.90847155220133
1748026025.1554444,115.22241029181669,-58.72643109860211,0.42803085475614233,35.290879226618955,1.271990959928842,0.446702638138199,0.003478527069091797,79.93153106519773,-59.998422058530956,-0.01867178338205666,99.94428601946328,99.94428776361248
1748026025.280019,115.24929686262533,-58.74813945145089,0.43737830647107767,35.290879073460204,1.271990954894901,0.4190003070235836,0.00092315673828125,79.95841778916513,-60.02013040634579,0.018377999447494076,99.97882090393661,99.97882259304866
1748026025.4186015,115.27807186979919,-58.76209126951493,0.44060300975929667,35.290879073460204,1.271990954894901,0.4190003070235836,0.002334117889404297,79.98719279633899,-60.034082224409836,0.021602702735713075,100.01020967864184,100.01021201178743
1748026025.5365367,115.30199239392408,-58.765431400286495,0.4374272982879116,35.2908788504086,1.2719909464695027,0.3786026631521866,0.01435089111328125,80.01111354351548,-60.037422346755996,0.058824635135725,100.03134694942422,100.03136424568937
1748026025.6881883,115.32198880713452,-58.75877099709262,0.42807853926834716,35.2908788504086,1.2719909464695027,0.3786026631521866,0.0042781829833984375,80.03110995672591,-60.03076194356212,0.049475876116160555,100.04334530807225,100.04335754208022
1748026025.7927065,115.3361579159199,-58.74206798021759,0.4157489992515834,35.29087871135905,1.2719909412305566,0.3534027726265479,0.0010330677032470703,80.04527920456084,-60.01405892144815,0.06234622662503547,100.04465998324524,100.04467940982731
1748026025.965817,115.34790180423494,-58.71839885031485,0.40383731001449974,35.29087859542383,1.2719909372927174,0.3324066789656222,0.004653215408325195,80.0570232088111,-59.99038978760757,0.07143063104887754,100.03986121504373,100.03988671655053
1748026026.0551782,115.36194124489134,-58.691709774782076,0.39115576434964894,35.29087859542383,1.2719909372927174,0.3324066789656222,0.0016388893127441406,80.0710626494675,-59.9637007120748,0.058749085384026734,100.03509622578582,100.03511347700498
1748026026.2133136,115.3748906133826,-58.66811585722473,0.37944482752535935,35.88902894831343,1.2719943022937337,0.3089963645322983,0.0013599395751953125,79.48586166506917,-59.94011015951846,0.07044846299306107,99.55309643890399,99.55312136522721
1748026026.3350065,115.38900353427755,-58.64669049374225,0.36818413992691923,35.88902894831343,1.2719943022937337,0.3089963645322983,0.0005750656127929688,79.49997458596411,-59.91868479603598,0.059187775394620945,99.55146782873497,99.5514854236159
1748026026.4995573,115.40719170105706,-58.629113147662984,0.3596946211011006,35.88902887525235,1.2719943003516794,0.2960035055184696,0.0002086162567138672,79.51816282580471,-59.90110744801466,0.06369111558263102,99.5554161896267,99.55543656299234
1748026026.5749424,115.4262030989521,-58.61251702090049,0.3578252340806154,35.88902887525235,1.2719943003516794,0.2960035055184696,0.001093149185180664,79.53717422369975,-59.88451132125217,0.061821728562145795,99.56061861838921,99.56063781235268
1748026026.772354,115.44674218282154,-58.59575476857503,0.35964701347155337,35.88902873995849,1.2719942953634211,0.2719022487387952,0.002491474151611328,79.55771344286305,-59.86774906393845,0.08774476473275816,99.56694806128897,99.56698672443167
1748026026.8608968,115.46961202543332,-58.57723432423551,0.3652178675176575,35.88902873995849,1.2719942953634211,0.2719022487387952,0.0013794898986816406,79.58058328547483,-59.84922861959893,0.0933156187788623,99.57409001551265,99.5741337407568
1748026027.015235,115.49309020123997,-58.558016600770536,0.37430806907437697,35.88902865899944,1.2719942921795977,0.2574979517469056,5.14984130859375e-05,79.60406154224052,-59.830010892950135,0.11681011732747137,99.58130757060457,99.58137608044417
1748026027.1575348,115.51263874192102,-58.540355144353605,0.3849832220449779,35.88902850618747,1.271994286460407,0.2302991604169222,0.0012738704681396484,79.62361023573355,-59.81234943081401,0.15468406162805573,99.5863266287386,99.58644676141795
1748026027.2841334,115.53414060331977,-58.516797289475214,0.397972220757827,35.88902850618747,1.271994286460407,0.2302991604169222,0.004006624221801758,79.6451120971323,-59.78879157593562,0.16767306034090482,99.58937432816535,99.58951547894289
1748026027.4144435,115.5551382058714,-58.487837730758336,0.40901038250868627,35.88902825512891,1.2719942781229052,0.1855985375726014,0.001039266586303711,79.66610995074248,-59.75983200888124,0.22341184493608487,99.58878750348102,99.5890380979049
1748026027.5519814,115.57125245516835,-58.45710652433453,0.41505920954042264,35.88902825512891,1.2719942781229052,0.1855985375726014,0.0032596588134765625,79.68222420003943,-59.72910080245743,0.22946067196782124,99.58324324973289,99.58350761213148
1748026027.6584876,115.58309785453719,-58.41915188969917,0.41164459472253934,35.88902825512891,1.2719942781229052,0.1855985375726014,0.0008738040924072266,79.69406959940827,-59.691146167822076,0.22604605714993795,99.56996364438238,99.57022023157116
1748026027.7991035,115.59296392389456,-58.38257832688628,0.40690993832964306,35.88902825512891,1.2719942781229052,0.1855985375726014,2.4557113647460938e-05,79.70393566876564,-59.654572605009186,0.22131140075704167,99.55594102702783,99.55618701272739
1748026027.9348233,115.6004257700829,-58.35263108418328,0.4033387643381898,35.88902788549331,1.2719942648343985,0.1198026387148505,0.0017867088317871094,79.71139788458959,-59.62462534901768,0.2835361256233393,99.54397470829701,99.54437851260415
1748026028.1015415,115.61001521441949,-58.326741042264466,0.40317029575426266,35.88902800947528,1.2719942689266974,0.1418973662168837,0.00012087821960449219,79.72098720494421,-59.59873531119116,0.26127292953737896,99.53614947155782,99.53649237926767
1748026028.20175,115.62451971360582,-58.30010502692635,0.4054244791676236,35.88902800947528,1.2719942689266974,0.1418973662168837,0.00033545494079589844,79.73549170413054,-59.57209929585305,0.2635271129507399,99.53182230731258,99.53217117271032
1748026028.3664474,115.63824997092524,-58.27729182039868,0.4097892047731152,35.88902810451769,1.2719942726233706,0.1587964742036744,0.0011794567108154297,79.74922186640755,-59.549286093022054,0.2509927305694408,99.52917091228122,99.52948738859698
1748026028.4983878,115.64628594334476,-58.25083263857305,0.41495130234463096,35.88902810451769,1.2719942726233706,0.1587964742036744,8.654594421386719e-05,79.75725783882707,-59.522826911196425,0.2561548281409566,99.51978246293243,99.52011212194935
1748026028.6349764,115.65058785995774,-58.21666648160001,0.42564629219309646,35.88902805400365,1.271994271150526,0.1498014185939519,0.003859281539916992,79.76155980595408,-59.48866075275053,0.27584487359914456,99.50279986429845,99.50318221659508
1748026028.748279,115.65240464057797,-58.17455128581968,0.43493121005753166,35.8890280165854,1.2719942694054085,0.1431028093565972,0.002125263214111328,79.76337662399257,-59.44654555522509,0.29182840070093446,99.47908337389492,99.47951142182893
1748026028.870921,115.64902330998302,-58.13146066357472,0.44449289728725605,35.8890280165854,1.2719942694054085,0.1431028093565972,0.0015370845794677734,79.75999529339762,-59.40345493298013,0.30139008793065886,99.45062748508634,99.4510841728863
1748026029.0261538,115.64536124064591,-58.08698593215848,0.4504236877477934,35.88902801193247,1.271994269070148,0.1423017231376069,0.0015838146209716797,79.75633322871344,-59.358980201228626,0.3081219646101865,99.42113065450137,99.4216081129475
1748026029.1788568,115.64148978458127,-58.044120561368025,0.45211300683781175,35.88902801193247,1.271994269070148,0.1423017231376069,0.002964019775390625,79.7524617726488,-59.316114830438174,0.30981128370020483,99.39243752607909,99.39292037367171
1748026029.3079765,115.63642948435881,-58.003670966957735,0.4535056541235626,35.88902801193247,1.271994269070148,0.1423017231376069,0.0015797615051269531,79.74740147242635,-59.27566523602788,0.31120393098595567,99.36424171087903,99.36472904740722
1748026029.4074135,115.6302935081942,-57.96899271546234,0.4518616188413339,36.487176266500754,1.6959618138781618,0.1836953307329026,0.0019731521606445312,79.14311724169345,-59.664954529340505,0.26816628810843135,99.11377202851632,99.11413480870819
1748026029.557511,115.62477131629976,-57.9360908035384,0.45279299273859774,36.487176266500754,1.6959618138781618,0.1836953307329026,0.0009865760803222656,79.137595049799,-59.63205261741656,0.2690976620056952,99.08955873164594,99.08992412543269
1748026029.7318864,115.62192222658837,-57.914184082045686,0.45446993476321396,36.48717673807225,1.695961836117889,0.2662987857703446,0.002345561981201172,79.13474548851612,-59.610145918163575,0.18817114899286935,99.07410075250229,99.07427944879684
1748026029.8005705,115.62034194012625,-57.89038724123002,0.45889796431813623,36.48717673807225,1.695961836117889,0.2662987857703446,0.0012738704681396484,79.133165202054,-59.58634907734791,0.19259917854779163,99.05852225459014,99.05870948940688
1748026029.951975,115.62119916151812,-57.87397570084746,0.4626628074452208,36.48717445601504,2.1199259601103333,0.2954963513613222,4.100799560546875e-05,79.13402470550308,-59.993901660957796,0.16716645608389863,99.30489465578142,99.3050353568231
1748026030.1345778,115.62018336612164,-57.858737397612565,0.46279624188808144,36.48717459013496,2.1199259677724065,0.3189948869650372,0.00040459632873535156,79.13300877598667,-59.978663365384975,0.14380135492304424,99.29487971209068,99.29498384041479
1748026030.207129,115.61847002624222,-57.838906118317276,0.4591358590262282,36.48717459013496,2.1199259677724065,0.3189948869650372,0.0012960433959960938,79.13129543610725,-59.958832086089686,0.14014097206119103,99.28153636263082,99.28163527066037
1748026030.3175094,115.61594070221918,-57.81385812413401,0.4535289361928794,36.48717459013496,2.1199259677724065,0.3189948869650372,0.00121307373046875,79.12876611208421,-59.93378409190642,0.13453404922784218,99.26439493592947,99.26448610357373
1748026030.4990633,115.6171413473146,-57.7858035269611,0.446486512467713,36.48717471581704,2.1199259754150623,0.3409980604158931,0.0006551742553710938,79.12996663149755,-59.90572950237616,0.10548845205181989,99.24841583780457,99.24847189819748
1748026030.618858,115.62235842116701,-57.76648527207001,0.442760891858095,36.48717471581704,2.1199259754150623,0.3409980604158931,0.0008640289306640625,79.13518370534996,-59.88641124748507,0.10176283144220188,99.24091672381101,99.24096889821388
1748026030.7380168,115.63392997303094,-57.76002103220957,0.4398913806948088,36.48717471581704,2.1199259754150623,0.3409980604158931,0.0010478496551513672,79.1467552572139,-59.87994700762464,0.09889332027891573,99.24624386535366,99.2462931361673
1748026030.8611562,115.65182660871608,-57.75855597756935,0.4342878545972497,36.487174866096495,2.1199259843025744,0.3672965826376354,0.0016028881072998047,79.16465174261958,-59.87848196187193,0.0669912719596143,99.25963271939133,99.25965532591266
1748026031.0520525,115.67138505537832,-57.76026472692981,0.429694965759829,36.48717489450964,2.1199259858511748,0.372293836923796,0.0009305477142333984,79.18421016086867,-59.88019071278099,0.057401128836033044,99.2762629161656,99.27627951071308
1748026031.1381588,115.69215821900002,-57.76141668642253,0.42268863138241153,36.48717489450964,2.1199259858511748,0.372293836923796,0.0011289119720458984,79.20498332449037,-59.8813426722737,0.050394794458615555,99.29352740066729,99.29354018919042
1748026031.256618,115.71254416978542,-57.7586613572225,0.41779116610289246,36.48717495625031,2.119925989235276,0.3830970593375606,0.0007259845733642578,79.22536921353512,-59.87858734645778,0.034694106765331856,99.30812831600609,99.30813437634087
1748026031.4644852,115.73640836378053,-57.75906835878822,0.4163764451543238,36.48717495625031,2.119925989235276,0.3830970593375606,0.0006747245788574219,79.24923340753023,-59.8789943480235,0.03327938581676321,99.32741293224059,99.32741850732533
1748026031.5430262,115.76249508132275,-57.75394804847249,0.41736463328623785,36.48717487112543,2.119925984040852,0.3681968514914335,0.003056764602661133,79.27532021019732,-59.87387403251334,0.049167781794804355,99.34514173370833,99.34515390073823
1748026031.718717,115.78865206172748,-57.74849393076297,0.4172488469621817,36.48717487112543,2.119925984040852,0.3681968514914335,0.0007793903350830078,79.30147719060204,-59.86841991480382,0.04905199547074818,99.3627293692502,99.36274147689926
1748026031.8243802,115.81371148547407,-57.7371376370267,0.41595914115415356,36.4871747613723,2.119925977636782,0.3489936659552848,0.0009751319885253906,79.32653672410177,-59.85706361466348,0.06696547519886875,99.37588989895958,99.3759124616474
1748026031.9417038,115.83477269247703,-57.71490286165132,0.40905444840993244,36.4871747613723,2.119925977636782,0.3489936659552848,0.0025634765625,79.34759793110473,-59.8348288392881,0.06006078245464763,99.37931394240533,99.37933209154077
1748026032.0621283,115.85344541915345,-57.68321460963275,0.4028336261106127,36.48717468173252,2.1199259734360894,0.3349937270313458,0.0006039142608642578,79.36627073742093,-59.80314058306884,0.06783989907926691,99.37515058788033,99.37517374382698
1748026032.2078896,115.87107332117341,-57.649663414967186,0.39453470239579636,36.487174652487205,2.1199259718838164,0.3298972907042583,0.0003662109375,79.38389866868621,-59.769589386851,0.06463741169153808,99.36904539801624,99.36906642063214
1748026032.34716,115.8896234116217,-57.614333642854426,0.38873313447582714,36.487174652487205,2.1199259718838164,0.3298972907042583,0.0011072158813476562,79.4024487591345,-59.73425961473824,0.05883584377156886,99.36262194944298,99.36263936875086
1748026032.4850252,115.91195563274596,-57.58769744207208,0.3840800004176278,36.48717455362912,2.119925965642616,0.312593824241691,0.001065969467163086,79.42478107911684,-59.70762340771469,0.07148617617593678,99.3644611642569,99.36448687904799
1748026032.6368225,115.9389758555252,-57.566370771267906,0.37608457200348144,36.48717455362912,2.119925965642616,0.312593824241691,0.0034265518188476562,79.45180130189608,-59.68629673691052,0.06349074776179042,99.37324966147838,99.37326994397218
1748026032.762854,115.96828688782006,-57.55846193975221,0.3679811174940463,37.08532473331686,2.119929436312955,0.2741916378794549,0.03776431083679199,78.88296215450319,-59.67839137606517,0.09378947961459139,98.91426649125793,98.91431095635292
1748026032.9406796,116.00485484404896,-57.5573908736803,0.3617495607760264,37.08532473149711,2.1199294361789587,0.2738940918782638,0.0005047321319580078,78.91953011255185,-59.677320309859255,0.08785546889776258,98.94278544973109,98.94282445501005
1748026033.007803,116.04930117758101,-57.555250958845356,0.35614903454078295,37.08532473149711,2.1199294361789587,0.2738940918782638,0.005530118942260742,78.9639764460839,-59.67518039502431,0.08225494266251915,98.97695050544036,98.97698468448097
1748026033.1496634,116.08923939322455,-57.557539935752054,0.35624635564628127,37.08532473149711,2.1199294361789587,0.2738940918782638,0.0021331310272216797,79.00391466172744,-59.67746937193101,0.08235226376801746,99.01019585131259,99.01023009977618
1748026033.28346,116.13173870786875,-57.55208636966608,0.3558384458743673,37.0853246775534,2.119929432929889,0.2645938590776903,0.001020193099975586,79.04641403031535,-59.672015802595965,0.09124458679667702,99.04082512276085,99.04086715377605
1748026033.4070814,116.17076793539024,-57.54059047692436,0.35709887555970576,37.085324554719605,2.119929426605238,0.2433917721838477,0.0014500617980957031,79.08544338067064,-59.6605199035296,0.11370710337585807,99.06505433237652,99.06511958899596
1748026033.55456,116.20539575150019,-57.527020017267425,0.3607358845961194,37.085324554719605,2.119929426605238,0.2433917721838477,0.003144502639770508,79.12007119678059,-59.646949443872664,0.11734411241227169,99.08453080145019,99.08460028573688
1748026033.6833622,116.2422364493791,-57.51232818899651,0.3643700685861556,37.08532443891575,2.119929419561659,0.2234943116584044,0.0009448528289794922,79.15691201046336,-59.63225760855817,0.14087575692775123,99.10511019380223,99.10521031966267
1748026033.8280702,116.2767756566248,-57.503778534106196,0.3682332961062259,37.08532443891575,2.119929419561659,0.2234943116584044,0.14376306533813477,79.19145121770906,-59.623707953667854,0.14473898444782152,99.12755669394393,99.1276623626558
1748026033.995548,116.3200935376936,-57.495979627149715,0.36940352222404893,37.08532433284308,2.119929413169672,0.2051913933956582,0.009310722351074219,79.23476920485052,-59.61590904031939,0.16421212882839073,99.15747708392728,99.15761305756013
1748026034.134322,116.36110813268522,-57.49383333481503,0.37023557821953557,37.08532423463252,2.119929407372023,0.1882922848667777,0.004657268524169922,79.2757838980527,-59.61376274218705,0.18194329335275786,99.18896420939438,99.18913107944094
1748026034.2462952,116.41027244511406,-57.49269727170488,0.36524688235514424,37.08532423463252,2.119929407372023,0.1882922848667777,0.002163410186767578,79.32494821048154,-59.6126266790769,0.17695459748836653,99.22758017897327,99.22773796224593
1748026034.3766923,116.45057815834116,-57.49962166111737,0.35776999356399997,37.08532429626207,2.1199294111796814,0.1988895138883267,0.0007596015930175781,79.36525386207909,-59.61955107229705,0.15888047967567326,99.26396320243563,99.2640903532658
1748026034.483302,116.4929265718294,-57.50255307091003,0.34897131125007863,37.08532429626207,2.1199294111796814,0.1988895138883267,0.0018820762634277344,79.40760227556733,-59.622482482089715,0.15008179736175192,99.29958568131984,99.2996990983743
1748026034.6123435,116.53531484461439,-57.50999873079473,0.3420742315209243,37.08532447265857,2.119929420667742,0.2292926516228774,0.001583099365234375,79.44999037195582,-59.62992815146247,0.11278157989804691,99.33795498928116,99.33801901154067
1748026034.7953136,116.5743369842703,-57.511441247139395,0.3411281471970101,37.08532447265857,2.119929420667742,0.2292926516228774,0.0003948211669921875,79.48901251161173,-59.63137066780714,0.11183549557413272,99.37003309747148,99.37009602979484
1748026034.9038267,116.62417987186575,-57.504462828009274,0.3419232407941716,37.68347504963651,2.1199329715759374,0.2601881994277418,0.0006945133209228516,78.94070482222924,-59.62439579958521,0.08173504136642978,98.92776886342844,98.9278026285478
1748026035.0112302,116.66272023534174,-57.49760259647996,0.34433693037398116,37.68347504963651,2.1199329715759374,0.2601881994277418,0.0010709762573242188,78.97924518570522,-59.61753556805589,0.08414873094623937,98.95439210723369,98.95442788638148
1748026035.1750147,116.7055712962698,-57.48886043015971,0.34762083753313333,37.68347514579165,2.119932976846485,0.276492214900745,0.0012366771697998047,79.02209615047815,-59.608793407006196,0.07112862263238834,98.98333158393164,98.98335714015522
1748026035.3099148,116.74925330839307,-57.47998155072974,0.3504461914077972,37.68347530508526,2.119932986460181,0.3034926422200871,0.0017216205596923828,79.0657780033078,-59.59991453718992,0.04695354918771011,99.01286312448849,99.01287425756549
1748026035.4332232,116.79326796736427,-57.47095865485502,0.35357465315172354,37.68347530508526,2.119932986460181,0.3034926422200871,0.001142263412475586,79.109792662279,-59.590891641315196,0.050082010931636445,99.04258509184695,99.04259775411569
1748026035.557305,116.83932600039321,-57.46723732694192,0.35569672546868913,37.6834780854905,1.6959688803630375,0.3460876786985964,0.0018296241760253906,79.15584791490272,-59.16320620730496,0.009609046770092722,98.8227363912541,98.8227368584228
1748026035.6950665,116.89184595246036,-57.46783707576892,0.3592881412778627,37.6834780854905,1.6959688803630375,0.3460876786985964,0.009182453155517578,79.20836786696987,-59.16380595613196,0.01320046257926627,98.8651681602983,98.8651690415602
1748026035.8401997,116.94576420012362,-57.476956644530496,0.362368547791994,37.68347838623882,1.695968893690526,0.3970901820131404,0.0012366771697998047,79.2622858138848,-59.17292553822102,-0.03472163422114638,98.9138264814066,98.9138325755589
1748026035.974784,117.02168856055079,-57.48673112767107,0.3665220945409067,37.68347838623882,1.695968893690526,0.3970901820131404,0.0017812252044677734,79.33821017431197,-59.1827000213616,-0.030568087472233718,98.98052119221121,98.98052591237199
1748026036.099482,117.07569565937979,-57.50675604743426,0.36900912922579754,37.68347838623882,1.695968893690526,0.3970901820131404,0.0024328231811523438,79.39221727314097,-59.202724941124785,-0.028081052787342853,99.03578547171776,99.03578945283178
1748026036.2105532,117.15747769313333,-57.522170650473775,0.37712046916138176,37.683479122942245,1.6959689276801146,0.5219909994889992,0.0017781257629394531,79.47399857019109,-59.21813957815389,-0.14487053032761743,99.11056706442785,99.11067294344747
1748026036.3409488,117.24164332799143,-57.535511993104244,0.38828602766138065,37.683479122942245,1.6959689276801146,0.5219909994889992,0.00013494491577148438,79.55816420504918,-59.23148092078436,-0.13370497182761854,99.18603643531084,99.18612655390018
1748026036.489817,117.3245049289277,-57.548552960188424,0.4060989588947921,37.68347946213064,1.6959689423443585,0.5794861168518552,0.003988981246948242,79.64102546679706,-59.24452190253278,-0.17338715795706316,99.26029575244426,99.26044718803784
1748026036.615482,117.41425536952056,-57.56292445236786,0.4271770394739254,37.68347946213064,1.6959689423443585,0.5794861168518552,0.0058405399322509766,79.73077590738993,-59.25889339471222,-0.15230907737792987,99.34089325731019,99.34101001708886
1748026036.7840478,117.50921883540741,-57.579502102319644,0.45355015367338924,38.281630121080994,1.6959725482013337,0.6113886885421557,0.0008766651153564453,79.22758871432642,-59.27547465052098,-0.15783853486876642,98.9474239610664,98.94754985109084
1748026036.8799834,117.6167579289177,-57.598197614464276,0.48027905089658784,38.281630121080994,1.6959725482013337,0.6113886885421557,0.0017049312591552734,79.33512780783671,-59.29417016266561,-0.13110963764556782,99.04474301831941,99.04482979591623
1748026037.026608,117.71690852531242,-57.61679054730683,0.4991420961563081,38.281630150847626,1.695972548849176,0.61638594240923,0.00049591064453125,79.43527837446479,-59.312763096156004,-0.11724384625292184,99.1361050098774,99.13617433938494
1748026037.1882117,117.84280087424878,-57.63271236598941,0.5140202989353481,38.28163032517698,1.69597255618992,0.6454844526802482,0.0035800933837890625,79.5611705490718,-59.328684922179335,-0.13146415374490017,99.24652494537891,99.24661201551133
1748026037.2994432,117.96116949012082,-57.64552961924635,0.5252708850687281,38.28163032517698,1.69597255618992,0.6454844526802482,0.002629518508911133,79.67953916494385,-59.341502175436275,-0.12021356761152013,99.3490958286744,99.349168558559
1748026037.4446094,118.07299294890237,-57.65391199462348,0.5322339871118106,38.87978118415949,1.6959762262359883,0.7087819271571659,0.0021677017211914062,79.19321176474287,-59.34988822085947,-0.17654794004535534,98.96450889810913,98.96466637451498
1748026037.5696745,118.20185834130132,-57.659853937699175,0.5476001087045045,38.87978118415949,1.6959762262359883,0.7087819271571659,0.0017147064208984375,79.32207715714182,-59.35583016393517,-0.16118181845266144,99.07121932717632,99.07135044275957
1748026037.707617,118.31093441184834,-57.662207930650105,0.5671381048906202,38.87978165154852,1.695976246841068,0.785579412558736,0.0007092952728271484,79.43115276029982,-59.358184177491175,-0.21844130766811576,99.15998213835584,99.16022274220619
1748026037.814743,118.45450374256609,-57.657741695771044,0.6004414320779622,38.87978165154852,1.695976246841068,0.785579412558736,0.0021190643310546875,79.57472209101758,-59.353717942612114,-0.1851379804807738,99.27235380242496,99.27252643881717
1748026037.9980078,118.59380603141994,-57.65116324826521,0.635827958483613,39.47793264703755,1.695979978301131,0.8678816527837588,0.0013492107391357422,79.1158733843824,-59.347143226566345,-0.23205369430014589,98.90098498259867,98.90125721872924
1748026038.098389,118.73662483448174,-57.640839564437606,0.6771045098107042,39.47793264703755,1.695979978301131,0.8678816527837588,0.00479888916015625,79.2586921874442,-59.33681954273874,-0.1907771429730546,99.00908261726077,99.00926641799671
1748026038.212762,118.8872038795813,-57.62500016137613,0.7131471710003361,39.47793260759414,1.6959799766764083,0.8614805908707224,0.001596689224243164,79.40927127198717,-59.32098013805253,-0.14833341987038628,99.12018486911366,99.12029585958024
1748026038.376275,119.04468277708742,-57.60739131361972,0.745413777157288,39.47793260797515,1.695979976762067,0.8615797728305886,0.003227710723876953,79.56675016911227,-59.30337129038179,-0.11616599567330066,99.23586840895184,99.23593640117151
1748026038.4739816,119.18959561625104,-57.59252574240511,0.778031925812821,39.47793260797515,1.695979976762067,0.8615797728305886,0.0016438961029052734,79.71166300827589,-59.288505719167176,-0.08354784701776763,99.34322387539403,99.3432590073398
1748026038.6223495,119.3503242149888,-57.57055772453145,0.8112653465709808,40.07608595683553,1.27201959395554,0.8878746707447625,0.0001220703125,79.27423825815328,-58.84257731848699,-0.07660932417378163,98.72615538393345,98.72618510750388
1748026038.7618628,119.5186161020614,-57.548084506793764,0.8429786664298806,40.07608595683553,1.27201959395554,0.8878746707447625,0.0017914772033691406,79.44253014522587,-58.820104100749305,-0.04489600431488183,98.84796529164426,98.84797548735791
1748026038.8931506,119.68226094571014,-57.525493796001335,0.8755001529306081,40.07608626739725,1.272019603379257,0.937374182933614,0.0010027885437011719,79.6061746783129,-58.79751339938059,-0.06187403000300584,98.96610848600851,98.96612782795937
1748026039.040844,119.84445410796928,-57.499597753548635,0.9082384755333708,40.07608626739725,1.272019603379257,0.937374182933614,0.00032329559326171875,79.76836784057204,-58.77161735692789,-0.029135707400243183,99.08125713119487,99.08126141499916
1748026039.1369252,120.0152552007138,-57.467466149766516,0.9499321110163124,40.67423796457639,1.2720234633199998,1.118972881344725,0.0023393630981445312,79.3410172361374,-58.73948961308651,-0.1690407703284127,98.7184109276023,98.71855565623406
1748026039.2843091,120.19473904040609,-57.43478527315707,0.9957306810874238,40.67423796457639,1.2720234633199998,1.118972881344725,0.0007989406585693359,79.5205010758297,-58.706808736477065,-0.12324220025730126,98.84330773184563,98.84338456372411
1748026039.4270053,120.37800150428654,-57.40202533013893,1.0417396836311295,40.67423872915672,1.2720234866976672,1.239074809726523,0.0016930103302001953,79.70376277512983,-58.6740488168366,-0.1973351260953935,98.97137871665069,98.97157544581519
1748026039.5562985,120.55769723787205,-57.37037464102513,1.0961814514409531,41.272389997924776,1.272027389518831,1.3472710466122628,0.0012667179107666016,79.28530723994727,-58.64240203054396,-0.2510895951713097,98.61587732228914,98.6161969761032
1748026039.6624062,120.75732818635464,-57.33130494584065,1.154420184077897,41.272389997924776,1.272027389518831,1.3472710466122628,8.058547973632812e-05,79.48493818842987,-58.60333233535948,-0.1928508625343659,98.75325796968475,98.75344627445811
1748026039.8234632,120.96271700392776,-57.2919605481648,1.2213392092404942,41.27239068778315,1.272027409512437,1.4540673121939722,0.00010991096496582031,79.69032631614462,-58.56398795767724,-0.232728102953478,98.89534262987604,98.89561646630492
1748026039.9687798,121.13884553560439,-57.26580111240113,1.2868237210625477,41.27239068778315,1.272027409512437,1.4540673121939722,0.0057103633880615234,79.86645484782125,-58.53782852191357,-0.1672435911314245,99.0218560622857,99.02199729574637
1748026040.0876207,121.37341724433196,-57.22833836061056,1.3708332937477719,41.27239068778315,1.272027409512437,1.4540673121939722,0.0031168460845947266,80.10102655654882,-58.500365770123,-0.08323401844620038,99.18904803783086,99.18908296054029
1748026040.2219326,121.58872641022054,-57.201492110969404,1.4548971494439815,41.870545311022646,0.8480671761824106,1.6407624027709184,0.0011310577392578125,79.71818109919789,-58.049559287151816,-0.18586525332693693,98.61409499253676,98.61427014935242
1748026040.3456376,121.77760266984774,-57.186146966056604,1.5294472907008332,41.870545311022646,0.8480671761824106,1.6407624027709184,0.0023708343505859375,79.90705735882509,-58.034214142239016,-0.11131511207008526,98.75782412980664,98.75788686433096
1748026040.5008154,121.99892815405178,-57.15845644774259,1.6072923265697223,42.46869711959963,0.8480711925562217,1.815456330790666,0.004613399505615234,79.53023103445216,-58.006527640298806,-0.2081640042209436,98.43685741264848,98.43707751417014
1748026040.6033134,122.22242414603267,-57.125627971021935,1.6807589234925464,42.46869711959963,0.8480711925562217,1.815456330790666,0.002999544143676758,79.75372702643304,-57.973699163578154,-0.13469740729811952,98.59820875307958,98.59830075973618
1748026040.744329,122.44268940726823,-57.08563357444543,1.745927989193489,43.066851657711744,0.4241110351935238,1.9614560916057908,0.0016741752624511719,79.3758377495565,-57.50974460963896,-0.21552810241230191,98.01986708575878,98.02010403928749
1748026040.852912,122.65814790996865,-57.03899152331538,1.808626306012263,43.066851657711744,0.4241110351935238,1.9614560916057908,0.0011162757873535156,79.59129625225691,-57.46310255850891,-0.1528297855935279,98.16711564859303,98.1672346137325
1748026041.0026944,122.8904062701746,-56.99463854707627,1.8834347425354703,43.06685282926622,0.4241110462699713,2.135253699348836,0.002121448516845703,79.82355344090837,-57.41874959334624,-0.2518189568133655,98.32961145452043,98.32993390409639
1748026041.1199095,123.11776142679724,-56.954157941165754,1.958921276342679,43.06685282926622,0.4241110462699713,2.135253699348836,0.00015497207641601562,80.05090859753102,-57.378268987435725,-0.1763324230061567,98.49067833701214,98.49083618493752
1748026041.3236196,123.36483526369506,-56.90992147255567,2.040414571343206,43.6650074463895,0.0001509138484811,2.2746539515793947,0.0020287036895751953,79.69982781730556,-56.91007238640415,-0.23423938023618884,97.93272636424412,97.93300649536481
1748026041.4621403,123.62663138934249,-56.85637260865425,2.1280471508610543,44.26315898324077,0.0001550767527913,2.3828499077422807,0.0013546943664550781,79.36347240610172,-56.85652768540704,-0.25480275688122633,97.62799543571262,97.6283279445082
1748026041.6117115,123.8964960548559,-56.8007043769121,2.216990225635537,44.26315898324077,0.0001550767527913,2.3828499077422807,0.0031280517578125,79.63333707161513,-56.80085945366489,-0.16585968210674373,97.81516246388627,97.81530308326307
1748026041.730187,124.16007625778389,-56.748030014570126,2.300995367203214,44.86131082613205,0.0001592959682901,2.5318401820609084,0.0019211769104003906,79.29876543165184,-56.748189310538415,-0.23084481485769448,97.51231301230038,97.51258625601822
1748026041.8333046,124.42739062038885,-56.694783114923915,2.38034366030456,44.86131082613205,0.0001592959682901,2.5318401820609084,0.0011477470397949219,79.56607979425681,-56.6949424108922,-0.15149652175634865,97.69891273090211,97.69903018964175
1748026041.943592,124.71389980630056,-56.638112143577096,2.4651013959129138,44.86131082613205,0.0001592959682901,2.5318401820609084,0.0012521743774414062,79.85258898016852,-56.638271439545385,-0.06673878614799467,97.89959018553323,97.89961293366247
1748026042.1028605,124.9918455230607,-56.58404007406772,2.546209364053845,45.45946535146869,-0.4238006990886753,2.625036622635834,0.003592967987060547,79.53238017159202,-56.16023937497905,-0.07882725858198913,97.36206644486133,97.3620983553163
1748026042.2126324,125.21193717501865,-56.5513212118665,2.6117391974398387,45.45946535146869,-0.4238006990886753,2.625036622635834,0.003426074981689453,79.75247182354997,-56.12752051277783,-0.013297425195995416,97.52310147282246,97.52310237938467
1748026042.352202,125.52457314804587,-56.49080267750079,2.7014350505752693,45.459466185459945,-0.4238007070182605,2.742239381974812,0.0008096694946289062,80.06510696258593,-56.06700197048253,-0.04080433139954254,97.74420731116713,97.74421582826207
1748026042.4678338,125.8102224032869,-56.436093618422056,2.776500495987185,46.65577003241624,-0.4237920036621191,3.0305303189627084,0.00025773048400878906,79.15445237087066,-56.012301614759934,-0.25402982297552335,96.96806310489691,96.96839584867963
1748026042.6097443,126.08666776317472,-56.38750449929193,2.843656138666927,46.65577003241624,-0.4237920036621191,3.0305303189627084,0.0008456707000732422,79.43089773075847,-55.96371249562981,-0.1868741802957814,97.16586144633166,97.1660411489888
1748026042.723791,126.35421156021272,-56.341989917734246,2.9093567238735014,47.25392198601482,-0.423787567508908,3.173325300387272,0.0003600120544433594,79.1002895741979,-55.918202350225336,-0.2639685765137707,96.86950585608821,96.86986551147935
1748026042.8673224,126.65822919603028,-56.28464214760765,2.979226085259675,47.25392198601482,-0.423787567508908,3.173325300387272,0.0011363029479980469,79.40430721001546,-55.86085458009874,-0.1940992151275971,97.08490654021072,97.08510056865968
1748026043.0119555,126.97474797343597,-56.224415859531454,3.0508131244592493,47.25392291665886,-0.4237875753931087,3.2991263859497324,0.0012362003326416016,79.7208250567771,-55.80062828413835,-0.24831326149048305,97.30940378317935,97.30972060443742
1748026043.1274264,127.25662462941506,-56.17611607953997,3.1138085521990955,47.25392291665886,-0.4237875753931087,3.2991263859497324,0.0013287067413330078,80.00270171275619,-55.75232850414687,-0.18531783375063693,97.51284230794705,97.51301840100149
1748026043.271584,127.59683604730725,-56.1107202916674,3.1864393067429875,47.85207763990786,-0.8477473973807156,3.377719915217717,0.0027701854705810547,79.74475840739939,-55.26297289428668,-0.1912806084747296,97.02176388094148,97.02195243778769
1748026043.4324706,127.89197896076632,-56.05573853846362,3.242574923261931,47.85207763990786,-0.8477473973807156,3.377719915217717,0.0012357234954833984,80.03990132085846,-55.20799114108291,-0.1351449919557859,97.2332663715801,97.23336029087703
1748026043.566196,128.18648579766295,-55.99190581203637,3.291978498569044,49.04838022183282,-0.8477382328805302,3.461214565690524,0.0024781227111816406,79.13810557583014,-55.14416757915584,-0.1692360671214801,96.45578765491089,96.4559361209857
1748026043.6853957,128.44762972099073,-55.92989303203219,3.329018213164616,49.04838022183282,-0.8477382328805302,3.461214565690524,0.0021445751190185547,79.39924949915792,-55.08215479915166,-0.132196352525908,96.6348001412909,96.63489056351675
1748026043.8242128,128.7275616555761,-55.84917651425831,3.365758599260052,49.64653162451776,-0.847733568023549,3.5158058931901897,0.0007262229919433594,79.08103003105833,-55.00144294623476,-0.15004729393013783,96.32740023970888,96.32751710249508
1748026043.938023,129.03708523624323,-55.74557605763348,3.406632208134314,49.64653162451776,-0.847733568023549,3.5158058931901897,0.0009167194366455078,79.39055361172547,-54.89784248960993,-0.10917368505587577,96.52270775724371,96.5227694986203
1748026044.0945675,129.37858906675933,-55.63071237487181,3.4596330849749974,50.24468714082565,-1.2716931984649,3.6634070428845553,0.019759178161621094,79.13390192593369,-54.35901917640691,-0.20377395790955788,96.00561129352943,96.00582755057209
1748026044.2107406,129.6438834161401,-55.55195380952781,3.4987901148421527,50.24468714082565,-1.2716931984649,3.6634070428845553,0.0029134750366210938,79.39919627531447,-54.28026061106291,-0.16461692804240258,96.17993065692457,96.18007153201653
1748026044.343456,129.95151683312395,-55.47839875650475,3.551039085915486,50.842841953477325,-1.6956527639704708,3.7089954730565777,0.00240325927734375,79.10867487964663,-53.78274599253428,-0.15795638714109161,95.6596372965688,95.65976770791018
1748026044.4666734,130.31327885193457,-55.39853465456874,3.6078822238618424,50.842841953477325,-1.6956527639704708,3.7089954730565777,0.002691030502319336,79.47043689845725,-53.70288189059827,-0.1011132491947353,95.9142839424203,95.91433723941581
1748026044.6303782,130.61398755816572,-55.34981519043037,3.6490113081909823,51.44099316161954,-1.6956479255288062,3.724691979571885,6.175041198730469e-05,79.17299439654619,-53.65416726490157,-0.07568067138090262,95.6406435915483,95.6406735346923
1748026044.7696414,130.93977986766208,-55.291708597542105,3.686908345725318,51.44099316161954,-1.6956479255288062,3.724691979571885,0.0006461143493652344,79.49878670604255,-53.5960606720133,-0.03778363384656691,95.87802045980601,95.87802790469757
1748026044.929018,131.26217517448993,-55.22657677068147,3.720338986382425,52.03914446557486,-1.695643033453837,3.75178674453767,0.0019137859344482422,79.22303070891508,-53.530933737227635,-0.03144775815524481,95.61301930953314,95.61302448122143
1748026045.0447388,131.60719362589856,-55.14306562927947,3.7490385525789063,52.03914446557486,-1.695643033453837,3.75178674453767,0.005270242691040039,79.56804916032371,-53.447422595825635,-0.002748191958763524,95.85249829460088,95.85249833399764
1748026045.15934,131.91944212196177,-55.06420204289713,3.769789238945224,52.63730039268555,-2.119602474462325,3.9105875652678495,0.0016870498657226562,79.28214172927622,-52.9445995684348,-0.14079832632262557,95.33513843616606,95.33524240705346
1748026045.2822647,132.26829315748734,-54.957143937423545,3.7921856614365272,52.63730039268555,-2.119602474462325,3.9105875652678495,0.000934600830078125,79.63099276480179,-52.83754146296122,-0.11840190383132221,95.56621158421035,95.56628493129202
1748026045.4180057,132.61691323313153,-54.8446091580925,3.8060840617231815,53.23545612109408,-2.5435618665161117,4.03237810779367,0.0004107952117919922,79.38145711203745,-52.30104729157639,-0.2262940460704881,95.0621653499748,95.06243469436934
1748026045.5440063,132.95563356742798,-54.73451208125527,3.817611966833309,53.23545612109408,-2.5435618665161117,4.03237810779367,0.0043370723724365234,79.7201774463339,-52.19095021473915,-0.21476614096036073,95.28484652027491,95.28508855475576
1748026045.6888795,133.29264165631133,-54.623728683867874,3.8310644322714786,53.833608399449474,-2.5435568488301,4.16127171654318,0.0009119510650634766,79.45903325686186,-52.080171835037774,-0.330207284271701,95.00569595809581,95.00626980011755
1748026045.8139231,133.618077507826,-54.518645066825506,3.8453376685415357,53.833608399449474,-2.5435568488301,4.16127171654318,0.0012860298156738281,79.78446910837653,-51.975088217995406,-0.31593404800164393,95.22064537784804,95.22116949763104
1748026045.9618115,133.93425036299266,-54.42464242391278,3.8626672684374466,54.43176433715685,-2.967516154140684,4.288067002999584,0.0019655227661132812,79.50248602583581,-51.4571262697721,-0.42539973456213787,94.70206506846347,94.70302050708653
1748026046.0981922,134.32097336257,-54.297196363933175,3.881120970500355,54.43176433715685,-2.967516154140684,4.288067002999584,0.0005831718444824219,79.88920902541314,-51.32968020979249,-0.40694603249922956,94.9580001324044,94.9588721195607
1748026046.2107463,134.68129848150477,-54.19413968160938,3.8979045408782405,55.6280717738408,-3.391470184545165,4.424759978844316,0.0014567375183105469,79.05322670766397,-50.802669497064215,-0.5268554379660753,93.96980302693656,93.97127996134653
1748026046.3821518,135.0078002557761,-54.115363487458886,3.9095375374246446,55.6280754674233,-3.815434570734782,4.420159213160953,0.0011608600616455078,79.37972478835279,-50.299928916724106,-0.5106216757363082,93.97458995123165,93.9759772016118
1748026046.4670892,135.42425997167135,-54.02024943936308,3.918623589784115,55.6280754674233,-3.815434570734782,4.420159213160953,0.0009799003601074219,79.79618450424805,-50.2048148686283,-0.5015356233768378,94.27594866894333,94.27728271121708
1748026046.6664636,135.77945347240797,-53.97327052847955,3.921673863072014,56.22622661150066,-3.815429260878609,4.39685380639042,0.0005528926849365234,79.5532268609073,-50.15784126760094,-0.4751799433184063,94.04533451803356,94.04653497384881
1748026046.7764702,136.14032489009173,-53.93715886771661,3.922312589395144,56.22622661150066,-3.815429260878609,4.39685380639042,0.0020554065704345703,79.91409827859107,-50.121729606838,-0.4745412169952763,94.3316006567327,94.33279425432028
1748026046.8758109,136.5658207280535,-53.88046054464652,3.9231281137745455,56.22622661150066,-3.815429260878609,4.39685380639042,0.002615690231323242,80.33959411655283,-50.06503128376791,-0.4737256926158748,94.66233538349405,94.66352072624889
1748026047.0546544,136.95512225386187,-53.83621660925356,3.921667592918266,57.422532916318985,-4.2393828688078266,4.369842472253302,0.00035953521728515625,79.53258933754289,-49.59683374044573,-0.44817487933503575,93.72981747454573,93.73088895627804
1748026047.163147,137.34053085724253,-53.77986656925221,3.920733534950167,57.422532916318985,-4.2393828688078266,4.369842472253302,0.0024709701538085938,79.91799794092354,-49.54048370044438,-0.4491089373031345,94.02736793167963,94.02844047944761
1748026047.2896678,137.78604870787012,-53.69394572550225,3.921711658663578,58.0206882305179,-4.663341789439716,4.373735390587874,0.003046274185180664,79.76536047735223,-49.03060393606253,-0.4520237319242959,93.62965798515434,93.63074911518757
1748026047.424616,138.15679918031083,-53.633450959218,3.9260116430946566,58.0206882305179,-4.663341789439716,4.373735390587874,0.003406524658203125,80.13611094979294,-48.97010916977828,-0.4477237474932174,93.91415159738987,93.91521882427574
1748026047.5517368,138.61758194510548,-53.538540045645156,3.934291265319227,58.61883973637941,-4.663336273667182,4.3825342523627615,0.000919342041015625,79.99874220872607,-48.87520377197797,-0.4482429870435345,93.74744955853775,93.74852116436831
1748026047.686535,138.99729157883064,-53.473946431849605,3.9507824520941988,58.61883973637941,-4.663336273667182,4.3825342523627615,0.0013856887817382812,80.37845184245123,-48.81061015818242,-0.43175180026856275,94.03813686267563,94.0391279958526
1748026047.7998376,139.40687656338815,-53.40053729952472,3.971362232005946,59.81514602755233,-5.087289395185415,4.321121473222476,0.0015306472778320312,79.59173053583582,-48.313247904339306,-0.34975924121653,93.10753724997373,93.1081941844114
1748026047.9911206,139.8679014160523,-53.31438145786222,3.991987388662219,60.41330087960123,-5.511248022202359,4.251016614742762,0.001363515853881836,79.45460053645107,-47.80313343565986,-0.2590292260805436,92.72633451546822,92.72669631133462
1748026048.0789793,140.25440854802946,-53.25254153484297,4.010195590506838,60.41330087960123,-5.511248022202359,4.251016614742762,0.001119852066040039,79.84110766842824,-47.74129351264061,-0.24082102423592477,93.02598335939078,93.02629507159448
1748026048.2132492,140.66398625646661,-53.18025394265961,4.0227964998771,61.011451732599085,-5.511242215598828,4.183910406724156,0.0005671977996826172,79.65253452386753,-47.669011727060784,-0.1611139068470555,92.82704851017598,92.82718832756676
1748026048.3530936,141.07230810772063,-53.109202553744545,4.036533097528301,61.011451732599085,-5.511242215598828,4.183910406724156,0.0034024715423583984,80.06085637512155,-47.59796033814572,-0.14737730919585434,93.14132569310753,93.14144229042623
1748026048.4888227,141.48450215749017,-53.04014623810206,4.056325629492934,61.609607169902375,-5.93520076458139,4.1647010993822,0.002160310745239258,79.8748949875878,-47.10494547352067,-0.10837546988926583,92.73011774683312,92.73018107705822
1748026048.6244197,141.88636443322616,-52.96681386952695,4.071104406647543,61.609607169902375,-5.93520076458139,4.1647010993822,0.0006906986236572266,80.27675726332379,-47.03161310494556,-0.09359669273465698,93.03940234098613,93.03944941963482
1748026048.7367663,142.3372937829614,-52.86666960602488,4.09287609022112,63.40406239532497,-5.935183068991203,4.229983531883489,0.0041997432708740234,78.93323138763644,-46.93148653703368,-0.1371074416623692,91.83147306816943,91.83157542109625
1748026048.9012463,142.72182228899499,-52.77442827357398,4.117353007509835,63.40406239532497,-5.935183068991203,4.229983531883489,7.43865966796875e-05,79.31775989367002,-46.83924520458278,-0.11263052437365406,92.11526434790771,92.11533320528096
1748026049.0082688,143.13771942093547,-52.66486328034161,4.148605755002484,64.00221885619979,-6.359141473346555,4.293179062205625,0.0010416507720947266,79.13550056473568,-46.30572180699506,-0.14457330720314054,91.6877708404894,91.68788482203772
1748026049.149331,143.5491614989309,-52.54616610117119,4.185942868094682,64.00221885619979,-6.359141473346555,4.293179062205625,0.0034978389739990234,79.54694264273112,-46.187024627824634,-0.10723619411094276,91.98346225152234,91.9835247605709
1748026049.2864702,143.96735494689602,-52.416535238323455,4.226505457512849,65.19852352685255,-6.359129387191358,4.441566319396053,0.0032172203063964844,78.76883142004347,-46.057405851132096,-0.21506086188320328,91.24589545297434,91.24614889511467
1748026049.4336436,144.3771204253619,-52.27964278809417,4.2615673484024805,65.19852352685255,-6.359129387191358,4.441566319396053,0.005476474761962891,79.17859689850935,-45.92051340090281,-0.1799989709935721,91.53110814263711,91.53128512945008
1748026049.5806413,144.78959379080845,-52.137208756193665,4.291835944203067,65.79668063689904,-6.7830876872065575,4.548562008202697,0.0011627674102783203,78.99291315390941,-45.354121068987105,-0.25672606399963005,91.08719243934031,91.08755422533504
1748026049.6962285,145.23350824899143,-51.97551031329996,4.321627753757691,65.79668063689904,-6.7830876872065575,4.548562008202697,0.0009062290191650391,79.43682761209239,-45.192422626093396,-0.22693425444500548,91.39236644210895,91.39264818925297
1748026049.8166957,145.60659886299618,-51.84642970853212,4.353496108106099,66.39483353075146,-6.783081557008287,4.669054477542122,0.001079559326171875,79.21176533224472,-45.06334815152383,-0.31555836943602333,91.13292003264273,91.13346635984267
1748026049.9759064,146.053575173066,-51.688074777935405,4.388887211896027,66.39483353075146,-6.783081557008287,4.669054477542122,0.00016260147094726562,79.65874164231455,-44.90499322092712,-0.28016726564609495,91.44382721763415,91.44425640741613
1748026050.0947404,146.44874795193726,-51.559227016057115,4.423734939727924,67.59114354277,-7.207033503987192,4.874035669056472,0.00014209747314453125,78.85760440916727,-44.352193512069924,-0.45030072932854726,90.4745204048345,90.47564099375947
1748026050.2157288,146.87109303926496,-51.421402803801264,4.457546980619936,67.59114354277,-7.207033503987192,4.874035669056472,0.0010981559753417969,79.27994949649496,-44.214369299814074,-0.4164886884365355,90.77566218291736,90.77661762576709
1748026050.3476665,147.29881826435133,-51.28523535058263,4.491417655582748,68.78744764342969,-7.207020661369088,4.936728894439938,0.0008985996246337891,78.51137062092164,-44.078214689213546,-0.4453112388571894,90.03846026540057,90.03956146641082
1748026050.4873018,147.71899485842903,-51.15389870675539,4.526360911731853,68.78744764342969,-7.207020661369088,4.936728894439938,0.0008552074432373047,78.93154721499934,-43.946878045386306,-0.4103679827080846,90.34111597545011,90.34204800407703
1748026050.63841,148.14840159672633,-51.01303826713421,4.553633772292418,69.38560434788229,-7.630978576923173,4.967018258367511,0.0009450912475585938,78.76279724884404,-43.38205969021104,-0.4133844860750928,89.91986061726045,89.92081082908936
1748026050.733926,148.55895428129395,-50.880232865172125,4.5820042986562255,69.38560434788229,-7.630978576923173,4.967018258367511,0.001066446304321289,79.17334993341166,-43.24925428824895,-0.3850139597112854,90.2159483471081,90.21676990403307
1748026050.8768723,149.03456141250484,-50.70069620555525,4.606242734918142,70.5819129381404,-8.054929783388445,4.996904230604306,0.003204345703125,78.45264847436444,-42.64576642216681,-0.3906614956861638,89.29434162575032,89.29519619095093
1748026051.0148296,149.47501354490043,-50.53886634308943,4.626108375828976,70.5819129381404,-8.054929783388445,4.996904230604306,0.0011205673217773438,78.89310060676003,-42.483936559700986,-0.37079585477532984,89.60472191216854,89.605489109334
1748026051.146907,149.9114952879608,-50.37355708464411,4.639319781862406,71.18006986902134,-8.478887536255158,5.028200449029713,0.0012326240539550781,78.73142541893947,-41.894669548388954,-0.3888806671673066,89.1840831374452,89.18493097625873
1748026051.3067143,150.33042562724677,-50.2196490228527,4.6489663377613,71.18006986902134,-8.478887536255158,5.028200449029713,0.0031304359436035156,79.15035575822543,-41.74076148659754,-0.37923411126841255,89.48223279587224,89.48303640716392
1748026051.4223757,150.8131935485576,-50.03879108484369,4.665701318343321,71.7782269178577,-8.902845241151443,5.062388124344793,0.0013866424560546875,79.0349666306999,-41.13594584369224,-0.39668680600147166,89.09933776842018,89.1002208257257
1748026051.5736732,151.2221276356916,-49.901369031097765,4.685202948168042,72.37637917379007,-8.902838461662832,5.09458505064847,0.09361982345581055,78.84574846190154,-40.998530569434934,-0.4093821024804276,88.86805702484071,88.86899995541849
1748026051.6813462,151.68784632531532,-49.73943382141632,4.707928169971337,72.37637917379007,-8.902838461662832,5.09458505064847,0.002717733383178711,79.31146715152525,-40.83659535975349,-0.38665688067713244,89.20726619678304,89.20810414893415
1748026051.8292916,152.13856486285687,-49.59343226482542,4.738363583784372,72.37637917379007,-8.902838461662832,5.09458505064847,0.00264739990234375,79.7621856890668,-40.690593803162585,-0.35622146686409817,89.54178181134853,89.54249038129663
1748026051.9480743,152.5584273372899,-49.45534933818191,4.765532806397723,73.572693027363,-9.750753525159045,5.111072525023102,0.0014677047729492188,78.98573430992691,-39.70459581302286,-0.34553971862537924,88.40362635748535,88.40430165354526
1748026052.1078153,153.06900423525911,-49.28086460569309,4.800900709614492,73.572693027363,-9.750753525159045,5.111072525023102,0.0018835067749023438,79.49631120789611,-39.53011108053404,-0.3101718154086104,88.78227963789863,88.78282144794174
1748026052.222326,153.4378535113438,-49.17147504821036,4.828463646048324,74.76900200162669,-10.174703909710765,5.111454702634799,0.0013718605041503906,78.66885150971711,-38.9967711384996,-0.28299105658647505,87.80396549750151,87.80442153459326
1748026052.351574,153.95343645931138,-48.99100890902994,4.863190877996908,74.76900200162669,-10.174703909710765,5.111454702634799,0.0027022361755371094,79.18443445768469,-38.81630499931917,-0.24826382463789098,88.18662140134144,88.18697085800235
1748026052.4931998,154.4074158016315,-48.83575413401987,4.901706472151361,75.36715412619893,-10.174696816520424,5.120648725110101,0.002904653549194336,79.04026167543256,-38.66105731749945,-0.21894225295874037,87.98886474223787,87.98913713827385
1748026052.6232553,154.8575863988113,-48.66667877225583,4.945603519711916,75.96531122933487,-10.598654079741372,5.119641498767328,0.002110004425048828,78.89227516947642,-38.068024692514456,-0.17403797905541207,87.59660715693431,87.5967800471252
1748026052.7385824,155.29111970726393,-48.49482585765613,4.9989713911749885,75.96531122933487,-10.598654079741372,5.119641498767328,0.0056188106536865234,79.32580847792906,-37.89617177791476,-0.12067010759233998,87.91304639300304,87.9131292093119
1748026052.885332,155.81048797490178,-48.27559731421004,5.050185237575135,77.16162556057118,-11.446568418815376,5.108021385622683,0.0010349750518798828,78.6488624143306,-36.829028895394664,-0.05783614804754844,86.84480945022632,86.84482870883068
1748026053.0053947,156.21610044847432,-48.122712120868805,5.093782298528907,77.16162556057118,-11.446568418815376,5.108021385622683,0.0012960433959960938,79.05447488790314,-36.67614370205343,-0.014239087093775638,87.14786008076034,87.14786124402241
1748026053.1406667,156.75473010328807,-47.91460588345239,5.132613210996967,77.75978345325201,-11.87052559606782,5.152218068979172,0.006378173828125,78.99494665003606,-36.04408028738457,-0.01960485798220546,86.82958781432437,86.82959002757023
1748026053.276851,157.09913745144684,-47.81157418024409,5.157485319206814,77.75978345325201,-11.87052559606782,5.152218068979172,0.0028755664825439453,79.33935399819482,-35.941048584176265,0.005267250227642073,87.10047110194635,87.10047126121027
1748026053.4141147,157.63054384068062,-47.61038252265853,5.18564556796499,78.95609401894926,-12.294475329509462,5.225498185551655,0.00404047966003418,78.67444982173136,-35.31590719314907,-0.03985261758666514,86.23736055577794,86.23736976426386
1748026053.5630069,158.07985022745765,-47.445283592756674,5.206238654648047,78.95609401894926,-12.294475329509462,5.225498185551655,0.0012409687042236328,79.1237562085084,-35.150808263247214,-0.019259530903608102,86.58029867182857,86.58030081394134
1748026053.6867456,158.52935087249068,-47.269764976482996,5.219006622764875,79.55424761748091,-12.294468036803956,5.335590558222548,0.008124828338623047,78.97510325500977,-34.97529693967904,-0.11658393545767343,86.37325008449189,86.37332876514708
1748026053.8323014,159.02485548479092,-47.07336295903735,5.2327957735078945,79.55424761748091,-12.294468036803956,5.335590558222548,0.0019519329071044922,79.47060786731001,-34.77889492223339,-0.10279478471465353,86.74761695177284,86.74767785698515
1748026053.9459314,159.4134879967221,-46.92477647142507,5.2406170862653925,79.55424761748091,-12.294468036803956,5.335590558222548,0.0020470619201660156,79.85924037924119,-34.630308434621114,-0.09497347195715555,87.04456637967942,87.0446181919755
1748026054.088094,159.86803661181324,-46.735112905745545,5.260581199056811,81.9468727353719,-13.142367169810862,5.738459320165982,0.011087894439697266,77.92116387644134,-33.592745735934685,-0.47787812110917116,84.85387643436442,84.85522207523248
1748026054.1981742,160.31781611044397,-46.53142610466423,5.290293519070882,81.9468727353719,-13.142367169810862,5.738459320165982,0.0018339157104492188,78.37094337507207,-33.38905893485337,-0.44816580109509996,85.18705313634148,85.18823201968178
1748026054.3439364,160.76306642483416,-46.31104556616619,5.326517179659544,82.54503216471528,-13.566324104556813,5.8571564815967765,0.0014798641204833984,78.21803426011888,-32.74472146160938,-0.5306393019372324,84.79550499357565,84.7971653133775
1748026054.4679885,161.2623617078729,-46.053697937412146,5.368695246470264,82.54503216471528,-13.566324104556813,5.8571564815967765,0.0010492801666259766,78.71732954315763,-32.48737383285533,-0.48846123512651207,85.15777961502855,85.15918049946225
1748026054.6210732,161.72031212923605,-45.81600303797921,5.40973056997986,83.14319124753841,-13.99028092160924,5.941345805349605,0.0023720264434814453,78.57712088169764,-31.825722116369967,-0.5316152353697445,84.77759441199852,84.7792611966146
1748026054.7508783,162.13456160542216,-45.60482334491896,5.446327131767324,83.14319124753841,-13.99028092160924,5.941345805349605,0.002153158187866211,78.99137035788375,-31.61454242330972,-0.4950186735822806,85.08299409195475,85.0844341060032
1748026054.8804505,162.6247920531298,-45.35667577036079,5.474682623432022,83.14319124753841,-13.99028092160924,5.941345805349605,0.003073453903198242,79.48160080559138,-31.366394848751547,-0.4666631819175828,85.44691681053901,85.44819112744594
1748026054.9977777,163.03392851229341,-45.153266248863495,5.499011643526668,83.14319124753841,-13.99028092160924,5.941345805349605,0.00017690658569335938,79.890737264755,-31.162985327254255,-0.44233416182293706,85.75349296216906,85.75463377989259
1748026055.1505089,163.48653121923923,-44.91662598570431,5.523399559094879,83.14319124753841,-13.99028092160924,5.941345805349605,0.0074765682220458984,80.34333997170081,-30.926345064095067,-0.41794624625472565,86.09001740522402,86.09103191329822
1748026055.2761068,163.97781665658584,-44.646878913648656,5.550915180131627,83.14319124753841,-13.99028092160924,5.941345805349605,0.0029096603393554688,80.83462540904743,-30.656597992039416,-0.3904306252179781,86.45266719694963,86.45354880824523
1748026055.426996,164.4498819530769,-44.38342311695788,5.585879518287575,83.14319124753841,-13.99028092160924,5.941345805349605,0.0016980171203613281,81.30669070553849,-30.393142195348638,-0.35546628706203,86.8016189134326,86.80234675556888
1748026055.545395,164.90982760197085,-44.12394068211119,5.622853617885504,83.14319124753841,-13.99028092160924,5.941345805349605,0.0031037330627441406,81.76663635443244,-30.13365976050195,-0.31849218746410113,87.14252848798735,87.14311050538167
1748026055.6712158,165.33774012155573,-43.881426886466436,5.661627544024205,88.52659111799775,-15.68606641260494,6.230667723286649,0.0019140243530273438,76.81114900355797,-28.195360473861495,-0.5690401792624433,81.82255779122147,81.8245364803455
1748026055.8121994,165.84693465066448,-43.57548228961743,5.7072521644406775,88.52659111799775,-15.68606641260494,6.230667723286649,0.0004143714904785156,77.32034353266673,-27.889415877012492,-0.5234155588459712,82.19644178412199,82.19810828612661
1748026055.9701717,166.27079315177502,-43.322851802121356,5.748095187408582,89.12475019108128,-16.11002258477409,6.26286202403705,0.0009758472442626953,77.14604296069375,-27.212829217347267,-0.5147668366284677,81.80495106352497,81.80657066154166
1748026056.13736,166.77179987818675,-43.007026718012604,5.788406355349268,89.12475019108128,-16.11002258477409,6.26286202403705,0.0042150020599365234,77.64704968710548,-26.897004133238514,-0.47445566868778144,82.17367678554537,82.1750464839347
1748026056.22912,167.25148334960602,-42.686851256274274,5.826916700573173,90.32105585660317,-16.11000564539695,6.283642952936528,0.007425785064697266,76.93042749300285,-26.576845610877324,-0.45672625236335573,81.39176492054081,81.39304635993284
1748026056.352538,167.7149312019169,-42.36485105199255,5.85998606746748,90.32105585660317,-16.11000564539695,6.283642952936528,0.002597332000732422,77.39387534531373,-26.254845406595603,-0.42365688546904856,81.72593742680591,81.72703551118687
1748026056.493323,168.1839353802501,-42.025621903489586,5.888003879473377,90.91921504785472,-16.533961641439877,6.311831624531047,0.005035877227783203,77.26472033239537,-25.49166026204971,-0.42382774505766996,81.36130376880052,81.36240766420642
1748026056.6029434,168.5855594484119,-41.74347264555754,5.907270831238667,90.91921504785472,-16.533961641439877,6.311831624531047,0.006440877914428711,77.6663444005572,-25.20951100411766,-0.40456079329238026,81.65525394983896,81.65625614151166
1748026056.7833269,169.0609652510699,-41.3867733361194,5.929172709311266,92.11552719561564,-16.957908909383036,6.346817034700067,0.0032503604888916016,76.94543805545425,-24.42886442673636,-0.41764432538880136,80.73022887819414,80.73130917746931
1748026056.9063177,169.48201811329977,-41.07991426884936,5.940418982987275,92.11552719561564,-16.957908909383036,6.346817034700067,0.01421213150024414,77.36649091768413,-24.12200535946632,-0.40639805171279253,81.03977455224208,81.04079354778469
1748026057.0410008,169.94594257826571,-40.72635645377624,5.949171592864307,93.90998621571752,-16.95788261362038,6.394291520963551,0.0030498504638671875,76.03595636254819,-23.76847384015586,-0.4451199280992446,79.66433962983379,79.66558316116125
1748026057.169134,170.41359317829568,-40.36481500170836,5.9543469490296,94.50814551416956,-17.381838236414055,6.406274966545161,0.0005211830139160156,75.90544766412613,-22.982976765294303,-0.4519280175155611,79.30860108516256,79.3098886962935
1748026057.2814724,170.84199100668025,-40.01522329947249,5.950682042653232,94.50814551416956,-17.381838236414055,6.406274966545161,0.0034384727478027344,76.33384549251069,-22.633385063058434,-0.4555929238919294,79.61862902039428,79.61993250436396
1748026057.424744,171.26402709693076,-39.64755641549905,5.952578173876975,95.70445117017368,-17.381820227932273,6.407363420202861,0.0008761882781982422,75.55957592675708,-22.265736187566773,-0.4547852463258861,78.77190185723389,78.77321468510704
1748026057.5649543,171.65658904503636,-39.28789589564851,5.95224574574941,95.70445117017368,-17.381820227932273,6.407363420202861,0.0019202232360839844,75.95213787486267,-21.906075667716237,-0.45511767445345086,79.04810812993476,79.0494182838777
1748026057.6781485,172.07237231517655,-38.87756756187823,5.95174540634481,96.30260398082606,-17.381811136147324,6.406751709849193,0.0024933815002441406,75.76976833435049,-21.495756425730907,-0.45500630350438254,78.75992215432602,78.7612364586268
1748026057.8206296,172.50061840493981,-38.44554445879779,5.952340426851504,96.30260398082606,-17.381811136147324,6.406751709849193,0.0188601016998291,76.19801442411375,-21.063733322650467,-0.45441128299768874,79.05579209435058,79.05709805753875
1748026057.962361,172.91169388943229,-38.01264052408529,5.946846380207832,98.69521520082246,-17.381774197782054,6.402915760269099,0.002371072769165039,74.21647868860983,-20.630866326303238,-0.4560693800612672,77.03063257114451,77.0319826668774
1748026058.086066,173.28977196358056,-37.60732778225195,5.937292890285192,98.69521520082246,-17.381774197782054,6.402915760269099,0.001867532730102539,74.5945567627581,-20.225553584469896,-0.4656228699839078,77.28790925125743,77.28931181662608
1748026058.2140183,173.7318447828847,-37.132862068860355,5.925406375296038,99.29337459091283,-17.80572931693498,6.396900987140897,0.0018887519836425781,74.43847019197187,-19.327132751925376,-0.4714946118448582,76.90659207721814,76.90803736996953
1748026058.338406,174.10090022227524,-36.752788971552114,5.912443149368913,99.29337459091283,-17.80572931693498,6.396900987140897,0.0010266304016113281,74.80752563136241,-18.947059654617135,-0.48445783777198326,77.16966347369,77.17118413008279
1748026058.481142,174.55794560422697,-36.25644289633092,5.902530227887391,100.48968021873932,-17.805710384197837,6.391183126034858,2.9802322387695312e-05,74.06826538548765,-18.45073251213308,-0.4886528981474667,76.33175923198228,76.33332332018684
1748026058.662554,174.9238971598262,-35.867223997211106,5.888738056615777,100.48968021873932,-17.805710384197837,6.391183126034858,0.0004611015319824219,74.43421694108687,-18.06151361301327,-0.502445069419081,76.59419642261317,76.59584438253573
1748026058.7708187,175.26916659710122,-35.48435966440601,5.883224785846428,100.48968021873932,-17.805710384197837,6.391183126034858,0.0005548000335693359,74.7794863783619,-17.67864928020817,-0.5079583401884298,76.84078489568034,76.84246381434932
1748026058.8910837,175.67224653384835,-35.00236682064382,5.871224480025065,103.4804357822652,-17.381697288914893,6.281036764830231,0.0016863346099853516,72.19181075158315,-17.62066953172893,-0.4098122848051666,74.31114004198022,74.31227005311824
1748026059.0125122,176.07172271965703,-34.507307005068405,5.855564368801412,103.4804357822652,-17.381697288914893,6.281036764830231,0.0037763118743896484,72.59128693739183,-17.125609716153512,-0.4254723960288196,74.58405625451572,74.58526982009616
1748026059.1702034,176.45585492845066,-34.02199301116962,5.834399444201473,104.07858057050278,-16.95772278975214,6.217528741708963,0.0015914440155029297,72.37727435794788,-17.06427022141748,-0.38312929750749003,74.36167804504694,74.36266502576292
1748026059.278545,176.80651292611003,-33.5783360119866,5.804687083222563,104.07858057050278,-16.95772278975214,6.217528741708963,0.003116607666015625,72.72793235560725,-16.62061322223446,-0.41284165848639987,74.60292841842671,74.60407071225994
1748026059.4170537,177.20934323496397,-33.060037215004904,5.761197429098165,105.2748852604039,-16.957702831059933,6.166910996776132,0.005689382553100586,71.93445797456006,-16.10233438394497,-0.4057135676779673,73.7146621555449,73.71577863798986
1748026059.5696394,177.60494372446982,-32.51931407820279,5.715314591861026,105.2748852604039,-16.957702831059933,6.166910996776132,0.002427816390991211,72.33005846406591,-15.561611247142856,-0.4515964049151062,73.98514108942685,73.98651932166649
1748026059.6993897,177.9816575146482,-31.99953532015021,5.669240930660756,107.06932920497424,-16.10974368655132,6.169584184916949,0.002160310745239258,70.91232830967395,-15.88979163359889,-0.500343254256193,72.67079044883285,72.67251287681096
1748026059.816505,178.32203329716828,-31.511570913953072,5.623403119223528,107.06932920497424,-16.10974368655132,6.169584184916949,0.0011136531829833984,71.25270409219404,-15.401827227401753,-0.5461810656934212,72.89831357715005,72.900359643482
1748026059.9626503,178.64245498894786,-31.044871330680785,5.586954587385521,108.2656349418294,-16.1097233539686,6.192162292157531,0.0024530887603759766,70.37682004711846,-14.935147976712184,-0.6052077047720097,71.94411334522641,71.9466588619423
1748026060.071621,179.03165714217107,-30.4587812059546,5.558455650022498,108.2656349418294,-16.1097233539686,6.192162292157531,0.0003421306610107422,70.76602220034167,-14.349057851986,-0.6337066421350324,72.20613103676786,72.20891180046392
1748026060.2287033,179.34514752606225,-29.996131731087466,5.552685300305093,108.86378044911092,-15.68574859438506,6.200057238654515,0.0016744136810302734,70.48136707695133,-14.310383136702406,-0.6473719383494219,71.91947003805836,71.92238358801616
1748026060.3316264,179.7046518651306,-29.46229541006442,5.544935310521661,108.86378044911092,-15.68574859438506,6.200057238654515,0.001859903335571289,70.84087141601967,-13.77654681567936,-0.6551219281328535,72.16801441875505,72.17098786830036
1748026060.4654384,180.055125951057,-28.9470960150775,5.538570772314857,111.25638259934038,-15.261742279779682,6.145917016032393,0.0017871856689453125,68.79874335171661,-13.685353735297817,-0.6073462437175356,70.14667485801162,70.14930408133326
1748026060.6248395,180.44848384680336,-28.355080176621577,5.535665422066303,111.25638259934038,-15.261742279779682,6.145917016032393,0.0010099411010742188,69.19210124746297,-13.093337896841895,-0.6102515939660904,70.42004240498612,70.42268653869988
1748026060.7671175,180.8141375186193,-27.829580262840885,5.5420593497881985,111.85452723309837,-14.83776716124834,6.1200057803476895,0.0027005672454833984,68.95961028552094,-12.991813101592545,-0.577946430559491,70.17275153788425,70.17513149595257
1748026060.8695056,181.16725369690596,-27.34456309651565,5.555111030134742,111.85452723309837,-14.83776716124834,6.1200057803476895,0.0035333633422851562,69.31272646380759,-12.50679593526731,-0.5648947502129475,70.43205232288089,70.43431763346508
1748026061.0150328,181.53295570341737,-26.843226366715037,5.56687140787539,113.05082432991315,-14.413781316778673,6.096281169752756,0.010685920715332031,68.48213137350422,-12.429445049936364,-0.5294097618773659,69.60095848267665,69.60297189347054
1748026061.1466875,181.94909035744877,-26.23335006456636,5.564533823495122,113.05082432991315,-14.413781316778673,6.096281169752756,0.00432896614074707,68.89826602753561,-11.819568747787686,-0.5317473462576343,69.90474423803256,69.9067666411843
1748026061.283655,182.33961644685053,-25.66253372177126,5.562332512499041,113.64896867838084,-13.989806025539304,6.066272723699241,0.0026252269744873047,68.69064776846969,-11.672727696231957,-0.5039402112001996,69.6753734308066,69.67719582803842
1748026061.4738128,182.71820816012143,-25.098911897112337,5.5538688799479825,114.84526542027058,-13.565819841227029,6.039351004772056,0.0002944469451904297,67.87294273985086,-11.533092055885309,-0.48548212482407394,68.84583188934968,68.84754361217341
1748026061.593547,183.10811998027214,-24.49149048219902,5.540535172167092,114.84526542027058,-13.565819841227029,6.039351004772056,0.0031669139862060547,68.26285456000156,-10.92567064097199,-0.4988158326049641,69.13166851476191,69.13346808073338
1748026061.736786,183.48550765144546,-23.87209576270231,5.520568055381631,116.6396981904348,-12.29389338579662,5.983626498930119,0.0026884078979492188,66.84580946101066,-11.578202376905688,-0.4630584435484879,67.84111594585046,67.84269626054427
1748026061.8564634,183.8494174349222,-23.26364897483912,5.492940270060189,116.6396981904348,-12.29389338579662,5.983626498930119,0.0014896392822265625,67.2097192444874,-10.969755589042501,-0.4906862288699294,68.09905945463673,68.10082724593991
1748026062.008555,184.19109172506484,-22.680263381995324,5.475671438627099,117.8359944687256,-11.86990665617136,5.961403814319659,0.0013480186462402344,66.35509725633923,-10.810356725823965,-0.48573237569255934,67.22992447145695,67.2316791429353
1748026062.1014724,184.5661018241605,-22.034020401152723,5.442635744161868,117.8359944687256,-11.86990665617136,5.961403814319659,0.0008993148803710938,66.73010735543491,-10.164113744981364,-0.5187680701577904,67.49975137649609,67.50174483818475
1748026062.2227426,184.93492062680832,-21.399966198481614,5.419719054306829,118.4341381222384,-11.445930919982976,5.926092322005141,0.0009374618530273438,66.50078250456993,-9.954035278498639,-0.5063732676983124,67.24163064683745,67.24353728003867
1748026062.3385625,185.27385321368615,-20.815610497034463,5.391927918037331,118.4341381222384,-11.445930919982976,5.926092322005141,0.0010309219360351562,66.83971509144776,-9.369679577051487,-0.53416440396781,67.49324713541738,67.49536088127088
1748026062.4977207,185.62697147097077,-20.20335386881461,5.356891563545082,120.22856897148542,-10.17400343683856,5.842061331562074,0.0005602836608886719,65.39840249948536,-10.029350431976049,-0.4851697680169922,66.16297242092492,66.16475125983523
1748026062.612675,185.97067166816947,-19.584292723083102,5.321767565054306,120.22856897148542,-10.17400343683856,5.842061331562074,0.0033044815063476562,65.74210269668406,-9.410289286244542,-0.520293766507768,66.41217969192219,66.41421773261828
1748026062.754732,186.29861664074173,-18.980315248047752,5.288450444735385,121.42486402544245,-9.750015997780652,5.791242862327321,0.0008852481842041016,64.87375261529928,-9.2302992502671,-0.5027924175919365,65.52711044018753,65.52903938602884
1748026062.8927088,186.66235140614714,-18.30032588381834,5.257770109308062,121.42486402544245,-9.750015997780652,5.791242862327321,0.005934476852416992,65.23748738070469,-8.550309886037686,-0.5334727530192591,65.79542202079776,65.79758469786783
1748026063.0474102,186.9727623865778,-17.72382129216617,5.2376279611619045,122.62115887269836,-9.326028337250449,5.739020332365337,0.0001342296600341797,64.35160351387945,-8.397792954915722,-0.5013923712034325,64.89724032130468,64.89917715681051
1748026063.1746552,187.30308075763014,-17.078085791095866,5.216075470489499,122.62115887269836,-9.326028337250449,5.739020332365337,0.0006270408630371094,64.68192188493178,-7.752057453845417,-0.5229448618758381,65.14480342664439,65.14690234251127
1748026063.2785506,187.62005433341045,-16.47825829163164,5.201846036268599,123.21929307541734,-8.478087666824766,5.674106750698748,0.0005192756652832031,64.40076125799311,-8.000170624806874,-0.4722607144301483,64.89576858806011,64.8974869376114
1748026063.415036,187.9456579510737,-15.839828785376447,5.191604474094206,123.21929307541734,-8.478087666824766,5.674106750698748,0.003921031951904297,64.72636487565637,-7.361741118551681,-0.48250227660454215,65.14366847448167,65.14545533465942
1748026063.5553384,188.27025411996658,-15.206991575748269,5.187280490119342,125.0137289430379,-7.630123283400454,5.516876919113121,0.0011141300201416016,63.256525176928676,-7.576868292347815,-0.3295964289937787,63.70868787362519,63.709540450273245
1748026063.6686,188.59498202007308,-14.58747619677191,5.177426532652034,125.0137289430379,-7.630123283400454,5.516876919113121,0.013417720794677734,63.58125307703517,-6.957352913371455,-0.3394503864610865,63.96077315360714,63.96167390689569
1748026063.811236,188.926475137539,-13.945108270376373,5.171842920191297,126.21001470697668,-6.782170526889261,5.4702540176334535,0.0016701221466064453,62.71646043056232,-7.162937743487112,-0.2984110974421563,63.12417988421998,63.12488522950706
1748026063.9564795,189.2415374529396,-13.358526507614322,5.174505966927261,126.21001470697668,-6.782170526889261,5.4702540176334535,0.0003859996795654297,63.03152274596293,-6.576355980725061,-0.2957480507061927,63.373664227816754,63.37435431284138
1748026064.1028674,189.59100921575532,-12.670487292633815,5.171641715055811,127.40630917792716,-6.358182034540237,5.448425901888195,0.001291513442993164,62.184700037828165,-6.312305258093579,-0.2767841868323835,62.50425678676631,62.504869617911396
1748026064.2600029,189.92955444983363,-12.052325324437014,5.1736546164268375,129.2007391404381,-5.086252257458188,5.493793535625519,0.004070281982421875,60.72881530939554,-6.966073066978826,-0.32013891919868165,61.1270413389783,61.12787966046874
1748026064.3566554,190.27175381127063,-11.414432658737262,5.178412296271956,129.2007391404381,-5.086252257458188,5.493793535625519,0.0017659664154052734,61.07101467083254,-6.328180401279074,-0.3153812393535631,61.39800241144801,61.39881241068358
1748026064.5095398,190.60900095219688,-10.785942922400288,5.181926824425462,129.2007391404381,-5.086252257458188,5.493793535625519,0.015863656997680664,61.40826181175879,-5.6996906649421,-0.31186671120005727,61.67220680677433,61.67299533234215
1748026064.610427,190.96510612494808,-10.122793104260289,5.196658256330284,130.39703440252464,-4.662263248107861,5.536570459367159,0.0021371841430664062,60.56807172242344,-5.460529856152428,-0.3399122030368744,60.813721301056404,60.8146712462407
1748026064.7307408,191.31396211751274,-9.4956798386143,5.214083330809454,130.39703440252464,-4.662263248107861,5.536570459367159,0.0030846595764160156,60.916927714988105,-4.83341659050644,-0.32248712855770467,61.10837911588286,61.109230040302045
1748026064.8935435,191.687045355551,-8.81294218701074,5.233382824796411,130.9951689063531,-3.8143219654641953,5.563559216647492,0.005786895751953125,60.691876449197906,-4.998620221546545,-0.3301763918510803,60.897373268836134,60.8982683456081
1748026065.0212936,192.05878559806587,-8.152878976786404,5.255030859122285,132.19146301654794,-3.3903325814058047,5.566929897552696,0.006970405578613281,59.867322581517925,-4.7625463953806,-0.3118990384304112,60.0564581144083,60.05726802192931
1748026065.1320405,192.42842940056465,-7.501016841070673,5.271844383814083,132.19146301654794,-3.3903325814058047,5.566929897552696,0.0022478103637695312,60.23696638401671,-4.110684259664868,-0.2950855137386128,60.37706389210903,60.37778498497799
1748026065.2901652,192.8051142844796,-6.848114429761544,5.287166945863766,133.38775672343527,-2.966342964605344,5.558604463226286,0.004887819290161133,59.41735756104433,-3.8817714651562003,-0.27143751736251964,59.544021775865055,59.544640460502606
1748026065.392948,193.17159835293756,-6.227932890884681,5.301466192373886,133.38775672343527,-2.966342964605344,5.558604463226286,0.0014438629150390625,59.78384162950229,-3.2615899262793366,-0.2571382708523995,59.872745793295785,59.873297962605626
1748026065.564662,193.55184964186384,-5.595512163821205,5.318781273150024,135.18218374705882,-1.694411425808043,5.564068006765213,0.005052804946899414,58.369665894805024,-3.901100738013162,-0.24528673361518916,58.49988447543544,58.50039870993171
1748026065.6704228,193.94276963682853,-4.945888401622248,5.331853362892569,135.18218374705882,-1.694411425808043,5.564068006765213,0.004261970520019531,58.760585889769715,-3.2514769758142057,-0.232214643872644,58.850476265135306,58.85093440442626
1748026065.8207548,194.3053350612164,-4.375283853684998,5.347012377810466,136.37846863681588,-0.8464567832407806,5.5961472444208775,0.0020835399627685547,57.926866424400515,-3.5288270704442173,-0.24913486661041162,58.03425259485505,58.03478734711794
1748026065.9449546,194.727309404327,-3.666247432005882,5.359142077343593,136.37846863681588,-0.8464567832407806,5.5961472444208775,0.0011510848999023438,58.34884076751112,-2.8197906487651014,-0.23700516707728436,58.41693622756359,58.417417006098894
1748026066.07239,195.08758147459423,-3.078993964806209,5.374906967502846,136.37846863681588,-0.8464567832407806,5.5961472444208775,0.0006051063537597656,58.70911283777835,-2.2325371815654282,-0.2212402769180315,58.75154595809426,58.75196251808269
1748026066.23777,195.46509033255188,-2.4075513127268025,5.39248935396761,138.17289643539672,0.4254756248154016,5.692506131139493,0.0030417442321777344,57.29219389715516,-2.833026937542204,-0.3000167771718827,57.36219594103823,57.36298051221404
1748026066.3389614,195.85513111990002,-1.7083594884564874,5.414039734958179,138.17289643539672,0.4254756248154016,5.692506131139493,0.0037202835083007812,57.6822346845033,-2.133835113271889,-0.2784663961813143,57.721689601819065,57.72236129978182
1748026066.4900577,196.20396217950838,-1.0679938851775361,5.439291551005297,138.77103879630872,0.8494532160555218,5.720493002828899,0.0008347034454345703,57.432923383199665,-1.917447101233058,-0.2812014518236019,57.464922271995725,57.4656102898335
1748026066.6156402,196.58485898278002,-0.3389128723069561,5.460420989425888,138.77103879630872,0.8494532160555218,5.720493002828899,0.0010313987731933594,57.813820186471304,-1.188366088362478,-0.2600720134030112,57.82603236011967,57.82661719282706
1748026066.7583883,196.9180488668606,0.29109028005897386,5.477515377101521,138.77103879630872,0.8494532160555218,5.720493002828899,0.0014336109161376953,58.147010070551886,-0.558362935996548,-0.24297762572737813,58.14969087891317,58.15019851591017
1748026066.898917,197.26876228586485,0.9549797965911822,5.487202951701541,141.16361451679148,2.121399664869925,5.721638106680832,0.001665353775024414,56.10514776907337,-1.166419868278743,-0.23443515497929113,56.117271329766865,56.11776101503484
1748026067.041877,197.6252136501111,1.606888834911139,5.498143834769897,141.16361451679148,2.121399664869925,5.721638106680832,0.001336812973022461,56.46159913331962,-0.5145108299587862,-0.2234942719109343,56.463943345163415,56.4643856583546
1748026067.1377206,197.9834555785381,2.2537102610838176,5.50860555174997,142.9580396247082,3.3933334860175077,5.773698791806531,0.0008893013000488281,55.025415953829906,-1.1396232249336902,-0.26509324005656065,55.037215972347354,55.03785439506822
1748026067.2762504,198.33010288284635,2.874066903770334,5.519515801191856,142.9580396247082,3.3933334860175077,5.773698791806531,0.001209259033203125,55.372063258138155,-0.5192665822471736,-0.25418299061467486,55.374497986407896,55.375081365533084
1748026067.409526,198.68692867744198,3.5101269593227684,5.528999361591014,144.15432255183413,4.241289659329654,5.804272906763567,0.01013040542602539,54.532606125607856,-0.7311627000068857,-0.27527354517255365,54.537507549800665,54.538202255567946
1748026067.5393302,199.0503566706929,4.173969411336252,5.534787075725603,144.15432255183413,4.241289659329654,5.804272906763567,0.002760648727416992,54.89603411885878,-0.0673202479934023,-0.2694858310379642,54.89607539701447,54.89673684844872
1748026067.7280252,199.414714870108,4.846197015439124,5.541187649357174,144.75246375829272,4.665267829248102,5.813360953711575,0.001985311508178711,54.662251111815294,0.1809291861910216,-0.2721733043544008,54.662550544056835,54.66322813637309
1748026067.8388696,199.75646521001556,5.47427229542982,5.543884027057224,144.75246375829272,4.665267829248102,5.813360953711575,7.200241088867188e-05,55.00400145172284,0.809004466181718,-0.26947692665435063,55.00995059011988,55.010610628690806
1748026067.9288368,200.1031061139529,6.118908683092236,5.541745855312544,147.14502605666732,6.361181019615254,5.774005818965296,0.0020782947540283203,52.95808005728557,-0.24227233652301727,-0.23225996365275225,52.958634227469574,52.959143534706335
1748026068.0686672,200.44378568695998,6.768624371699751,5.537453199832735,147.14502605666732,6.361181019615254,5.774005818965296,0.0017628669738769531,53.298759630292665,0.40744335208449733,-0.23655261913256087,53.30031696165486,53.30084188223007
1748026068.251737,200.79174454600633,7.443199913827492,5.530096115466204,147.7431659104858,6.785159430750544,5.741887085594206,0.0071408748626708984,53.04857863552053,0.658040483076948,-0.21179097012800163,53.052659806331796,53.05308254890945
1748026068.3446066,201.14188693092052,8.10419719577181,5.516241621906435,147.7431659104858,6.785159430750544,5.741887085594206,0.0019693374633789062,53.39872102043472,1.3190377650212666,-0.22564546368777094,53.41500975609542,53.41548636040912
1748026068.4616227,201.47186512220412,8.728468521069324,5.5000910550247095,147.7431659104858,6.785159430750544,5.741887085594206,0.0015971660614013672,53.72869921171832,1.9433090903187802,-0.24179603056949617,53.76383142228441,53.76437514306491
1748026068.620689,201.81972906803247,9.389749999508389,5.48502020053914,150.1357267786105,8.481073738914052,5.7119296809137765,0.005132436752319336,51.68400228942198,0.908676260594337,-0.2269094803746361,51.691989565111,51.69248758873796
1748026068.751931,202.1709382220726,10.059186635850445,5.47081347071485,150.1357267786105,8.481073738914052,5.7119296809137765,0.006337642669677734,52.03521144346212,1.5781128969363927,-0.2411162101989266,52.05913628059236,52.059694652467066
1748026068.8888042,202.49725205971623,10.672825177999421,5.461267934079772,150.73386702202632,8.905052467644689,5.714219095527504,0.0019369125366210938,51.763385037689915,1.7677727103547323,-0.252951161447732,51.79356186743305,51.794179549498544
1748026069.0106215,202.84933132347328,11.329837493329357,5.455079771186973,150.73386702202632,8.905052467644689,5.714219095527504,0.026825428009033203,52.11546430144696,2.4247850256846686,-0.25913932434053066,52.17184299769539,52.17248657065903
1748026069.1817808,203.23253860945306,12.039729620299092,5.4423202237527,153.1264274339355,10.600967979368052,5.733255979039464,0.0013201236724853516,50.106111175517555,1.4387616409310393,-0.29093575528676396,50.126763432249845,50.127607720760466
1748026069.2589748,203.595198262569,12.681562677656096,5.434602887233211,153.1264274339355,10.600967979368052,5.733255979039464,0.002318143844604492,50.468770828633495,2.080594698288044,-0.2986530918062531,50.5116392849378,50.51252217936575
1748026069.3981862,203.9571203547108,13.323042570162436,5.421211654389151,153.72456754616726,11.024947016237538,5.746645740393909,0.0013546943664550781,50.232552808543545,2.298095553924897,-0.32543408600475754,50.285093266673826,50.28614632463318
1748026069.5405917,204.34484005818172,14.005855965356268,5.414629462809673,153.72456754616726,11.024947016237538,5.746645740393909,0.00458216667175293,50.62027251201445,2.9809089491187297,-0.3320162775842359,50.7079659161511,50.70905286200998
1748026069.6608994,204.7439099442999,14.717359433843662,5.408836722375182,154.92084720937842,11.872905239798335,5.759913356316358,0.0037317276000976562,49.82306273492148,2.8444541940453263,-0.35107663394117594,49.9041932100895,49.90542810910295
1748026069.815411,205.1459454566113,15.424235830324598,5.404335237429871,154.92084720937842,11.872905239798335,5.759913356316358,0.0014355182647705078,50.225098247232864,3.5513305905262627,-0.3555781188864868,50.35049595492979,50.351751495911564
1748026069.9623132,205.5341976053689,16.091994257614054,5.404709464904593,156.7152664808462,13.144843039102785,5.794863126784672,0.0020303726196289062,48.81893112452269,2.9471512185112694,-0.3901536618800794,48.907808542661805,48.90936470989519
1748026070.0551672,205.93873217474447,16.81843202671117,5.4096379436545,156.7152664808462,13.144843039102785,5.794863126784672,0.006306171417236328,49.22346569389828,3.6735889876083867,-0.3852251831301716,49.36035687642725,49.36186006837644
1748026070.1897557,206.35172314399819,17.54818748108442,5.4179851546938345,157.91154529974514,13.992801838331369,5.805833453708383,0.001954317092895508,48.44017784425304,3.55538564275305,-0.3878482990145482,48.570480712584654,48.572029224180106
1748026070.3536942,206.74913722386708,18.241821460020994,5.434623344267504,157.91154529974514,13.992801838331369,5.805833453708383,0.0018231868743896484,48.83759192412194,4.249019621689625,-0.37121010944087907,49.022082296579,49.023487734329095
1748026070.47343,207.18447421260265,19.031124055993025,5.450660598834577,159.10783429595452,14.41679635717316,5.80940390084079,0.0002982616424560547,48.07663991664813,4.614327698819865,-0.3587433020062134,48.29757059922518,48.2989029124252
1748026070.644976,207.5889183968673,19.6902711245884,5.472551641414727,160.30411204047584,15.26475556484962,5.799675060336387,0.0021584033966064453,47.28480635639147,4.425515559738779,-0.3271234189216603,47.49145291661363,47.492579524196586
1748026070.7638214,208.01088297917227,20.353518527244454,5.487367295544551,160.30411204047584,15.26475556484962,5.799675060336387,0.0001556873321533203,47.70677093869642,5.088762962394833,-0.31230776479183575,47.977406160449014,47.97842262960132
1748026070.8929324,208.46668108004553,21.050109779961026,5.504648126640104,160.30411204047584,15.26475556484962,5.799675060336387,0.002253293991088867,48.16256903956969,5.785354215111406,-0.29502693369628297,48.50879693298551,48.50969409074057
1748026071.0044725,208.88660284374106,21.667914880417406,5.5115641092814815,162.09852751361277,16.536694744706676,5.764020226457395,0.0038504600524902344,46.788075330128294,5.1312201357107305,-0.2524561171759139,47.068603263522526,47.069280292670534
1748026071.1689205,209.3554578946376,22.352924649693144,5.516409367283573,163.2948044956768,17.384654517253814,5.756388627888694,0.0012187957763671875,46.060653398960795,4.968270132439329,-0.23997926060512142,46.32782640755,46.3284479525659
1748026071.3183668,209.81895236183072,23.023878512594884,5.521504328846206,163.2948044956768,17.384654517253814,5.756388627888694,0.0011687278747558594,46.524147866153925,5.639223995341069,-0.23488429904248864,46.864668802215874,46.86525741501184
1748026071.4199302,210.29811164468606,23.723857051617493,5.535194964654977,164.49109211896675,17.80865001817992,5.745858720888981,0.0013430118560791016,45.80701952571931,5.9152070334375715,-0.21066375623400369,46.187365286169545,46.18784570962636
1748026071.555829,210.78169569688993,24.46410770769831,5.534822947129866,164.49109211896675,17.80865001817992,5.745858720888981,0.006744384765625,46.29060357792318,6.655457689518389,-0.21103577375911442,46.766602363924235,46.76707851430544
1748026071.671219,211.22578589493133,25.130333271872395,5.539071907493063,165.08921855773517,18.6565945110999,5.713843185959152,0.0011491775512695312,46.13656733719617,6.473738760772495,-0.1747712784660891,46.58854085719325,46.58886867270058
1748026071.813271,211.68194883110317,25.851308944058296,5.5394610991878706,165.08921855773517,18.6565945110999,5.713843185959152,0.0018279552459716797,46.592730273368005,7.194714432958396,-0.1743820867712813,47.144951268387615,47.14527377384535
1748026071.956283,212.1529970012864,26.57738046330048,5.526847521795653,167.48177998450285,19.928550696971037,5.629075523519766,0.001667022705078125,44.671217016783544,6.648829766329442,-0.10222800172411262,45.163309965304805,45.16342566265912
1748026072.0888128,212.57888610326995,27.239437392043847,5.520774136102027,167.48177998450285,19.928550696971037,5.629075523519766,0.004504680633544922,45.0971061187671,7.31088669507281,-0.10830138741773876,45.685862633374164,45.68599100102843
1748026072.2051096,213.0597537767793,27.98868173527078,5.504790840649576,168.67806639979335,20.35254692819422,5.602843370975303,4.76837158203125e-05,44.38168737698595,7.636134807076562,-0.09805253032572736,45.033817617656624,45.03392436285188
1748026072.3838842,213.5176827812635,28.68101362586747,5.480437427335906,168.67806639979335,20.35254692819422,5.602843370975303,0.000362396240234375,44.83961638147014,8.328466697673253,-0.1224059436393965,45.60651877496963,45.606683040829616
1748026072.4924634,213.9912491630846,29.405230826204765,5.466881738774645,169.87434172233563,21.20050792625898,5.594607310454255,0.005515336990356445,44.116907440748975,8.204722899945786,-0.12772557167961018,44.873366265531125,44.87354804138143
1748026072.6164844,214.4501463075119,30.091102980607168,5.454064124819171,169.87434172233563,21.20050792625898,5.594607310454255,0.0017809867858886719,44.57580458517626,8.89059505434819,-0.14054318563508428,45.453768103824146,45.453985383277995
1748026072.7244828,214.92790847484815,30.79547961106909,5.447127819479422,172.26690451672027,22.472466317062583,5.636042792777411,0.0015256404876708984,42.66100395812788,8.323013294006508,-0.18891497329798845,43.465317311709704,43.46572785396268
1748026072.8773556,215.4083196592435,31.499034880050765,5.440985856530069,172.26690451672027,22.472466317062583,5.636042792777411,0.001730203628540039,43.141415142523215,9.026568562988182,-0.195056936247342,44.075624108137795,44.076055718839406
1748026073.0097215,215.90201146268635,32.2228405914691,5.4388474447254245,173.463191017527,22.896463568048507,5.643203432713202,0.0012981891632080078,42.43882044515934,9.326377023420594,-0.20435598798777743,43.45152228817147,43.45200283680015
1748026073.1592672,216.37190274309353,32.90031131610862,5.436885228072702,173.463191017527,22.896463568048507,5.643203432713202,0.0014162063598632812,42.90871172556652,10.003847748060114,-0.20631820464049966,44.05944293467789,44.05992599761946
1748026073.265941,216.87855698864303,33.65855300761182,5.441513024547553,173.463191017527,22.896463568048507,5.643203432713202,0.0012204647064208984,43.41536597111602,10.762089439563315,-0.20169040816564898,44.72937034556935,44.72982506708298
1748026073.414187,217.3355646768715,34.324315878288736,5.44461297172583,175.25760129022606,24.168406389471134,5.597854046904906,0.00398564338684082,42.07796338664545,10.155909488817603,-0.15324107517907581,43.28622760547436,43.28649885518639
1748026073.562119,217.8163854688109,35.05004818195733,5.44007356647897,175.25760129022606,24.168406389471134,5.597854046904906,0.008804082870483398,42.55878417858483,10.881641792486196,-0.1577804804259353,43.927898183948486,43.92818154145864
1748026073.6979127,218.26233216118476,35.71615348766617,5.439421986386885,176.453874717991,25.01636859155055,5.579514928563937,0.00012063980102539062,41.80845744319376,10.69978489611562,-0.14009294217705204,43.15590933583126,43.15613672045883
1748026073.8043866,218.75147002304533,36.46532142837288,5.442637595331689,176.453874717991,25.01636859155055,5.579514928563937,0.0011529922485351562,42.29759530505433,11.448952836822333,-0.13687733323224816,43.81968837919704,43.819902157059744
1748026073.9416986,219.19500754614768,37.144661375208905,5.450149079833364,178.8464339565341,26.28832938349506,5.591543499547998,0.0031790733337402344,40.34857358961358,10.856331991713844,-0.14139441971463462,41.7835773364461,41.783816573078845
1748026074.0786512,219.67356202699773,37.89012917962099,5.465150960298718,178.8464339565341,26.28832938349506,5.591543499547998,0.006616353988647461,40.82712807046363,11.601799796125931,-0.12639253924927996,42.44356423524569,42.443752426775426
1748026074.1768296,220.13564755421675,38.608617391423245,5.487116356424416,179.44455851987703,27.136275325513097,5.593026159966727,0.008328437805175781,40.69108903433971,11.472342065910148,-0.10590980354231139,42.277409562055865,42.27754222000493
1748026074.3561077,220.56860747884758,39.26712358878731,5.507130406525878,180.6408315656832,27.98423843443356,5.601388743648942,0.0019834041595458984,39.927775913164396,11.282885154353746,-0.09425833712306364,41.49133387562043,41.49144094162463
1748026074.4632597,221.01863904751337,39.97450421426088,5.519203019496789,180.6408315656832,27.98423843443356,5.601388743648942,0.006213665008544922,40.37780748183019,11.990265779827322,-0.08218572415215242,42.12046783347307,42.12054801405004
1748026074.5976434,221.49357042545273,40.72324116088229,5.537368641474068,180.6408315656832,27.98423843443356,5.601388743648942,0.001508951187133789,40.852738859769545,12.739002726448728,-0.0640201021748732,42.79285527759269,42.7929031660914
1748026074.7329185,221.93144498440722,41.40989463219994,5.554882902635073,181.83711730878508,28.40823740959149,5.63824868311457,0.0030951499938964844,40.09432767562214,13.001657222608454,-0.08336578047949761,42.149711770003435,42.14979421240062
1748026074.897958,222.39310542455553,42.14119209843276,5.578866766501217,184.2296638794784,30.10416509146788,5.720775803707222,0.005468606948852539,38.16344154507712,12.03702700696488,-0.14190903720600545,40.01672512501392,40.01697674619812
1748026075.0439634,222.82925548315978,42.83300090869643,5.6028933482885686,184.2296638794784,30.10416509146788,5.720775803707222,0.0009756088256835938,38.599591603681375,12.728835817228546,-0.11788245541865372,40.64420909838141,40.64438004824585
1748026075.1482556,223.30058428242182,43.574869193878364,5.633423886682063,185.42594832973543,30.528164653229016,5.733739666565815,0.0013895034790039062,37.87463595268639,13.046704540649348,-0.10031577988375151,40.05876368436156,40.05888929033378
1748026075.2660725,223.77409126900858,44.29589276252839,5.66893486213746,185.42594832973543,30.528164653229016,5.733739666565815,0.01034998893737793,38.348142939273146,13.767728109299373,-0.06480480442835468,40.74469786588823,40.744749402164615
1748026075.4305012,224.2241119049998,44.95545076968691,5.710480116250921,186.0240721674156,31.376111337538887,5.7539131651050255,0.0012276172637939453,38.200039737584206,13.579339432148025,-0.04343304885410415,40.541848692018256,40.54187195722757
1748026075.5323422,224.66924543847466,45.63455969580912,5.739808362999249,186.0240721674156,31.376111337538887,5.7539131651050255,0.00029468536376953125,38.645173271059065,14.258448358270236,-0.014104802105776137,41.19165894614633,41.1916613610216
1748026075.6643815,225.1100578397747,46.301118944169154,5.766178726677213,187.22035675286503,31.80011132792496,5.783478169682963,0.005216836929321289,37.88970108690967,14.501007616244195,-0.017299443005750703,40.56979997906985,40.56980366741333
1748026075.8305476,225.55223965992082,46.97995690246939,5.794079945763848,187.22035675286503,31.80011132792496,5.783478169682963,0.002472400665283203,38.331882907055785,15.17984557454443,0.010601776080884306,41.2281573547406,41.22815871785821
1748026075.940314,225.9781626899424,47.632070976991734,5.824380883358914,189.6129013642642,33.496041255093814,5.887799552433353,0.0013763904571533203,36.365261325678205,14.13602972189792,-0.06341866907443894,39.016144960557654,39.016196502360856
1748026076.0738108,226.39079084783947,48.26349871212373,5.854793033188857,189.6129013642642,33.496041255093814,5.887799552433353,0.0066449642181396484,36.77788948357528,14.767457457029913,-0.03300651924449571,39.631943613848485,39.63195735819237
1748026076.234892,226.81560046088373,48.9313392878957,5.884501223155182,190.80918630442864,33.920042116869745,5.94936142345655,0.0002124309539794922,36.006414156455094,15.011297171025959,-0.06486020030136874,39.01026663793804,39.0103205576243
1748026076.3268142,227.22994427729554,49.582580186064384,5.9111774607712135,190.80918630442864,33.920042116869745,5.94936142345655,4.792213439941406e-05,36.42075797286691,15.662538069194639,-0.03818396268533686,39.64576534873706,39.645783736762304
1748026076.4801247,227.6863040346724,50.30753854114011,5.941736373452009,192.00545818147225,34.768007725263224,6.009623746004693,0.0042018890380859375,35.68084585320014,15.539530815876887,-0.06788737255268451,38.91785938071899,38.917918591219255
1748026076.6149378,228.1576811638128,51.067031383835264,5.978319267809275,192.6035944497548,35.19199070190447,6.054403218843886,0.002058267593383789,35.554086714058,15.875040681930791,-0.07608395103461074,38.93725720596808,38.93733154045509
1748026076.7547517,228.5752641843984,51.72396732156442,6.014385557951053,192.6035944497548,35.19199070190447,6.054403218843886,0.0016176700592041016,35.9716697346436,16.53197661965995,-0.04001766089283265,39.58872660810471,39.588746833720826
1748026076.895244,229.01387088433728,52.415922949626214,6.045335337982969,194.99614764252868,36.46395790487057,6.094324402900624,0.002638578414916992,34.017723241808596,15.951965044755646,-0.04898906491765498,37.5722062613495,37.57223819888658
1748026077.0531805,229.39635525612522,53.00274757537526,6.076980224312466,194.99614764252868,36.46395790487057,6.094324402900624,0.0017566680908203125,34.400207613596535,16.53878967050469,-0.017344178588158066,38.16943604015833,38.169439980752514
1748026077.1815052,229.8544153937247,53.70588422376765,6.097183244223453,196.19241733848128,37.311924123884495,6.115378144585533,0.002647876739501953,33.66199805524343,16.393960099883152,-0.01819490036207938,37.441848790194285,37.44185321110818
1748026077.2993848,230.29824477230994,54.38208921685999,6.116815524968313,196.19241733848128,37.311924123884495,6.115378144585533,0.0010783672332763672,34.105827433828665,17.070165092975493,0.0014373803827805176,38.139192456678195,38.139192483764006
1748026077.4234142,230.72427342478193,55.03557637682126,6.137368084367627,197.38868739502303,38.15989070773156,6.158236359497743,0.0014331340789794922,33.3355860297589,16.875685669089698,-0.020868275130116132,37.3637533279163,37.363759155554504
1748026077.55684,231.15408625394764,55.709796564930436,6.165691202964007,197.38868739502303,38.15989070773156,6.158236359497743,0.0009512901306152344,33.76539885892461,17.549905857198873,0.007454843466264016,38.05392694189144,38.0539276721011
1748026077.676659,231.5570877577877,56.34969921728342,6.190692742258036,199.18309291298027,39.43184122934674,6.254776312742868,0.0015873908996582031,32.37399484480744,16.917857987936685,-0.06408357048483193,36.52792713954094,36.527983352706705
1748026077.803681,231.9776151269375,57.03677265571009,6.2191422938653576,199.18309291298027,39.43184122934674,6.254776312742868,0.0011019706726074219,32.79452221395724,17.60493142636335,-0.035634018877510165,37.22115390162818,37.22117095890445
1748026077.9386914,232.37757696217568,57.68458197410853,6.25225893875512,200.37937509987023,39.855843760028485,6.27973779346682,0.005084514617919922,31.99820186230545,17.828738214080047,-0.027478854711699974,36.62988982684832,36.62990013383196
1748026078.056297,232.78570663088408,58.35823946058367,6.273544004386975,200.37937509987023,39.855843760028485,6.27973779346682,0.0019698143005371094,32.40633153101385,18.502395700555184,-0.00619378907984558,37.316336502367236,37.31633701639174
1748026078.2505498,233.1765989985155,58.96500311754664,6.294606672512974,201.57564277397276,40.70381089462898,6.278290988600213,0.00027298927307128906,31.600956224542728,18.261192222917657,0.016315683912760726,36.497829739695675,36.49783338650879
1748026078.3593938,233.6167065977853,59.65528851846263,6.31927548730749,201.57564277397276,40.70381089462898,6.278290988600213,0.0018150806427001953,32.04106382381255,18.951477623833654,0.04098449870727627,37.22617728277101,37.22619984389262
1748026078.4567945,234.03874546383628,60.286809233030844,6.336457815277582,201.57564277397276,40.70381089462898,6.278290988600213,0.0023407936096191406,32.46310268986352,19.582998338401865,0.05816682667736828,37.912357618255214,37.912402239296306
1748026078.6199713,234.43364661619478,60.84381667063982,6.35009798272131,203.37004526625037,41.97576235227957,6.325924840614935,0.005680084228515625,31.063601349944406,18.86805431836025,0.024173142106375778,36.3448868836988,36.34489492252881
1748026078.7332494,234.84666532369596,61.456007436264336,6.370897545611207,204.5663275748192,42.39976586933238,6.377588248575102,0.002454519271850586,30.280337748876747,19.05624156693196,-0.006690702963894957,35.77763542834148,35.77763605394886
1748026078.8702655,235.24156337910495,62.03530061452286,6.39432169905235,204.5663275748192,42.39976586933238,6.377588248575102,0.0003037452697753906,30.675235804285734,19.635534745190483,0.016733450477247835,36.421481523657384,36.42148536765738
1748026079.0133498,235.6507695040844,62.65491290921026,6.424611635006887,205.762595774908,43.24773414058969,6.424342838061192,0.0014653205871582031,29.8881737291764,19.407178768620568,0.00026879694569448276,35.63623881139293,35.63623881240667
1748026079.133972,236.04883100481737,63.26357215718411,6.459061728506815,205.762595774908,43.24773414058969,6.424342838061192,0.005162954330444336,30.28623522990938,20.015838016594415,0.03471889044562282,36.30275218090152,36.302768782963426
1748026079.257373,236.46435670472204,63.9082714658254,6.491870615783279,206.36071584934035,44.09568290748643,6.445817364295374,0.0018274784088134766,30.103640855381684,19.812588558338973,0.046053251487904845,36.03842197061117,36.03845139616577
1748026079.4099293,236.85380584553377,64.50686405282312,6.516954880062473,206.36071584934035,44.09568290748643,6.445817364295374,0.007737874984741211,30.49308999619342,20.41118114533669,0.07113751576709859,36.69393482939243,36.694003785494004
1748026079.5489988,237.31148294391835,65.23891439810524,6.549717207814897,208.75326279261932,45.36765539935298,6.47533275570385,0.003050565719604492,28.558220151299025,19.87125899875226,0.0743844521110475,34.79136203722922,34.79144155467362
1748026079.6648085,237.71893994248938,65.89301299641906,6.565987613031678,208.75326279261932,45.36765539935298,6.47533275570385,0.0006461143493652344,28.96567714987006,20.525357597066083,0.09065485732782808,35.500714883477244,35.50083063170635
1748026079.7960017,238.12494356430108,66.54675035843542,6.58638932188737,209.351382967513,46.21560461986826,6.517802814430517,0.0009427070617675781,28.773560596788087,20.33114573856716,0.06858650745685235,35.231708395419794,35.23177515494924
1748026079.9439597,238.53525887667428,67.22423895008313,6.6098517042109215,209.351382967513,46.21560461986826,6.517802814430517,0.003984928131103516,29.183875909161287,21.008634330214875,0.09204888978040415,35.95916196885027,35.95927978283377
1748026080.0765183,238.8938605723704,67.79951380364605,6.620335212665224,209.351382967513,46.21560461986826,6.517802814430517,0.0007491111755371094,29.542477604857396,21.58390918377779,0.10253239823470661,36.58719883630158,36.58734250502154
1748026080.2439015,239.28329649162595,68.4413064407882,6.640305306609899,211.7439307300827,47.48757876366793,6.613211742546998,0.0009548664093017578,27.53936576154325,20.953727677120263,0.027093564062901088,34.60455707150398,34.604567677926426
1748026080.3404274,239.67976645955542,69.09109323373045,6.649347220454804,211.7439307300827,47.48757876366793,6.613211742546998,0.0004086494445800781,27.93583572947273,21.603514470062514,0.03613547790780647,35.314625233213015,35.31464372091341
1748026080.4786704,240.0595636138924,69.6941446081959,6.6567496729455655,212.3420642221582,47.91156364684345,6.644690485029396,0.0014443397521972656,27.717499391734208,21.78258096135245,0.012059187916169556,35.25252623385536,35.252528296459445
1748026080.599838,240.4713962002994,70.36031356379948,6.659502339527085,212.3420642221582,47.91156364684345,6.644690485029396,0.001321554183959961,28.12933197814121,22.448749916956032,0.014811854497689403,35.988966230922934,35.98896927895469
1748026080.7527826,240.85948028430875,70.96218247833022,6.660148162186846,214.73461218381655,49.18353928946663,6.780304863946734,0.0007967948913574219,26.124868100492193,21.77864318886359,-0.12015670175988813,34.01202776101344,34.01224000340064
1748026080.8700778,241.2478991234329,71.56739538808725,6.666689466883969,214.73461218381655,49.18353928946663,6.780304863946734,0.017934560775756836,26.513286939616336,22.38385609862062,-0.11361539706276513,34.698579195497125,34.69876520345696
1748026081.064122,241.65558288897773,72.19847738470745,6.682697797856243,215.33273321801525,50.03148960254136,6.880772510790746,0.0028145313262939453,26.322849670962484,22.166987782166082,-0.19807471293450263,34.4131916877059,34.41376172008364
1748026081.1769216,242.0604134671629,72.81548205954252,6.707415496299076,215.33273321801525,50.03148960254136,6.880772510790746,0.0025200843811035156,26.727680249147653,22.783992457001155,-0.1733570144916703,35.120922592969606,35.121350435822315
1748026081.295206,242.43692133756633,73.38626107541856,6.732795472233367,215.33273321801525,50.03148960254136,6.880772510790746,0.00041794776916503906,27.104188119551083,23.354771472877196,-0.14797703855737865,35.77823869575377,35.77854470732806
1748026081.393398,242.84251309198152,74.01220670529344,6.7666546558853105,217.7252803422832,51.30346657166936,7.028584748315111,0.0020792484283447266,25.117232749698303,22.708740133624076,-0.26193009242980025,33.86092525993621,33.86193832066183
1748026081.5939956,243.23345300532372,74.59932580467517,6.8003225977442865,217.7252803422832,51.30346657166936,7.028584748315111,0.0013713836669921875,25.50817266304051,23.295859233005814,-0.22826215057082422,34.54509994212651,34.54585407282461
1748026081.7151608,243.60131699561742,75.15197325422781,6.832185693291168,217.7252803422832,51.30346657166936,7.028584748315111,0.001855611801147461,25.87603665333421,23.84850668255845,-0.19639905502394228,35.18977896879619,35.19032702976125
1748026081.8313837,244.04005755255298,75.82506200545308,6.862271207868085,219.5196775699811,52.57542302728395,7.095613497725024,0.01047658920288086,24.520379982571882,23.24963897816913,-0.23334228985693883,33.790453490666756,33.79125916164044
1748026081.9835703,244.41677950598125,76.38433943113432,6.879992473341508,219.5196775699811,52.57542302728395,7.095613497725024,0.03510856628417969,24.897101936000155,23.808916403850375,-0.21562102438351616,34.448950421415134,34.449625216586526
1748026082.0977352,244.835011032904,77.01456894098123,6.898199711240948,219.5196775699811,52.57542302728395,7.095613497725024,0.0007433891296386719,25.315333462922894,24.43914591369729,-0.19741378648407615,35.18718461784021,35.187738397530815
1748026082.241141,245.22128981978716,77.59089158392433,6.906481047146324,221.31407333668844,53.84737983284103,7.140241585954623,0.0019388198852539062,23.907216483098722,23.743511751083304,-0.2337605388082995,33.69435190419276,33.69516277202237
1748026082.3660872,245.64002333834344,78.22722812315246,6.910773117914184,221.31407333668844,53.84737983284103,7.140241585954623,0.0015993118286132812,24.325950001655002,24.37984829031143,-0.22946846804043908,34.44022134280818,34.44098578611601
1748026082.460802,246.05371454149042,78.85410502188822,6.920351180449816,222.5103513622176,54.27138663117293,7.159498804133179,0.0019028186798095703,23.54336317927283,24.582718390715286,-0.23914762368336273,34.03821372029313,34.03905381843427
1748026082.6188378,246.45061533286975,79.44413207055803,6.918280670359634,222.5103513622176,54.27138663117293,7.159498804133179,0.002019166946411133,23.940263970652154,25.172745439385096,-0.24121813377354506,34.73907528908317,34.7399127536131
1748026082.7430563,246.83931966469203,80.02136355528492,6.91153926046749,223.10846783311723,55.11933702468042,7.168465718892362,0.008852005004882812,23.730851831574796,24.902026530604502,-0.2569264584248723,34.398608314626436,34.39956780525194
1748026082.9076428,247.25903360460023,80.65303702476703,6.897386112935823,225.5010071112116,56.39131596217649,7.18477378276393,0.006157398223876953,21.758026493388627,24.26172106259054,-0.2873876698281066,32.588998539475725,32.590265685917934
1748026083.0126023,247.66595677840445,81.24474247491278,6.878718637758876,225.5010071112116,56.39131596217649,7.18477378276393,0.002215862274169922,22.164949667192843,24.85342651273629,-0.30605514500505393,33.301318339867194,33.302724707221174
1748026083.191141,248.05406583566395,81.79240031136513,6.8609629478421095,226.09912302550603,57.239266658328006,7.194846397926368,0.0010352134704589844,21.954942810157917,24.553133653037122,-0.3338834500842589,32.93745415148549,32.939146378427125
1748026083.3454385,248.47070055367652,82.39823731222616,6.841022810201507,226.09912302550603,57.239266658328006,7.194846397926368,0.005525827407836914,22.37157752817049,25.15897065389815,-0.353823587724861,33.66691677986939,33.66877598894681
1748026083.4756167,248.8838006689814,82.97729345539935,6.81983367811153,227.29539971703437,57.663274278624094,7.202994096172247,0.0044023990631103516,21.588400951947023,25.314019176775254,-0.38316041806071777,33.26948485540725,33.27169118710591
1748026083.5811284,249.29026688820994,83.53632570302958,6.803050839868825,227.29539971703437,57.663274278624094,7.202994096172247,0.0017905235290527344,21.99486717117557,25.87305142440548,-0.3999432563034224,33.95863619004137,33.96099124725087
1748026083.7135072,249.70471929289346,84.11521223259768,6.78634824399612,229.08979120578448,58.93523301169549,7.209922146113635,0.006937742233276367,20.61492808710898,25.179979220902197,-0.4235739021175151,32.54238180591182,32.54513832283243
1748026083.8522286,250.12963167516511,84.70817217718292,6.779544733014559,229.08979120578448,58.93523301169549,7.209922146113635,0.006530046463012695,21.039840469380636,25.77293916548743,-0.43037741309907585,33.27039645397847,33.27317996408833
1748026083.9726708,250.54597052248653,85.27309809595874,6.777475770578343,230.28605079067805,59.78320552334375,7.186571064243799,0.0024378299713134766,20.25991973180848,25.48989257261499,-0.40909529366545616,32.56069672016825,32.56326657235227
1748026084.0910056,250.97337811661174,85.85146055655485,6.775031639065737,230.28605079067805,59.78320552334375,7.186571064243799,0.0018112659454345703,20.687327325933694,26.068255033211102,-0.41153942517806286,33.279414543631304,33.28195903286546
1748026084.2052264,251.38357324308924,86.39509428588698,6.774621922171831,230.28605079067805,59.78320552334375,7.186571064243799,0.0009186267852783203,21.097522452411198,26.61188876254323,-0.4119491420719683,33.960242595422805,33.96274104420347
1748026084.3365667,251.8217605006637,86.97765190363864,6.77200862616488,231.4823248321624,60.20721344639653,7.1425251216892764,0.0048367977142333984,20.339435668501295,26.770438457242115,-0.37051649552439603,33.62066356433332,33.622705140716235
1748026084.5078323,252.2588740888259,87.55224843878398,6.766845973998311,232.0804373791561,61.05516413341463,7.091790393429754,0.05618119239807129,20.178436709669796,26.49708430536935,-0.3249444194314428,33.30562692296904,33.30721203594981
1748026084.6457536,252.67101956090357,88.07532059642023,6.759588206317851,232.0804373791561,61.05516413341463,7.091790393429754,0.0024690628051757812,20.590582181747465,27.0201564630056,-0.3322021871119034,33.97147229468572,33.97309653478354
1748026084.7595873,253.12187211594772,88.65938747528432,6.754493794250479,234.4729867008324,61.90318143547508,7.06359578772637,0.008008003234863281,18.64888541511533,26.756206039809243,-0.30910199347589096,32.61403821778018,32.61550295355258
1748026084.8889792,253.54650300572933,89.19574060651766,6.758734700016144,234.4729867008324,61.90318143547508,7.06359578772637,0.005255937576293945,19.07351630489694,27.292559171042583,-0.3048610877102256,33.29688889878498,33.298284499668
1748026085.0311666,253.97692896066303,89.74186440557418,6.766826288070744,235.0711004498184,62.75113286296683,7.061665790639463,0.0021314620971679688,18.90582851084463,26.99073154260735,-0.2948395025687187,32.95345112255414,32.954770082930935
1748026085.20418,254.41089255081766,90.29595867105482,6.780366935453732,235.0711004498184,62.75113286296683,7.061665790639463,0.0016124248504638672,19.33979210099926,27.544825808087992,-0.2812988551857307,33.65627708627001,33.65745261236674
1748026085.3348086,254.84291105287423,90.85153043284353,6.793361304218696,237.46364951299563,63.59915150661153,7.055267022948569,0.001753091812133789,17.3792615398786,27.252378926232005,-0.26190571872987256,32.322297084372536,32.32335817046151
1748026085.4807837,255.27379960861902,91.41380342046745,6.805047681451946,237.46364951299563,63.59915150661153,7.055267022948569,0.0013608932495117188,17.810150095623385,27.81465191385592,-0.2502193414966234,33.02811389585549,33.029061706873556
1748026085.59792,255.7089839311193,91.98050250581949,6.823738860791336,238.06177955623525,64.02313884736682,7.076946141600601,0.0011105537414550781,17.64720437488404,27.957363658452664,-0.25320728080926536,33.06112528302532,33.06209489592199
1748026085.7105668,256.12418236066185,92.52431440456496,6.846839048418221,238.06177955623525,64.02313884736682,7.076946141600601,0.0012395381927490234,18.062402804426597,28.501175557198138,-0.23010709318238032,33.74266443557157,33.74344903067734
1748026085.8538206,256.558052102825,93.10523295072329,6.871911171076066,239.25803882187125,64.87111354760833,7.104488394464908,0.00313568115234375,17.30001328095375,28.23411940311496,-0.23257722338884168,33.11277635581965,33.113593132660306
1748026085.9951673,256.9873813864194,93.68194244935836,6.903160521802176,239.25803882187125,64.87111354760833,7.104488394464908,0.0033597946166992188,17.72934256454812,28.81082890175003,-0.20132787266273144,33.82888484382854,33.8294839258497
1748026086.1299963,257.4211589485298,94.25985331603974,6.943660155390021,239.25803882187125,64.87111354760833,7.104488394464908,0.0008978843688964844,18.163120126658555,29.388739768431407,-0.16082823907488653,34.54847258435618,34.548846921923385
1748026086.2597115,257.817721698093,94.78577826715374,6.977416065071754,241.6505891266516,65.71913449112868,7.166691288868602,0.0010371208190917969,16.167132571441414,29.06664377602506,-0.18927522379684802,33.26027594571185,33.26081449837393
1748026086.3692458,258.243576826856,95.3407751824767,7.014924651654522,241.6505891266516,65.71913449112868,7.166691288868602,0.0074231624603271484,16.59298770020439,29.62164069134802,-0.15176663721408,33.9524496622329,33.9527888571562
1748026086.475119,258.6840959419553,95.9329550518882,7.055286750987387,241.6505891266516,65.71913449112868,7.166691288868602,0.0019299983978271484,17.033506815303724,30.213820560759515,-0.1114045378812154,34.68451105759995,34.68468996943512
1748026086.622501,259.11835375090243,96.48911151479896,7.105369513403184,243.4449802540336,66.99109864730858,7.299910696396314,0.0013003349304199219,15.673373496868834,29.498012867490388,-0.19454118299313006,33.40340401670134,33.4039705151178
1748026086.7449038,259.5204073469353,97.00876156236015,7.156028772294013,243.4449802540336,66.99109864730858,7.299910696396314,0.00054931640625,16.07542709290172,30.017662915051574,-0.14388192410230083,34.05112983589327,34.05143381869469
1748026086.8751085,259.9674610984985,97.60745312760085,7.213375799625476,244.04309584318608,67.83905194088047,7.389776056311303,0.0021097660064697266,15.924365255312438,29.768401186720382,-0.17640025668582648,33.76008172380715,33.760542576337485
1748026087.008362,260.43483392955693,98.26790293919393,7.272869402549365,244.04309584318608,67.83905194088047,7.389776056311303,0.00032067298889160156,16.39173808637085,30.428850998313465,-0.11690665376193721,34.563044578997136,34.563242291999124
1748026087.139518,260.7721875264115,98.654233392234,7.32504231226059,246.43563351489937,69.1110409596227,7.595076732422664,0.0223848819732666,14.336554011512163,29.543192432611306,-0.2700344201620739,32.83804196408957,32.839152221447186
1748026087.317042,261.2411043623092,99.35937518333361,7.3963651610959,247.0337665591133,69.53503035060211,7.721346015294759,0.0023887157440185547,14.207337803195912,29.824344832731498,-0.32498085419885925,33.0354354013353,33.037033836459855
1748026087.4329493,261.6397054591349,99.87739499688547,7.461807026636817,247.0337665591133,69.53503035060211,7.721346015294759,0.0010645389556884766,14.605938900021613,30.342364646283357,-0.2595389886579422,33.67480576750504,33.67580591412512
1748026087.553107,262.0332315188508,100.41257812801723,7.521445722585716,248.23004463111067,69.95904340439472,7.857891684601261,0.0003871917724609375,13.80318688774014,30.45353472362251,-0.3364459620155458,33.435695677236374,33.437388374484634
1748026087.6669333,262.47251407158416,101.02352711238655,7.589944732958534,248.23004463111067,69.95904340439472,7.857891684601261,0.0031499862670898438,14.242469440473485,31.064483707991826,-0.2679469516427275,34.173821615483845,34.17487204622434
1748026087.8424284,262.827425475158,101.49582164613139,7.64490013231747,248.8281616208816,70.80699790073885,8.004358680124554,0.0016312599182128906,13.999263854276421,30.68882374539254,-0.3594585478070842,33.73104343683159,33.73295868709133
1748026087.9749196,263.257381671586,102.11392029133737,7.716134962464413,248.8281616208816,70.80699790073885,8.004358680124554,0.0014655590057373047,14.42922005070443,31.306922390598515,-0.28822371766014054,34.47210148573205,34.47330639428181
1748026088.1240942,263.64482021808294,102.649492101204,7.773393388299774,248.8281616208816,70.80699790073885,8.004358680124554,0.14770913124084473,14.816658597201354,31.842494200465154,-0.23096529182477976,35.120902734592086,35.121662173916334
1748026088.2452126,264.05587940381514,103.24432388801043,7.830655338265045,248.8281616208816,70.80699790073885,8.004358680124554,0.2688274383544922,15.227717782933553,32.43732598727158,-0.1737033418595093,35.833831864331714,35.83425287252642
1748026088.4514751,264.4399093533188,103.77294169691552,7.885364842511716,251.2207167738177,71.65502493066377,8.268759044020882,0.17315149307250977,13.219192579501083,32.11791676625175,-0.3833942015091658,34.73193962130264,34.73405563667397
1748026088.5474124,264.87082776092797,104.42104063967764,7.95275267620308,251.2207167738177,71.65502493066377,8.268759044020882,0.07721424102783203,13.650110987110253,32.76601570901387,-0.31600636781780267,35.49559571839543,35.49700234425821
1748026088.6783872,265.26305051870884,104.94681886268634,8.006234748682648,251.2207167738177,71.65502493066377,8.268759044020882,0.0016751289367675781,14.042333744891124,33.29179393202257,-0.26252429533823474,36.132128088657645,36.13308178416015
1748026088.8443084,265.6519019351979,105.48349192197503,8.065355577425466,253.6132406816868,73.35098330543539,8.614844247411453,0.0034379959106445312,12.038661253511094,32.13250861653964,-0.5494886699859869,34.31366309167215,34.318062482710566
1748026088.9642658,266.0981203732961,106.12650429242422,8.130243035185515,253.6132406816868,73.35098330543539,8.614844247411453,0.002177000045776367,12.484879691609336,32.77552098698882,-0.48460121222593777,35.07288121729528,35.07622891956025
1748026089.089356,266.50803578731086,106.70426107071762,8.190276828377492,254.80951654534152,73.77499735746974,8.717491030662112,0.0017497539520263672,11.698519241969336,32.92926371324788,-0.52721420228462,34.94555424015121,34.94953098349735
1748026089.1825242,266.88967966664217,107.2438959944156,8.238805159182476,254.80951654534152,73.77499735746974,8.717491030662112,0.002172708511352539,12.080163121300643,33.46889863694585,-0.4786858714796356,35.58226407927674,35.58548379846678
1748026089.28885,267.29558724746107,107.83575765243015,8.288238218772022,256.60390618788927,75.04696655058605,8.919003472570584,0.0010459423065185547,10.691681059571806,32.7887911018441,-0.6307652537985611,34.487923477646156,34.49369117107325
1748026089.43508,267.72301266166784,108.4581518754998,8.341665495120617,256.60390618788927,75.04696655058605,8.919003472570584,0.0019295215606689453,11.119106473778572,33.411185324913745,-0.5773379774499663,35.21280780612299,35.21754041285624
1748026089.545765,268.06550477628394,108.9234141501085,8.380159475561465,257.8001818369366,75.47098127734317,9.026654465554891,0.0017523765563964844,10.265322939347357,33.45243287276533,-0.6464949899934265,34.992029380359774,34.99800102760225
1748026089.6723664,268.46500998856516,109.4909667964451,8.434024987554189,257.8001818369366,75.47098127734317,9.026654465554891,0.0004515647888183594,10.66482815162857,34.01998551910192,-0.5926294780007026,35.652460984112636,35.657386106133316
1748026089.8269987,268.8502410931153,110.01001182136278,8.482429819937085,258.39829529019204,76.31893635899839,9.122216510657744,0.002022981643676758,10.451945802923262,33.691075462364395,-0.6397866907206584,35.275086631757226,35.28088808246755
1748026089.9793558,269.25091168810593,110.53883867883602,8.533268517981123,258.39829529019204,76.31893635899839,9.122216510657744,0.0009481906890869141,10.852616397913891,34.21990231983763,-0.588947992676621,35.89959606262302,35.90442670754647
1748026090.0984254,269.695465378319,111.1300106861153,8.58786070277595,260.1926811978586,77.59090598509795,9.261929341092966,0.0034661293029785156,9.502784180460424,33.53910470101735,-0.6740686383170154,34.85935242264568,34.86586898179043
1748026090.2291172,270.082021768381,111.61939769639932,8.630332222376909,260.1926811978586,77.59090598509795,9.261929341092966,0.0011000633239746094,9.88934057052245,34.02849171130137,-0.6315971187160567,35.436383916335025,35.442012075872015
1748026090.3793592,270.5028651555689,112.14883374740958,8.674563324954404,261.38895456292056,78.01492095448026,9.32837313326822,0.00010323524475097656,9.113910592648324,34.13391279292932,-0.6538098083138166,35.32969528379903,35.33574445390303
1748026090.5327206,270.91333501900715,112.66374009580599,8.71521786940896,261.38895456292056,78.01492095448026,9.32837313326822,0.0017383098602294922,9.52438045608659,34.64881914132573,-0.6131552638592606,35.93402970668033,35.93926057027583
1748026090.647354,271.3438092036919,113.2033631213516,8.753859029882324,261.9870666169201,78.86287622839058,9.40544085177435,0.00011730194091796875,9.356742586771759,34.340486892961025,-0.6515818218920248,35.59238221699604,35.598345899091385
1748026090.751263,271.7725321702331,113.73754513851102,8.79555906612114,261.9870666169201,78.86287622839058,9.40544085177435,0.003682851791381836,9.785465553312974,34.87466891012045,-0.6098817856532097,36.221511118196005,36.22664521423517
1748026090.858734,272.18341530824995,114.2591473680304,8.835142302078973,263.1833396870803,79.2868915670668,9.472387762923017,0.0010395050048828125,9.000075621169628,34.972255800963595,-0.6372454608440439,36.11177144636917,36.1173935766712
1748026091.029505,272.58562003415784,114.7733028424453,8.87155643269052,263.1833396870803,79.2868915670668,9.472387762923017,0.001844644546508789,9.402280347077522,35.4864112753785,-0.6008313302324968,36.7108738785983,36.71579032538643
1748026091.1744535,273.0331455748959,115.3639025463084,8.91164936958076,264.97772366754145,80.55886259589278,9.604293785171793,0.0018155574798583984,8.055421907354457,34.80503995041562,-0.6926444155910332,35.72507002170203,35.731783951294155
1748026091.3315616,273.4389091977931,115.89197920766341,8.94331557280541,265.57585205285943,80.98285322781555,9.661163597433209,0.0003056526184082031,7.863057144933691,34.90912597984786,-0.7178480246277985,35.78372177878346,35.79092133667201
1748026091.4454107,273.84829135362503,116.42815956269447,8.980162921896804,265.57585205285943,80.98285322781555,9.661163597433209,0.0015532970428466797,8.272439300765598,35.44530633487892,-0.6810006755364046,36.397843248718175,36.40421342479934
1748026091.561082,274.2330102542422,116.9427579183795,9.013541358967569,265.57585205285943,80.98285322781555,9.661163597433209,0.0013298988342285156,8.657158201382742,35.959904690563945,-0.6476222384656403,36.98731043855732,36.99297971293968
1748026091.6773307,274.6427173076523,117.51887679831242,9.05253080016012,266.7721061059353,81.83083391354116,9.714806227259071,0.004271507263183594,7.870611201716997,35.688042884771264,-0.662275427098951,36.54562799616208,36.551628340953634
1748026091.8601768,275.00123321273486,117.98484443161871,9.084592859838573,268.5665058840686,82.67884097628493,9.824720707742715,0.0011072158813476562,6.43472732866627,35.30600345533378,-0.7401278479041427,35.88759668440233,35.89522788635794
1748026091.980805,275.4264317605983,118.59099666496792,9.120963094938586,268.5665058840686,82.67884097628493,9.824720707742715,0.0006451606750488281,6.859925876529701,35.91215568868299,-0.7037576128041287,36.561475753033925,36.56824830392163
1748026092.0646117,275.81765560372986,119.14558356928976,9.151850407685272,268.5665058840686,82.67884097628493,9.824720707742715,0.0010807514190673828,7.251149719661271,36.466742593004824,-0.6728703000574434,37.18067357648885,37.18676165037923
1748026092.2425766,276.2106335430245,119.72143302820768,9.18081253699482,269.1646167881209,83.52679709689131,9.904686303211744,0.0005855560302734375,7.046016754903633,36.19463593131637,-0.7238737662169239,36.87408334197503,36.881187827134006
1748026092.4001026,276.5285164855684,120.1911124470756,9.19950865963281,270.3608899016341,83.95081426561606,10.000928434572256,0.006453752517700195,6.167626583934293,36.240298181459536,-0.8014197749394452,36.761376877912944,36.77011155293952
1748026092.5503228,276.94008442232723,120.81294854846541,9.239578470482536,270.3608899016341,83.95081426561606,10.000928434572256,0.0018706321716308594,6.579194520693136,36.862134282849354,-0.7613499640897192,37.44466242908241,37.45240176805428
1748026092.671655,277.30463870316265,121.33487523070204,9.271157634193894,271.557145068355,84.79879662643278,10.106663279492782,0.0013821125030517578,5.747493634807654,36.536078604269264,-0.8355056452988876,36.98538526039031,36.99482115841112
1748026092.788344,277.7027688911774,121.90596182000519,9.315250864276472,271.557145068355,84.79879662643278,10.106663279492782,8.869171142578125e-05,6.145623822822415,37.10716519357241,-0.7914124152163104,37.61263618619033,37.62096137109833
1748026092.901183,278.0844245798863,122.43209424701601,9.36292093368421,273.3515471515152,85.64680628565998,10.300674837440534,0.00755620002746582,4.732877428371069,36.78528796135603,-0.9377539037563238,37.08850952993217,37.10036282215956
1748026093.0377192,278.47763450792723,122.978269922821,9.413769651550686,273.3515471515152,85.64680628565998,10.300674837440534,0.0019321441650390625,5.126087356412029,37.33146363716102,-0.886905185889848,37.68175883472324,37.692194811220546
1748026093.165709,278.90806020323816,123.5967221402137,9.46461726276762,273.9496569411353,86.49476287012709,10.373742616804222,0.004168033599853516,4.958403262102877,37.10195927008661,-0.9091253540366022,37.43181994759002,37.44285851131228
1748026093.2936602,279.29946892756243,124.14404197078312,9.508637800843614,273.9496569411353,86.49476287012709,10.373742616804222,0.00128173828125,5.349811986427142,37.64927910065603,-0.8651048159606081,38.02747303055009,38.03731209525474
1748026093.4504654,279.7084448258664,124.7238661618535,9.55275855199868,274.5477666780498,87.34271956251965,10.448999863079536,0.0015232563018798828,5.160678147816611,37.381146599333846,-0.8962413110808551,37.73569556833742,37.74633715360906
1748026093.545981,280.0777354669983,125.21784986870895,9.599427761376546,274.5477666780498,87.34271956251965,10.448999863079536,0.0012576580047607422,5.5299687889485085,37.875130306189305,-0.8495721017029894,38.27670375721457,38.286130951998224
1748026093.6937318,280.4979031615024,125.78272450931664,9.647208005915036,275.7440378936532,87.76673752923001,10.522146557024408,0.0009427070617675781,4.753865267849164,38.01598698008662,-0.8749385511093717,38.31206730333118,38.32205655393765
1748026093.8314188,280.93011626697466,126.36639178212346,9.699604691034764,275.7440378936532,87.76673752923001,10.522146557024408,0.009498357772827148,5.186078373321436,38.599654252893444,-0.8225418659896437,38.946485301463944,38.955170291739876
1748026094.0013647,281.34569527341034,126.92000791651338,9.74521897035282,277.5384189758373,89.03871300617574,10.688249932660538,0.0012402534484863281,3.8072762975730257,37.881294910337644,-0.9430309623077182,38.07214016692566,38.08381761701294
1748026094.1135778,281.7592250970392,127.46709888625912,9.786185878995928,277.5384189758373,89.03871300617574,10.688249932660538,0.015915870666503906,4.220806121201861,38.42838588008338,-0.9020640536646098,38.659488429897344,38.67001118720139
1748026094.2619357,282.19416090394014,128.06156472402657,9.823515246709055,278.1365288503352,89.88667036986367,10.781611058682392,0.005050182342529297,4.057632053604948,38.1748943541629,-0.9580958119733367,38.389932753704336,38.40188646953248
1748026094.381472,282.58350168094034,128.56915171452783,9.850089583500951,278.1365288503352,89.88667036986367,10.781611058682392,0.0008740425109863281,4.446972830605148,38.68248134466417,-0.9315214751814409,38.937256327795254,38.948397432951666
1748026094.4945629,283.0277524827771,129.17519860237118,9.873316981025685,279.33278129722714,90.7346541437264,10.868445647526327,0.0009393692016601562,3.694971185549946,38.44054445864478,-0.9951286665006425,38.617719641883184,38.630539103175636
1748026094.647535,283.41460033688946,129.67231919396488,9.889629479458502,279.33278129722714,90.7346541437264,10.868445647526327,0.0037393569946289062,4.081819039662321,38.93766505023848,-0.9788161680678247,39.15102816321831,39.16326195974978
1748026094.7602053,283.8251717249417,130.22035164515498,9.913815930688465,281.12716151093025,92.0066309602393,11.046052550013494,0.015769243240356445,2.698010214011447,38.21372068491567,-1.1322366193250293,38.308846337362624,38.32557458749709
1748026094.903654,284.28925036783716,130.83656705458574,9.938322970744922,281.12716151093025,92.0066309602393,11.046052550013494,0.006334781646728516,3.162088856906905,38.82993609434644,-1.1077295792685717,38.95847459834641,38.97421978501673
1748026095.0157988,284.7056398175957,131.3878002366428,9.9625165990449,281.7252887791526,92.43062358191668,11.12042191867978,0.0016777515411376953,2.980351038443075,38.95717665472611,-1.1579053196348799,39.07101361904866,39.08816764634951
1748026095.158019,285.1601940011996,131.9855464032414,9.985074816999202,281.7252887791526,92.43062358191668,11.12042191867978,0.0013909339904785156,3.434905222047007,39.55492282132471,-1.135347101680578,39.70378436982299,39.72001392656723
1748026095.306526,285.58528883367313,132.52815088961444,10.007793353896009,282.92153909123584,93.27860769426032,11.178256168131195,0.0014960765838623047,2.6637497424372896,39.24954319535412,-1.1704628142351865,39.33982973697654,39.35723805011997
1748026095.4189498,285.9927223510208,133.03776363295287,10.02811850332759,282.92153909123584,93.27860769426032,11.178256168131195,0.0030374526977539062,3.0711832597849593,39.75915593869256,-1.150137664803605,39.87759580983356,39.894178324919224
1748026095.5513313,286.43176148113264,133.6218057442295,10.048446865517858,284.7159127960033,94.55058391861154,11.238056074863792,0.001684427261352539,1.7158486851293446,39.07122182561797,-1.1896092093459334,39.10888021481702,39.126968726542906
1748026095.6881795,286.89524919685874,134.21390441469143,10.06825340208174,284.7159127960033,94.55058391861154,11.238056074863792,0.006156444549560547,2.1793364008554477,39.66332049607989,-1.1698026727820512,39.72314816228498,39.74036912531252
1748026095.8468144,287.3175290302634,134.7558259303942,10.08378169381705,285.31401696472085,95.39854065336144,11.233416221305784,0.005445003509521484,2.003512065542566,39.35728527703276,-1.1496345274887343,39.408247423280756,39.425012676235234
1748026095.987887,287.75304505435423,135.29567020831257,10.101008309459331,285.31401696472085,95.39854065336144,11.233416221305784,0.0002989768981933594,2.439028089633382,39.897129554951135,-1.1324079118464532,39.971612486195454,39.98764999878573
1748026096.1080956,288.19810267385174,135.83578506072985,10.106145709875022,287.1083864915021,96.67051653405268,11.223512884114236,0.003870248794555664,1.0897161823496617,39.16526852667717,-1.117367174239213,39.1804254714622,39.19635505409745
1748026096.232432,288.61645126656373,136.30847340569855,10.104244788632611,287.1083864915021,96.67051653405268,11.223512884114236,0.00021767616271972656,1.508064775061655,39.63795687164587,-1.1192680954816243,39.66663439623079,39.682422373058365
1748026096.343784,289.07585988122116,136.8500723273056,10.110203381415957,287.1083864915021,96.67051653405268,11.223512884114236,0.0018050670623779297,1.967473389719089,40.17955579325293,-1.1133095026982787,40.22769761348986,40.2431001953276
1748026096.497193,289.5454717697646,137.4006229506978,10.11362267268647,288.3046528507811,97.0945361889241,11.240458485132397,0.0015785694122314453,1.240818918983507,40.3060867617737,-1.1268358124459272,40.325181483005586,40.34092240623096
1748026096.6585107,290.01483116643504,137.94705375926185,10.124725799296783,290.099004422446,98.79047872010308,11.28785178784974,0.014682531356811523,-0.08417325601095627,39.15657503915877,-1.1631259885529577,39.1566655109229,39.173936692647395
1748026096.7769735,290.4922016675995,138.5100658066012,10.138581059425302,290.099004422446,98.79047872010308,11.28785178784974,0.0018317699432373047,0.39319724515348753,39.71958708649812,-1.1492707284244386,39.721533233191096,39.738155790156114
1748026096.8930678,290.95063533449985,139.03134542659575,10.155640263360796,290.099004422446,98.79047872010308,11.28785178784974,0.0012667179107666016,0.8516309120538494,40.24086670649267,-1.1322115244889446,40.249877372484946,40.26579853220672
1748026097.0356188,291.39889053689666,139.54175007707664,10.177221852244706,291.2952513640828,99.638464113485,11.32048373297067,0.0031783580780029297,0.10363917281387103,39.90328596359164,-1.143261880725964,39.903420552257316,39.919794832867474
1748026097.148297,291.88128599502056,140.12317444731806,10.20265151789808,291.2952513640828,99.638464113485,11.32048373297067,0.001081228256225586,0.5860346309377746,40.484710333833064,-1.1178322150725908,40.48895167083272,40.50437947017683
1748026097.2789917,292.33357799040357,140.64893109052946,10.232203926327022,291.89337536073543,100.0624571191859,11.35084529385254,0.002415180206298828,0.4402026296681356,40.586473971343565,-1.1186413675255178,40.588861129399966,40.604273251603146
1748026097.4286091,292.8828146987987,141.31690500974787,10.263237696661884,291.89337536073543,100.0624571191859,11.35084529385254,0.006190299987792969,0.9894393380632778,41.25444789056198,-1.0876075971906563,41.26631145327627,41.28064136183288
1748026097.562261,293.3449046164337,141.84880681729737,10.289231550083368,293.08962121343137,100.91044265164842,11.36978197062162,0.0014467239379882812,0.25528340300235186,40.93836416564895,-1.080550420538252,40.9391601058832,40.953417676507335
1748026097.7092345,293.8158674641317,142.37332341123553,10.312150731323204,294.8839907873638,102.1824218664834,11.428173687978532,0.0011532306671142578,-1.0681233232321006,40.19090154475214,-1.1160229566553284,40.20509239404372,40.22057883289814
1748026097.8362737,294.318353983326,142.92888635120764,10.33531598272873,294.8839907873638,102.1824218664834,11.428173687978532,0.00011324882507324219,-0.5656368040378084,40.74646448472424,-1.092857705249802,40.750390341676194,40.76504202086513
1748026097.9642937,294.76719598007645,143.37379982969404,10.361889161221956,294.8839907873638,102.1824218664834,11.428173687978532,0.00019788742065429688,-0.1167948072873628,41.19137796321064,-1.0662845267565757,41.19154354397374,41.205342156413224
1748026098.1186771,295.2975504346548,143.95595638903993,10.39531557225154,296.08025817432934,102.60644390604448,11.49981259387878,0.001371145248413086,-0.7827077396745494,41.34951248299545,-1.104497021627239,41.35691978360022,41.37166575880075
1748026098.3037517,295.788431599754,144.42416817655737,10.429377459837,297.8746110814921,104.30239047869836,11.651404517325092,0.0022263526916503906,-2.0861794817380996,40.12177769785902,-1.2220270574880931,40.17597777859852,40.19455859436293
1748026098.4137132,296.29522041760566,144.91793281386924,10.477441421881853,297.8746110814921,104.30239047869836,11.651404517325092,0.0016276836395263672,-1.5793906638864428,40.615542335170886,-1.1739630954432396,40.64623911322215,40.663189046097855
1748026098.5464375,296.8390486286509,145.4869847488915,10.5289800203994,297.8746110814921,104.30239047869836,11.651404517325092,0.0012547969818115234,-1.0355624528411909,41.184594270193145,-1.1224244969256922,41.197611518074204,41.212898849091644
1748026098.6521792,297.31847510453684,145.9214045169748,10.58514353531164,299.0708771829704,104.72641285814063,11.706837889687217,0.00017213821411132812,-1.7524020784335335,41.19499165883417,-1.1216943543755757,41.23224770511444,41.24750233699676
1748026098.7592916,297.854983958367,146.43776801658657,10.644177823555502,299.0708771829704,104.72641285814063,11.706837889687217,0.0031425952911376953,-1.2158932246034055,41.71135515844594,-1.0626600661317145,41.729073144363646,41.74260164273188
1748026098.913976,298.3988588085533,146.95579856140944,10.70119638580624,300.2671225554825,105.57440026856352,11.7529713914179,0.004416942596435547,-1.8682637469291876,41.381398292845915,-1.0517750056116597,41.423550476742584,41.43690100335292
1748026099.0269234,298.9440122887149,147.46871903829427,10.757599195146604,300.2671225554825,105.57440026856352,11.7529713914179,0.010453939437866211,-1.3231102667676282,41.894318769730745,-0.9953721962712958,41.91520685810628,41.92702388396951
1748026099.1527429,299.4388639789994,147.9045532982054,10.81281525460926,302.0614924591347,106.84638268979693,11.873265068469932,0.00558018684387207,-2.6226284801352904,41.058170608408474,-1.0604498138606715,41.14184674821968,41.15551126716459
1748026099.2962785,300.002886464397,148.42854607788806,10.869728308591275,302.0614924591347,106.84638268979693,11.873265068469932,0.0010368824005126953,-2.058605994737661,41.58216338809113,-1.0035367598786564,41.63308985260974,41.645182875140605
1748026099.4559462,300.55450935034025,148.91997388301968,10.92813343050245,303.2577393354597,107.69437151027071,11.966890709609444,0.0006020069122314453,-2.7032299851194352,41.225602372748966,-1.038757279106994,41.31413490983993,41.327191533339786
1748026099.5624628,301.06739697344005,149.35503931609713,10.984262817008428,303.2577393354597,107.69437151027071,11.966890709609444,0.0007433891296386719,-2.190342362019635,41.66066780582642,-0.9826278926010161,41.71820755605734,41.72977832753964
1748026099.7144372,301.64866993631716,149.8464025657418,11.04630070787838,303.85586605494973,108.1183672235131,12.084958135247478,0.0015692710876464844,-2.2071961186325666,41.72803534222871,-1.0386574273690972,41.786369167808715,41.79927580090143
1748026099.833217,302.1712895807299,150.2460194781297,11.098252553509528,303.85586605494973,108.1183672235131,12.084958135247478,0.009799003601074219,-1.6845764742198526,42.127652254616606,-0.9867055817379491,42.16131974195541,42.17286414613586
1748026099.9537623,302.7645800485362,150.7016324845768,11.153276343670711,306.2483836109544,109.39038247071336,12.363317966501162,0.0015397071838378906,-3.4838035624182453,41.31125001386344,-1.2100416228304507,41.45788543774815,41.475540571503494
1748026100.106328,303.347461788969,151.12872567190632,11.202523769780704,306.2483836109544,109.39038247071336,12.363317966501162,0.006100893020629883,-2.9009218219854347,41.73834320119296,-1.1607941967204578,41.83903250073838,41.855132107842905
1748026100.2494168,303.934582148399,151.54200743139626,11.253881959398887,307.44463144489566,110.23837285467908,12.495348856765071,0.0013668537139892578,-3.5100492964966747,41.30363457671717,-1.241466897366184,41.45251108570894,41.47109734945627
1748026100.3602958,304.48287789734525,151.89403064438795,11.302846992272649,307.44463144489566,110.23837285467908,12.495348856765071,0.0014672279357910156,-2.9617535475504155,41.65565778970887,-1.1925018644924226,41.760816682265215,41.77783946862952
1748026100.5041986,305.0913641559857,152.31455468471933,11.36561897876062,308.04275763885533,110.66236900204552,12.610714915114556,0.0014238357543945312,-2.951393482869662,41.6521856826738,-1.2450959363539358,41.75661978219336,41.77517874917338
1748026100.610075,305.7452410255935,152.76184776755815,11.434578958429087,308.04275763885533,110.66236900204552,12.610714915114556,0.001983642578125,-2.2975166132618483,42.09947876551263,-1.176135956685469,42.16212393744014,42.178525231504615
1748026100.8312538,306.31962692123227,153.12738842184677,11.49464865007314,310.4352681848387,111.93438403674142,12.774173989333724,0.0012264251708984375,-4.115641263606449,41.193004385105354,-1.2795253392605836,41.39809311166408,41.41786206910998
1748026100.9187665,306.93987275456533,153.52051999097517,11.56092100707665,310.4352681848387,111.93438403674142,12.774173989333724,0.005873441696166992,-3.4953954302733905,41.586135954233754,-1.2132529822570728,41.73277480371979,41.75040689163335
1748026101.0375972,307.600300169627,153.94492647681395,11.62177966189688,311.6315326155286,112.35840904973242,12.83570801462109,0.002776622772216797,-4.031232445901594,41.58651742708153,-1.21392835272421,41.78144644152289,41.799077606944785
1748026101.1458282,308.2227429817674,154.30165812589007,11.669875924567124,311.6315326155286,112.35840904973242,12.83570801462109,0.0009992122650146484,-3.4087896337612165,41.943249076157656,-1.165832090053966,42.08153977496354,42.09768585437966
1748026101.2828128,308.8482399148423,154.6616243703375,11.705695448724253,312.82777546135515,113.20639916327406,12.888033218838425,0.0019376277923583984,-3.9795355465128637,41.45522520706345,-1.182337770114172,41.6457969083833,41.662577005472755
1748026101.4133513,309.4315284041798,154.98115184309614,11.741559559774542,312.82777546135515,113.20639916327406,12.888033218838425,0.0029180049896240234,-3.3962470571753443,41.774752679822086,-1.1464736590638829,41.91258111275986,41.92825845876027
1748026101.5530365,310.07868596443086,155.35874977866126,11.770386791528962,314.62216454153,114.05442130233224,13.053030072992051,0.0016880035400390625,-4.543478577099165,41.30432847632902,-1.2826432814630895,41.5534685491,41.57325970198303
1748026101.6871858,310.7182677043072,155.72948889860538,11.791087745858563,314.62216454153,114.05442130233224,13.053030072992051,0.005537748336791992,-3.903896837222817,41.67506759627314,-1.2619423271334878,41.85751628644029,41.87653481493693
1748026101.8151667,311.34392386578355,156.07730254559948,11.809741152421257,315.81842970193844,114.47844762709022,13.14126605609498,0.0009181499481201172,-4.47450583615489,41.59885491850926,-1.3315249036737224,41.838808933918834,41.859991538198734
1748026101.9742684,311.905613209396,156.35709975574784,11.82000074045121,315.81842970193844,114.47844762709022,13.14126605609498,0.0032720565795898438,-3.912816492542447,41.87865212865762,-1.3212653156437693,42.06104655161866,42.08179391437294
1748026102.0902474,312.53544719898656,156.69649850608292,11.834312144970657,315.81842970193844,114.47844762709022,13.14126605609498,0.003751039505004883,-3.2829825029518815,42.2180508789927,-1.3069539111243227,42.34550500508767,42.36566915158674
1748026102.2065089,313.1605742258497,157.0046808818337,11.847650460823406,318.21095761270266,115.32650025756712,13.277034445123398,0.07947921752929688,-5.050383386852957,41.67818062426659,-1.4293839842999922,41.98305744586965,42.00738329243759
1748026102.380397,313.7931809226372,157.31329850014257,11.85984754253465,318.21095761270266,115.32650025756712,13.277034445123398,0.0010986328125,-4.417776690065466,41.986798242575446,-1.4171869025887478,42.21857384547733,42.24235310991673
1748026102.495621,314.4612032739842,157.6423754530314,11.88056873183142,318.21095761270266,115.32650025756712,13.277034445123398,0.002164602279663086,-3.7497543387184464,42.31587519546429,-1.3964657132919776,42.481689598682955,42.50463583713249
1748026102.6000905,315.12330759039554,157.95516633875695,11.895348446019543,320.6034823382992,116.1745528710098,13.360097969593625,0.000812530517578125,-5.480174747903675,41.78061346774716,-1.4647495235740813,42.138485699047806,42.16393563432696
1748026102.785316,315.80075367908256,158.26431094232663,11.91745715734217,321.7997654325904,116.1746142231904,13.388739608468102,4.6253204345703125e-05,-5.99901175350783,42.08969671913623,-1.4712824511259317,42.515064529265295,42.54051461816821
1748026102.9139771,316.391728909003,158.5028433214582,11.924690773887315,321.7997654325904,116.1746142231904,13.388739608468102,8.749961853027344e-05,-5.408036523587384,42.328229098267784,-1.4640488345807867,42.672307620234214,42.69741533893985
1748026103.0710351,317.08917439188787,158.8096230168796,11.93659764126897,324.1922872770838,117.0226674360238,13.429099953971422,0.0019690990447998047,-7.103112885195912,41.78695558085582,-1.4925023127024524,42.386364191521,42.41263293559686
1748026103.2052877,317.75839689536906,159.0866065201586,11.941166555644791,324.1922872770838,117.0226674360238,13.429099953971422,0.0019910335540771484,-6.433890381714718,42.0639390841348,-1.4879333983266303,42.55314226608564,42.57914821265898
1748026103.319075,318.4568438280953,159.36542058396407,11.946359050954928,324.1922872770838,117.0226674360238,13.429099953971422,0.004329204559326172,-5.7354434489884625,42.34275314794027,-1.4827409030164933,42.729428450471346,42.75514678128738
1748026103.562196,319.160434692262,159.63385690274114,11.949930748494904,324.1922872770838,117.0226674360238,13.429099953971422,0.002295970916748047,-5.031852584821763,42.61118946671735,-1.4791692054765182,42.90726055347581,42.93274915192703
1748026103.6925442,319.86369331355627,159.89792083109324,11.95186387527566,324.1922872770838,117.0226674360238,13.429099953971422,0.007485151290893555,-4.32859396352751,42.87525339506945,-1.4772360786957623,43.0932022411018,43.11851465234745
1748026103.831432,320.5348909293439,160.12383273971426,11.958317292367092,327.7810913041734,117.87078405139972,13.497603897434123,0.005200862884521484,-7.246200374829527,42.253048688314536,-1.5392866050670317,42.86989087144097,42.89751678805892
1748026103.963916,321.2198944370801,160.36652349920644,11.963811921518705,327.7810913041734,117.87078405139972,13.497603897434123,0.0022149085998535156,-6.561196867093315,42.49573944780671,-1.5337919759154186,42.9992694768717,43.02661610410483
1748026104.047972,321.8891726125709,160.5786356453656,11.976214677807082,327.7810913041734,117.87078405139972,13.497603897434123,0.0004787445068359375,-5.891918691602484,42.707851593965884,-1.521389219627041,43.112356623602345,43.1391923753594
1748026104.165206,322.66058106572495,160.84367641323882,11.986918595241056,329.5754925902403,118.29484298890434,13.524198975422626,0.0019953250885009766,-6.9149115245153325,42.54883342433449,-1.5372803801815706,43.10706702112356,43.13446948938783
1748026104.2792857,323.3027008086319,161.01275222427057,12.004889406808964,329.5754925902403,118.29484298890434,13.524198975422626,0.00018548965454101562,-6.272791781608362,42.717909235366236,-1.5193095686136626,43.1760082242025,43.202731253263174
1748026104.4241407,324.0388595526511,161.21376874949448,12.026822697071893,330.7717740286587,118.29490557508632,13.527242315876416,0.004202604293823242,-6.732914476007579,42.91886317440816,-1.5004196188045231,43.44376771787642,43.46967003046256
1748026104.5433736,324.7111520032957,161.36098024261315,12.053576003424398,330.7717740286587,118.29490557508632,13.527242315876416,0.004849910736083984,-6.0606220253629886,43.066074667526834,-1.4736663124520177,43.49043488634382,43.51539519530723
1748026104.6621275,325.4792041484891,161.51939077929447,12.085104236700344,331.9680336961161,118.71893364701292,13.540073687358609,0.002094268798828125,-6.488829547627006,42.80045713228155,-1.4549694506582647,43.28953729979598,43.31398129626018
1748026104.8031569,326.14915461318856,161.63971935208772,12.107762138010418,331.9680336961161,118.71893364701292,13.540073687358609,0.00048422813415527344,-5.818879082927538,42.920785705074806,-1.4323115493481904,43.313429780181174,43.337105529754545
1748026105.1223657,326.7961313180431,161.7297777971038,12.13446696448823,334.3605999069287,118.71906119279956,13.612748604048829,0.006002187728881836,-7.564468588885632,43.010716604304235,-1.478281639560599,43.67084757418854,43.69586072448821
1748026105.2043312,327.5185270225587,161.8176688908988,12.17039065224916,334.3605999069287,118.71906119279956,13.612748604048829,0.0015139579772949219,-6.842072884369998,43.098607698099244,-1.4423579517996679,43.63833116503987,43.66216145967593
1748026105.3044856,328.17298669604077,161.88066004696992,12.20011231141494,336.75314457613445,119.14315508990212,13.704511082588558,0.003520488739013672,-8.58015788009368,42.7375049570678,-1.5043987711736175,43.59029065288196,43.616243016397426
1748026105.4339426,328.9473624678959,161.98764794506056,12.235674643395225,336.75314457613445,119.14315508990212,13.704511082588558,0.004185199737548828,-7.805782108238532,42.844492855158435,-1.4688364391933337,43.549750887198186,43.57451414327096
1748026105.5594125,329.5979571611962,162.0444298707617,12.273083312258812,337.9494274247009,119.1432195770571,13.736544779228788,0.002244234085083008,-8.351470263504723,42.901210293704594,-1.4634614669699761,43.70653155109507,43.731025824832585
1748026105.6622176,330.3134709338635,162.11757403642756,12.312111401528217,337.9494274247009,119.1432195770571,13.736544779228788,0.0016202926635742188,-7.635956490837373,42.97435445937046,-1.4244333777005718,43.647485296745046,43.670722265347095
1748026105.789751,331.01100218768113,162.18570269193614,12.346271478639572,337.9494274247009,119.1432195770571,13.736544779228788,0.0032825469970703125,-6.938425237019771,43.04248311487905,-1.3902733005892163,43.59813181163111,43.62029295310489
1748026105.95075,331.75495756094233,162.26817779671708,12.37529028442102,339.14570965901765,119.14328407078048,13.756783207072289,0.0012328624725341797,-7.390752098075325,43.1248937259366,-1.3814929226512689,43.7536247121142,43.77542916001928
1748026106.0777173,332.44533246763854,162.3339703546367,12.405171497930338,339.14570965901765,119.14328407078048,13.756783207072289,0.004620790481567383,-6.700377191379118,43.19068628385622,-1.3516117091419506,43.707327030799306,43.728220754903
1748026106.19351,333.1521920854368,162.39845030759838,12.426658527879043,341.5382762086973,119.14341445787728,13.835757316476377,0.004942417144775391,-8.386084123260503,43.2550358497211,-1.4090987885973334,44.06046451506224,44.08299096793553
1748026106.3080666,333.9359153194886,162.49231196753442,12.447730394202814,341.5382762086973,119.14341445787728,13.835757316476377,0.002664327621459961,-7.6023608892087395,43.348897509657135,-1.3880269222735624,44.010485186970264,44.03236792553275
1748026106.4149115,334.62916838617036,162.5408782505963,12.467996116969555,341.5382762086973,119.14341445787728,13.835757316476377,0.001779794692993164,-6.909107822526948,43.39746379271902,-1.3677611995068215,43.944005672488046,43.96528636597899
1748026106.5293372,335.2651399986852,162.5618794553169,12.483254119003885,343.9308673922784,118.71958116590596,13.942440779779444,0.008050918579101562,-8.665727393593215,43.842298289410934,-1.4591866607755595,44.690512981591034,44.714328534248864
1748026106.666753,336.0030697100832,162.60796414396532,12.50809426649428,343.9308673922784,118.71958116590596,13.942440779779444,0.0051877498626708984,-7.927797682195205,43.888382978059354,-1.4343465132851634,44.59865621875428,44.621715413448676
1748026106.7853827,336.6722411893353,162.6142383549573,12.528679132129543,345.1271518332604,118.7196475059448,14.000970018882832,0.005021572113037109,-8.454910643925132,43.8945908490125,-1.4722908867532887,44.70146104769922,44.72570022094889
1748026106.9213123,337.44087052501925,162.62999748884008,12.548966105700506,345.1271518332604,118.7196475059448,14.000970018882832,0.0011975765228271484,-7.686281308241178,43.91034998289527,-1.4520039131823257,44.57799632071599,44.6016375409431
1748026107.049391,338.1112419916722,162.61584450815647,12.565930045559076,346.3234596489468,118.29574899623444,14.061513453963796,0.0007212162017822266,-8.212217657274607,44.320095511922034,-1.4955834084047197,45.07450926007231,45.09931434919871
1748026107.1646316,338.83356862729966,162.6107269406666,12.582480347895054,346.3234596489468,118.29574899623444,14.061513453963796,0.0022389888763427734,-7.489891021647168,44.31497794443217,-1.4790331060687425,44.94347269328062,44.96780266658032
1748026107.320294,339.56321437755685,162.61066147243025,12.599093612642449,348.7160521364352,117.87191765621633,14.177296933913242,0.0015058517456054688,-9.152837758878377,44.738743816213926,-1.5782033212707933,45.665409636760835,45.69267296861106
1748026107.4369226,340.3267250927049,162.61587855441707,12.617672788379473,348.7160521364352,117.87191765621633,14.177296933913242,7.104873657226562e-05,-8.389327043730304,44.74396089820074,-1.5596241455337694,45.523651491355366,45.55035974151811
1748026107.6169033,340.9985166578439,162.6067175276006,12.631564522680335,349.9123352974463,117.87198437650116,14.207924582175949,0.0009338855743408203,-8.913818639602425,44.73473315109945,-1.576360059495613,45.614170088249985,45.641400327739426
1748026107.7378013,341.8406673266554,162.6324122095228,12.644617681401698,349.9123352974463,117.87198437650116,14.207924582175949,0.0011572837829589844,-8.071667970790884,44.76042783302165,-1.5633069007742506,45.482389159166104,45.50924798424864
1748026107.8521492,342.49841524127953,162.61569956033622,12.651693907145647,349.9123352974463,117.87198437650116,14.207924582175949,0.0006799697875976562,-7.4139200561667735,44.743715183835064,-1.5562306750303012,45.353789908356994,45.380481629939645
1748026107.9657753,343.2992001378105,162.6032590501224,12.659930650137294,352.30494688427655,117.0241875618642,14.231810809645305,0.0018744468688964844,-9.005746746466059,45.57907148825821,-1.5718801595080105,46.46025432768568,46.486837270662875
1748026108.145803,344.0553092906731,162.56453033726376,12.666224874212862,353.5012531243401,116.60028955647938,14.247354618042136,0.0008158683776855469,-9.445943833667002,45.96424078078438,-1.5811297438292744,46.9248045863029,46.95143508700809
1748026108.3071032,344.732309766865,162.49954980106355,12.673380600044018,353.5012531243401,116.60028955647938,14.247354618042136,0.003515481948852539,-8.76894335747511,45.89926024458417,-1.5739740179981183,46.72939608647507,46.75589644971
1748026108.4259746,345.5235746469809,162.44150455577147,12.675888850050956,354.6975360852261,116.60035702020672,14.26939067146633,0.0017802715301513672,-9.173961438245215,45.84114753556476,-1.5935018214153729,46.75010562392159,46.77725541224794
1748026108.5133543,346.2351025612153,162.37249603361576,12.679129404610686,354.6975360852261,116.60035702020672,14.26939067146633,0.003762483596801758,-8.462433524010805,45.772139013409046,-1.5902612668556433,46.54784088452594,46.57499781973163
1748026108.623129,347.00268706826085,162.31488965882892,12.685324823569845,354.6975360852261,116.60035702020672,14.26939067146633,0.0011112689971923828,-7.694849016965236,45.7145326386222,-1.5840658478964844,46.35762284416173,46.384679155643816
1748026108.7500598,347.7633196088144,162.26427847736488,12.69729464065354,356.49200969874414,115.75252881283402,14.3258019319249,0.002651214599609375,-8.728690089929728,46.51174966453087,-1.6285072912713598,47.323703231488814,47.35171510663314
1748026108.905234,348.5064219323059,162.20999297507421,12.71770717226321,356.49200969874414,115.75252881283402,14.3258019319249,0.005678415298461914,-7.985587766438243,46.4574641622402,-1.6080947596616895,47.13879069684882,47.166212028499515
1748026109.0276854,349.2564490194227,162.1724979468675,12.735707401472505,357.68831752971136,115.32863192967768,14.359945335904346,0.001348257064819336,-8.431868510288666,46.843866017189825,-1.6242379344318412,47.59668255258164,47.624388068287836
1748026109.1445951,350.02506628222017,162.12733822707594,12.758822716768863,357.68831752971136,115.32863192967768,14.359945335904346,0.0013959407806396484,-7.663251247491189,46.798706297398255,-1.6011226191354826,47.4219815148241,47.44900340822583
1748026109.2991507,350.7933674891556,162.0729699752231,12.77994694881294,360.08093476578136,114.48083916658416,14.446923405033962,0.0013594627380371094,-9.287567276625737,47.59213080863893,-1.6669764562210219,48.489894007147996,48.51853904777062
1748026109.4416685,351.54797804404984,162.00003287056896,12.80722050035198,360.08093476578136,114.48083916658416,14.446923405033962,0.00031566619873046875,-8.532956721731523,47.5191937039848,-1.6397029046819824,48.27924109482016,48.30707760056899
1748026109.5961294,352.35810210300986,161.9308238022843,12.831307869586809,361.27724365217,114.05694311847878,14.490465466925873,0.001177072525024414,-8.919141549160145,47.87388068380551,-1.659157597339064,48.69763379981825,48.72588984958622
1748026109.6975248,353.0960860624789,161.84007869307686,12.858466090588838,361.27724365217,114.05694311847878,14.490465466925873,0.002880573272705078,-8.18115758969111,47.78313557459808,-1.6319993763370348,48.47844247547337,48.50590486540938
1748026109.853908,353.8788363464142,161.7458987807542,12.883548395670797,362.4735520117172,113.63304706919536,14.521601880973124,0.0017676353454589844,-8.594715665303,48.11285171155885,-1.6380534853023274,48.87448861303672,48.90193100897516
1748026109.9900188,354.6955941301898,161.644661328282,12.9078227884203,362.4735520117172,113.63304706919536,14.521601880973124,0.002614259719848633,-7.777957881527357,48.011614259086656,-1.613779092552825,48.637554755252104,48.66431973766517
1748026110.0908554,355.44691906426146,161.52892702823863,12.93678086780318,363.66985989469504,113.20915103993364,14.541347356887908,0.018114328384399414,-8.222940830433572,48.31977598830498,-1.6045664890847284,49.01446222759959,49.04071921453314
1748026110.215005,356.2500397797719,161.41097765139367,12.96274521528782,363.66985989469504,113.20915103993364,14.541347356887908,0.0016086101531982422,-7.419820114923141,48.20182661146002,-1.5786021416000882,48.76955832503585,48.795100204226834
1748026110.3541243,357.0142852412115,161.288450223788,12.98877871986019,366.0624740790395,112.36135901271312,14.544422450031895,0.0006272792816162109,-9.04818883782798,48.92709121107488,-1.555643730171706,49.756707845493914,49.78102051020105
1748026110.4739664,357.7578330744507,161.1642772857496,13.017675043610549,366.0624740790395,112.36135901271312,14.544422450031895,0.0012073516845703125,-8.304641004588802,48.80291827303647,-1.5267474064213467,49.50446337634391,49.52800068469137
1748026110.6209793,358.555403851752,161.03573362652634,13.041587932410478,367.2587823843775,111.93746363585618,14.562862545232315,0.0011456012725830078,-8.70337853262555,49.09826999067016,-1.5212746128218377,49.86370337188073,49.88690399700633
1748026110.75659,359.3663424038161,160.90396111312089,13.066910191494909,367.2587823843775,111.93746363585618,14.562862545232315,0.0038673877716064453,-7.8924399805614485,48.96649747726471,-1.4959523537374064,49.59847259783043,49.621027372298414
1748026110.880404,360.0752120677341,160.7751446242698,13.095517200440826,367.856950300416,111.51353387416692,14.59563433736904,0.00436091423034668,-7.781738232681846,49.26161075010289,-1.500117136928214,49.872454758279495,49.89501072292841
1748026111.0524669,360.9387484084491,160.64735756778566,13.128981873941322,369.0532605538362,111.08963933025296,14.64267663673795,0.0028231143951416016,-8.114512145387096,49.5577182375327,-1.5136947627966268,50.21765371130272,50.24046194157886
1748026111.202309,361.66394665432733,160.52342140405904,13.15905799119566,369.0532605538362,111.08963933025296,14.64267663673795,0.0029647350311279297,-7.389313899508863,49.43378207380607,-1.4836186455422897,49.983004811896066,50.005018691241645
1748026111.351757,362.4345602738413,160.3956894884729,13.197602056262316,371.4458835075337,110.24185147501984,14.76965080098046,0.0013415813446044922,-9.011323233692394,50.153838013453054,-1.5720487447181437,50.95695648193456,50.981199977614715
1748026111.4622214,363.30855695191315,160.27980698021508,13.231109441562326,371.4458835075337,110.24185147501984,14.76965080098046,0.0011258125305175781,-8.137326555620575,50.03795550519524,-1.538541359418133,50.69529637562746,50.71863744352116
1748026111.5959597,364.0635479197814,160.16272603378042,13.258669243576824,372.642220443592,109.3939927682348,14.836093560958975,0.003269195556640625,-8.57867252381061,50.76873326554562,-1.5774243173821514,51.48842490947749,51.51258260984368
1748026111.6877203,364.87468586950035,160.04763747091994,13.280889987367212,372.642220443592,109.3939927682348,14.836093560958975,0.002173185348510742,-7.7675345740916555,50.65364470268514,-1.555203573591763,51.24574436014733,51.269337553560064
1748026111.8457544,365.6775832829829,159.93070802399026,13.302312443677897,372.642220443592,109.3939927682348,14.836093560958975,0.0001926422119140625,-6.964637160609129,50.53671525575547,-1.5337811172810785,51.01436816839198,51.03742003800714
1748026111.9603543,366.48743487924787,159.8149353777776,13.322901492788484,375.0348449112313,108.5462062858942,14.96726995116302,0.002255678176879883,-8.547410031983418,51.2687290918834,-1.6443684583745366,51.976348476511724,52.00235329846794
1748026112.0837772,367.3307783235276,159.70058873169341,13.345634453658535,375.0348449112313,108.5462062858942,14.96726995116302,0.0021266937255859375,-7.7040665877036645,51.154382445799214,-1.621635497504485,51.731262167077105,51.75667287496009
1748026112.2448466,368.07264932012333,159.57925582826232,13.368389917300892,376.2311568960581,108.12231321990998,15.023908488914556,0.0016460418701171875,-8.158507575934777,51.456942608352335,-1.6555185716136638,52.09969470607147,52.12599092781651
1748026112.3606763,368.9298212596667,159.46483795536054,13.39424917027427,376.2311568960581,108.12231321990998,15.023908488914556,0.006830692291259766,-7.3013356363914,51.34252473545055,-1.629659318640286,51.85908163750676,51.884681147525825
1748026112.4884489,369.7950612130123,159.34774795812035,13.41857363617974,377.4274683949648,107.69842018323612,15.06924001017412,0.002473592758178711,-7.632407181952544,51.64932777488423,-1.6506663739943797,52.21021642349846,52.23630345331477
1748026112.639197,370.6044575679272,159.2411926746128,13.445493103108005,377.4274683949648,107.69842018323612,15.06924001017412,0.00037479400634765625,-6.823010827037592,51.54277249137667,-1.6237469070661152,51.99241168520352,52.01776068672982
1748026112.8169465,371.4182825785232,159.1261024757145,13.467528571936846,379.8201173109381,106.42666956317238,15.158124117921648,0.002313852310180664,-8.401834732414898,52.69943291254212,-1.6905955459848023,53.364979679320975,53.391751886171
1748026112.9381564,372.2446347358645,159.00806076885303,13.49176497002306,379.8201173109381,106.42666956317238,15.158124117921648,0.0023527145385742188,-7.575482575073579,52.581391205680646,-1.6663591478985875,53.12429422938317,53.15042229540475
1748026113.05385,373.11831125371793,158.8920432857361,13.512777986281668,381.016429511989,106.00277721008882,15.204957845656862,0.0017809867858886719,-7.89811825827104,52.88926607564727,-1.6921798593751944,53.47573971477391,53.50250658351179
1748026113.1653256,373.9475003569247,158.77113133572234,13.54081638497327,381.016429511989,106.00277721008882,15.204957845656862,0.0019137859344482422,-7.068929155064268,52.76835412563352,-1.6641414606835916,53.2397309960107,53.26573310608565
1748026113.2846298,374.7502459216504,158.65384806029022,13.566444855607845,384.00719649775647,105.15502949998752,15.298596249218695,0.0002791881561279297,-9.256950576106078,53.498818560302695,-1.7321513936108506,54.29378160817921,54.32140526318375
1748026113.4402113,375.60930395107823,158.53744636054734,13.593525627927884,384.00719649775647,105.15502949998752,15.298596249218695,0.0021944046020507812,-8.397892546678236,53.382416860559815,-1.7050706212908118,54.03893993316426,54.065832971699635
1748026113.5636635,376.5168861154038,158.42106921638148,13.620462965748338,385.2035097592341,104.73113805367994,15.353424715648432,0.011170625686645508,-8.68662364383033,53.68993116270154,-1.7329617499000936,54.38810659128687,54.41570816420383
1748026113.694919,377.3858547961073,158.30724372271695,13.64965331938254,385.2035097592341,104.73113805367994,15.353424715648432,0.002403736114501953,-7.817654963126813,53.576105669037005,-1.703771396265891,54.143465236188206,54.17026550380803
1748026113.8297746,378.09725286060495,158.19398714701012,13.695392273031544,385.2035097592341,104.73113805367994,15.353424715648432,0.0015208721160888672,-7.106256898629169,53.46284909333018,-1.6580324426168875,53.933061477033824,53.958541417149895
1748026113.9688516,379.01058873935887,158.101133997367,13.731450138810596,387.596164327743,103.459391022596,15.487601032317524,0.0002970695495605469,-8.585575588384131,54.64174297477099,-1.7561508935069288,55.31213414346614,55.34000586795739
1748026114.0748262,379.96446704761587,157.9984607310077,13.772518351832282,387.596164327743,103.459391022596,15.487601032317524,0.001979351043701172,-7.631697280127128,54.5390697084117,-1.7150826804852422,55.07043606177902,55.097136374183656
1748026114.2714553,380.8320619290208,157.89452104466773,13.810486169944989,388.7924782370247,103.03550023434975,15.542741517116136,0.0017697811126708984,-7.9604163080038575,54.85902081031797,-1.7322553471711473,55.4335673763076,55.46062658004719
1748026114.389578,381.674672813476,157.78005001523368,13.854292458954063,389.9887911362983,102.61160935195474,15.578373387598576,0.01452779769897461,-8.31411832282231,55.16844066327894,-1.7240809286445131,55.79140981104187,55.81804245718525
1748026114.513479,382.6152564693392,157.65217337476105,13.896450257813449,389.9887911362983,102.61160935195474,15.578373387598576,0.0024497509002685547,-7.373534666959074,55.04056402280631,-1.6819231297851278,55.53226720955563,55.55773183678392
1748026114.6286733,383.4104319744945,157.50878685702278,13.936292991737927,391.1851293632716,101.76375320007482,15.596014051766268,0.0018887519836425781,-7.774697388777099,55.74503365694797,-1.6597210600283407,56.284586672563556,56.309052299771665
1748026114.745658,384.34820404997515,157.3603906093764,13.973717948807725,391.1851293632716,101.76375320007482,15.596014051766268,0.003981590270996094,-6.836925313296433,55.59663740930158,-1.6222961029585434,56.01544107619742,56.03892828745585
1748026114.874023,385.234558773564,157.2214383853351,14.00562212919116,391.1851293632716,101.76375320007482,15.596014051766268,0.0069653987884521484,-5.950570589707581,55.457685185260274,-1.5903919225751082,55.776017574317095,55.798687107475224
1748026115.019246,386.0933834876487,157.09298551705825,14.031284399413384,391.1851293632716,101.76375320007482,15.596014051766268,0.002665996551513672,-5.091745875622905,55.329232316983436,-1.5647296523528844,55.56302569918819,55.585053780072926
1748026115.181128,386.9774655078752,156.9792654846776,14.055974087670458,391.1851293632716,101.76375320007482,15.596014051766268,0.0013070106506347656,-4.20766385539639,55.21551228460278,-1.5400399640958096,55.37560141408064,55.39701214923186
1748026115.2802296,387.88049117662695,156.88036309423254,14.071017666380556,391.1851293632716,101.76375320007482,15.596014051766268,0.0025594234466552734,-3.304638186644638,55.11660989415772,-1.5249963853857125,55.215589463206804,55.23664484511015
1748026115.4470105,388.721453321599,156.7898855145325,14.099819086465663,391.1851293632716,101.76375320007482,15.596014051766268,0.0014319419860839844,-2.4636760416726133,55.02613231445768,-1.4961949653006048,55.08125758483112,55.10157471888355
1748026115.561075,389.6200836274914,156.70655646997568,14.134918317404631,391.1851293632716,101.76375320007482,15.596014051766268,0.0012564659118652344,-1.5650457357801884,54.942803269900864,-1.4610957343616366,54.96508891387435,54.984505090571496
1748026115.6763124,390.574080919774,156.61448966482288,14.17320858686814,391.1851293632716,101.76375320007482,15.596014051766268,0.002093076705932617,-0.611048443497566,54.85073646474807,-1.4228054648981274,54.85413996158854,54.872589207330904
1748026115.8364103,391.5182824139187,156.50872577757818,14.207510675438678,398.9611761709417,98.7964851428656,15.726775010357905,0.0015659332275390625,-7.4428937570230005,57.71224063471257,-1.5192643349192263,58.190200090370034,58.21002963988816
1748026115.9469974,392.40933358790767,156.39518793895127,14.238493074414002,398.9611761709417,98.7964851428656,15.726775010357905,0.006357908248901367,-6.551842583034045,57.59870279608566,-1.4882819359439026,57.97014063312823,57.989242003543396
1748026116.1028435,393.3294511459857,156.27440019341338,14.266914204576082,400.7556328236257,98.37263393525416,15.75347133077695,0.0037202835083007812,-7.426181677640045,57.90176625815923,-1.4865571262008679,58.37604568762622,58.39497035030741
1748026116.2320583,394.17455581270224,156.16499127768535,14.290574034829948,400.7556328236257,98.37263393525416,15.75347133077695,0.002215147018432617,-6.5810770109234795,57.79235734243119,-1.462897295947002,58.16585890209966,58.18425225365928
1748026116.3796008,395.1353144913162,156.06249904071984,14.309621650069332,403.1482614157418,97.52485661414642,15.809432782281066,0.0001862049102783203,-8.012946924425592,58.53764242657343,-1.4998111322117342,59.08352477023549,59.102557750975016
1748026116.5024362,396.033697341913,155.9703399924902,14.319997511537066,403.1482614157418,97.52485661414642,15.809432782281066,0.012465238571166992,-7.114564073828774,58.445483378343795,-1.489435270744,58.87691864634966,58.895755082302934
1748026116.6202035,396.8587326714463,155.89068066756056,14.330841141191874,404.94271875146,97.1010065859962,15.836127840940192,0.0014719963073730469,-8.083986080013688,58.78967408156436,-1.5052866997483179,59.3428732836422,59.36196170618736
1748026116.7656248,397.7892568483039,155.8115729171656,14.331019792443543,404.94271875146,97.1010065859962,15.836127840940192,0.004830121994018555,-7.153461903156085,58.71056633116939,-1.5051080484966484,59.14475983657847,59.16390763264539
1748026116.8991218,398.73881319127054,155.74367673787847,14.333757240989232,407.335346676472,96.25323040989592,15.8641868603418,0.007323741912841797,-8.596533485201462,59.49044632798255,-1.5304296193525673,60.10834877340054,60.12782889049424
1748026117.068327,399.59246396302103,155.67803282321321,14.328181470290296,407.335346676472,96.25323040989592,15.8641868603418,0.004823923110961914,-7.7428827134509675,59.424802413317295,-1.5360053900515034,59.92711718893258,59.946798806394376
1748026117.1658192,400.358039922815,155.60691741415243,14.327227939308893,408.5316873540884,95.40537721766762,15.863322147894127,0.0007450580596923828,-8.173647431273366,60.201540196484814,-1.5360942085852347,60.75388015888153,60.77329627210777
1748026117.284241,401.3914515208972,155.5398427498157,14.32641783983395,408.5316873540884,95.40537721766762,15.863322147894127,0.0023152828216552734,-7.140235833191184,60.134465532148084,-1.536904308060178,60.5568898853854,60.576389686434986
1748026117.4211252,402.2503320349349,155.45551108791895,14.334934885782902,410.32614289723386,94.98152805864802,15.846512745062189,0.0006875991821289062,-8.075810862298965,60.473983029270926,-1.5115778592792868,61.01082973135322,61.02955195749709
1748026117.5900576,403.1974950479506,155.3623074768988,14.34202902593033,410.32614289723386,94.98152805864802,15.846512745062189,0.05753946304321289,-7.128647849283254,60.38077941825077,-1.5044837191318585,60.800132757376005,60.818743941121305
1748026117.695974,404.0844700122779,155.25464262251748,14.349859004508357,410.32614289723386,94.98152805864802,15.846512745062189,0.0019371509552001953,-6.24167288495596,60.273114563869456,-1.4966537405538318,60.59543563365253,60.613915828390766
1748026117.852859,404.9392921661304,155.14406408080447,14.35504244483787,410.32614289723386,94.98152805864802,15.846512745062189,0.0034198760986328125,-5.386850731103493,60.162536022156445,-1.491470300224318,60.40321929679297,60.42163010936492
1748026117.972483,405.9064558638466,155.04546420900567,14.363196651703989,414.5131955935236,94.13386999142112,15.778559436901135,0.0013849735260009766,-8.606739729677031,60.91159421758455,-1.4153627851971464,61.51665042004547,61.53293045772972
1748026118.0937262,406.7499207311107,154.95178571040134,14.367376772206454,414.5131955935236,94.13386999142112,15.778559436901135,0.0034852027893066406,-7.7632748624129135,60.81791571898022,-1.4111826646946817,61.31139624075082,61.32763443590082
1748026118.2149806,407.66162931020347,154.86403329308058,14.369990768855526,415.70950956851306,93.70998334954136,15.775390428088688,0.001613616943359375,-8.04788025830959,61.15404994353922,-1.4053996592331615,61.68132781603342,61.69733664714508
1748026118.3559754,408.5598040783314,154.76877649102,14.372236461922885,415.70950956851306,93.70998334954136,15.775390428088688,0.004288911819458008,-7.1497054901816455,61.05879314147863,-1.403153966165803,61.47596691789574,61.491977928368655
1748026118.4927337,409.40746143483665,154.6800614765424,14.376159058419022,416.9058249944209,93.28609722518178,15.79201181561448,0.0012047290802001953,-7.498363559584277,61.393964251360615,-1.4158527571954576,61.850176253338574,61.86637973567796
1748026118.607103,410.3954239987771,154.58971970182097,14.383537971426488,416.9058249944209,93.28609722518178,15.79201181561448,0.0036787986755371094,-6.510400995643806,61.30362247663919,-1.4084738441879914,61.64835318061937,61.66444071304096
1748026118.7725997,411.26787283153885,154.48918089890316,14.397159585968268,419.8966288838898,92.01440039990278,15.841234788777864,0.004930257797241211,-8.628756052350923,62.474780499000374,-1.4440752028095964,63.067849411639685,63.08437986221811
1748026118.9155653,412.11964699890564,154.3806923756922,14.417078496938284,419.8966288838898,92.01440039990278,15.841234788777864,0.002444028854370117,-7.776981884984139,62.36629197578942,-1.42415629183958,62.84931043415502,62.86544395128673
1748026119.026806,413.09552996567015,154.2827172146085,14.444719305915823,421.09294540369103,91.59051516291902,15.864965874894905,0.001922607421875,-7.99741543802088,62.69220205168949,-1.4202465689790813,63.20024408005205,63.21620007636375
1748026119.1833692,413.9411296566643,154.15983855516274,14.476221482989157,421.09294540369103,91.59051516291902,15.864965874894905,0.0027313232421875,-7.151815747026717,62.56932339224372,-1.3887443919057478,62.97673140329368,62.99204163407189
1748026119.288689,414.8158721587655,154.0321953358607,14.51584109910678,424.083720995625,90.74278518076513,15.890880353736293,0.0019369125366210938,-9.267848836859514,63.28941015509558,-1.3750392546295132,63.96438430754097,63.9791621764037
1748026119.409389,415.6754254854395,153.8951303624665,14.555705153256405,424.083720995625,90.74278518076513,15.890880353736293,0.0007016658782958984,-8.408295510185496,63.152345181701364,-1.3351752004798882,63.709639265462535,63.723628491724654
1748026119.5806851,416.5823497075585,153.75223455206475,14.593163264292428,425.2800372430954,90.31890055434464,15.902304357427038,0.0010447502136230469,-8.697687535536943,63.43333399772011,-1.3091410931346097,64.02685085596627,64.04023329855913
1748026119.7090368,417.46477664287465,153.61259004233102,14.620193301496988,425.2800372430954,90.31890055434464,15.902304357427038,0.0063440799713134766,-7.815260600220768,63.293689487986384,-1.2821110559300504,63.77436340137783,63.787249791872505
1748026119.823018,418.2871603146153,153.4664435211647,14.650582762517285,426.476353782764,89.89501618111926,15.915635458898423,0.0011060237884521484,-8.189193468148744,63.571427340045446,-1.2650526963811384,64.0967180416396,64.1092007595951
1748026120.0017133,419.1156943198948,153.3176381832873,14.67740629540392,426.476353782764,89.89501618111926,15.915635458898423,0.0015306472778320312,-7.360659462869194,63.42262200216804,-1.2382291634945037,63.84832252579715,63.86032806695832
1748026120.0973682,420.07884207530446,153.17967040152388,14.70036012601768,429.4671330765215,89.04728917884954,15.973247325270144,0.00012254714965820312,-9.388291001217056,64.13238122267434,-1.2728871992524642,64.81591108064411,64.82840867271065
1748026120.2009473,420.9304260123308,153.03259993884527,14.721213952921635,429.4671330765215,89.04728917884954,15.973247325270144,0.0018258094787597656,-8.536707064190693,63.98531075999573,-1.2520333723485084,64.55226843847572,64.56440929892027
1748026120.38092,421.75170279370116,152.88795955162593,14.739120350913367,430.66345374566527,88.62340633225625,16.03976969633703,0.0008077621459960938,-8.911750951964109,64.26455321936967,-1.3006493454236612,64.87951992358629,64.89255576901546
1748026120.4919524,422.68447561909244,152.74252785838405,14.759513858031504,430.66345374566527,88.62340633225625,16.03976969633703,0.0014963150024414062,-7.978978126572827,64.1191215261278,-1.280255838305525,64.61366602528193,64.62634828178201
1748026120.6288948,423.59077347701407,152.59103544265534,14.783388324801413,433.0560970980811,87.7756415887751,16.194320945762485,0.0005717277526855469,-9.465323621067057,64.81539385388024,-1.4109326209610717,65.5028826211881,65.51807660902476
1748026120.809321,424.4157929701095,152.43745720307524,14.80680883690391,433.0560970980811,87.7756415887751,16.194320945762485,0.0012722015380859375,-8.640304127971604,64.66181561430014,-1.3875121088585747,65.23653312340865,65.25128691308564
1748026120.917531,425.32630450996635,152.2785854415405,14.8363292522881,434.8505904468832,86.92783512495987,16.24770800401251,0.0005319118499755859,-9.52428593691684,65.35075031658064,-1.411378751724408,66.04114315749098,66.05622286756211
1748026121.035293,426.1614155662822,152.11744046315323,14.86619230122701,434.8505904468832,86.92783512495987,16.24770800401251,0.0003917217254638672,-8.689174880601001,65.18960533819336,-1.3815157027854994,65.76614937986771,65.78065817466498
1748026121.179808,427.0155460070239,151.95143515513723,14.894304845815324,434.8505904468832,86.92783512495987,16.24770800401251,0.0022580623626708984,-7.835044439859303,65.02360003017736,-1.3534031581971853,65.49394233254746,65.5079245768607
1748026121.2907312,427.89497078868374,151.77803646230586,14.931058365245605,436.0469101030475,86.5039528839282,16.28663370636069,0.003652334213256836,-8.151939314363744,65.27408357837766,-1.3555753411150846,65.78115308796359,65.79511901416046
1748026121.450103,428.68227076508174,151.61486964227612,14.962145670028123,436.0469101030475,86.5039528839282,16.28663370636069,0.0014882087707519531,-7.364639337965741,65.11091675834791,-1.324488036332566,65.52609704301656,65.53948170568037
1748026121.5331333,429.5923897202439,151.42736381654493,14.993893254914363,438.4395469411047,85.65618847818266,16.320783181976832,0.0024025440216064453,-8.847157220860822,65.77117533836227,-1.326889927062469,66.36354192084855,66.37680568661588
1748026121.7133162,430.40311673545017,151.24171318410447,15.023758529691392,438.4395469411047,85.65618847818266,16.320783181976832,0.0009367465972900391,-8.03643020565454,65.58552470592181,-1.2970246522854403,66.07605664233783,66.08878523887448
1748026121.8439443,431.23533440147435,151.05014780156642,15.055110878136244,439.6358938961796,84.80834113394363,16.320109597867603,0.0025207996368408203,-8.400559494705249,66.2418066676228,-1.2649987197313592,66.77234719863304,66.7843287918335
1748026121.996976,432.08540372556774,150.8491043449684,15.088301520610804,439.6358938961796,84.80834113394363,16.320109597867603,0.0017046928405761719,-7.550490170611852,66.04076321102477,-1.2318080772567992,66.4709884634729,66.48240111826847
1748026122.0844245,432.8950836580791,150.65188158388372,15.11696090542811,440.83221195733904,84.38445932910682,16.32483168745348,0.00616145133972168,-7.937128299259939,66.2674222547769,-1.2078707820253687,66.74106125865706,66.75199030559227
1748026122.2544303,433.7390279110689,150.45226999793115,15.147866421135229,440.83221195733904,84.38445932910682,16.32483168745348,0.0020041465759277344,-7.093184046270153,66.06781066882434,-1.1769652663182502,66.4474895423889,66.45791234852325
1748026122.363402,434.5547158989634,150.26051790699267,15.178320421503212,443.8229972965809,83.53673925153784,16.399541202870253,0.0005946159362792969,-9.2682813976175,66.72377865545484,-1.221220781367041,67.36440958048658,67.37547816768647
1748026122.51658,435.41146520642644,150.08010828891494,15.209458949777147,443.8229972965809,83.53673925153784,16.399541202870253,0.000985860824584961,-8.41153209015448,66.5433690373771,-1.190082253093106,67.07289940764643,67.08345646072051
1748026122.6266644,436.2519771626265,149.90798101083638,15.248785625773127,445.019321672093,83.1128593163547,16.487163423123945,0.07204794883728027,-8.767344509466511,66.79512169448168,-1.238377797350818,67.36805334821757,67.37943448484309
1748026122.773744,437.1081965828773,149.73174069696006,15.309081603948115,445.019321672093,83.1128593163547,16.487163423123945,0.0016810894012451172,-7.911125089215659,66.61888138060536,-1.17808181917583,67.08696785949105,67.09731092490263
1748026122.9110231,437.7999843118288,149.59454575742728,15.360342011991277,445.019321672093,83.1128593163547,16.487163423123945,0.0013091564178466797,-7.2193373602642055,66.48168644107258,-1.1268214111326689,66.8725165069358,66.88200946789046
1748026123.0680304,438.5834178167048,149.43584599066412,15.41732330893982,447.4119711365658,82.26510011617854,16.664306827250307,0.0023467540740966797,-8.828553319860987,67.17074587448558,-1.246983518310488,67.74844983507998,67.75992490367213
1748026123.184275,439.3859241397826,149.2562320757151,15.467391931398822,447.4119711365658,82.26510011617854,16.664306827250307,0.00026154518127441406,-8.02604699678318,66.99113195953656,-1.196914895851485,67.47020966037242,67.48082540160962
1748026123.2949736,440.25808382142367,149.06057917463977,15.51934684300341,449.8046467915489,80.99337564187304,16.773652198351847,0.00682520866394043,-9.546562970125251,68.06720353276673,-1.2543053553484373,68.73340571595196,68.74484957608179
1748026123.4650457,440.9517033277746,148.8694334603025,15.558116805485875,449.8046467915489,80.99337564187304,16.773652198351847,0.0017795562744140625,-8.852943463774295,67.87605781842946,-1.2155353928659718,68.45095932814648,68.46175106754774
1748026123.5723786,441.75466634538463,148.68774901576387,15.59793287137916,451.0009690822986,80.56949622080347,16.817076048220418,0.0008101463317871094,-9.246302736913947,68.1182527949604,-1.2191431768412588,68.74293038662807,68.75374017627281
1748026123.7100625,442.545570110199,148.49601210668283,15.639693543604812,451.0009690822986,80.56949622080347,16.817076048220418,0.0029022693634033203,-8.455398972099601,67.92651588587935,-1.177382504615606,68.45075114395753,68.4608761391072
1748026123.8296251,443.2375506165125,148.32444610721916,15.680410899240256,453.39361432896646,79.72173806893304,16.905815078556383,0.0016036033630371094,-10.156063712453943,68.60270803828612,-1.2254041793161274,69.35039423332611,69.3612196816091
1748026123.9734514,444.04992057097536,148.16174691021817,15.722909006296703,453.39361432896646,79.72173806893304,16.905815078556383,0.0010378360748291016,-9.343693757991105,68.44000884128513,-1.18290607225968,69.07488272330478,69.08501060298173
1748026124.1167746,444.821839983756,148.00889861948676,15.769854413869188,454.5899369656586,79.29785927922332,16.946636548170567,0.0008883476257324219,-9.768096981902602,68.71103934026344,-1.1767821343013782,69.40189223549373,69.41186830837142
1748026124.2347565,445.52383715518204,147.86201841335327,15.799939679365998,454.5899369656586,79.29785927922332,16.946636548170567,0.0043256282806396484,-9.066099810476544,68.56415913412995,-1.1466968688045682,69.16095779805119,69.17046332975329
1748026124.3463414,446.3372653596123,147.71562754940095,15.835821926360367,454.5899369656586,79.29785927922332,16.946636548170567,0.0029740333557128906,-8.252671606046306,68.41776827017763,-1.1108146218101993,68.91369677871712,68.92264876535866
1748026124.5357544,447.03800508871814,147.5782544756369,15.864708737856873,455.7862599490486,78.87398074118558,16.98985339579048,0.0029053688049316406,-8.748254860330462,68.70427373445132,-1.1251446579336069,69.25900080480308,69.2681394508398
1748026124.6831205,447.8464856978783,147.43433026154707,15.895529020863052,458.178906296061,78.02622430180453,17.074195877421985,0.00275421142578125,-10.332420598182694,69.40810595974254,-1.1786668565589338,70.17295838381476,70.18285648144673
1748026124.7856054,448.53480287982495,147.29081937840155,15.920250466724504,458.178906296061,78.02622430180453,17.074195877421985,0.0005838871002197266,-9.644103416236021,69.26459507659702,-1.1539454106974816,69.93277387482927,69.94229372732119
1748026124.9249816,449.25768081297235,147.13298231043245,15.949124652039583,458.178906296061,78.02622430180453,17.074195877421985,0.0014824867248535156,-8.92122548308862,69.10675800862792,-1.1250712253824027,69.68021431212141,69.68929653716812
1748026125.0610497,449.97566705932735,146.98181370348829,15.979895856727897,459.3752598863585,77.17838101255565,17.10691907064374,0.00020599365234375,-9.399592827031142,69.80343269093264,-1.1270232139158445,70.43345484037779,70.44247115253867
1748026125.1682866,450.6944176335004,146.8200199304881,16.016039009000508,459.3752598863585,77.17838101255565,17.10691907064374,0.00709080696105957,-8.680842252858099,69.64163891793244,-1.090880061643233,70.18058772477393,70.18906547820379
1748026125.3005266,451.4484853738332,146.6561603550662,16.051702203696458,461.7679041672374,76.33062535191208,17.145857455684094,0.0072841644287109375,-10.319418793404225,70.32553500315412,-1.0941552519876367,71.07862743267852,71.08704842254299
1748026125.431518,452.10849150813317,146.49617884079325,16.085323464026857,461.7679041672374,76.33062535191208,17.145857455684094,0.0054476261138916016,-9.659412659104248,70.16555348888117,-1.0605339916572376,70.82731923008176,70.83525874638539
1748026125.5707202,452.8414495417231,146.32505557429712,16.118708749889446,462.9641944035976,76.3307129700933,17.150371406128354,0.004029750823974609,-10.122744861874537,69.99434260420382,-1.0316626562389075,70.72254209326239,70.73006636480379
1748026125.7050738,453.5807140640018,146.17218869656006,16.141559428126886,462.9641944035976,76.3307129700933,17.150371406128354,0.0018944740295410156,-9.383480339595792,69.84147572646675,-1.008811978001468,70.46901045803202,70.47623100408524
1748026125.8593366,454.22486943633794,146.0330313343745,16.151607889610954,464.16051664425424,75.906835664046,17.16658606055545,0.0022668838500976562,-9.935647207916304,70.1261956703285,-1.0149781709444952,70.82655155119,70.83382373782223
1748026125.958534,454.972711087922,145.9034682647317,16.153558288504783,464.16051664425424,75.906835664046,17.16658606055545,0.0019724369049072266,-9.18780555633225,69.99663260068571,-1.0130277720506662,70.59705621607992,70.60432402936307
1748026126.1123123,455.6750641373683,145.78188712172516,16.15134802846538,465.9550233831922,75.05903868164337,17.292770113857575,0.002451658248901367,-10.279959245823932,70.72284844008179,-1.1414220853921933,71.46606784743778,71.47518239187362
1748026126.2654672,456.3300921730359,145.67850429911988,16.155663040680434,465.9550233831922,75.05903868164337,17.292770113857575,0.004004478454589844,-9.62493121015632,70.61946561747651,-1.137107073177141,71.27235245800567,71.28142280702636
1748026126.381721,457.14585640509944,145.56678513858355,16.16823484853608,467.1513187970021,75.05912788187099,17.364383805231952,0.0035352706909179688,-10.005462391902654,70.50765725671256,-1.1961489566958718,71.21403660449133,71.22408147412247
1748026126.5015006,457.7869448284132,145.46757833302493,16.17925685580893,467.1513187970021,75.05912788187099,17.364383805231952,6.222724914550781e-05,-9.364373968588893,70.40845045115394,-1.1851269494230223,71.02845482450104,71.03834120137121
1748026126.6522934,458.43026405229733,145.3686738861504,16.19590656876165,467.1513187970021,75.05912788187099,17.364383805231952,0.0011310577392578125,-8.721054744704759,70.3095460042794,-1.1684772364703022,70.84835252275114,70.85798751192534
1748026126.77799,459.1547699396234,145.2477499904363,16.21076938728587,469.5439674492058,74.21137550077755,17.435713406526247,0.0029573440551757812,-10.389197509582402,71.03637448965874,-1.2249440192403789,71.79207425285992,71.80252372569105
1748026126.9027023,459.83202427849733,145.12350577216668,16.222088450087817,469.5439674492058,74.21137550077755,17.435713406526247,0.001725912094116211,-9.71194317070848,70.91213027138913,-1.21362495643843,71.57410187894455,71.58439037466495
1748026127.0413768,460.4963501998947,144.9963814694631,16.229958033420477,470.14214564766087,73.78745491453931,17.45557943427649,0.0014183521270751953,-9.645795447766147,71.20892655492379,-1.2256214008560136,71.85925542979608,71.86970668329538
1748026127.1619549,461.12887178411853,144.87167452407797,16.231802209248375,470.14214564766087,73.78745491453931,17.45557943427649,0.0011053085327148438,-9.013273863542338,71.08421960953866,-1.2237772250281154,71.65336965723479,71.66381942049163
1748026127.3045805,461.7517796374497,144.75335567340034,16.234595176326316,472.5347626850202,73.36366882129953,17.51540537887005,0.0005159378051757812,-10.782983047570497,71.38968685210081,-1.2808102025437336,72.19944675858125,72.21080658059532
1748026127.4597516,462.504551714449,144.64589250126403,16.227945821198706,472.5347626850202,73.36366882129953,17.51540537887005,0.0007266998291015625,-10.030210970571204,71.2822236799645,-1.287459557671344,71.98444654836668,71.9959588934497
1748026127.563768,463.13836241008937,144.5500127503174,16.223347497669813,473.7310882839684,72.93979361639475,17.559419556508054,0.0026750564575195312,-10.592725873879033,71.61021913392264,-1.3360720588382407,72.38942827407581,72.40175698416425
1748026127.689561,463.8235722361894,144.4643635958081,16.22104507814052,473.7310882839684,72.93979361639475,17.559419556508054,0.017935514450073242,-9.907516047778984,71.52456997941334,-1.338374478367534,72.2074995064709,72.21990190537052
1748026127.8234055,464.47745171771555,144.3863131941004,16.22588950448991,474.9274143873584,72.51591868147618,17.60783564254319,0.0010564327239990234,-10.449962669642844,71.87039451262423,-1.38194613805328,72.62613391333161,72.63928071178607
1748026127.949869,465.15279167924314,144.29546779369747,16.237860973947548,474.9274143873584,72.51591868147618,17.60783564254319,0.00027823448181152344,-9.77462270811526,71.77954911222129,-1.369974668595642,72.44202454266302,72.45497740274567
1748026128.089883,465.828950312571,144.1942042341542,16.251804123631924,476.7218905097647,72.09208975463777,17.71570852242234,0.0008347034454345703,-10.892940197193695,72.10211447951643,-1.4639043987904152,72.92030621546327,72.93499896925843
1748026128.2261198,466.4288505137607,144.08546221035272,16.266969026337556,476.7218905097647,72.09208975463777,17.71570852242234,0.007218360900878906,-10.293039996003984,71.99337245571495,-1.4487394960847837,72.72545874662211,72.73988724237995
1748026128.3512454,467.1075785317013,143.97264901851784,16.28004249951727,477.9182167118646,71.66821532383659,17.759920194005744,0.000766754150390625,-10.810638180163323,72.30443369468125,-1.4798776944884757,73.10814612456646,73.12312266145099
1748026128.4991827,467.6897047134222,143.85646659649436,16.289567565609772,477.9182167118646,71.66821532383659,17.759920194005744,0.0023233890533447266,-10.2285119984424,72.18825127265777,-1.4703526283959718,72.90930036357952,72.92412506405879
1748026128.6065068,468.38538053495796,143.74137122170634,16.298007275813095,478.5163971027868,71.24429570130191,17.797584646543356,0.009247541427612305,-10.131016567828851,72.49707552040444,-1.499577370730261,73.20152632089611,73.21688458272213
1748026128.776347,468.9652626280027,143.61651558812255,16.30908259606623,478.5163971027868,71.24429570130191,17.797584646543356,0.004202127456665039,-9.551134474784135,72.37221988682064,-1.488502050477127,72.99974233585847,73.01491641751021
1748026128.9077592,469.60010769175756,143.48657833557584,16.330251877443192,478.5163971027868,71.24429570130191,17.797584646543356,0.0014750957489013672,-8.916289411029254,72.24228263427393,-1.4673327691001639,72.7904363022475,72.80522428045137
1748026129.0647645,470.25289996419724,143.36479493841725,16.343287342230102,480.9090177318101,70.82051301073936,17.88211126603178,0.00264739990234375,-10.656117767612841,72.54428192767789,-1.5388239238016794,73.32275012763533,73.33889599215487
1748026129.1987906,470.9212149033066,143.2382761314909,16.36150937631833,480.9090177318101,70.82051301073936,17.88211126603178,0.0015537738800048828,-9.987802828503504,72.41776312075153,-1.5206018897134506,73.10327366646683,73.11908677535124
1748026129.359406,471.5142079039101,143.1144795069802,16.38743220803023,482.7034931850507,70.3966854820059,17.96707890928752,0.00590205192565918,-11.189285281140599,72.71779402497428,-1.579646701257289,73.57362076832521,73.59057654796658
1748026129.4676132,472.1862877200572,142.99312789756587,16.404476103164594,482.7034931850507,70.3966854820059,17.96707890928752,0.005892276763916016,-10.517205464993538,72.59644241555996,-1.562602806122925,73.35431181729267,73.3709533106822
1748026129.6149552,472.86351372825106,142.86918612332983,16.42243950476104,483.8998202588018,69.97281216485294,18.012090435370535,0.004633188247680664,-11.036306530550746,72.89637395847689,-1.5896509306094941,73.72707371197086,73.7442091842578
1748026129.752003,473.5109112340343,142.7339313714828,16.44387463764743,483.8998202588018,69.97281216485294,18.012090435370535,0.001703023910522461,-10.388909024767486,72.76111920662987,-1.5682157977231057,73.49904692529215,73.51577517590715
1748026129.842326,474.1484066499241,142.59160142352937,16.466580916645235,483.8998202588018,69.97281216485294,18.012090435370535,0.007791042327880859,-9.751413608877726,72.61878925867643,-1.5455095187253,73.27058496264011,73.28688300398602
1748026129.965285,474.7333021707844,142.44266720011225,16.49017843553207,485.6943318764048,69.1250205554869,18.137161893141595,0.008213520050048828,-10.961029705620433,73.31764664462536,-1.646983457609526,74.13245902918395,74.15075209479184
1748026130.0763311,475.3872860571519,142.28593382360552,16.516526327994903,485.6943318764048,69.1250205554869,18.137161893141595,0.001598358154296875,-10.307045819252892,73.16091326811862,-1.6206355651466922,73.88338394893235,73.90115617079594
1748026130.219606,476.0726855069854,142.12090757212715,16.54311344648432,486.89066180754656,68.70114811972608,18.21317863476096,0.0016591548919677734,-10.817976300561156,73.41975945240107,-1.6700651882766415,74.21246316682891,74.23125222587204
1748026130.3915355,476.6718493592221,141.95939106403375,16.57073780603865,486.89066180754656,68.70114811972608,18.21317863476096,0.0053310394287109375,-10.218812448324456,73.25824294430767,-1.642440828722311,73.96752183993483,73.98575470330142
1748026130.5262225,477.3399188575637,141.79153831573896,16.5988648536849,487.48884614479806,68.27722971876062,18.28973670174832,0.0016875267028808594,-10.148927287234358,73.51430859697834,-1.69087184806342,74.21155094440039,74.23081126580732
1748026130.7403414,477.9744114790076,141.62208374987173,16.62508409119177,489.8814743771128,67.85345112940733,18.446960262886584,0.0034372806549072266,-11.90706289810521,73.7686326204644,-1.8218761716948144,74.7234187223288,74.74562554649916
1748026130.843366,478.56699906427775,141.4540510541341,16.653532212629703,489.8814743771128,67.85345112940733,18.446960262886584,0.0031080245971679688,-11.314475312835043,73.60059992472678,-1.7934280502568818,74.46519764886443,74.4867910777199
1748026130.9937737,479.2430324491953,141.27286146510957,16.686785830611537,489.8814743771128,67.85345112940733,18.446960262886584,0.0014698505401611328,-10.638441927917484,73.41941033570224,-1.760174432275047,74.18615949552783,74.20703790563216
1748026131.0964353,479.9191947778736,141.0807446422185,16.725713409275496,490.4796904905346,67.00556740739054,18.50422009847552,0.004169940948486328,-10.560495712661009,74.07517723482795,-1.7785066892000252,74.82416689859168,74.84530070827314
1748026131.20907,480.5336707411931,140.88547953568852,16.76360123241271,490.4796904905346,67.00556740739054,18.50422009847552,0.005692243576049805,-9.94601974934153,73.87991212829797,-1.7406188660628104,74.54639310482649,74.56671160092965
1748026131.3917575,481.22176106504395,140.6742153067411,16.803352940747317,492.8723442000251,66.15782338811299,18.552048984370654,0.0030159950256347656,-11.650583134981161,74.51639191862812,-1.7486960436233367,75.42167295914147,75.4419425108386
1748026131.5999174,481.78630177181014,140.4623399308299,16.837305888201143,492.8723442000251,66.15782338811299,18.552048984370654,0.006847858428955078,-11.086042428214967,74.30451654271691,-1.71474309616951,75.12696929443563,75.14653590986703
1748026131.7491207,482.4535005067268,140.2337335349993,16.878213257689985,494.6668505976604,65.31003314683403,18.57591349679056,0.008860588073730469,-12.213350090933602,74.92370038816526,-1.6977002391005733,75.9126260927605,75.93160729499347
1748026132.0079656,483.0432218938293,140.00204011476248,16.918502436378443,495.8631796213596,64.88616202003108,18.620731709483444,0.002639293670654297,-12.819957727530323,75.1158780947314,-1.7022292731050008,76.20201085324594,76.22102100192852
1748026132.1416273,483.64187961165,139.76281189668384,16.959751947833542,495.8631796213596,64.88616202003108,18.620731709483444,0.001291513442993164,-12.221300009709637,74.87664987665276,-1.6609797616499016,75.86746912002648,75.88564900194756
1748026132.265244,484.3825457124258,139.50981417880286,17.003738210637845,495.8631796213596,64.88616202003108,18.620731709483444,0.003914356231689453,-11.48063390893384,74.62365215877178,-1.6169934988455985,75.50161863473078,75.51893196040072
1748026132.4288375,485.0132271368018,139.25589197359363,17.047298627868834,497.6576969070036,64.03837392016273,18.77419573542826,0.0027980804443359375,-12.644469770201795,75.21751805343091,-1.7268971075594273,76.27291549356003,76.29246235053532
1748026132.5808642,485.62335441319567,139.0259691769499,17.095220222713696,497.6576969070036,64.03837392016273,18.77419573542826,0.0017938613891601562,-12.034342493807912,74.98759525678717,-1.6789755127145654,75.94711871857945,75.96567514625468
1748026132.731531,486.2292788647366,138.79997191256217,17.138427995412286,498.854031028435,63.61450392709155,18.8779046014874,0.00030303001403808594,-12.62475216369836,75.18546798547062,-1.7394766060751152,76.23804144512786,76.25788314824977
1748026132.8355205,486.93786907853996,138.55832200564663,17.193716907198358,498.854031028435,63.61450392709155,18.8779046014874,0.005139589309692383,-11.916161949895013,74.94381807855508,-1.6841876942890437,75.88524747147949,75.90393449615955
1748026133.021201,487.564596255606,138.33202141533172,17.243060569605696,500.6485512666878,62.76671687106596,19.057475404268114,0.006816864013671875,-13.083955011081798,75.56530454426576,-1.8144148346624185,76.6896676847647,76.7111284677255
1748026133.1027522,488.20327433722093,138.1043773261281,17.298714815804146,500.6485512666878,62.76671687106596,19.057475404268114,0.0026705265045166016,-12.445276929466843,75.33766045506212,-1.7587605884639679,76.35867993026956,76.37893190861526
1748026133.2258403,488.90217985910886,137.85911442779917,17.357242771401975,501.2467693666592,61.918834037773614,19.113535739668706,0.0017833709716796875,-12.344589507550324,75.94028039002555,-1.756292968266731,76.937085178902,76.95712858998836
1748026133.3843958,489.49865022301185,137.62710507189897,17.406885277799173,501.2467693666592,61.918834037773614,19.113535739668706,0.0036258697509765625,-11.74811914364733,75.70827103412535,-1.7066504618695326,76.6143629249106,76.63336911678172
1748026133.525046,490.1633887715219,137.3718022777085,17.46030114283506,503.639430659028,61.07109445751538,19.21085942809709,0.06019306182861328,-13.476041887506085,76.30070782019311,-1.7505582852620307,77.48162181328097,77.50139465278284
1748026133.6889565,490.76281776792376,137.13402370390048,17.51115999924075,503.639430659028,61.07109445751538,19.21085942809709,0.00046515464782714844,-12.87661289110423,76.0629292463851,-1.6996994288563414,77.14516423657375,77.1638862631762
1748026133.8440337,491.4491952952442,136.869131374841,17.554041542417476,503.639430659028,61.07109445751538,19.21085942809709,0.004784107208251953,-12.190235363783813,75.79803691732562,-1.6568178856796152,76.77202771025853,76.78990353067915
1748026134.0563483,492.03690809855135,136.62650253578894,17.591117075672212,505.433951817324,60.22330856756952,19.38192177573632,0.0021736621856689453,-13.397043718772636,76.40319396821943,-1.7908047000641076,77.56886507451341,77.58953415520574
1748026134.1398382,492.72215751319436,136.38628830848654,17.632466676755325,505.433951817324,60.22330856756952,19.38192177573632,0.004806995391845703,-12.711794304129626,76.16297974091702,-1.7494550989809952,77.2165085810401,77.23632429491444
1748026134.2886236,493.3784555027124,136.1634793030738,17.668961430031654,505.433951817324,60.22330856756952,19.38192177573632,0.0024611949920654297,-12.05549631461156,75.9401707355043,-1.7129603457046656,76.89112122169344,76.91019929681052
1748026134.380114,494.0985477635766,135.9493442532842,17.705564252885676,506.6302859247078,59.7994397691108,19.466730919940005,0.0015752315521240234,-12.531738161131159,76.14990448417342,-1.7611666670543293,77.1741693462773,77.19426223701493
1748026134.545127,494.7492912461444,135.76579768968517,17.744472244336425,506.6302859247078,59.7994397691108,19.466730919940005,0.005087137222290039,-11.880994678563354,75.96635792057438,-1.7222586756035803,76.88982748237159,76.9091135380883
1748026134.661044,495.4567077429041,135.5830880756498,17.788620339857637,508.4248368857084,58.52768861512515,19.572000268255657,0.0054111480712890625,-12.968129142804287,77.05539946052465,-1.7833799283980198,78.1390232821314,78.15937182100741
1748026134.79347,496.1626359751518,135.40776726677083,17.836782206781468,508.4248368857084,58.52768861512515,19.572000268255657,0.0018339157104492188,-12.2622009105566,76.88007865164568,-1.735218061474189,77.85183404810756,77.87116954544183
1748026134.89577,496.8457602198979,135.23858575380356,17.880956538047364,508.4248368857084,58.52768861512515,19.572000268255657,0.0015249252319335938,-11.579076665810476,76.7108971386784,-1.6910437302082926,77.57987339673619,77.59830143212602
1748026135.003348,497.52380920165393,135.0628684973665,17.914311085260767,510.2193507745195,57.67990296547687,19.632068501379848,0.0007109642028808594,-12.69554157286558,77.38296553188964,-1.7177574161190812,78.41747337384685,78.43628510376183
1748026135.1689918,498.1568410235736,134.88620005265568,17.936545414326446,510.2193507745195,57.67990296547687,19.632068501379848,9.202957153320312e-05,-12.062509750945935,77.20629708717881,-1.6955230870534024,78.14292323304383,78.16131555919534
1748026135.2875724,498.88692049333633,134.6854831901593,17.95475760021402,511.4156818007445,57.25603457637426,19.666972710056903,0.012117385864257812,-12.52876130740816,77.42944861378503,-1.7122151098428837,78.43653085477955,78.45521686360416
1748026135.4010065,499.5081100765101,134.49417346217865,17.960063108537366,511.4156818007445,57.25603457637426,19.666972710056903,0.002946615219116211,-11.907571724234401,77.23813888580439,-1.7069096015195377,78.15062611976052,78.16926444132856
1748026135.5252886,500.17240154637693,134.301257066029,17.963158929578643,513.8083435144466,56.40829837082473,19.72609159060532,0.0014417171478271484,-13.635941968069687,77.89295869520427,-1.762932661026678,79.07750582592601,79.09715455828153
1748026135.639356,500.88776996184515,134.12049147788144,17.96366666369642,513.8083435144466,56.40829837082473,19.72609159060532,0.001589059829711914,-12.920573552601468,77.71219310705672,-1.7624249269089027,78.7789704073153,78.79868222286238
1748026135.7611313,501.57389340727207,133.95812337087153,17.96238081935169,515.0046747613403,55.98443061634297,19.75729478704871,0.00012230873107910156,-13.430781354068245,77.97369275452857,-1.7949139676970205,79.1219479636239,79.14230452614987
1748026135.906856,502.2667072725162,133.81226304135933,17.95771762341266,515.0046747613403,55.98443061634297,19.75729478704871,0.0019497871398925781,-12.737967488824097,77.82783242501637,-1.7995771636360516,78.86334583139856,78.88387537190759
1748026136.0433052,502.9661076975816,133.67866477392965,17.95709345263946,515.0046747613403,55.98443061634297,19.75729478704871,0.004442453384399414,-12.038567063758705,77.69423415758669,-1.8002013344092518,78.62137825224464,78.64198524405991
1748026136.1534338,503.62572004789007,133.55785289075763,17.951302303411,516.7991890839512,55.136646653535685,19.80146117534862,0.005417346954345703,-13.173469036061135,78.42120623722195,-1.8501588719376194,79.51997154265688,79.54149207801152
1748026136.2661395,504.3581446641358,133.4334869288989,17.94428774959638,516.7991890839512,55.136646653535685,19.80146117534862,0.0016913414001464844,-12.441044419815398,78.29684027536322,-1.85717342575224,79.27909423903354,79.30084410959873
1748026136.4029596,505.08972942750364,133.2982774718347,17.93427994340954,517.9955193907317,54.71277930499011,19.815268707590416,0.0013973712921142578,-12.905789963228074,78.58549816684459,-1.8809887641808771,79.63818140004261,79.6603920115704
1748026136.4995606,505.7996716860704,133.15737760397334,17.923418754470575,517.9955193907317,54.71277930499011,19.815268707590416,0.00043392181396484375,-12.195847704661333,78.44459829898324,-1.8918499531198414,79.38698699109405,79.40952587548459
1748026136.682902,506.56172859129134,133.0073563099612,17.9093708864111,519.1918144480536,54.71287757583976,19.82206857690258,0.0024459362030029297,-12.630085856762264,78.29447873412144,-1.9126976904914805,79.30664832784815,79.32970995441866
1748026136.8155909,507.1834022577609,132.85486044407568,17.903168963362596,519.1918144480536,54.71287757583976,19.82206857690258,0.0007197856903076172,-12.008412190292688,78.14198286823591,-1.9188996135399847,79.05929072482023,79.08257472818198
1748026136.9495978,507.88579430877127,132.70454135863386,17.89380997104566,521.5844707476839,53.86514349149059,19.7886854272434,0.004632472991943359,-13.698676438912628,78.83939786714328,-1.8948754561977417,80.02064978636287,80.04308180740067
1748026137.0711396,508.67874028616575,132.53928850404932,17.88921700480406,521.5844707476839,53.86514349149059,19.7886854272434,0.0005304813385009766,-12.905730461518147,78.67414501255874,-1.899468422439341,79.7256481453897,79.74827241069441
1748026137.18471,509.37312031664607,132.39365037590167,17.88614024124182,521.5844707476839,53.86514349149059,19.7886854272434,0.0016064643859863281,-12.211350431037829,78.52850688441109,-1.902545186001582,79.47228116044366,79.4950511103011
1748026137.3179953,510.1236035003452,132.25305415278655,17.889016447357125,522.7807983517156,53.44127671298362,19.76249106323477,0.0005168914794921875,-12.657194851370377,78.81177743980292,-1.8734746158776439,79.82168154534573,79.84366444410554
1748026137.429072,510.8498657974226,132.1207032567295,17.89233008953104,522.7807983517156,53.44127671298362,19.76249106323477,0.002557992935180664,-11.930932554293008,78.67942654374589,-1.8701609737037295,79.57888735630698,79.60085938565838
1748026137.574801,511.59225011548125,131.9859804930397,17.89839840956008,525.173454742673,52.5935439214987,19.7189974520377,0.00484013557434082,-13.581204627191767,79.392436571541,-1.820599042477621,80.54568954259325,80.5662626957791
1748026137.7006505,512.3186231979012,131.8499619482543,17.906264406653605,525.173454742673,52.5935439214987,19.7189974520377,0.0013382434844970703,-12.854831544771855,79.2564180267556,-1.8127330453840962,80.29213219535455,80.31259237236786
1748026137.8228753,513.0791587621387,131.7023244894291,17.9137781159275,525.173454742673,52.5935439214987,19.7189974520377,0.0015270709991455078,-12.094295980534298,79.10878056793038,-1.805219336110202,80.02793985983725,80.04829776491935
1748026138.0649204,513.764925285293,131.5541016708132,17.925318736605004,527.5661147416924,51.745812342320285,19.71181112205095,0.003401517868041992,-13.80118945639947,79.80828932849292,-1.7864923854459462,80.99281373030492,81.01251403946877
1748026138.2022834,514.4522711042194,131.3933026193162,17.938300410244107,528.7624087379072,51.7459122638368,19.699108466776945,0.00033783912658691406,-14.31013763368776,79.64739035547939,-1.760808056532838,80.922721342854,80.94187590206413
1748026138.3799355,515.2519333257472,131.20658719119606,17.94980054269525,528.7624087379072,51.7459122638368,19.699108466776945,0.0017347335815429688,-13.510475412159963,79.46067492735926,-1.7493079240816947,80.60106578559642,80.62004641518942
1748026138.499072,515.9409937467597,131.03319362278296,17.96291239564261,528.7624087379072,51.7459122638368,19.699108466776945,0.0036590099334716797,-12.821414991147549,79.28728135894616,-1.7361960711343336,80.31725635047498,80.33601959560441
1748026138.67267,516.6830334481551,130.85235247714218,17.97015242124157,531.7532496109126,50.474266625985535,19.653368740815807,0.0010848045349121094,-15.070216162757447,80.37808585115664,-1.683216319574239,81.77865308433579,81.795973724057
1748026138.7954638,517.4560500472908,130.6838621782286,17.984501373057455,531.7532496109126,50.474266625985535,19.653368740815807,0.0005357265472412109,-14.297199563621803,80.20959555224306,-1.6688673677583523,81.47385552443457,81.49094583024304
1748026138.9350982,518.167598437706,130.528419530687,18.005447506211492,532.9495818675264,50.05040211821554,19.66787506499479,0.00033211708068847656,-14.781983429820343,80.47801741247144,-1.6624275587832962,81.82431375063003,81.84119980883554
1748026139.060494,518.9957203861006,130.36454831335087,18.016413703674417,532.9495818675264,50.05040211821554,19.66787506499479,0.0011637210845947266,-13.953861481425747,80.31414619513532,-1.6514613613203721,81.51731306474954,81.53403984793296
1748026139.198561,519.7098841288349,130.19734092980747,18.034213576102974,534.1459159208252,49.62653798830729,19.701881871448297,0.0025391578674316406,-14.436031791990331,80.57080294150018,-1.6676682953453223,81.85385330292893,81.87083985205422
1748026139.3636525,520.493195778948,130.01869385708062,18.048565349309126,534.1459159208252,49.62653798830729,19.701881871448297,0.0022051334381103516,-13.65272014187724,80.39215586877333,-1.6533165221391712,81.54321242446588,81.55997148126
1748026139.4909034,521.2165664240807,129.8203004984629,18.055249559255248,535.3422518643002,49.20267423790907,19.756380978992183,0.003772735595703125,-14.125685440219513,80.61762626055383,-1.7011314197369352,81.84581023511447,81.86348698381705
1748026139.6404266,521.9571346109201,129.60344585748726,18.058804700961446,535.3422518643002,49.20267423790907,19.756380978992183,0.0014564990997314453,-13.385117253380145,80.4007716195782,-1.6975762780307377,81.50733366336004,81.5250096972091
1748026139.7545078,522.6890212883408,129.38266484939388,18.06452650897547,535.3422518643002,49.20267423790907,19.756380978992183,0.003626585006713867,-12.65323057595947,80.17999061148481,-1.6918544700167146,81.17225596511524,81.18988551546248
1748026139.871514,523.4877526236395,129.16712704964266,18.07055531602309,535.3422518643002,49.20267423790907,19.756380978992183,0.005766630172729492,-11.854499240660743,79.9644528117336,-1.6858256629690942,80.83837495723671,80.85595138202704
1748026140.0867808,524.2239995055256,128.95703725207366,18.08098145650811,538.9312566066118,47.9310839326139,19.870392534258347,0.0018765926361083984,-14.707257101086157,81.02595331945976,-1.7894110777502377,82.34991513513977,82.36935422091092
1748026140.2361135,524.9455810933155,128.75707037480333,18.097827005174185,538.9312566066118,47.9310839326139,19.870392534258347,0.01247262954711914,-13.985675513296314,80.82598644218943,-1.7725655290841615,82.02706385039151,82.0462137607282
1748026140.382092,525.7154282798653,128.5454261390379,18.118393889321972,541.3239251563159,47.08335798468985,19.920993093214328,8.821487426757812e-05,-15.608496876450658,81.46206815434803,-1.8025992038923562,82.94391914254965,82.9635045463708
1748026140.5081658,526.477030326886,128.33670217963788,18.13833130336688,541.3239251563159,47.08335798468985,19.920993093214328,0.00040721893310546875,-14.846894829429857,81.25334419494803,-1.7826617898474488,82.59864544251828,82.61788009865556
1748026140.6149209,527.2312417665394,128.12391003022756,18.16290588309475,543.1184077861104,46.65954675154201,19.947142443011792,0.0030417442321777344,-15.887166019571055,81.46436327868555,-1.7842365599170407,82.9990634196258,83.01823913235458
1748026140.783657,528.0617046737427,127.90203937404678,18.181579986056267,543.1184077861104,46.65954675154201,19.947142443011792,0.0015532970428466797,-15.0567031123677,81.24249262250477,-1.765562456955525,82.62594578055808,82.64480701726598
1748026140.9039054,528.7617886631307,127.6892132689409,18.198756444227968,545.5110796875254,45.81182255976872,20.02404741635725,0.00017690658569335938,-16.749291024394665,81.87739070917218,-1.825290972129281,83.57299718905803,83.59292760930938
1748026141.0452015,529.5980953616578,127.46563590195476,18.214480080292677,545.5110796875254,45.81182255976872,20.02404741635725,0.001491546630859375,-15.91298432586757,81.65381334218603,-1.8095673360645712,83.18995314024323,83.20963187888536
1748026141.1270869,530.3928049774961,127.22708351888352,18.23437556086939,545.5110796875254,45.81182255976872,20.02404741635725,0.0025360584259033203,-15.118274710029254,81.41526095911479,-1.7896718554878603,82.8070464830661,82.82638391599018
1748026141.2473946,531.0985806354859,127.00030565858083,18.25650336696616,546.7074170515334,45.38796089014859,20.07595014825346,0.0022308826446533203,-15.608836416047552,81.61234476843224,-1.8194467812873008,83.09157955451552,83.11149727597451
1748026141.341052,531.8684523954298,126.76574685018954,18.2871920796481,546.7074170515334,45.38796089014859,20.07595014825346,0.0042040348052978516,-14.838964656103599,81.37778596004095,-1.788758068605361,82.71964047203862,82.73897857268562
1748026141.4755948,532.6951188001094,126.51362416643548,18.31172810978327,547.903755153226,44.96409948891813,20.134352870829662,0.009809255599975586,-15.208636353116617,81.54952467751735,-1.8226247610463915,82.95557603229787,82.97559614651728
1748026141.5547583,533.4609045863625,126.27017184153866,18.338313374332184,547.903755153226,44.96409948891813,20.134352870829662,0.0010192394256591797,-14.442850566863513,81.30607235262053,-1.7960394964974782,82.57889157591251,82.59842063731783
1748026141.6812203,534.209944336055,126.0315228373845,18.368397076877788,547.903755153226,44.96409948891813,20.134352870829662,0.006697654724121094,-13.693810817171084,81.06742334846638,-1.7659557939518749,82.21585968081793,82.23482342002161
1748026141.7829063,534.996869105511,125.7921025834452,18.3937201044451,550.2964661585974,43.69241165464356,20.22005543796204,0.002154111862182617,-15.299597053086359,82.09969092880164,-1.826335333516937,83.51309430617191,83.53306184584649
1748026141.891203,535.873356080938,125.53830353673672,18.41715923962096,550.2964661585974,43.69241165464356,20.22005543796204,0.0017595291137695312,-14.423110077659317,81.84589188209316,-1.8028961983410774,83.10701608340634,83.1265695009096
1748026142.020475,536.5839580970701,125.31094728459775,18.43958951450123,550.2964661585974,43.69241165464356,20.22005543796204,0.0015306472778320312,-13.712508061527274,81.61853562995418,-1.7804659234608096,82.76242043171254,82.78156977625005
1748026142.1100693,537.3088181495825,125.06736630143982,18.469820031977957,551.4928021278891,43.2685506927953,20.246551248734637,0.0031321048736572266,-14.183983978306628,81.79881560864452,-1.77673121675668,83.01946540705912,83.03847548149281
1748026142.2232878,538.1504581905764,124.8002438968305,18.492422857881976,551.4928021278891,43.2685506927953,20.246551248734637,0.0012981891632080078,-13.342343937312762,81.5316932040352,-1.7541283908526601,82.61619174507177,82.63481170106253
1748026142.3336248,538.8941518560564,124.54179857812628,18.51167388539182,553.8855105483485,41.99686386869681,20.285651790971688,0.0014705657958984375,-14.991358692292124,82.54493470942947,-1.7739779055798692,83.89521489110649,83.91396832014574
1748026142.4790003,539.6924265258153,124.27171848796257,18.52839046479715,553.8855105483485,41.99686386869681,20.285651790971688,0.07720351219177246,-14.193084022533185,82.27485461926577,-1.7572613261745396,83.49009124855479,83.50858221800004
1748026142.595731,540.5483679627558,123.98707197210877,18.536519412525415,555.081845552281,41.573003457352506,20.294255887002624,0.0033752918243408203,-14.533477589525205,82.41406851475625,-1.757736474477209,83.68572554504244,83.70418327368039
1748026142.702272,541.3369639018703,123.708540030519,18.546748342365337,555.081845552281,41.573003457352506,20.294255887002624,0.005707979202270508,-13.744881650410775,82.13553657316649,-1.747507544637287,83.27765690595389,83.29598983363084
1748026142.813455,542.0669948332244,123.4285177741402,18.55309678903541,555.081845552281,41.573003457352506,20.294255887002624,0.00843048095703125,-13.014850719056653,81.85551431678769,-1.7411590979672127,82.88372315059914,82.90200961562752
1748026142.908058,542.8849997921129,123.13888852302304,18.55918311185506,557.4745515557536,40.3013176999168,20.289554392640884,0.004142045974731445,-14.589551763640657,82.83757082310623,-1.7303712807858247,84.11253271978613,84.13032952096681
1748026143.045907,543.6678050421087,122.85068731182179,18.56621377111501,557.4745515557536,40.3013176999168,20.289554392640884,0.0044002532958984375,-13.806746513644839,82.54936961190498,-1.7233406215258746,83.6960254290187,83.71376574681578
1748026143.149202,544.4196750140023,122.56579370995107,18.5819193102326,558.6708860776405,39.87745789226647,20.286149036442115,0.0030798912048339844,-14.251211063638152,82.68833581768459,-1.7042297262095154,83.90743648258206,83.92474185863331
1748026143.2597778,545.2528098143014,122.26742310263481,18.59858989949935,558.6708860776405,39.87745789226647,20.286149036442115,0.003665924072265625,-13.418076263339117,82.38996521036833,-1.6875591369427667,83.47545230769634,83.49250860894746
1748026143.3917508,546.0908725729751,121.97592304703596,18.61539680332295,558.6708860776405,39.87745789226647,20.286149036442115,0.00027370452880859375,-12.58001350466543,82.09846515476949,-1.6707522331191633,83.05669582006296,83.07349838288343
1748026143.5057411,546.9422721301124,121.6918421389745,18.627634128948845,559.8672220736329,39.45359840566062,20.297750444357973,0.0019829273223876953,-12.92494994352046,82.23824373331388,-1.6701163154091283,83.24772107020377,83.26447232697416
1748026143.623468,547.6996231492287,121.42456536021973,18.636412613411547,559.8672220736329,39.45359840566062,20.297750444357973,0.00946044921875,-12.16759892440416,81.97096695455912,-1.661337830946426,82.8691129857837,82.88576434128552
1748026143.7365394,548.4951863409987,121.15662373886514,18.64463179426978,562.259894356743,38.60588009268516,20.31864080137608,0.0006175041198730469,-13.764708015744304,82.55074364617997,-1.6740090071062994,83.69045622588048,83.70719664074225
1748026143.840175,549.236440717579,120.90986063476504,18.653367897595164,562.259894356743,38.60588009268516,20.31864080137608,0.002830982208251953,-13.023453639164018,82.30398054207987,-1.6652729037809166,83.32799984256502,83.34463804952652
1748026143.9599144,550.0498646716575,120.64930448093793,18.663873009610935,562.259894356743,38.60588009268516,20.31864080137608,0.0017917156219482422,-12.210029685085487,82.04342438825276,-1.6547677917651455,82.94702110541171,82.96352551999149
1748026144.100021,550.7920926473923,120.40181828056313,18.670043481575348,564.0544168246868,37.75810913785866,20.321791236216256,0.0004684925079345703,-13.262324177294431,82.64370914270447,-1.6517477546409083,83.70108663241824,83.71738274750678
1748026144.2213037,551.5314048774757,120.15568519885352,18.67184397556095,564.0544168246868,37.75810913785866,20.321791236216256,0.008440494537353516,-12.523011947211103,82.39757606099485,-1.6499472606553063,83.34378422508438,83.360114532793
1748026144.3577042,552.4476577921287,119.8825273179508,18.66451463533213,566.4470898570629,36.91039237412416,20.337285816851765,0.0012867450714111328,-13.99943206493424,82.97213494382665,-1.6727711815196358,84.14487076035762,84.1614961767138
1748026144.4910238,553.2204423728755,119.62138489955055,18.659409156730245,566.4470898570629,36.91039237412416,20.337285816851765,0.0002791881561279297,-13.226647484187424,82.71099252542639,-1.6778766601215196,83.76187968409079,83.77868319744995
1748026144.6448302,553.9566930422311,119.37215190505032,18.655562145542465,567.6434658931183,36.06256893058832,20.35827976986337,0.0038902759552001953,-13.686772850887223,83.30958297446199,-1.7027176243209041,84.42638430283836,84.44355282529699
1748026144.759287,554.7251622664139,119.11022063334323,18.65698606222939,567.6434658931183,36.06256893058832,20.35827976986337,0.0010640621185302734,-12.918303626704414,83.0476517027549,-1.7012937076339796,84.04638613250313,84.06360343343277
1748026144.9254637,555.5831239451197,118.83230796620592,18.66625777791127,570.0361432661184,35.21485371585267,20.40957752920501,0.005156278610229492,-14.453019320998692,83.61745425035325,-1.7433197512937397,84.85734159637032,84.87524719585994
1748026145.0418792,556.339319106775,118.573413998847,18.69134153712635,570.0361432661184,35.21485371585267,20.40957752920501,0.0015079975128173828,-13.696824159343464,83.35856028299433,-1.718235992078661,84.47634322403862,84.49381574665716
1748026145.1346235,557.1326729787992,118.31085968132018,18.72615523928851,570.0361432661184,35.21485371585267,20.40957752920501,0.0020809173583984375,-12.903470287319237,83.09600596546751,-1.6834222899165,84.09188874599465,84.10873714112542
1748026145.294321,557.9640498469987,118.04525933726418,18.76622013287903,571.2324809872752,34.790996370500665,20.421573228643243,0.00263214111328125,-13.268431140276448,83.25426296676352,-1.6553530957642124,84.30494390641198,84.3211940198603
1748026145.4350097,558.7418538732927,117.79316380396162,18.806384864497367,571.2324809872752,34.790996370500665,20.421573228643243,0.002750396728515625,-12.490627113982441,83.00216743346095,-1.615188364145876,83.93673548782344,83.95227452430643
1748026145.574587,559.6463133111537,117.53147398292796,18.84346173684714,572.4288571845718,33.943173763138645,20.432365501932797,0.014003753662109375,-12.782543873418149,83.58830021978932,-1.5889037650856572,84.5600222416568,84.5749488718982
1748026145.7395437,560.4532479962833,117.27605163577476,18.87985743135523,572.4288571845718,33.943173763138645,20.432365501932797,0.00022602081298828125,-11.975609188288558,83.33287787263612,-1.5525080705775665,84.18897641595548,84.20328990767234
1748026145.8528087,561.2865973501258,117.0204674988417,18.916549700649426,575.4196861652333,33.09551483849369,20.49180131226713,0.0011644363403320312,-14.133088815107499,83.924952660348,-1.575251611617702,85.10665002511477,85.1212270596311
1748026145.952351,562.1451920363951,116.75985107372352,18.952501123395557,575.4196861652333,33.09551483849369,20.49180131226713,0.0012178421020507812,-13.274494128838228,83.66433623522983,-1.5393001888715716,84.71088095432694,84.72486528245183
1748026146.0883603,562.9583716657146,116.50857227946523,18.985337563336728,577.8124126108664,31.823837490051236,20.631690423626512,0.004159212112426758,-14.854040945151837,84.684734789414,-1.6463528602897846,85.97759498121376,85.99335623461977
1748026146.2165148,563.6895732433783,116.27101093082081,19.014150731605433,577.8124126108664,31.823837490051236,20.631690423626512,0.0014736652374267578,-14.122839367488154,84.44717344076957,-1.6175396920210794,85.61997251772095,85.63525050229347
1748026146.3738124,564.5403937022248,116.01230841652043,19.047901789245643,579.0087566371868,31.399981873981623,20.69979100831884,0.002017974853515625,-14.468362934961988,84.6123265425388,-1.6518892190731975,85.84042945465148,85.85632223052119
1748026146.4812045,565.3768309074748,115.75051319980153,19.08666382722261,579.0087566371868,31.399981873981623,20.69979100831884,0.0006849765777587891,-13.631925729712066,84.3505313258199,-1.6131271810962318,85.44496201677727,85.4601878850667
1748026146.6285973,566.1605370373804,115.49368660954906,19.126034315038147,580.2051000494437,30.976126432745254,20.759079389514657,0.0007288455963134766,-14.044563012063236,84.51756017680381,-1.6330450744765095,85.67652962415943,85.69209161092253
1748026146.7718122,566.9057631505021,115.2356282311037,19.16006869283423,580.2051000494437,30.976126432745254,20.759079389514657,0.0018482208251953125,-13.299336898941533,84.25950179835846,-1.599010696680427,85.30261429322738,85.31759982833096
1748026146.8728795,567.7499474155936,114.96350091346878,19.194176912386006,580.2051000494437,30.976126432745254,20.759079389514657,0.0014121532440185547,-12.455152633850048,83.98737448072353,-1.5649024771286513,84.90588848423761,84.92030863733784
1748026147.03771,568.5746393514837,114.69861284334945,19.223873954891392,583.1959353825,30.12847131317505,20.858809627592752,0.00025153160095214844,-14.6212960310163,84.5701415301744,-1.63493567270136,85.82476994469802,85.84034104495515
1748026147.1617138,569.4045716561875,114.42564026873109,19.25184196257257,584.392277336728,29.70461653943584,20.89570486814062,0.0020792484283447266,-14.987705680540444,84.72102372929524,-1.6438629055680494,86.03652238036072,86.05222523885489
1748026147.2794335,570.1893789374735,114.16046117176322,19.28444117440473,584.392277336728,29.70461653943584,20.89570486814062,0.0027267932891845703,-14.202898399254423,84.45584463232737,-1.6112636937358893,85.64176560241717,85.65692141438493
1748026147.4019403,571.0248225368085,113.885127572073,19.307114262218537,584.392277336728,29.70461653943584,20.89570486814062,0.0020914077758789062,-13.367454799919415,84.18051103263716,-1.5885906059220822,85.23524673246294,85.25004930002714
1748026147.559307,571.7958314856681,113.61971146295298,19.329008720770368,585.5886190891997,29.280761968339927,20.92849524114752,0.022288799285888672,-13.792787603531565,84.33894949461305,-1.5994865203771518,85.4593435016384,85.47431046144737
1748026147.70024,572.7427679228992,113.3369740197358,19.34551342707193,585.5886190891997,29.280761968339927,20.92849524114752,0.010624408721923828,-12.845851166300463,84.05621205139587,-1.5829818140755911,85.03212732030154,85.04686065951915
1748026147.830785,573.4824801329274,113.08285476447185,19.362296833479498,588.5794948127684,28.00914379754506,21.019527099238072,0.0024881362915039062,-15.097014679840981,85.07371096692678,-1.6572302657585745,86.40287119029976,86.41876278957758
1748026147.9497197,574.4183658114414,112.81016760701263,19.38615719608364,588.5794948127684,28.00914379754506,21.019527099238072,0.0007719993591308594,-14.161129001327026,84.80102380946757,-1.6333699031544313,85.97529420552227,85.99080829348357
1748026148.098783,575.2663693792927,112.53854797669663,19.40890613202678,589.7758413291182,27.58529019607604,21.09691801629848,0.01225590705871582,-14.509471949825524,84.95325778062059,-1.6880118842717025,86.18341362352356,86.19994296938246
1748026148.234644,576.1107211749787,112.26702537112402,19.445089331629884,589.7758413291182,27.58529019607604,21.09691801629848,0.0021500587463378906,-13.665120154139458,84.68173517504798,-1.6518286846685974,85.7772218079137,85.79312512717742
1748026148.3667066,576.951577453959,112.01395783526704,19.486429963126714,592.7666890366079,26.73763992951676,21.29555079012272,0.0015149116516113281,-15.81511158264891,85.27631790575028,-1.8091208269960077,86.73043381613066,86.74930010150452
1748026148.4834068,577.7137942601064,111.78206534620602,19.53897056582769,592.7666890366079,26.73763992951676,21.29555079012272,0.0019161701202392578,-15.052894776501489,85.04442541668926,-1.756580224295032,86.36633566157157,86.38419710625105
1748026148.6829665,578.6368815198282,111.54448966324685,19.59196426844669,593.9630383619793,26.313787185856416,21.39643937603886,0.0015943050384521484,-15.326156842151136,85.23070247739044,-1.8044751075921681,86.59771202716423,86.61651031272032
1748026148.7897484,579.4312618085313,111.32723031712078,19.644278074435444,593.9630383619793,26.313787185856416,21.39643937603886,0.0030362606048583984,-14.531776553448026,85.01344313126437,-1.7521613016034152,86.24649582929189,86.26429221908042
1748026148.8678334,580.407596126798,111.08118693191096,19.694191171127237,593.9630383619793,26.313787185856416,21.39643937603886,0.001096963882446289,-13.555442235181317,84.76739974605455,-1.7022482049116228,85.84440618874795,85.86128186120838
1748026149.0595305,581.2547290088005,110.84238506433175,19.737006657177588,596.3557333615972,25.466082157593064,21.55272170532286,0.005779266357421875,-15.101004352796735,85.37630290673869,-1.8157150481452717,86.70151919364726,86.72052958568948
1748026149.1999702,581.9510184883112,110.61391515035936,19.77746979057474,596.3557333615972,25.466082157593064,21.55272170532286,0.000989675521850586,-14.404714873286025,85.1478329927663,-1.775251914748118,86.35768219414349,86.37592716321778
1748026149.3082137,582.8689111143501,110.36111224709316,19.819673069164107,598.1502312657594,25.04228657270572,21.629650668909665,0.0017344951629638672,-15.281320151409318,85.31882567438744,-1.809977599745558,86.67652946459256,86.6954253633833
1748026149.4363725,583.8433996092693,110.08762566540614,19.856484487697713,598.1502312657594,25.04228657270572,21.629650668909665,0.0030341148376464844,-14.30683165649009,85.04533909270042,-1.773166181211952,86.24033356521497,86.2585604548658
1748026149.5560644,584.5994590988518,109.86268034630095,19.88799591105703,600.5429240867758,24.19458293133732,21.74963060311538,0.009255647659301758,-15.943464987924017,85.66809741496363,-1.8616346920583524,87.13906695920525,87.15895062612634
1748026149.693278,585.4537628507101,109.60098431080772,19.92137401672534,600.5429240867758,24.19458293133732,21.74963060311538,0.00177001953125,-15.089161236065706,85.4064013794704,-1.8282565863900402,86.72909652128973,86.7483642816674
1748026149.8219025,586.2240868681394,109.36530080031423,19.94589143831518,602.3374209292396,23.770788437634653,21.80736274803895,0.003322124481201172,-16.113334061100204,85.59451236267958,-1.8614713097237718,87.09799125794763,87.11788080874354
1748026149.994073,587.0450312426944,109.11697635869129,19.96581442534853,602.3374209292396,23.770788437634653,21.80736274803895,0.0018529891967773438,-15.292389686545107,85.34618792105664,-1.8415483226904215,86.70541491153517,86.72496915655992
1748026150.1071093,587.8339940882387,108.87985635804463,19.985460881796477,604.7301159139405,22.923086373158498,21.937640627751648,0.0010612010955810547,-16.89612182570181,85.95676998488614,-1.9521797459551706,87.6016280612614,87.62337727310044
1748026150.258945,588.790074177632,108.618953778124,20.003289713958303,604.7301159139405,22.923086373158498,21.937640627751648,0.0019249916076660156,-15.940041736308444,85.6958674049655,-1.9343509137933452,87.16574224341053,87.1872028126971
1748026150.380432,589.6786178973433,108.36814289971412,20.02298228610663,606.5246143911792,22.49929307872613,22.004870108457677,0.0030930042266845703,-16.845996493835855,85.86884982098799,-1.981887822351048,87.50569677140865,87.52813745756333
1748026150.489028,590.597302111282,108.12005485048013,20.04255619887508,606.5246143911792,22.49929307872613,22.004870108457677,0.0018761157989501953,-15.927312279897137,85.620761771754,-1.9623139095825977,87.08957528221626,87.11168003612693
1748026150.675388,591.4051826669481,107.88470528104529,20.06633001093578,607.7209615607414,22.075442674787013,22.061261204659093,0.004095554351806641,-16.315778893793322,85.80926260625827,-1.994931193723314,87.34663239038439,87.36941078208457
1748026150.799599,592.3455081686699,107.6399863494041,20.09567373504889,607.7209615607414,22.075442674787013,22.061261204659093,0.002527952194213867,-15.375453392071563,85.56454367461708,-1.9655874696102025,86.93500849058002,86.95722647001747
1748026150.9412026,593.1559911938936,107.40921159504038,20.1205373046938,610.7118462941123,20.803834677624923,22.155378795995645,0.002227306365966797,-17.555855100218764,86.60537691741546,-2.0348414913018438,88.3668453624292,88.39027061392107
1748026151.0364249,594.0916151171439,107.14960844271238,20.14439854082272,610.7118462941123,20.803834677624923,22.155378795995645,0.0006554126739501953,-16.620231176968446,86.34577376508746,-2.0109802551729246,87.93079512586895,87.9537877129475
1748026151.187241,594.9249000307432,106.89665504531425,20.16753763874098,611.9081919469025,20.379984968472662,22.188964734691417,0.0010657310485839844,-16.983291916159374,86.51667007684159,-2.021427095950436,88.16783089933959,88.19100052158828
1748026151.2975588,595.8191775829317,106.62226598656238,20.194964776733787,611.9081919469025,20.379984968472662,22.188964734691417,0.001954317092895508,-16.08901436397082,86.24228101808973,-1.9939999579576302,87.73019673069939,87.75285439368656
1748026151.4148226,596.5681227132372,106.3661775460906,20.221081149836483,611.9081919469025,20.379984968472662,22.188964734691417,0.0015025138854980469,-15.340069233665304,85.98619257761794,-1.9678835848549348,87.34382083518469,87.3659865387691
1748026151.5923352,597.3687960238764,106.08728817630467,20.249508687439864,613.1045367368379,19.95613544929193,22.211754828438472,0.0034127235412597656,-15.735740712961501,86.13115272701273,-1.9622461409986087,87.55677589923893,87.57876121404898
1748026151.7068,598.2010354933484,105.80193742560354,20.28274405494402,613.1045367368379,19.95613544929193,22.211754828438472,0.007254838943481445,-14.903501243489472,85.8458019763116,-1.9290107734944542,87.12988044448814,87.1512314820339
1748026151.8408246,599.0231795777371,105.51815255180273,20.319692100959482,616.0954176710377,18.68452975988877,22.24327029377473,0.002036571502685547,-17.072238093300598,86.83362279191397,-1.923578192815249,88.49598499752825,88.51688829679125
1748026151.950706,599.9089726764515,105.22367550088353,20.356478377884677,616.0954176710377,18.68452975988877,22.24327029377473,0.002084493637084961,-16.186444994586168,86.53914574099477,-1.8867919158900541,88.03990428858891,88.06011997991921
1748026152.110539,600.8488651460673,104.91582384844077,20.39522972654975,617.2917627105693,18.260681013453063,22.26215324051024,0.003709554672241211,-16.442897564502005,86.6551428349877,-1.86692351396049,88.20137561324555,88.22113161525307
1748026152.205544,601.5609381356912,104.64353312309487,20.43318791898743,617.2917627105693,18.260681013453063,22.26215324051024,0.0022492408752441406,-15.730824574878056,86.3828521096418,-1.828965321522812,87.80350779098654,87.82255458906424
1748026152.358337,602.4646285384734,104.33905180106566,20.46861296571706,620.2826050829863,17.413042921483953,22.307863569199263,0.0038738250732421875,-17.817976544512817,86.92600887958172,-1.8392506034822027,88.73337200779608,88.75243180136721
1748026152.4970212,603.3656041049571,104.03477459327883,20.498816977947428,620.2826050829863,17.413042921483953,22.307863569199263,5.698204040527344e-05,-16.917000978029137,86.62173167179488,-1.8090465912518354,88.2581968992743,88.2767351541752
1748026152.646095,604.2385882249098,103.73590080019173,20.535606655699358,621.478951982591,16.989194998439956,22.34024967575229,0.01257944107055664,-17.240363757681166,86.74670580175177,-1.8046430200529322,88.443321454776,88.46173097098354
1748026152.795237,605.0885335088874,103.44101857949263,20.570068577732897,621.478951982591,16.989194998439956,22.34024967575229,0.003445863723754883,-16.390418473703562,86.45182358105268,-1.7701810980193926,87.99183836147861,88.0096424225912
1748026152.913043,606.0183003465347,103.13664145778995,20.602862221700256,621.478951982591,16.989194998439956,22.34024967575229,0.0009520053863525391,-15.460651636056241,86.14744645935,-1.7373874540520333,87.52379265364397,87.54103492444878
1748026153.0221674,606.8613587697605,102.83050794982523,20.63321750769422,624.4698418176604,15.717593382538205,22.430163642591936,0.0012121200561523438,-17.60848304789988,87.11291456728702,-1.7969461348977163,88.87473521567097,88.89289946372178
1748026153.1951933,607.6907439082311,102.5353944117735,20.656281653662827,625.6661913809996,15.293746284745664,22.483148216142084,0.0013203620910644531,-17.975447472768565,87.24164812702783,-1.8268665624792568,89.07424925176973,89.09298132402745
1748026153.3007696,608.3868295273423,102.25913415701456,20.673345034147626,625.6661913809996,15.293746284745664,22.483148216142084,0.0014443397521972656,-17.279361853657292,86.96538787226889,-1.8098031819944573,88.66541058295394,88.68387915174526
1748026153.4120731,609.3260708984318,101.9415168000366,20.69201305629634,625.6661913809996,15.293746284745664,22.483148216142084,0.0006804466247558594,-16.34012048256784,86.64777051529093,-1.7911351598457443,88.1750286229347,88.19321877455313
1748026153.5736935,610.2340754057075,101.61306610587886,20.70861599354079,627.4607356030239,14.445993210999932,22.547175564491667,0.0022881031036376953,-17.22666019731639,87.16707289487893,-1.8385595709508777,88.85300455592338,88.87202439413022
1748026153.6941495,611.1129407993083,101.2904989815332,20.7267361067283,627.4607356030239,14.445993210999932,22.547175564491667,0.0085296630859375,-16.3477948037156,86.84450577053327,-1.8204394577633671,88.36978316977233,88.38853193311878
1748026153.857546,611.9498702954215,100.96758448807074,20.743757103568797,629.8534379659718,13.598300378906869,22.67423844794091,0.0035848617553710938,-17.903567670550274,87.36928410916387,-1.9304813443721116,89.18480555050714,89.20569656307121
1748026154.0043192,612.7858825254103,100.6327293697066,20.76840621635323,629.8534379659718,13.598300378906869,22.67423844794091,0.0008652210235595703,-17.067555440561478,87.03442899079973,-1.9058322315876772,88.69212636120074,88.71260042951147
1748026154.1163616,613.5661356806007,100.30370464971287,20.800667247496243,631.6479825261229,12.75054843754124,22.73016197644102,0.0007197856903076172,-18.081846845522136,87.55315621217163,-1.9294947289447784,89.40082968327445,89.42164893339236
1748026154.2140534,614.4628148191679,99.94537214967801,20.828037662683823,631.6479825261229,12.75054843754124,22.73016197644102,0.0014951229095458984,-17.185167706954985,87.19482371213677,-1.9021243137571986,88.87219627817677,88.89254945276214
1748026154.379762,615.3759654728021,99.57300192787523,20.85820716939256,634.0406794584013,11.902857007401956,22.78883317399834,0.0020856857299804688,-18.664713985599178,87.67014492047326,-1.9306260046057808,89.63495890856984,89.65574814428055
1748026154.507988,616.1662734837003,99.21979108772672,20.882582087990517,634.0406794584013,11.902857007401956,22.78883317399834,0.0007822513580322266,-17.874405974701062,87.31693408032476,-1.9062510860078241,89.12766891451952,89.14805190994986
1748026154.6727774,617.0371145428489,98.8498759040248,20.9110033014663,635.8352211002837,11.05510615843084,22.804250844975737,0.004106283187866211,-18.79810655743472,87.79476974559395,-1.8932475435094354,89.78468914478977,89.80464793699453
1748026154.837016,618.0092930272488,98.45488774673521,20.93541734809764,635.8352211002837,11.05510615843084,22.804250844975737,0.002135038375854492,-17.825928073034902,87.39978158830436,-1.8688334968780964,89.19913415133759,89.2187092037728
1748026154.9451149,618.8960688611655,98.0876802320721,20.95851522145475,638.8260716902347,10.207476761826207,22.86925390126945,0.002207517623901367,-19.930002829069167,87.8802034702459,-1.910738679814699,90.11179265078752,90.1320481129829
1748026155.064306,619.731044409089,97.73265210006363,20.974369285523647,638.8260716902347,10.207476761826207,22.86925390126945,0.0009467601776123047,-19.09502728114569,87.52517533823743,-1.8948846157458021,89.58390695240358,89.6039450725463
1748026155.2178638,620.5763852190016,97.39363678196295,20.97543966505385,640.0224667979054,9.359666688327676,22.926035492248264,0.00014472007751464844,-19.446081578903772,88.03397009363528,-1.9505958271944124,90.15614221571623,90.17724104951049
1748026155.305925,621.4997088016943,97.03393398738396,20.98298866093544,640.0224667979054,9.359666688327676,22.926035492248264,0.001592874526977539,-18.522757996211112,87.67426729905628,-1.9430468313128237,89.60954028568929,89.63060382035394
1748026155.4169018,622.4047878760883,96.67778772913891,20.99615970604826,640.0224667979054,9.359666688327676,22.926035492248264,0.0023953914642333984,-17.61767892181706,87.31812104081123,-1.9298757862000038,89.07770132131834,89.09860432823939
1748026155.554723,623.2883103088777,96.32852910253223,21.01378291947421,641.218819553754,8.935822464057855,22.98621887839904,0.0014209747314453125,-17.930509244876248,87.39270663847438,-1.9724359589248301,89.2131623437878,89.2349642180188
1748026155.7013342,624.081749902306,95.9947343507491,21.04082855452315,641.218819553754,8.935822464057855,22.98621887839904,0.0015108585357666016,-17.137069651447973,87.05891188669125,-1.9453903238758912,88.72955141965528,88.75087514298369
1748026155.8196907,625.0391712137205,95.62759072621299,21.06986700490055,644.2097139553729,7.664229923860869,23.0384175290312,0.0024182796478271484,-19.17054274165241,87.96336080235211,-1.9685505241306487,90.02812089927401,90.04964044248236
1748026155.9720662,625.8801670007904,95.29272204933213,21.110015229223333,646.0042131966242,7.240447541478797,23.036939835806155,0.00173187255859375,-20.124046195833785,88.05227450785333,-1.9269246065828227,90.3226454511736,90.34319741816682
1748026156.0803576,626.816163686953,94.92875336664952,21.150385859917037,646.0042131966242,7.240447541478797,23.036939835806155,0.00043272972106933594,-19.188049509671146,87.68830582517072,-1.886553975889118,89.76313398313508,89.78295666983908
1748026156.209905,627.558296672546,94.61416528250328,21.18759534228298,646.0042131966242,7.240447541478797,23.036939835806155,0.0013930797576904297,-18.445916524078143,87.37371774102448,-1.8493444935231764,89.2995990377419,89.31874642737212
1748026156.3601694,628.5853925295049,94.24288223626172,21.2134743036168,648.9950603132385,6.392822827941816,23.03443274243777,0.0021047592163085938,-20.40966778373354,87.85005940831991,-1.8209584388209699,90.18973044137402,90.20811142421518
1748026156.4961784,629.4113341788011,93.92669999967043,21.239395881286452,648.9950603132385,6.392822827941816,23.03443274243777,0.0008099079132080078,-19.58372613443737,87.53387717172862,-1.795036861151317,89.69783710895106,89.71579648733443
1748026156.617635,630.243678662556,93.60167181218941,21.249604992348843,650.1914543018306,5.5450145995477405,23.05851233572367,0.0005211830139160156,-19.947775639274596,88.05665721264167,-1.8089073433748268,90.2878099879464,90.30592880977655
1748026156.740534,631.1887037336535,93.2556605439934,21.26153075848398,650.1914543018306,5.5450145995477405,23.05851233572367,0.0003223419189453125,-19.002750568177134,87.71064594444566,-1.7969815772396913,89.74553995128815,89.76352869588627
1748026156.9115975,632.0343134598539,92.93416715013498,21.264045208055403,653.1823581938351,4.273426310149835,23.16910912265844,0.002544403076171875,-21.148044733981123,88.66074083998515,-1.905063914603037,91.14804859329396,91.16795506582453
1748026157.010962,633.0083186408207,92.58097795633043,21.27856479898949,653.1823581938351,4.273426310149835,23.16910912265844,0.002131938934326172,-20.17403955301438,88.3075516461806,-1.8905443236689514,90.58264485887703,90.6023714229887
1748026157.171999,633.7374925689794,92.27331097749695,21.290039033957513,654.9768633202,3.849646497219112,23.209430135399344,0.012845516204833984,-21.239370751220576,88.42366448027784,-1.919391101441832,90.93874482325207,90.95899830269047
1748026157.28234,634.6260957075555,91.91641943758242,21.305807250468465,654.9768633202,3.849646497219112,23.209430135399344,0.002129077911376953,-20.350767612644518,88.06677294036331,-1.9036228849308792,90.38755577264698,90.40759934121357
1748026157.407451,635.5228804065301,91.55534913884267,21.326110223673883,656.1732145781831,3.4258050171490604,23.233202885804133,0.0012695789337158203,-20.650334171652958,88.12954412169361,-1.9070926621302497,90.51658880281823,90.53667682724185
1748026157.5465825,636.4802594156159,91.17084125343717,21.349268689457283,656.1732145781831,3.4258050171490604,23.233202885804133,0.0004930496215820312,-19.69295516256716,87.74503623628812,-1.8839341963468499,89.92777027783129,89.94750177297067
1748026157.695607,637.2869508862613,90.82254886758653,21.37132715114936,659.1641137754153,2.154219468250598,23.275093752108145,0.0012347698211669922,-21.87716288915408,88.66832939933593,-1.903766600958786,91.32733925034563,91.34717960516704
1748026157.8927202,638.2086296126243,90.45607070043013,21.392833515948183,659.1641137754153,2.154219468250598,23.275093752108145,0.00011658668518066406,-20.95548416279098,88.30185123217953,-1.8822602361599614,90.75433459359917,90.77385169267403
1748026158.038912,639.0750283962302,90.10232340739734,21.412146332214185,660.9586177489547,1.7304413306959991,23.2939133106242,0.002095460891723633,-21.88358935272447,88.37188207670134,-1.8817669784100133,91.04109525229299,91.06054069517772
1748026158.1405609,640.0625354745322,89.7317341586062,21.43330449765127,660.9586177489547,1.7304413306959991,23.2939133106242,0.0011854171752929688,-20.896082274422497,88.0012928279102,-1.8606088129729272,90.44818292151055,90.46731818152865
1748026158.231648,640.9380416788512,89.37791440498569,21.451207536709724,660.9586177489547,1.7304413306959991,23.2939133106242,0.0012519359588623047,-20.020576070103516,87.64747307428969,-1.8427057739144743,89.90496650623444,89.92384871131993
1748026158.3646069,641.8201496657431,89.03444769914435,21.46922224629286,663.9495172962692,0.4588580249753866,23.32160329435129,0.0011386871337890625,-22.129367630526076,88.57558967416897,-1.852381048058433,91.29810511644655,91.3168950052559
1748026158.4762423,642.699224474045,88.68627853372777,21.48330284738704,663.9495172962692,0.4588580249753866,23.32160329435129,0.0018625259399414062,-21.250292822224196,88.22742050875239,-1.8383004469642508,90.75049682871436,90.76911381737625
1748026158.620118,643.6623561855044,88.321444293481,21.497050096789817,665.1458680319699,0.0350182275087061,23.327879936247424,0.0031135082244873047,-21.48351184646549,88.2864260659723,-1.830829839457607,90.86272232747385,90.8811655221293
1748026158.738187,644.50575037776,87.98051219388151,21.50528607504379,665.1458680319699,0.0350182275087061,23.327879936247424,0.0035676956176757812,-20.640117654209917,87.94549396637281,-1.8225938612036323,90.33506719856328,90.353451589587
1748026158.8688197,645.4482955209883,87.61742926019957,21.5097837033243,666.9404165396879,-0.8127238691168788,23.334589780716502,0.0013132095336914062,-21.492121018699663,88.43015312931645,-1.8248060773922035,91.00441334548994,91.02270686799463
1748026159.0353203,646.3418139652797,87.26369397644066,21.504690334549316,666.9404165396879,-0.8127238691168788,23.334589780716502,0.0013852119445800781,-20.598602574408233,88.07641784555754,-1.829899446167186,90.45306964677133,90.47157752856279
1748026159.1955228,647.2723952165799,86.90366308140526,21.49839054001942,669.931271816568,-1.6603387010891977,23.345476658788705,0.0010325908660888672,-22.65887659998816,88.56400178249446,-1.8470861187692833,91.41666752022398,91.4353259284032
1748026159.3257074,648.1812059639271,86.54525359498078,21.494816542026886,669.931271816568,-1.6603387010891977,23.345476658788705,0.0031070709228515625,-21.750065852640887,88.20559229606998,-1.8506601167618193,90.84763000152913,90.86647797599788
1748026159.41577,649.1144393591385,86.18088846839373,21.49704241714697,671.1276681351881,-2.508143015932943,23.349150257617847,0.002354860305786133,-22.013228776049573,88.68903148432668,-1.8521078404708753,91.38012117946981,91.39888867063603
1748026159.5372164,650.014583907078,85.82818026824955,21.498730501258677,671.1276681351881,-2.508143015932943,23.349150257617847,0.0012607574462890625,-21.113084228110097,88.3363232841825,-1.8504197563591696,90.82438184205205,90.84322974369415
1748026159.6868167,651.0345375865602,85.45416709892848,21.50025140076799,671.1276681351881,-2.508143015932943,23.349150257617847,0.00019288063049316406,-20.09313054862787,87.96231011486142,-1.848898856849857,90.22805492742961,90.246996199154
1748026159.8501155,651.9016133208588,85.12172095041828,21.508847349687557,674.7166791584259,-3.355692013776635,23.37217121320553,0.001630544662475586,-22.81506583756709,88.47741296419491,-1.863323863517973,91.37165771730973,91.39065493708623
1748026159.9674177,652.9619586603663,84.74933086208142,21.50914837200429,674.7166791584259,-3.355692013776635,23.37217121320553,8.940696716308594e-05,-21.754720498059555,88.10502287585805,-1.8630228412012393,90.75110423517812,90.77022515126313
1748026160.1087923,653.8732534796586,84.41565389597855,21.51289785572005,675.913032765929,-3.779529785154818,23.391743619341216,0.00023794174194335938,-22.039779286270345,88.19518368113337,-1.8788457636211682,90.90732806290352,90.92674170418647
1748026160.2215128,654.799704616151,84.07628096886407,21.520805206764745,675.913032765929,-3.779529785154818,23.391743619341216,0.014445304870605469,-21.113328149778,87.85581075401889,-1.8709384125764714,90.35715859192446,90.37652637355478
1748026160.382155,655.8007273759893,83.71569182654494,21.52160857181202,678.9039414346167,-5.051106067637307,23.45133162901128,0.0021142959594726562,-23.103214058627486,88.76679789418225,-1.9297230571992579,91.72405850280154,91.74435535390091
1748026160.487019,656.639836593662,83.37998974318181,21.53414711051754,678.9039414346167,-5.051106067637307,23.45133162901128,0.0027666091918945312,-22.2641048409547,88.43109581081912,-1.9171845184937375,91.19072908290235,91.21088020159242
1748026160.6601534,657.5707682476166,83.01043427569402,21.54591109021027,680.6984972256367,-5.898844305915107,23.4950394947312,0.0006289482116699219,-23.127728978020173,88.90927858160913,-1.949128404520927,91.86812105177147,91.88879565605507
1748026160.800407,658.4940018492182,82.64771674936284,21.54879582171483,680.6984972256367,-5.898844305915107,23.4950394947312,0.006613969802856445,-22.20449537641855,88.54656105527795,-1.9462436730163688,91.28818702130883,91.30893140362674
1748026160.9087129,659.4569045353911,82.25883491454174,21.555439345097483,683.6894104035456,-7.1704183835081095,23.57751302509341,0.0002658367156982422,-24.232505868154476,89.42925329804984,-2.022073679995927,92.6542264880394,92.67628859672917
1748026161.03553,660.3352608203252,81.89745862762177,21.5626237614761,683.6894104035456,-7.1704183835081095,23.57751302509341,0.0012998580932617188,-23.35414958322042,89.06787701112988,-2.0148892636173095,92.07878701430201,92.10082951184442
1748026161.164103,661.2455913842261,81.51703189990769,21.57352004905787,685.4839177670759,-7.594189586263746,23.5864221202903,0.0011386871337890625,-24.238326382849777,89.11122148617144,-2.012902071232432,92.34882923242208,92.3707639642946
1748026161.303467,662.2163086222898,81.12742916240845,21.583984871309145,685.4839177670759,-7.594189586263746,23.5864221202903,0.009121179580688477,-23.267609144786093,88.7216187486722,-2.002437248981156,91.72190179395146,91.74375740962097
1748026161.435654,663.1675518360211,80.74226865126388,21.596694905072848,686.6802703510999,-8.01802531255009,23.581593425459975,0.0025293827056884766,-23.51271851507886,88.76029396381398,-1.9848985203871266,91.82177147339297,91.84322260596173
1748026161.6159897,664.183554938518,80.33901857031617,21.609677912179464,686.6802703510999,-8.01802531255009,23.581593425459975,0.005314350128173828,-22.49671541258192,88.35704388286626,-1.9719155132805106,91.17603527283612,91.19735664406602
1748026161.753532,664.9909348383859,79.97909747280478,21.62726339922652,689.6711710243464,-9.289596397560349,23.52667359490211,0.0008211135864257812,-24.680236185960553,89.26869387036513,-1.899410195675589,92.61756725112014,92.63704184939843
1748026161.8847237,666.0293626779967,79.56450569143121,21.63336973828679,689.6711710243464,-9.289596397560349,23.52667359490211,5.1975250244140625e-05,-23.641808346349762,88.85410208899155,-1.8933038566153186,91.9455630246858,91.9650540119449
1748026162.053821,666.936996318484,79.16454845006922,21.636939297420593,691.4657230223072,-10.1373315166337,23.509975956171303,0.0018754005432128906,-24.528726703823168,89.30187996670293,-1.87303665875071,92.60930946345657,92.62824874531144
1748026162.2212453,667.8486262948253,78.76272119266311,21.63026728636465,691.4657230223072,-10.1373315166337,23.509975956171303,0.007762908935546875,-23.617096727481908,88.9000527092968,-1.8797086698066536,91.98362152878623,92.00282568614037
1748026162.3503058,668.701814753543,78.36623558891452,21.62533483928829,694.4566316414554,-11.408900399669884,23.51074804285826,0.002829313278198242,-25.754816887912398,89.77513598858441,-1.8854132035699713,93.39638983760948,93.41541852203477
1748026162.4780846,669.6819111685061,77.93976875722369,21.62455341956082,694.4566316414554,-11.408900399669884,23.51074804285826,0.001035451889038086,-24.774720472949298,89.34866915689358,-1.8861946232974418,92.71985469477828,92.73903808417334
1748026162.6308725,670.5597693521054,77.5423541099775,21.62693038741906,694.4566316414554,-11.408900399669884,23.51074804285826,0.008472204208374023,-23.896862289349997,88.95125450964738,-1.883817655439202,92.10529684071498,92.12455956516246
1748026162.7556942,671.5245084381663,77.11153426033184,21.637171074880143,694.4566316414554,-11.408900399669884,23.51074804285826,0.11634945869445801,-22.932123203289052,88.52043466000173,-1.8735769679781171,91.44260291027626,91.46179485261266
1748026162.8688753,672.4627964851192,76.70845666949327,21.64313892153379,697.4475393154261,-12.680467825176088,23.49181937813078,0.044577836990356445,-24.984742830306914,89.38892449466937,-1.8486804565969912,92.81496213763315,92.83337124138538
1748026163.0644214,673.3326560789756,76.32320549798177,21.65026883781198,697.4475393154261,-12.680467825176088,23.49181937813078,0.0010311603546142578,-24.11488323645051,89.00367332315787,-1.8415505403188028,92.2126968400938,92.23108351806128
1748026163.1907115,674.346537973848,75.90194468263229,21.65360447322362,701.0366026307846,-13.951967479953442,23.47612698281238,0.00032830238342285156,-26.69006465693667,89.85391216258573,-1.8225225095887616,93.73411909391974,93.75183555862301
1748026163.3798728,675.260266730757,75.5088754136822,21.65621141223289,701.0366026307846,-13.951967479953442,23.47612698281238,0.0009393692016601562,-25.77633590002756,89.46084289363564,-1.819915570579493,93.10027875184268,93.11806482286264
1748026163.527419,676.2944192553024,75.08765741099059,21.666375134885445,701.0366026307846,-13.951967479953442,23.47612698281238,0.0008783340454101562,-24.742183375482227,89.03962489094403,-1.809751847926936,92.41336720900287,92.43108590002113
1748026163.6362607,677.144238512163,74.71287513837036,21.68017618872581,701.0366026307846,-13.951967479953442,23.47612698281238,0.0006215572357177734,-23.892364118621572,88.6648426183238,-1.795950794086572,91.8275523996416,91.84511320132229
1748026163.8209696,678.1016467533162,74.31035829136343,21.689049965682557,705.2239182563363,-16.07132967981655,23.478560334009376,0.005548715591430664,-27.1222715030201,90.38168797117999,-1.7895103683268196,94.36348410271464,94.38045072662891
1748026163.937901,679.082910447036,73.88441809258683,21.70134753280284,705.2239182563363,-16.07132967981655,23.478560334009376,0.004370212554931641,-26.141007809300277,89.95574777240338,-1.777212801206538,93.67704546247258,93.69390231983577
1748026164.0358312,680.091138304441,73.43678280675101,21.714510035066834,707.018476517049,-16.919060400968792,23.48266278207568,0.0029332637786865234,-26.927338212607992,90.3558432077198,-1.7681527470088447,94.28287195983278,94.2994502058786
1748026164.1732428,680.9464725393251,73.02908733222034,21.72359044403186,707.018476517049,-16.919060400968792,23.48266278207568,0.0016241073608398438,-26.072003977723853,89.94814773318913,-1.7590723380438185,93.6505134638677,93.66703266110514
1748026164.2645645,681.9846178465986,72.55109826107011,21.72975907796977,707.018476517049,-16.919060400968792,23.48266278207568,0.0005676746368408203,-25.0338586704504,89.4701586620389,-1.7529037041059077,92.90642265711504,92.92295756344805
1748026164.3926167,682.9446071697438,72.10353673166435,21.729493639006098,710.0093929457031,-18.19062194128195,23.496724267056734,0.003206014633178711,-27.064785775959308,90.2941586729463,-1.767230628050637,94.26313022361273,94.27969465185221
1748026164.5140834,683.8835124533689,71.6472046706518,21.72990636928498,710.0093929457031,-18.19062194128195,23.496724267056734,0.0028100013732910156,-26.125880492334204,89.83782661193375,-1.7668178977717552,93.55958914967296,93.57627032180481
1748026164.6270926,684.8026999741054,71.19574872986901,21.732449055652577,711.8039057336749,-18.614385683077305,23.51022576135857,0.002424478530883789,-27.00120575956953,89.81013441294631,-1.7777767057059926,93.78126335117317,93.79811216521068
1748026164.7560208,685.5404688931754,70.79455993819036,21.75506629305635,711.8039057336749,-18.614385683077305,23.51022576135857,0.0042574405670166016,-26.26343684049948,89.40894562126766,-1.755159468302221,93.18652086960701,93.20304853673443
1748026164.8664224,686.5812699228015,70.33010012081172,21.779832120654365,713.000313337959,-19.462182144292917,23.535388895365195,0.0006256103515625,-26.41904341515749,89.79228226510463,-1.7555567747108292,93.59818272460315,93.61464516269574
1748026164.9760704,687.5266168977199,69.88849397350725,21.811002951568597,713.000313337959,-19.462182144292917,23.535388895365195,0.0033066272735595703,-25.47369644023911,89.35067611780016,-1.724385943796598,92.91099253068754,92.92699306402116
1748026165.09952,688.4196689981144,69.47050390139457,21.84985077027151,713.000313337959,-19.462182144292917,23.535388895365195,0.002213001251220703,-24.58064433984464,88.93268604568749,-1.6855381250936858,92.26717034494314,92.28256477923605
1748026165.252385,689.3003134104899,69.06773283254915,21.885008167618604,716.5893963095423,-20.73367331009284,23.632784554065957,0.00010418891906738281,-27.289082899052346,89.801406142642,-1.7477763864473523,93.85620166332691,93.87247367020916
1748026165.401049,690.1789189623373,68.64869969250712,21.93161514451383,716.5893963095423,-20.73367331009284,23.632784554065957,0.0005071163177490234,-26.41047734720496,89.38237300259996,-1.7011694095521257,93.20258535729113,93.21810926339974
1748026165.5244565,691.135078230483,68.20589324303089,21.976340068011925,717.7858103253054,-21.58146904708791,23.70534793610192,0.0011920928955078125,-26.650732094822388,89.78736229011879,-1.7290078680899938,93.65912634766055,93.67508428827252
1748026165.6225574,692.0370656648763,67.77821257419723,22.018026860746446,717.7858103253054,-21.58146904708791,23.70534793610192,0.009823083877563477,-25.74874466042911,89.35968162128513,-1.6873210753554737,92.99543295799756,93.01073918347687
1748026165.756683,692.9753388898368,67.34976385723053,22.051087500560865,721.3749001147353,-22.85295769881017,23.84243622290228,0.0017817020416259766,-28.399561224898434,90.2027215560407,-1.7913487223414144,94.56778549740585,94.58475027259098
1748026165.8582036,693.9436593907405,66.89567417941905,22.08486892289783,721.3749001147353,-22.85295769881017,23.84243622290228,0.0012094974517822266,-27.431240723994733,89.74863187822922,-1.7575673000044496,93.84716240607197,93.86361880135293
1748026165.9675372,694.8467449557677,66.46146541582556,22.11772321190898,721.3749001147353,-22.85295769881017,23.84243622290228,0.0007483959197998047,-26.528155158967593,89.31442311463573,-1.7247130109932982,93.1708602108966,93.18682217679023
1748026166.0688562,695.7293350408843,66.03342621410522,22.149166843782876,722.5712654830146,-23.27678686434656,23.903601682476012,0.002099752426147461,-26.84193044213032,89.31021307845178,-1.754434838693136,93.25665332821364,93.27315493528586
1748026166.198577,696.6203903868254,65.61091117129692,22.18079578490192,722.5712654830146,-23.27678686434656,23.903601682476012,0.001241922378540039,-25.95087509618918,88.88769803564348,-1.7228058975740907,92.59843832556653,92.61446345196016
1748026166.3799472,697.6201797936926,65.15149346089083,22.19957529589845,726.1603518106585,-24.548272680471296,23.991385793468428,0.0001347064971923828,-28.540172016965926,89.69976614136213,-1.7918104975699798,94.13070415424004,94.14775647583039
1748026166.4952874,698.5395191288296,64.71006938975614,22.22074900622898,726.1603518106585,-24.548272680471296,23.991385793468428,0.0020275115966796875,-27.620832681828915,89.25834207022744,-1.7706367872394466,93.4342658084459,93.45104163034058
1748026166.6330397,699.5307346776667,64.2460635188434,22.238206165837305,727.3567640928541,-25.396066552955897,24.02954593706625,0.0013339519500732422,-27.82602941518735,89.6421300717993,-1.7913397712289445,93.86159702894606,93.87868924841379
1748026166.7410512,700.4363044343816,63.80274015311663,22.254377727595323,727.3567640928541,-25.396066552955897,24.02954593706625,0.0017774105072021484,-26.92045965847251,89.19880670607253,-1.7751682094709267,93.1726261624665,93.18953529330776
1748026166.891816,701.323249151142,63.358212514649175,22.27052132440464,730.3476959965942,-26.667618834902253,24.105401933242327,0.004912614822387695,-29.02444684545219,90.02583134955142,-1.8348806088376861,94.58894663152961,94.60674189354077
1748026167.069336,702.3333661779809,62.87373256437607,22.279230430534504,730.3476959965942,-26.667618834902253,24.105401933242327,0.0013170242309570312,-28.014329818613305,89.54135139927833,-1.8261715027078225,93.82140632923326,93.83917725530415
1748026167.2045,703.2552343337886,62.400516177636234,22.28490852000478,732.142264532906,-27.51534263592473,24.14179113962516,0.0059626102447509766,-28.887030199117362,89.91585881356096,-1.8568826196203787,94.4421631471079,94.46041601098311
1748026167.3084085,704.1566599787985,61.94293684869195,22.290711989919004,732.142264532906,-27.51534263592473,24.14179113962516,0.0028345584869384766,-27.985604554107454,89.45827948461668,-1.8510791497061554,93.73354698616002,93.7518230469421
1748026167.432465,705.1538461047716,61.44889636959797,22.29275179808145,732.142264532906,-27.51534263592473,24.14179113962516,0.0025076866149902344,-26.988418428134423,88.9642390055227,-1.8490393415437083,92.96779308493794,92.98617906748512
1748026167.5811524,706.0101674847858,60.99214142739627,22.294523496320878,733.936785187587,-27.939100280420472,24.18578811341436,7.486343383789062e-05,-27.926617702801195,88.93124170781674,-1.8912646170934835,93.21299119764655,93.23217582929405
1748026167.7598011,706.9799680278834,60.49678173445011,22.293899693728687,736.9277212701303,-29.2106495626671,24.274633379953187,0.0026695728302001953,-29.947753242246904,89.70743129711721,-1.9807336862245002,94.57426264151105,94.59500229991677
1748026167.8664503,707.885513468757,60.01351219543174,22.29013655077116,736.9277212701303,-29.2106495626671,24.274633379953187,0.10397958755493164,-29.04220780137325,89.22416175809883,-1.984496829182028,93.83176900929413,93.85275224029695
1748026168.031569,708.8260675492688,59.517576030161,22.28608293716282,736.9277212701303,-29.2106495626671,24.274633379953187,0.0018656253814697266,-28.101653720861464,88.7282255928281,-1.9885504427903662,93.07202027837906,93.09326125752885
1748026168.146515,709.8044680134258,59.00755138760347,22.27905490937271,739.9186468053192,-30.482196972398228,24.26128125218097,0.0016734600067138672,-30.114178791893437,89.4897483600017,-1.9822263428082607,94.4207542113838,94.44155889819204
1748026168.2816265,710.7630367201631,58.505793270645164,22.27459208551575,739.9186468053192,-30.482196972398228,24.26128125218097,0.0015375614166259766,-29.155610085156127,88.98799024304338,-1.9866891666652222,93.64246903480088,93.66354115011127
1748026168.399202,711.6588099686189,58.020805798605934,22.26569759852268,741.7132102515795,-31.32991777136283,24.232573269410054,0.0013914108276367188,-30.054400282960614,89.35072356996876,-1.9668756708873723,94.26992510257656,94.29044160862819
1748026168.537281,712.6493335879934,57.51337794343779,22.260465560573415,741.7132102515795,-31.32991777136283,24.232573269410054,4.172325134277344e-05,-29.063876663586143,88.84329571480062,-1.9721077088366386,93.47641478032658,93.49721562163715
1748026168.6219964,713.5803687766049,57.01884017249836,22.253056577732266,741.7132102515795,-31.32991777136283,24.232573269410054,0.00386810302734375,-28.13284147497461,88.34875794386119,-1.9795166916777873,92.7197918444548,92.74092023487614
1748026168.76216,714.3727830862308,56.57123492406509,22.24378597871257,744.7041339356814,-32.60146273247345,24.18671725839261,0.003656148910522461,-30.331350849450587,89.17269765653853,-1.9429312796800389,94.19002522399545,94.21006227391243
1748026168.90736,715.4486698590731,56.036779151067265,22.22878592407618,744.7041339356814,-32.60146273247345,24.18671725839261,0.0006229877471923828,-29.25546407660829,88.63824188354072,-1.9579313343164273,93.34141686594857,93.36194941009259
1748026169.075363,716.4175083408949,55.529938514148185,22.22439623872063,746.498699179544,-33.4491821756454,24.163104083549108,0.0017843246459960938,-30.08119083864915,88.97912068979358,-1.9387078448284782,93.92636456820885,93.94637060103854
1748026169.2508965,717.4967569495803,54.99240056099193,22.2226228153547,746.498699179544,-33.4491821756454,24.163104083549108,0.0023849010467529297,-29.001942229963674,88.44158273663733,-1.9404812681944072,93.07537918306654,93.09560503924892
1748026169.372275,718.4384712201473,54.50272815622631,22.234557706024603,746.498699179544,-33.4491821756454,24.163104083549108,6.127357482910156e-05,-28.060227959396684,87.95191033187172,-1.9285463775245049,92.31963455386351,92.3397759109755
1748026169.4840758,719.2242866658187,54.07097683089784,22.25621486343962,746.498699179544,-33.4491821756454,24.163104083549108,0.0014963150024414062,-27.274412513725338,87.52015900654324,-1.9068892201094876,91.67154307907917,91.6913738418028
1748026169.592456,720.2608876327449,53.558956724701765,22.27367983653351,751.2841355017739,-35.144476978541284,24.04863479870445,0.0069446563720703125,-31.023247869028978,88.70343370324305,-1.7749549621709413,93.97202274660712,93.98878403408878
1748026169.7550309,721.2911279711259,53.04148668793477,22.29007575567614,751.2841355017739,-35.144476978541284,24.04863479870445,0.0014576911926269531,-29.993007530648015,88.18596366647606,-1.7585590430283133,93.1468984374603,93.16349724235539
1748026169.9039056,722.1717754786573,52.57601472859759,22.30449433997002,751.2841355017739,-35.144476978541284,24.04863479870445,0.0010404586791992188,-29.112360023116594,87.72049170713888,-1.7441404587344316,92.42518147917146,92.44163670877735
1748026170.0305314,723.1209641934252,52.08920830723247,22.3285094800044,754.2750686199448,-36.41601762022978,24.052372238292104,0.00022912025451660156,-31.154104426519666,88.50522592746225,-1.723862758287705,93.82831789545003,93.8441524118527
1748026170.17714,724.1107251050043,51.58955837033636,22.343970902545706,754.2750686199448,-36.41601762022978,24.052372238292104,0.023020029067993164,-30.16434351494047,88.00557599056614,-1.708401335746398,93.03154854735378,93.04723349053761
1748026170.2789922,724.8835724753338,51.17996493360909,22.351668986887187,756.0696407394373,-37.26373453450054,24.067459784413987,0.0016148090362548828,-31.186068264103483,88.44369946810963,-1.7157907975268003,93.78090866151072,93.79660317644502
1748026170.3752012,725.960798135767,50.64619287529496,22.36039119369909,756.0696407394373,-37.26373453450054,24.067459784413987,0.0006561279296875,-30.10884260367027,87.9099274097955,-1.707068590714897,92.92307431487673,92.93875307589138
1748026170.519534,726.7035011730843,50.21425329179481,22.37448409540843,756.0696407394373,-37.26373453450054,24.067459784413987,0.0022916793823242188,-29.366139566353013,87.47798782629536,-1.6929756890055572,92.27550328861936,92.29103246714475
1748026170.655306,727.7516805496381,49.67213177535657,22.38105198559569,759.0605685892903,-38.53527254196973,24.010197553397383,0.002218961715698242,-31.308888039652174,88.20740431732631,-1.629145567801693,93.59910601431912,93.61328304231637
1748026170.7817717,728.6522012812134,49.18075143050487,22.389031696509996,759.0605685892903,-38.53527254196973,24.010197553397383,0.0016522407531738281,-30.40836730807689,87.7160239724746,-1.6211658568873872,92.83732904323917,92.85148271631529
1748026170.8973544,729.5575104099637,48.68531508562843,22.39480310068939,762.0514927587534,-39.806808855057774,23.912429210180395,0.0008022785186767578,-32.4939823487897,88.49212394068621,-1.5176261094910046,94.26937407460191,94.28158928139383
1748026171.040598,730.4904559622726,48.18528682014428,22.39597614356999,762.0514927587534,-39.806808855057774,23.912429210180395,0.0005235671997070312,-31.561036796480835,87.99209567520205,-1.5164530666104064,93.48105661032469,93.49335577935986
1748026171.240109,731.3701008189913,47.71400583460528,22.398863127051744,765.0424305908432,-41.07834438615373,23.919464204380088,0.0011563301086425781,-33.67232977185188,88.792350220759,-1.5206010773283438,94.96266239944131,94.97483602316267
1748026171.4307158,732.2588578015984,47.23933613802441,22.40895435234804,765.0424305908432,-41.07834438615373,23.919464204380088,0.0023488998413085938,-32.78357278924477,88.31768052417814,-1.5105098520320475,94.2060260174396,94.21813508031026
1748026171.6092494,733.1150063806781,46.77860697543829,22.43265772279475,766.837002442596,-41.92605806267828,23.909340587264577,0.002958536148071289,-33.721996061917935,88.70466503811656,-1.4766828644698258,94.8983172554944,94.90980565888167
1748026171.7431118,733.9142743189539,46.32370264773875,22.47029212472133,766.837002442596,-41.92605806267828,23.909340587264577,0.0021202564239501953,-32.92272812364217,88.24976071041704,-1.4390484625432478,94.1909034490546,94.2018956976274
1748026171.888582,734.9474490479276,45.79270040225207,22.493953682195183,766.837002442596,-41.92605806267828,23.909340587264577,0.003041982650756836,-31.889553394668383,87.71875846493035,-1.4153869050693935,93.33554629582555,93.34627749638031
1748026172.0094712,735.8164055215639,45.3109090320513,22.50915601967138,766.837002442596,-41.92605806267828,23.909340587264577,0.0030584335327148438,-31.020596921032165,87.23696709472958,-1.4001845675931968,92.58815184041683,92.5987385337803
1748026172.2436342,736.6498821103414,44.843306359387164,22.5114982790428,771.0243028392453,-43.621410801672376,23.875126218199707,0.0023772716522216797,-34.37442072890383,88.46471716105954,-1.3636279391569062,94.9084136567141,94.9182093383056
1748026172.3288896,737.5243889183573,44.36250595347959,22.512799969018904,771.0243028392453,-43.621410801672376,23.875126218199707,0.0020627975463867188,-33.499913920887934,87.98391675515197,-1.3623262491808035,94.145705373556,94.15556156220204
1748026172.5183086,738.3536959503747,43.901502351266124,22.522934321263165,772.8188794616188,-44.46912295597633,23.89200863787586,0.0016465187072753906,-34.46518351124416,88.37062530724245,-1.3690743166126964,94.85365723922708,94.8635370210345
1748026172.6391962,739.2641812414803,43.412533051237816,22.53581624921114,772.8188794616188,-44.46912295597633,23.89200863787586,0.020610332489013672,-33.55469822013856,87.88165600721415,-1.35619238866472,94.06967223932955,94.07944777160398
1748026172.7765548,740.1814875504859,42.92131458399907,22.55255511471402,772.8188794616188,-44.46912295597633,23.89200863787586,0.004846096038818359,-32.63739191113291,87.39043753997541,-1.3394535231618399,93.28605428567137,93.29567010279703
1748026172.929777,740.8725136396315,42.50122101631928,22.579389638853836,772.8188794616188,-44.46912295597633,23.89200863787586,0.0023076534271240234,-31.946365821987342,86.97034397229561,-1.3126189990220247,92.65209668373218,92.66139427252457
1748026173.0959752,741.6502802807054,42.056630500501335,22.607968933433447,777.0061886645166,-46.16447203472396,23.90348974278236,0.0029282569885253906,-35.3559083838112,88.2211025352253,-1.2955208093489112,95.04211271944236,95.05094194347913
1748026173.2604015,742.6969624626488,41.53575880737861,22.64337942608257,777.0061886645166,-46.16447203472396,23.90348974278236,0.001956462860107422,-34.30922620186777,87.70023084210257,-1.2601103166997873,94.17246674229686,94.18089705635248
1748026173.3669195,743.551418651851,41.068731500319316,22.66847445375566,779.9971413080461,-47.43600101443259,23.982415881538376,0.09925150871276855,-36.44572265619513,88.50473251475191,-1.3139414277827157,95.7150896015883,95.72410782825673
1748026173.4786332,744.3262875736677,40.62969942439556,22.69127135957045,779.9971413080461,-47.43600101443259,23.982415881538376,0.001069784164428711,-35.6708537343784,88.06570043882815,-1.2911445219679258,95.01566923366289,95.0244413511463
1748026173.5874546,745.1893894017799,40.168083368798904,22.706799535929427,779.9971413080461,-47.43600101443259,23.982415881538376,0.0009205341339111328,-34.807751906266276,87.6040843832315,-1.2756163456089489,94.26587502056366,94.27450551688783
1748026173.6692965,746.0740692404505,39.706185065137895,22.723959899742017,781.1935129197329,-47.85981912745968,24.019566650703187,0.0006089210510253906,-35.119443679282426,87.56600419259757,-1.29560675096117,94.34606729800828,94.35496283425395
1748026173.7740488,746.9140528582784,39.27142396978662,22.73680819707767,781.1935129197329,-47.85981912745968,24.019566650703187,0.00020885467529296875,-34.27946006145453,87.1312430972463,-1.2827584536255152,93.63191179174056,93.64069828352753
1748026173.8786104,747.6662302290049,38.882053039647325,22.75700789813703,781.1935129197329,-47.85981912745968,24.019566650703187,0.0007238388061523438,-33.52728269072804,86.741872167107,-1.2625587525661572,92.99586588488074,93.0044360570097
1748026173.987555,748.4727045189824,38.43388094526499,22.76238720995163,784.1844641967731,-49.13134596901104,24.073084607321807,0.0032112598419189453,-35.711759677790724,87.56522691427602,-1.310697397370177,94.56742961418021,94.57651226123959
1748026174.090478,749.2196382089792,38.01293913433889,22.787745215786774,784.1844641967731,-49.13134596901104,24.073084607321807,0.001214742660522461,-34.964825987793915,87.14428510334994,-1.2853393915350324,93.89710050119038,93.90589747125618
1748026174.195332,750.0027773251614,37.57992553914861,22.803307716747927,784.1844641967731,-49.13134596901104,24.073084607321807,0.0010404586791992188,-34.181686871611646,86.71127150815965,-1.2697768905738798,93.2053234743096,93.21397243601693
1748026174.3379529,750.7912155869348,37.12432283653648,22.81302995306625,786.5772620667763,-50.40294611192139,24.150585098498293,0.005162239074707031,-35.7860464798415,87.52726894845787,-1.3375551454320451,94.56037189136396,94.56983126769407
1748026174.4472904,751.4921594792761,36.69673520792967,22.82200150615236,786.5772620667763,-50.40294611192139,24.150585098498293,0.0020275115966796875,-35.08510258750016,87.09968131985106,-1.3285835923459324,93.9005799215054,93.90997840462362
1748026174.575678,752.3293968723012,36.2142752714223,22.83274449211283,787.7736359109518,-50.82676308168556,24.19713385282119,0.0038747787475585938,-35.44423903865061,87.04103835310787,-1.3643893607083584,93.98104297472017,93.99094635625185
1748026174.686093,753.1422898316591,35.74651234481857,22.837851592847404,787.7736359109518,-50.82676308168556,24.19713385282119,0.00160980224609375,-34.63134607929271,86.57327542650413,-1.359282259973785,93.24302734970098,93.25293452540443
1748026174.7874217,753.8122130268498,35.34054885069069,22.834102867987863,787.7736359109518,-50.82676308168556,24.19713385282119,0.0012145042419433594,-33.961422884102035,86.16731193237625,-1.3630309848333262,92.61848568166205,92.62851474265284
1748026174.9162407,754.5112890197458,34.936002219135815,22.816892030325914,787.7736359109518,-50.82676308168556,24.19713385282119,0.0002796649932861328,-33.26234689120599,85.76276530082137,-1.3802418224952753,91.98714928050924,91.9975037718049
1748026175.0368078,755.4344456885694,34.46555022213428,22.80315058140673,787.7736359109518,-50.82676308168556,24.19713385282119,0.006043672561645508,-32.3391902223824,85.29231330381984,-1.3939832714144593,91.21733351154482,91.22798431576454
1748026175.169166,756.1914253056613,34.06522375749211,22.78470163027958,787.7736359109518,-50.82676308168556,24.19713385282119,0.0013318061828613281,-31.582210605290584,84.89198683917768,-1.4124322225416073,90.57640673056116,90.58741866839634
1748026175.2827225,756.9919435325932,33.6404366887342,22.76702708738749,787.7736359109518,-50.82676308168556,24.19713385282119,0.00311279296875,-30.781692378358684,84.46719977041977,-1.430106765433699,89.90117030791038,89.91254433110235
1748026175.4751146,757.6745097137149,33.25328472918498,22.744538544474064,787.7736359109518,-50.82676308168556,24.19713385282119,0.0021004676818847656,-30.099126197236956,84.08004781087055,-1.4525953083471244,89.30516131621663,89.31697414738873
1748026175.6168928,758.4855026210084,32.80391397657568,22.730371354011854,787.7736359109518,-50.82676308168556,24.19713385282119,4.887580871582031e-05,-29.288133289943403,83.63067705826124,-1.4667624988093344,88.61086218310187,88.62300090304203
1748026175.6865292,759.2761277959581,32.35938160468247,22.72818544506161,787.7736359109518,-50.82676308168556,24.19713385282119,0.003205537796020508,-28.497508114993707,83.18614468636804,-1.46894840775958,87.9320341886021,87.94430308991112
1748026175.843013,760.0826962963133,31.89908028798302,22.725040270424124,787.7736359109518,-50.82676308168556,24.19713385282119,0.008280038833618164,-27.690939614638523,82.72584336966858,-1.472093582397065,87.2373388977707,87.2497584952522
1748026176.0080593,760.84455537804,31.455066986614206,22.717170454469603,797.3447225515155,-55.065221059265774,24.428913037232302,0.0015349388122558594,-36.50016717347546,86.52028804587998,-1.7117425827626995,93.90432603045345,93.91992605354488
1748026176.1022196,761.6918199870764,30.986671253002676,22.7128671231688,797.3447225515155,-55.065221059265774,24.428913037232302,0.0008566379547119141,-35.652902564439046,86.05189231226845,-1.7160459140635034,93.14535754288363,93.16116382576381
1748026176.222129,762.453720353877,30.54390012799113,22.70643172048123,798.5410912319848,-55.489035557313066,24.420253166671326,0.0030028820037841797,-36.08737087810778,86.0329356853042,-1.7138214461900958,93.29503930823861,93.31077935305873
1748026176.3457675,763.210854352857,30.100063589781207,22.695389423290596,798.5410912319848,-55.489035557313066,24.420253166671326,0.004118204116821289,-35.33023687912771,85.58909914709427,-1.7248637433807303,92.59438174504115,92.61044587777147
1748026176.482254,763.9557019339958,29.665319374342054,22.67747191890686,800.9338264718141,-56.33666368629069,24.382249379338468,0.0024111270904541016,-36.9781245378183,86.00198306063274,-1.7047774604316075,93.61475730191134,93.63027849411405
1748026176.6594722,764.7666345888954,29.20557309795725,22.65402842377594,800.9338264718141,-56.33666368629069,24.382249379338468,0.0009999275207519531,-36.1671918829187,85.54223678424793,-1.7282209555625272,92.87378555194248,92.8898637657492
1748026176.7538426,765.5090127597518,28.771935337644614,22.624356328738003,800.9338264718141,-56.33666368629069,24.382249379338468,0.0015087127685546875,-35.424813712062246,85.10859902393531,-1.7578930506004653,92.1867184270669,92.20347738739936
1748026176.898669,766.3448101133902,28.3138815731377,22.59144189796323,802.1302467057174,-57.184442981713474,24.351688589734916,0.0021674633026123047,-35.78543659232719,85.49832455485117,-1.7602466917716875,92.68527916443979,92.70199265499113
1748026177.018981,767.0690207305793,27.904238025525437,22.560728939866625,802.1302467057174,-57.184442981713474,24.351688589734916,0.0025687217712402344,-35.061225975138086,85.0886810072389,-1.7909596498682916,92.0291975539902,92.04662263711153
1748026177.1648796,767.7434399275214,27.512525102028327,22.537133303789627,804.522977948006,-58.032069362214045,24.273384772444647,0.0020661354064941406,-36.77953802048455,85.54459446424238,-1.73625146865502,93.11612137031888,93.13230711313
1748026177.277879,768.5657779497751,27.069476567358585,22.51400707175778,804.522977948006,-58.032069362214045,24.273384772444647,0.0017507076263427734,-35.95719999823086,85.10154592957264,-1.7593777006868656,92.38611016443942,92.40286121765716
1748026177.4453788,769.3246167040609,26.64381931463391,22.49429148354795,806.3175572022296,-58.87977162087256,24.241450628608693,0.0021131038665771484,-36.992940498168764,85.52359093550646,-1.747159145060742,93.18134069224855,93.19771895429129
1748026177.5833428,769.9983096352142,26.25664466432925,22.47468751869956,806.3175572022296,-58.87977162087256,24.241450628608693,0.0013577938079833984,-36.319247567015395,85.13641628520182,-1.7667631099091317,92.55969490940066,92.57655520491063
1748026177.6954513,770.8237678067957,25.814892501590684,22.45175735156863,806.3175572022296,-58.87977162087256,24.241450628608693,0.004071950912475586,-35.493789395433964,84.69466412246325,-1.7896932770400618,91.83134114486342,91.84877908001917
1748026177.8581803,771.5593784794494,25.40027264759936,22.430222287366288,808.7102949352861,-59.72739677531677,24.20564074264595,0.002785921096801758,-37.15091645583675,85.12766942291613,-1.775418455279663,92.88116437085536,92.89813133522762
1748026177.9379013,772.3444875653174,24.974180981040227,22.40491142699446,808.7102949352861,-59.72739677531677,24.20564074264595,0.0028133392333984375,-36.36580736996871,84.701577756357,-1.8007293156514912,92.17824700050365,92.19583421258308
1748026178.1170948,773.2240173726645,24.512387021871,22.372188691721593,809.9066651413605,-60.15120909257648,24.196482522789683,0.001378774642944336,-36.682647768695915,84.66359611444747,-1.8242938310680898,92.26885256874336,92.28688532145058
1748026178.2482622,773.9081875201575,24.1303587391264,22.34863085914486,809.9066651413605,-60.15120909257648,24.196482522789683,0.0008587837219238281,-35.99847762120294,84.28156783170289,-1.8478516636448248,91.64754806984301,91.66617491193259
1748026178.365518,774.7213289617296,23.70653286722503,22.32522020604122,812.8975656834638,-60.99875617459255,24.18629847934352,0.0006070137023925781,-38.1762367217342,84.70528904181758,-1.8610782733023008,92.91076924604461,92.92940683245054
1748026178.4967449,775.4380425578665,23.317935768737406,22.30860249962983,812.8975656834638,-60.99875617459255,24.18629847934352,0.05966520309448242,-37.45952312559723,84.31669194332996,-1.877695979713689,92.26332106023258,92.2824260368993
1748026178.7002816,776.1566427914378,22.930756661190678,22.296307101437627,814.0939884908756,-61.84653316401286,24.15713863596056,0.0007066726684570312,-37.937345699437856,84.77728982520354,-1.8608315345229336,92.8785824010316,92.89722150217997
1748026178.8442168,776.9138054563899,22.514820568249895,22.282714234359997,814.0939884908756,-61.84653316401286,24.15713863596056,0.0011823177337646484,-37.18018303448571,84.36135373226276,-1.8744244016005638,92.1911276317728,92.2101810043508
1748026178.9535909,777.6885619155346,22.111250238665143,22.16187415135636,816.4867216069736,-62.694154825796645,24.068819950287757,0.0018010139465332031,-38.79815969143897,84.80540506446178,-1.906945798931396,93.25906885440064,93.27856327082822
1748026179.0634778,778.2361592048923,21.77073966472333,22.09766613588858,816.4867216069736,-62.694154825796645,24.068819950287757,0.0019366741180419922,-38.2505624020813,84.46489449051998,-1.9711538143991767,92.72229465112578,92.74324435089711
1748026179.2111845,779.2063786909121,21.257182057221847,22.21829556046153,816.4867216069736,-62.694154825796645,24.068819950287757,0.0030252933502197266,-37.2803429160615,83.95133688301848,-1.8505243898262265,91.85668692253819,91.87532515807789
1748026179.3243904,779.917645124145,20.84515012545942,22.21298908039839,819.4776757138922,-63.96566415384707,24.0317269898776,0.0022406578063964844,-39.56003058974716,84.8108142793065,-1.8187379094792107,93.58349341086145,93.60116477140723
1748026179.4648528,780.6807629324809,20.411634010046832,22.211266312663184,819.4776757138922,-63.96566415384707,24.0317269898776,0.006421089172363281,-38.796912781411265,84.3772981638939,-1.8204606772144167,92.8694184691984,92.88725942713764
1748026179.5602503,781.4494527443062,19.972887253360064,22.215203001067565,819.4776757138922,-63.96566415384707,24.0317269898776,0.002481698989868164,-38.028222969585954,83.93855140720714,-1.8165239888100366,92.15110501000463,92.16900733959774
1748026179.6790469,782.1957941678909,19.547084730697726,22.221462338592126,820.674047423095,-64.38947441206781,24.022764836367763,0.0022363662719726562,-38.478253255204095,83.93655914276553,-1.8013024977756373,92.33591898226064,92.35348734610454
1748026179.8667426,782.9717135223391,19.109653155588084,22.2334986261291,820.674047423095,-64.38947441206781,24.022764836367763,0.0005447864532470703,-37.70233390075589,83.4991275676559,-1.7892662102386616,91.61643021927759,91.63390071199011
1748026179.9692545,783.6867791182164,18.698734465108025,22.244300141446207,823.0667906574212,-65.23709419316063,23.999750964505893,0.004326343536376953,-39.380011539204816,83.93582865826866,-1.755450823059686,92.71466249400976,92.73127977640728
1748026180.114352,784.5337647527867,18.234225664746226,22.25238418841355,823.0667906574212,-65.23709419316063,23.999750964505893,0.003804445266723633,-38.53302590463443,83.47131985790685,-1.747366776092342,91.93614808217832,91.95275207865403
1748026180.2784748,785.2642947972768,17.814442227664834,22.25943489469251,824.8613222756495,-65.66082572293195,23.99381602105785,0.0004932880401611328,-39.59702747837275,83.47526795059679,-1.7343811263653386,92.39071893078297,92.4069966097721
1748026180.392032,785.9460024542825,17.417357067546696,22.26713035235979,824.8613222756495,-65.66082572293195,23.99381602105785,0.0010437965393066406,-38.91531982136701,83.07818279047865,-1.7266856686980603,91.74086642585986,91.75711425260685
1748026180.5133529,786.7115501620232,16.996383055356056,22.270271473825122,826.0577529628395,-66.50860083685761,24.007049861820636,0.0073642730712890625,-39.346202800816286,83.50498389221366,-1.736778387995514,92.31037866719986,92.32671557491274
1748026180.690622,787.5377049341306,16.55801269921124,22.26984502597229,826.0577529628395,-66.50860083685761,24.007049861820636,0.0010809898376464844,-38.52004802870886,83.06661353606884,-1.7372048358483454,91.56340090060358,91.57987914998768
1748026180.7775488,788.2319251403869,16.162902172244337,22.277061158435444,828.4505075259862,-67.35621936825488,24.059831726393035,0.009978294372558594,-40.218582385599234,83.51912154049921,-1.7827705679575914,92.69831730945235,92.71545881298269
1748026180.9163156,789.0732625147067,15.704444885826213,22.28416644948356,828.4505075259862,-67.35621936825488,24.059831726393035,0.002011537551879883,-39.377245011279456,83.0606642540811,-1.775665276909475,91.92193084899554,91.93907960265396
1748026181.0703294,789.809144629181,15.277928945800305,22.30105667115118,831.4414719930099,-68.62772347532825,24.06743285590932,0.0016345977783203125,-41.63232736382895,83.90565242112856,-1.7663761847581405,93.66647847519549,93.68313228522166
1748026181.1952674,790.5635398754132,14.851337275957412,22.319545438082987,831.4414719930099,-68.62772347532825,24.06743285590932,0.0018775463104248047,-40.87793211759674,83.47906075128566,-1.747887417826334,92.95030348593644,92.96673614015437
1748026181.3032932,791.3193963447471,14.407605163435385,22.337983142965435,831.4414719930099,-68.62772347532825,24.06743285590932,0.0016901493072509766,-40.12207564826281,83.03532863876364,-1.729449712943886,92.22064170494806,92.23685680237595
1748026181.5017352,792.1371593949103,13.933485277898619,22.353714197506445,832.6378445050635,-69.05153138798939,24.05176954314818,0.002838611602783203,-40.5006851101532,82.985016665888,-1.698055345641734,92.34077368870966,92.35638514681243
1748026181.6172972,792.9091096128464,13.471622107388917,22.367135247020517,832.6378445050635,-69.05153138798939,24.05176954314818,0.00487208366394043,-39.728734892217176,82.5231534953783,-1.684634296127662,91.58844489867617,91.60393676949441
1748026181.7159426,793.7067050326499,12.997651247140674,22.376878438964003,833.8342177075783,-69.4753391183742,24.04021059162217,0.001983165740966797,-40.127512674928425,82.47299036551487,-1.6633321526581675,91.71701812263007,91.73209954621619
1748026181.840538,794.4086093183777,12.571873172149786,22.38346375315719,833.8342177075783,-69.4753391183742,24.04021059162217,0.0011603832244873047,-39.42560838920065,82.04721229052399,-1.6567468384649793,91.02814752319702,91.0432229855231
1748026181.9608805,795.1850156909136,12.121972284318453,22.390293176000554,836.8251822156883,-70.746840498666,24.03220666534467,0.0032351016998291016,-41.64016652477471,82.86881278298446,-1.641913489344116,92.74235062943089,92.75688373473308
1748026182.1157022,796.0212722463262,11.651653074347529,22.39089111530331,836.8251822156883,-70.746840498666,24.03220666534467,0.00040340423583984375,-40.80390996936205,82.39849357301352,-1.6413155500413588,91.94819634930178,91.96284428302857
1748026182.2053497,796.8052518803996,11.203614465517084,22.39113975213102,836.8251822156883,-70.746840498666,24.03220666534467,0.0023636817932128906,-40.01993033528868,81.95045496418308,-1.641066913213649,91.20017485113698,91.21493843385305
1748026182.3772793,797.4891120304549,10.788164578900414,22.3897155550921,839.2179363817377,-71.59445468101774,24.057983504987867,0.0008959770202636719,-41.72882435128281,82.38261925991816,-1.6682679498957675,92.3482037609008,92.36327114073809
1748026182.513286,798.2618015996261,10.347848778882785,22.38237688099427,839.2179363817377,-71.59445468101774,24.057983504987867,0.003696441650390625,-40.956134782111576,81.94230345990053,-1.6756066239935983,91.60756558606344,91.62288868052178
1748026182.6560042,799.0558660797008,9.887721761017922,22.37228840184203,840.4143689643437,-72.4422269850226,24.06211200148018,0.0071010589599609375,-41.35850288464292,82.32994874604051,-1.6898235996381494,92.13439217460912,92.1498872771018
1748026182.762292,799.7083697755537,9.472343042529282,22.363324795474785,840.4143689643437,-72.4422269850226,24.06211200148018,0.0031387805938720703,-40.705999188789974,81.91457002755189,-1.6987872060053952,91.47117115658065,91.48694459171625
1748026182.902109,800.5208090822631,8.99787258508399,22.35211403351305,843.4052806830834,-73.28975968980944,24.06231090258873,0.0011250972747802734,-42.88447160082035,82.28763227489344,-1.7101968690756806,92.79187642185954,92.80763494034663
1748026183.0360565,801.1856110955514,8.564195166265002,22.34142842232211,843.4052806830834,-73.28975968980944,24.06231090258873,0.00012636184692382812,-42.21966958753205,81.85395485607444,-1.7208824802666207,92.10087092780748,92.11694666114124
1748026183.1868844,801.8039422027969,8.161307618552236,22.33644993385665,844.6017130431205,-74.13753110378225,24.058046053518677,0.0017015933990478516,-42.797770840323665,82.2988387223345,-1.7215961196620277,92.76178115983802,92.77775561601453
1748026183.3089056,802.7014274746741,7.633818483042752,22.326634110867435,844.6017130431205,-74.13753110378225,24.058046053518677,0.0011639595031738281,-41.90028556844641,81.77134958682501,-1.731411942651242,91.88137756895085,91.89768947739252
1748026183.4796174,803.3677200886253,7.192838312851954,22.322888865195402,845.7980884670799,-74.56133659753627,24.05007796938332,0.0019881725311279297,-42.430368378454546,81.75417491038823,-1.727189104187918,92.10907271278822,92.12526503740075
1748026183.630108,804.1657218848209,6.692452379279366,22.321267984636243,845.7980884670799,-74.56133659753627,24.05007796938332,0.0001590251922607422,-41.63236658225901,81.25378897681563,-1.7288099847470768,91.29858799745197,91.31495471329897
1748026183.770714,804.9193277273422,6.223832033711666,22.31179579449356,845.7980884670799,-74.56133659753627,24.05007796938332,0.002944469451904297,-40.878760739737686,80.78516863124793,-1.7382821748897612,90.53903329722426,90.55571862293084
1748026183.9344463,805.5871739888332,5.782829481470337,22.31510981424257,848.7890558432056,-75.83283212428717,24.027472393858154,0.002395153045654297,-43.201881854372346,81.61566160575751,-1.7123625796155828,92.34456570423984,92.36044066974094
1748026184.0569825,806.3763422066079,5.291011055079686,22.31289244141822,848.7890558432056,-75.83283212428717,24.027472393858154,0.004011869430541992,-42.41271363659769,81.12384317936684,-1.7145799524399337,91.54188227369232,91.55793791159701
1748026184.1508732,807.133757453623,4.809491037090133,22.30845349715141,851.1818645983303,-77.10440687920587,24.007332882035765,0.0021131038665771484,-44.048107144707274,81.91389791629601,-1.6988793848843535,93.00603429279724,93.02154914877177
1748026184.2649546,807.842604555989,4.347739996004343,22.305671589032006,851.1818645983303,-77.10440687920587,24.007332882035765,0.00012373924255371094,-43.339260042341266,81.45214687521022,-1.7016612930037596,92.26453105933231,92.2802218395394
1748026184.3652422,808.6270263157797,3.8561222070156234,22.299684498449746,851.1818645983303,-77.10440687920587,24.007332882035765,0.0019621849060058594,-42.55483828255058,80.9605290862215,-1.7076483835860188,91.46322502063302,91.47916480913516
1748026184.5374491,809.4086461064346,3.361137241444702,22.294735302605055,852.3782401817581,-77.52821104223923,23.993168299015927,0.0030853748321533203,-42.96959407532347,80.88934828368394,-1.6984329964108724,91.59406465900068,91.60981036657861
1748026184.6747816,810.0786516219239,2.919945710207749,22.2955930760886,852.3782401817581,-77.52821104223923,23.993168299015927,0.0002567768096923828,-42.299588559834206,80.44815675244698,-1.6975752229273269,90.89092978508657,90.90678125879847
1748026184.779347,810.8779678062945,2.413199862006927,22.296410944395078,855.3692100897246,-78.79970341216772,23.969452789343244,0.005694866180419922,-44.4912422834301,81.21290327417464,-1.673041844948166,92.60132989403188,92.61644220740867
1748026184.882188,811.5236978455903,1.9668101954902895,22.312350756659146,855.3692100897246,-78.79970341216772,23.969452789343244,0.0015871524810791016,-43.845512244134284,80.766513607658,-1.6571020326840973,91.9002647672276,91.91520359240499
1748026185.0289044,812.318709762942,1.451480722776104,22.318276111120205,855.3692100897246,-78.79970341216772,23.969452789343244,0.004102945327758789,-43.050500326782526,80.25118413494383,-1.6511766782230382,91.06919420664137,91.08416172897277
1748026185.1655483,813.0326443379906,0.9747597587641579,22.32511535897402,857.7620246898139,-80.07127597074366,23.974922098339352,0.006247758865356445,-44.72938035182324,81.04603572950782,-1.6498067393653315,92.569851323888,92.58455182374642
1748026185.3242822,813.6629533810042,0.5329798671114006,22.33489700690946,857.7620246898139,-80.07127597074366,23.974922098339352,0.003925323486328125,-44.0990713088097,80.60425583785505,-1.6400250914298908,91.8791279316139,91.89376383506333
1748026185.4268525,814.4609571135155,0.013702724962051605,22.33622473870862,858.9584636896428,-80.91904496609033,23.996349457645863,0.002863645553588867,-44.49750657612731,80.93274769105238,-1.6601247189372437,92.35874479612659,92.37366374891961
1748026185.553168,815.1926526096515,-0.472734191765916,22.342503171910106,858.9584636896428,-80.91904496609033,23.996349457645863,0.0018303394317626953,-43.765811079991295,80.44631077432442,-1.6538462857357565,91.5808666517667,91.59579872584504
1748026185.720162,815.8997409902167,-0.9469840116252399,22.348410817886084,861.9494473516412,-82.19053524057868,24.053028749817607,0.0034151077270507812,-46.049706361424455,81.24355122895344,-1.704617931931523,93.3867767527341,93.40233291818176
1748026185.8605876,816.5574407090322,-1.3960079411553394,22.356123407335808,861.9494473516412,-82.19053524057868,24.053028749817607,0.007887125015258789,-45.392006642608976,80.79452729942335,-1.6969053424817986,92.67248733351188,92.6880218600077
1748026185.9655058,817.2865730490979,-1.879975885588415,22.361079846069764,863.1458289834487,-82.61433777240818,24.071263849327696,0.0072174072265625,-45.85925593435081,80.73436188681976,-1.7101840032579325,92.84992484716541,92.86567327839315
1748026186.0797625,818.061595957408,-2.3846628905145835,22.355607526690697,863.1458289834487,-82.61433777240818,24.071263849327696,0.0023293495178222656,-45.08423302604069,80.2296748818936,-1.715656322636999,92.029282292109,92.04527296835015
1748026186.2411065,818.8116900219442,-2.8773408972641263,22.345804657829927,863.1458289834487,-82.61433777240818,24.071263849327696,0.0021741390228271484,-44.33413896150455,79.73699687514406,-1.7254591914977695,91.23324256061893,91.24955757452335
1748026186.373581,819.4567040057524,-3.318721367254959,22.340473203227486,865.5386529506654,-83.88590801533557,24.12332219543196,0.003239154815673828,-46.08194894491305,80.56718664808062,-1.7828489922044746,92.81496421885986,92.83208568957846
1748026186.5038111,820.2341201465478,-3.810435551994452,22.324879544936056,865.5386529506654,-83.88590801533557,24.12332219543196,0.002490520477294922,-45.304532804117684,80.07547246334113,-1.798442650495904,92.00316289577593,92.02073885159695
1748026186.66258,821.0138955895272,-4.313673902982067,22.305443628929154,866.7350967826496,-84.7336758614845,24.16694912933759,0.0028350353240966797,-45.7212011931224,80.42000195850244,-1.861505500408434,92.50840477247196,92.52713200070326
1748026186.7941303,821.6771007615163,-4.758066384847389,22.292694269833365,866.7350967826496,-84.7336758614845,24.16694912933759,0.0011398792266845703,-45.05799602113336,79.97560947663712,-1.874254859504223,91.79499505201817,91.81412716939813
1748026186.9239917,822.4032791841549,-5.224323631779519,22.280775486611105,869.7260888115372,-86.00516299585658,24.25922277285568,0.005121946334838867,-47.3228096273823,80.78083936407705,-1.9784472862445739,93.62153768975539,93.64244002085132
1748026187.0294347,823.2181034186831,-5.73678126156873,22.26160456659426,869.7260888115372,-86.00516299585658,24.25922277285568,0.0013535022735595703,-46.50798539285415,80.26838173428786,-1.9976182062614178,92.76856046928448,92.79006568615671
1748026187.1693823,823.9933069711908,-6.231712920042604,22.248187089949997,870.9224699899047,-86.42896390299386,24.26455485607626,0.002291440963745117,-46.92916301871389,80.19725098295126,-2.016367766126262,92.91902607571552,92.9409013611756
1748026187.2853446,824.7653006341319,-6.7276787687430115,22.24203605592734,870.9224699899047,-86.42896390299386,24.26455485607626,0.0011794567108154297,-46.157169355772794,79.70128513425084,-2.0225188001489194,92.10200396836458,92.12420809583983
1748026187.408149,825.4665623485157,-7.191334650249978,22.241581902636366,870.9224699899047,-86.42896390299386,24.26455485607626,0.0026390552520751953,-45.45590764138899,79.23762925274389,-2.0229729534398935,91.35010360748245,91.3725005057218
1748026187.5521944,826.2764969489823,-7.715278515807633,22.236104028181884,873.9134416536443,-87.70044686785945,24.19512881452259,0.003159046173095703,-47.63694470466203,79.98516835205183,-1.9590247863407058,93.09621720081381,93.11682681027419
1748026187.6853514,826.9667519046027,-8.190713673061843,22.231641054126797,873.9134416536443,-87.70044686785945,24.19512881452259,0.00010013580322265625,-46.94668974904164,79.5097331947976,-1.9634877603957932,92.3352010400187,92.35607524838794
1748026187.8197129,827.750498650897,-8.707374502760999,22.210182390567,875.1098735004455,-88.5482117467212,24.137252207398,0.0048182010650634766,-47.35937484954843,79.8408372439602,-1.9270698168310005,92.83032736103316,92.85032728017453
1748026187.9459631,828.498921526672,-9.208333630394833,22.19097652892465,875.1098735004455,-88.5482117467212,24.137252207398,0.0012853145599365234,-46.61095197377347,79.33987811632636,-1.9462756784733486,92.01846066640617,92.03904113163911
1748026188.0774288,829.3393855335055,-9.744453941516234,22.15947059318066,878.1008452285545,-89.81969250519363,24.055624380697186,0.0034351348876953125,-48.761459695048984,80.0752385636774,-1.8961537875165249,93.75352677431252,93.77269955486857
1748026188.246897,830.1763449811431,-10.27486849529322,22.126324376498918,878.1008452285545,-89.81969250519363,24.055624380697186,0.002016305923461914,-47.9245002474114,79.54482400990041,-1.929300004198268,92.86623041089891,92.8862688950114
1748026188.3717637,830.9220679291939,-10.74998326511568,22.10245494237998,879.2972247426384,-90.24349151371734,24.039752555134136,0.0019121170043945312,-48.375156813444505,79.49350824860167,-1.9372976127541577,93.05575560058523,93.07591940150917
1748026188.4891288,831.7280173193212,-11.26137805704058,22.070133056478728,879.2972247426384,-90.24349151371734,24.039752555134136,0.0016946792602539062,-47.56920742331715,78.98211345667676,-1.9696194986554083,92.20088796191678,92.22192332593923
1748026188.6599932,832.4788800947715,-11.746725741906793,22.054121920041204,879.2972247426384,-90.24349151371734,24.039752555134136,0.015510797500610352,-46.818344647866866,78.49676577181054,-1.9856306350929316,91.39857565739705,91.42014198862279
1748026188.783009,833.3259467568962,-12.275491994897571,22.033865161273805,882.2882635418725,-91.93893653323128,24.003816384682278,0.0008299350738525391,-48.96231678497634,79.66344453833372,-1.9699512234084722,93.5070738536104,93.52782242994411
1748026188.9045682,834.1987486007463,-12.813531304319561,22.01135677329402,882.2882635418725,-91.93893653323128,24.003816384682278,0.0024971961975097656,-48.089514941126254,79.12540522891172,-1.9924596113882593,92.59282477553158,92.6142596753616
1748026189.016513,834.9825660429104,-13.312905774515912,21.99075922394926,883.4846404276396,-92.36273439193155,23.9641475529825,0.0020961761474609375,-48.50207438472921,79.04982861741564,-1.973388329033238,92.74333735673194,92.76432981249718
1748026189.1856992,835.6590929404781,-13.756008192005595,21.971218775551286,883.4846404276396,-92.36273439193155,23.9641475529825,0.001972198486328125,-47.82554748716154,78.60672619992596,-1.9929287774312137,92.012501304534,92.03408152107991
1748026189.2947,836.6293647974355,-14.32365384610484,21.93142255739669,886.4756089534944,-93.6342104051946,23.83561715649211,0.011504650115966797,-49.8462441560589,79.31055655908975,-1.904194599095419,93.67396883968358,93.69332097459902
1748026189.402158,837.4231005510952,-14.825177740405188,21.889795395896076,886.4756089534944,-93.6342104051946,23.83561715649211,0.0026280879974365234,-49.05250840239921,78.80903266478941,-1.9458217605960328,92.82786332846023,92.84825487025213
1748026189.5722997,838.1577978894449,-15.293274757306257,21.847248760641985,886.4756089534944,-93.6342104051946,23.83561715649211,0.001990795135498047,-48.31781106404958,78.34093564788833,-1.9883683958501237,92.04299573681733,92.06447019934122
1748026189.688764,838.9765483596551,-15.790551912347183,21.80047824117122,888.2702043268611,-94.48188862313532,23.771550756883972,0.0018916130065917969,-49.29365596720595,78.69133671078814,-1.971072515712752,92.85575368249343,92.87667155322745
1748026189.8040302,839.8624201407824,-16.32110229570509,21.747818256454135,888.2702043268611,-94.48188862313532,23.771550756883972,0.003895998001098633,-48.40778418607863,78.16078632743023,-2.023732500429837,91.93705503836942,91.9593256954479
1748026189.9656608,840.8004761934087,-16.880328506747162,21.69632263254537,891.2611794182774,-95.75336280009503,23.677319453288774,0.007144451141357422,-50.460703224868666,78.87303429334787,-1.9809968207434032,93.6335308988607,93.65448444677754
1748026190.0920043,841.5324893651472,-17.34689565644608,21.66836631539424,891.2611794182774,-95.75336280009503,23.677319453288774,0.0013837814331054688,-49.72869005313021,78.40646714364895,-2.008953137894533,92.84673771516366,92.86846933733027
1748026190.2111104,842.2862956446936,-17.82818157277628,21.64857503307351,892.4576160379631,-96.60112436850656,23.62783849012073,0.0029468536376953125,-50.171320393269525,78.77294279573027,-1.979263457047221,93.39345751552138,93.4144281711123
1748026190.3633366,843.2994687375167,-18.425466536324528,21.612593081848857,892.4576160379631,-96.60112436850656,23.62783849012073,0.013348817825317383,-49.158147300446444,78.17565783218203,-2.0152454082718734,92.346937813372,92.36892409009836
1748026190.4838078,844.0747914332426,-18.921809548997416,21.60263486701677,892.4576160379631,-96.60112436850656,23.62783849012073,0.003209352493286133,-48.382824604720554,77.67931481950914,-2.025203623103959,91.5148822190116,91.53728812497451
1748026190.6306963,845.0003962878407,-19.486109383536167,21.585995560946415,895.4485852082064,-97.87259566178292,23.479100407204164,0.0015265941619873047,-50.44818892036574,78.38648627824676,-1.8931048462577493,93.21727842194643,93.23649951791201
1748026190.756039,845.8553512546043,-20.023117044117683,21.581843484634685,895.4485852082064,-97.87259566178292,23.479100407204164,0.0013010501861572266,-49.593233953602066,77.84947861766524,-1.897256922569479,92.30400952840037,92.32350599305283
1748026190.8912218,846.7428153456483,-20.55756509827342,21.56969200021205,897.2431786720247,-98.72027077900069,23.38563486902825,0.0016150474548339844,-50.50036332637637,78.16270568072727,-1.815942868816201,93.05748360786474,93.07520026264149
1748026191.0134504,847.6062463125797,-21.079453651742796,21.566627741903307,897.2431786720247,-98.72027077900069,23.38563486902825,0.0031278133392333984,-49.63693235944493,77.64081712725789,-1.8190071271249444,92.1516225480833,92.1695737495457
1748026191.1698103,848.4987699020417,-21.603882613553303,21.562266302148757,900.2341467656972,-99.99173939060044,23.21688984972572,0.004123210906982422,-51.735376863655574,78.38785677704715,-1.6546235475769642,93.92127186810943,93.93584559904447
1748026191.287018,849.412817404488,-22.117088887976514,21.556879049068765,900.2341467656972,-99.99173939060044,23.21688984972572,0.0033693313598632812,-50.82132936120922,77.87465050262392,-1.6600108006569556,92.99069151773381,93.00550706707979
1748026191.4576695,850.3154859541603,-22.62797474310384,21.556980051169464,902.0287472042572,-100.83941374010703,23.1650257721398,0.002604961395263672,-51.713261250096934,78.2114389970032,-1.6080457209703347,93.7618823355351,93.77567056621595
1748026191.5673406,851.2836556255984,-23.156755083416407,21.54543588965444,902.0287472042572,-100.83941374010703,23.1650257721398,0.009692668914794922,-50.745091578658844,77.68265865669062,-1.6195898824853607,92.78825235609507,92.80238599672873
1748026191.6800306,852.0966654357592,-23.6173392790801,21.54497074157319,902.0287472042572,-100.83941374010703,23.1650257721398,0.0027577877044677734,-49.93208176849805,77.22207446102693,-1.6200550305666077,91.95902116595393,91.97329042772378
1748026191.835435,853.029328618899,-24.125480730169443,21.54140599296203,905.019737108618,-102.11088225249324,23.13798646328265,0.006013393402099609,-51.990408489719016,77.9854015223238,-1.596580470320621,93.72686608185462,93.74046348682153
1748026191.9949863,853.9271187052561,-24.61286626183621,21.53841221147862,905.019737108618,-102.11088225249324,23.13798646328265,0.0015919208526611328,-51.092618403361826,77.49801599065702,-1.5995742518040323,92.82455568328716,92.83833677736108
1748026192.086479,854.87254172641,-25.12056554357951,21.53214263688202,908.6089473307808,-103.80622839326628,23.08014524669739,0.0010671615600585938,-53.736405604370816,78.68566284968676,-1.54800260981537,95.28396940394555,95.29654315583554
1748026192.214902,855.8313136067898,-25.63237913281901,21.517678419713345,908.6089473307808,-103.80622839326628,23.08014524669739,0.0011668205261230469,-52.777633723991016,78.17384926044727,-1.5624668269840463,94.32194511193504,94.33488555292953
1748026192.3517718,856.8031935507013,-26.155269656678875,21.5067590625723,908.6089473307808,-103.80622839326628,23.08014524669739,0.002128124237060547,-51.8057537800795,77.6509587365874,-1.5733861841250913,93.34617034154867,93.3594294194101
1748026192.502503,857.667890318372,-26.636297748958846,21.50490075164131,909.805387772109,-104.6539865475358,23.032162950757527,0.0033407211303710938,-52.13749745373707,78.01768879857696,-1.527262199116219,93.83537928846475,93.84780730541812
1748026192.672264,858.583666719509,-27.139333862034725,21.5031113859181,913.3945342036476,-105.92536376234126,22.93852832195108,0.00804901123046875,-54.81086748413861,78.78602990030654,-1.4354169360329792,95.9764017965656,95.98713519840068
1748026192.7904072,859.6098397652165,-27.689981050476682,21.500059976264147,913.3945342036476,-105.92536376234126,22.93852832195108,0.0002994537353515625,-53.784694438431075,78.23538271186459,-1.4384683456869318,94.93981495614639,94.95071171449355
1748026192.979178,860.4914898297884,-28.176710146718783,21.505104290186527,915.1890795679808,-106.3490690906002,22.90816649463868,0.0016307830810546875,-54.69758973819239,78.17235894388142,-1.403062204452155,95.40830166195522,95.41861773033713
1748026193.061278,861.5475407468509,-28.728222141882192,21.50982630970622,915.1890795679808,-106.3490690906002,22.90816649463868,0.002694368362426758,-53.64153882112987,77.620846948718,-1.3983401849324615,94.35258644115214,94.36294783127477
1748026193.1928644,862.4683526867468,-29.216595376425175,21.525822846205156,915.1890795679808,-106.3490690906002,22.90816649463868,0.0014064311981201172,-52.720726881233986,77.13247371417502,-1.382343648433526,93.4285478007315,93.43877363341159
1748026193.2961934,863.3886725256998,-29.69314314104537,21.544628799345926,915.1890795679808,-106.3490690906002,22.90816649463868,0.0063724517822265625,-51.800407042280995,76.65592594955483,-1.3635376952927558,92.51709654398817,92.52714406041133
1748026193.4431665,864.4403959778314,-30.209792992071144,21.56032587291409,918.7782303136422,-107.6204434783425,22.831328430553427,0.0010225772857666016,-54.33783433581084,77.41065048627135,-1.2710025576393384,94.57805796808098,94.58659786944033
1748026193.6190434,865.4196198876044,-30.680403648144264,21.578095047147908,918.7782303136422,-107.6204434783425,22.831328430553427,0.17485427856445312,-53.358610426037785,76.94003983019823,-1.2532333834055187,93.63178432386172,93.6401710249583
1748026193.756788,866.5082173559998,-31.176977759555086,21.587406837979948,919.9746711936508,-108.46819945842844,22.772746494168224,0.1627027988433838,-53.46645383765099,77.29122169887336,-1.185339656188276,93.98188462505982,93.98935933273823
1748026193.9310412,867.4973292450103,-31.638604660797995,21.589966160057525,919.9746711936508,-108.46819945842844,22.772746494168224,0.0011031627655029297,-52.477341948640515,76.82959479763045,-1.1827803341106993,93.04116322769524,93.04868093681601
1748026194.030884,868.3369927886919,-32.028957531575685,21.574988943929757,919.9746711936508,-108.46819945842844,22.772746494168224,0.0008883476257324219,-51.63767840495893,76.43924192685276,-1.1977575502384674,92.24644999893431,92.25422570568266
1748026194.2131822,869.3648660705823,-32.48353080311429,21.548124808200452,925.3583781856528,-110.16327433333122,22.71523825600342,0.00021600723266601562,-55.99351211507053,77.67974353021692,-1.1671134478029686,95.75706738356615,95.76417966912717
1748026194.28224,870.3472108926492,-32.90538655089062,21.514963411310564,925.3583781856528,-110.16327433333122,22.71523825600342,0.0022497177124023438,-55.01116729300361,77.2578877824406,-1.2002748446928564,94.84202523956885,94.84961998472012
1748026194.4444623,871.396370665747,-33.33257862724365,21.480626530695783,925.3583781856528,-110.16327433333122,22.71523825600342,0.0003838539123535156,-53.9620075199058,76.83069570608757,-1.2346117253076372,93.88745421119795,93.8955713778454
1748026194.5481591,872.4685053769769,-33.745150709197794,21.45489029924703,925.3583781856528,-110.16327433333122,22.71523825600342,0.0009551048278808594,-52.88987280867593,76.41812362413341,-1.2603479567563909,92.9358287419403,92.94437444473633
1748026194.6483054,873.5499089110389,-34.14709389488886,21.45377448587455,928.9474985748508,-111.0106806773884,22.830997565603383,0.003268003463745117,-55.397589663811914,76.86358678249954,-1.3772230797288323,94.7465245464493,94.7565335849843
1748026194.7849925,874.5685239522276,-34.51342636650175,21.46001306585083,928.9474985748508,-111.0106806773884,22.830997565603383,0.0019447803497314453,-54.37897462262322,76.49725431088665,-1.3709844997525522,93.85575527431637,93.8657679700695
1748026194.9402974,875.7015787520198,-34.91371966275768,21.47531716468771,932.5366634494856,-112.28204824443678,22.81525465982116,0.0013573169708251953,-56.83508469746573,77.3683285816791,-1.3399374951334515,96.00044333278241,96.00979404509536
1748026195.0391574,876.6816375153553,-35.25806774231797,21.485171608826416,932.5366634494856,-112.28204824443678,22.81525465982116,0.002214670181274414,-55.85502593413025,77.0239805021188,-1.3300830509947446,95.1445084831129,95.1538050495916
1748026195.181959,877.8648705636922,-35.635698774569875,21.48392852892429,932.5366634494856,-112.28204824443678,22.81525465982116,0.00015807151794433594,-54.671792885793366,76.6463494698669,-1.3313261308968691,94.14705425239842,94.15646687121847
1748026195.3865252,878.9541536240847,-35.979690825922106,21.469505979892762,936.1257041148268,-112.7054826874908,22.79962374913718,0.0010633468627929688,-57.171550490742106,76.7257918615687,-1.330117769244417,95.68402856433373,95.69327319921862
1748026195.5061808,880.0670846493449,-36.306094147088885,21.45394447344759,936.1257041148268,-112.7054826874908,22.79962374913718,0.005166292190551758,-56.05861946548191,76.39938854040192,-1.3456792756895908,94.75988278656219,94.76943725925581
1748026195.6503446,881.2422170145087,-36.61439312056787,21.444742562234588,937.9202604329596,-113.12918243816624,22.821356220475927,0.002581357955932617,-56.6780434184509,76.51478931759837,-1.3766136582413395,95.22034231224056,95.23029273936066
1748026195.8219664,882.297580242888,-36.87764859364484,21.446780423036802,937.9202604329596,-113.12918243816624,22.821356220475927,0.0011653900146484375,-55.622680190071605,76.25153384452139,-1.3745757974391246,94.38314979470209,94.3931587764287
1748026195.9491432,883.2587723191305,-37.09128962311849,21.453967403525855,939.7148149439124,-113.5528814313978,22.829080590981636,0.002307415008544922,-56.45604262478196,76.46159180827931,-1.3751131874557814,95.04556681248802,95.05551381685041
1748026196.055585,884.5882526535429,-37.352143065631054,21.44797189151774,939.7148149439124,-113.5528814313978,22.829080590981636,9.34600830078125e-05,-55.12656229036952,76.20073836576674,-1.3811086994638977,94.05046728986531,94.06060736930077
1748026196.1702716,885.6785121146575,-37.54426778038582,21.452083163420777,943.303855135232,-113.97631159223018,22.80214643090052,0.0016460418701171875,-57.62534302057452,76.43204381184435,-1.3500632674797437,95.72114436995919,95.73066462905587
1748026196.2889247,886.8262094875728,-37.74297986967239,21.45713736498963,943.303855135232,-113.97631159223018,22.80214643090052,0.0009214878082275391,-56.47764564765919,76.23333172255778,-1.3450090659108902,94.87489300876229,94.88442639765218
1748026196.4201975,887.8464381258891,-37.91572285721278,21.472359289264332,943.303855135232,-113.97631159223018,22.80214643090052,0.010087013244628906,-55.45741700934286,76.0605887350174,-1.3297871416361886,94.13149451732724,94.14088694030701
1748026196.5452292,888.9528530626901,-38.093368301301886,21.491308676092743,947.4910516636968,-114.3996490921846,22.72351632409268,0.0008471012115478516,-58.538198601006684,76.30628079088271,-1.2322076479999389,96.17364079407588,96.18153419069445
1748026196.646772,890.3517190744417,-38.28825258443655,21.50685465453792,947.4910516636968,-114.3996490921846,22.72351632409268,0.004080295562744141,-57.139332589255105,76.11139650774805,-1.2166616695547603,95.17272722321849,95.18050363768474
1748026196.751645,891.2930865186559,-38.41409685375865,21.52482189118243,947.4910516636968,-114.3996490921846,22.72351632409268,0.002240419387817383,-56.19796514504094,75.98555223842595,-1.1986944329102514,94.50934046654751,94.51694188750123
1748026196.8861911,892.2955094206586,-38.518012728599516,21.53369773897736,949.2855334244856,-114.39937861574556,22.663748308742356,0.0037696361541748047,-56.99002400382699,75.88136588714605,-1.1300505697649967,94.89912815645731,94.9058561899419
1748026197.0027013,893.5974274083836,-38.6216850132231,21.537020152107612,949.2855334244856,-114.39937861574556,22.663748308742356,0.0011167526245117188,-55.68810601610198,75.77769360252246,-1.1267281566347442,94.03948106714746,94.0462307363636
1748026197.1632867,894.6657793012289,-38.68518025102677,21.53328038795432,949.2855334244856,-114.39937861574556,22.663748308742356,0.0017936229705810547,-54.61975412325671,75.71419836471878,-1.1304679207880355,93.35929184873352,93.36613589635662
1748026197.2819386,895.846561138728,-38.72525947020261,21.5223454278316,952.8745079723476,-114.39883747324934,22.618818614812128,0.0018732547760009766,-57.02794683361958,75.67357800304674,-1.0964731869805284,94.75588175855545,94.76222549777474
1748026197.433502,897.031349398118,-38.73326816655577,21.512773150116523,952.8745079723476,-114.39883747324934,22.618818614812128,0.007038593292236328,-55.84315857422962,75.66556930669358,-1.1060454646956046,94.04114385763609,94.04764789521627
1748026197.5720584,898.2258099145331,-38.720012926188105,21.49387556330076,956.4634944896123,-114.398295735701,22.654178651953757,0.0018126964569091797,-58.23768457507924,75.6782828095129,-1.160303088652995,95.49256721684173,95.49961621347269
1748026197.6754832,899.574802985804,-38.66685972265471,21.478874676473783,956.4634944896123,-114.398295735701,22.654178651953757,0.0013985633850097656,-56.88869150380833,75.73143601304628,-1.1753039754799737,94.71839114772588,94.72568268979843
1748026197.8482769,900.7436817886563,-38.597822487888536,21.467354516724306,956.4634944896123,-114.398295735701,22.654178651953757,0.0018444061279296875,-55.71981270095603,75.80047324781246,-1.1868241352294504,94.07661384224006,94.0840997382125
1748026197.9699025,901.7188986168954,-38.53093004210909,21.46564118634028,960.0524161491222,-113.97378637201902,22.686446751165008,0.011806726455688477,-58.33351753222678,75.44285632990993,-1.220805564824726,95.36468863734648,95.37250235327343
1748026198.108552,903.2115051391654,-38.412614532268655,21.44838010397954,960.0524161491222,-113.97378637201902,22.686446751165008,0.014008760452270508,-56.84091100995681,75.56117183975036,-1.238066647185466,94.55358192177657,94.5616870791812
1748026198.2410352,904.1682582482165,-38.33695677848802,21.442720486286735,961.8468374464368,-113.54954731904434,22.65549138606692,0.0022966861724853516,-57.67857919822029,75.2125905405563,-1.2127708997801854,94.78265808757818,94.79041664325621
1748026198.3537972,905.4505731733769,-38.21805125118059,21.424682697566762,961.8468374464368,-113.54954731904434,22.65549138606692,0.012587785720825195,-56.39626427305984,75.33149606786375,-1.230808688500158,94.10299104587153,94.11103980834058
1748026198.477477,906.6615515917923,-38.0927435631319,21.402056154213756,961.8468374464368,-113.54954731904434,22.65549138606692,0.004490375518798828,-55.18528585464446,75.45680375591243,-1.2534352318531639,93.48339428966571,93.49179700806673
1748026198.662124,907.8376128549054,-37.95981284154015,21.38152052524798,966.0339024072924,-113.1249411784414,22.560064368573677,0.06057476997375488,-58.19628955238704,75.16512833690126,-1.1785438433256985,95.06105740821586,95.06836277731279
1748026198.7607243,909.1060633255887,-37.7851557284801,21.356225588720473,966.0339024072924,-113.1249411784414,22.560064368573677,0.02686762809753418,-56.92783908170372,75.33978544996131,-1.2038387798532035,94.4291381627438,94.43681147712705
1748026198.8955948,910.2566375951548,-37.610314187388276,21.33230713476896,969.6226727590376,-111.85249303518046,22.46194036643165,0.0025589466094970703,-59.366035163882884,74.24217884779219,-1.129633231662691,95.05907242944748,95.06578418329603
1748026199.092873,911.2987547708074,-37.43954222638805,21.31310455661745,969.6226727590376,-111.85249303518046,22.46194036643165,0.03348278999328613,-58.32391798823028,74.4129508087924,-1.1488358098142015,94.54610863261148,94.55308816367386
1748026199.2406707,912.4240960885384,-37.233506379374326,21.283163445521787,970.8189246905092,-111.4283426920566,22.399571319443005,0.00587773323059082,-58.39482860197086,74.19483631268227,-1.1164078739212187,94.41837608706935,94.42497608927536
1748026199.3731291,913.5564350960674,-37.01103341448319,21.25569810256578,970.8189246905092,-111.4283426920566,22.399571319443005,0.0020287036895751953,-57.26248959444183,74.41730927757342,-1.1438732168772248,93.8985017700899,93.90546885354368
1748026199.476557,914.79574627784,-36.7550948998851,21.218440178779407,970.8189246905092,-111.4283426920566,22.399571319443005,0.0016982555389404297,-56.02317841266927,74.67324779217151,-1.1811311406635987,93.3525064221032,93.35997818155414
1748026199.5867023,915.8343289705797,-36.54276417848315,21.19017743870667,974.4077562118488,-110.5798571498298,22.287436995764168,0.0022726058959960938,-58.57342724126909,74.03709297134665,-1.0972595570574981,94.4051773709264,94.41155381081082
1748026199.6933625,917.0250866488313,-36.292687773444236,21.14839130907963,974.4077562118488,-110.5798571498298,22.287436995764168,0.0031375885009765625,-57.38266956301743,74.28716937638558,-1.1390456866845362,93.86881431090012,93.87572489845604
1748026199.8134775,918.1708007752912,-36.05604831876446,21.11016530447605,974.4077562118488,-110.5798571498298,22.287436995764168,0.0001430511474609375,-56.23695543655754,74.52380883106534,-1.1772716912881158,93.36162616119393,93.36904844806783
1748026199.9784205,919.3187295939595,-35.807457548061244,21.07400948741671,977.9965187115946,-109.30740383981546,22.16030845407442,0.0021185874938964844,-58.67778911763514,73.49994629175421,-1.0862989666577114,94.0495882001852,94.0558615189366
1748026200.0994306,920.4458763828861,-35.563751523954686,21.04330082408732,977.9965187115946,-109.30740383981546,22.16030845407442,0.0002720355987548828,-57.55064232870848,73.74365231586077,-1.1170076299871,93.54251808311282,93.54918703748814
1748026200.2077465,921.5352229333205,-35.32315223891691,21.012043118738397,977.9965187115946,-109.30740383981546,22.16030845407442,0.0028793811798095703,-56.46129577827412,73.98425160089855,-1.1482653353360242,93.06743472292989,93.07451809806564
1748026200.3863146,922.800030861684,-35.005054079364946,20.975041334051575,979.790929745009,-108.88315890595736,22.08044332062201,0.006234884262084961,-56.99089888332492,73.87810482659242,-1.1054019865704348,93.30561037953903,93.312158060192
1748026200.502565,923.9219730467498,-34.72232096175505,20.945088108837883,979.790929745009,-108.88315890595736,22.08044332062201,0.00298309326171875,-55.868956698259126,74.16083794420231,-1.1353552117841268,92.85025690399672,92.85719809791331
1748026200.6245718,925.084863557809,-34.40905447427162,20.91242961063764,983.3796196210408,-107.18673664811747,21.92502115262605,0.0024003982543945312,-58.29475606323183,72.77768217384585,-1.0125915419884102,93.2462846823884,93.25178254971821
1748026200.7696955,926.2483061876499,-34.0875627341206,20.879858612295727,983.3796196210408,-107.18673664811747,21.92502115262605,0.00014925003051757812,-57.131313433390915,73.09917391399688,-1.045162540330324,92.7764851755719,92.78237206640507
1748026200.922248,927.306150544591,-33.79423126223771,20.84707709794094,986.9683778198458,-105.91427835356666,21.79668907948464,0.0016829967498779297,-59.66222727525485,72.12004709132896,-0.9496119815437005,93.59958630196861,93.60440330889975
1748026201.0256188,928.6496100679681,-33.395438723836016,20.796383339113483,986.9683778198458,-105.91427835356666,21.79668907948464,0.002802610397338867,-58.31876775187777,72.51883962973065,-1.0003057403711573,93.05944752329047,93.06482356354775
1748026201.200447,929.8030469762225,-33.07431661056324,20.75720626984262,986.9683778198458,-105.91427835356666,21.79668907948464,0.008523225784301758,-57.16533084362334,72.83996174300341,-1.0394828096420206,92.59338570968832,92.59922030824372
1748026201.3712308,930.7776921675779,-32.822561469299764,20.723331968496527,988.762723948353,-105.06606581013132,21.73772513152288,0.0008828639984130859,-57.9850317807751,72.24350434083155,-1.0143931630263516,92.63578050656909,92.64133431438928
1748026201.474081,932.0627716022848,-32.44824317699592,20.660497372463762,988.762723948353,-105.06606581013132,21.73772513152288,0.003355264663696289,-56.699952346068244,72.6178226331354,-1.0772277590591166,92.13160565204495,92.13790305660754
1748026201.6204617,933.1758234937886,-32.15407919155701,20.60878284471899,991.7532532683886,-103.36973327938712,21.626289322420448,0.0046346187591552734,-58.57742977459998,71.2156540878301,-1.0175064777014562,92.21162977713638,92.21724342869845
1748026201.759175,934.2132174135188,-31.88604408641779,20.562829294756398,991.7532532683886,-103.36973327938712,21.626289322420448,0.0015096664428710938,-57.54003585486976,71.48368919296934,-1.0634600276640498,91.76477290778165,91.77093490886521
1748026201.899562,935.3324176569569,-31.583527959248052,20.51172942118162,995.3419362549228,-101.67330446472488,21.470858968999387,0.0014870166778564453,-60.009518597965894,70.08977650547683,-0.959129547817767,92.26981680347754,92.27480166565954
1748026202.0296917,936.55521929989,-31.24658250243092,20.4574816022223,995.3419362549228,-101.67330446472488,21.470858968999387,0.0037446022033691406,-58.786716955032716,70.42672196229395,-1.013377366777089,91.73767632061207,91.74327327053948
1748026202.1537464,937.611117560783,-30.982947804732653,20.4207154727585,996.5381117088546,-100.82518339384346,21.373182327324567,0.0026552677154541016,-58.92699414807157,69.8422355891108,-0.9524668545660688,91.38013192927507,91.385095636656
1748026202.2645285,938.8203721529624,-30.64750767393381,20.377982582831763,996.5381117088546,-100.82518339384346,21.373182327324567,0.0015492439270019531,-57.717739555892194,70.17767571990964,-0.9951997444928047,90.86387416839872,90.86932403964518
1748026202.3902009,939.9744217000966,-30.329928919092715,20.33407655213812,996.5381117088546,-100.82518339384346,21.373182327324567,0.023397207260131836,-56.56369000875793,70.49525447475074,-1.0391057751864459,90.38269707674543,90.38867004043567
1748026202.5296896,941.0335658163183,-30.034856865715888,20.29447011203419,998.3324492753878,-99.97696766181744,21.27821952985823,0.0029480457305908203,-57.29888345906954,69.94211079610156,-0.9837494178240398,90.41604342300198,90.42139498585082
1748026202.6562903,942.2469562522969,-29.67483939981681,20.256544573976345,998.3324492753878,-99.97696766181744,21.27821952985823,0.004754066467285156,-56.085493023090976,70.30212826200062,-1.0216749558818847,89.93315165060086,89.93895477225344
1748026202.8026197,943.4137291410915,-29.322514856828143,20.21627831055383,1001.9211287141504,-98.28053532616369,21.12598129533389,0.01058650016784668,-58.50739957305893,68.95802046933554,-0.9097029847800613,90.43408866047623,90.43866402911641
1748026202.9844038,944.4470141181998,-29.02882134417562,20.186562748338883,1001.9211287141504,-98.28053532616369,21.12598129533389,0.004661083221435547,-57.474114595950596,69.25171398198808,-0.9394185469950074,89.99485395305413,89.99975691766052
1748026203.156637,945.6398044678156,-28.67036212877644,20.15104881865289,1004.9115797455509,-96.16023105145548,20.991747316739517,0.004492759704589844,-59.27177527773529,67.48986892267905,-0.8406984980866277,89.82218964028183,89.82612384901977
1748026203.3153536,946.7972867211304,-28.322937174725148,20.11338733552047,1004.9115797455509,-96.16023105145548,20.991747316739517,0.001898050308227539,-58.114293024420476,67.83729387673034,-0.8783599812190452,89.32619713301402,89.33051556160801
1748026203.4522228,947.8795815775522,-28.006889605327366,20.07682245628347,1006.7059202722508,-95.31201359236636,20.932578664560264,0.005400657653808594,-58.82633869469851,67.305123987039,-0.8557562082767944,89.38969649313098,89.39379261348115
1748026203.5914185,949.1749618552838,-27.602169938373315,20.016696510590634,1006.7059202722508,-95.31201359236636,20.932578664560264,0.0042934417724609375,-57.530958416966996,67.70984365399303,-0.9158821539696298,88.85062804518023,88.855348427334
1748026203.7251678,950.2374610338015,-27.2945049810911,19.978363316318916,1009.696365571659,-93.19170693543008,20.782334990367858,0.06223750114440918,-59.45890453785751,65.89720195433898,-0.8039716740489418,88.75698594619462,88.76062710856465
1748026203.8890631,951.3178087562455,-26.973589420824503,19.942617823754876,1009.696365571659,-93.19170693543008,20.782334990367858,0.0003628730773925781,-58.3785568154135,66.21811751460558,-0.8397171666129815,88.27737526132377,88.28136897414133
1748026204.0281875,952.4684990038411,-26.62721296934439,19.897477838971948,1009.696365571659,-93.19170693543008,20.782334990367858,0.00157928466796875,-57.227866567817955,66.56449396608568,-0.8848571513959094,87.78303121255857,87.78749080047457
1748026204.1756215,953.6674024470346,-26.262444258975158,19.85120316009534,1013.2850309748716,-91.49526782104414,20.588592287462426,0.0036716461181640625,-59.61762852783693,65.23282356206897,-0.7373891273670843,88.3718445047017,88.3749208989085
1748026204.3010097,954.7494473655964,-25.95438910648452,19.816529663488108,1013.2850309748716,-91.49526782104414,20.588592287462426,0.002681255340576172,-58.535583609275136,65.54087871455962,-0.7720626239743176,87.87503246744808,87.87842404054815
1748026204.4126391,955.839288370343,-25.640949497418397,19.78420446907183,1015.0793613781564,-90.64704740328403,20.482316782584803,6.127357482910156e-05,-59.24007300781341,65.00609790586563,-0.6981123135129721,87.9498664860729,87.95263711634989
1748026204.568231,957.0063658141221,-25.285757691226827,19.742429372525123,1015.0793613781564,-90.64704740328403,20.482316782584803,0.0030825138092041016,-58.07299556403427,65.36128971205721,-0.73988741005968,87.43323742492795,87.4363679482593
1748026204.7396908,958.1100167010022,-24.957202642486486,19.70998973934276,1018.0697979377068,-88.52673673685693,20.311269907163297,0.003045797348022461,-59.95978123670454,63.56953409437045,-0.6012801678205371,87.38570266885077,87.3877712770443
1748026204.8554256,959.3076603110443,-24.596193307240107,19.663074225803054,1018.0697979377068,-88.52673673685693,20.311269907163297,0.0005838871002197266,-58.76213762666248,63.930543429616826,-0.6481956813602423,86.83376763483746,86.83618692286228
1748026205.0118153,960.508432562505,-24.229992734803254,19.613728363397403,1018.0697979377068,-88.52673673685693,20.311269907163297,0.004429340362548828,-57.56136537520172,64.29674400205369,-0.6975415437658938,86.29821593244611,86.30103497252148
1748026205.0789185,961.5803225767586,-23.920735835077785,19.57054351699646,1019.8641315996164,-87.67851546456572,20.235700975850836,0.01988363265991211,-58.28380902285778,63.757779629487935,-0.6651574588543774,86.38319777303515,86.38575861761228
1748026205.215632,962.7927433061432,-23.545152759078952,19.52197271059436,1019.8641315996164,-87.67851546456572,20.235700975850836,0.00030112266540527344,-57.071388293473206,64.13336270548677,-0.7137282652564778,85.85005284598206,85.8530196422615
1748026205.311547,963.943640052973,-23.209405700003764,19.487391344334565,1019.8641315996164,-87.67851546456572,20.235700975850836,0.00171661376953125,-55.92049154664335,64.46910976456195,-0.7483096315162712,85.34264753716835,85.34592817444758
1748026205.47621,965.1450143515563,-22.857504242457615,19.44931634143046,1022.854568362412,-85.55820297458213,20.086249687293545,0.0032134056091308594,-57.709554010855754,62.700698732124515,-0.6369333458630848,85.21602106193716,85.21840135625398
1748026205.583197,966.2481210846065,-22.546541804658,19.42061453032395,1022.854568362412,-85.55820297458213,20.086249687293545,0.0010225772857666016,-56.6064472778055,63.01166116992413,-0.6656351569695964,84.70395101061283,84.70656637457625
1748026205.773948,967.4599347738572,-22.19768270026932,19.379694690330943,1024.6488978045084,-84.70998018744247,19.99437500179828,0.0018112659454345703,-57.188963030651166,62.51229748717315,-0.6146803114673354,84.72523136377983,84.72746108276422
1748026205.874136,968.6331030888462,-21.87276578051077,19.34618508737171,1024.6488978045084,-84.70998018744247,19.99437500179828,0.0015904903411865234,-56.015794715662196,62.8372144069317,-0.6481899144265704,84.18007348565285,84.18256899272603
1748026206.052387,969.8133775974358,-21.539796064771558,19.31540628993075,1028.237485741454,-82.58956776648904,19.808523589976712,0.0008542537689208984,-58.424108144018305,61.04977170171748,-0.493117300045963,84.50118956118766,84.50262837289368
1748026206.1974552,970.9432748625948,-21.227528252455564,19.291471096184353,1028.237485741454,-82.58956776648904,19.808523589976712,0.0015172958374023438,-57.2942108788593,61.36203951403348,-0.5170524937923595,83.95192965949624,83.95352188463771
1748026206.353432,972.094169251015,-20.90508498240279,19.26520515883667,1031.2279195687806,-80.4692517656017,19.67566825169173,0.0009765625,-59.13375031776559,59.56416678319891,-0.410463092855057,83.93265390311794,83.93365755864077
1748026206.4975123,973.2336428616115,-20.572956984270625,19.23764925603734,1031.2279195687806,-80.4692517656017,19.67566825169173,0.0007352828979492188,-57.99427670716909,59.89629478133107,-0.43801899565438873,83.37207121884285,83.37322183987109
1748026206.6243856,974.3642219434146,-20.235915830628166,19.20863355356767,1033.0222530944343,-79.62102725278996,19.626393074505287,0.0029859542846679688,-58.65803115101971,59.38511142216179,-0.4177595209376186,83.47068992848071,83.47173533690254
1748026206.7219882,975.5543306223796,-19.87153292238758,19.183259466518948,1033.0222530944343,-79.62102725278996,19.626393074505287,0.00035381317138671875,-57.46792247205474,59.74949433040238,-0.44313360798633994,82.90092994649022,82.90211428779972
1748026206.8466048,976.7517422272376,-19.503116705062716,19.16427020815382,1033.0222530944343,-79.62102725278996,19.626393074505287,7.367134094238281e-05,-56.27051086719666,60.11791054772724,-0.4621228663514678,82.34399529947422,82.3452920294988
1748026206.9599433,977.854535814249,-19.160025140131175,19.13957359023427,1036.610844356118,-77.50061103939194,19.49893828110122,0.003220796585083008,-58.756308541868975,58.340585899260766,-0.35936469086695055,82.80052992907913,82.801309769335
1748026207.0808213,978.9977902042674,-18.80463390439602,19.11420826025874,1036.610844356118,-77.50061103939194,19.49893828110122,0.0024886131286621094,-57.61305415185052,58.69597713499592,-0.38473002084248265,82.24646947155863,82.24736930580188
1748026207.2068057,980.1935844020536,-18.42496475166967,19.08750440732699,1036.610844356118,-77.50061103939194,19.49893828110122,0.027057409286499023,-56.41725995406432,59.07564628772227,-0.41143387377423224,81.68744827105657,81.68848439571536
1748026207.383243,981.3941545188841,-18.04487634959431,19.059600880370347,1037.8069427277237,-76.22851768963403,19.423953246146624,0.0012466907501220703,-56.41278820883963,58.18364134003972,-0.36435236577627705,81.04158681246176,81.04240584859399
1748026207.5473256,982.5313296065862,-17.69890900252026,19.036195179054552,1041.3955971729652,-74.53206399913199,19.278293571549877,0.002306222915649414,-58.864267566379,56.83315499661173,-0.2420983924953255,81.82303772773993,81.8233958878926
1748026207.701508,983.7428517243735,-17.31800467037123,19.00818028850665,1041.3955971729652,-74.53206399913199,19.278293571549877,0.0066149234771728516,-57.652745448591645,57.21405932876076,-0.27011328304322646,81.22368892530714,81.22413806142075
1748026207.8188264,984.8562701762834,-16.98905371016223,18.98783050734595,1043.1898536567835,-73.2598710949277,19.20581866261037,0.003231048583984375,-58.333583480500124,56.27081738476547,-0.21798815526441828,81.0506745858793,81.05096772810265
1748026207.9506662,985.9926853096656,-16.650912584393545,18.967430487729523,1043.1898536567835,-73.2598710949277,19.20581866261037,0.0021309852600097656,-57.197168347117895,56.60895851053416,-0.2383881748808463,80.4741588994624,80.47451198670201
1748026208.1499836,987.2571756165673,-16.248650083249792,18.936590759779627,1046.180275769978,-71.13954826369282,19.062653538160664,0.003095865249633789,-58.92310015341059,54.890898180443024,-0.12606277838103708,80.52914028315848,80.52923895436186
1748026208.264759,988.5098194595461,-15.862009005140315,18.916250796720185,1046.180275769978,-71.13954826369282,19.062653538160664,0.0024526119232177734,-57.67045631043186,55.2775392585525,-0.14640274144047893,79.88421544669662,79.88434960176458
1748026208.371207,989.5782389575093,-15.534087253239512,18.89691853687802,1046.180275769978,-71.13954826369282,19.062653538160664,0.0014510154724121094,-56.60203681246867,55.605461010453304,-0.16573500128264484,79.34581189643913,79.34598498724274
1748026208.4994678,990.6662784568869,-15.204210805406127,18.87315272603278,1047.9745311452584,-69.86735413847349,18.995868137491268,0.003262758255004883,-57.30825268837157,54.66314333306736,-0.1227154114584863,79.19782235166389,79.19791742412121
1748026208.671199,991.8928258404569,-14.809460628835915,18.8453030968852,1047.9745311452584,-69.86735413847349,18.995868137491268,0.0023810863494873047,-56.08170530480152,55.05789350963757,-0.15056504060606812,78.59089837642266,78.59104260311506
1748026208.8105342,993.0215283398461,-14.452599129446618,18.818276024866265,1051.5631141914143,-67.74692999394459,18.88660543512339,0.0032286643981933594,-58.54158585156824,53.29433086449797,-0.06832941025712458,79.16693107801461,79.16696056575258
1748026208.933435,994.2100534437591,-14.069888109414684,18.791001123175363,1051.5631141914143,-67.74692999394459,18.88660543512339,0.0012097358703613281,-57.35306074765526,53.677041884529906,-0.09560431194802632,78.55315654127345,78.55321471959168
1748026209.0591311,995.4174110961426,-13.669913763462269,18.75447264187781,1052.7592829805085,-66.89879964616524,18.84141161549496,0.00176239013671875,-57.3418718843659,53.228885882702976,-0.08693897361714775,78.23940543943856,78.2394537423542
1748026209.1450443,996.4986449257084,-13.331471075858083,18.733401871334355,1052.7592829805085,-66.89879964616524,18.84141161549496,0.0002696514129638672,-56.2606380548001,53.56732857030716,-0.10800974416060427,77.68344794415646,77.68352303157536
1748026209.3174098,997.7207914671828,-12.923181706400577,18.70034249157451,1054.55353752922,-65.62660384611192,18.785731918471114,0.0347137451171875,-56.83274606203713,52.70342213971134,-0.08538942689660445,77.50878485816051,77.50883189380961
1748026209.4378307,998.8313085165387,-12.567821705132921,18.68098756081279,1054.55353752922,-65.62660384611192,18.785731918471114,0.002200603485107422,-55.72222901268128,53.058782140979,-0.10474435765832268,76.94284351663624,76.94291481225568
1748026209.5834692,1000.0120634081665,-12.179275309410805,18.66260813827897,1054.55353752922,-65.62660384611192,18.785731918471114,0.00020503997802734375,-54.54147412105351,53.447328536701114,-0.1231237801921452,76.36353401334708,76.36363327181901
1748026209.6766362,1001.1557443925631,-11.825272753509019,18.64485741621403,1059.9364307112792,-62.65794360492304,18.569172829671675,0.00017380714416503906,-58.78068631871611,50.83267085141402,0.07568458654235499,77.71183635706657,77.71187321216838
1748026209.8055134,1002.2823706841947,-11.48143483705524,18.625584546679566,1059.9364307112792,-62.65794360492304,18.569172829671675,0.00018072128295898438,-57.65406002708448,51.1765087678678,0.05641171700789016,77.09102209255181,77.0910427323183
1748026209.8994112,1003.443927011374,-11.127976396946757,18.61126605956219,1059.9364307112792,-62.65794360492304,18.569172829671675,0.0029861927032470703,-56.49250369990523,51.529967207976284,0.042093229890515005,76.46398168248183,76.46399326858962
1748026210.08129,1004.5961820593761,-10.780984295299852,18.60153460728767,1061.73067760125,-61.3857455667805,18.48418576756563,0.0011398792266845703,-57.134495541873775,50.60476127148065,0.11734883972204102,76.32294834561846,76.32303855925893
1748026210.241558,1005.7957022952596,-10.41202192506723,18.59937143009987,1061.73067760125,-61.3857455667805,18.48418576756563,0.0011248588562011719,-55.93497530599029,50.97372364171327,0.11518566253423757,75.67722222956854,75.67730988955907
1748026210.3829868,1006.8572356937572,-10.10432407659291,18.608183271274957,1064.7210769183505,-59.26541385420612,18.279805010072096,0.0002887248992919922,-57.86384122459333,49.16108977761321,0.32837826120286095,75.92783988358613,75.92854997739602
1748026210.5085216,1008.1512810120227,-9.681378790038274,18.592557719770458,1064.7210769183505,-59.26541385420612,18.279805010072096,0.0011281967163085938,-56.56979590632784,49.58403506416785,0.312752709698362,75.22445308626853,75.22510323280146
1748026210.6535182,1009.2320710999986,-9.358393444959397,18.586467835317634,1066.5153214703955,-57.99321453623777,18.19322138267874,0.00015306472778320312,-57.2832503703969,48.634821091278376,0.3932464526388948,75.14463783649657,75.14566679690019
1748026210.7764363,1010.4227509377141,-8.989597586187749,18.57341193828184,1066.5153214703955,-57.99321453623777,18.19322138267874,8.58306884765625e-05,-56.09257053268141,49.003616950050024,0.3801905556031002,74.48309165945697,74.48406197308012
1748026210.9190824,1011.5075319253149,-8.675016071528042,18.564156417282963,1069.505728954282,-55.87288136542753,18.05853940516143,0.0011491775512695312,-57.99819702896707,47.19786529389949,0.5056170121215331,74.77586072331074,74.77757013620403
1748026211.0762932,1012.7200807413906,-8.301619410450094,18.54859465059184,1069.505728954282,-55.87288136542753,18.05853940516143,0.0020542144775390625,-56.785648212891374,47.57126195497744,0.4900552454304119,74.0785718473793,74.08019277169107
1748026211.209017,1013.9210243809571,-7.9409062331355,18.526539195935,1071.3000475255194,-55.02464624371092,17.996844809013673,0.002229452133178711,-57.379023144562325,47.08374001057542,0.529694386921328,74.224193295769,74.22608333026346
1748026211.3165338,1015.0916854508216,-7.607826683816533,18.512253304147592,1071.3000475255194,-55.02464624371092,17.996844809013673,0.002275705337524414,-56.20836207469779,47.416819559894385,0.5154084951339186,73.5373017202556,73.53910789649792
1748026211.4663208,1016.0670958798326,-7.361537975559536,18.51119769188952,1071.3000475255194,-55.02464624371092,17.996844809013673,0.0062220096588134766,-55.23295164568685,47.66310826815138,0.5143528828758477,72.95512893057145,72.95694206971963
1748026211.5506694,1017.2666465421601,-7.016036066957575,18.504377558089143,1074.2904527987123,-52.904310973363565,17.86806475511724,0.0018434524536132812,-57.023806256552234,45.88827490640599,0.6363128029719043,73.19459169823065,73.19735751961214
1748026211.6731455,1018.3979819852973,-6.706156917836289,18.49379240418704,1074.2904527987123,-52.904310973363565,17.86806475511724,0.0015921592712402344,-55.892470813415,46.198154055527276,0.6257276490698018,72.51370719916807,72.51640688049491
1748026211.7902696,1019.5600709517832,-6.391867741153185,18.479677197663964,1074.2904527987123,-52.904310973363565,17.86806475511724,0.0016698837280273438,-54.73038184692905,46.51244323221038,0.6116124425467255,71.82494046318628,71.82754445420038
1748026211.94426,1020.6192594557284,-6.116144000448649,18.47287152724651,1077.8790182334596,-50.78387257972916,17.770279123019424,0.0010862350463867188,-57.259758777731236,44.667728579280514,0.7025924042270866,72.62152540202004,72.62492401237141
1748026212.069879,1021.7236756590214,-5.82120630435184,18.460601407326646,1077.8790182334596,-50.78387257972916,17.770279123019424,0.0016560554504394531,-56.15534257443824,44.96266627537732,0.6903222843072214,71.93791669379556,71.94122881282804
1748026212.2582426,1022.9758599555655,-5.462570924844151,18.44244941895694,1079.0751106027978,-49.51177239481208,17.743681904883235,0.00328826904296875,-56.09925064723234,44.049201469967926,0.6987675140737046,71.32641918197508,71.32984192721548
1748026212.3645272,1024.0415832639828,-5.185850100327421,18.433261285493543,1079.0751106027978,-49.51177239481208,17.743681904883235,0.02667546272277832,-55.03352733881502,44.325922294484656,0.6895793806103079,70.66453508379428,70.66789963152262
1748026212.4805405,1025.1671075257075,-4.8864278089035835,18.41397488560702,1082.663681257328,-47.3913317538606,17.698390321201963,0.0015790462493896484,-57.49657373162063,42.504903944957015,0.7155845644050558,71.50190801821802,71.5054886810413
1748026212.6784885,1026.3675520715947,-4.552664807476582,18.38675976923742,1082.663681257328,-47.3913317538606,17.698390321201963,0.0005121231079101562,-56.296129185733434,42.838666946384016,0.6883694480354556,70.74182318148156,70.7451722701768
1748026212.790052,1027.4737328190147,-4.2592289270618195,18.365861577213963,1083.8598451894302,-46.5431959477707,17.67449686831337,0.001935720443725586,-56.3861123704155,42.28396702070888,0.6913647089005934,70.47927025202176,70.4826611332052
1748026212.9207878,1028.5960799904367,-3.9560204770098366,18.340500725783624,1083.8598451894302,-46.5431959477707,17.67449686831337,0.0021152496337890625,-55.2637651989935,42.58717547076086,0.6660038574702547,69.76927159249163,69.77245029153717
1748026213.0474296,1029.6968326664376,-3.6646674188086976,18.31751050171547,1083.8598451894302,-46.5431959477707,17.67449686831337,0.0005543231964111328,-54.16301252299263,42.878528528962,0.6430136334021022,69.08111271812915,69.08410526964654
1748026213.202242,1030.8593709098466,-3.3481849842403264,18.288252144226227,1086.850252441613,-44.422855416703975,17.608101299579463,0.002859354019165039,-55.99088153176649,41.07467043246365,0.6801508446467643,69.44139518932359,69.44472601293268
1748026213.3136897,1031.988254726105,-3.050381540339963,18.266731728613745,1086.850252441613,-44.422855416703975,17.608101299579463,0.004233837127685547,-54.861997715508096,41.37247387636401,0.6586304290342824,68.71332030972479,68.71647678707697
1748026213.462083,1032.9652358101982,-2.8063881268418456,18.25294121173828,1088.644569739375,-43.574615707664485,17.573400735779384,0.0028257369995117188,-55.679333929176664,40.76822758082264,0.6795404759588948,69.00896033761494,69.01230601955696
1748026213.6080608,1034.1168661381041,-2.494896185453392,18.23489351716051,1088.644569739375,-43.574615707664485,17.573400735779384,0.00225067138671875,-54.52770360127079,41.07971952221109,0.6614927813811278,68.27015318608542,68.27335782537277
1748026213.7242572,1035.2391228633287,-2.192276758133197,18.216425497053716,1091.634970194479,-41.4542728245722,17.485410754605564,0.00171661376953125,-56.39584733115021,39.261996066439,0.7310147424481528,68.71678056573572,68.72066875309895
1748026213.8181503,1036.36066766064,-1.8939294612001092,18.19954783974244,1091.634970194479,-41.4542728245722,17.485410754605564,0.003763437271118164,-55.27430253383886,39.56034336337209,0.7141370851368762,67.97256275608743,67.97631410577225
1748026213.9831057,1037.4102166780535,-1.6261399221223982,18.183642653317847,1093.4292837044793,-40.60603170162465,17.437608780471038,0.00034618377685546875,-56.01906702642577,38.97989177950225,0.7460338728468088,68.24637597450058,68.25045347975592
1748026214.1142976,1038.5329367559928,-1.329545238427606,18.168939200808722,1093.4292837044793,-40.60603170162465,17.437608780471038,0.0008375644683837891,-54.89634694848655,39.276486463197045,0.7313304203376845,67.50000960875717,67.50397130070216
1748026214.2562845,1039.522982058046,-1.0959404849868903,18.15978837474673,1093.4292837044793,-40.60603170162465,17.437608780471038,0.0018017292022705078,-53.90630164643335,39.51009121663776,0.7221795942756906,66.83514543369603,66.8390470347213
1748026214.3460877,1040.6683489018303,-0.7968268902546569,18.14300594982782,1096.419673913805,-38.48568637961593,17.308210849410884,0.0013718605041503906,-55.751325011974586,37.68885948936127,0.8347951004169367,67.2953220528711,67.30049964940319
1748026214.4814675,1041.7000439292324,-0.5543303370839041,18.13121098035882,1096.419673913805,-38.48568637961593,17.308210849410884,0.0005679130554199219,-54.71962998457252,37.93135604253202,0.8230001309479356,66.58097083156612,66.5860571447912
1748026214.6248362,1042.7620484204467,-0.30432335808506394,18.12462218714577,1098.2139825177826,-37.63744382500081,17.241005586862766,0.0015759468078613281,-55.45193409733588,37.333120466915744,0.8836166002830055,66.84817782806442,66.85401751001072
1748026214.7648225,1043.8338812378481,-0.049305522248054956,18.111499875237065,1098.2139825177826,-37.63744382500081,17.241005586862766,0.013556480407714844,-54.38010127993448,37.58813830275275,0.8704942883742994,66.10645623751738,66.11218735292981
1748026214.930392,1044.8563900069307,0.19658034449381745,18.09651240686465,1101.2043726804552,-35.517096453762136,17.129899713938705,0.0015265941619873047,-56.347982673524484,35.71367679825595,0.9666126929259455,66.71253152014322,66.71953388569368
1748026215.0775373,1045.871045341385,0.4276239227975296,18.0892535785913,1101.2043726804552,-35.517096453762136,17.129899713938705,0.003438234329223633,-55.33332733907014,35.944720376559665,0.959353864652595,65.98333151153972,65.99030532736892
1748026215.1993086,1047.0328469812387,0.7131699973894072,18.072618243164193,1102.4005328721023,-34.66895727747772,17.11279900096987,0.0010938644409179688,-55.36768589086364,35.38212727486713,0.9598192421943246,65.70750011531588,65.71450999879649
1748026215.4160488,1048.0584038498273,0.9468901798809171,18.05834689100494,1102.4005328721023,-34.66895727747772,17.11279900096987,0.00048732757568359375,-54.342129022275,35.61584745735864,0.9455478900350727,64.97349903444805,64.980378866176
1748026215.5099328,1049.165321692565,1.2112830166065933,18.04082224217919,1105.9891007350143,-32.5485040617997,17.148292290037244,0.002966165542602539,-56.82377904244936,33.75978707840629,0.8925299521419454,66.0958779973792,66.10190389058326
1748026215.6666558,1050.2368594588993,1.4503549542602414,18.023476643772547,1105.9891007350143,-32.5485040617997,17.148292290037244,0.001344919204711914,-55.752241276115,33.99885901605994,0.8751843537353032,65.30110888571542,65.30697335933648
1748026215.797156,1051.3821890607037,1.7136103103917506,18.00132373179672,1107.185266176743,-31.700364166355538,17.168490393595796,0.0027892589569091797,-55.803077116039276,33.413974476747285,0.8328333382009241,65.0421179386968,65.04744973725384
1748026215.8949902,1052.3776939868878,1.9268814319132517,17.9908318819205,1107.185266176743,-31.700364166355538,17.168490393595796,0.004186868667602539,-54.80757218985514,33.627245598268786,0.8223414883247031,64.30133447971721,64.3065926744365
1748026216.041306,1053.4902589915582,2.1810252457207824,17.982904019110556,1107.185266176743,-31.700364166355538,17.168490393595796,0.006222963333129883,-53.69500718518475,33.88138941207632,0.81441362551476,63.490962704229005,63.496185827679625
1748026216.1832843,1054.5528318210838,2.4148240106410768,17.97528699711995,1110.175666366095,-29.580013085020862,17.14967876073383,0.0015113353729248047,-55.622834545011074,31.99483709566194,0.8256082363861204,64.1682890811312,64.17360012154228
1748026216.3263454,1055.6530287354317,2.6651667457027557,17.96686973531923,1110.175666366095,-29.580013085020862,17.14967876073383,0.031023025512695312,-54.52263763066321,32.245179830723615,0.8171909745853974,63.344057625955074,63.34932862792834
1748026216.4266896,1056.8037281367122,2.9351673701184566,17.96557062758175,1111.969979403635,-28.731766958495065,17.13417285524934,0.049386024475097656,-55.16625126692293,31.66693432861352,0.8313977723324122,63.60904030574582,63.61447343862744
1748026216.5754545,1057.7344915007823,3.1342663382099047,17.96696804545108,1111.969979403635,-28.731766958495065,17.13417285524934,0.0011892318725585938,-54.23548790285281,31.86603329670497,0.8327951902017396,62.90415110409808,62.909663597543
1748026216.7179945,1058.8235446617045,3.399187916567037,17.959042024924244,1111.969979403635,-28.731766958495065,17.13417285524934,0.0022497177124023438,-53.146434741930534,32.1309548750621,0.8248691696749049,62.10428155096521,62.10975926622674
1748026216.8319478,1059.9162913786256,3.663415326127911,17.95332564845731,1114.9604527961085,-27.0353788729932,17.123458612693913,0.0019488334655761719,-55.04416141748288,30.69879419912111,0.8298670357633959,63.02599203054168,63.03145524839919
1748026216.968272,1061.0647461873114,3.956294001608292,17.937736852252787,1114.9604527961085,-27.0353788729932,17.123458612693913,0.00010752677917480469,-53.89570660879713,30.99167287460149,0.8142782395588739,62.17098180363447,62.176314039023474
1748026217.1393988,1062.1894956284564,4.236367711592585,17.922075575068103,1117.9509218773835,-25.338989312884607,17.097338772415547,0.003313302993774414,-55.76142624892714,29.575357024477192,0.8247368026525557,63.119239542629415,63.124627454215386
1748026217.2207663,1063.1786700344032,4.454366607694091,17.91531156549666,1117.9509218773835,-25.338989312884607,17.097338772415547,0.014416933059692383,-54.77225184298027,29.793355920578698,0.8179727930811111,62.35097135539379,62.35633655412542
1748026217.3714397,1064.3675620965355,4.736024408197302,17.90256868647075,1119.7452306524697,-24.490740945865983,17.070530985315045,0.00084686279296875,-55.37766855593418,29.226765354063286,0.8320377011557056,62.61701037060437,62.622538071276864
1748026217.494985,1065.3889118845123,4.950548427473912,17.89094906639119,1119.7452306524697,-24.490740945865983,17.070530985315045,0.0022177696228027344,-54.35631876795742,29.441289373339895,0.820418081076145,61.81746444143869,61.822908341457804
1748026217.6223085,1066.4456377939023,5.164817696662546,17.876587506512003,1119.7452306524697,-24.490740945865983,17.070530985315045,0.003961324691772461,-53.299592858567394,29.65555864252853,0.8060565211969575,60.994251838099444,60.99957773956194
1748026217.8001163,1067.4494014272286,5.358023825509271,17.87593267388837,1122.735610866758,-22.37038370116669,16.98191737393597,0.0036573410034179688,-55.28620943952933,27.728407526675962,0.8940152999524003,61.85005689695784,61.856517857970886
1748026217.9446487,1068.5841945105094,5.604238802147542,17.8694701423557,1122.735610866758,-22.37038370116669,16.98191737393597,0.0013952255249023438,-54.151416356248546,27.974622503314233,0.8875527684197273,60.95043394095499,60.956895815875065
1748026218.0919883,1069.6001075156655,5.815615222695904,17.870207568227038,1124.5299156388317,-21.522133951491107,16.94110027979752,0.0006525516510009766,-54.92980812316614,27.33774917418701,0.9291072884295168,61.3566324887425,61.36366669872348
1748026218.238561,1070.7247941973742,6.068761853245299,17.873319292434857,1124.5299156388317,-21.522133951491107,16.94110027979752,0.0022125244140625,-53.80512144145746,27.590895804736405,0.9322190126373364,60.46692173939241,60.474107326403164
1748026218.4263284,1071.6881020741903,6.2794949396030475,17.87480511908275,1127.5203777764634,-19.825739887680008,16.905681890397613,0.0022711753845214844,-55.83227570227314,26.105234827283056,0.9691232286851381,61.63380805598687,61.64142677870629
1748026218.5427344,1072.791761294021,6.530141715216082,17.87400645930683,1127.5203777764634,-19.825739887680008,16.905681890397613,0.0017101764678955078,-54.728616482442476,26.35588160289609,0.9683245689092175,60.744168091662516,60.751885646611036
1748026218.6691127,1073.8970485565956,6.776706871888429,17.872455996274024,1129.3146885027138,-18.977488925862996,16.90656538452379,0.0011532306671142578,-55.41763994611824,25.754195797751425,0.9658906117502326,61.10968350749754,61.117316392822616
1748026218.7939792,1074.9020596201726,6.97670281834457,17.880749265804663,1129.3146885027138,-18.977488925862996,16.90656538452379,0.00010037422180175781,-54.412628882541185,25.954191744207566,0.9741838812808723,60.28560567004571,60.2934763074646
1748026218.937694,1076.041884680298,7.22047857044695,17.88270668132049,1132.305148959225,-17.281092625402305,16.875942965592266,0.0022199153900146484,-56.26326427892718,24.501571195849255,1.0067637157282228,61.36678171768235,61.375039483205065
1748026219.044592,1077.0878879768293,7.430387561224883,17.890756707514488,1132.305148959225,-17.281092625402305,16.875942965592266,0.0012471675872802734,-55.21726098239583,24.71148018662719,1.0148137419222216,60.49465400687966,60.50316529193225
1748026219.158904,1078.1496892571197,7.651443269906629,17.898602820969366,1132.305148959225,-17.281092625402305,16.875942965592266,0.0028471946716308594,-54.15545970210542,24.932535895308934,1.0226598553770998,59.61916773754253,59.627938039957684
1748026219.3083177,1079.1854803695996,7.866979343276121,17.911514760993217,1135.2955262541066,-15.16072964177629,16.81531332449809,0.002763032913208008,-56.11004588450692,23.027708985052413,1.0962014364951287,60.65156741801266,60.66147284604215
1748026219.4428596,1080.2437138176126,8.099498453143333,17.9277440544095,1135.2955262541066,-15.16072964177629,16.81531332449809,0.0025234222412109375,-55.05181243649395,23.260228094919626,1.112430729911413,59.764038213382115,59.77439055063171
1748026219.5353734,1081.288544704013,8.338104827749966,17.942759411856922,1135.2955262541066,-15.16072964177629,16.81531332449809,0.002490997314453125,-54.00698155009354,23.49883446952626,1.127446087358834,58.89778669507319,58.908576729184695
1748026219.695272,1082.2621754055672,8.549170359788754,17.953879997994747,1136.491675907294,-14.312584052986,16.787201932509376,0.0018596649169921875,-54.22950050172676,22.861754412774754,1.166678065485371,58.851495643669146,58.86305868034122
1748026219.8520017,1083.3557723225015,8.80888954775282,17.96040084098438,1136.491675907294,-14.312584052986,16.787201932509376,0.00048089027404785156,-53.13590358479246,23.12147360073882,1.1731989084750047,57.94848394256766,57.960358754245725
1748026219.9758089,1084.3773045802527,9.037824683983338,17.96940271578025,1139.4821311222886,-12.616184384070117,16.750875755035896,0.0007259845733642578,-55.10482654203588,21.654009068053455,1.2185269607443558,59.20673962436374,59.219277477028236
1748026220.0867126,1085.4464432653733,9.291318097469293,17.97320980169401,1139.4821311222886,-12.616184384070117,16.750875755035896,0.0010094642639160156,-54.035687856915274,21.90750248153941,1.2223340466581156,58.30775443411139,58.32056522077145
1748026220.2337174,1086.3979393731677,9.500650834785212,17.975142475255783,1141.2764350987868,-11.7679300028637,16.734657456201905,0.0018584728240966797,-54.87849572561913,21.268580837648912,1.240485019053878,58.85577137337003,58.868842582786534
1748026220.3719769,1087.440688636243,9.748560862470079,17.973755809093905,1141.2764350987868,-11.7679300028637,16.734657456201905,0.011017322540283203,-53.83574646254374,21.51649086533378,1.2390983528920003,57.97626217976873,57.98950199014837
1748026220.537223,1088.3466483131397,9.950859797152937,17.97113528889003,1144.266807661612,-9.647562860936317,16.679827749747588,0.0027680397033691406,-55.920159348472225,19.598422658089255,1.2913075391424407,59.25506216555369,59.26913081363922
1748026220.641457,1089.3985690795475,10.214777064908198,17.96225700818971,1144.266807661612,-9.647562860936317,16.679827749747588,0.0010874271392822266,-54.86823858206435,19.862339925844516,1.2824292584421215,58.35268761957869,58.36677802681111
1748026220.7905383,1090.3441361084256,10.432234843253447,17.9577672520167,1145.4629519898317,-8.799415585102944,16.634914017565176,0.0023217201232910156,-55.118815881406135,19.23165042835639,1.3228532344515251,58.377566259367555,58.39255246216548
1748026220.879332,1091.3080282866745,10.657053614187511,17.95157181229995,1145.4629519898317,-8.799415585102944,16.634914017565176,0.0015823841094970703,-54.15492370315724,19.456469199290453,1.3166577947347733,57.543982787062276,57.559043970050055
1748026221.0502646,1092.391687869599,10.914666038105857,17.938973396480808,1145.4629519898317,-8.799415585102944,16.634914017565176,0.006392955780029297,-53.07126412023263,19.7140816232088,1.3040593789156318,56.61452189647132,56.62953876229055
1748026221.1693068,1093.2909917598745,11.097136945560614,17.92978233749142,1148.4533862091168,-7.103011626444242,16.51037874470742,0.006395816802978516,-55.162394449242356,18.200148572004856,1.4194035927840005,58.087306439676254,58.1046459069846
1748026221.3265564,1094.3784311006468,11.344356500178755,17.91971778397929,1148.4533862091168,-7.103011626444242,16.51037874470742,0.000982046127319336,-54.07495510847002,18.447368126622997,1.4093390392718703,57.13498193560749,57.1523612575177
1748026221.450343,1095.287712933595,11.528697487728586,17.91290413472831,1149.6494516081634,-5.83089840367067,16.46176404821802,0.003415346145629883,-54.361738674568414,17.359595891399255,1.4511400865102928,57.066226449930554,57.08467402714524
1748026221.5991397,1096.41294385342,11.790355867358791,17.9077757189089,1149.6494516081634,-5.83089840367067,16.46176404821802,0.0026924610137939453,-53.23650775474334,17.62125427102946,1.4460116706908828,56.07703950820801,56.09567995627557
1748026221.7091594,1097.3254961708967,11.976893519526733,17.89974322633516,1152.6398974594044,-4.134492611432885,16.41662513460832,0.0002319812774658203,-55.314401288507725,16.111386130959616,1.4831180917268405,57.61301721804668,57.632103833201775
1748026221.8836198,1098.337848807384,12.207220866739426,17.89348777463786,1152.6398974594044,-4.134492611432885,16.41662513460832,0.0005986690521240234,-54.3020486520204,16.34171347817231,1.476862640029541,56.70770747622469,56.72693549334905
1748026222.0280323,1099.303341669406,12.422293039507998,17.88276217762472,1153.8359706680335,-2.8623786529668047,16.41930910934499,0.013339996337890625,-54.53262899862739,15.284671692474802,1.4634530682797298,56.63416649204504,56.65307148894696
1748026222.12436,1100.3342519068954,12.67541044522276,17.87529391052572,1153.8359706680335,-2.8623786529668047,16.41930910934499,0.0034012794494628906,-53.501718761138136,15.537789098189563,1.4559848011807297,55.7122679529001,55.731290063993754
1748026222.2790318,1101.361148993802,12.932101084655848,17.86738261848057,1153.8359706680335,-2.8623786529668047,16.41930910934499,0.0002677440643310547,-52.47482167423141,15.794479737622652,1.448073509135579,54.80029653135609,54.81942554252478
1748026222.4202175,1102.371938815205,13.193050714318794,17.86414781086004,1156.2282695421115,-1.1660804222801344,16.417480980934453,0.0024824142456054688,-53.856330726906435,14.35913113659893,1.4466668299255865,55.73768031021717,55.75645120773719
1748026222.5547707,1103.3416403411393,13.43958548548904,17.85595492280695,1156.2282695421115,-1.1660804222801344,16.417480980934453,0.0021169185638427734,-52.886629200972266,14.605665907769176,1.4384739418724983,54.86639248985214,54.88524603326425
1748026222.7012076,1104.4169925421052,13.723047796161389,17.848593411686718,1158.0225698215402,-0.3178213423344198,16.41195286518588,0.004629373550415039,-53.60557727943501,14.040869138495808,1.4366405465008363,55.41393255875135,55.432552328804896
1748026222.8307948,1105.261213894944,13.92896652842456,17.832280349703492,1158.0225698215402,-0.3178213423344198,16.41195286518588,0.027821779251098633,-52.76135592659625,14.246787870758979,1.4203274845176104,54.6509985622164,54.669451927110586
1748026222.9793122,1106.130978290885,14.138533978852486,17.81787648944066,1160.4147800770506,1.802443656016461,16.362522608394965,0.0026450157165527344,-54.28380178616567,12.336090322836025,1.4553538810456956,55.667856621329435,55.6868774104992
1748026223.1022758,1107.027005620199,14.351545872340672,17.794813437136263,1160.4147800770506,1.802443656016461,16.362522608394965,0.001308441162109375,-53.38777445685173,12.549102216324211,1.4322908287412979,54.842815645182036,54.86151551779735
1748026223.260137,1108.0064640311714,14.590610390327846,17.7668417308387,1160.4147800770506,1.802443656016461,16.362522608394965,0.0023887157440185547,-52.408316045879246,12.788166734311385,1.4043191224437344,53.94598038027775,53.96425586800001
1748026223.3712242,1109.002887385438,14.8374503328237,17.730067193979487,1162.8069857402363,3.922709522856743,16.296885915614926,0.0025501251220703125,-53.80409835479827,10.914740809966958,1.433181278364561,54.90002337632985,54.918726999978965
1748026223.5537083,1109.8876639647497,15.041998129285226,17.697209215873485,1162.8069857402363,3.922709522856743,16.296885915614926,0.002018451690673828,-52.91932177548665,11.119288606428483,1.4003233002585596,54.07488507884733,54.09301342720511
1748026223.6600742,1110.8523177299046,15.280326468059066,17.6630235167198,1164.6012792221811,4.770970441493873,16.267055655441574,0.0022258758544921875,-53.74896149227652,10.509356026565193,1.3959678612782263,54.76675474766901,54.7845430012978
1748026223.8424392,1111.7321569643145,15.510203107331229,17.637322487432677,1164.6012792221811,4.770970441493873,16.267055655441574,0.0025148391723632812,-52.86912225786659,10.739232665837356,1.3702668319911027,53.9488202518668,53.966219413250435
1748026223.96582,1112.6810541363982,15.769847041714236,17.61240323991354,1166.9935632134584,6.467272678127323,16.215721951909064,0.0016794204711914062,-54.31250907706021,9.302574363586913,1.3966812880044763,55.10341670019939,55.12111438147885
1748026224.1533933,1113.6236874866756,16.03093285101722,17.58028936334078,1166.9935632134584,6.467272678127323,16.215721951909064,0.0018734931945800781,-53.369875726782766,9.563660172889897,1.3645674114317146,54.21998921979565,54.23715769852895
1748026224.2812188,1114.4601915132907,16.250018269738753,17.544382256368124,1168.189703184891,7.315424117059417,16.181696594509795,0.004414081573486328,-53.72951167160022,8.934594152679335,1.362685661858329,54.46730576356532,54.48434921474928
1748026224.4388175,1115.4326835676043,16.524646899455497,17.50657695312229,1168.189703184891,7.315424117059417,16.181696594509795,0.021689414978027344,-52.75701961728669,9.209222782396079,1.3248803586124964,53.55476545700276,53.57115092210744
1748026224.5870683,1116.3688736416689,16.76832320505941,17.469341490632253,1170.5819040049294,9.435692831252473,16.116062784920224,9.417533874511719e-05,-54.213030363260486,7.332630373806937,1.3532787057120288,54.70667353592868,54.723409000372165
1748026224.6976204,1117.3550988456632,17.022349979304444,17.43363448471788,1170.5819040049294,9.435692831252473,16.116062784920224,0.0005826950073242188,-53.22680515926618,7.586657148051971,1.3175716997976572,53.76476684730041,53.78090878117141
1748026224.8075926,1118.3038234212709,17.256419227034634,17.398784524288356,1170.5819040049294,9.435692831252473,16.116062784920224,0.001130819320678711,-52.27808058365849,7.820726395782161,1.2827217393681316,52.859828517213096,52.87538979458991
1748026224.976544,1119.0672831057977,17.401387877361977,17.376459364951664,1173.5722581543107,11.556073550555851,16.07210708328131,0.001964092254638672,-54.50497504851296,5.845314326806125,1.3043522816703543,54.81751549111092,54.83303146364319
1748026225.1609564,1120.0376920498632,17.62995770873193,17.35014694304958,1173.5722581543107,11.556073550555851,16.07210708328131,0.002445697784423828,-53.53456610444755,6.073884158176078,1.2780398597682705,53.87802740225747,53.893183452469785
1748026225.3300896,1120.9415328889545,17.814951748616018,17.328438822674098,1174.7684009431134,12.404226247460414,16.063783243740545,0.002613067626953125,-53.82686805415892,5.4107255011556035,1.264655578933553,54.09813005057281,54.11291000031339
1748026225.423536,1121.8429853373955,18.005082934246964,17.310430966008536,1174.7684009431134,12.404226247460414,16.063783243740545,0.0027213096618652344,-52.925415605717944,5.60085668678655,1.2466477222679906,53.22094712295051,53.23554586183305
1748026225.6297193,1122.7724073446916,18.208448278080404,17.288962795613518,1177.1606895649552,14.100532364726645,16.06893936898559,0.0001442432403564453,-54.38828222026359,4.107915913353759,1.2200234266279288,54.54319587283299,54.55683892220797
1748026225.8274257,1123.763048304629,18.436551318862918,17.263361911780287,1177.1606895649552,14.100532364726645,16.06893936898559,0.004565715789794922,-53.39764126032628,4.336018954136273,1.1944225427946975,53.573399673131895,53.58671288433229
1748026226.008745,1124.6607470311992,18.63228456581877,17.245721030531666,1178.3567541618834,15.372650940117548,16.070714841882495,0.0026917457580566406,-53.696007130684166,3.2596336257012233,1.1750061886491707,53.79485470890582,53.80768562850153
1748026226.145159,1125.5796324015573,18.840828854474616,17.230856835540596,1180.7490380414083,17.0689583914099,16.061472164896383,0.00010037422180175781,-55.16940563985099,1.7718704630647153,1.169384670644213,55.197851802332885,55.21023731247894
1748026226.334751,1126.5120140676754,19.063215296864264,17.22031152679883,1180.7490380414083,17.0689583914099,16.061472164896383,0.002830028533935547,-54.2370239737329,1.994256905454364,1.158839361902448,54.27367529596858,54.28604552552087
1748026226.4399765,1127.4195594373923,19.26736284006268,17.210568114163017,1180.7490380414083,17.0689583914099,16.061472164896383,0.10239553451538086,-53.329478604016,2.1984044486527807,1.1490959492666342,53.374771852402866,53.38713976040183
1748026226.5710447,1128.3429188320604,19.482758965811776,17.20489168713422,1180.7490380414083,17.0689583914099,16.061472164896383,0.23346376419067383,-52.406119209347935,2.4138005744018756,1.1434195222378385,52.4616790028433,52.47413812537757
1748026227.0921955,1130.2688324678788,19.915355886070195,17.18373909571594,1182.5433273968956,17.91722436427715,16.04333860499408,0.3481776714324951,-52.27449492901678,1.998131521793045,1.1404004907218592,52.31266911238791,52.325097830213586
1748026227.2506697,1131.1185811962239,20.07932691836283,17.179413051587577,1182.5433273968956,17.91722436427715,16.04333860499408,0.18970346450805664,-51.424746200671734,2.1621025540856813,1.136074446593497,51.47017786308773,51.48271432632596
1748026227.3924272,1132.1472243724595,20.3050623901622,17.17219502260927,1182.5433273968956,17.91722436427715,16.04333860499408,0.04794597625732422,-50.396103024436115,2.387838025885049,1.1288564176151894,50.45264086732668,50.46526812867472
1748026227.5369132,1133.0069569168065,20.46607759677989,17.17621208379545,1182.5433273968956,17.91722436427715,16.04333860499408,0.030196666717529297,-49.53637048008909,2.54885323250274,1.1328734788013683,49.60190170892122,49.61483704962109
1748026227.68954,1133.8915695447743,20.627382042352743,17.182784928037027,1190.3182192152867,23.430231650514404,15.910079139102246,0.0011310577392578125,-56.42664967051246,-2.8028496081616616,1.2727057889347808,56.49621897936813,56.51055245695182
1748026227.838544,1134.8538369570574,20.82282979631035,17.192329180207345,1190.3182192152867,23.430231650514404,15.910079139102246,0.003032207489013672,-55.46438225822931,-2.6074018542040527,1.2822500411050992,55.52563591456012,55.54043940125251
1748026228.0153985,1135.7928424161382,21.009426250036064,17.211083271404362,1192.7104281281293,25.550509016453542,15.96202353807163,0.004088640213012695,-56.91758571199102,-4.541082766417478,1.2490597333327322,57.09845003126878,57.11211032863986
1748026228.118338,1136.7343842886266,21.205898632051948,17.232866102297116,1192.7104281281293,25.550509016453542,15.96202353807163,0.0027379989624023438,-55.97604383950261,-4.344610384401594,1.270842564225486,56.14439529743078,56.15877637678029
1748026228.2754188,1137.7019396770852,21.420573164884736,17.252928332402167,1192.7104281281293,25.550509016453542,15.96202353807163,0.005007266998291016,-55.00848845104406,-4.129935851568806,1.2909047943305367,55.16330457656358,55.17840707192213
1748026228.411698,1138.6751823021546,21.64179204273055,17.272118312487326,1195.1027064066416,27.24682193639088,15.964369455345247,0.0045773983001708984,-56.42752410448702,-5.60502989366033,1.3077488571420783,56.7052187780921,56.72029657666333
1748026228.552003,1139.5040404367687,21.820908034348925,17.287642681761586,1195.1027064066416,27.24682193639088,15.964369455345247,0.008934974670410156,-55.598665969872854,-5.425913902041955,1.3232732264163385,55.862797990271396,55.8784685843628
1748026228.727744,1140.4427523894612,22.046271389564915,17.29838483960933,1198.0931187599233,28.943248849053397,15.892100850721707,0.0006067752838134766,-57.65036637046205,-6.8969774594884825,1.4062839888876226,58.061459168067714,58.078487199500955
1748026228.8840618,1141.4648893321703,22.29126719207813,17.308546215785714,1198.0931187599233,28.943248849053397,15.892100850721707,0.0025658607482910156,-56.62822942775301,-6.651981656975266,1.416445365064007,57.01758700687857,57.03517814085601
1748026229.0420296,1142.3308746591472,22.485304726088607,17.31260002467626,1199.2891702212703,30.21537123499541,15.861467405036128,0.00032067298889160156,-56.95829556212311,-7.730066508906802,1.4511326196401324,57.480443296605635,57.49875779053039
1748026229.2013838,1143.2217671255746,22.680890833228638,17.31261133768741,1199.2891702212703,30.21537123499541,15.861467405036128,0.0009989738464355469,-56.06740309569568,-7.534480401766771,1.4511439326512825,56.57138927779512,56.58999826411999
1748026229.3593063,1144.1690429740215,22.893524846792907,17.30305932164258,1201.6814412264011,31.911686536538795,15.844110520443603,0.00061798095703125,-57.512398252379626,-9.018161689745888,1.458948801198975,58.215145735476085,58.233424462307205
1748026229.4995918,1145.0718056086225,23.081788208549035,17.29800452324475,1201.6814412264011,31.911686536538795,15.844110520443603,0.002856016159057617,-56.60963561777862,-8.82989832798976,1.453894002801146,57.29413538277986,57.3125793960775
1748026229.6672056,1146.0090695712893,23.27677181360236,17.293414126048557,1202.8775807144846,32.75984464748377,15.859185692060558,0.010982036590576172,-56.86851114319529,-9.483072833881408,1.4342284339879985,57.65376162937183,57.671598219724125
1748026229.7627466,1146.8493082218442,23.4303711198069,17.28776742257761,1202.8775807144846,32.75984464748377,15.859185692060558,0.0015208721160888672,-56.028272492640326,-9.329473527676868,1.4285817305170507,56.79970417892315,56.817666623805906
1748026229.9082062,1147.7629562161578,23.602695072345092,17.283230331719004,1205.269861514941,34.45616164448963,15.904021608589836,0.00014901161193847656,-57.506905298783295,-10.85346657214454,1.3792087231291674,58.52214874452142,58.538398597654215
1748026230.027804,1148.6622640768305,23.768188398459138,17.279591493239874,1205.269861514941,34.45616164448963,15.904021608589836,0.0009176731109619141,-56.60759743811059,-10.687973246030495,1.3755698846500373,57.6077499979217,57.62417073009037
1748026230.202778,1149.5643084440785,23.93503319503416,17.278826451017903,1205.269861514941,34.45616164448963,15.904021608589836,0.0003902912139892578,-55.70555307086261,-10.521128449455475,1.374804842428066,56.69041177113314,56.70707958566897
1748026230.342552,1150.4311693769782,24.091662122350705,17.27862157735522,1206.46600045562,35.304320463596724,15.92119385558384,0.0004696846008300781,-56.03483107864167,-11.21265834124602,1.35742772177138,57.14565601241638,57.16177578687749
1748026230.4632125,1151.444213443223,24.31787999550503,17.289039098019135,1206.46600045562,35.304320463596724,15.92119385558384,0.0011157989501953125,-55.021787012397,-10.986440468091693,1.367845242435294,56.10792208054493,56.124592834191276
1748026230.627337,1152.3032350229869,24.492407980792883,17.293233054125803,1208.858200779439,37.42460412393631,15.979430135531317,0.009350061416625977,-56.55496575645202,-12.932196143143429,1.3138029185944866,58.01470372929775,58.029578034887535
1748026230.7698205,1153.2629918607329,24.71157912925674,17.295982000675075,1208.858200779439,37.42460412393631,15.979430135531317,0.0015649795532226562,-55.59520891870602,-12.713024994679571,1.316551865143758,57.03023986649466,57.04543424362313
1748026230.951459,1154.1389386335845,24.895782048478658,17.3038555062599,1211.250487755202,39.12092377072089,16.07416643981125,0.0006783008575439453,-57.11154912161737,-14.225141722242235,1.2296890664486497,58.85646693515328,58.869311489849565
1748026231.0568385,1155.1341981219737,25.1272531512789,17.314747146189525,1211.250487755202,39.12092377072089,16.07416643981125,0.005604982376098633,-56.116289633228234,-13.993670619441993,1.2405807063782746,57.83477137160475,57.84807533613224
1748026231.2204072,1156.0578844528818,25.32138322882509,17.33898511036472,1212.4465528287951,40.39304926456752,16.13952916911432,0.0025696754455566406,-56.38866837591331,-15.071666035742432,1.1994559412504024,58.368116624589476,58.38043964254362
1748026231.3719273,1156.9801903942728,25.510965353213074,17.35970364491806,1212.4465528287951,40.39304926456752,16.13952916911432,0.0014040470123291016,-55.46636243452235,-14.88208391135445,1.2201744758037414,57.428161935259496,57.4411229783488
1748026231.5117383,1157.7451747907194,25.649411449562884,17.39209978369264,1212.4465528287951,40.39304926456752,16.13952916911432,0.0010652542114257812,-54.701378038075745,-14.74363781500464,1.252570614578321,56.653469578521936,56.66731463929639
1748026231.653313,1158.7121575266724,25.850278464084347,17.409107398293926,1214.8388471851515,42.08937069057375,16.28346530457432,0.0012581348419189453,-56.12668965847911,-16.239092226489404,1.1256420937196054,58.428703634084286,58.43954550202122
1748026231.7463324,1159.6147064389352,26.039987949520686,17.42899822206551,1214.8388471851515,42.08937069057375,16.28346530457432,0.0065937042236328125,-55.224140746216335,-16.049382741053066,1.1455329174911881,57.50902892178517,57.52043683067592
1748026231.9022908,1160.3739117384118,26.17697476073554,17.450452736608444,1217.2311408403002,43.78569312024872,16.429894904268785,0.002304553985595703,-56.85722910188838,-17.608718359513183,1.0205578323396587,59.52152101054945,59.53026962561508
1748026232.028437,1161.312381940625,26.393672596799327,17.466787139356065,1217.2311408403002,43.78569312024872,16.429894904268785,0.0014715194702148438,-55.91875889967514,-17.392020523449396,1.0368922350872793,58.56099362859277,58.570172616061726
1748026232.1794689,1162.2858902343598,26.605389970548238,17.484051917298054,1217.2311408403002,43.78569312024872,16.429894904268785,0.0022742748260498047,-54.94525060594037,-17.180303149700485,1.0541570130292683,57.56859717298311,57.578247867344125
1748026232.299131,1163.1739608513394,26.798679688230074,17.49851221328477,1219.623344039143,45.90598148992392,16.537425477313413,0.0030171871185302734,-56.449383187803505,-19.107301801693843,0.9610867359713566,59.595485101008165,59.60323424226697
1748026232.4023092,1164.0261612458958,26.988372331552547,17.516558256425476,1219.623344039143,45.90598148992392,16.537425477313413,0.000934600830078125,-55.59718279324716,-18.91760915837137,0.9791327791120636,58.72752907125103,58.73569078349012
1748026232.536348,1164.8728306958342,27.1863727480332,17.52875064094744,1219.623344039143,45.90598148992392,16.537425477313413,0.002788543701171875,-54.75051334330874,-18.719608741890717,0.991325163634027,57.86227149711027,57.870762811503994
1748026232.6728225,1165.6949326460774,27.374210840703064,17.539958957357324,1220.8194833974014,46.75414332562198,16.57739014277887,0.0028307437896728516,-55.12455075132402,-19.379932484918918,0.9625688145784537,58.43199362211864,58.43992143542043
1748026232.831218,1166.4541840751876,27.53923602285142,17.554148960848714,1220.8194833974014,46.75414332562198,16.57739014277887,0.0010819435119628906,-54.36529932221379,-19.214907302770563,0.9767588180698432,57.66106513972807,57.66933752729123
1748026233.0258412,1167.3256733366118,27.750393489415423,17.567677543856824,1223.211759549774,48.45046764835186,16.648720131507684,0.001796722412109375,-55.886086213162116,-20.700074158936438,0.9189574123491404,59.59654102723125,59.60362560395272
1748026233.1436,1168.1803163532622,27.931701195701983,17.578292506333625,1223.211759549774,48.45046764835186,16.648720131507684,0.002385377883911133,-55.031443196511646,-20.518766452649878,0.9295723748259412,58.732269809954374,58.739625652785
1748026233.2976942,1169.0075120883603,28.094389957180205,17.582484490852597,1224.4078094486215,49.72259517968767,16.65548500985156,0.0014448165893554688,-55.40029736026122,-21.628205222507468,0.9269994810010367,59.4724491571708,59.479673307694306
1748026233.4425726,1169.791693128806,28.237379205694403,17.578844310007067,1224.4078094486215,49.72259517968767,16.65548500985156,0.005483388900756836,-54.616116319815546,-21.48521597399327,0.9233593001555072,58.69015818098259,58.69742123556998
1748026233.5910285,1170.6922841786945,28.421409633697728,17.573407832093533,1227.398205015145,51.41903603036677,16.5921993880532,0.006645917892456055,-56.70592083645056,-22.99762639666904,0.9812084440403339,61.19192984201892,61.19979614182732
1748026233.7387693,1171.495551396948,28.564457302910547,17.569871312251983,1227.398205015145,51.41903603036677,16.5921993880532,0.0020682811737060547,-55.902653618197064,-22.85457872745622,0.9776719241987841,60.39402661162456,60.401939478438784
1748026233.884341,1172.3614832876997,28.721167488349643,17.563533758293506,1229.7903579470628,53.5393265294889,16.47011699056826,0.003839731216430664,-57.428874659363146,-24.81815904113926,1.0934167677252447,62.56210244894368,62.571656707011265
1748026234.0589402,1173.2356620105568,28.886593208776937,17.555614372418955,1229.7903579470628,53.5393265294889,16.47011699056826,0.0016407966613769531,-56.55469593650605,-24.652733320711967,1.0854973818506934,61.69433436428985,61.703883161587164
1748026234.2076848,1174.0136566857577,29.02104655578504,17.543734951400907,1229.7903579470628,53.5393265294889,16.47011699056826,0.0020515918731689453,-55.77670126130511,-24.518279973703862,1.073617960832646,60.927715011001375,60.937173482100604
1748026234.3703108,1174.9587581786177,29.221923689874593,17.53025126231936,1232.182594910451,55.23565277411516,16.36374559056183,0.0025920867919921875,-57.22383673183322,-26.013729084240566,1.1665056717575304,62.859220414985806,62.87004315778708
1748026234.5087118,1175.7787037072821,29.37852976295253,17.517517434783812,1232.182594910451,55.23565277411516,16.36374559056183,0.002138376235961914,-56.40389120316877,-25.857123011162628,1.153771844221982,62.0482856594225,62.05901177703215
1748026234.7431238,1176.7131381078193,29.590569054184876,17.504409180065615,1233.3786298386467,56.50778142487217,16.309197619263742,8.893013000488281e-05,-56.6654917308274,-26.917212370687295,1.195211560801873,62.73367735837864,62.745062001564904
1748026234.903368,1177.562110190905,29.767885162161726,17.49476183792966,1233.3786298386467,56.50778142487217,16.309197619263742,0.000385284423828125,-55.81651964774164,-26.739896262710445,1.1855642186659168,61.891081083846366,61.90243517216287
1748026235.0265715,1178.4439790378751,29.967047499020886,17.486474748068755,1233.3786298386467,56.50778142487217,16.309197619263742,9.655952453613281e-05,-54.93465080077158,-26.540733925851285,1.177277128805013,61.0100517613741,61.0214093360974
1748026235.216748,1179.3393421386018,30.167558305126114,17.483589766946377,1233.3786298386467,56.50778142487217,16.309197619263742,0.001809835433959961,-54.03928770004495,-26.340223119746057,1.1743921476826351,60.116985695610474,60.12845554346771
1748026235.3493412,1180.2155761624267,30.354651150456455,17.48415003889156,1233.3786298386467,56.50778142487217,16.309197619263742,0.00837254524230957,-53.16305367621999,-26.153130274415716,1.174952419627818,59.2477552260945,59.25940442258593
1748026235.469353,1181.1141675224228,30.541482681740014,17.47781432253602,1233.3786298386467,56.50778142487217,16.309197619263742,0.003885507583618164,-52.2644623162239,-25.966298743132157,1.1686167032722778,58.35942675884998,58.371126052362065
1748026235.6027615,1181.9651453239676,30.70338404165964,17.47985416022546,1233.3786298386467,56.50778142487217,16.309197619263742,0.006288051605224609,-51.41348451467911,-25.80439738321253,1.1706565409617191,57.525762178800335,57.53767245021987
1748026235.7178545,1182.9893180715412,30.921169565359726,17.471582042347176,1233.3786298386467,56.50778142487217,16.309197619263742,0.006313800811767578,-50.38931176710548,-25.586611859512445,1.1623844230834344,56.51333866276083,56.52529154598784
1748026235.931252,1183.826126402163,31.07680964132684,17.461392878230946,1233.3786298386467,56.50778142487217,16.309197619263742,0.0024051666259765625,-49.552503436483676,-25.43097178354533,1.152195258967204,55.69726135707397,55.70917766933014
1748026236.0708735,1184.6857544043341,31.231358223352096,17.446641647577767,1242.34946858668,62.86901227289743,15.732601321503356,0.0022079944610595703,-57.66371418234576,-31.637654049545333,1.7140403260744108,65.77267735969075,65.7950075712541
1748026236.194822,1185.6923107424132,31.449422418166087,17.42335108143502,1242.34946858668,62.86901227289743,15.732601321503356,0.013123035430908203,-56.65715784426675,-31.419589854731342,1.6907497599316628,64.78598738639161,64.8080457688735
1748026236.3202145,1186.5585861498316,31.606793326749404,17.4000474440899,1242.34946858668,62.86901227289743,15.732601321503356,0.001728057861328125,-55.79088243684828,-31.262218946148025,1.6674461225865436,63.95270828134741,63.974442342945444
1748026236.4721506,1187.5212343093958,31.802064257162932,17.3736527690213,1244.7416952564363,64.56534279727198,15.611322528966246,0.009414196014404297,-57.220460947040465,-32.76327854010905,1.7623302400550553,65.93643584307961,65.9599831683087
1748026236.7114408,1188.3776488886906,31.960978078065587,17.350953327072137,1247.1339242787612,66.26167436699072,15.509138761637468,0.006118297576904297,-58.75627539007064,-34.30069628892513,1.8418145654346691,68.03556175720828,68.06048739549513
1748026236.9266808,1189.329293392347,32.143260918419266,17.321985612429927,1247.1339242787612,66.26167436699072,15.509138761637468,0.0026171207427978516,-57.804630886414316,-34.11841344857145,1.812846850792459,67.12258552947931,67.14706175155168
1748026237.0424535,1190.2897482463618,32.31465144264184,17.29243055734069,1247.1339242787612,66.26167436699072,15.509138761637468,0.002378225326538086,-56.844176032399446,-33.94702292434888,1.7832917957032226,66.20921925403353,66.23323066148372
1748026237.2464564,1191.1737803789456,32.45631731402259,17.26733482760135,1247.1339242787612,66.26167436699072,15.509138761637468,0.0014505386352539062,-55.96014389981565,-33.80535705296813,1.7581960659638813,65.3784358238,65.40207278193182
1748026237.335647,1192.038903129545,32.58355369281632,17.246012521431204,1247.1339242787612,66.26167436699072,15.509138761637468,0.0059337615966796875,-55.095021149216336,-33.6781206741744,1.7368737597937365,64.57303746593348,64.59639229890713
1748026237.462804,1192.9699204108397,32.725069107768014,17.214338937990888,1247.1339242787612,66.26167436699072,15.509138761637468,0.003147602081298828,-54.164003867921565,-33.5366052592227,1.7052001763534204,63.705911871011985,63.72872911771097
1748026237.6633463,1193.8816517628607,32.85055182698844,17.18103203101517,1247.1339242787612,66.26167436699072,15.509138761637468,0.0003459453582763672,-53.252272515900586,-33.411122540002275,1.671893269377703,62.86579067736911,62.888018450218155
1748026237.7291062,1194.6753923910505,32.94253835998499,17.1024043951647,1247.1339242787612,66.26167436699072,15.509138761637468,0.005052804946899414,-52.458531887710706,-33.31913600700573,1.593265633527233,62.145493739025895,62.16591419295855
1748026237.849882,1195.5923142566335,33.04526046553077,17.11002361027062,1247.1339242787612,66.26167436699072,15.509138761637468,0.001772165298461914,-51.54161002212777,-33.21641390145995,1.600884848633152,61.317760201643075,61.338654602499936
1748026238.004647,1196.5322302816205,33.144449685175864,17.06679047415966,1247.1339242787612,66.26167436699072,15.509138761637468,0.0023174285888671875,-50.60169399714073,-33.117224681814854,1.5576517125221923,60.47546614955584,60.49552284974152
1748026238.07982,1197.4316867826806,33.235076472828446,17.02125930078406,1256.7031550493336,71.35114808702006,15.054205767222705,0.0017948150634765625,-59.27146826665307,-38.11607161419162,1.967053533561355,70.46943923278407,70.49688762907866
1748026238.2376716,1198.3960111856109,33.330467404874646,16.97312921075125,1256.7031550493336,71.35114808702006,15.054205767222705,0.007352590560913086,-58.307143863722786,-38.02068068214542,1.918923443528545,69.60815458750886,69.63459953400074
1748026238.368455,1199.4041391589171,33.435343470039165,16.926066083558517,1257.8992596012715,72.19931550594407,14.967359567049211,0.005216836929321289,-58.49512044235439,-38.76397203590491,1.9587065165093058,70.17353235776267,70.20086306295514
1748026238.5112488,1200.3210044954565,33.50342736496513,16.889606905400147,1257.8992596012715,72.19931550594407,14.967359567049211,0.0022246837615966797,-57.57825510581506,-38.695888140978944,1.9222473383509353,69.37310155996684,69.39972806055705
1748026238.6380002,1201.2820986942875,33.57799920506441,16.855294478331203,1257.8992596012715,72.19931550594407,14.967359567049211,0.00034689903259277344,-56.617160906984054,-38.62131630087966,1.8879349112819916,68.53545784468005,68.56145622876716
1748026238.7940714,1202.2680049012765,33.65403986787536,16.817416794350375,1260.8897087581852,73.47180586451502,14.851956040266668,0.004683017730712891,-58.62170385690865,-39.81776599663966,1.9654607540837077,70.86577913245753,70.89302989734672
1748026238.965088,1203.1268776958152,33.695678473640875,16.777713668423996,1260.8897087581852,73.47180586451502,14.851956040266668,0.0030372142791748047,-57.76283106236997,-39.776127390874144,1.9257576281573279,70.13333702708678,70.15977127241328
1748026239.2027164,1204.147743527741,33.76710185445402,16.74225871894806,1262.0858277792229,74.31997493964359,14.84371442579934,0.0014095306396484375,-57.93808425148177,-40.55287308518957,1.8985442931487224,70.72027377064721,70.74575317733454
1748026239.3677723,1205.05181400518,33.80678904812286,16.707299277278597,1264.4781521683449,75.59234877988364,14.839625349161592,0.011733770370483398,-59.42633816316493,-41.78555973176078,1.8676739281170054,72.64655992942392,72.67056402341424
1748026239.4895012,1206.060618955178,33.85755609801371,16.666094099208404,1264.4781521683449,75.59234877988364,14.839625349161592,0.0020589828491210938,-58.41753321316696,-41.734792681869926,1.8264687500468124,71.79415788843914,71.8173871357419
1748026239.633363,1206.8806782822805,33.855348341858566,16.636434268623614,1264.4781521683449,75.59234877988364,14.839625349161592,0.002446413040161133,-57.597473886064336,-41.73700043802507,1.7968089194620216,71.12978422306347,71.1524751917502
1748026239.813767,1207.8567027542044,33.88168982345375,16.596856277056336,1267.4686191645587,76.86484344753553,14.8298165145008,0.00021982192993164062,-59.6119164103543,-42.98315362408179,1.7670397625555356,73.49239466493444,73.51363481089025
1748026239.9779444,1208.809331688713,33.8795510223562,16.559213361579637,1267.4686191645587,76.86484344753553,14.8298165145008,0.0003535747528076172,-58.65928747584576,-42.98529242517933,1.7293968470788368,72.7230869260381,72.74364704568214
1748026240.1306465,1209.7696268887194,33.86471703383183,16.527276376788734,1268.6648239793274,77.28904876454152,14.832572316058055,0.0027866363525390625,-58.89519709060801,-43.42433173070969,1.694704060730679,73.17319746054754,73.1928196509312
1748026240.2924666,1210.6091259295358,33.8273422736221,16.50415423205754,1268.6648239793274,77.28904876454152,14.832572316058055,0.004100799560546875,-58.055698049791545,-43.46170649091942,1.6715819159994858,72.52161062160297,72.5408725702503
1748026240.4258249,1211.5568616219161,33.78908414827249,16.489516823162624,1271.05715005053,78.56142535460701,14.849285542454068,0.0016863346099853516,-59.500288428613885,-44.772341206334524,1.6402312807085568,74.46372848699347,74.4817911897861
1748026240.6265168,1212.5496244435637,33.75824120098094,16.474575892951602,1272.8515004667445,78.98575195655353,14.860321385783536,0.0013954639434814453,-60.30187602318074,-45.22751075557259,1.6142545071680665,75.3780072770599,75.39529029504699
1748026240.7638104,1213.5050468875966,33.706005380323354,16.46237813123755,1272.8515004667445,78.98575195655353,14.860321385783536,0.0007956027984619141,-59.34645357914792,-45.279746576230174,1.6020567454540142,74.64755188503898,74.66474126550793
1748026240.910349,1214.3618588169136,33.64176979938251,16.458349589796537,1272.8515004667445,78.98575195655353,14.860321385783536,0.00011086463928222656,-58.4896416498309,-45.34398215717102,1.5980282040130014,74.00753271252513,74.02478363586279
1748026241.067323,1215.399496056061,33.598451455733375,16.44465612285895,1275.2437428961134,80.6820955046072,14.894124836513614,0.00028777122497558594,-59.84424684005239,-47.08364404887383,1.550531286345338,76.14593499835807,76.16171980755233
1748026241.2056797,1216.179190629339,33.51784509689353,16.442780539466987,1275.2437428961134,80.6820955046072,14.894124836513614,0.0009455680847167969,-59.0645522667744,-47.16425040771367,1.5486557029533738,75.58497106565594,75.60083455546197
1748026241.3377166,1217.1659070783967,33.46910056694302,16.419010510569226,1277.6360833737333,81.95447570789969,14.995727193315991,0.0035126209259033203,-60.470176295336614,-48.48537514095667,1.4232833172532349,77.5078952349268,77.52096206284827
1748026241.4577706,1217.9739381617542,33.39097581852153,16.4032077708508,1277.6360833737333,81.95447570789969,14.995727193315991,0.0038747787475585938,-59.66214521197912,-48.56349988937816,1.4074805775348072,76.92844137769148,76.94131591269448
1748026241.6539197,1218.901053014484,33.32625148953313,16.38475780074978,1277.6360833737333,81.95447570789969,14.995727193315991,0.003706216812133789,-58.73503035924932,-48.62822421836656,1.3890306074337904,76.2529211370533,76.26557144585006
1748026241.7890992,1219.8821808834714,33.26413674386135,16.355071426184907,1280.0284321610714,83.22685746036731,15.14323446769177,0.0010530948638916016,-60.14625127759996,-49.96272071650596,1.2118369584931372,78.19108008042713,78.20047028603945
1748026241.906783,1220.7461314719728,33.190099513368274,16.333678020673155,1280.0284321610714,83.22685746036731,15.14323446769177,0.002091646194458008,-59.28230068909852,-50.03675794699904,1.1904435529813853,77.57620976072022,77.5853431821507
1748026242.041398,1221.5656326598164,33.115349150452836,16.313950432923004,1281.8227880316622,83.65118711904044,15.190568137118412,0.0009200572967529297,-60.25715537184578,-50.53583796858761,1.1233822958045927,78.64347202847866,78.65149509371473
1748026242.1539094,1222.448438125491,33.04094307430979,16.300743660005438,1281.8227880316622,83.65118711904044,15.190568137118412,0.0007307529449462891,-59.37434990617112,-50.610244044730656,1.110175522887026,78.01737132874727,78.02526974473882
1748026242.30492,1223.3050382249844,32.965961337877935,16.291978189620178,1281.8227880316622,83.65118711904044,15.190568137118412,0.0019221305847167969,-58.517749806677784,-50.68522578116251,1.101410052501766,77.41653024338122,77.42436476347811
1748026242.4759398,1224.1875798846772,32.892320746668055,16.285738157200182,1284.2151159644409,84.92356924284745,15.24086739040946,0.0016770362854003906,-60.02753607976365,-52.031248496179394,1.0448707667907229,79.43900747037627,79.44587882828027
1748026242.6246085,1225.0162239264769,32.80957535184741,16.289494427084414,1284.2151159644409,84.92356924284745,15.24086739040946,0.002646923065185547,-59.198892037964015,-52.11399389100004,1.0486270366749544,78.86936780394343,78.87633863495284
1748026242.7943294,1225.865677342283,32.717507874203115,16.292106344768133,1286.6074500820453,86.19595277324629,15.32647433063619,0.0025784969329833984,-60.741772739762155,-53.478444899043176,0.965632014131943,80.92902461038877,80.93478528775886
1748026242.9390428,1226.719341455491,32.62227477046276,16.30514322331056,1286.6074500820453,86.19595277324629,15.32647433063619,0.0010457038879394531,-59.888108626554185,-53.57367800278353,0.978668892674369,80.35374620770263,80.35970583827056
1748026243.0968082,1227.6166668518067,32.5146488293394,16.323611856344623,1287.8036629713304,86.62016250281775,15.38392105620219,0.00106048583984375,-60.186996119523656,-54.10551367347835,0.9396908001424329,80.93133578387612,80.93679095789739
1748026243.3173316,1228.4329803430396,32.39177462475636,16.344235618698324,1287.8036629713304,86.62016250281775,15.38392105620219,0.002193450927734375,-59.37068262829075,-54.22838787806139,0.9603145624961336,80.40892989962434,80.41466415811013
1748026243.4444587,1229.3021768540334,32.27397022137979,16.3717819729304,1290.1959980871288,87.89254760278523,15.480726264920358,0.001911163330078125,-60.89382123309542,-55.61857738140544,0.8910557080100414,82.47110775477414,82.47592130176143
1748026243.5642471,1230.1591239364172,32.148040850151354,16.403251375999673,1290.1959980871288,87.89254760278523,15.480726264920358,0.004260063171386719,-60.03687415071158,-55.744506752633875,0.9225251110793149,81.92604159168698,81.93123545671331
1748026243.7327166,1231.0946200344042,32.02503516799681,16.433572996185994,1293.18654694792,88.74108979480899,15.499610623655826,0.017248153686523438,-62.09192691351586,-56.71605462681217,0.9339623725301678,84.09588717805966,84.1010732748295
1748026243.8867855,1231.8544973742394,31.89412266849741,16.460393124237484,1293.18654694792,88.74108979480899,15.499610623655826,0.0047206878662109375,-61.332049573680706,-56.846967126311576,0.9607825005816579,83.6253429073291,83.63086200310147
1748026244.0738394,1232.7347989858483,31.769617928033917,16.474288140915313,1294.3827461408434,89.16529991716158,15.493556497003398,0.006669282913208008,-61.64794715499511,-57.39568198912766,0.9807316439119145,84.23024219021421,84.23595155264475
1748026244.187825,1233.5821177258385,31.647591121156275,16.48960938843504,1294.3827461408434,89.16529991716158,15.493556497003398,0.005575418472290039,-60.800628415004894,-57.5177087960053,0.9960528914316402,83.69589739528196,83.70182412686175
1748026244.3408804,1234.5099426186034,31.535252895273466,16.50480993858526,1296.7751441217836,90.0137208460093,15.481859478570238,0.0001544952392578125,-62.26520150318015,-58.47846795073584,1.0229504600150232,85.42064464809937,85.42676957336332
1748026244.487628,1235.2951013499671,31.43435511764651,16.524696235088054,1296.7751441217836,90.0137208460093,15.481859478570238,0.0008361339569091797,-61.48004277181644,-58.579365728362795,1.0428367565178167,84.91959578543496,84.92599870983213
1748026244.6651795,1236.121475045407,31.339932871853,16.554638973667462,1296.7751441217836,90.0137208460093,15.481859478570238,0.0033195018768310547,-60.65366907637667,-58.673787974156305,1.0727794950972243,84.3888675576516,84.39568604797263
1748026244.8258274,1237.024155915298,31.233097021139066,16.58042695267811,1299.167543445118,90.86214281981732,15.47996522042278,0.00025653839111328125,-62.143387529820075,-59.629045798678256,1.1004617322553294,86.12446642239513,86.13149675099362
1748026244.9712982,1237.910579752253,31.12352673864084,16.61765377889646,1299.167543445118,90.86214281981732,15.47996522042278,0.00186920166015625,-61.256963692865156,-59.73861608117648,1.1376885584736804,85.56353108750946,85.57109434510744
1748026245.1205308,1238.6747125060622,31.01651127673305,16.652298511205263,1300.363744940517,91.2863542920154,15.489214398612717,0.0057485103607177734,-61.68903243445493,-60.269843015282355,1.1630841125925464,86.24378644160987,86.25162876397742
1748026245.2561777,1239.5607891754598,30.891111634965206,16.68511276270131,1300.363744940517,91.2863542920154,15.489214398612717,0.0035080909729003906,-60.80295576505728,-60.3952426570502,1.1958983640885918,85.70055288836524,85.70889649428884
1748026245.4245112,1240.4415824875196,30.745762210460676,16.713858770059357,1302.7562407702987,91.71081314579703,15.536519066087914,0.0019249916076660156,-62.31465828277919,-60.96505093533636,1.1773397039714428,87.17714191488328,87.18509162251449
1748026245.5828886,1241.1575907657996,30.604699860784486,16.73064829975766,1302.7562407702987,91.71081314579703,15.536519066087914,0.001116037368774414,-61.59865000449918,-61.10611328501255,1.1941292336697469,86.76606919284504,86.77428598268199
1748026245.7201128,1242.0433787005118,30.4571189530135,16.743712309313846,1302.7562407702987,91.71081314579703,15.536519066087914,0.0012369155883789062,-60.71286206978698,-61.253694192783534,1.207193243225932,86.2442268964597,86.2526752541306
1748026245.903238,1242.8325174772642,30.29124641232577,16.752595941659663,1305.148740360272,92.13527319919277,15.603628717201143,0.008229732513427734,-62.31622288300787,-61.844026786867,1.14896722445852,87.79518941046506,87.8027073005287
1748026246.0852003,1243.6001565376582,30.133260951298134,16.752474060592622,1307.5412196012792,92.55973274221265,15.572631060414478,0.001443624496459961,-63.94106306362096,-62.42647179091451,1.1798430001781437,89.36175874482215,89.36954713700226
1748026246.2012353,1244.4219173019226,29.974308940011305,16.753498013620476,1307.5412196012792,92.55973274221265,15.572631060414478,0.007994890213012695,-63.119302299356605,-62.58542380220134,1.1808669532059977,88.88746590638476,88.89530944892361
1748026246.3854427,1245.2883720580146,29.8114827517145,16.759446489329747,1308.737499826911,92.55998002904914,15.541586256236496,0.0029289722442626953,-63.44912776889646,-62.74849727733464,1.2178602330932513,89.2365716799868,89.24488169494524
1748026246.5503142,1246.0346555821316,29.65277672530221,16.76771231268674,1308.737499826911,92.55998002904914,15.541586256236496,0.023319005966186523,-62.7028442447795,-62.90720330374693,1.2261260564502443,88.81983395550809,88.82829666829333
1748026246.6561835,1246.873772867939,29.476624463108244,16.785221714884596,1308.737499826911,92.55998002904914,15.541586256236496,0.0013604164123535156,-61.863726958972165,-63.0833555659409,1.2436354586481002,88.35513829264933,88.36389020333586
1748026246.8561392,1247.6464929886329,29.30081149392914,16.80410539275296,1311.1299761856333,92.98444075248224,15.498693002414871,0.0010762214660644531,-63.483483197000396,-63.683629258553104,1.3054123903380876,89.92083893272277,89.93031399852622
1748026247.0019414,1248.403517293302,29.104024578057114,16.823467487613236,1311.1299761856333,92.98444075248224,15.498693002414871,0.010742902755737305,-62.726458892331266,-63.88041617442513,1.3247744851983647,89.52829840776089,89.53809939475883
1748026247.1416116,1249.251802475561,28.878257955681512,16.83883592302733,1313.5225425695828,92.98493734491096,15.466600604612102,0.0012869834899902344,-64.2707400940219,-64.10667938922944,1.3722353184152265,90.77661799465085,90.78698917970502
1748026247.2803552,1249.952837035842,28.647224793846966,16.847675683113994,1313.5225425695828,92.98493734491096,15.466600604612102,0.00019097328186035156,-63.569705533740716,-64.33771255106399,1.3810750785018922,90.4458330601794,90.45637670348232
1748026247.4125614,1250.6743550492158,28.410285225072677,16.86001969146436,1315.3169701826414,92.98531058645584,15.456328478374912,0.00047659873962402344,-64.64261513342558,-64.57502536138315,1.4036912130894468,91.37068234237643,91.38146387935119
1748026247.563468,1251.5132983050557,28.149115916118355,16.8642257137953,1315.3169701826414,92.98531058645584,15.456328478374912,0.001516103744506836,-63.80367187758566,-64.83619467033748,1.4078972354203874,90.96505199466723,90.97594659588883
1748026247.7407346,1252.2430464022195,27.892152172956294,16.863759820005225,1317.709451472194,93.40977419233216,15.440631522611454,0.009354352951049805,-65.46640506997437,-65.51762201937586,1.4231282973937702,92.61970086250426,92.63063360471315
1748026247.8753078,1253.0722816759599,27.61838409924301,16.868782492315056,1317.709451472194,93.40977419233216,15.440631522611454,0.0021409988403320312,-64.63716979623405,-65.79139009308915,1.4281509697036014,92.23053035545344,92.24158685127053
1748026248.0471787,1253.7632845429057,27.367493320141115,16.863292196127848,1318.9057370370024,93.41002379632734,15.43658524143178,0.0003323554992675781,-65.14245249409669,-66.04253047618622,1.4267069546960673,92.76397441164123,92.77494511654645
1748026248.2300582,1254.4660452161006,27.115772592732903,16.85908078261279,1318.9057370370024,93.41002379632734,15.43658524143178,0.0015370845794677734,-64.43969182090177,-66.29425120359443,1.422495541181009,92.45215857197752,92.46310138743323
1748026248.4140682,1255.2474548287796,26.85598723112225,16.842638620928845,1318.9057370370024,93.41002379632734,15.43658524143178,0.006445169448852539,-63.65828220822277,-66.55403656520508,1.4060533794970649,92.09677886237057,92.1075114359865
1748026248.5884027,1256.0032410528738,26.58948397441859,16.823356851302172,1321.896460520949,93.4106494782813,15.472763722074014,0.003025054931640625,-65.89321946807513,-66.82116550386272,1.3505931292281588,93.84553548870893,93.85525362473454
1748026248.6973355,1256.679926589672,26.333353912242593,16.801407573532845,1321.896460520949,93.4106494782813,15.472763722074014,0.001760721206665039,-65.2165339312769,-67.07729556603871,1.328643851458832,93.55511679466339,93.56455083495632
1748026248.8103015,1257.4730513360637,26.042070042655304,16.773095588197442,1321.896460520949,93.4106494782813,15.472763722074014,0.0004863739013671875,-64.42340918488526,-67.368579435626,1.3003318661234289,93.21427544200196,93.2233447648145
1748026248.9615514,1258.115150380828,25.76724441802424,16.74736778558148,1324.2890402789587,93.41115110961113,15.506272455436807,0.00018739700317382812,-66.17388989813071,-67.64390669158689,1.2410953301446739,94.62918057739927,94.63731893058122
1748026249.1166527,1258.7933875042806,25.4509440228828,16.729039020599927,1324.2890402789587,93.41115110961113,15.506272455436807,0.002597332000732422,-65.49565277467809,-67.96020708672833,1.2227665651631199,94.38363353702906,94.39155384739186
1748026249.3048675,1259.4129776331388,25.14536931851888,16.72153940356423,1326.6816092627614,93.41165288486384,15.487770709206323,0.0013539791107177734,-67.26863162962263,-68.26628356634495,1.2337686943579058,95.84025392955971,95.84819486288546
1748026249.5321565,1260.1889067826428,24.778884425046364,16.71522652727524,1326.6816092627614,93.41165288486384,15.487770709206323,0.0014166831970214844,-66.49270248011862,-68.63276845981747,1.2274558180689183,95.56011924212156,95.56800216261612
1748026249.6518326,1260.7905806840859,24.444381257118188,16.716016026770074,1327.877887785457,93.4119036899851,15.449825349233697,0.005011320114135742,-67.08730710137115,-68.9675224328669,1.2661906775363772,96.21447876822741,96.22280999572587
1748026249.800918,1261.4568819447472,24.079047255314727,16.713521571123128,1327.877887785457,93.4119036899851,15.449825349233697,0.01568889617919922,-66.42100584070977,-69.33285643467036,1.2636962218894308,96.01455617916595,96.0228718921874
1748026250.0115335,1262.1306138268897,23.705087853270165,16.71239374828609,1330.27044208013,93.41240579175408,15.360925838630674,0.00044536590576171875,-68.13982825324024,-69.70731793848392,1.3514679096554154,97.47895346462208,97.4883215265746
1748026250.123204,1262.7859328565653,23.326910737726713,16.712905936142,1330.27044208013,93.41240579175408,15.360925838630674,0.061350107192993164,-67.4845092235646,-70.08549505402738,1.3519800975113263,97.29406766146367,97.3034606388567
1748026250.3907263,1263.4292189355874,22.957294896320015,16.711588809272783,1332.6630892160483,92.98894386627018,15.288633179756845,0.0015566349029541016,-69.2338702804609,-70.03164896995017,1.422955629515938,98.47720879199414,98.48748882058868
1748026250.534896,1264.0338366527312,22.599554254719102,16.715751599890773,1332.6630892160483,92.98894386627018,15.288633179756845,0.0029807090759277344,-68.6292525633171,-70.38938961155108,1.4271184201339278,98.30890334698228,98.31926130861332
1748026250.665002,1264.714677570592,22.22336482864251,16.715367654765146,1332.6630892160483,92.98894386627018,15.288633179756845,0.0059587955474853516,-67.94841164545642,-70.76557903762767,1.4267344750083009,98.10582970278129,98.11620351875271
1748026250.8122134,1265.410788208254,21.821218846526456,16.71339483900389,1334.457496217239,92.98932110893044,15.180058560304484,0.003082275390625,-69.04670800898498,-71.16810226240398,1.5333362786994051,99.15819011312188,99.1700448051406
1748026250.928084,1265.9948675776413,21.44610234804626,16.714996585227045,1334.457496217239,92.98932110893044,15.180058560304484,0.0007243156433105469,-68.4626286395976,-71.54321876088417,1.5349380249225604,99.02304616053365,99.0349418420162
1748026251.089436,1266.5710493886347,21.06465151997302,16.720271083821356,1335.65376938613,92.98957301835108,15.116614307800956,0.0016498565673828125,-69.08271999749536,-71.92492149837807,1.603656776020399,99.72771197014495,99.74060481998025
1748026251.2036755,1267.2190937064534,20.65110053006837,16.726294709192533,1335.65376938613,92.98957301835108,15.116614307800956,0.0069789886474609375,-68.43467567967673,-72.33847248828272,1.6096804013915769,99.57991482884776,99.5929239871749
1748026251.3745944,1267.797846171273,20.267053004946582,16.73430164428222,1338.046331190149,92.9900785990124,15.063913361745492,0.009605646133422852,-70.24848501887595,-72.72302559406583,1.6703882825367273,101.11126593511918,101.1250626502492
1748026251.551059,1268.403349326979,19.8727827849848,16.742153330995965,1338.046331190149,92.9900785990124,15.063913361745492,0.0013148784637451172,-69.64298186317001,-73.11729581402761,1.6782399692504733,100.97665012244092,100.99059540048388
1748026251.6573975,1269.0464672947778,19.472490290643755,16.739605373400448,1338.046331190149,92.9900785990124,15.063913361745492,0.0043697357177734375,-68.99986389537116,-73.51758830836866,1.6756920116549558,100.82567633424796,100.83960011809077
1748026251.8699028,1269.6845307299227,19.07542238553527,16.741947879361202,1339.8408583285027,92.56649432262346,15.100141662753094,0.003668069839477539,-70.15632759857999,-73.49107193708818,1.6418062166081082,101.60141709927842,101.61468144040231
1748026252.091505,1270.2774109208033,18.71269583799336,16.74487684524256,1342.2334340333232,92.56700244733828,15.113036680438295,0.004498481750488281,-71.95602311251992,-73.85430660934492,1.631840164804263,103.1122100767733,103.12512191139507
1748026252.232131,1270.8985843780401,18.32738085850466,16.74424598884813,1342.2334340333232,92.56700244733828,15.113036680438295,0.003907203674316406,-71.33484965528305,-74.23962158883361,1.6312093084098365,102.95718619404401,102.9701074720372
1748026252.4255598,1271.5360722456496,17.928822234429028,16.73996667236407,1342.8316727443162,92.14316477492892,15.138422186786515,0.0015113353729248047,-71.29560049866654,-74.2143425404999,1.6015444855775538,102.91176458104347,102.9242256901814
1748026252.6683545,1272.1856162132722,17.512658501808836,16.74078318650681,1342.8316727443162,92.14316477492892,15.138422186786515,0.0040569305419921875,-70.646056531044,-74.63050627312009,1.602360999720295,102.76467179906567,102.7771634690465
1748026252.7980556,1272.743823251465,17.150925175516967,16.73640648669761,1342.8316727443162,92.14316477492892,15.138422186786515,0.002611398696899414,-70.08784949285109,-74.99223959941196,1.5979842999110954,102.64571421480859,102.65815213849761
1748026252.995571,1273.3928347554402,16.741162002872905,16.722067720496124,1345.8224907557772,91.71983685477387,15.191693041973606,0.00999140739440918,-72.42965600033699,-74.97867485190096,1.5303746785225183,104.24901318897095,104.26024552786599
1748026253.1136642,1273.9306240395113,16.375563928407367,16.708962543177538,1345.8224907557772,91.71983685477387,15.191693041973606,0.0014336109161376953,-71.8918667162659,-75.3442729263665,1.5172695012039323,104.14028981499976,104.15134213965477
1748026253.316915,1274.5758327540632,15.954042984812766,16.69356560018521,1348.2151542786298,91.2963818672831,15.190195226384658,0.0015535354614257812,-73.63932152456664,-75.34233888247033,1.5033703738005517,105.35282484527647,105.3635507438902
1748026253.4565806,1275.1414807627334,15.56705956181839,16.685464412842123,1348.2151542786298,91.2963818672831,15.190195226384658,0.0013804435729980469,-73.07367351589642,-75.7293223054647,1.495269186457465,105.23636262220761,105.24698498243427
1748026253.5575662,1275.7895200731307,15.12586159209804,16.677013345776732,1348.2151542786298,91.2963818672831,15.190195226384658,0.003916025161743164,-72.42563420549914,-76.17052027518505,1.4868181193920744,105.10671077082159,105.11722635791574
1748026253.7702534,1276.3302591080121,14.744220533135383,16.676256505522154,1350.0095799372805,91.29676480960812,15.169018581907782,0.0003647804260253906,-73.67932082926836,-76.55254427647273,1.5072379236143725,106.24939695388194,106.26008714104256
1748026253.9323146,1276.9798866993674,14.3068308626952,16.67806424708707,1350.0095799372805,91.29676480960812,15.169018581907782,0.001764535903930664,-73.02969323791308,-76.98993394691291,1.5090456651792898,106.11685079936032,106.1275800270283
1748026254.0868964,1277.543274326994,13.914399029732756,16.67572079230035,1351.205958741932,90.87305551567584,15.175470343594291,0.0008740425109863281,-73.66268441493798,-76.9586564859431,1.5002504487060584,106.53086821825934,106.54143154071556
1748026254.26867,1278.12650842028,13.509633813849895,16.67698108480943,1351.205958741932,90.87305551567584,15.175470343594291,0.0012230873107910156,-73.07945032165185,-77.36342170182596,1.5015107412151387,106.42229595685923,106.43288782719053
1748026254.4281993,1278.661337734916,13.122119822527146,16.678053076376763,1353.0003925970827,90.87343985431376,15.19249323581291,0.0017418861389160156,-74.33905486216668,-77.7513200317866,1.4855598405638535,107.57119895439266,107.58145626698601
1748026254.5769768,1279.1718958903975,12.737676373101102,16.675457444366387,1353.0003925970827,90.87343985431376,15.19249323581291,0.00635528564453125,-73.8284967066852,-78.13576348121265,1.4829642085534775,107.49811375443308,107.50834220470932
1748026254.7158384,1279.798598021313,12.28843526879971,16.66613624542611,1353.5986249519929,90.44960270245646,15.183469050400747,0.002172708511352539,-73.8000269306799,-78.16116743365674,1.4826671950253623,107.49703284073101,107.50725729722811
1748026254.885483,1280.3018184411642,11.891137938772069,16.656704436744846,1353.5986249519929,90.44960270245646,15.183469050400747,0.0018596649169921875,-73.29680651082867,-78.55846476368438,1.4732353863440988,107.44232979004549,107.4524297222565
1748026255.053974,1280.9114433040231,11.439217095674742,16.646523411257814,1355.9911941120972,90.45011553674992,15.161462067167452,0.0013279914855957031,-75.0797508080741,-79.01089844107517,1.4850613440903615,108.99399549456108,109.0041121291491
1748026255.1867564,1281.3783050162594,11.056444863333958,16.644112002971593,1355.9911941120972,90.45011553674992,15.161462067167452,0.0018448829650878906,-74.61288909583777,-79.39367067341595,1.4826499358041403,108.95154043071909,108.961628168171
1748026255.3227758,1281.8729832108397,10.656362562237753,16.644140218550593,1357.785717696646,90.02653596538333,15.17128745573992,0.002417325973510742,-75.91273448580637,-79.37017340314557,1.472852762810673,109.82881080644519,109.8386861648429
1748026255.5215478,1282.3607381578397,10.264082190989122,16.638531650822355,1357.785717696646,90.02653596538333,15.17128745573992,0.0029532909393310547,-75.42497953880638,-79.7624537743942,1.4672441950824346,109.77694006730982,109.78674499259797
1748026255.7456734,1282.8459990904373,9.862181307470628,16.634870258277694,1358.38386707754,90.0266649551833,15.198961823209183,0.002424478530883789,-75.53786798710257,-80.16448364771267,1.4359084350685105,110.14678360506642,110.15614268653032
1748026255.9417024,1283.4158416472458,9.418602998850169,16.612672166188414,1360.178396684119,89.60308643890852,15.235687756033215,0.0037474632263183594,-76.76255503687321,-80.18448344005836,1.376984410155199,111.00469017270387,111.01323041153154
1748026256.082548,1283.910624765173,9.016860358165935,16.58348728170606,1360.178396684119,89.60308643890852,15.235687756033215,0.0017600059509277344,-76.26777191894598,-80.58622608074259,1.3477995256728441,110.95455316217051,110.96273893059023
1748026256.261514,1284.4148388308788,8.620797859919186,16.549938818128787,1361.3746835870916,89.60334413256918,15.234830239620388,0.002550363540649414,-76.95984475621276,-80.98254627264998,1.315108578508399,111.71835348635543,111.72609371259487
1748026256.446811,1284.9961932963515,8.177854550665053,16.50967448603863,1361.3746835870916,89.60334413256918,15.234830239620388,0.012483835220336914,-76.37849029074005,-81.42548958190412,1.2748442464182421,111.64131911055803,111.64859766516584
1748026256.659994,1285.4294547164263,7.826243238841251,16.48388737121357,1363.1692003785038,89.17976559665064,15.209856389607028,0.00057220458984375,-77.73974566207744,-81.3535223578094,1.2740309816065416,112.52494681459343,112.53215900607779
1748026256.8223948,1285.9196841630414,7.442162997264269,16.465729153808276,1363.1692003785038,89.17976559665064,15.209856389607028,0.0025491714477539062,-77.24951621546234,-81.73760259938638,1.2558727642012482,112.46565446489961,112.47266623770443
1748026256.939894,1286.4566670707363,7.027111264258231,16.450914285731624,1364.9637265387817,88.75618817096607,15.227675282778875,0.006098270416259766,-78.50705946804533,-81.72907690670783,1.2232390029527487,113.32696236263358,113.33356392525612
1748026257.0685678,1286.9441782683887,6.63916632464268,16.440424439064543,1364.9637265387817,88.75618817096607,15.227675282778875,0.0016956329345703125,-78.01954827039299,-82.11702184632338,1.2127491562856676,113.27071637994408,113.2772084302125
1748026257.2207358,1287.4074716019527,6.262536798010196,16.42471232775341,1364.9637265387817,88.75618817096607,15.227675282778875,0.0001239776611328125,-77.55625493682896,-82.49365137295587,1.197037044974536,113.22621249811897,113.23253990949878
1748026257.384718,1287.900377514512,5.86089944822357,16.40638119490291,1366.7581712727847,88.7565770784079,15.292492465847438,0.005910158157348633,-78.85779375827269,-82.89567763018434,1.1138887290554713,114.4126085979588,114.41803072195584
1748026257.5481708,1288.3552184971886,5.474733245902492,16.391612515437394,1366.7581712727847,88.7565770784079,15.292492465847438,7.390975952148438e-05,-78.40295277559608,-83.28184383250542,1.0991200495899562,114.3804551314348,114.38573591561834
1748026257.75668,1288.8584431923036,5.061972410198628,16.375118845262026,1367.356416812716,88.33274200944471,15.33987096465374,0.003918886184692383,-78.49797362041227,-83.27076959924608,1.0352478806082868,114.43755035896943,114.44223289649659
1748026257.876465,1289.3064328141286,4.6802146436625165,16.361671916245278,1367.356416812716,88.33274200944471,15.33987096465374,0.0017538070678710938,-78.04998399858732,-83.65252736578219,1.0218009515915387,114.40955089878938,114.41411370127092
1748026258.0025594,1289.7653670121704,4.285080521566194,16.351103403004238,1369.1508732293685,88.33313233694366,15.458383154784633,0.0033066272735595703,-79.3855062171981,-84.04805181537748,0.8927202482196055,115.61199596634069,115.6154425704575
1748026258.1880713,1290.2412532435173,3.8695465271210097,16.34179344054584,1369.1508732293685,88.33313233694366,15.458383154784633,0.0059833526611328125,-78.90961998585112,-84.46358580982266,0.8834102857612063,115.58903691165833,115.59241267443855
1748026258.308149,1290.6690869962672,3.4800842531728975,16.337103086895944,1369.1508732293685,88.33313233694366,15.458383154784633,0.0006356239318847656,-78.48178623310127,-84.85304808377077,0.878719932111311,115.58300281375682,115.58634300021784
1748026258.4565,1291.1410233814122,3.067561495469768,16.333486531480514,1370.945412179106,87.90955736858449,15.532406058124671,0.0012161731719970703,-79.80438879769372,-84.84199587311471,0.8010804733558423,116.47705668974932,116.4798114053756
1748026258.6102588,1291.5709902283638,2.6772126920302313,16.338861652300412,1370.945412179106,87.90955736858449,15.532406058124671,0.003052234649658203,-79.37442195074209,-85.23234467655425,0.8064555941757412,116.46824219106851,116.47103420895158
1748026258.8605042,1292.0321262395867,2.2600985444295603,16.340081027561155,1371.5436497402725,87.48572213738883,15.540683462071218,0.006009817123413086,-79.51152350068583,-85.22562359295927,0.7993975654899366,116.55680712085798,116.55954839770357
1748026258.9775472,1292.4875996890582,1.8305868817507829,16.342754275452616,1373.3381786740915,87.06214716712341,15.566007213325936,0.004372835159301758,-80.85057898503328,-85.23156028537264,0.776747062126681,117.47865759743009,117.48122542301276
1748026259.0775635,1292.88095863204,1.432512688993036,16.345351208009415,1373.3381786740915,87.06214716712341,15.566007213325936,0.0036182403564453125,-80.45722004205163,-85.62963447813038,0.7793439946834795,117.49807895345918,117.50066355053225
1748026259.2564435,1293.2910083808638,1.0106029776584151,16.346268587983218,1373.3381786740915,87.06214716712341,15.566007213325936,0.0016503334045410156,-80.04717029322774,-86.051544189465,0.7802613746572824,117.5262427262288,117.52883279075492
1748026259.349291,1293.6733448590294,0.6169341780522828,16.34409164432797,1375.1326166444976,87.06253796497782,15.596321922798753,0.0012772083282470703,-81.45927178546822,-86.44560378692555,0.7477697215292185,118.77901908125396,118.78137283876345
1748026259.547017,1294.1558119893223,0.15447487398106574,16.335290712690778,1375.1326166444976,87.06253796497782,15.596321922798753,0.005811214447021484,-80.97680465517533,-86.90806309099676,0.7389687898920254,118.78659150927388,118.78889004138195
1748026259.8024254,1294.60892046431,-0.2866132425272596,16.327384768511727,1376.927141054916,86.63896369933883,15.59884037978038,0.0060536861419677734,-82.31822059060619,-86.9255769418661,0.728544388731347,119.7177738177585,119.71999058138259
1748026259.9692469,1295.0161081328492,-0.6955647444932183,16.322359335015037,1376.927141054916,86.63896369933883,15.59884037978038,0.0036361217498779297,-81.91103292206685,-87.33452844383206,0.7235189552346561,119.7361147393151,119.73830069173779
1748026260.0694184,1295.4359338898116,-1.0916648185181757,16.322516717424993,1376.927141054916,86.63896369933883,15.59884037978038,0.001958608627319336,-81.49120716510447,-87.73062851785701,0.723676337644612,119.73921673939662,119.74140358625277
1748026260.2251384,1295.8929910048491,-1.5110801357109764,16.326126618104087,1376.927141054916,86.63896369933883,15.59884037978038,0.0017011165618896484,-81.03415005006696,-88.15004383504981,0.7272862383237069,119.73706068906975,119.73926944712176
1748026260.4315674,1296.3369653463983,-1.9102828715350242,16.33226968426346,1379.319791939998,86.21551941536343,15.519526013124295,0.0020797252655029297,-82.98282659359961,-88.12580228689845,0.8127436711391631,121.04671221546225,121.04944068622504
1748026260.634439,1296.7946274016515,-2.3069070380905075,16.33787677813554,1379.319791939998,86.21551941536343,15.519526013124295,0.007244110107421875,-82.52516453834642,-88.52242645345393,0.818350765011246,121.02323234523324,121.02599912937264
1748026260.782473,1297.2028166896816,-2.6572316060382875,16.344452743336245,1380.5161438013783,85.79181377782898,15.387277188343177,0.005051851272583008,-83.31332711169671,-88.44904538386726,0.9571755549930678,121.50861740526055,121.51238738820443
1748026260.9403446,1297.6559470892662,-3.052223380098944,16.350475963317685,1380.5161438013783,85.79181377782898,15.387277188343177,0.004823446273803711,-82.86019671211216,-88.84403715792791,0.9631987749745079,121.48693402045011,121.49075228003697
1748026261.1201344,1298.0772213716386,-3.4136079205546466,16.35664244624085,1381.7124157735657,85.7920743469582,15.313913728854278,0.0035474300384521484,-83.63519440192704,-89.20568226751286,1.0427287173865736,122.28041335986964,122.28485913897373
1748026261.3384082,1298.5034425718045,-3.786616255628296,16.363220805773018,1381.7124157735657,85.7920743469582,15.313913728854278,0.002202272415161133,-83.20897320176118,-89.5786906025865,1.0493070769187405,122.2623205708338,122.26682328705118
1748026261.5315645,1298.9348503227866,-4.185043468737085,16.368211619950852,1382.908775947266,85.36836969059833,15.21936126365769,0.004138946533203125,-83.9739256244793,-89.5534131593354,1.1488503562931616,122.76576881717563,122.77114420910708
1748026261.685534,1299.3609184242223,-4.57016541170028,16.377604195735326,1384.7032842669344,84.94479661315253,15.143477765536826,0.01539158821105957,-85.34236584271207,-89.51496202485282,1.2341264301985007,123.67800060617955,123.68415784565082
1748026261.7848897,1299.7328769270616,-4.918803116236255,16.388346682362133,1384.7032842669344,84.94479661315253,15.143477765536826,0.004009723663330078,-84.97040733987274,-89.8635997293888,1.2448689168253075,123.6747212644027,123.68098632549703
1748026262.0021226,1300.2466296675034,-5.365502764649754,16.40742924186765,1384.7032842669344,84.94479661315253,15.143477765536826,0.0005228519439697266,-84.45665459943098,-90.3102993778023,1.2639514763308242,123.64819723649781,123.65465722394116
1748026262.236131,1300.6338136430006,-5.732080346070624,16.432911829473618,1385.3014210823171,84.94492731995888,15.110450151856265,0.023670673370361328,-84.6676074393165,-90.67700766602951,1.322461677617353,124.06016068328856,124.06720909914974
1748026262.3337767,1301.034769441711,-6.10381535961664,16.45977828558547,1385.3014210823171,84.94492731995888,15.110450151856265,0.001344919204711914,-84.26665164060614,-91.04874267957553,1.3493281337292071,124.05942979979727,124.06676754338085
1748026262.489581,1301.4729710607046,-6.496658032109217,16.48270785513308,1387.0959347256833,84.52135524691631,15.058064489354416,0.004511833190917969,-85.62296366497867,-91.01801327902552,1.4246433657786621,124.96227690001142,124.97039752179226
1748026262.6307335,1301.954285525932,-6.916177553572815,16.501355723642757,1387.0959347256833,84.52135524691631,15.058064489354416,0.06972002983093262,-85.14164919975133,-91.43753280048912,1.4432912342883402,124.93967677681114,124.9480128800815
1748026262.778746,1302.3346452185642,-7.2623493798664,16.516067896198106,1387.0959347256833,84.52135524691631,15.058064489354416,4.124641418457031e-05,-84.76128950711905,-91.78370462678271,1.4580034068436891,124.93488157406699,124.94338881213568
1748026262.9433916,1302.7681646904555,-7.636166725012082,16.528006215047533,1388.890458777262,84.0977843106545,15.052583808426633,0.0025992393493652344,-86.1222940868065,-91.73395103566659,1.4754224066209005,125.82594053448781,125.8345905650208
1748026263.1536517,1303.199874448902,-8.009351915560607,16.537690223079952,1390.6849985422043,83.67421481836084,15.118200924069086,0.0008046627044677734,-87.48512409330237,-91.68356673392145,1.4194892990108663,126.72617467072043,126.73412443593853
1748026263.2784653,1303.5845281370575,-8.353472711187997,16.547265351893483,1390.6849985422043,83.67421481836084,15.118200924069086,0.0037271976470947266,-87.10047040514678,-92.02768752954884,1.4290644278243967,126.71064366040498,126.7187020213394
1748026263.452093,1304.008174494832,-8.713360512584494,16.552091007013107,1390.6849985422043,83.67421481836084,15.118200924069086,0.012877702713012695,-86.67682404737229,-92.38757533094534,1.4338900829440213,126.68202675387789,126.690141460337
1748026263.6327238,1304.4148212443756,-9.071545217235375,16.55704963152459,1391.881407325184,83.2505147734962,15.242945949398065,0.002048969268798828,-87.46658608080838,-92.32205999073159,1.3141036821265235,127.17612370867302,127.18291280691398
1748026263.7968583,1304.8325743144142,-9.435388391654577,16.557872422305216,1393.0777109538485,83.25077940305255,15.313280003902696,0.0027570724487304688,-88.24513663943435,-92.68616779470713,1.2445924184025206,127.97628624468301,127.98233804423558
1748026263.973968,1305.2529321739903,-9.796887067809045,16.549279435851805,1393.0777109538485,83.25077940305255,15.313280003902696,0.0024819374084472656,-87.8247787798582,-93.0476664708616,1.235999431949109,127.9494431539416,127.95541292965888
1748026264.16128,1305.6044969106547,-10.125061164161899,16.544400034159406,1394.8722609197555,82.82721164555512,15.422696238300087,0.0021703243255615234,-89.2677640091008,-92.95227280971702,1.1217037958593181,128.8753611505185,128.88024259397642
1748026264.3916106,1306.0054061530386,-10.469474966210718,16.546210404048512,1394.8722609197555,82.82721164555512,15.422696238300087,0.0003399848937988281,-88.86685476671687,-93.29668661176584,1.1235141657484249,128.84715599834865,128.8520542829777
1748026264.626068,1306.4285878234987,-10.827543365100972,16.55403998304641,1396.6667961256778,82.40364349074574,15.463210880455224,0.002302885055541992,-90.23820830217915,-93.23118685584672,1.0908291025911847,129.74971460522477,129.75429992207708
1748026264.778043,1306.8398021029427,-11.176706125776825,16.56766934662394,1396.6667961256778,82.40364349074574,15.463210880455224,0.00015926361083984375,-89.82699402273511,-93.58034961652257,1.1044584661687171,129.715730308668,129.7204321532062
1748026264.8543856,1307.2578614313984,-11.530817766030587,16.586035979765846,1398.4613376571133,81.98007619682306,15.531419691657984,0.0024514198303222656,-91.2034762257149,-93.51089396285366,1.0546162881078622,130.62297411017178,130.62723139109144
1748026265.1598406,1307.6399719176725,-11.86634091116371,16.605675982382817,1399.6577203712368,81.55637598081513,15.532269413367237,0.008157014846801758,-92.01774845356431,-93.42271689197884,1.0734065690155798,131.12997392641495,131.13436721014318
1748026265.3372262,1307.9928450567452,-12.195667524090588,16.629464291052358,1399.6577203712368,81.55637598081513,15.532269413367237,0.0032930374145507812,-91.66487531449161,-93.75204350490571,1.097194877685121,131.11786692806982,131.12245751345054
1748026265.4640715,1308.3597764673175,-12.544529410750947,16.653416021630644,1399.6577203712368,81.55637598081513,15.532269413367237,0.003229856491088867,-91.2979439039193,-94.10090539156607,1.1211466082634072,131.11176513416203,131.11655855121003
1748026265.5893154,1308.7537937383995,-12.924928522663087,16.668647843897322,1401.4522499579168,81.13280880126234,15.543775669822692,0.00412750244140625,-92.69845621951731,-94.05773732392544,1.1248721740746301,132.06006866565806,132.06485934337843
1748026265.730444,1309.0841570249297,-13.264822538289614,16.67415529298269,1401.4522499579168,81.13280880126234,15.543775669822692,0.002652883529663086,-92.36809293298711,-94.39763133955196,1.1303796231599978,132.07110734219998,132.07594464052627
1748026265.8667796,1309.4904463705093,-13.660164505585662,16.67053562689379,1402.6485424938917,81.13307454406868,15.5610149769124,0.002560138702392578,-93.15809612338239,-94.79323904965435,1.1095206499813912,132.90669299496645,132.91132411849264
1748026266.0397892,1309.8708496668785,-14.041303354334097,16.66852812263249,1402.6485424938917,81.13307454406868,15.5610149769124,0.00563359260559082,-92.7776928270132,-95.17437789840278,1.107513145720091,132.91298843473348,132.91760259656934
1748026266.2165437,1310.217866760729,-14.367305821643463,16.663275287696816,1405.0412233600655,80.70964160403526,15.602196894675226,0.003910541534423828,-94.82335659933642,-95.07694742567872,1.0610783930215906,134.27991245361383,134.28410470307472
1748026266.3408585,1310.5810028796968,-14.701319263039885,16.646193127131482,1405.0412233600655,80.70964160403526,15.602196894675226,0.002727985382080078,-94.46022048036866,-95.41096086707515,1.0439962324562568,134.26088301057166,134.26494194283103
1748026266.4929736,1310.9393506188708,-15.021325485875359,16.62594052346095,1405.0412233600655,80.70964160403526,15.602196894675226,0.005694389343261719,-94.10187274119471,-95.73096708991062,1.0237436287857253,134.23703108073255,134.2409347568283
1748026266.7368062,1311.3388191397648,-15.366095912684294,16.59995273768799,1407.43388768075,80.28620859809843,15.566671957130632,0.0065500736236572266,-96.09506854098527,-95.65230451078273,1.033280780557357,135.5862292274557,135.59016640336287
1748026266.9489267,1311.7051023394415,-15.682402503925651,16.57599707021824,1409.8265421241688,79.8627759254983,15.485049294678005,0.0032308101654052734,-98.12143978472727,-95.54517842942394,1.0909477755402346,136.95509507330613,136.95944010394928
1748026267.1715567,1312.1115037958273,-16.03628444317311,16.55042075884942,1409.8265421241688,79.8627759254983,15.485049294678005,0.005307674407958984,-97.7150383283415,-95.8990603686714,1.065371464171415,136.91186396767569,136.9160089670306
1748026267.3536713,1312.4664433345597,-16.354846988671703,16.524455693667488,1409.8265421241688,79.8627759254983,15.485049294678005,0.00020051002502441406,-97.36009878960908,-96.21762291417,1.0394063989894828,136.88250361377766,136.88644988178382
1748026267.5227363,1312.8311051449832,-16.688454213645507,16.49638600507258,1412.2191585893206,79.4393420130566,15.230429191155755,0.0025866031646728516,-99.3880534443374,-96.12779622670212,1.2659568139168247,138.26980283075852,138.2755980696216
1748026267.6710036,1313.1717109567353,-17.02279444149567,16.46505126528182,1412.2191585893206,79.4393420130566,15.230429191155755,0.006333589553833008,-99.04744763258532,-96.46213645455228,1.2346220741260634,138.2582390018996,138.26375137241254
1748026267.8604872,1313.5205127804534,-17.374257687694744,16.439337653866684,1414.6117507832928,79.01590767139164,14.86560156340267,0.003251791000366211,-101.09123800283942,-96.39016535908638,1.5737360904640134,139.6799999244657,139.6888650686989
1748026267.9496577,1313.8666329902776,-17.74171838972483,16.41897778150687,1414.6117507832928,79.01590767139164,14.86560156340267,0.0033447742462158203,-100.7451177930152,-96.75762606111647,1.5533762181042015,139.68398963414293,139.69262664072977
1748026268.1173291,1314.2100950536403,-18.102513537623103,16.397242266606913,1414.6117507832928,79.01590767139164,14.86560156340267,0.0024275779724121094,-100.40165572965248,-97.11842120901474,1.5316407032042427,139.68707961507127,139.6954764286624
1748026268.2385504,1314.5987858282365,-18.473463180792315,16.369229835212384,1416.4062240758412,78.59234156050118,14.616109497198178,0.0034186840057373047,-101.80743824760475,-97.0658047412935,1.753120338014206,140.66458307838107,140.67550733348833
1748026268.390931,1314.970423130454,-18.825487314298975,16.338351638166884,1416.4062240758412,78.59234156050118,14.616109497198178,0.0024378299713134766,-101.4358009453872,-97.41782887480016,1.7222421409687065,140.639450710361,140.6499954287386
1748026268.5723555,1315.3807365714251,-19.194359979245995,16.302433090212844,1418.798857708535,78.16891117970601,14.43728487902623,0.003908395767211914,-103.41812113710989,-97.36327115895202,1.8651482111866144,142.03842561187994,142.05067098803596
1748026268.8148804,1315.7287665754761,-19.510843318436592,16.2718594875733,1418.798857708535,78.16891117970601,14.43728487902623,0.004511833190917969,-103.0700911330589,-97.67975449814261,1.8345746085470687,142.00273985030879,142.0145900567572
1748026269.035395,1316.0799590148495,-19.825549873212132,16.243537263659,1420.593442971558,77.32138212209686,14.261496671162174,0.010481595993041992,-104.51348395670857,-97.14693199530899,1.9820405924968263,142.6905558362934,142.70432092190018
1748026269.1380324,1316.452293965508,-20.155295837001397,16.212534955845918,1420.593442971558,77.32138212209686,14.261496671162174,0.0007066726684570312,-104.14114900605,-97.47667795909825,1.9510382846837437,142.64319704157666,142.65653932656
1748026269.304008,1316.8635200742424,-20.523566755186515,16.178019326564065,1421.7897086694334,77.32164998534864,14.155731298759074,0.0015370845794677734,-104.92618859519098,-97.84521674053516,2.0222880278049917,143.4684337828914,143.48268585785289
1748026269.481279,1317.1945464141459,-20.847230359157344,16.150412387697624,1421.7897086694334,77.32164998534864,14.155731298759074,0.009161949157714844,-104.5951622552875,-98.168880344506,1.9946810889385507,143.44781990432568,143.46168752649754
1748026269.6255493,1317.6110651348304,-21.244929969082783,16.111947879980722,1423.5841896213324,76.89808641752661,13.938440778363336,0.0003714561462402344,-105.973124486502,-98.14301638660939,2.1735071016173855,144.43806554677312,144.45441811178608
1748026269.771031,1317.907627347653,-21.573335087183857,16.08883760530744,1423.5841896213324,76.89808641752661,13.938440778363336,0.001409292221069336,-105.67656227367934,-98.47142150471046,2.150396826944103,144.4443029930263,144.4603089905823
1748026269.9404738,1318.2148947510118,-21.91175793344467,16.0637673968101,1425.3786061236076,76.89849013247374,13.860541304588065,0.007273435592651367,-107.1637113725958,-98.81024806591842,2.2032260922220352,145.76531191609803,145.78196172095778
1748026270.089415,1318.5687200515335,-22.293279275990436,16.035790861260473,1425.3786061236076,76.89849013247374,13.860541304588065,0.0045049190521240234,-106.80988607207405,-99.19176940846418,2.1752495566724086,145.76473812658318,145.78096786530529
1748026270.272198,1318.9209051440303,-22.67509272485878,16.00818615028647,1425.9767499762766,76.89862508957265,13.857104302678373,0.0024704933166503906,-107.0558448322463,-99.57371781443143,2.151081847608097,146.20492191487267,146.2207452629384
1748026270.45704,1319.2701991916288,-23.058291821820198,15.98198629293515,1425.9767499762766,76.89862508957265,13.857104302678373,0.0026798248291015625,-106.70655078464779,-99.95691691139285,2.124881990256778,146.2110571016697,146.2264967174562
1748026270.560588,1319.5752255335378,-23.404612485151652,15.956682190350538,1425.9767499762766,76.89862508957265,13.857104302678373,0.0020189285278320312,-106.40152444273872,-100.3032375747243,2.099577887672165,146.22593433351798,146.24100689962688
1748026270.849005,1319.8987753995,-23.769507805823842,15.930335573358747,1427.173123037522,76.4749295428909,13.803543323122742,0.005839824676513672,-107.27434763802194,-100.24443734871474,2.1267922502360044,146.82211305019274,146.83751607065287
1748026270.9701707,1320.2654202651265,-24.170623529904297,15.901140596454855,1428.369397598477,76.47519914424048,13.737571640006292,0.0003056526184082031,-108.10397733335049,-100.64582267414477,2.1635689564485627,147.7025779634362,147.71842325070443
1748026271.1640918,1320.587145015327,-24.535023508163043,15.873415706126035,1428.369397598477,76.47519914424048,13.737571640006292,0.0060193538665771484,-107.78225258315001,-101.01022265240351,2.135844066119743,147.7162112030568,147.73165159186726
1748026271.3217423,1320.9200722231167,-24.91484593642422,15.845894235338292,1429.5656869037036,76.47546976449924,13.737609252113105,0.0051763057708740234,-108.64561468058696,-101.39031570092345,2.1082849832251878,148.60641206642296,148.62136647476362
1748026271.6088214,1321.252277547515,-25.290115168253685,15.822117713060717,1429.5656869037036,76.47546976449924,13.737609252113105,0.00019860267639160156,-108.31340935618869,-101.76558493275292,2.084508460947612,148.6204189304641,148.63503657815815
1748026271.7954154,1321.6067958711583,-25.691134290271798,15.79755031875613,1430.163819075861,76.47560449082698,13.681872360033802,0.0023109912872314453,-108.55702320470277,-102.16673878109879,2.115677958722328,149.0726997147085,149.08771208069658
1748026271.9560747,1321.9713568136685,-26.102423741746257,15.773320312283706,1430.163819075861,76.47560449082698,13.681872360033802,0.001201629638671875,-108.19246226219252,-102.57802823257325,2.0914479522499043,149.09010955270824,149.10477833045968
1748026272.1188338,1322.3188125889617,-26.500089214880568,15.757038160067475,1430.7620378381189,76.05177371497697,13.58404147109574,0.001653909683227539,-108.4432252491572,-102.55186292985755,2.172996688971736,149.2542049418499,149.27002246745332
1748026272.293879,1322.6771063129772,-26.90525257176568,15.746686158369512,1430.7620378381189,76.05177371497697,13.58404147109574,0.001861572265625,-108.08493152514166,-102.95702628674266,2.1626446872737723,149.27324503943626,149.2889102266038
1748026272.4593306,1323.0203471548389,-27.299001231950278,15.749836889226689,1431.3601534035283,76.05190767124932,13.454108608367424,0.005526542663574219,-108.33980624868946,-103.35090890319961,2.295728280859265,149.72950273450132,149.74710133241504
1748026272.6898398,1323.387266057869,-27.717630820577362,15.760594998702704,1431.3601534035283,76.05190767124932,13.454108608367424,0.006901979446411133,-107.97288734565927,-103.7695384918267,2.30648639033528,149.75400335405104,149.7717643617579
1748026272.9096675,1323.8366933506222,-28.208524655766688,15.762956465211602,1431.958245815567,76.05204045177999,13.220980500098095,0.0063419342041015625,-108.12155246494467,-104.26056510754668,2.5419759651135063,150.20164960470564,150.2231579543646
1748026273.0974965,1324.1876937295494,-28.630111992727528,15.76942106056348,1431.958245815567,76.05204045177999,13.220980500098095,0.0006868839263916016,-107.77055208601746,-104.68215244450752,2.5484405604653855,150.24262024252678,150.264232226536
1748026273.2794957,1324.5673768583738,-29.079239600307623,15.777047862541693,1431.9581949600592,76.05203774242884,12.994074683312926,0.006715059280395508,-107.39081810168545,-105.13127734273647,2.782973179228767,150.2843081903918,150.31007360779574
1748026273.4027617,1325.0425825248676,-29.615845125457064,15.78694837791234,1431.9581949600592,76.05203774242884,12.994074683312926,0.0003414154052734375,-106.91561243519163,-105.66788286788591,2.7928736945994146,150.32182027960332,150.34776285547898
1748026273.5646286,1325.400857017762,-30.04845795194472,15.812011608839937,1431.9581949600592,76.05203774242884,12.994074683312926,0.0038886070251464844,-106.55733794229718,-106.10049569437356,2.817936925527011,150.37214321788696,150.39854462213708
1748026273.763423,1325.800144855337,-30.528561939541042,15.850038044159096,1431.9581591671156,76.05203583442642,12.834376200753248,0.0009098052978515625,-106.15801431177852,-106.58059777396747,3.015661843405848,150.4292120051023,150.45943652968324
1748026273.9160173,1326.2455474123917,-31.05664169048466,15.881950177516913,1431.9581591671156,76.05203583442642,12.834376200753248,0.003980875015258789,-105.71261175472387,-107.10867752491109,3.0475739767636654,150.49061460815548,150.52146953934587
1748026274.167985,1326.6610481104553,-31.55721092259943,15.922029276808537,1431.958140810925,76.0520348561876,12.752474652464798,0.0017905235290527344,-105.29709270046965,-107.60924577878703,3.169554624343739,150.556393116502,150.58975258883783
1748026274.3646033,1327.0955273122663,-32.07098643891572,15.95715289815508,1431.958140810925,76.0520348561876,12.752474652464798,0.00489354133605957,-104.86261349865867,-108.12302129510331,3.204678245690282,150.62123171635014,150.65531987423756
1748026274.50115,1327.5949510086364,-32.63300051781297,15.975171821111477,1431.9580835463037,76.05203180469971,12.496973865494928,0.0018701553344726562,-104.3631325376673,-108.68503232251268,3.478197955616549,150.6787963982336,150.71893558885955
1748026274.605458,1328.0533540778854,-33.16814923328683,16.006986148584247,1431.9580835463037,76.05203180469971,12.496973865494928,0.0020294189453125,-103.90472946841828,-109.22018103798655,3.510012283089319,150.74893283826506,150.78979056323138
1748026274.803647,1328.524233866809,-33.71549105801625,16.041689778439988,1431.9580835463037,76.05203180469971,12.496973865494928,0.0011186599731445312,-103.43384967949464,-109.76752286271596,3.54471591294506,150.8226452988316,150.86429446970098
1748026274.9435089,1329.0013646575642,-34.27049775047404,16.080006525605448,1431.9580585794142,76.05203047470786,12.385577078766792,0.00013875961303710938,-102.95669392185005,-110.32252822518191,3.6944294468386563,150.90109693873524,150.94631451695415
1748026275.246989,1329.4703556189986,-34.810100049831526,16.125307509785223,1431.9580064925606,76.05202769934003,12.153178098348777,0.0007188320159912109,-102.48765087356196,-110.86212774917155,3.9721294114364465,150.97724977841781,151.02949302277338
1748026275.4202929,1330.0243279849824,-35.426519461891836,16.16475721549123,1431.9580064925606,76.05202769934003,12.153178098348777,9.655952453613281e-05,-101.93367850757818,-111.47854716123186,4.0115791171424515,151.05608657470674,151.1093447086526
1748026275.5920196,1330.4828277091865,-35.96512592877854,16.212284476266653,1431.9580064925606,76.05202769934003,12.153178098348777,0.006951570510864258,-101.47517878337408,-112.01715362811856,4.059106377917876,151.14580581697678,151.20030079550273
1748026275.7926724,1331.0340853366085,-36.57114099696326,16.2503837525832,1431.9579116416437,76.05202264510282,11.729975594199132,0.025150060653686523,-100.92382630503516,-112.62316364206609,4.520408158384068,151.2269675183514,151.294513432295
1748026276.0409136,1331.5173117466027,-37.1118980800314,16.286992062537177,1431.9578838721034,76.05202116521457,11.606074229396532,0.0028536319732666016,-100.4405721255007,-113.16391924524598,4.680917833140645,151.3088931551694,151.38128067764217
1748026276.2009263,1331.9946223188929,-37.647460457817,16.312735507293304,1431.9578838721034,76.05202116521457,11.606074229396532,0.003929615020751953,-99.96326155321049,-113.69948162303157,4.706661277896773,151.39427261855604,151.46741709716488
1748026276.3653994,1332.5105573913052,-38.20542121299345,16.351615178368547,1431.9578838721034,76.05202116521457,11.606074229396532,0.0004992485046386719,-99.44732648079821,-114.25744237820803,4.745540948972016,151.47453212665158,151.5488503482833
1748026276.5698063,1333.0749113336246,-38.80229570210542,16.389953665453053,1431.3595312837767,76.47584451433244,11.106004855333657,0.007082700729370117,-98.28461995015209,-115.27814021643786,5.283948810119396,151.4889967308073,151.58112100632619
1748026276.7660785,1333.5880385961739,-39.34959293417645,16.44458317231665,1431.3595312837767,76.47584451433244,11.106004855333657,0.001988649368286133,-97.77149268760286,-115.8254374485089,5.338578316982995,151.5743934261339,151.66837890920766
1748026276.977335,1334.1094826238493,-39.908404620178565,16.50354281429596,1431.3595312837767,76.47584451433244,11.106004855333657,0.00022530555725097656,-97.25004865992742,-116.38424913451101,5.397537958962305,151.66695556699943,151.7629692216801
1748026277.088497,1334.6193019461823,-40.48438435475165,16.557875021645906,1431.3594481447744,76.47584005801905,10.734903485441432,0.003232240676879883,-96.74014619859213,-116.96022441277069,5.822971536204474,151.783892364146,151.89554627678228
1748026277.2348285,1335.1269148584065,-41.04398507438983,16.613218853926426,1431.3594481447744,76.47584005801905,10.734903485441432,0.0023419857025146484,-96.23253328636793,-117.51982513240887,5.878315368484994,151.89341579497076,152.00711941693797
1748026277.4693646,1335.6576396526798,-41.63358008820631,16.655652498001416,1430.76116377845,76.4756970423369,10.109739931867637,0.0016841888427734375,-95.10352412577026,-118.1092771305432,6.545912566133779,151.6393143134076,151.78053438028175
1748026277.740348,1336.1761644690919,-42.191587109773245,16.69082984275597,1430.76116377845,76.4756970423369,10.109739931867637,0.00011515617370605469,-94.58499930935818,-118.66728415211014,6.581089910888334,151.75060600336639,151.89324266340532
1748026277.8485498,1336.7157259038104,-42.769944886637084,16.723707268185038,1430.76116377845,76.4756970423369,10.109739931867637,0.00115203857421875,-94.04543787463967,-119.24564192897398,6.613967336317401,151.86858629777848,152.0125391801994
1748026278.078171,1337.1717864356524,-43.269548776020535,16.749151417871317,1430.761062333151,76.47569160156712,9.65673701459568,0.0037984848022460938,-93.58927589749851,-119.74524037758766,7.092414403275637,151.9798511517377,152.1452513165368
1748026278.2186618,1337.7092500440283,-43.82747096298322,16.775163947945014,1430.761062333151,76.47569160156712,9.65673701459568,6.937980651855469e-05,-93.05181228912261,-120.30316256455035,7.118426933349333,152.0904030283395,152.25689703697554
1748026278.450976,1338.19877903202,-44.319393835002096,16.798160179641734,1430.760872341481,76.89965132564566,9.23713812917986,0.0028972625732421875,-92.56209330946103,-121.21904516064777,7.561022050461874,152.51818916932018,152.70549132868834
1748026278.5742044,1338.6702301474015,-44.79037224095304,16.811211919819613,1430.760872341481,76.89965132564566,9.23713812917986,0.0031223297119140625,-92.09064219407946,-121.69002356659871,7.574073790639753,152.6078248824657,152.7956635809517
1748026278.7495697,1339.21261799385,-45.28810033318822,16.824222987892064,1430.760872341481,76.89965132564566,9.23713812917986,0.003750324249267578,-91.54825434763097,-122.18775165883389,7.587084858712204,152.6791718917135,152.86756813069508
1748026279.0188105,1339.7009896557033,-45.7345636592137,16.831664115134462,1430.7607145085426,76.89964281395433,8.532334679622286,0.008369207382202148,-91.05972485283928,-122.63420647316804,8.299329435512176,152.74495765025569,152.97026167414882
1748026279.2476585,1340.2106124836143,-46.19102984607684,16.836622817061944,1430.7607145085426,76.89964281395433,8.532334679622286,0.004769802093505859,-90.55010202492826,-123.09067266003117,8.304288137439658,152.80914459751375,153.03462312200296
1748026279.4175265,1340.6635190118827,-46.606943844090175,16.835852729395008,1430.7606028531488,76.89963679254201,8.033738501171028,0.0003325939178466797,-90.09708384126611,-123.50658063663218,8.80211422822398,152.87694390343188,153.13013156181825
1748026279.5334046,1341.0558948055464,-46.97950592611635,16.83227892166771,1430.7606028531488,76.89963679254201,8.033738501171028,0.0024213790893554688,-89.70470804760248,-123.87914271865836,8.798540420496684,152.94762713626952,153.20049268898072
1748026279.712824,1341.4617690141267,-47.34922083711054,16.825522782877155,1430.7604718707848,76.8996297290183,7.44883861378814,0.002557039260864258,-89.29870285665811,-124.24885056612885,9.376684169089014,153.00991862910698,153.2969582375749
1748026280.018517,1341.8636771998897,-47.71878578589615,16.812422708223355,1430.7604718707848,76.8996297290183,7.44883861378814,0.0029730796813964844,-88.89679467089513,-124.61841551491446,9.363584094435215,153.07641747900675,153.3625322407684
1748026280.1181617,1342.2636781921701,-48.0841305843017,16.790420778660224,1430.7604718707848,76.8996297290183,7.44883861378814,0.0024347305297851562,-88.49679367861472,-124.98376031332,9.341582164872083,153.1424919264824,153.42714228843533
1748026280.2160575,1342.6907291490259,-48.46076240813343,16.765176840271444,1430.7604718707848,76.8996297290183,7.44883861378814,0.0023193359375,-88.06974272175898,-125.36039213715173,9.316338226483303,153.20413669303213,153.4871384116842
1748026280.3505096,1343.0773906571085,-48.78638463614987,16.727578067209773,1430.760373720499,76.47565467155944,6.581740143631791,0.0010709762573242188,-87.68298306339057,-125.2620393077093,10.145837923577982,152.9015500589217,153.23779572152705
1748026280.4896617,1343.4861821869508,-49.10358966539766,16.685920852199647,1430.760373720499,76.47565467155944,6.581740143631791,0.0022683143615722656,-87.27419153354822,-125.57924433695709,10.104180708567856,152.92786245833565,153.26129838895085
1748026280.666871,1343.9023921476607,-49.40430855513713,16.64451814422158,1430.7601694403334,76.89961342007176,6.09833663365557,0.0032508373260498047,-86.85777729267261,-126.30392197520888,10.546181510566008,153.28716248447932,153.6495236796944
1748026280.8978622,1344.2315834841443,-49.63674628725098,16.609766494306815,1430.7601694403334,76.89961342007176,6.09833663365557,0.0013966560363769531,-86.52858595618909,-126.53635970732273,10.511429860651244,153.29268252450464,153.65264941833564
1748026281.0666845,1344.6407599349138,-49.922498076458105,16.57758788177897,1431.3582377147748,76.8997448525785,5.760800320060232,0.0022497177124023438,-86.71747777986093,-126.8222429290366,10.816787561718739,153.63528974181762,154.0156003371334
1748026281.2887466,1344.9570346502223,-50.156207616755175,16.5455302559445,1431.3582377147748,76.8997448525785,5.760800320060232,0.00041294097900390625,-86.40120306455242,-127.05595246933368,10.784729935884267,153.65019670957665,154.028222571974
1748026281.459977,1345.2728976198744,-50.40972577809628,16.51211235196786,1431.3581764199314,76.89974154888463,5.487202609860439,0.009975194931030273,-86.08527880005704,-127.30946732698092,11.024909742107422,153.68271111990174,154.07765682273595
1748026281.5367813,1345.566288305218,-50.659877786155185,16.473885672277543,1431.3581764199314,76.89974154888463,5.487202609860439,0.015958070755004883,-85.7918881147134,-127.55961933503983,10.986683062417104,153.72606984889637,154.11817464498395
1748026281.749321,1345.8123547927435,-50.87747873236409,16.431839497935183,1431.3581764199314,76.89974154888463,5.487202609860439,0.003782033920288086,-85.54582162718793,-127.77722028124873,10.944636888074744,153.76965116912186,154.15865430550835
1748026281.885985,1346.0408190437345,-51.079157716401646,16.383197952268695,1431.358029518838,77.32370330646445,5.260299311332092,0.002125978469848633,-85.3172104751036,-128.4028610228661,11.122898640936603,154.16329369246947,154.56403202649426
1748026282.0509503,1346.2836399282628,-51.27852718991664,16.327368238118837,1431.358029518838,77.32370330646445,5.260299311332092,0.0024526119232177734,-85.07438959057527,-128.60223049638108,11.067068926786744,154.19528349743163,154.59193209053169
1748026282.12908,1346.586176201903,-51.490209579775886,16.263945797953753,1431.358029518838,77.32370330646445,5.260299311332092,0.0019943714141845703,-84.771853316935,-128.81391288624033,11.00364648662166,154.20535421265973,154.59744986206724
1748026282.2901914,1346.8022542603303,-51.64975976918705,16.206468633699465,1431.9561535168953,77.32383779982229,5.17206103148958,0.0035223960876464844,-85.15389925656496,-128.97359756900934,11.034407602209885,154.54894185496704,154.94235566694374
1748026282.4387336,1346.9914269971848,-51.78890747451407,16.14751892871182,1431.9561535168953,77.32383779982229,5.17206103148958,0.0014438629150390625,-84.96472651971044,-129.11274527433636,10.975457897222238,154.56100978204321,154.9502062628461
1748026282.5871,1347.192399619417,-51.94172084323997,16.083389620614724,1431.9560244628392,77.74780049680479,5.0250603502651074,0.0016455650329589844,-84.76362484342212,-129.68952134004476,11.058329270349617,154.9330308294727,155.32717305178065
1748026282.652234,1347.3789348740395,-52.08241769230778,16.01280965816825,1431.9560244628392,77.74780049680479,5.0250603502651074,0.012935638427734375,-84.57708958879971,-129.83021818911257,10.987749307903144,154.94892590251933,155.33801940670466
1748026282.814057,1347.5355375274107,-52.21453425869773,15.934336251113908,1432.5540452010084,78.1718991328171,4.905414259631054,0.005051612854003906,-85.0185076735977,-130.38643339151483,11.028921991482854,155.65593037081987,156.04616554052117
1748026283.0712757,1347.6988217586083,-52.34910571937754,15.849689960890164,1432.5540452010084,78.1718991328171,4.905414259631054,0.005721092224121094,-84.85522344240007,-130.52100485219464,10.944275701259109,155.67961219468097,156.0638293254123
1748026283.1744933,1347.8478608787207,-52.45703194572834,15.757343659505471,1432.5540452010084,78.1718991328171,4.905414259631054,0.0020589828491210938,-84.70618432228775,-130.62893107854543,10.851929399874418,155.68896973506108,156.06671544203337
1748026283.2898822,1347.9631660976113,-52.55222181284582,15.658267052434526,1433.152088606606,78.59599906234982,4.8872771732081945,0.004679441452026367,-85.18892250899466,-131.14822087519565,10.770989879226331,156.3873663598585,156.75784694856907
1748026283.4604597,1348.0869362748317,-52.64291036719856,15.552288388524897,1433.152088606606,78.59599906234982,4.8872771732081945,0.0022706985473632812,-85.06515233177424,-131.23890942954839,10.665011215316703,156.39607248740347,156.75928665858362
1748026283.55563,1348.2104014420256,-52.729746781603914,15.448533085663836,1433.152088606606,78.59599906234982,4.8872771732081945,0.0036666393280029297,-84.94168716458034,-131.32574584395374,10.561255912455643,156.40185977102755,156.7580360501003
1748026283.713677,1348.3031129064987,-52.80310446653558,15.34882792437598,1433.750125600332,79.02009869669988,4.840941765612642,0.003149271011352539,-85.44701269383336,-131.82320316323546,10.507886158763338,157.09407649722434,157.44511596756917
1748026283.8428,1348.3889731133288,-52.86825738594609,15.250193051249903,1433.750125600332,79.02009869669988,4.840941765612642,0.004204988479614258,-85.36115248700321,-131.88835608264597,10.40925128563726,157.10208408576963,157.44655390455446
1748026283.9589636,1348.4462682337708,-52.923040439459065,15.14696476868352,1433.7500248154493,79.44406291571848,4.8206346931217015,0.004332542419433594,-85.3037565816785,-132.36710335517753,10.326330075561817,157.47311179241524,157.81132415139277
1748026284.1239247,1348.4925431985262,-52.95657428732678,15.050246084613445,1433.7500248154493,79.44406291571848,4.8206346931217015,0.002709627151489258,-85.25748161692309,-132.40063720304525,10.229611391491744,157.47624234605163,157.80814887911626
1748026284.2372396,1348.5260818845863,-53.000451926040846,14.933574419519944,1433.7500248154493,79.44406291571848,4.8206346931217015,0.002933502197265625,-85.2239429308629,-132.44451484175931,10.112939726398242,157.49498392124107,157.81933186483127
1748026284.3771534,1348.539242425395,-53.03983195145451,14.821080523137534,1434.348063855008,79.86816271592744,4.783996131568633,0.002450227737426758,-85.80882142961286,-132.90799466738196,10.0370843915689,158.2014187093277,158.519500203374
1748026284.5329037,1348.5537152271254,-53.075028297337546,14.71101299988335,1434.348063855008,79.86816271592744,4.783996131568633,0.0024154186248779297,-85.79434862788253,-132.943191013265,9.927016868314716,158.22314082735215,158.53424853064374
1748026284.664849,1348.567128320159,-53.10186060107758,14.599066466277128,1435.5442407636474,80.29239816735294,4.722923494826372,0.0017704963684082031,-86.9771124434883,-133.39425876843052,9.876142971450756,159.24523968202695,159.55119730474837
1748026284.8336802,1348.56376335282,-53.11270462118099,14.488293856926724,1435.5442407636474,80.29239816735294,4.722923494826372,0.0023355484008789062,-86.98047741082746,-133.40510278853392,9.765370362100352,159.25616126428127,159.55527994693173
1748026285.0148263,1348.5831012502126,-53.118047184301155,14.381284926567668,1435.5441378521482,80.7163622617564,4.693712834709409,0.002248048782348633,-86.96103660193558,-133.83440944605755,9.687572091858259,159.60536030678344,159.89909346738995
1748026285.1395843,1348.5800272686681,-53.11419579954525,14.246827655683768,1435.5441378521482,80.7163622617564,4.693712834709409,0.0027735233306884766,-86.96411058348008,-133.83055806130164,9.55311482097436,159.60380572083858,159.88945182018077
1748026285.3164089,1348.5716076810554,-53.10871796431265,14.131906597879317,1436.1421832600806,81.1404625953335,4.686576888882099,0.004912376403808594,-87.57057557902522,-134.24918055964616,9.445329708997217,160.28552083135347,160.5635775681705
1748026285.4565854,1348.5806266979205,-53.098910359081195,14.01728411058889,1436.1421832600806,81.1404625953335,4.686576888882099,0.002330303192138672,-87.56155656216015,-134.2393729544147,9.33070722170679,160.2723789016149,160.54375583011637
1748026285.596204,1348.565731087282,-53.096458345415776,13.905981987703267,1436.1421832600806,81.1404625953335,4.686576888882099,0.0006661415100097656,-87.57645217279855,-134.2369209407493,9.219405098821168,160.2784636775242,160.54340020444198
1748026285.8178198,1348.5395489964526,-53.08590127106711,13.789629489191803,1436.7403317608832,81.14059890445805,4.7094374020822,0.0018568038940429688,-88.20078276443064,-134.22650017552516,9.080192087109603,160.61174125707169,160.86821102370521
1748026285.9656818,1348.5072612634017,-53.058174711582915,13.674132194746052,1436.7403317608832,81.14059890445805,4.7094374020822,0.002221822738647461,-88.23307049748155,-134.19877361604097,8.964694792663852,160.6063061323028,160.8563064420807
1748026286.265782,1348.4598376042645,-53.05586535571194,13.555305047992087,1437.9365057103469,81.56483464855927,4.637164281047491,0.0006921291351318359,-89.47666810608234,-134.6207000042712,8.918140766944596,161.6440750692892,161.8899015990344
1748026286.421704,1348.4138450685473,-53.055250581622765,13.437287792439973,1438.5345511840476,81.98893522071876,4.631424233618353,0.002079010009765625,-90.1207061155003,-135.04418580234153,8.80586355882162,162.3535456643116,162.59218007884112
1748026286.5765622,1348.3589116662952,-53.02676446344133,13.32576219481674,1438.5345511840476,81.98893522071876,4.631424233618353,0.004651546478271484,-90.17563951775242,-135.0156996841601,8.694337961198386,162.36035576346507,162.59297843456363
1748026286.7337651,1348.2962354068432,-53.01208157068995,13.213706515204263,1439.1327111647847,81.98907242087324,4.70559219909476,0.0008218288421630859,-90.83647575794157,-135.0011539915632,8.508114316109504,162.71624659872433,162.93853109805812
1748026286.8770852,1348.2300622136852,-52.97032367140502,13.085598377153373,1439.1327111647847,81.98907242087324,4.70559219909476,0.001983165740966797,-90.90264895109954,-134.95939609227827,8.380006178058613,162.7185612642863,162.93420354076548
1748026287.0087826,1348.1963583889478,-52.91736141460989,12.941248344252276,1439.7307666410993,82.41317369349383,4.744750997801856,0.0043489933013916016,-91.53440825215148,-135.33053510810373,8.196497346450421,163.37962427033926,163.58509771818336
1748026287.1457136,1348.1654559850758,-52.86736912401266,12.807445369257795,1439.7307666410993,82.41317369349383,4.744750997801856,0.0023386478424072266,-91.56531065602348,-135.2805428175065,8.06269437145594,163.3555367305721,163.55438979452921
1748026287.3536916,1348.1192790777934,-52.815222894836914,12.691798102435827,1439.7307666410993,82.41317369349383,4.744750997801856,0.0007393360137939453,-91.6114875633059,-135.22839658833075,7.947047104633971,163.33824995209363,163.53146319621766
1748026287.4187078,1348.07561063364,-52.74179826126848,12.530284648380274,1440.328905978937,82.41330982683267,4.7274195252782905,0.0005953311920166016,-92.25329534529692,-135.15510808810114,7.802865123101983,163.63854602254594,163.824474510075
1748026287.5862298,1348.029890246864,-52.684593464141834,12.39135089596715,1440.328905978937,82.41330982683267,4.7274195252782905,0.008951902389526367,-92.29901573207303,-135.0979032909745,7.66393137068886,163.617088895772,163.79648232725145
1748026287.7578318,1347.9806592678055,-52.62411765913145,12.24982748152324,1440.328905978937,82.41330982683267,4.7274195252782905,0.0021507740020751953,-92.34824671113142,-135.03742748596412,7.52240795624495,163.5949433590385,163.76779938103581
1748026287.9059148,1347.9365853233312,-52.58441638247202,12.106544519809656,1442.1232467927243,82.8376841593965,4.762302836273918,0.002673625946044922,-94.18666146939313,-135.42210054186853,7.3442416835357385,164.95536521714598,165.1187766422347
1748026288.0681224,1347.8840962691709,-52.54404344841188,11.970422273273568,1442.1232467927243,82.8376841593965,4.762302836273918,0.005064487457275391,-94.23915052355346,-135.3817276078084,7.208119436999651,164.9522041728324,165.10962009311828
1748026288.259053,1347.8296369109482,-52.4954384520206,11.822244589574204,1442.721401192963,82.8378213888454,4.811873299625663,0.000701904296875,-94.89176428201472,-135.333259840866,7.010371289948541,165.2862309683078,165.43483143924598
1748026288.39108,1347.7697334526429,-52.459657354930094,11.673786205798208,1442.721401192963,82.8378213888454,4.811873299625663,0.009046077728271484,-94.95166774032009,-135.29747874377549,6.861912906172545,165.29133964334164,165.43371122544045
1748026288.4735322,1347.7115296544275,-52.42393831060317,11.52681829408672,1443.3195476257365,82.83795821571553,4.826134868569564,0.0022706985473632812,-95.60801797130898,-135.2618965263187,6.7006834255171555,165.6401936496655,165.77567044252208
1748026288.6028304,1347.644025867873,-52.383863378585026,11.37668285859767,1443.3195476257365,82.83795821571553,4.826134868569564,0.0022521018981933594,-95.67552175786341,-135.22182159430056,6.550547990028106,165.64645030582528,165.7759215866101
1748026288.7895184,1347.6017808119034,-52.33949614801539,11.227549010965571,1443.917686874907,82.83809468487613,4.808597067110879,0.0021562576293945312,-96.3159060630037,-135.17759083289152,6.418951943854692,165.9811279155615,166.10520090647225
1748026288.9051335,1347.5638259228867,-52.290467442380724,11.0757184658668,1443.917686874907,82.83809468487613,4.808597067110879,0.006929636001586914,-96.35386095202034,-135.12856212725686,6.26712139875592,165.96323334685061,166.08152104785145
1748026289.049952,1347.5231174800097,-52.23946563240414,10.92016597060212,1443.917686874907,82.83809468487613,4.808597067110879,0.001354217529296875,-96.39456939489742,-135.07756031728027,6.111568903491241,165.94535338507126,166.0578561362223
1748026289.2058637,1347.5039980813754,-52.18842036184497,10.769643409455446,1445.114065341391,82.41440349507101,4.786733255670533,0.002384185791015625,-97.61006726001574,-134.602823856916,5.982910153784913,166.26979707920722,166.37740421904957
1748026289.3617609,1347.4796425081213,-52.14021595683186,10.616669677383694,1445.114065341391,82.41440349507101,4.786733255670533,0.0014674663543701172,-97.63442283326981,-134.55461945190288,5.829936421713161,166.2450785371769,166.34727018052726
1748026289.523883,1347.4429615649528,-52.09954850622184,10.46409546827968,1445.7122014778815,82.41453995526658,4.755302159359357,0.0032494068145751953,-98.2692399129287,-134.51408846148843,5.708793308920323,166.5859643177956,166.68375394360976
1748026289.634901,1347.4075283557559,-52.062945141621775,10.297708638366805,1445.7122014778815,82.41453995526658,4.755302159359357,0.0006394386291503906,-98.30467312212568,-134.47748509688836,5.542406479007448,166.57731765048868,166.66949638494248
1748026289.8043282,1347.377752487333,-52.03624697992657,10.14460812220632,1446.310450888028,81.99071292839803,4.795470692947062,0.0012214183807373047,-98.93269840069502,-134.02695990832459,5.349137429259257,166.5860282109833,166.67188745060648
1748026289.991289,1347.3519379556787,-52.01210461212772,9.99121786458652,1446.310450888028,81.99071292839803,4.795470692947062,0.007802009582519531,-98.95851293234932,-134.00281754052574,5.195747171639458,166.58193896872908,166.66294782960304
1748026290.2172153,1347.3294589142458,-51.9890839271193,9.820312774191114,1447.506863060249,81.56702408502258,4.921006275860528,0.0024099349975585938,-100.17740414600325,-133.5561080121419,4.899306498330586,166.95132910157554,167.02320046313076
1748026290.4387853,1347.295835822129,-51.95668991327374,9.662541281930114,1447.506863060249,81.56702408502258,4.921006275860528,0.0009303092956542969,-100.2110272381201,-133.52371399829633,4.741535006069586,166.94559646788557,167.01291666883694
1748026290.5959642,1347.2751766899519,-51.937730485988475,9.50976589904633,1448.1050971033098,81.1431963348183,4.892372708498971,0.0027413368225097656,-100.82992041335797,-133.08092682080678,4.617393190547359,166.9646846912515,167.0285192831606
1748026290.6636477,1347.2568157350456,-51.93585906271178,9.351831246655957,1448.1050971033098,81.1431963348183,4.892372708498971,0.008609533309936523,-100.84828136826422,-133.07905539753008,4.459458538156985,166.97428197309748,167.0338217574064
1748026290.8236127,1347.2121013581066,-51.89207997975367,9.169299903677231,1448.7032283887877,81.14333280573983,4.839037340684187,0.003922224044799805,-101.49112703068113,-133.0354127854935,4.3302625629930445,167.32862851575788,167.38465011711486
1748026291.0384564,1347.1669009774114,-51.86299457060121,8.968770461486349,1448.7032283887877,81.14333280573983,4.839037340684187,0.007627964019775391,-101.5363274113763,-133.00632737634103,4.129733120802162,167.33292833848517,167.38388095029242
1748026291.1864114,1347.144291947046,-51.86290027794251,8.79628515328876,1449.8997001481966,80.29567779881458,4.796677675163808,0.0015797615051269531,-102.75540820115066,-132.1585780767571,3.999607478124952,167.40538723068443,167.45315922321225
1748026291.3382998,1347.1216020606807,-51.863198283074404,8.619556734442895,1449.8997001481966,80.29567779881458,4.796677675163808,0.009693145751953125,-102.7780980875159,-132.158876081889,3.822879059279087,167.41955075114475,167.46319111379972
1748026291.5499332,1347.1027077558342,-51.87900571264861,8.447148173276481,1450.498038977108,79.4478862182877,4.799650031500924,0.0007750988006591797,-103.39533122127386,-131.3268919309363,3.647498141775557,167.1446890050556,167.18448284841213
1748026291.668052,1347.086302270803,-51.91202465792036,8.296108804151014,1450.498038977108,79.4478862182877,4.799650031500924,0.001821756362915039,-103.41173670630519,-131.35991087620806,3.49645877265009,167.18078081531834,167.21733970485343
